Iteration,Best_Fitness,Stagnation_Counter,Total_Load_Shed,Gen_Deviation_Sum,Gen_Rescheduling_Cost,Num_Line_Violations,Max_Line_Violation_Pct,Prob_OOA,Prob_KHA,Prob_SHO,B_1,B_2,B_3,B_4,B_5,B_6,B_7,B_8,B_9,B_10,B_11,B_12,B_13,B_14
0,415039702295.5472,0,40.08005629333464,41.499962220461285,346.10968491864713,0,0.0,0.3333333333333333,0.3333333333333333,0.3333333333333333,194.20999074310203,62.00995296356331,-180.31528344135086,-1.320213133447197,-0.9218131420231005,-11.197714564464125,0.0,0.0,-26.27900886879142,-7.708152419266544,-3.0994579294623756,-6.1,-5.085731188489974,-14.192569019369758
1,406120346373.88055,0,33.91299578463683,40.60864333442083,338.67608540906974,0,0.0,0.36666666666666664,0.31666666666666665,0.31666666666666665,197.73918044047113,64.64782377489196,-185.96280712187036,-1.2931688180509782,-0.9384986970937078,-10.890805612696369,0.0,0.0,-26.941461308004435,-7.832214786200739,-3.165580729124754,-6.079184698548924,-5.099696299509742,-14.183586144263153
2,372187733393.60156,0,36.97622903967152,37.21507571334945,310.3737314493344,0,0.0,0.3983333333333334,0.30083333333333334,0.30083333333333334,197.90434762348949,61.41942333683893,-183.07546969268336,-1.2622806176271186,-0.9035749621647895,-10.703224362764926,0.0,0.0,-27.391546387322943,-7.719877589150727,-2.9626961121723174,-6.1,-5.011569343997768,-14.193531892444517
3,372187733393.60156,1,36.97622903967152,37.21507571334945,310.3737314493344,0,0.0,0.42841666666666667,0.28579166666666667,0.28579166666666667,197.90434762348949,61.41942333683893,-183.07546969268336,-1.2622806176271186,-0.9035749621647895,-10.703224362764926,0.0,0.0,-27.391546387322943,-7.719877589150727,-2.9626961121723174,-6.1,-5.011569343997768,-14.193531892444517
4,366018265014.8944,0,34.97754207408714,36.59832874422673,305.2300617268509,0,0.0,0.4569958333333333,0.2715020833333333,0.2715020833333333,199.21206459084308,62.11039333506981,-184.0204860021243,-1.296681486115548,-0.9161733497719545,-11.2,0.0,0.0,-27.58992924497929,-7.84666727403736,-3.0423296061150586,-6.055422305037482,-4.972545356594531,-14.382223301137328
5,357016813772.5454,0,34.233118033149665,35.692764692048385,297.6776575316835,0,0.0,0.4841460416666667,0.2579269791666667,0.2579269791666667,200.0,61.99276469204838,-184.79840214635223,-1.2982984594977431,-0.9444172363538877,-11.1780387103955,0.0,0.0,-27.70375776196809,-7.683005377018652,-2.9704342443762872,-6.060160634238734,-4.958516013013999,-14.471851383635203
6,356985122214.6723,0,34.3737983635565,35.6950748386519,297.69692415435685,0,0.0,0.5099387395833334,0.24503063020833332,0.24503063020833332,199.9655633988958,61.96063823754769,-184.79723685925865,-1.1659549976299357,-0.9395814047421247,-11.179453080592154,0.0,0.0,-27.701356605143662,-7.685230346675675,-2.9671533585829177,-6.061505074684935,-4.954027287855422,-14.474702621278006
7,350852973313.09436,0,35.081789149466616,35.081789149466665,292.58212150655197,0,0.0,0.5287308468932109,0.23849005440887236,0.23277909869791666,199.974708429413,61.24350242112033,-184.20251270963067,-1.2830760226336608,-0.9387092567439133,-11.180564462603456,0.0,0.0,-27.781744696865452,-7.480757249171749,-3.106848714395229,-6.0529310597221055,-4.870293413247562,-14.320773265519582
8,350852973313.09436,1,35.081789149466616,35.081789149466665,292.58212150655197,0,0.0,0.542277132253187,0.2365827239837922,0.22114014376302082,199.974708429413,61.24350242112033,-184.20251270963067,-1.2830760226336608,-0.9387092567439133,-11.180564462603456,0.0,0.0,-27.781744696865452,-7.480757249171749,-3.106848714395229,-6.0529310597221055,-4.870293413247562,-14.320773265519582
9,350298692015.574,0,34.85979404104468,35.00922799119217,291.97696144654265,0,0.0,0.554969595722077,0.23494726770305313,0.21008313657486977,200.0,61.30922799119217,-184.4024437255996,-1.2760844733181,-0.939034313015032,-11.182464598265634,0.0,0.0,-27.817466580360364,-7.502383054037963,-3.107496751320615,-6.05120856533319,-4.833975024324543,-14.327648873380271
10,350298692015.574,1,34.85979404104468,35.00922799119217,291.97696144654265,0,0.0,0.5671161290593328,0.2333048911945409,0.1995789797461263,200.0,61.30922799119217,-184.4024437255996,-1.2760844733181,-0.939034313015032,-11.182464598265634,0.0,0.0,-27.817466580360364,-7.502383054037963,-3.107496751320615,-6.05120856533319,-4.833975024324543,-14.327648873380271
11,350298692015.574,2,34.85979404104468,35.00922799119217,291.97696144654265,0,0.0,0.577912035493805,0.232487933747375,0.18960003075881995,200.0,61.30922799119217,-184.4024437255996,-1.2760844733181,-0.939034313015032,-11.182464598265634,0.0,0.0,-27.817466580360364,-7.502383054037963,-3.107496751320615,-6.05120856533319,-4.833975024324543,-14.327648873380271
12,350298692015.574,3,34.85979404104468,35.00922799119217,291.97696144654265,0,0.0,0.587770233111212,0.23210973766790904,0.18012002922087897,200.0,61.30922799119217,-184.4024437255996,-1.2760844733181,-0.939034313015032,-11.182464598265634,0.0,0.0,-27.817466580360364,-7.502383054037963,-3.107496751320615,-6.05120856533319,-4.833975024324543,-14.327648873380271
13,350130738841.3541,0,34.971464453113164,35.00822536977463,291.96859958392037,0,0.0,0.5972126191592004,0.2316733530809645,0.171114027759835,200.0,61.29177463022537,-184.2248962754241,-1.3662582426860719,-0.9358839322498896,-11.178911821145665,0.0,0.0,-27.862872345041207,-7.600578317680204,-3.065902714742511,-6.041323129267305,-4.795171875587365,-14.256736893062504
14,350070767939.7631,0,34.99956494997127,35.003576834560015,291.92983080023055,0,0.0,0.6062582871670819,0.2311833864610749,0.16255832637184328,199.99842910773435,61.302005942294365,-184.20619007638484,-1.3330789492398625,-0.9337655596186555,-11.175260167037079,0.0,0.0,-27.866869284186027,-7.608234547297967,-3.0827644940612826,-6.049217775483515,-4.796964479476287,-14.2480897172432
15,350050314029.93475,0,35.001531246947636,35.00153124694765,291.91277059954336,0,0.0,0.6118070987475489,0.23376249119919995,0.15443041005325112,199.9985280954124,61.29994065763994,-184.20345950895097,-1.33349029213266,-0.9335587092291999,-11.175216339027408,0.0,0.0,-27.867123000325055,-7.606281243788214,-3.0823998311544325,-6.049105073465607,-4.796894549737373,-14.250940205241431
16,350050314029.93475,1,35.001531246947636,35.00153124694765,291.91277059954336,0,0.0,0.6183397136477585,0.23495139680165295,0.14670888955058858,199.9985280954124,61.29994065763994,-184.20345950895097,-1.33349029213266,-0.9335587092291999,-11.175216339027408,0.0,0.0,-27.867123000325055,-7.606281243788214,-3.0823998311544325,-6.049105073465607,-4.796894549737373,-14.250940205241431
17,350043443768.2925,0,35.00084428947922,35.00084428947923,291.9070413742568,0,0.0,0.6241803523634444,0.23644620256349647,0.13937344507305915,199.9996643490654,61.29949136145537,-184.20448767832482,-1.3333888043625204,-0.9335648236958636,-11.175257691003265,0.0,0.0,-27.866987066902976,-7.606019047694308,-3.0824270064415593,-6.049104732727706,-4.796907560644846,-14.251011298722903
18,350040088508.59515,0,34.996894945510476,35.00050238455312,291.904189887173,0,0.0,0.6308218020349918,0.23677342514560204,0.1324047728194062,200.0,61.30050238455312,-184.17884823059725,-1.3259290713778245,-0.9343513308633927,-11.173983433165027,0.0,0.0,-27.878000516181753,-7.640398721103527,-3.078561239425822,-6.048405556423723,-4.80242475872454,-14.242202196626643
19,350040088508.59515,1,34.996894945510476,35.00050238455312,291.904189887173,0,0.0,0.6343316406330625,0.23988382518850168,0.1257845341784359,200.0,61.30050238455312,-184.17884823059725,-1.3259290713778245,-0.9343513308633927,-11.173983433165027,0.0,0.0,-27.878000516181753,-7.640398721103527,-3.078561239425822,-6.048405556423723,-4.80242475872454,-14.242202196626643
20,350035398499.9814,0,34.999544119812356,35.00003971947542,291.90033126042493,0,0.0,0.637289936859788,0.2432147556706979,0.1194953074695141,200.0,61.300039719475414,-184.18353648443676,-1.3283268419626932,-0.9341584355024969,-11.174419594166922,0.0,0.0,-27.875520837566157,-7.628091150145263,-3.0800334244547334,-6.04870759079162,-4.800338617831076,-14.247322903329911
21,350035398499.9814,1,34.999544119812356,35.00003971947542,291.90033126042493,0,0.0,0.6402184336473719,0.24626102425658977,0.1135205420960384,200.0,61.300039719475414,-184.18353648443676,-1.3283268419626932,-0.9341584355024969,-11.174419594166922,0.0,0.0,-27.875520837566157,-7.628091150145263,-3.0800334244547334,-6.04870759079162,-4.800338617831076,-14.247322903329911
22,350035398499.9814,2,34.999544119812356,35.00003971947542,291.90033126042493,0,0.0,0.643055614826468,0.2490998701822955,0.10784451499123647,200.0,61.300039719475414,-184.18353648443676,-1.3283268419626932,-0.9341584355024969,-11.174419594166922,0.0,0.0,-27.875520837566157,-7.628091150145263,-3.0800334244547334,-6.04870759079162,-4.800338617831076,-14.247322903329911
23,350035398499.9814,3,34.999544119812356,35.00003971947542,291.90033126042493,0,0.0,0.6455089093604683,0.252038801397857,0.10245228924167464,200.0,61.300039719475414,-184.18353648443676,-1.3283268419626932,-0.9341584355024969,-11.174419594166922,0.0,0.0,-27.875520837566157,-7.628091150145263,-3.0800334244547334,-6.04870759079162,-4.800338617831076,-14.247322903329911
24,350035398499.9814,4,34.999544119812356,35.00003971947542,291.90033126042493,0,0.0,0.6478328395428091,0.25483748567759995,0.09732967477959091,200.0,61.300039719475414,-184.18353648443676,-1.3283268419626932,-0.9341584355024969,-11.174419594166922,0.0,0.0,-27.875520837566157,-7.628091150145263,-3.0800334244547334,-6.04870759079162,-4.800338617831076,-14.247322903329911
25,350035398499.9814,5,34.999544119812356,35.00003971947542,291.90033126042493,0,0.0,0.649921268819287,0.2576155401401016,0.09246319104061136,200.0,61.300039719475414,-184.18353648443676,-1.3283268419626932,-0.9341584355024969,-11.174419594166922,0.0,0.0,-27.875520837566157,-7.628091150145263,-3.0800334244547334,-6.04870759079162,-4.800338617831076,-14.247322903329911
26,350035398499.9814,6,34.999544119812356,35.00003971947542,291.90033126042493,0,0.0,0.652073212163734,0.26008675634768513,0.08784003148858079,200.0,61.300039719475414,-184.18353648443676,-1.3283268419626932,-0.9341584355024969,-11.174419594166922,0.0,0.0,-27.875520837566157,-7.628091150145263,-3.0800334244547334,-6.04870759079162,-4.800338617831076,-14.247322903329911
27,350035398499.9814,7,34.999544119812356,35.00003971947542,291.90033126042493,0,0.0,0.6541665521676674,0.26238541791818093,0.08344802991415176,200.0,61.300039719475414,-184.18353648443676,-1.3283268419626932,-0.9341584355024969,-11.174419594166922,0.0,0.0,-27.875520837566157,-7.628091150145263,-3.0800334244547334,-6.04870759079162,-4.800338617831076,-14.247322903329911
28,350035398499.9814,8,34.999544119812356,35.00003971947542,291.90033126042493,0,0.0,0.6560766313955476,0.26464774018600823,0.07927562841844417,200.0,61.300039719475414,-184.18353648443676,-1.3283268419626932,-0.9341584355024969,-11.174419594166922,0.0,0.0,-27.875520837566157,-7.628091150145263,-3.0800334244547334,-6.04870759079162,-4.800338617831076,-14.247322903329911
29,350035378272.20917,9,34.999916922473005,35.00003783056038,291.90031550687354,0,0.0,0.6577100744509363,0.26697807855154176,0.07531184699752196,200.0,61.30003783056038,-184.18248620483908,-1.3284454663683938,-0.9341949752459237,-11.174751277552089,0.0,0.0,-27.875700975653267,-7.628206587785625,-3.0800753442530047,-6.0488949899694155,-4.800232243236122,-14.247095012624058
30,350035116145.3466,10,35.00001161045258,35.00001161045261,291.9000968311748,0,0.0,0.6599753421168888,0.26847840323546535,0.07154625464764586,199.999992017597,61.29999637195038,-184.182750950165,-1.328298067016882,-0.9335438803885006,-11.175091343349132,0.0,0.0,-27.875863159581616,-7.628357167764627,-3.0804993566130845,-6.048926616960164,-4.8000912043531505,-14.246566643355246
31,350035108828.2238,11,34.999999456837635,35.000010879955695,291.9000907388305,0,0.0,0.6632051554229293,0.26882590266180717,0.06796894191526358,199.99999220637739,61.30000308633308,-184.18276774386433,-1.3282985488535908,-0.9335561932744295,-11.175073185073865,0.0,0.0,-27.875854446341158,-7.6283585659410225,-3.080486522309172,-6.048922283411589,-4.800097822002169,-14.246585232091025
32,350035053138.66437,12,35.00000604072719,35.000005310341365,291.900044288247,0,0.0,0.6667613592803711,0.2686681459001286,0.06457049481950039,199.99999621462433,61.2999984750343,-184.1828416476264,-1.328319168103606,-0.9335442405109887,-11.175078307497632,0.0,0.0,-27.87581229633997,-7.6282558968090886,-3.0804955120012396,-6.048922255786971,-4.800115615587579,-14.246609019009323
33,350035009282.0329,0,34.999964071635006,35.00000092765007,291.90000773660154,0,0.0,0.6713434458559532,0.26731458406552144,0.06134197007852537,200.0,61.30000092765007,-184.18184636223998,-1.3278218287481824,-0.9338642526263474,-11.17453307329809,0.0,0.0,-27.876033882449264,-7.62925963271698,-3.0807064952080023,-6.049003343594584,-4.800239624159008,-14.246727433324548
34,350035009282.0329,1,34.999964071635006,35.00000092765007,291.90000773660154,0,0.0,0.6761563877401299,0.2655687406852711,0.0582748715745991,200.0,61.30000092765007,-184.18184636223998,-1.3278218287481824,-0.9338642526263474,-11.17453307329809,0.0,0.0,-27.876033882449264,-7.62925963271698,-3.0807064952080023,-6.049003343594584,-4.800239624159008,-14.246727433324548
35,350035009282.0329,2,34.999964071635006,35.00000092765007,291.90000773660154,0,0.0,0.6807169043789715,0.2639219676251594,0.05536112799586915,200.0,61.30000092765007,-184.18184636223998,-1.3278218287481824,-0.9338642526263474,-11.17453307329809,0.0,0.0,-27.876033882449264,-7.62925963271698,-3.0807064952080023,-6.049003343594584,-4.800239624159008,-14.246727433324548
36,350035009282.0329,3,34.999964071635006,35.00000092765007,291.90000773660154,0,0.0,0.6849942040680533,0.26241272433587093,0.05259307159607569,200.0,61.30000092765007,-184.18184636223998,-1.3278218287481824,-0.9338642526263474,-11.17453307329809,0.0,0.0,-27.876033882449264,-7.62925963271698,-3.0807064952080023,-6.049003343594584,-4.800239624159008,-14.246727433324548
37,350035009282.0329,4,34.999964071635006,35.00000092765007,291.90000773660154,0,0.0,0.6889624453824493,0.2610741366012788,0.04996341801627191,200.0,61.30000092765007,-184.18184636223998,-1.3278218287481824,-0.9338642526263474,-11.17453307329809,0.0,0.0,-27.876033882449264,-7.62925963271698,-3.0807064952080023,-6.049003343594584,-4.800239624159008,-14.246727433324548
38,350035009282.0329,5,34.999964071635006,35.00000092765007,291.90000773660154,0,0.0,0.6927527309049847,0.259782021979557,0.04746524711545831,200.0,61.30000092765007,-184.18184636223998,-1.3278218287481824,-0.9338642526263474,-11.17453307329809,0.0,0.0,-27.876033882449264,-7.62925963271698,-3.0807064952080023,-6.049003343594584,-4.800239624159008,-14.246727433324548
39,350035009282.0329,6,34.999964071635006,35.00000092765007,291.90000773660154,0,0.0,0.6962903520916942,0.25861766314862045,0.0450919847596854,200.0,61.30000092765007,-184.18184636223998,-1.3278218287481824,-0.9338642526263474,-11.17453307329809,0.0,0.0,-27.876033882449264,-7.62925963271698,-3.0807064952080023,-6.049003343594584,-4.800239624159008,-14.246727433324548
40,350035009282.0329,7,34.999964071635006,35.00000092765007,291.90000773660154,0,0.0,0.6996231648765113,0.25753944960178754,0.042837385521701125,200.0,61.30000092765007,-184.18184636223998,-1.3278218287481824,-0.9338642526263474,-11.17453307329809,0.0,0.0,-27.876033882449264,-7.62925963271698,-3.0807064952080023,-6.049003343594584,-4.800239624159008,-14.246727433324548
41,350035009282.0329,8,34.999964071635006,35.00000092765007,291.90000773660154,0,0.0,0.7026286365972945,0.2566758471570894,0.04069551624561607,200.0,61.30000092765007,-184.18184636223998,-1.3278218287481824,-0.9338642526263474,-11.17453307329809,0.0,0.0,-27.876033882449264,-7.62925963271698,-3.0807064952080023,-6.049003343594584,-4.800239624159008,-14.246727433324548
42,350035009282.0329,9,34.999964071635006,35.00000092765007,291.90000773660154,0,0.0,0.7052966638091609,0.25604259575750393,0.03866074043333527,200.0,61.30000092765007,-184.18184636223998,-1.3278218287481824,-0.9338642526263474,-11.17453307329809,0.0,0.0,-27.876033882449264,-7.62925963271698,-3.0807064952080023,-6.049003343594584,-4.800239624159008,-14.246727433324548
43,350035009282.0329,10,34.999964071635006,35.00000092765007,291.90000773660154,0,0.0,0.7077607337714308,0.2555115628169008,0.036727703411668505,200.0,61.30000092765007,-184.18184636223998,-1.3278218287481824,-0.9338642526263474,-11.17453307329809,0.0,0.0,-27.876033882449264,-7.62925963271698,-3.0807064952080023,-6.049003343594584,-4.800239624159008,-14.246727433324548
44,350035009282.0329,11,34.999964071635006,35.00000092765007,291.90000773660154,0,0.0,0.7099652896754518,0.25514339208346315,0.03489131824108508,200.0,61.30000092765007,-184.18184636223998,-1.3278218287481824,-0.9338642526263474,-11.17453307329809,0.0,0.0,-27.876033882449264,-7.62925963271698,-3.0807064952080023,-6.049003343594584,-4.800239624159008,-14.246727433324548
45,350035009282.0329,12,34.999964071635006,35.00000092765007,291.90000773660154,0,0.0,0.7120347881118093,0.2548184595591599,0.033146752329030825,200.0,61.30000092765007,-184.18184636223998,-1.3278218287481824,-0.9338642526263474,-11.17453307329809,0.0,0.0,-27.876033882449264,-7.62925963271698,-3.0807064952080023,-6.049003343594584,-4.800239624159008,-14.246727433324548
46,350035009282.0329,13,34.999964071635006,35.00000092765007,291.90000773660154,0,0.0,0.7139463136513904,0.2545642716360303,0.03148941471257928,200.0,61.30000092765007,-184.18184636223998,-1.3278218287481824,-0.9338642526263474,-11.17453307329809,0.0,0.0,-27.876033882449264,-7.62925963271698,-3.0807064952080023,-6.049003343594584,-4.800239624159008,-14.246727433324548
47,350035009282.0329,14,34.999964071635006,35.00000092765007,291.90000773660154,0,0.0,0.7156753411230671,0.2544097148999827,0.02991494397695032,200.0,61.30000092765007,-184.18184636223998,-1.3278218287481824,-0.9338642526263474,-11.17453307329809,0.0,0.0,-27.876033882449264,-7.62925963271698,-3.0807064952080023,-6.049003343594584,-4.800239624159008,-14.246727433324548
48,350035009282.0329,15,34.999964071635006,35.00000092765007,291.90000773660154,0,0.0,0.7172105997865525,0.25437020343534467,0.0284191967781028,200.0,61.30000092765007,-184.18184636223998,-1.3278218287481824,-0.9338642526263474,-11.17453307329809,0.0,0.0,-27.876033882449264,-7.62925963271698,-3.0807064952080023,-6.049003343594584,-4.800239624159008,-14.246727433324548
49,350035009282.0329,16,34.999964071635006,35.00000092765007,291.90000773660154,0,0.0,0.7185953086879701,0.2544064543728324,0.026998236939197662,200.0,61.30000092765007,-184.18184636223998,-1.3278218287481824,-0.9338642526263474,-11.17453307329809,0.0,0.0,-27.876033882449264,-7.62925963271698,-3.0807064952080023,-6.049003343594584,-4.800239624159008,-14.246727433324548
50,350035009282.0329,17,34.999964071635006,35.00000092765007,291.90000773660154,0,0.0,0.7199988765869049,0.25435279832085744,0.02564832509223778,200.0,61.30000092765007,-184.18184636223998,-1.3278218287481824,-0.9338642526263474,-11.17453307329809,0.0,0.0,-27.876033882449264,-7.62925963271698,-3.0807064952080023,-6.049003343594584,-4.800239624159008,-14.246727433324548
51,350035009282.0329,18,34.999964071635006,35.00000092765007,291.90000773660154,0,0.0,0.7212210661335392,0.254413025028835,0.02436590883762589,200.0,61.30000092765007,-184.18184636223998,-1.3278218287481824,-0.9338642526263474,-11.17453307329809,0.0,0.0,-27.876033882449264,-7.62925963271698,-3.0807064952080023,-6.049003343594584,-4.800239624159008,-14.246727433324548
52,350035009282.0329,19,34.999964071635006,35.00000092765007,291.90000773660154,0,0.0,0.7223742314300567,0.25447815517419875,0.023147613395744594,200.0,61.30000092765007,-184.18184636223998,-1.3278218287481824,-0.9338642526263474,-11.17453307329809,0.0,0.0,-27.876033882449264,-7.62925963271698,-3.0807064952080023,-6.049003343594584,-4.800239624159008,-14.246727433324548
53,350035009282.0329,20,34.999964071635006,35.00000092765007,291.90000773660154,0,0.0,0.7233840802896547,0.2546256869843879,0.021990232725957362,200.0,61.30000092765007,-184.18184636223998,-1.3278218287481824,-0.9338642526263474,-11.17453307329809,0.0,0.0,-27.876033882449264,-7.62925963271698,-3.0807064952080023,-6.049003343594584,-4.800239624159008,-14.246727433324548
54,350035009282.0329,21,34.999964071635006,35.00000092765007,291.90000773660154,0,0.0,0.7243104311587523,0.25479884775158823,0.020890721089659493,200.0,61.30000092765007,-184.18184636223998,-1.3278218287481824,-0.9338642526263474,-11.17453307329809,0.0,0.0,-27.876033882449264,-7.62925963271698,-3.0807064952080023,-6.049003343594584,-4.800239624159008,-14.246727433324548
55,350035009282.0329,22,34.999964071635006,35.00000092765007,291.90000773660154,0,0.0,0.7252098385107673,0.2549439764540562,0.019846185035176517,200.0,61.30000092765007,-184.18184636223998,-1.3278218287481824,-0.9338642526263474,-11.17453307329809,0.0,0.0,-27.876033882449264,-7.62925963271698,-3.0807064952080023,-6.049003343594584,-4.800239624159008,-14.246727433324548
56,350035009282.0329,23,34.999964071635006,35.00000092765007,291.90000773660154,0,0.0,0.7259607234813783,0.25518540073520407,0.018853875783417694,200.0,61.30000092765007,-184.18184636223998,-1.3278218287481824,-0.9338642526263474,-11.17453307329809,0.0,0.0,-27.876033882449264,-7.62925963271698,-3.0807064952080023,-6.049003343594584,-4.800239624159008,-14.246727433324548
57,350035009282.0329,24,34.999964071635006,35.00000092765007,291.90000773660154,0,0.0,0.7266838422529927,0.2554049757527606,0.017911181994246808,200.0,61.30000092765007,-184.18184636223998,-1.3278218287481824,-0.9338642526263474,-11.17453307329809,0.0,0.0,-27.876033882449264,-7.62925963271698,-3.0807064952080023,-6.049003343594584,-4.800239624159008,-14.246727433324548
58,350035009282.0329,25,34.999964071635006,35.00000092765007,291.90000773660154,0,0.0,0.7273443160583666,0.25564006104709897,0.01701562289453447,200.0,61.30000092765007,-184.18184636223998,-1.3278218287481824,-0.9338642526263474,-11.17453307329809,0.0,0.0,-27.876033882449264,-7.62925963271698,-3.0807064952080023,-6.049003343594584,-4.800239624159008,-14.246727433324548
59,350035009282.0329,26,34.999964071635006,35.00000092765007,291.90000773660154,0,0.0,0.7280042016449104,0.25583095660528193,0.016164841749807746,200.0,61.30000092765007,-184.18184636223998,-1.3278218287481824,-0.9338642526263474,-11.17453307329809,0.0,0.0,-27.876033882449264,-7.62925963271698,-3.0807064952080023,-6.049003343594584,-4.800239624159008,-14.246727433324548
60,350035009282.0329,27,34.999964071635006,35.00000092765007,291.90000773660154,0,0.0,0.7285758225485803,0.25606757778910233,0.015356599662317357,200.0,61.30000092765007,-184.18184636223998,-1.3278218287481824,-0.9338642526263474,-11.17453307329809,0.0,0.0,-27.876033882449264,-7.62925963271698,-3.0807064952080023,-6.049003343594584,-4.800239624159008,-14.246727433324548
61,350035009282.0329,28,34.999964071635006,35.00000092765007,291.90000773660154,0,0.0,0.7290432150347088,0.2563680152860897,0.014588769679201488,200.0,61.30000092765007,-184.18184636223998,-1.3278218287481824,-0.9338642526263474,-11.17453307329809,0.0,0.0,-27.876033882449264,-7.62925963271698,-3.0807064952080023,-6.049003343594584,-4.800239624159008,-14.246727433324548
62,350035009282.0329,29,34.999964071635006,35.00000092765007,291.90000773660154,0,0.0,0.7294186223482108,0.25672204645654784,0.013859331195241412,200.0,61.30000092765007,-184.18184636223998,-1.3278218287481824,-0.9338642526263474,-11.17453307329809,0.0,0.0,-27.876033882449264,-7.62925963271698,-3.0807064952080023,-6.049003343594584,-4.800239624159008,-14.246727433324548
63,350035009282.0329,30,34.999964071635006,35.00000092765007,291.90000773660154,0,0.0,0.7296581149375847,0.257175520426936,0.013166364635479343,200.0,61.30000092765007,-184.18184636223998,-1.3278218287481824,-0.9338642526263474,-11.17453307329809,0.0,0.0,-27.876033882449264,-7.62925963271698,-3.0807064952080023,-6.049003343594584,-4.800239624159008,-14.246727433324548
64,350035009282.0329,31,34.999964071635006,35.00000092765007,291.90000773660154,0,0.0,0.7298546717626824,0.25763728183361223,0.012508046403705375,200.0,61.30000092765007,-184.18184636223998,-1.3278218287481824,-0.9338642526263474,-11.17453307329809,0.0,0.0,-27.876033882449264,-7.62925963271698,-3.0807064952080023,-6.049003343594584,-4.800239624159008,-14.246727433324548
65,350035009282.0329,32,34.999964071635006,35.00000092765007,291.90000773660154,0,0.0,0.7299995974001757,0.25811775851630414,0.011882644083520105,200.0,61.30000092765007,-184.18184636223998,-1.3278218287481824,-0.9338642526263474,-11.17453307329809,0.0,0.0,-27.876033882449264,-7.62925963271698,-3.0807064952080023,-6.049003343594584,-4.800239624159008,-14.246727433324548
66,350035009282.0329,33,34.999964071635006,35.00000092765007,291.90000773660154,0,0.0,0.7301199476778646,0.2585915404427913,0.0112885118793441,200.0,61.30000092765007,-184.18184636223998,-1.3278218287481824,-0.9338642526263474,-11.17453307329809,0.0,0.0,-27.876033882449264,-7.62925963271698,-3.0807064952080023,-6.049003343594584,-4.800239624159008,-14.246727433324548
67,350035009282.0329,34,34.999964071635006,35.00000092765007,291.90000773660154,0,0.0,0.7302810230190292,0.2589948906955939,0.010724086285376895,200.0,61.30000092765007,-184.18184636223998,-1.3278218287481824,-0.9338642526263474,-11.17453307329809,0.0,0.0,-27.876033882449264,-7.62925963271698,-3.0807064952080023,-6.049003343594584,-4.800239624159008,-14.246727433324548
68,350035009282.0329,35,34.999964071635006,35.00000092765007,291.90000773660154,0,0.0,0.7304012294602036,0.25941088856868844,0.010187881971108051,200.0,61.30000092765007,-184.18184636223998,-1.3278218287481824,-0.9338642526263474,-11.17453307329809,0.0,0.0,-27.876033882449264,-7.62925963271698,-3.0807064952080023,-6.049003343594584,-4.800239624159008,-14.246727433324548
69,350035009282.0329,36,34.999964071635006,35.00000092765007,291.90000773660154,0,0.0,0.7304878882900803,0.25983362383736713,0.009678487872552648,200.0,61.30000092765007,-184.18184636223998,-1.3278218287481824,-0.9338642526263474,-11.17453307329809,0.0,0.0,-27.876033882449264,-7.62925963271698,-3.0807064952080023,-6.049003343594584,-4.800239624159008,-14.246727433324548
70,350035009282.0329,37,34.999964071635006,35.00000092765007,291.90000773660154,0,0.0,0.7306495066440034,0.2601559298770716,0.009194563478925015,200.0,61.30000092765007,-184.18184636223998,-1.3278218287481824,-0.9338642526263474,-11.17453307329809,0.0,0.0,-27.876033882449264,-7.62925963271698,-3.0807064952080023,-6.049003343594584,-4.800239624159008,-14.246727433324548
71,350035009282.0329,38,34.999964071635006,35.00000092765007,291.90000773660154,0,0.0,0.7308308767632358,0.2604342879317855,0.008734835304978764,200.0,61.30000092765007,-184.18184636223998,-1.3278218287481824,-0.9338642526263474,-11.17453307329809,0.0,0.0,-27.876033882449264,-7.62925963271698,-3.0807064952080023,-6.049003343594584,-4.800239624159008,-14.246727433324548
72,350035009282.0329,39,34.999964071635006,35.00000092765007,291.90000773660154,0,0.0,0.7310446341704459,0.26065727228982427,0.008298093539729825,200.0,61.30000092765007,-184.18184636223998,-1.3278218287481824,-0.9338642526263474,-11.17453307329809,0.0,0.0,-27.876033882449264,-7.62925963271698,-3.0807064952080023,-6.049003343594584,-4.800239624159008,-14.246727433324548
73,350035009282.0329,40,34.999964071635006,35.00000092765007,291.90000773660154,0,0.0,0.7312387239576643,0.26087808717959243,0.007883188862743334,200.0,61.30000092765007,-184.18184636223998,-1.3278218287481824,-0.9338642526263474,-11.17453307329809,0.0,0.0,-27.876033882449264,-7.62925963271698,-3.0807064952080023,-6.049003343594584,-4.800239624159008,-14.246727433324548
74,350035002407.304,41,34.999988488552,35.000000238960546,291.9000019929309,0,0.0,0.731420492109503,0.2610904784708908,0.007489029419606167,200.0,61.29999976103945,-184.18240884245387,-1.328105908935298,-0.9336840685688226,-11.174841534929778,0.0,0.0,-27.875907222037213,-7.6286892713141246,-3.0805884221672923,-6.048957335621768,-4.800168892469058,-14.246660012950764
75,350035000680.93896,42,34.99998807998798,35.00000006636489,291.90000055348315,0,0.0,0.7322518461472824,0.26063357590409175,0.007114577948625859,200.0,61.30000006636489,-184.1823553302391,-1.328079774351849,-0.9336978289829779,-11.174815644061557,0.0,0.0,-27.87591911886749,-7.628740506175909,-3.080601123438495,-6.048962361573954,-4.800175925932885,-14.2466643063878
76,350035000675.4472,43,34.99998794165289,35.00000006582955,291.90000054901844,0,0.0,0.7333978534237107,0.2598432975250948,0.006758849051194566,200.0,61.299999934170444,-184.18233324561828,-1.328069800749286,-0.9337045365926916,-11.174804328362033,0.0,0.0,-27.875924163398672,-7.628762244456376,-3.080605262543881,-6.04896403881863,-4.800178151491153,-14.246666286316097
77,350035000077.26294,44,34.999987525741226,35.000000006052716,291.9000000504796,0,0.0,0.7347873107289735,0.2587917826723916,0.0064209065986348375,200.0,61.29999999394728,-184.18229488888352,-1.3280515602606238,-0.9337161926866429,-11.17478434338564,0.0,0.0,-27.8759329771332,-7.628800488462708,-3.0806128546182805,-6.048967155647654,-4.800182202434241,-14.246669810746258
78,350035000077.26294,45,34.999987525741226,35.000000006052716,291.9000000504796,0,0.0,0.7366139141744384,0.25728622455685857,0.006099861268703096,200.0,61.29999999394728,-184.18229488888352,-1.3280515602606238,-0.9337161926866429,-11.17478434338564,0.0,0.0,-27.8759329771332,-7.628800488462708,-3.0806128546182805,-6.048967155647654,-4.800182202434241,-14.246669810746258
79,350035000077.26294,46,34.999987525741226,35.000000006052716,291.9000000504796,0,0.0,0.738373910642066,0.2558312211526661,0.0057948682052679406,200.0,61.29999999394728,-184.18229488888352,-1.3280515602606238,-0.9337161926866429,-11.17478434338564,0.0,0.0,-27.8759329771332,-7.628800488462708,-3.0806128546182805,-6.048967155647654,-4.800182202434241,-14.246669810746258
80,350035000077.26294,47,34.999987525741226,35.000000006052716,291.9000000504796,0,0.0,0.7400197235654793,0.2544751516395162,0.005505124795004543,200.0,61.29999999394728,-184.18229488888352,-1.3280515602606238,-0.9337161926866429,-11.17478434338564,0.0,0.0,-27.8759329771332,-7.628800488462708,-3.0806128546182805,-6.048967155647654,-4.800182202434241,-14.246669810746258
81,350035000020.81757,48,34.9999873843087,35.00000000042232,291.9000000035221,0,0.0,0.7416040491812466,0.2531660822634992,0.005229868555254316,200.0,61.29999999957768,-184.18229218418637,-1.3280501749378664,-0.9337170855149786,-11.174782828181362,0.0,0.0,-27.87593358561059,-7.628803257185978,-3.0806134192880488,-6.048967373867549,-4.800182548697674,-14.246670158220875
82,350035000020.81757,49,34.9999873843087,35.00000000042232,291.9000000035221,0,0.0,0.7433599463499171,0.25167167852259137,0.004968375127491601,200.0,61.29999999957768,-184.18229218418637,-1.3280501749378664,-0.9337170855149786,-11.174782828181362,0.0,0.0,-27.87593358561059,-7.628803257185978,-3.0806134192880488,-6.048967373867549,-4.800182548697674,-14.246670158220875
83,350035000020.81757,0,34.9999873843087,35.00000000042232,291.9000000035221,0,0.0,0.7450477188481034,0.25023232478077956,0.004719956371117021,200.0,61.29999999957768,-184.18229218418637,-1.3280501749378664,-0.9337170855149786,-11.174782828181362,0.0,0.0,-27.87593358561059,-7.628803257185978,-3.0806134192880488,-6.048967373867549,-4.800182548697674,-14.246670158220875
84,350035000020.81757,1,34.9999873843087,35.00000000042232,291.9000000035221,0,0.0,0.7465936299576703,0.24892241148976854,0.00448395855256117,200.0,61.29999999957768,-184.18229218418637,-1.3280501749378664,-0.9337170855149786,-11.174782828181362,0.0,0.0,-27.87593358561059,-7.628803257185978,-3.0806134192880488,-6.048967373867549,-4.800182548697674,-14.246670158220875
85,350035000020.81757,2,34.9999873843087,35.00000000042232,291.9000000035221,0,0.0,0.7480711460975664,0.24766909327750045,0.004259760624933112,200.0,61.29999999957768,-184.18229218418637,-1.3280501749378664,-0.9337170855149786,-11.174782828181362,0.0,0.0,-27.87593358561059,-7.628803257185978,-3.0806134192880488,-6.048967373867549,-4.800182548697674,-14.246670158220875
86,350035000019.49274,3,34.999987384646545,35.00000000028981,291.90000000241696,0,0.0,0.7494941423435219,0.2464590850627917,0.004046772593686456,200.0,61.29999999971019,-184.18229215549044,-1.328050161782028,-0.9337170926448752,-11.17478281517565,0.0,0.0,-27.875933592434997,-7.628803284793014,-3.0806134257649838,-6.048967376520157,-4.80018255127221,-14.246670159475086
87,350035000019.49274,4,34.999987384646545,35.00000000028981,291.90000000241696,0,0.0,0.7510446567669047,0.24511090926909315,0.0038444339640021324,200.0,61.29999999971019,-184.18229215549044,-1.328050161782028,-0.9337170926448752,-11.17478281517565,0.0,0.0,-27.875933592434997,-7.628803284793014,-3.0806134257649838,-6.048967376520157,-4.80018255127221,-14.246670159475086
88,350035000019.49274,5,34.999987384646545,35.00000000028981,291.90000000241696,0,0.0,0.7525056754071849,0.24384211232701306,0.003652212265802026,200.0,61.29999999971019,-184.18229215549044,-1.328050161782028,-0.9337170926448752,-11.17478281517565,0.0,0.0,-27.875933592434997,-7.628803284793014,-3.0806134257649838,-6.048967376520157,-4.80018255127221,-14.246670159475086
89,350035000019.49274,6,34.999987384646545,35.00000000028981,291.90000000241696,0,0.0,0.7538819459259235,0.2426484524215646,0.0034696016525119244,200.0,61.29999999971019,-184.18229215549044,-1.328050161782028,-0.9337170926448752,-11.17478281517565,0.0,0.0,-27.875933592434997,-7.628803284793014,-3.0806134257649838,-6.048967376520157,-4.80018255127221,-14.246670159475086
90,350035000017.5813,7,34.9999873833382,35.000000000098794,291.9000000008239,0,0.0,0.7551272981709117,0.24157658025920198,0.0032961215698863286,200.0,61.2999999999012,-184.1822921344909,-1.328050150837146,-0.9337170997586012,-11.17478280315974,0.0,0.0,-27.87593359713176,-7.628803306451718,-3.0806134301635244,-6.048967378199221,-4.8001825540789484,-14.246670162390233
91,350035000017.3711,8,34.99998738320967,35.00000000007778,291.9000000006487,0,0.0,0.7567294474963115,0.24013923701229642,0.003131315491392012,200.0,61.299999999922214,-184.1822921320068,-1.3280501495646706,-0.9337171005681193,-11.17478280178049,0.0,0.0,-27.875933597692367,-7.628803308989223,-3.0806134306895956,-6.048967378402263,-4.800182554395401,-14.246670162701383
92,350035000016.90173,9,34.9999873843217,35.00000000003074,291.90000000025634,0,0.0,0.7584673462941262,0.23855790398905138,0.0029747497168224114,200.0,61.29999999996926,-184.18229223588534,-1.3280501954741883,-0.9337170733320123,-11.174782846639753,0.0,0.0,-27.875933570153137,-7.628803205360249,-3.0806134105168432,-6.048967370270385,-4.800182547670202,-14.246670160376167
93,350035000016.7508,10,34.99998738440743,35.00000000001564,291.90000000013043,0,0.0,0.7604790439144848,0.23669494385453388,0.002826012230981291,200.0,61.29999999998436,-184.18229224756823,-1.3280502005610155,-0.9337170703508852,-11.174782851519993,0.0,0.0,-27.875933566987893,-7.62880319370577,-3.08061340828048,-6.048967369361754,-4.80018254700305,-14.2466701602535
94,350035000016.7508,11,34.99998738440743,35.00000000001564,291.90000000013043,0,0.0,0.762528920161481,0.23478636821908683,0.0026847116194322266,200.0,61.29999999998436,-184.18229224756823,-1.3280502005610155,-0.9337170703508852,-11.174782851519993,0.0,0.0,-27.875933566987893,-7.62880319370577,-3.08061340828048,-6.048967369361754,-4.80018254700305,-14.2466701602535
95,350035000016.5998,12,34.9999873847163,35.000000000000504,291.9000000000042,0,0.0,0.7644594506815545,0.23299007327998483,0.002550476038460615,200.0,61.29999999999949,-184.18229226810416,-1.3280502102776715,-0.9337170640341448,-11.174782862282568,0.0,0.0,-27.875933562295543,-7.628803173239351,-3.0806134042524103,-6.0489673677285545,-4.800182544798156,-14.246670158271133
96,350035000016.5998,13,34.9999873847163,35.000000000000504,291.9000000000042,0,0.0,0.7664194537255922,0.23115759403787028,0.0024229522365375846,200.0,61.29999999999949,-184.18229226810416,-1.3280502102776715,-0.9337170640341448,-11.174782862282568,0.0,0.0,-27.875933562295543,-7.628803173239351,-3.0806134042524103,-6.0489673677285545,-4.800182544798156,-14.246670158271133
97,350035000016.59656,14,34.99998738472146,35.000000000000185,291.9000000000015,0,0.0,0.7682246006882146,0.22947359468707468,0.0023018046247107052,200.0,61.29999999999981,-184.1822922685421,-1.3280502104763332,-0.9337170639116045,-11.174782862487401,0.0,0.0,-27.87593356218572,-7.628803172802759,-3.080613404167178,-6.048967367694076,-4.800182544762606,-14.246670158248742
98,350035000016.59656,15,34.99998738472146,35.000000000000185,291.9000000000015,0,0.0,0.7700799673169704,0.22773331828955445,0.0021867143934751697,200.0,61.29999999999981,-184.1822922685421,-1.3280502104763332,-0.9337170639116045,-11.174782862487401,0.0,0.0,-27.87593356218572,-7.628803172802759,-3.080613404167178,-6.048967367694076,-4.800182544762606,-14.246670158248742
99,350035000016.59656,16,34.99998738472146,35.000000000000185,291.9000000000015,0,0.0,0.7718198713901463,0.22610274993605234,0.0020773786738014113,200.0,61.29999999999981,-184.1822922685421,-1.3280502104763332,-0.9337170639116045,-11.174782862487401,0.0,0.0,-27.87593356218572,-7.628803172802759,-3.080613404167178,-6.048967367694076,-4.800182544762606,-14.246670158248742
100,350035000016.59656,17,34.99998738472146,35.000000000000185,291.9000000000015,0,0.0,0.7734335561832121,0.22459293407667663,0.0019735097401113407,200.0,61.29999999999981,-184.1822922685421,-1.3280502104763332,-0.9337170639116045,-11.174782862487401,0.0,0.0,-27.87593356218572,-7.628803172802759,-3.080613404167178,-6.048967367694076,-4.800182544762606,-14.246670158248742
101,350035000016.59656,18,34.99998738472146,35.000000000000185,291.9000000000015,0,0.0,0.7749195155240629,0.22320565022283143,0.0018748342531057737,200.0,61.29999999999981,-184.1822922685421,-1.3280502104763332,-0.9337170639116045,-11.174782862487401,0.0,0.0,-27.87593356218572,-7.628803172802759,-3.080613404167178,-6.048967367694076,-4.800182544762606,-14.246670158248742
102,350035000016.59656,19,34.99998738472146,35.000000000000185,291.9000000000015,0,0.0,0.7762954978529921,0.22192340960655743,0.0017810925404504849,200.0,61.29999999999981,-184.1822922685421,-1.3280502104763332,-0.9337170639116045,-11.174782862487401,0.0,0.0,-27.87593356218572,-7.628803172802759,-3.080613404167178,-6.048967367694076,-4.800182544762606,-14.246670158248742
103,350035000016.59656,20,34.99998738472146,35.000000000000185,291.9000000000015,0,0.0,0.7776235721317057,0.22068438995486636,0.0016920379134279606,200.0,61.29999999999981,-184.1822922685421,-1.3280502104763332,-0.9337170639116045,-11.174782862487401,0.0,0.0,-27.87593356218572,-7.628803172802759,-3.080613404167178,-6.048967367694076,-4.800182544762606,-14.246670158248742
104,350035000016.5951,21,34.99998738472496,35.000000000000036,291.90000000000026,0,0.0,0.7788563883234161,0.21953617565882744,0.0016074360177565628,200.0,61.30000000000003,-184.18229226883932,-1.3280502106111516,-0.9337170638284447,-11.174782862626408,0.0,0.0,-27.87593356211119,-7.6288031725064736,-3.0806134041093367,-6.048967367670678,-4.8001825447384805,-14.246670158233547
105,350035000016.5951,22,34.99998738472496,35.000000000000036,291.90000000000026,0,0.0,0.7801685203033435,0.21830441547978785,0.0015270642168687346,200.0,61.30000000000003,-184.18229226883932,-1.3280502106111516,-0.9337170638284447,-11.174782862626408,0.0,0.0,-27.87593356211119,-7.6288031725064736,-3.0806134041093367,-6.048967367670678,-4.8001825447384805,-14.246670158233547
106,350035000016.59485,23,34.9999873847241,35.000000000000014,291.9000000000001,0,0.0,0.7813553581020525,0.21719393089192227,0.0014507110060252978,200.0,61.29999999999998,-184.1822922687699,-1.328050210579381,-0.9337170638482741,-11.174782862593116,0.0,0.0,-27.875933562128264,-7.628803172575656,-3.0806134041228663,-6.048967367676154,-4.8001825447445015,-14.246670158237766
107,350035000016.59485,24,34.9999873847241,35.000000000000014,291.9000000000001,0,0.0,0.7825887950162269,0.21603302952804904,0.0013781754557240329,200.0,61.29999999999998,-184.1822922687699,-1.328050210579381,-0.9337170638482741,-11.174782862593116,0.0,0.0,-27.875933562128264,-7.628803172575656,-3.0806134041228663,-6.048967367676154,-4.8001825447445015,-14.246670158237766
108,350035000016.5948,25,34.99998738472416,35.00000000000001,291.90000000000003,0,0.0,0.7837426509471689,0.21494808236989332,0.0013092666829378314,200.0,61.29999999999999,-184.18229226877466,-1.3280502105815475,-0.9337170638469261,-11.174782862595377,0.0,0.0,-27.875933562127088,-7.628803172570922,-3.0806134041219417,-6.04896736767578,-4.800182544744098,-14.246670158237492
109,350035000016.5948,26,34.99998738472416,35.00000000000001,291.90000000000003,0,0.0,0.7849265476247151,0.21382964902649396,0.0012438033487909398,200.0,61.29999999999999,-184.18229226877466,-1.3280502105815475,-0.9337170638469261,-11.174782862595377,0.0,0.0,-27.875933562127088,-7.628803172570922,-3.0806134041219417,-6.04896736767578,-4.800182544744098,-14.246670158237492
110,350035000016.5948,27,34.99998738472416,35.00000000000001,291.90000000000003,0,0.0,0.7860191156487791,0.21279927116986952,0.0011816131813513929,200.0,61.29999999999999,-184.18229226877466,-1.3280502105815475,-0.9337170638469261,-11.174782862595377,0.0,0.0,-27.875933562127088,-7.628803172570922,-3.0806134041219417,-6.04896736767578,-4.800182544744098,-14.246670158237492
111,350035000016.5948,28,34.99998738472416,35.00000000000001,291.90000000000003,0,0.0,0.7870176675763776,0.2118597999013386,0.0011225325222838233,200.0,61.29999999999999,-184.18229226877466,-1.3280502105815475,-0.9337170638469261,-11.174782862595377,0.0,0.0,-27.875933562127088,-7.628803172570922,-3.0806134041219417,-6.04896736767578,-4.800182544744098,-14.246670158237492
112,350035000016.5947,29,34.9999873847242,35.0,291.9,0,0.0,0.7879581668685458,0.21097542723528454,0.001066405896169632,200.0,61.3,-184.1822922687752,-1.328050210580729,-0.9337170638474517,-11.174782862592357,0.0,0.0,-27.87593356212761,-7.628803172571964,-3.0806134041217943,-6.048967367675871,-4.8001825447446285,-14.246670158238183
113,350035000016.5947,30,34.9999873847242,35.0,291.9,0,0.0,0.7889999040971905,0.2099870103014485,0.0010130856013611507,200.0,61.3,-184.1822922687752,-1.328050210580729,-0.9337170638474517,-11.174782862592357,0.0,0.0,-27.87593356212761,-7.628803172571964,-3.0806134041217943,-6.048967367675871,-4.8001825447446285,-14.246670158238183
114,350035000016.5947,31,34.9999873847242,35.0,291.9,0,0.0,0.789989321729326,0.20904824694938096,0.0009624313212930931,200.0,61.3,-184.1822922687752,-1.328050210580729,-0.9337170638474517,-11.174782862592357,0.0,0.0,-27.87593356212761,-7.628803172571964,-3.0806134041217943,-6.048967367675871,-4.8001825447446285,-14.246670158238183
115,350035000016.5947,32,34.9999873847242,35.0,291.9,0,0.0,0.7909437752098317,0.20814191503493978,0.0009143097552284384,200.0,61.3,-184.1822922687752,-1.328050210580729,-0.9337170638474517,-11.174782862592357,0.0,0.0,-27.87593356212761,-7.628803172571964,-3.0806134041217943,-6.048967367675871,-4.8001825447446285,-14.246670158238183
116,350035000016.5947,33,34.9999873847242,35.0,291.9,0,0.0,0.7918428511012255,0.2072885546313075,0.0008685942674670165,200.0,61.3,-184.1822922687752,-1.328050210580729,-0.9337170638474517,-11.174782862592357,0.0,0.0,-27.87593356212761,-7.628803172571964,-3.0806134041217943,-6.048967367675871,-4.8001825447446285,-14.246670158238183
117,350035000016.5947,34,34.9999873847242,35.0,291.9,0,0.0,0.7926822019616868,0.20649263348421956,0.0008251645540936657,200.0,61.3,-184.1822922687752,-1.328050210580729,-0.9337170638474517,-11.174782862592357,0.0,0.0,-27.87593356212761,-7.628803172571964,-3.0806134041217943,-6.048967367675871,-4.8001825447446285,-14.246670158238183
118,350035000016.5947,35,34.9999873847242,35.0,291.9,0,0.0,0.793450633253947,0.205765460419664,0.0007839063263889824,200.0,61.3,-184.1822922687752,-1.328050210580729,-0.9337170638474517,-11.174782862592357,0.0,0.0,-27.87593356212761,-7.628803172571964,-3.0806134041217943,-6.048967367675871,-4.8001825447446285,-14.246670158238183
119,350035000016.5947,36,34.9999873847242,35.0,291.9,0,0.0,0.7941520883266955,0.20510320066323498,0.0007447110100695332,200.0,61.3,-184.1822922687752,-1.328050210580729,-0.9337170638474517,-11.174782862592357,0.0,0.0,-27.87593356212761,-7.628803172571964,-3.0806134041217943,-6.048967367675871,-4.8001825447446285,-14.246670158238183
120,350035000016.5947,37,34.9999873847242,35.0,291.9,0,0.0,0.7948045807892165,0.20448794375121748,0.0007074754595660565,200.0,61.3,-184.1822922687752,-1.328050210580729,-0.9337170638474517,-11.174782862592357,0.0,0.0,-27.87593356212761,-7.628803172571964,-3.0806134041217943,-6.048967367675871,-4.8001825447446285,-14.246670158238183
121,350035000016.5947,38,34.9999873847242,35.0,291.9,0,0.0,0.7953823890055485,0.2039455093078638,0.0006721016865877536,200.0,61.3,-184.1822922687752,-1.328050210580729,-0.9337170638474517,-11.174782862592357,0.0,0.0,-27.87593356212761,-7.628803172571964,-3.0806134041217943,-6.048967367675871,-4.8001825447446285,-14.246670158238183
122,350035000016.5947,39,34.9999873847242,35.0,291.9,0,0.0,0.7959180348949763,0.20344346850276546,0.000638496602258366,200.0,61.3,-184.1822922687752,-1.328050210580729,-0.9337170638474517,-11.174782862592357,0.0,0.0,-27.87593356212761,-7.628803172571964,-3.0806134041217943,-6.048967367675871,-4.8001825447446285,-14.246670158238183
123,350035000016.5947,40,34.9999873847242,35.0,291.9,0,0.0,0.7964086147974969,0.2029848134303577,0.0006065717721454478,200.0,61.3,-184.1822922687752,-1.328050210580729,-0.9337170638474517,-11.174782862592357,0.0,0.0,-27.87593356212761,-7.628803172571964,-3.0806134041217943,-6.048967367675871,-4.8001825447446285,-14.246670158238183
124,350035000016.5947,41,34.9999873847242,35.0,291.9,0,0.0,0.7968896693158797,0.20253408750058222,0.0005762431835381754,200.0,61.3,-184.1822922687752,-1.328050210580729,-0.9337170638474517,-11.174782862592357,0.0,0.0,-27.87593356212761,-7.628803172571964,-3.0806134041217943,-6.048967367675871,-4.8001825447446285,-14.246670158238183
125,350035000016.5947,42,34.9999873847242,35.0,291.9,0,0.0,0.7973269379962445,0.20212563097939415,0.0005474310243612666,200.0,61.3,-184.1822922687752,-1.328050210580729,-0.9337170638474517,-11.174782862592357,0.0,0.0,-27.87593356212761,-7.628803172571964,-3.0806134041217943,-6.048967367675871,-4.8001825447446285,-14.246670158238183
126,350035000016.5947,43,34.9999873847242,35.0,291.9,0,0.0,0.7977091361452224,0.20177080438163436,0.0005200594731432033,200.0,61.3,-184.1822922687752,-1.328050210580729,-0.9337170638474517,-11.174782862592357,0.0,0.0,-27.87593356212761,-7.628803172571964,-3.0806134041217943,-6.048967367675871,-4.8001825447446285,-14.246670158238183
127,350035000016.5947,44,34.9999873847242,35.0,291.9,0,0.0,0.7980256907446399,0.20148025275587408,0.0004940564994860432,200.0,61.3,-184.1822922687752,-1.328050210580729,-0.9337170638474517,-11.174782862592357,0.0,0.0,-27.87593356212761,-7.628803172571964,-3.0806134041217943,-6.048967367675871,-4.8001825447446285,-14.246670158238183
128,350035000016.5947,45,34.9999873847242,35.0,291.9,0,0.0,0.7983077258494158,0.20122292047607254,0.0004693536745117411,200.0,61.3,-184.1822922687752,-1.328050210580729,-0.9337170638474517,-11.174782862592357,0.0,0.0,-27.87593356212761,-7.628803172571964,-3.0806134041217943,-6.048967367675871,-4.8001825447446285,-14.246670158238183
129,350035000016.5947,46,34.9999873847242,35.0,291.9,0,0.0,0.7985640133766875,0.2009901006325264,0.00044588599078615405,200.0,61.3,-184.1822922687752,-1.328050210580729,-0.9337170638474517,-11.174782862592357,0.0,0.0,-27.87593356212761,-7.628803172571964,-3.0806134041217943,-6.048967367675871,-4.8001825447446285,-14.246670158238183
130,350035000016.5947,47,34.9999873847242,35.0,291.9,0,0.0,0.7987892653932751,0.20078714291547808,0.00042359169124684635,200.0,61.3,-184.1822922687752,-1.328050210580729,-0.9337170638474517,-11.174782862592357,0.0,0.0,-27.87593356212761,-7.628803172571964,-3.0806134041217943,-6.048967367675871,-4.8001825447446285,-14.246670158238183
131,350035000016.5947,48,34.9999873847242,35.0,291.9,0,0.0,0.798958387125308,0.20063920076800754,0.000402412106684504,200.0,61.3,-184.1822922687752,-1.328050210580729,-0.9337170638474517,-11.174782862592357,0.0,0.0,-27.87593356212761,-7.628803172571964,-3.0806134041217943,-6.048967367675871,-4.8001825447446285,-14.246670158238183
132,350035000016.5947,49,34.9999873847242,35.0,291.9,0,0.0,0.7991415491907718,0.2004761593078779,0.00038229150135027877,200.0,61.3,-184.1822922687752,-1.328050210580729,-0.9337170638474517,-11.174782862592357,0.0,0.0,-27.87593356212761,-7.628803172571964,-3.0806134041217943,-6.048967367675871,-4.8001825447446285,-14.246670158238183
133,350035000016.5947,0,34.9999873847242,35.0,291.9,0,0.0,0.7993178328481326,0.20031899022558464,0.00036317692628276484,200.0,61.3,-184.1822922687752,-1.328050210580729,-0.9337170638474517,-11.174782862592357,0.0,0.0,-27.87593356212761,-7.628803172571964,-3.0806134041217943,-6.048967367675871,-4.8001825447446285,-14.246670158238183
134,350035000016.5947,1,34.9999873847242,35.0,291.9,0,0.0,0.7995071783965934,0.20014780352343797,0.0003450180799686266,200.0,61.3,-184.1822922687752,-1.328050210580729,-0.9337170638474517,-11.174782862592357,0.0,0.0,-27.87593356212761,-7.628803172571964,-3.0806134041217943,-6.048967367675871,-4.8001825447446285,-14.246670158238183
135,350035000016.5947,2,34.9999873847242,35.0,291.9,0,0.0,0.7996631284632225,0.20000910436080732,0.0003277671759701953,200.0,61.3,-184.1822922687752,-1.328050210580729,-0.9337170638474517,-11.174782862592357,0.0,0.0,-27.87593356212761,-7.628803172571964,-3.0806134041217943,-6.048967367675871,-4.8001825447446285,-14.246670158238183
136,350035000016.5947,3,34.9999873847242,35.0,291.9,0,0.0,0.7998199573904317,0.19986866379239662,0.00031137881717168553,200.0,61.3,-184.1822922687752,-1.328050210580729,-0.9337170638474517,-11.174782862592357,0.0,0.0,-27.87593356212761,-7.628803172571964,-3.0806134041217943,-6.048967367675871,-4.8001825447446285,-14.246670158238183
137,350035000016.5947,4,34.9999873847242,35.0,291.9,0,0.0,0.7999774783682747,0.1997267117554122,0.0002958098763131013,200.0,61.3,-184.1822922687752,-1.328050210580729,-0.9337170638474517,-11.174782862592357,0.0,0.0,-27.87593356212761,-7.628803172571964,-3.0806134041217943,-6.048967367675871,-4.8001825447446285,-14.246670158238183
138,350035000016.5947,5,34.9999873847242,35.0,291.9,0,0.0,0.8000846541003792,0.19963432651712337,0.00028101938249744623,200.0,61.3,-184.1822922687752,-1.328050210580729,-0.9337170638474517,-11.174782862592357,0.0,0.0,-27.87593356212761,-7.628803172571964,-3.0806134041217943,-6.048967367675871,-4.8001825447446285,-14.246670158238183
139,350035000016.5947,6,34.9999873847242,35.0,291.9,0,0.0,0.8001634785370765,0.19956955304955096,0.00026696841337257393,200.0,61.3,-184.1822922687752,-1.328050210580729,-0.9337170638474517,-11.174782862592357,0.0,0.0,-27.87593356212761,-7.628803172571964,-3.0806134041217943,-6.048967367675871,-4.8001825447446285,-14.246670158238183
140,350035000016.5947,7,34.9999873847242,35.0,291.9,0,0.0,0.8002029804147519,0.19954339959254422,0.00025361999270394526,200.0,61.3,-184.1822922687752,-1.328050210580729,-0.9337170638474517,-11.174782862592357,0.0,0.0,-27.87593356212761,-7.628803172571964,-3.0806134041217943,-6.048967367675871,-4.8001825447446285,-14.246670158238183
141,350035000016.5947,8,34.9999873847242,35.0,291.9,0,0.0,0.8001991590061317,0.19955990200079962,0.00024093899306874798,200.0,61.3,-184.1822922687752,-1.328050210580729,-0.9337170638474517,-11.174782862592357,0.0,0.0,-27.87593356212761,-7.628803172571964,-3.0806134041217943,-6.048967367675871,-4.8001825447446285,-14.246670158238183
142,350035000016.5947,9,34.9999873847242,35.0,291.9,0,0.0,0.8001545581143245,0.1996165498422603,0.00022889204341531056,200.0,61.3,-184.1822922687752,-1.328050210580729,-0.9337170638474517,-11.174782862592357,0.0,0.0,-27.87593356212761,-7.628803172571964,-3.0806134041217943,-6.048967367675871,-4.8001825447446285,-14.246670158238183
143,350035000016.5947,10,34.9999873847242,35.0,291.9,0,0.0,0.8000778890044874,0.19970466355426808,0.00021744744124454503,200.0,61.3,-184.1822922687752,-1.328050210580729,-0.9337170638474517,-11.174782862592357,0.0,0.0,-27.87593356212761,-7.628803172571964,-3.0806134041217943,-6.048967367675871,-4.8001825447446285,-14.246670158238183
144,350035000016.5947,11,34.9999873847242,35.0,291.9,0,0.0,0.7999961735425899,0.19979725138822785,0.0002065750691823178,200.0,61.3,-184.1822922687752,-1.328050210580729,-0.9337170638474517,-11.174782862592357,0.0,0.0,-27.87593356212761,-7.628803172571964,-3.0806134041217943,-6.048967367675871,-4.8001825447446285,-14.246670158238183
145,350035000016.5947,12,34.9999873847242,35.0,291.9,0,0.0,0.7999222135504331,0.19988154013384368,0.00019624631572320191,200.0,61.3,-184.1822922687752,-1.328050210580729,-0.9337170638474517,-11.174782862592357,0.0,0.0,-27.87593356212761,-7.628803172571964,-3.0806134041217943,-6.048967367675871,-4.8001825447446285,-14.246670158238183
146,350035000016.5947,13,34.9999873847242,35.0,291.9,0,0.0,0.7998308720918654,0.1999826939081975,0.00018643399993704181,200.0,61.3,-184.1822922687752,-1.328050210580729,-0.9337170638474517,-11.174782862592357,0.0,0.0,-27.87593356212761,-7.628803172571964,-3.0806134041217943,-6.048967367675871,-4.8001825447446285,-14.246670158238183
147,350035000016.5947,14,34.9999873847242,35.0,291.9,0,0.0,0.7997232580814075,0.20009962961865224,0.0001771122999401897,200.0,61.3,-184.1822922687752,-1.328050210580729,-0.9337170638474517,-11.174782862592357,0.0,0.0,-27.87593356212761,-7.628803172571964,-3.0806134041217943,-6.048967367675871,-4.8001825447446285,-14.246670158238183
148,350035000016.5947,15,34.9999873847242,35.0,291.9,0,0.0,0.7995758539239146,0.20025588939114222,0.00016825668494318023,200.0,61.3,-184.1822922687752,-1.328050210580729,-0.9337170638474517,-11.174782862592357,0.0,0.0,-27.87593356212761,-7.628803172571964,-3.0806134041217943,-6.048967367675871,-4.8001825447446285,-14.246670158238183
149,350035000016.5947,16,34.9999873847242,35.0,291.9,0,0.0,0.7994277938381393,0.2004123623111646,0.0001598438506960212,200.0,61.3,-184.1822922687752,-1.328050210580729,-0.9337170638474517,-11.174782862592357,0.0,0.0,-27.87593356212761,-7.628803172571964,-3.0806134041217943,-6.048967367675871,-4.8001825447446285,-14.246670158238183
150,350035000016.5947,17,34.9999873847242,35.0,291.9,0,0.0,0.7992487526396305,0.20059939570220836,0.00015185165816122015,200.0,61.3,-184.1822922687752,-1.328050210580729,-0.9337170638474517,-11.174782862592357,0.0,0.0,-27.87593356212761,-7.628803172571964,-3.0806134041217943,-6.048967367675871,-4.8001825447446285,-14.246670158238183
151,350035000016.5947,18,34.9999873847242,35.0,291.9,0,0.0,0.7991073440904229,0.20074839683432388,0.00014425907525315913,200.0,61.3,-184.1822922687752,-1.328050210580729,-0.9337170638474517,-11.174782862592357,0.0,0.0,-27.87593356212761,-7.628803172571964,-3.0806134041217943,-6.048967367675871,-4.8001825447446285,-14.246670158238183
152,350035000016.5947,19,34.9999873847242,35.0,291.9,0,0.0,0.7989652479762653,0.20089770590224423,0.0001370461214905012,200.0,61.3,-184.1822922687752,-1.328050210580729,-0.9337170638474517,-11.174782862592357,0.0,0.0,-27.87593356212761,-7.628803172571964,-3.0806134041217943,-6.048967367675871,-4.8001825447446285,-14.246670158238183
153,350035000016.5947,20,34.9999873847242,35.0,291.9,0,0.0,0.7988106480682405,0.2010591581163435,0.00013019381541597613,200.0,61.3,-184.1822922687752,-1.328050210580729,-0.9337170638474517,-11.174782862592357,0.0,0.0,-27.87593356212761,-7.628803172571964,-3.0806134041217943,-6.048967367675871,-4.8001825447446285,-14.246670158238183
154,350035000016.5947,21,34.9999873847242,35.0,291.9,0,0.0,0.798638427124613,0.20123788875074192,0.00012368412464517733,200.0,61.3,-184.1822922687752,-1.328050210580729,-0.9337170638474517,-11.174782862592357,0.0,0.0,-27.87593356212761,-7.628803172571964,-3.0806134041217943,-6.048967367675871,-4.8001825447446285,-14.246670158238183
155,350035000016.5947,22,34.9999873847242,35.0,291.9,0,0.0,0.7984675170984854,0.2014149829831017,0.00011749991841291846,200.0,61.3,-184.1822922687752,-1.328050210580729,-0.9337170638474517,-11.174782862592357,0.0,0.0,-27.87593356212761,-7.628803172571964,-3.0806134041217943,-6.048967367675871,-4.8001825447446285,-14.246670158238183
156,350035000016.5947,23,34.9999873847242,35.0,291.9,0,0.0,0.7982625124419352,0.20162586263557253,0.00011162492249227255,200.0,61.3,-184.1822922687752,-1.328050210580729,-0.9337170638474517,-11.174782862592357,0.0,0.0,-27.87593356212761,-7.628803172571964,-3.0806134041217943,-6.048967367675871,-4.8001825447446285,-14.246670158238183
157,350035000016.5947,24,34.9999873847242,35.0,291.9,0,0.0,0.7980549507947248,0.20183900552890754,0.00010604367636765892,200.0,61.3,-184.1822922687752,-1.328050210580729,-0.9337170638474517,-11.174782862592357,0.0,0.0,-27.87593356212761,-7.628803172571964,-3.0806134041217943,-6.048967367675871,-4.8001825447446285,-14.246670158238183
158,350035000016.5947,25,34.9999873847242,35.0,291.9,0,0.0,0.7978333751636486,0.20206588334380213,0.00010074149254927599,200.0,61.3,-184.1822922687752,-1.328050210580729,-0.9337170638474517,-11.174782862592357,0.0,0.0,-27.87593356212761,-7.628803172571964,-3.0806134041217943,-6.048967367675871,-4.8001825447446285,-14.246670158238183
159,350035000016.5947,26,34.9999873847242,35.0,291.9,0,0.0,0.797598726769882,0.20230556881219616,9.570441792181218e-05,200.0,61.3,-184.1822922687752,-1.328050210580729,-0.9337170638474517,-11.174782862592357,0.0,0.0,-27.87593356212761,-7.628803172571964,-3.0806134041217943,-6.048967367675871,-4.8001825447446285,-14.246670158238183
160,350035000016.5947,27,34.9999873847242,35.0,291.9,0,0.0,0.7973518962334357,0.2025571845695386,9.091919702572157e-05,200.0,61.3,-184.1822922687752,-1.328050210580729,-0.9337170638474517,-11.174782862592357,0.0,0.0,-27.87593356212761,-7.628803172571964,-3.0806134041217943,-6.048967367675871,-4.8001825447446285,-14.246670158238183
161,350035000016.5947,28,34.9999873847242,35.0,291.9,0,0.0,0.7971053421457458,0.20280828461707975,8.63732371744355e-05,200.0,61.3,-184.1822922687752,-1.328050210580729,-0.9337170638474517,-11.174782862592357,0.0,0.0,-27.87593356212761,-7.628803172571964,-3.0806134041217943,-6.048967367675871,-4.8001825447446285,-14.246670158238183
162,350035000016.5947,29,34.9999873847242,35.0,291.9,0,0.0,0.7968764926501997,0.20304145277448463,8.205457531571373e-05,200.0,61.3,-184.1822922687752,-1.328050210580729,-0.9337170638474517,-11.174782862592357,0.0,0.0,-27.87593356212761,-7.628803172571964,-3.0806134041217943,-6.048967367675871,-4.8001825447446285,-14.246670158238183
163,350035000016.5947,30,34.9999873847242,35.0,291.9,0,0.0,0.7966529388539315,0.2032691092995186,7.795184654992804e-05,200.0,61.3,-184.1822922687752,-1.328050210580729,-0.9337170638474517,-11.174782862592357,0.0,0.0,-27.87593356212761,-7.628803172571964,-3.0806134041217943,-6.048967367675871,-4.8001825447446285,-14.246670158238183
164,350035000016.5947,31,34.9999873847242,35.0,291.9,0,0.0,0.7964002202765025,0.20352572546927508,7.405425422243163e-05,200.0,61.3,-184.1822922687752,-1.328050210580729,-0.9337170638474517,-11.174782862592357,0.0,0.0,-27.87593356212761,-7.628803172571964,-3.0806134041217943,-6.048967367675871,-4.8001825447446285,-14.246670158238183
165,350035000016.5947,32,34.9999873847242,35.0,291.9,0,0.0,0.7961600150610809,0.20376963339740778,7.035154151131005e-05,200.0,61.3,-184.1822922687752,-1.328050210580729,-0.9337170638474517,-11.174782862592357,0.0,0.0,-27.87593356212761,-7.628803172571964,-3.0806134041217943,-6.048967367675871,-4.8001825447446285,-14.246670158238183
166,350035000016.5947,33,34.9999873847242,35.0,291.9,0,0.0,0.7959033801650419,0.2040297858705223,6.683396443574455e-05,200.0,61.3,-184.1822922687752,-1.328050210580729,-0.9337170638474517,-11.174782862592357,0.0,0.0,-27.87593356212761,-7.628803172571964,-3.0806134041217943,-6.048967367675871,-4.8001825447446285,-14.246670158238183
167,350035000016.5947,34,34.9999873847242,35.0,291.9,0,0.0,0.7956652705231386,0.20427123721064738,6.349226621395733e-05,200.0,61.3,-184.1822922687752,-1.328050210580729,-0.9337170638474517,-11.174782862592357,0.0,0.0,-27.87593356212761,-7.628803172571964,-3.0806134041217943,-6.048967367675871,-4.8001825447446285,-14.246670158238183
168,350035000016.5947,35,34.9999873847242,35.0,291.9,0,0.0,0.7954166533894708,0.204523028957626,6.0317652903259464e-05,200.0,61.3,-184.1822922687752,-1.328050210580729,-0.9337170638474517,-11.174782862592357,0.0,0.0,-27.87593356212761,-7.628803172571964,-3.0806134041217943,-6.048967367675871,-4.8001825447446285,-14.246670158238183
169,350035000016.5947,36,34.9999873847242,35.0,291.9,0,0.0,0.7951526626113399,0.20479003561840206,5.730177025809649e-05,200.0,61.3,-184.1822922687752,-1.328050210580729,-0.9337170638474517,-11.174782862592357,0.0,0.0,-27.87593356212761,-7.628803172571964,-3.0806134041217943,-6.048967367675871,-4.8001825447446285,-14.246670158238183
170,350035000016.5947,37,34.9999873847242,35.0,291.9,0,0.0,0.7948631181776576,0.20508244514059715,5.4436681745191663e-05,200.0,61.3,-184.1822922687752,-1.328050210580729,-0.9337170638474517,-11.174782862592357,0.0,0.0,-27.87593356212761,-7.628803172571964,-3.0806134041217943,-6.048967367675871,-4.8001825447446285,-14.246670158238183
171,350035000016.5947,38,34.9999873847242,35.0,291.9,0,0.0,0.7945941759365368,0.20535410921580521,5.171484765793208e-05,200.0,61.3,-184.1822922687752,-1.328050210580729,-0.9337170638474517,-11.174782862592357,0.0,0.0,-27.87593356212761,-7.628803172571964,-3.0806134041217943,-6.048967367675871,-4.8001825447446285,-14.246670158238183
172,350035000016.5947,39,34.9999873847242,35.0,291.9,0,0.0,0.7943170706110051,0.2056338002837199,4.912910527503548e-05,200.0,61.3,-184.1822922687752,-1.328050210580729,-0.9337170638474517,-11.174782862592357,0.0,0.0,-27.87593356212761,-7.628803172571964,-3.0806134041217943,-6.048967367675871,-4.8001825447446285,-14.246670158238183
173,350035000016.5947,40,34.9999873847242,35.0,291.9,0,0.0,0.7940654791146678,0.20588784823532094,4.6672650011283706e-05,200.0,61.3,-184.1822922687752,-1.328050210580729,-0.9337170638474517,-11.174782862592357,0.0,0.0,-27.87593356212761,-7.628803172571964,-3.0806134041217943,-6.048967367675871,-4.8001825447446285,-14.246670158238183
174,350035000016.5947,41,34.9999873847242,35.0,291.9,0,0.0,0.7938051462189304,0.20615051476355886,4.433901751071952e-05,200.0,61.3,-184.1822922687752,-1.328050210580729,-0.9337170638474517,-11.174782862592357,0.0,0.0,-27.87593356212761,-7.628803172571964,-3.0806134041217943,-6.048967367675871,-4.8001825447446285,-14.246670158238183
175,350035000016.5947,42,34.9999873847242,35.0,291.9,0,0.0,0.7935312351566283,0.20642664277673653,4.2122066635183544e-05,200.0,61.3,-184.1822922687752,-1.328050210580729,-0.9337170638474517,-11.174782862592357,0.0,0.0,-27.87593356212761,-7.628803172571964,-3.0806134041217943,-6.048967367675871,-4.8001825447446285,-14.246670158238183
176,350035000016.5947,43,34.9999873847242,35.0,291.9,0,0.0,0.7932337262579048,0.2067262577787918,4.001596330342436e-05,200.0,61.3,-184.1822922687752,-1.328050210580729,-0.9337170638474517,-11.174782862592357,0.0,0.0,-27.87593356212761,-7.628803172571964,-3.0806134041217943,-6.048967367675871,-4.8001825447446285,-14.246670158238183
177,350035000016.5947,44,34.9999873847242,35.0,291.9,0,0.0,0.7929575966215481,0.20700438821331366,3.8015165138253144e-05,200.0,61.3,-184.1822922687752,-1.328050210580729,-0.9337170638474517,-11.174782862592357,0.0,0.0,-27.87593356212761,-7.628803172571964,-3.0806134041217943,-6.048967367675871,-4.8001825447446285,-14.246670158238183
178,350035000016.5947,45,34.9999873847242,35.0,291.9,0,0.0,0.7926746933010814,0.20728919229203724,3.611440688134048e-05,200.0,61.3,-184.1822922687752,-1.328050210580729,-0.9337170638474517,-11.174782862592357,0.0,0.0,-27.87593356212761,-7.628803172571964,-3.0806134041217943,-6.048967367675871,-4.8001825447446285,-14.246670158238183
179,350035000016.5947,46,34.9999873847242,35.0,291.9,0,0.0,0.7924124571227297,0.2075532341907331,3.430868653727347e-05,200.0,61.3,-184.1822922687752,-1.328050210580729,-0.9337170638474517,-11.174782862592357,0.0,0.0,-27.87593356212761,-7.628803172571964,-3.0806134041217943,-6.048967367675871,-4.8001825447446285,-14.246670158238183
180,350035000016.5947,47,34.9999873847242,35.0,291.9,0,0.0,0.7921590890618155,0.20780831768597405,3.2593252210409795e-05,200.0,61.3,-184.1822922687752,-1.328050210580729,-0.9337170638474517,-11.174782862592357,0.0,0.0,-27.87593356212761,-7.628803172571964,-3.0806134041217943,-6.048967367675871,-4.8001825447446285,-14.246670158238183
181,350035000016.5947,48,34.9999873847242,35.0,291.9,0,0.0,0.7919195087451738,0.20804952766522636,3.096358959988931e-05,200.0,61.3,-184.1822922687752,-1.328050210580729,-0.9337170638474517,-11.174782862592357,0.0,0.0,-27.87593356212761,-7.628803172571964,-3.0806134041217943,-6.048967367675871,-4.8001825447446285,-14.246670158238183
182,350035000016.5947,49,34.9999873847242,35.0,291.9,0,0.0,0.7916824386324218,0.20828814595745837,2.9415410119894844e-05,200.0,61.3,-184.1822922687752,-1.328050210580729,-0.9337170638474517,-11.174782862592357,0.0,0.0,-27.87593356212761,-7.628803172571964,-3.0806134041217943,-6.048967367675871,-4.8001825447446285,-14.246670158238183
183,350035000016.5947,0,34.9999873847242,35.0,291.9,0,0.0,0.7914583771675283,0.20851367819285788,2.7944639613900102e-05,200.0,61.3,-184.1822922687752,-1.328050210580729,-0.9337170638474517,-11.174782862592357,0.0,0.0,-27.87593356212761,-7.628803172571964,-3.0806134041217943,-6.048967367675871,-4.8001825447446285,-14.246670158238183
184,350035000016.5947,1,34.9999873847242,35.0,291.9,0,0.0,0.7912257110450335,0.2087477415473334,2.6547407633205096e-05,200.0,61.3,-184.1822922687752,-1.328050210580729,-0.9337170638474517,-11.174782862592357,0.0,0.0,-27.87593356212761,-7.628803172571964,-3.0806134041217943,-6.048967367675871,-4.8001825447446285,-14.246670158238183
185,350035000016.5947,2,34.9999873847242,35.0,291.9,0,0.0,0.791016349468479,0.20895843049426954,2.522003725154484e-05,200.0,61.3,-184.1822922687752,-1.328050210580729,-0.9337170638474517,-11.174782862592357,0.0,0.0,-27.87593356212761,-7.628803172571964,-3.0806134041217943,-6.048967367675871,-4.8001825447446285,-14.246670158238183
186,350035000016.5947,3,34.9999873847242,35.0,291.9,0,0.0,0.7907926997686259,0.20918334119598522,2.39590353889676e-05,200.0,61.3,-184.1822922687752,-1.328050210580729,-0.9337170638474517,-11.174782862592357,0.0,0.0,-27.87593356212761,-7.628803172571964,-3.0806134041217943,-6.048967367675871,-4.8001825447446285,-14.246670158238183
187,350035000016.5947,4,34.9999873847242,35.0,291.9,0,0.0,0.79060217720623,0.2093750617101505,2.276108361951922e-05,200.0,61.3,-184.1822922687752,-1.328050210580729,-0.9337170638474517,-11.174782862592357,0.0,0.0,-27.87593356212761,-7.628803172571964,-3.0806134041217943,-6.048967367675871,-4.8001825447446285,-14.246670158238183
188,350035000016.5947,5,34.9999873847242,35.0,291.9,0,0.0,0.790427480251191,0.20955089671937044,2.162302943854326e-05,200.0,61.3,-184.1822922687752,-1.328050210580729,-0.9337170638474517,-11.174782862592357,0.0,0.0,-27.87593356212761,-7.628803172571964,-3.0806134041217943,-6.048967367675871,-4.8001825447446285,-14.246670158238183
189,350035000016.5947,6,34.9999873847242,35.0,291.9,0,0.0,0.7902575630227349,0.20972189509929856,2.05418779666161e-05,200.0,61.3,-184.1822922687752,-1.328050210580729,-0.9337170638474517,-11.174782862592357,0.0,0.0,-27.87593356212761,-7.628803172571964,-3.0806134041217943,-6.048967367675871,-4.8001825447446285,-14.246670158238183
190,350035000016.5947,7,34.9999873847242,35.0,291.9,0,0.0,0.7900770065711429,0.20990347864478887,1.9514784068285294e-05,200.0,61.3,-184.1822922687752,-1.328050210580729,-0.9337170638474517,-11.174782862592357,0.0,0.0,-27.87593356212761,-7.628803172571964,-3.0806134041217943,-6.048967367675871,-4.8001825447446285,-14.246670158238183
191,350035000016.5947,8,34.9999873847242,35.0,291.9,0,0.0,0.7898865024708256,0.21009495848430956,1.8539044864871028e-05,200.0,61.3,-184.1822922687752,-1.328050210580729,-0.9337170638474517,-11.174782862592357,0.0,0.0,-27.87593356212761,-7.628803172571964,-3.0806134041217943,-6.048967367675871,-4.8001825447446285,-14.246670158238183
192,350035000016.5947,9,34.9999873847242,35.0,291.9,0,0.0,0.7897269915395158,0.21025539636786258,1.7612092621627477e-05,200.0,61.3,-184.1822922687752,-1.328050210580729,-0.9337170638474517,-11.174782862592357,0.0,0.0,-27.87593356212761,-7.628803172571964,-3.0806134041217943,-6.048967367675871,-4.8001825447446285,-14.246670158238183
193,350035000016.5947,10,34.9999873847242,35.0,291.9,0,0.0,0.7895616831124668,0.21042158539954267,1.67314879905461e-05,200.0,61.3,-184.1822922687752,-1.328050210580729,-0.9337170638474517,-11.174782862592357,0.0,0.0,-27.87593356212761,-7.628803172571964,-3.0806134041217943,-6.048967367675871,-4.8001825447446285,-14.246670158238183
194,350035000016.5947,11,34.9999873847242,35.0,291.9,0,0.0,0.7893660139522245,0.21061809113418456,1.58949135910188e-05,200.0,61.3,-184.1822922687752,-1.328050210580729,-0.9337170638474517,-11.174782862592357,0.0,0.0,-27.87593356212761,-7.628803172571964,-3.0806134041217943,-6.048967367675871,-4.8001825447446285,-14.246670158238183
195,350035000016.5947,12,34.9999873847242,35.0,291.9,0,0.0,0.7891417178904339,0.2108431819416547,1.5100167911467858e-05,200.0,61.3,-184.1822922687752,-1.328050210580729,-0.9337170638474517,-11.174782862592357,0.0,0.0,-27.87593356212761,-7.628803172571964,-3.0806134041217943,-6.048967367675871,-4.8001825447446285,-14.246670158238183
196,350035000016.5947,13,34.9999873847242,35.0,291.9,0,0.0,0.7889154012266815,0.21107025361380272,1.4345159515894464e-05,200.0,61.3,-184.1822922687752,-1.328050210580729,-0.9337170638474517,-11.174782862592357,0.0,0.0,-27.87593356212761,-7.628803172571964,-3.0806134041217943,-6.048967367675871,-4.8001825447446285,-14.246670158238183
197,350035000016.5947,14,34.9999873847242,35.0,291.9,0,0.0,0.7887170220223223,0.2112693500761377,1.362790154009974e-05,200.0,61.3,-184.1822922687752,-1.328050210580729,-0.9337170638474517,-11.174782862592357,0.0,0.0,-27.87593356212761,-7.628803172571964,-3.0806134041217943,-6.048967367675871,-4.8001825447446285,-14.246670158238183
198,350035000016.5947,15,34.9999873847242,35.0,291.9,0,0.0,0.788520380869999,0.21146667262353777,1.2946506463094749e-05,200.0,61.3,-184.1822922687752,-1.328050210580729,-0.9337170638474517,-11.174782862592357,0.0,0.0,-27.87593356212761,-7.628803172571964,-3.0806134041217943,-6.048967367675871,-4.8001825447446285,-14.246670158238183
199,350035000016.5947,16,34.9999873847242,35.0,291.9,0,0.0,0.7883303718422215,0.21165732897663853,1.2299181139940013e-05,200.0,61.3,-184.1822922687752,-1.328050210580729,-0.9337170638474517,-11.174782862592357,0.0,0.0,-27.87593356212761,-7.628803172571964,-3.0806134041217943,-6.048967367675871,-4.8001825447446285,-14.246670158238183
200,350035000016.5947,17,34.9999873847242,35.0,291.9,0,0.0,0.7881515733613246,0.21183674241659253,1.1684222082943014e-05,200.0,61.3,-184.1822922687752,-1.328050210580729,-0.9337170638474517,-11.174782862592357,0.0,0.0,-27.87593356212761,-7.628803172571964,-3.0806134041217943,-6.048967367675871,-4.8001825447446285,-14.246670158238183
201,350035000016.5947,18,34.9999873847242,35.0,291.9,0,0.0,0.7879639796929699,0.21202492029605136,1.1100010978795862e-05,200.0,61.3,-184.1822922687752,-1.328050210580729,-0.9337170638474517,-11.174782862592357,0.0,0.0,-27.87593356212761,-7.628803172571964,-3.0806134041217943,-6.048967367675871,-4.8001825447446285,-14.246670158238183
202,350035000016.5947,19,34.9999873847242,35.0,291.9,0,0.0,0.7877827052425809,0.21220674974698922,1.0545010429856069e-05,200.0,61.3,-184.1822922687752,-1.328050210580729,-0.9337170638474517,-11.174782862592357,0.0,0.0,-27.87593356212761,-7.628803172571964,-3.0806134041217943,-6.048967367675871,-4.8001825447446285,-14.246670158238183
203,350035000016.5947,20,34.9999873847242,35.0,291.9,0,0.0,0.7876219025052086,0.21236807973488306,1.0017759908363266e-05,200.0,61.3,-184.1822922687752,-1.328050210580729,-0.9337170638474517,-11.174782862592357,0.0,0.0,-27.87593356212761,-7.628803172571964,-3.0806134041217943,-6.048967367675871,-4.8001825447446285,-14.246670158238183
204,350035000016.5947,21,34.9999873847242,35.0,291.9,0,0.0,0.7874851913145976,0.21250529181348948,9.516871912945102e-06,200.0,61.3,-184.1822922687752,-1.328050210580729,-0.9337170638474517,-11.174782862592357,0.0,0.0,-27.87593356212761,-7.628803172571964,-3.0806134041217943,-6.048967367675871,-4.8001825447446285,-14.246670158238183
205,350035000016.5947,22,34.9999873847242,35.0,291.9,0,0.0,0.7873521884175103,0.21263877055417246,9.041028317297848e-06,200.0,61.3,-184.1822922687752,-1.328050210580729,-0.9337170638474517,-11.174782862592357,0.0,0.0,-27.87593356212761,-7.628803172571964,-3.0806134041217943,-6.048967367675871,-4.8001825447446285,-14.246670158238183
206,350035000016.5947,23,34.9999873847242,35.0,291.9,0,0.0,0.7872274670305588,0.2127639439925398,8.588976901432955e-06,200.0,61.3,-184.1822922687752,-1.328050210580729,-0.9337170638474517,-11.174782862592357,0.0,0.0,-27.87593356212761,-7.628803172571964,-3.0806134041217943,-6.048967367675871,-4.8001825447446285,-14.246670158238183
207,350035000016.5947,24,34.9999873847242,35.0,291.9,0,0.0,0.787101185518333,0.21289065495361062,8.159528056361307e-06,200.0,61.3,-184.1822922687752,-1.328050210580729,-0.9337170638474517,-11.174782862592357,0.0,0.0,-27.87593356212761,-7.628803172571964,-3.0806134041217943,-6.048967367675871,-4.8001825447446285,-14.246670158238183
208,350035000016.5947,25,34.9999873847242,35.0,291.9,0,0.0,0.786982865137023,0.21300938331132355,7.751551653543242e-06,200.0,61.3,-184.1822922687752,-1.328050210580729,-0.9337170638474517,-11.174782862592357,0.0,0.0,-27.87593356212761,-7.628803172571964,-3.0806134041217943,-6.048967367675871,-4.8001825447446285,-14.246670158238183
209,350035000016.5947,26,34.9999873847242,35.0,291.9,0,0.0,0.7868440803796312,0.21314855564629803,7.3639740708660805e-06,200.0,61.3,-184.1822922687752,-1.328050210580729,-0.9337170638474517,-11.174782862592357,0.0,0.0,-27.87593356212761,-7.628803172571964,-3.0806134041217943,-6.048967367675871,-4.8001825447446285,-14.246670158238183
210,350035000016.5947,27,34.9999873847242,35.0,291.9,0,0.0,0.786690692186477,0.21330231203815564,6.995775367322776e-06,200.0,61.3,-184.1822922687752,-1.328050210580729,-0.9337170638474517,-11.174782862592357,0.0,0.0,-27.87593356212761,-7.628803172571964,-3.0806134041217943,-6.048967367675871,-4.8001825447446285,-14.246670158238183
211,350035000016.5947,28,34.9999873847242,35.0,291.9,0,0.0,0.7865468327475953,0.21344652126580582,6.6459865989566384e-06,200.0,61.3,-184.1822922687752,-1.328050210580729,-0.9337170638474517,-11.174782862592357,0.0,0.0,-27.87593356212761,-7.628803172571964,-3.0806134041217943,-6.048967367675871,-4.8001825447446285,-14.246670158238183
212,350035000016.5947,29,34.9999873847242,35.0,291.9,0,0.0,0.7864027624042816,0.21359092390844941,6.313687269008807e-06,200.0,61.3,-184.1822922687752,-1.328050210580729,-0.9337170638474517,-11.174782862592357,0.0,0.0,-27.87593356212761,-7.628803172571964,-3.0806134041217943,-6.048967367675871,-4.8001825447446285,-14.246670158238183
213,350035000016.5947,30,34.9999873847242,35.0,291.9,0,0.0,0.7862723653606011,0.2137216366364934,5.9980029055583665e-06,200.0,61.3,-184.1822922687752,-1.328050210580729,-0.9337170638474517,-11.174782862592357,0.0,0.0,-27.87593356212761,-7.628803172571964,-3.0806134041217943,-6.048967367675871,-4.8001825447446285,-14.246670158238183
214,350035000016.5947,31,34.9999873847242,35.0,291.9,0,0.0,0.7861411591937394,0.21385314270350037,5.698102760280448e-06,200.0,61.3,-184.1822922687752,-1.328050210580729,-0.9337170638474517,-11.174782862592357,0.0,0.0,-27.87593356212761,-7.628803172571964,-3.0806134041217943,-6.048967367675871,-4.8001825447446285,-14.246670158238183
215,350035000016.5947,32,34.9999873847242,35.0,291.9,0,0.0,0.7860001152238436,0.2139944715785341,5.413197622266425e-06,200.0,61.3,-184.1822922687752,-1.328050210580729,-0.9337170638474517,-11.174782862592357,0.0,0.0,-27.87593356212761,-7.628803172571964,-3.0806134041217943,-6.048967367675871,-4.8001825447446285,-14.246670158238183
216,350035000016.5947,33,34.9999873847242,35.0,291.9,0,0.0,0.7858635053441505,0.2141313521181084,5.1425377411531045e-06,200.0,61.3,-184.1822922687752,-1.328050210580729,-0.9337170638474517,-11.174782862592357,0.0,0.0,-27.87593356212761,-7.628803172571964,-3.0806134041217943,-6.048967367675871,-4.8001825447446285,-14.246670158238183
217,350035000016.5947,34,34.9999873847242,35.0,291.9,0,0.0,0.7857447057787771,0.21425040881036886,4.885410854095449e-06,200.0,61.3,-184.1822922687752,-1.328050210580729,-0.9337170638474517,-11.174782862592357,0.0,0.0,-27.87593356212761,-7.628803172571964,-3.0806134041217943,-6.048967367675871,-4.8001825447446285,-14.246670158238183
218,350035000016.5947,35,34.9999873847242,35.0,291.9,0,0.0,0.7856292161582703,0.2143661427014183,4.641140311390677e-06,200.0,61.3,-184.1822922687752,-1.328050210580729,-0.9337170638474517,-11.174782862592357,0.0,0.0,-27.87593356212761,-7.628803172571964,-3.0806134041217943,-6.048967367675871,-4.8001825447446285,-14.246670158238183
219,350035000016.5947,36,34.9999873847242,35.0,291.9,0,0.0,0.7855124122819551,0.21448317863474903,4.4090832958211425e-06,200.0,61.3,-184.1822922687752,-1.328050210580729,-0.9337170638474517,-11.174782862592357,0.0,0.0,-27.87593356212761,-7.628803172571964,-3.0806134041217943,-6.048967367675871,-4.8001825447446285,-14.246670158238183
220,350035000016.5947,37,34.9999873847242,35.0,291.9,0,0.0,0.7854033484395836,0.21459246293128537,4.188629131030086e-06,200.0,61.3,-184.1822922687752,-1.328050210580729,-0.9337170638474517,-11.174782862592357,0.0,0.0,-27.87593356212761,-7.628803172571964,-3.0806134041217943,-6.048967367675871,-4.8001825447446285,-14.246670158238183
221,350035000016.5947,38,34.9999873847242,35.0,291.9,0,0.0,0.7852882882054985,0.21470773259682702,3.979197674478581e-06,200.0,61.3,-184.1822922687752,-1.328050210580729,-0.9337170638474517,-11.174782862592357,0.0,0.0,-27.87593356212761,-7.628803172571964,-3.0806134041217943,-6.048967367675871,-4.8001825447446285,-14.246670158238183
222,350035000016.5947,39,34.9999873847242,35.0,291.9,0,0.0,0.7851985930430689,0.21479762671914027,3.7802377907546516e-06,200.0,61.3,-184.1822922687752,-1.328050210580729,-0.9337170638474517,-11.174782862592357,0.0,0.0,-27.87593356212761,-7.628803172571964,-3.0806134041217943,-6.048967367675871,-4.8001825447446285,-14.246670158238183
223,350035000016.5947,40,34.9999873847242,35.0,291.9,0,0.0,0.7851196004280488,0.21487680834605,3.5912259012169195e-06,200.0,61.3,-184.1822922687752,-1.328050210580729,-0.9337170638474517,-11.174782862592357,0.0,0.0,-27.87593356212761,-7.628803172571964,-3.0806134041217943,-6.048967367675871,-4.8001825447446285,-14.246670158238183
224,350035000016.5947,41,34.9999873847242,35.0,291.9,0,0.0,0.7850288414004062,0.21496774693498763,3.4116646061560735e-06,200.0,61.3,-184.1822922687752,-1.328050210580729,-0.9337170638474517,-11.174782862592357,0.0,0.0,-27.87593356212761,-7.628803172571964,-3.0806134041217943,-6.048967367675871,-4.8001825447446285,-14.246670158238183
225,350035000016.5947,42,34.9999873847242,35.0,291.9,0,0.0,0.7849401132920275,0.21505664562659668,3.2410813758482697e-06,200.0,61.3,-184.1822922687752,-1.328050210580729,-0.9337170638474517,-11.174782862592357,0.0,0.0,-27.87593356212761,-7.628803172571964,-3.0806134041217943,-6.048967367675871,-4.8001825447446285,-14.246670158238183
226,350035000016.5947,43,34.9999873847242,35.0,291.9,0,0.0,0.7848620187470875,0.21513490222560544,3.079027307055856e-06,200.0,61.3,-184.1822922687752,-1.328050210580729,-0.9337170638474517,-11.174782862592357,0.0,0.0,-27.87593356212761,-7.628803172571964,-3.0806134041217943,-6.048967367675871,-4.8001825447446285,-14.246670158238183
227,350035000016.5947,44,34.9999873847242,35.0,291.9,0,0.0,0.7847896482716016,0.2152074266524568,2.9250759417030636e-06,200.0,61.3,-184.1822922687752,-1.328050210580729,-0.9337170638474517,-11.174782862592357,0.0,0.0,-27.87593356212761,-7.628803172571964,-3.0806134041217943,-6.048967367675871,-4.8001825447446285,-14.246670158238183
228,350035000016.5947,45,34.9999873847242,35.0,291.9,0,0.0,0.7847054896081805,0.21529173156967493,2.7788221446179104e-06,200.0,61.3,-184.1822922687752,-1.328050210580729,-0.9337170638474517,-11.174782862592357,0.0,0.0,-27.87593356212761,-7.628803172571964,-3.0806134041217943,-6.048967367675871,-4.8001825447446285,-14.246670158238183
229,350035000016.5947,46,34.9999873847242,35.0,291.9,0,0.0,0.7846445340167447,0.21535282610221795,2.639881037387015e-06,200.0,61.3,-184.1822922687752,-1.328050210580729,-0.9337170638474517,-11.174782862592357,0.0,0.0,-27.87593356212761,-7.628803172571964,-3.0806134041217943,-6.048967367675871,-4.8001825447446285,-14.246670158238183
230,350035000016.5947,47,34.9999873847242,35.0,291.9,0,0.0,0.7845841374504094,0.215413354662605,2.507886985517664e-06,200.0,61.3,-184.1822922687752,-1.328050210580729,-0.9337170638474517,-11.174782862592357,0.0,0.0,-27.87593356212761,-7.628803172571964,-3.0806134041217943,-6.048967367675871,-4.8001825447446285,-14.246670158238183
231,350035000016.5947,48,34.9999873847242,35.0,291.9,0,0.0,0.7845370084609141,0.21546060904644965,2.3824926362417813e-06,200.0,61.3,-184.1822922687752,-1.328050210580729,-0.9337170638474517,-11.174782862592357,0.0,0.0,-27.87593356212761,-7.628803172571964,-3.0806134041217943,-6.048967367675871,-4.8001825447446285,-14.246670158238183
232,350035000016.5947,49,34.9999873847242,35.0,291.9,0,0.0,0.784489737347697,0.21550799928429856,2.2633680044296924e-06,200.0,61.3,-184.1822922687752,-1.328050210580729,-0.9337170638474517,-11.174782862592357,0.0,0.0,-27.87593356212761,-7.628803172571964,-3.0806134041217943,-6.048967367675871,-4.8001825447446285,-14.246670158238183
233,350035000016.5947,0,34.9999873847242,35.0,291.9,0,0.0,0.7844423524481118,0.21555549735228396,2.1501996042082075e-06,200.0,61.3,-184.1822922687752,-1.328050210580729,-0.9337170638474517,-11.174782862592357,0.0,0.0,-27.87593356212761,-7.628803172571964,-3.0806134041217943,-6.048967367675871,-4.8001825447446285,-14.246670158238183
234,350035000016.5947,1,34.9999873847242,35.0,291.9,0,0.0,0.7843990624289712,0.21559889488140488,2.0426896239977973e-06,200.0,61.3,-184.1822922687752,-1.328050210580729,-0.9337170638474517,-11.174782862592357,0.0,0.0,-27.87593356212761,-7.628803172571964,-3.0806134041217943,-6.048967367675871,-4.8001825447446285,-14.246670158238183
235,350035000016.5947,2,34.9999873847242,35.0,291.9,0,0.0,0.7843596470796097,0.21563841236524756,1.9405551427979074e-06,200.0,61.3,-184.1822922687752,-1.328050210580729,-0.9337170638474517,-11.174782862592357,0.0,0.0,-27.87593356212761,-7.628803172571964,-3.0806134041217943,-6.048967367675871,-4.8001825447446285,-14.246670158238183
236,350035000016.5947,3,34.9999873847242,35.0,291.9,0,0.0,0.7843321782497373,0.21566597822287698,1.843527385658012e-06,200.0,61.3,-184.1822922687752,-1.328050210580729,-0.9337170638474517,-11.174782862592357,0.0,0.0,-27.87593356212761,-7.628803172571964,-3.0806134041217943,-6.048967367675871,-4.8001825447446285,-14.246670158238183
237,350035000016.5947,4,34.9999873847242,35.0,291.9,0,0.0,0.784287100490317,0.21571114815866668,1.7513510163751116e-06,200.0,61.3,-184.1822922687752,-1.328050210580729,-0.9337170638474517,-11.174782862592357,0.0,0.0,-27.87593356212761,-7.628803172571964,-3.0806134041217943,-6.048967367675871,-4.8001825447446285,-14.246670158238183
238,350035000016.5947,5,34.9999873847242,35.0,291.9,0,0.0,0.7842295332752508,0.2157688029412837,1.663783465556356e-06,200.0,61.3,-184.1822922687752,-1.328050210580729,-0.9337170638474517,-11.174782862592357,0.0,0.0,-27.87593356212761,-7.628803172571964,-3.0806134041217943,-6.048967367675871,-4.8001825447446285,-14.246670158238183
239,350035000016.5947,6,34.9999873847242,35.0,291.9,0,0.0,0.784164309340084,0.2158341100656238,1.580594292278538e-06,200.0,61.3,-184.1822922687752,-1.328050210580729,-0.9337170638474517,-11.174782862592357,0.0,0.0,-27.87593356212761,-7.628803172571964,-3.0806134041217943,-6.048967367675871,-4.8001825447446285,-14.246670158238183
240,350035000016.5947,7,34.9999873847242,35.0,291.9,0,0.0,0.7841082557155344,0.21589024271988796,1.5015645776646114e-06,200.0,61.3,-184.1822922687752,-1.328050210580729,-0.9337170638474517,-11.174782862592357,0.0,0.0,-27.87593356212761,-7.628803172571964,-3.0806134041217943,-6.048967367675871,-4.8001825447446285,-14.246670158238183
241,350035000016.5947,8,34.9999873847242,35.0,291.9,0,0.0,0.7840649252321096,0.2159336482815417,1.4264863487813807e-06,200.0,61.3,-184.1822922687752,-1.328050210580729,-0.9337170638474517,-11.174782862592357,0.0,0.0,-27.87593356212761,-7.628803172571964,-3.0806134041217943,-6.048967367675871,-4.8001825447446285,-14.246670158238183
242,350035000016.5947,9,34.9999873847242,35.0,291.9,0,0.0,0.7840416660682031,0.21595697876976552,1.3551620313423116e-06,200.0,61.3,-184.1822922687752,-1.328050210580729,-0.9337170638474517,-11.174782862592357,0.0,0.0,-27.87593356212761,-7.628803172571964,-3.0806134041217943,-6.048967367675871,-4.8001825447446285,-14.246670158238183
243,350035000016.5947,10,34.9999873847242,35.0,291.9,0,0.0,0.7840010882435924,0.21599762435247782,1.287403929775196e-06,200.0,61.3,-184.1822922687752,-1.328050210580729,-0.9337170638474517,-11.174782862592357,0.0,0.0,-27.87593356212761,-7.628803172571964,-3.0806134041217943,-6.048967367675871,-4.8001825447446285,-14.246670158238183
244,350035000016.5947,11,34.9999873847242,35.0,291.9,0,0.0,0.7839682735345403,0.21603050343172633,1.223033733286436e-06,200.0,61.3,-184.1822922687752,-1.328050210580729,-0.9337170638474517,-11.174782862592357,0.0,0.0,-27.87593356212761,-7.628803172571964,-3.0806134041217943,-6.048967367675871,-4.8001825447446285,-14.246670158238183
245,350035000016.5947,12,34.9999873847242,35.0,291.9,0,0.0,0.7839227988098589,0.21607603930809446,1.1618820466221145e-06,200.0,61.3,-184.1822922687752,-1.328050210580729,-0.9337170638474517,-11.174782862592357,0.0,0.0,-27.87593356212761,-7.628803172571964,-3.0806134041217943,-6.048967367675871,-4.8001825447446285,-14.246670158238183
246,350035000016.5947,13,34.9999873847242,35.0,291.9,0,0.0,0.7838653900526683,0.21613350615938742,1.1037879442910088e-06,200.0,61.3,-184.1822922687752,-1.328050210580729,-0.9337170638474517,-11.174782862592357,0.0,0.0,-27.87593356212761,-7.628803172571964,-3.0806134041217943,-6.048967367675871,-4.8001825447446285,-14.246670158238183
247,350035000016.5947,14,34.9999873847242,35.0,291.9,0,0.0,0.7838126520881176,0.21618629931333544,1.0485985470764584e-06,200.0,61.3,-184.1822922687752,-1.328050210580729,-0.9337170638474517,-11.174782862592357,0.0,0.0,-27.87593356212761,-7.628803172571964,-3.0806134041217943,-6.048967367675871,-4.8001825447446285,-14.246670158238183
248,350035000016.5947,15,34.9999873847242,35.0,291.9,0,0.0,0.7837643360697953,0.21623466776158498,9.961686197226354e-07,200.0,61.3,-184.1822922687752,-1.328050210580729,-0.9337170638474517,-11.174782862592357,0.0,0.0,-27.87593356212761,-7.628803172571964,-3.0806134041217943,-6.048967367675871,-4.8001825447446285,-14.246670158238183
249,350035000016.5947,16,34.9999873847242,35.0,291.9,0,0.0,0.7837359510467837,0.21626310259302756,9.463601887365036e-07,200.0,61.3,-184.1822922687752,-1.328050210580729,-0.9337170638474517,-11.174782862592357,0.0,0.0,-27.87593356212761,-7.628803172571964,-3.0806134041217943,-6.048967367675871,-4.8001825447446285,-14.246670158238183
250,350035000016.5947,17,34.9999873847242,35.0,291.9,0,0.0,0.7837028376075027,0.21629626335031799,8.990421792996783e-07,200.0,61.3,-184.1822922687752,-1.328050210580729,-0.9337170638474517,-11.174782862592357,0.0,0.0,-27.87593356212761,-7.628803172571964,-3.0806134041217943,-6.048967367675871,-4.8001825447446285,-14.246670158238183
251,350035000016.5947,18,34.9999873847242,35.0,291.9,0,0.0,0.7836691829302633,0.21632996297966628,8.540900703346944e-07,200.0,61.3,-184.1822922687752,-1.328050210580729,-0.9337170638474517,-11.174782862592357,0.0,0.0,-27.87593356212761,-7.628803172571964,-3.0806134041217943,-6.048967367675871,-4.8001825447446285,-14.246670158238183
252,350035000016.5947,19,34.9999873847242,35.0,291.9,0,0.0,0.7836350313329568,0.21636415728147648,8.113855668179597e-07,200.0,61.3,-184.1822922687752,-1.328050210580729,-0.9337170638474517,-11.174782862592357,0.0,0.0,-27.87593356212761,-7.628803172571964,-3.0806134041217943,-6.048967367675871,-4.8001825447446285,-14.246670158238183
253,350035000016.5947,20,34.9999873847242,35.0,291.9,0,0.0,0.7836004247150644,0.21639880446864715,7.708162884770617e-07,200.0,61.3,-184.1822922687752,-1.328050210580729,-0.9337170638474517,-11.174782862592357,0.0,0.0,-27.87593356212761,-7.628803172571964,-3.0806134041217943,-6.048967367675871,-4.8001825447446285,-14.246670158238183
254,350035000016.5947,21,34.9999873847242,35.0,291.9,0,0.0,0.7835769751160723,0.2164222926084537,7.322754740532085e-07,200.0,61.3,-184.1822922687752,-1.328050210580729,-0.9337170638474517,-11.174782862592357,0.0,0.0,-27.87593356212761,-7.628803172571964,-3.0806134041217943,-6.048967367675871,-4.8001825447446285,-14.246670158238183
255,350035000016.5947,22,34.9999873847242,35.0,291.9,0,0.0,0.783560202127119,0.2164391022111807,6.956617003505481e-07,200.0,61.3,-184.1822922687752,-1.328050210580729,-0.9337170638474517,-11.174782862592357,0.0,0.0,-27.87593356212761,-7.628803172571964,-3.0806134041217943,-6.048967367675871,-4.8001825447446285,-14.246670158238183
256,350035000016.5947,23,34.9999873847242,35.0,291.9,0,0.0,0.783542083619679,0.2164572555017057,6.608786153330208e-07,200.0,61.3,-184.1822922687752,-1.328050210580729,-0.9337170638474517,-11.174782862592357,0.0,0.0,-27.87593356212761,-7.628803172571964,-3.0806134041217943,-6.048967367675871,-4.8001825447446285,-14.246670158238183
257,350035000016.5947,24,34.9999873847242,35.0,291.9,0,0.0,0.7835303157101406,0.2164690564551748,6.278346845663697e-07,200.0,61.3,-184.1822922687752,-1.328050210580729,-0.9337170638474517,-11.174782862592357,0.0,0.0,-27.87593356212761,-7.628803172571964,-3.0806134041217943,-6.048967367675871,-4.8001825447446285,-14.246670158238183
258,350035000016.5947,25,34.9999873847242,35.0,291.9,0,0.0,0.783513166312732,0.21648623724431756,5.964429503380512e-07,200.0,61.3,-184.1822922687752,-1.328050210580729,-0.9337170638474517,-11.174782862592357,0.0,0.0,-27.87593356212761,-7.628803172571964,-3.0806134041217943,-6.048967367675871,-4.8001825447446285,-14.246670158238183
259,350035000016.5947,26,34.9999873847242,35.0,291.9,0,0.0,0.7834720245154915,0.21652740886370572,5.666208028211488e-07,200.0,61.3,-184.1822922687752,-1.328050210580729,-0.9337170638474517,-11.174782862592357,0.0,0.0,-27.87593356212761,-7.628803172571964,-3.0806134041217943,-6.048967367675871,-4.8001825447446285,-14.246670158238183
260,350035000016.5947,27,34.9999873847242,35.0,291.9,0,0.0,0.7834346654980874,0.21656479621215002,5.382897626800914e-07,200.0,61.3,-184.1822922687752,-1.328050210580729,-0.9337170638474517,-11.174782862592357,0.0,0.0,-27.87593356212761,-7.628803172571964,-3.0806134041217943,-6.048967367675871,-4.8001825447446285,-14.246670158238183
261,350035000016.5947,28,34.9999873847242,35.0,291.9,0,0.0,0.7834046430382473,0.21659484558647812,5.113752745460868e-07,200.0,61.3,-184.1822922687752,-1.328050210580729,-0.9337170638474517,-11.174782862592357,0.0,0.0,-27.87593356212761,-7.628803172571964,-3.0806134041217943,-6.048967367675871,-4.8001825447446285,-14.246670158238183
262,350035000016.5947,29,34.9999873847242,35.0,291.9,0,0.0,0.7833665747323869,0.21663293946110235,4.858065108187825e-07,200.0,61.3,-184.1822922687752,-1.328050210580729,-0.9337170638474517,-11.174782862592357,0.0,0.0,-27.87593356212761,-7.628803172571964,-3.0806134041217943,-6.048967367675871,-4.8001825447446285,-14.246670158238183
263,350035000016.5947,30,34.9999873847242,35.0,291.9,0,0.0,0.7833321250557095,0.2166674134281053,4.615161852778433e-07,200.0,61.3,-184.1822922687752,-1.328050210580729,-0.9337170638474517,-11.174782862592357,0.0,0.0,-27.87593356212761,-7.628803172571964,-3.0806134041217943,-6.048967367675871,-4.8001825447446285,-14.246670158238183
264,350035000016.5947,31,34.9999873847242,35.0,291.9,0,0.0,0.7832973833211745,0.21670217823844945,4.3844037601395115e-07,200.0,61.3,-184.1822922687752,-1.328050210580729,-0.9337170638474517,-11.174782862592357,0.0,0.0,-27.87593356212761,-7.628803172571964,-3.0806134041217943,-6.048967367675871,-4.8001825447446285,-14.246670158238183
265,350035000016.5947,32,34.9999873847242,35.0,291.9,0,0.0,0.7832734818759304,0.21672610160571248,4.165183572132536e-07,200.0,61.3,-184.1822922687752,-1.328050210580729,-0.9337170638474517,-11.174782862592357,0.0,0.0,-27.87593356212761,-7.628803172571964,-3.0806134041217943,-6.048967367675871,-4.8001825447446285,-14.246670158238183
266,350035000016.5947,33,34.9999873847242,35.0,291.9,0,0.0,0.7832524351163223,0.21674716919123846,3.9569243935259094e-07,200.0,61.3,-184.1822922687752,-1.328050210580729,-0.9337170638474517,-11.174782862592357,0.0,0.0,-27.87593356212761,-7.628803172571964,-3.0806134041217943,-6.048967367675871,-4.8001825447446285,-14.246670158238183
267,350035000016.5947,34,34.9999873847242,35.0,291.9,0,0.0,0.7832450842623583,0.21675453982982434,3.759078173849614e-07,200.0,61.3,-184.1822922687752,-1.328050210580729,-0.9337170638474517,-11.174782862592357,0.0,0.0,-27.87593356212761,-7.628803172571964,-3.0806134041217943,-6.048967367675871,-4.8001825447446285,-14.246670158238183
268,350035000016.5947,35,34.9999873847242,35.0,291.9,0,0.0,0.7832506274259929,0.21674901546158054,3.571124265157133e-07,200.0,61.3,-184.1822922687752,-1.328050210580729,-0.9337170638474517,-11.174782862592357,0.0,0.0,-27.87593356212761,-7.628803172571964,-3.0806134041217943,-6.048967367675871,-4.8001825447446285,-14.246670158238183
269,350035000016.5947,36,34.9999873847242,35.0,291.9,0,0.0,0.783253797097567,0.2167458636456278,3.3925680518992764e-07,200.0,61.3,-184.1822922687752,-1.328050210580729,-0.9337170638474517,-11.174782862592357,0.0,0.0,-27.87593356212761,-7.628803172571964,-3.0806134041217943,-6.048967367675871,-4.8001825447446285,-14.246670158238183
270,350035000016.5947,37,34.9999873847242,35.0,291.9,0,0.0,0.7832511089534795,0.21674856875255558,3.2229396493043127e-07,200.0,61.3,-184.1822922687752,-1.328050210580729,-0.9337170638474517,-11.174782862592357,0.0,0.0,-27.87593356212761,-7.628803172571964,-3.0806134041217943,-6.048967367675871,-4.8001825447446285,-14.246670158238183
271,350035000016.5947,38,34.9999873847242,35.0,291.9,0,0.0,0.7832465020707812,0.21675319174995222,3.0617926668390974e-07,200.0,61.3,-184.1822922687752,-1.328050210580729,-0.9337170638474517,-11.174782862592357,0.0,0.0,-27.87593356212761,-7.628803172571964,-3.0806134041217943,-6.048967367675871,-4.8001825447446285,-14.246670158238183
272,350035000016.5947,39,34.9999873847242,35.0,291.9,0,0.0,0.7832687845278455,0.2167309246018511,2.908703033497142e-07,200.0,61.3,-184.1822922687752,-1.328050210580729,-0.9337170638474517,-11.174782862592357,0.0,0.0,-27.87593356212761,-7.628803172571964,-3.0806134041217943,-6.048967367675871,-4.8001825447446285,-14.246670158238183
273,350035000016.5947,40,34.9999873847242,35.0,291.9,0,0.0,0.7832842606587771,0.21671546301443467,2.763267881822285e-07,200.0,61.3,-184.1822922687752,-1.328050210580729,-0.9337170638474517,-11.174782862592357,0.0,0.0,-27.87593356212761,-7.628803172571964,-3.0806134041217943,-6.048967367675871,-4.8001825447446285,-14.246670158238183
274,350035000016.5947,41,34.9999873847242,35.0,291.9,0,0.0,0.7832933091176719,0.2167064283718793,2.625104487731171e-07,200.0,61.3,-184.1822922687752,-1.328050210580729,-0.9337170638474517,-11.174782862592357,0.0,0.0,-27.87593356212761,-7.628803172571964,-3.0806134041217943,-6.048967367675871,-4.8001825447446285,-14.246670158238183
275,350035000016.5947,42,34.9999873847242,35.0,291.9,0,0.0,0.7832856368816292,0.21671411373344446,2.4938492633446123e-07,200.0,61.3,-184.1822922687752,-1.328050210580729,-0.9337170638474517,-11.174782862592357,0.0,0.0,-27.87593356212761,-7.628803172571964,-3.0806134041217943,-6.048967367675871,-4.8001825447446285,-14.246670158238183
276,350035000016.5947,43,34.9999873847242,35.0,291.9,0,0.0,0.7832869592011663,0.21671280388315375,2.3691568001773817e-07,200.0,61.3,-184.1822922687752,-1.328050210580729,-0.9337170638474517,-11.174782862592357,0.0,0.0,-27.87593356212761,-7.628803172571964,-3.0806134041217943,-6.048967367675871,-4.8001825447446285,-14.246670158238183
277,350035000016.5947,44,34.9999873847242,35.0,291.9,0,0.0,0.783282663737827,0.2167171111922771,2.2506989601685125e-07,200.0,61.3,-184.1822922687752,-1.328050210580729,-0.9337170638474517,-11.174782862592357,0.0,0.0,-27.87593356212761,-7.628803172571964,-3.0806134041217943,-6.048967367675871,-4.8001825447446285,-14.246670158238183
278,350035000016.5947,45,34.9999873847242,35.0,291.9,0,0.0,0.7832625155914509,0.21673727059214798,2.138164012160087e-07,200.0,61.3,-184.1822922687752,-1.328050210580729,-0.9337170638474517,-11.174782862592357,0.0,0.0,-27.87593356212761,-7.628803172571964,-3.0806134041217943,-6.048967367675871,-4.8001825447446285,-14.246670158238183
279,350035000016.5947,46,34.9999873847242,35.0,291.9,0,0.0,0.7832414365603928,0.21675836031402604,2.0312558115520823e-07,200.0,61.3,-184.1822922687752,-1.328050210580729,-0.9337170638474517,-11.174782862592357,0.0,0.0,-27.87593356212761,-7.628803172571964,-3.0806134041217943,-6.048967367675871,-4.8001825447446285,-14.246670158238183
280,350035000016.5947,47,34.9999873847242,35.0,291.9,0,0.0,0.7832299677629886,0.21676983926770935,1.929693020974478e-07,200.0,61.3,-184.1822922687752,-1.328050210580729,-0.9337170638474517,-11.174782862592357,0.0,0.0,-27.87593356212761,-7.628803172571964,-3.0806134041217943,-6.048967367675871,-4.8001825447446285,-14.246670158238183
281,350035000016.5947,48,34.9999873847242,35.0,291.9,0,0.0,0.7832345033162728,0.2167653133628903,1.833208369925754e-07,200.0,61.3,-184.1822922687752,-1.328050210580729,-0.9337170638474517,-11.174782862592357,0.0,0.0,-27.87593356212761,-7.628803172571964,-3.0806134041217943,-6.048967367675871,-4.8001825447446285,-14.246670158238183
282,350035000016.5947,49,34.9999873847242,35.0,291.9,0,0.0,0.7832298976267276,0.21676992821847735,1.7415479514294664e-07,200.0,61.3,-184.1822922687752,-1.328050210580729,-0.9337170638474517,-11.174782862592357,0.0,0.0,-27.87593356212761,-7.628803172571964,-3.0806134041217943,-6.048967367675871,-4.8001825447446285,-14.246670158238183
283,350035000016.5947,0,34.9999873847242,35.0,291.9,0,0.0,0.7832166619389297,0.21678317261401497,1.6544705538579934e-07,200.0,61.3,-184.1822922687752,-1.328050210580729,-0.9337170638474517,-11.174782862592357,0.0,0.0,-27.87593356212761,-7.628803172571964,-3.0806134041217943,-6.048967367675871,-4.8001825447446285,-14.246670158238183
284,350035000016.5947,1,34.9999873847242,35.0,291.9,0,0.0,0.7832124920556813,0.21678735076961608,1.5717470261650936e-07,200.0,61.3,-184.1822922687752,-1.328050210580729,-0.9337170638474517,-11.174782862592357,0.0,0.0,-27.87593356212761,-7.628803172571964,-3.0806134041217943,-6.048967367675871,-4.8001825447446285,-14.246670158238183
285,350035000016.5947,2,34.9999873847242,35.0,291.9,0,0.0,0.783199735096978,0.21680011558705445,1.493159674856839e-07,200.0,61.3,-184.1822922687752,-1.328050210580729,-0.9337170638474517,-11.174782862592357,0.0,0.0,-27.87593356212761,-7.628803172571964,-3.0806134041217943,-6.048967367675871,-4.8001825447446285,-14.246670158238183
286,350035000016.5947,3,34.9999873847242,35.0,291.9,0,0.0,0.7831822940609132,0.21681756408891764,1.418501691113997e-07,200.0,61.3,-184.1822922687752,-1.328050210580729,-0.9337170638474517,-11.174782862592357,0.0,0.0,-27.87593356212761,-7.628803172571964,-3.0806134041217943,-6.048967367675871,-4.8001825447446285,-14.246670158238183
287,350035000016.5947,4,34.9999873847242,35.0,291.9,0,0.0,0.7831706610106273,0.21682920423171215,1.3475766065582974e-07,200.0,61.3,-184.1822922687752,-1.328050210580729,-0.9337170638474517,-11.174782862592357,0.0,0.0,-27.87593356212761,-7.628803172571964,-3.0806134041217943,-6.048967367675871,-4.8001825447446285,-14.246670158238183
288,350035000016.5947,5,34.9999873847242,35.0,291.9,0,0.0,0.783167897999544,0.2168319739806784,1.2801977762303825e-07,200.0,61.3,-184.1822922687752,-1.328050210580729,-0.9337170638474517,-11.174782862592357,0.0,0.0,-27.87593356212761,-7.628803172571964,-3.0806134041217943,-6.048967367675871,-4.8001825447446285,-14.246670158238183
289,350035000016.5947,6,34.9999873847242,35.0,291.9,0,0.0,0.7831464524552756,0.21685342592593576,1.2161878874188632e-07,200.0,61.3,-184.1822922687752,-1.328050210580729,-0.9337170638474517,-11.174782862592357,0.0,0.0,-27.87593356212761,-7.628803172571964,-3.0806134041217943,-6.048967367675871,-4.8001825447446285,-14.246670158238183
290,350035000016.5947,7,34.9999873847242,35.0,291.9,0,0.0,0.7831073455348099,0.21689253892734084,1.15537849304792e-07,200.0,61.3,-184.1822922687752,-1.328050210580729,-0.9337170638474517,-11.174782862592357,0.0,0.0,-27.87593356212761,-7.628803172571964,-3.0806134041217943,-6.048967367675871,-4.8001825447446285,-14.246670158238183
291,350035000016.5947,8,34.9999873847242,35.0,291.9,0,0.0,0.7830616761912967,0.21693821404774644,1.097609568395524e-07,200.0,61.3,-184.1822922687752,-1.328050210580729,-0.9337170638474517,-11.174782862592357,0.0,0.0,-27.87593356212761,-7.628803172571964,-3.0806134041217943,-6.048967367675871,-4.8001825447446285,-14.246670158238183
292,350035000016.5947,9,34.9999873847242,35.0,291.9,0,0.0,0.7830131882612882,0.21698670746580284,1.0427290899757477e-07,200.0,61.3,-184.1822922687752,-1.328050210580729,-0.9337170638474517,-11.174782862592357,0.0,0.0,-27.87593356212761,-7.628803172571964,-3.0806134041217943,-6.048967367675871,-4.8001825447446285,-14.246670158238183
293,350035000016.5947,10,34.9999873847242,35.0,291.9,0,0.0,0.7829620549145745,0.21703784602616197,9.905926354769603e-08,200.0,61.3,-184.1822922687752,-1.328050210580729,-0.9337170638474517,-11.174782862592357,0.0,0.0,-27.87593356212761,-7.628803172571964,-3.0806134041217943,-6.048967367675871,-4.8001825447446285,-14.246670158238183
294,350035000016.5947,11,34.9999873847242,35.0,291.9,0,0.0,0.7829017460953493,0.21709815979835023,9.410630037031122e-08,200.0,61.3,-184.1822922687752,-1.328050210580729,-0.9337170638474517,-11.174782862592357,0.0,0.0,-27.87593356212761,-7.628803172571964,-3.0806134041217943,-6.048967367675871,-4.8001825447446285,-14.246670158238183
295,350035000016.5947,12,34.9999873847242,35.0,291.9,0,0.0,0.7828361254781936,0.21716378512082105,8.940098535179567e-08,200.0,61.3,-184.1822922687752,-1.328050210580729,-0.9337170638474517,-11.174782862592357,0.0,0.0,-27.87593356212761,-7.628803172571964,-3.0806134041217943,-6.048967367675871,-4.8001825447446285,-14.246670158238183
296,350035000016.5947,13,34.9999873847242,35.0,291.9,0,0.0,0.7827721696093879,0.21722774545967607,8.49309360842059e-08,200.0,61.3,-184.1822922687752,-1.328050210580729,-0.9337170638474517,-11.174782862592357,0.0,0.0,-27.87593356212761,-7.628803172571964,-3.0806134041217943,-6.048967367675871,-4.8001825447446285,-14.246670158238183
297,350035000016.5947,14,34.9999873847242,35.0,291.9,0,0.0,0.7827098060332466,0.2172901132823641,8.06843892799956e-08,200.0,61.3,-184.1822922687752,-1.328050210580729,-0.9337170638474517,-11.174782862592357,0.0,0.0,-27.87593356212761,-7.628803172571964,-3.0806134041217943,-6.048967367675871,-4.8001825447446285,-14.246670158238183
298,350035000016.5947,15,34.9999873847242,35.0,291.9,0,0.0,0.7826224540708895,0.21737746927894075,7.665016981599583e-08,200.0,61.3,-184.1822922687752,-1.328050210580729,-0.9337170638474517,-11.174782862592357,0.0,0.0,-27.87593356212761,-7.628803172571964,-3.0806134041217943,-6.048967367675871,-4.8001825447446285,-14.246670158238183
299,350035000016.5947,16,34.9999873847242,35.0,291.9,0,0.0,0.7825379707322888,0.2174619564500499,7.281766132519604e-08,200.0,61.3,-184.1822922687752,-1.328050210580729,-0.9337170638474517,-11.174782862592357,0.0,0.0,-27.87593356212761,-7.628803172571964,-3.0806134041217943,-6.048967367675871,-4.8001825447446285,-14.246670158238183
300,350035000016.5947,17,34.9999873847242,35.0,291.9,0,0.0,0.7824759871879464,0.21752394363527536,6.917677825893624e-08,200.0,61.3,-184.1822922687752,-1.328050210580729,-0.9337170638474517,-11.174782862592357,0.0,0.0,-27.87593356212761,-7.628803172571964,-3.0806134041217943,-6.048967367675871,-4.8001825447446285,-14.246670158238183
301,350035000016.5947,18,34.9999873847242,35.0,291.9,0,0.0,0.7824188390934215,0.21758109518863922,6.571793934598942e-08,200.0,61.3,-184.1822922687752,-1.328050210580729,-0.9337170638474517,-11.174782862592357,0.0,0.0,-27.87593356212761,-7.628803172571964,-3.0806134041217943,-6.048967367675871,-4.8001825447446285,-14.246670158238183
302,350035000016.5947,19,34.9999873847242,35.0,291.9,0,0.0,0.7823597373752096,0.217640200192748,6.243204237868995e-08,200.0,61.3,-184.1822922687752,-1.328050210580729,-0.9337170638474517,-11.174782862592357,0.0,0.0,-27.87593356212761,-7.628803172571964,-3.0806134041217943,-6.048967367675871,-4.8001825447446285,-14.246670158238183
303,350035000016.5947,20,34.9999873847242,35.0,291.9,0,0.0,0.7822955485198843,0.21770439216967546,5.931044025975545e-08,200.0,61.3,-184.1822922687752,-1.328050210580729,-0.9337170638474517,-11.174782862592357,0.0,0.0,-27.87593356212761,-7.628803172571964,-3.0806134041217943,-6.048967367675871,-4.8001825447446285,-14.246670158238183
304,350035000016.5947,21,34.9999873847242,35.0,291.9,0,0.0,0.782223318193472,0.2177766254616097,5.6344918246767676e-08,200.0,61.3,-184.1822922687752,-1.328050210580729,-0.9337170638474517,-11.174782862592357,0.0,0.0,-27.87593356212761,-7.628803172571964,-3.0806134041217943,-6.048967367675871,-4.8001825447446285,-14.246670158238183
305,350035000016.5947,22,34.9999873847242,35.0,291.9,0,0.0,0.7821532481742094,0.21784669829811829,5.3527672334429296e-08,200.0,61.3,-184.1822922687752,-1.328050210580729,-0.9337170638474517,-11.174782862592357,0.0,0.0,-27.87593356212761,-7.628803172571964,-3.0806134041217943,-6.048967367675871,-4.8001825447446285,-14.246670158238183
306,350035000016.5947,23,34.9999873847242,35.0,291.9,0,0.0,0.7820787679544989,0.21792118119421242,5.0851288717707833e-08,200.0,61.3,-184.1822922687752,-1.328050210580729,-0.9337170638474517,-11.174782862592357,0.0,0.0,-27.87593356212761,-7.628803172571964,-3.0806134041217943,-6.048967367675871,-4.8001825447446285,-14.246670158238183
307,350035000016.5947,24,34.9999873847242,35.0,291.9,0,0.0,0.7820162749482656,0.21798367674301009,4.830872428182244e-08,200.0,61.3,-184.1822922687752,-1.328050210580729,-0.9337170638474517,-11.174782862592357,0.0,0.0,-27.87593356212761,-7.628803172571964,-3.0806134041217943,-6.048967367675871,-4.8001825447446285,-14.246670158238183
308,350035000016.5947,25,34.9999873847242,35.0,291.9,0,0.0,0.7819651063238826,0.21803484778282928,4.5893288067731314e-08,200.0,61.3,-184.1822922687752,-1.328050210580729,-0.9337170638474517,-11.174782862592357,0.0,0.0,-27.87593356212761,-7.628803172571964,-3.0806134041217943,-6.048967367675871,-4.8001825447446285,-14.246670158238183
309,350035000016.5947,26,34.9999873847242,35.0,291.9,0,0.0,0.7818926163569584,0.21810734004441792,4.3598623664344743e-08,200.0,61.3,-184.1822922687752,-1.328050210580729,-0.9337170638474517,-11.174782862592357,0.0,0.0,-27.87593356212761,-7.628803172571964,-3.0806134041217943,-6.048967367675871,-4.8001825447446285,-14.246670158238183
310,350035000016.5947,27,34.9999873847242,35.0,291.9,0,0.0,0.781828769750031,0.21817118883127648,4.14186924811275e-08,200.0,61.3,-184.1822922687752,-1.328050210580729,-0.9337170638474517,-11.174782862592357,0.0,0.0,-27.87593356212761,-7.628803172571964,-3.0806134041217943,-6.048967367675871,-4.8001825447446285,-14.246670158238183
311,350035000016.5947,28,34.9999873847242,35.0,291.9,0,0.0,0.7817794618505673,0.21822049880167485,3.934775785707113e-08,200.0,61.3,-184.1822922687752,-1.328050210580729,-0.9337170638474517,-11.174782862592357,0.0,0.0,-27.87593356212761,-7.628803172571964,-3.0806134041217943,-6.048967367675871,-4.8001825447446285,-14.246670158238183
312,350035000016.5947,29,34.9999873847242,35.0,291.9,0,0.0,0.7817280312932293,0.2182719313264008,3.7380369964217576e-08,200.0,61.3,-184.1822922687752,-1.328050210580729,-0.9337170638474517,-11.174782862592357,0.0,0.0,-27.87593356212761,-7.628803172571964,-3.0806134041217943,-6.048967367675871,-4.8001825447446285,-14.246670158238183
313,350035000016.5947,30,34.9999873847242,35.0,291.9,0,0.0,0.7816714472630583,0.21832851722559032,3.551135146600669e-08,200.0,61.3,-184.1822922687752,-1.328050210580729,-0.9337170638474517,-11.174782862592357,0.0,0.0,-27.87593356212761,-7.628803172571964,-3.0806134041217943,-6.048967367675871,-4.8001825447446285,-14.246670158238183
314,350035000016.5947,31,34.9999873847242,35.0,291.9,0,0.0,0.7816036921231039,0.2183962741411122,3.373578389270636e-08,200.0,61.3,-184.1822922687752,-1.328050210580729,-0.9337170638474517,-11.174782862592357,0.0,0.0,-27.87593356212761,-7.628803172571964,-3.0806134041217943,-6.048967367675871,-4.8001825447446285,-14.246670158238183
315,350035000016.5947,32,34.9999873847242,35.0,291.9,0,0.0,0.7815285450679239,0.2184714228830814,3.204899469807105e-08,200.0,61.3,-184.1822922687752,-1.328050210580729,-0.9337170638474517,-11.174782862592357,0.0,0.0,-27.87593356212761,-7.628803172571964,-3.0806134041217943,-6.048967367675871,-4.8001825447446285,-14.246670158238183
316,350035000016.5947,33,34.9999873847242,35.0,291.9,0,0.0,0.7814495783422962,0.21855039121115877,3.044654496316749e-08,200.0,61.3,-184.1822922687752,-1.328050210580729,-0.9337170638474517,-11.174782862592357,0.0,0.0,-27.87593356212761,-7.628803172571964,-3.0806134041217943,-6.048967367675871,-4.8001825447446285,-14.246670158238183
317,350035000016.5947,34,34.9999873847242,35.0,291.9,0,0.0,0.7813733021658121,0.21862666890997015,2.892421771500912e-08,200.0,61.3,-184.1822922687752,-1.328050210580729,-0.9337170638474517,-11.174782862592357,0.0,0.0,-27.87593356212761,-7.628803172571964,-3.0806134041217943,-6.048967367675871,-4.8001825447446285,-14.246670158238183
318,350035000016.5947,35,34.9999873847242,35.0,291.9,0,0.0,0.781296461175459,0.2187035113465341,2.747800682925866e-08,200.0,61.3,-184.1822922687752,-1.328050210580729,-0.9337170638474517,-11.174782862592357,0.0,0.0,-27.87593356212761,-7.628803172571964,-3.0806134041217943,-6.048967367675871,-4.8001825447446285,-14.246670158238183
319,350035000016.5947,36,34.9999873847242,35.0,291.9,0,0.0,0.7812159874654877,0.21878398643040584,2.610410648779573e-08,200.0,61.3,-184.1822922687752,-1.328050210580729,-0.9337170638474517,-11.174782862592357,0.0,0.0,-27.87593356212761,-7.628803172571964,-3.0806134041217943,-6.048967367675871,-4.8001825447446285,-14.246670158238183
320,350035000016.5947,37,34.9999873847242,35.0,291.9,0,0.0,0.7811196318084185,0.21888034339268042,2.4798901163405944e-08,200.0,61.3,-184.1822922687752,-1.328050210580729,-0.9337170638474517,-11.174782862592357,0.0,0.0,-27.87593356212761,-7.628803172571964,-3.0806134041217943,-6.048967367675871,-4.8001825447446285,-14.246670158238183
321,350035000016.5947,38,34.9999873847242,35.0,291.9,0,0.0,0.7810269519712372,0.2189730244698067,2.3558956105235647e-08,200.0,61.3,-184.1822922687752,-1.328050210580729,-0.9337170638474517,-11.174782862592357,0.0,0.0,-27.87593356212761,-7.628803172571964,-3.0806134041217943,-6.048967367675871,-4.8001825447446285,-14.246670158238183
322,350035000016.5947,39,34.9999873847242,35.0,291.9,0,0.0,0.7809439717380693,0.21905600588092236,2.2381008299973862e-08,200.0,61.3,-184.1822922687752,-1.328050210580729,-0.9337170638474517,-11.174782862592357,0.0,0.0,-27.87593356212761,-7.628803172571964,-3.0806134041217943,-6.048967367675871,-4.8001825447446285,-14.246670158238183
323,350035000016.5947,40,34.9999873847242,35.0,291.9,0,0.0,0.7808609036447548,0.2191390750932873,2.126195788497517e-08,200.0,61.3,-184.1822922687752,-1.328050210580729,-0.9337170638474517,-11.174782862592357,0.0,0.0,-27.87593356212761,-7.628803172571964,-3.0806134041217943,-6.048967367675871,-4.8001825447446285,-14.246670158238183
324,350035000016.5947,41,34.9999873847242,35.0,291.9,0,0.0,0.780783939745209,0.219216040055931,2.019885999072641e-08,200.0,61.3,-184.1822922687752,-1.328050210580729,-0.9337170638474517,-11.174782862592357,0.0,0.0,-27.87593356212761,-7.628803172571964,-3.0806134041217943,-6.048967367675871,-4.8001825447446285,-14.246670158238183
325,350035000016.5947,42,34.9999873847242,35.0,291.9,0,0.0,0.7807158314979622,0.21928414931312085,1.918891699119009e-08,200.0,61.3,-184.1822922687752,-1.328050210580729,-0.9337170638474517,-11.174782862592357,0.0,0.0,-27.87593356212761,-7.628803172571964,-3.0806134041217943,-6.048967367675871,-4.8001825447446285,-14.246670158238183
326,350035000016.5947,43,34.9999873847242,35.0,291.9,0,0.0,0.7806408004119498,0.2193591813585791,1.8229471141630584e-08,200.0,61.3,-184.1822922687752,-1.328050210580729,-0.9337170638474517,-11.174782862592357,0.0,0.0,-27.87593356212761,-7.628803172571964,-3.0806134041217943,-6.048967367675871,-4.8001825447446285,-14.246670158238183
327,350035000016.5947,44,34.9999873847242,35.0,291.9,0,0.0,0.780559243440085,0.21944073924191745,1.7317997584549053e-08,200.0,61.3,-184.1822922687752,-1.328050210580729,-0.9337170638474517,-11.174782862592357,0.0,0.0,-27.87593356212761,-7.628803172571964,-3.0806134041217943,-6.048967367675871,-4.8001825447446285,-14.246670158238183
328,350035000016.5947,45,34.9999873847242,35.0,291.9,0,0.0,0.7804806886215184,0.2195192949263839,1.6452097705321604e-08,200.0,61.3,-184.1822922687752,-1.328050210580729,-0.9337170638474517,-11.174782862592357,0.0,0.0,-27.87593356212761,-7.628803172571964,-3.0806134041217943,-6.048967367675871,-4.8001825447446285,-14.246670158238183
329,350035000016.5947,46,34.9999873847242,35.0,291.9,0,0.0,0.7803928244032085,0.21960715996729874,1.5629492820055522e-08,200.0,61.3,-184.1822922687752,-1.328050210580729,-0.9337170638474517,-11.174782862592357,0.0,0.0,-27.87593356212761,-7.628803172571964,-3.0806134041217943,-6.048967367675871,-4.8001825447446285,-14.246670158238183
330,350035000016.5947,47,34.9999873847242,35.0,291.9,0,0.0,0.7803022535468034,0.21969773160517847,1.4848018179052745e-08,200.0,61.3,-184.1822922687752,-1.328050210580729,-0.9337170638474517,-11.174782862592357,0.0,0.0,-27.87593356212761,-7.628803172571964,-3.0806134041217943,-6.048967367675871,-4.8001825447446285,-14.246670158238183
331,350035000016.5947,48,34.9999873847242,35.0,291.9,0,0.0,0.7802091487004272,0.21979083719395548,1.4105617270100107e-08,200.0,61.3,-184.1822922687752,-1.328050210580729,-0.9337170638474517,-11.174782862592357,0.0,0.0,-27.87593356212761,-7.628803172571964,-3.0806134041217943,-6.048967367675871,-4.8001825447446285,-14.246670158238183
332,350035000016.5947,49,34.9999873847242,35.0,291.9,0,0.0,0.78011972029704,0.2198802663026236,1.3400336406595103e-08,200.0,61.3,-184.1822922687752,-1.328050210580729,-0.9337170638474517,-11.174782862592357,0.0,0.0,-27.87593356212761,-7.628803172571964,-3.0806134041217943,-6.048967367675871,-4.8001825447446285,-14.246670158238183
333,350035000016.5947,0,34.9999873847242,35.0,291.9,0,0.0,0.7800488424352662,0.21995114483441422,1.2730319586265347e-08,200.0,61.3,-184.1822922687752,-1.328050210580729,-0.9337170638474517,-11.174782862592357,0.0,0.0,-27.87593356212761,-7.628803172571964,-3.0806134041217943,-6.048967367675871,-4.8001825447446285,-14.246670158238183
334,350035000016.5947,1,34.9999873847242,35.0,291.9,0,0.0,0.7799834954825935,0.22001649242360294,1.209380360695208e-08,200.0,61.3,-184.1822922687752,-1.328050210580729,-0.9337170638474517,-11.174782862592357,0.0,0.0,-27.87593356212761,-7.628803172571964,-3.0806134041217943,-6.048967367675871,-4.8001825447446285,-14.246670158238183
335,350035000016.5947,2,34.9999873847242,35.0,291.9,0,0.0,0.7799204020341844,0.22007958647670212,1.1489113426604475e-08,200.0,61.3,-184.1822922687752,-1.328050210580729,-0.9337170638474517,-11.174782862592357,0.0,0.0,-27.87593356212761,-7.628803172571964,-3.0806134041217943,-6.048967367675871,-4.8001825447446285,-14.246670158238183
336,350035000016.5947,3,34.9999873847242,35.0,291.9,0,0.0,0.7798624350298204,0.22013755405552188,1.0914657755274252e-08,200.0,61.3,-184.1822922687752,-1.328050210580729,-0.9337170638474517,-11.174782862592357,0.0,0.0,-27.87593356212761,-7.628803172571964,-3.0806134041217943,-6.048967367675871,-4.8001825447446285,-14.246670158238183
337,350035000016.5947,4,34.9999873847242,35.0,291.9,0,0.0,0.7798033849170212,0.22019660471405395,1.0368924867510539e-08,200.0,61.3,-184.1822922687752,-1.328050210580729,-0.9337170638474517,-11.174782862592357,0.0,0.0,-27.87593356212761,-7.628803172571964,-3.0806134041217943,-6.048967367675871,-4.8001825447446285,-14.246670158238183
338,350035000016.5947,5,34.9999873847242,35.0,291.9,0,0.0,0.7797492537585227,0.22025073639099874,9.850478624135012e-09,200.0,61.3,-184.1822922687752,-1.328050210580729,-0.9337170638474517,-11.174782862592357,0.0,0.0,-27.87593356212761,-7.628803172571964,-3.0806134041217943,-6.048967367675871,-4.8001825447446285,-14.246670158238183
339,350035000016.5947,6,34.9999873847242,35.0,291.9,0,0.0,0.7796879655672408,0.22031202507480452,9.357954692928263e-09,200.0,61.3,-184.1822922687752,-1.328050210580729,-0.9337170638474517,-11.174782862592357,0.0,0.0,-27.87593356212761,-7.628803172571964,-3.0806134041217943,-6.048967367675871,-4.8001825447446285,-14.246670158238183
340,350035000016.5947,7,34.9999873847242,35.0,291.9,0,0.0,0.7796258257409124,0.22037416536903065,8.89005695828185e-09,200.0,61.3,-184.1822922687752,-1.328050210580729,-0.9337170638474517,-11.174782862592357,0.0,0.0,-27.87593356212761,-7.628803172571964,-3.0806134041217943,-6.048967367675871,-4.8001825447446285,-14.246670158238183
341,350035000016.5947,8,34.9999873847242,35.0,291.9,0,0.0,0.7795628983080513,0.2204370932463946,8.445554110367756e-09,200.0,61.3,-184.1822922687752,-1.328050210580729,-0.9337170638474517,-11.174782862592357,0.0,0.0,-27.87593356212761,-7.628803172571964,-3.0806134041217943,-6.048967367675871,-4.8001825447446285,-14.246670158238183
342,350035000016.5947,9,34.9999873847242,35.0,291.9,0,0.0,0.7794904350361755,0.22050955694054805,8.02327640484937e-09,200.0,61.3,-184.1822922687752,-1.328050210580729,-0.9337170638474517,-11.174782862592357,0.0,0.0,-27.87593356212761,-7.628803172571964,-3.0806134041217943,-6.048967367675871,-4.8001825447446285,-14.246670158238183
343,350035000016.5947,10,34.9999873847242,35.0,291.9,0,0.0,0.7794353287616306,0.2205646636162568,7.622112584606902e-09,200.0,61.3,-184.1822922687752,-1.328050210580729,-0.9337170638474517,-11.174782862592357,0.0,0.0,-27.87593356212761,-7.628803172571964,-3.0806134041217943,-6.048967367675871,-4.8001825447446285,-14.246670158238183
344,350035000016.5947,11,34.9999873847242,35.0,291.9,0,0.0,0.7793849563708654,0.22061503638812774,7.241006955376557e-09,200.0,61.3,-184.1822922687752,-1.328050210580729,-0.9337170638474517,-11.174782862592357,0.0,0.0,-27.87593356212761,-7.628803172571964,-3.0806134041217943,-6.048967367675871,-4.8001825447446285,-14.246670158238183
345,350035000016.5947,12,34.9999873847242,35.0,291.9,0,0.0,0.7793448775428408,0.22065511557820264,6.878956607607729e-09,200.0,61.3,-184.1822922687752,-1.328050210580729,-0.9337170638474517,-11.174782862592357,0.0,0.0,-27.87593356212761,-7.628803172571964,-3.0806134041217943,-6.048967367675871,-4.8001825447446285,-14.246670158238183
346,350035000016.5947,13,34.9999873847242,35.0,291.9,0,0.0,0.7793087384491059,0.22069125501588532,6.535008777227342e-09,200.0,61.3,-184.1822922687752,-1.328050210580729,-0.9337170638474517,-11.174782862592357,0.0,0.0,-27.87593356212761,-7.628803172571964,-3.0806134041217943,-6.048967367675871,-4.8001825447446285,-14.246670158238183
347,350035000016.5947,14,34.9999873847242,35.0,291.9,0,0.0,0.7792763302670132,0.22072366352472858,6.208258338365976e-09,200.0,61.3,-184.1822922687752,-1.328050210580729,-0.9337170638474517,-11.174782862592357,0.0,0.0,-27.87593356212761,-7.628803172571964,-3.0806134041217943,-6.048967367675871,-4.8001825447446285,-14.246670158238183
348,350035000016.5947,15,34.9999873847242,35.0,291.9,0,0.0,0.7792503297801836,0.22074966432197102,5.897845421447677e-09,200.0,61.3,-184.1822922687752,-1.328050210580729,-0.9337170638474517,-11.174782862592357,0.0,0.0,-27.87593356212761,-7.628803172571964,-3.0806134041217943,-6.048967367675871,-4.8001825447446285,-14.246670158238183
349,350035000016.5947,16,34.9999873847242,35.0,291.9,0,0.0,0.7792189197629907,0.22078107463405616,5.602953150375293e-09,200.0,61.3,-184.1822922687752,-1.328050210580729,-0.9337170638474517,-11.174782862592357,0.0,0.0,-27.87593356212761,-7.628803172571964,-3.0806134041217943,-6.048967367675871,-4.8001825447446285,-14.246670158238183
350,350035000016.5947,17,34.9999873847242,35.0,291.9,0,0.0,0.7791938464524732,0.22080614822472133,5.322805492856529e-09,200.0,61.3,-184.1822922687752,-1.328050210580729,-0.9337170638474517,-11.174782862592357,0.0,0.0,-27.87593356212761,-7.628803172571964,-3.0806134041217943,-6.048967367675871,-4.8001825447446285,-14.246670158238183
351,350035000016.5947,18,34.9999873847242,35.0,291.9,0,0.0,0.7791633601680115,0.22083663477532328,5.0566652182137025e-09,200.0,61.3,-184.1822922687752,-1.328050210580729,-0.9337170638474517,-11.174782862592357,0.0,0.0,-27.87593356212761,-7.628803172571964,-3.0806134041217943,-6.048967367675871,-4.8001825447446285,-14.246670158238183
352,350035000016.5947,19,34.9999873847242,35.0,291.9,0,0.0,0.7791277644685265,0.2208722307276415,4.803831957303017e-09,200.0,61.3,-184.1822922687752,-1.328050210580729,-0.9337170638474517,-11.174782862592357,0.0,0.0,-27.87593356212761,-7.628803172571964,-3.0806134041217943,-6.048967367675871,-4.8001825447446285,-14.246670158238183
353,350035000016.5947,20,34.9999873847242,35.0,291.9,0,0.0,0.7790901879954224,0.22090980744093727,4.563640359437867e-09,200.0,61.3,-184.1822922687752,-1.328050210580729,-0.9337170638474517,-11.174782862592357,0.0,0.0,-27.87593356212761,-7.628803172571964,-3.0806134041217943,-6.048967367675871,-4.8001825447446285,-14.246670158238183
354,350035000016.5947,21,34.9999873847242,35.0,291.9,0,0.0,0.7790507496169742,0.22094924604756755,4.3354583414659744e-09,200.0,61.3,-184.1822922687752,-1.328050210580729,-0.9337170638474517,-11.174782862592357,0.0,0.0,-27.87593356212761,-7.628803172571964,-3.0806134041217943,-6.048967367675871,-4.8001825447446285,-14.246670158238183
355,350035000016.5947,22,34.9999873847242,35.0,291.9,0,0.0,0.7790067351902884,0.22099326069102626,4.1186854243926755e-09,200.0,61.3,-184.1822922687752,-1.328050210580729,-0.9337170638474517,-11.174782862592357,0.0,0.0,-27.87593356212761,-7.628803172571964,-3.0806134041217943,-6.048967367675871,-4.8001825447446285,-14.246670158238183
356,350035000016.5947,23,34.9999873847242,35.0,291.9,0,0.0,0.7789555833158869,0.2210444127713618,3.912751153173041e-09,200.0,61.3,-184.1822922687752,-1.328050210580729,-0.9337170638474517,-11.174782862592357,0.0,0.0,-27.87593356212761,-7.628803172571964,-3.0806134041217943,-6.048967367675871,-4.8001825447446285,-14.246670158238183
357,350035000016.5947,24,34.9999873847242,35.0,291.9,0,0.0,0.7789089569585302,0.2210910393243562,3.7171135955143895e-09,200.0,61.3,-184.1822922687752,-1.328050210580729,-0.9337170638474517,-11.174782862592357,0.0,0.0,-27.87593356212761,-7.628803172571964,-3.0806134041217943,-6.048967367675871,-4.8001825447446285,-14.246670158238183
358,350035000016.5947,25,34.9999873847242,35.0,291.9,0,0.0,0.7788750293973888,0.22112496707135332,3.53125791573867e-09,200.0,61.3,-184.1822922687752,-1.328050210580729,-0.9337170638474517,-11.174782862592357,0.0,0.0,-27.87593356212761,-7.628803172571964,-3.0806134041217943,-6.048967367675871,-4.8001825447446285,-14.246670158238183
359,350035000016.5947,26,34.9999873847242,35.0,291.9,0,0.0,0.7788307364376905,0.22116926020761443,3.3546950199517366e-09,200.0,61.3,-184.1822922687752,-1.328050210580729,-0.9337170638474517,-11.174782862592357,0.0,0.0,-27.87593356212761,-7.628803172571964,-3.0806134041217943,-6.048967367675871,-4.8001825447446285,-14.246670158238183
360,350035000016.5947,27,34.9999873847242,35.0,291.9,0,0.0,0.7787738505823228,0.2212261462307169,3.18696026895415e-09,200.0,61.3,-184.1822922687752,-1.328050210580729,-0.9337170638474517,-11.174782862592357,0.0,0.0,-27.87593356212761,-7.628803172571964,-3.0806134041217943,-6.048967367675871,-4.8001825447446285,-14.246670158238183
361,350035000016.5947,28,34.9999873847242,35.0,291.9,0,0.0,0.7787106418510399,0.2212893551213478,3.0276122555064424e-09,200.0,61.3,-184.1822922687752,-1.328050210580729,-0.9337170638474517,-11.174782862592357,0.0,0.0,-27.87593356212761,-7.628803172571964,-3.0806134041217943,-6.048967367675871,-4.8001825447446285,-14.246670158238183
362,350035000016.5947,29,34.9999873847242,35.0,291.9,0,0.0,0.7786526064080932,0.22134739071567522,2.8762316427311204e-09,200.0,61.3,-184.1822922687752,-1.328050210580729,-0.9337170638474517,-11.174782862592357,0.0,0.0,-27.87593356212761,-7.628803172571964,-3.0806134041217943,-6.048967367675871,-4.8001825447446285,-14.246670158238183
363,350035000016.5947,30,34.9999873847242,35.0,291.9,0,0.0,0.7786022476004207,0.22139774966715928,2.732420060594565e-09,200.0,61.3,-184.1822922687752,-1.328050210580729,-0.9337170638474517,-11.174782862592357,0.0,0.0,-27.87593356212761,-7.628803172571964,-3.0806134041217943,-6.048967367675871,-4.8001825447446285,-14.246670158238183
364,350035000016.5947,31,34.9999873847242,35.0,291.9,0,0.0,0.7785480886527562,0.22145190875144483,2.5957990575648365e-09,200.0,61.3,-184.1822922687752,-1.328050210580729,-0.9337170638474517,-11.174782862592357,0.0,0.0,-27.87593356212761,-7.628803172571964,-3.0806134041217943,-6.048967367675871,-4.8001825447446285,-14.246670158238183
365,350035000016.5947,32,34.9999873847242,35.0,291.9,0,0.0,0.7785013911420624,0.22149860639192856,2.4660091046865952e-09,200.0,61.3,-184.1822922687752,-1.328050210580729,-0.9337170638474517,-11.174782862592357,0.0,0.0,-27.87593356212761,-7.628803172571964,-3.0806134041217943,-6.048967367675871,-4.8001825447446285,-14.246670158238183
366,350035000016.5947,33,34.9999873847242,35.0,291.9,0,0.0,0.7784535011212689,0.22154649653602249,2.3427086494522655e-09,200.0,61.3,-184.1822922687752,-1.328050210580729,-0.9337170638474517,-11.174782862592357,0.0,0.0,-27.87593356212761,-7.628803172571964,-3.0806134041217943,-6.048967367675871,-4.8001825447446285,-14.246670158238183
367,350035000016.5947,34,34.9999873847242,35.0,291.9,0,0.0,0.7784099854347326,0.22159001233969425,2.2255732169796526e-09,200.0,61.3,-184.1822922687752,-1.328050210580729,-0.9337170638474517,-11.174782862592357,0.0,0.0,-27.87593356212761,-7.628803172571964,-3.0806134041217943,-6.048967367675871,-4.8001825447446285,-14.246670158238183
368,350035000016.5947,35,34.9999873847242,35.0,291.9,0,0.0,0.7783706139252514,0.22162938396045398,2.1142945561306697e-09,200.0,61.3,-184.1822922687752,-1.328050210580729,-0.9337170638474517,-11.174782862592357,0.0,0.0,-27.87593356212761,-7.628803172571964,-3.0806134041217943,-6.048967367675871,-4.8001825447446285,-14.246670158238183
369,350035000016.5947,36,34.9999873847242,35.0,291.9,0,0.0,0.7783378947348844,0.2216621032565359,2.0085798283241366e-09,200.0,61.3,-184.1822922687752,-1.328050210580729,-0.9337170638474517,-11.174782862592357,0.0,0.0,-27.87593356212761,-7.628803172571964,-3.0806134041217943,-6.048967367675871,-4.8001825447446285,-14.246670158238183
370,350035000016.5947,37,34.9999873847242,35.0,291.9,0,0.0,0.7783033111513488,0.22169668694050046,1.9081508369079297e-09,200.0,61.3,-184.1822922687752,-1.328050210580729,-0.9337170638474517,-11.174782862592357,0.0,0.0,-27.87593356212761,-7.628803172571964,-3.0806134041217943,-6.048967367675871,-4.8001825447446285,-14.246670158238183
371,350035000016.5947,38,34.9999873847242,35.0,291.9,0,0.0,0.778280530741673,0.22171946744558366,1.8127432950625332e-09,200.0,61.3,-184.1822922687752,-1.328050210580729,-0.9337170638474517,-11.174782862592357,0.0,0.0,-27.87593356212761,-7.628803172571964,-3.0806134041217943,-6.048967367675871,-4.8001825447446285,-14.246670158238183
372,350035000016.5947,39,34.9999873847242,35.0,291.9,0,0.0,0.7782634972872678,0.22173650099062597,1.7221061303094064e-09,200.0,61.3,-184.1822922687752,-1.328050210580729,-0.9337170638474517,-11.174782862592357,0.0,0.0,-27.87593356212761,-7.628803172571964,-3.0806134041217943,-6.048967367675871,-4.8001825447446285,-14.246670158238183
373,350035000016.5947,40,34.9999873847242,35.0,291.9,0,0.0,0.778238428728957,0.22176156963504215,1.636000823793936e-09,200.0,61.3,-184.1822922687752,-1.328050210580729,-0.9337170638474517,-11.174782862592357,0.0,0.0,-27.87593356212761,-7.628803172571964,-3.0806134041217943,-6.048967367675871,-4.8001825447446285,-14.246670158238183
374,350035000016.5947,41,34.9999873847242,35.0,291.9,0,0.0,0.7782057651288021,0.2217942333169971,1.554200782604239e-09,200.0,61.3,-184.1822922687752,-1.328050210580729,-0.9337170638474517,-11.174782862592357,0.0,0.0,-27.87593356212761,-7.628803172571964,-3.0806134041217943,-6.048967367675871,-4.8001825447446285,-14.246670158238183
375,350035000016.5947,42,34.9999873847242,35.0,291.9,0,0.0,0.7781766654537577,0.22182333306975155,1.4764907434740272e-09,200.0,61.3,-184.1822922687752,-1.328050210580729,-0.9337170638474517,-11.174782862592357,0.0,0.0,-27.87593356212761,-7.628803172571964,-3.0806134041217943,-6.048967367675871,-4.8001825447446285,-14.246670158238183
376,350035000016.5947,43,34.9999873847242,35.0,291.9,0,0.0,0.7781536156727784,0.22184638292455539,1.4026662063003257e-09,200.0,61.3,-184.1822922687752,-1.328050210580729,-0.9337170638474517,-11.174782862592357,0.0,0.0,-27.87593356212761,-7.628803172571964,-3.0806134041217943,-6.048967367675871,-4.8001825447446285,-14.246670158238183
377,350035000016.5947,44,34.9999873847242,35.0,291.9,0,0.0,0.7781362858342298,0.22186371283323728,1.3325328959853093e-09,200.0,61.3,-184.1822922687752,-1.328050210580729,-0.9337170638474517,-11.174782862592357,0.0,0.0,-27.87593356212761,-7.628803172571964,-3.0806134041217943,-6.048967367675871,-4.8001825447446285,-14.246670158238183
378,350035000016.5947,45,34.9999873847242,35.0,291.9,0,0.0,0.7781217051367387,0.2218782935973551,1.265906251186044e-09,200.0,61.3,-184.1822922687752,-1.328050210580729,-0.9337170638474517,-11.174782862592357,0.0,0.0,-27.87593356212761,-7.628803172571964,-3.0806134041217943,-6.048967367675871,-4.8001825447446285,-14.246670158238183
379,350035000016.5947,46,34.9999873847242,35.0,291.9,0,0.0,0.7781123754053589,0.22188762339203022,1.202610938626742e-09,200.0,61.3,-184.1822922687752,-1.328050210580729,-0.9337170638474517,-11.174782862592357,0.0,0.0,-27.87593356212761,-7.628803172571964,-3.0806134041217943,-6.048967367675871,-4.8001825447446285,-14.246670158238183
380,350035000016.5947,47,34.9999873847242,35.0,291.9,0,0.0,0.7780974370607601,0.22190256179675957,1.1424803916954047e-09,200.0,61.3,-184.1822922687752,-1.328050210580729,-0.9337170638474517,-11.174782862592357,0.0,0.0,-27.87593356212761,-7.628803172571964,-3.0806134041217943,-6.048967367675871,-4.8001825447446285,-14.246670158238183
381,350035000016.5947,48,34.9999873847242,35.0,291.9,0,0.0,0.7780745584960042,0.2219254404186395,1.0853563721106345e-09,200.0,61.3,-184.1822922687752,-1.328050210580729,-0.9337170638474517,-11.174782862592357,0.0,0.0,-27.87593356212761,-7.628803172571964,-3.0806134041217943,-6.048967367675871,-4.8001825447446285,-14.246670158238183
382,350035000016.5947,49,34.9999873847242,35.0,291.9,0,0.0,0.7780388994048559,0.22196109956405552,1.0310885535051027e-09,200.0,61.3,-184.1822922687752,-1.328050210580729,-0.9337170638474517,-11.174782862592357,0.0,0.0,-27.87593356212761,-7.628803172571964,-3.0806134041217943,-6.048967367675871,-4.8001825447446285,-14.246670158238183
383,350035000016.5947,0,34.9999873847242,35.0,291.9,0,0.0,0.7779885121621636,0.22201148685830233,9.795341258298475e-10,200.0,61.3,-184.1822922687752,-1.328050210580729,-0.9337170638474517,-11.174782862592357,0.0,0.0,-27.87593356212761,-7.628803172571964,-3.0806134041217943,-6.048967367675871,-4.8001825447446285,-14.246670158238183
384,350035000016.5947,1,34.9999873847242,35.0,291.9,0,0.0,0.7779426091394168,0.22205738993002583,9.305574195383551e-10,200.0,61.3,-184.1822922687752,-1.328050210580729,-0.9337170638474517,-11.174782862592357,0.0,0.0,-27.87593356212761,-7.628803172571964,-3.0806134041217943,-6.048967367675871,-4.8001825447446285,-14.246670158238183
385,350035000016.5947,2,34.9999873847242,35.0,291.9,0,0.0,0.7778957111275251,0.22210428798844536,8.840295485614373e-10,200.0,61.3,-184.1822922687752,-1.328050210580729,-0.9337170638474517,-11.174782862592357,0.0,0.0,-27.87593356212761,-7.628803172571964,-3.0806134041217943,-6.048967367675871,-4.8001825447446285,-14.246670158238183
386,350035000016.5947,3,34.9999873847242,35.0,291.9,0,0.0,0.7778478838324928,0.2221521153276791,8.398280711333654e-10,200.0,61.3,-184.1822922687752,-1.328050210580729,-0.9337170638474517,-11.174782862592357,0.0,0.0,-27.87593356212761,-7.628803172571964,-3.0806134041217943,-6.048967367675871,-4.8001825447446285,-14.246670158238183
387,350035000016.5947,4,34.9999873847242,35.0,291.9,0,0.0,0.777809627978281,0.22219037122388238,7.978366675766972e-10,200.0,61.3,-184.1822922687752,-1.328050210580729,-0.9337170638474517,-11.174782862592357,0.0,0.0,-27.87593356212761,-7.628803172571964,-3.0806134041217943,-6.048967367675871,-4.8001825447446285,-14.246670158238183
388,350035000016.5947,5,34.9999873847242,35.0,291.9,0,0.0,0.7777674167233332,0.22223258251872202,7.579448341978623e-10,200.0,61.3,-184.1822922687752,-1.328050210580729,-0.9337170638474517,-11.174782862592357,0.0,0.0,-27.87593356212761,-7.628803172571964,-3.0806134041217943,-6.048967367675871,-4.8001825447446285,-14.246670158238183
389,350035000016.5947,6,34.9999873847242,35.0,291.9,0,0.0,0.7777292646282402,0.2222707346517122,7.200475924879692e-10,200.0,61.3,-184.1822922687752,-1.328050210580729,-0.9337170638474517,-11.174782862592357,0.0,0.0,-27.87593356212761,-7.628803172571964,-3.0806134041217943,-6.048967367675871,-4.8001825447446285,-14.246670158238183
390,350035000016.5947,7,34.9999873847242,35.0,291.9,0,0.0,0.7776975458129577,0.22230245350299713,6.840452128635708e-10,200.0,61.3,-184.1822922687752,-1.328050210580729,-0.9337170638474517,-11.174782862592357,0.0,0.0,-27.87593356212761,-7.628803172571964,-3.0806134041217943,-6.048967367675871,-4.8001825447446285,-14.246670158238183
391,350035000016.5947,8,34.9999873847242,35.0,291.9,0,0.0,0.7776796459335683,0.22232035341658876,6.498429522203921e-10,200.0,61.3,-184.1822922687752,-1.328050210580729,-0.9337170638474517,-11.174782862592357,0.0,0.0,-27.87593356212761,-7.628803172571964,-3.0806134041217943,-6.048967367675871,-4.8001825447446285,-14.246670158238183
392,350035000016.5947,9,34.9999873847242,35.0,291.9,0,0.0,0.7776542377490645,0.2223457616335847,6.173508046093725e-10,200.0,61.3,-184.1822922687752,-1.328050210580729,-0.9337170638474517,-11.174782862592357,0.0,0.0,-27.87593356212761,-7.628803172571964,-3.0806134041217943,-6.048967367675871,-4.8001825447446285,-14.246670158238183
393,350035000016.5947,10,34.9999873847242,35.0,291.9,0,0.0,0.7776191620575013,0.22238083735601552,5.86483264378904e-10,200.0,61.3,-184.1822922687752,-1.328050210580729,-0.9337170638474517,-11.174782862592357,0.0,0.0,-27.87593356212761,-7.628803172571964,-3.0806134041217943,-6.048967367675871,-4.8001825447446285,-14.246670158238183
394,350035000016.5947,11,34.9999873847242,35.0,291.9,0,0.0,0.7775800747786796,0.22241992466416127,5.571591011599588e-10,200.0,61.3,-184.1822922687752,-1.328050210580729,-0.9337170638474517,-11.174782862592357,0.0,0.0,-27.87593356212761,-7.628803172571964,-3.0806134041217943,-6.048967367675871,-4.8001825447446285,-14.246670158238183
395,350035000016.5947,12,34.9999873847242,35.0,291.9,0,0.0,0.7775423204288247,0.22245767904187427,5.293011461019609e-10,200.0,61.3,-184.1822922687752,-1.328050210580729,-0.9337170638474517,-11.174782862592357,0.0,0.0,-27.87593356212761,-7.628803172571964,-3.0806134041217943,-6.048967367675871,-4.8001825447446285,-14.246670158238183
396,350035000016.5947,13,34.9999873847242,35.0,291.9,0,0.0,0.7775109379336852,0.22248906156347875,5.028360887968628e-10,200.0,61.3,-184.1822922687752,-1.328050210580729,-0.9337170638474517,-11.174782862592357,0.0,0.0,-27.87593356212761,-7.628803172571964,-3.0806134041217943,-6.048967367675871,-4.8001825447446285,-14.246670158238183
397,350035000016.5947,14,34.9999873847242,35.0,291.9,0,0.0,0.7774830403830596,0.22251695913924613,4.776942843570197e-10,200.0,61.3,-184.1822922687752,-1.328050210580729,-0.9337170638474517,-11.174782862592357,0.0,0.0,-27.87593356212761,-7.628803172571964,-3.0806134041217943,-6.048967367675871,-4.8001825447446285,-14.246670158238183
398,350035000016.5947,15,34.9999873847242,35.0,291.9,0,0.0,0.7774685812678143,0.22253141827837614,4.538095701391687e-10,200.0,61.3,-184.1822922687752,-1.328050210580729,-0.9337170638474517,-11.174782862592357,0.0,0.0,-27.87593356212761,-7.628803172571964,-3.0806134041217943,-6.048967367675871,-4.8001825447446285,-14.246670158238183
399,350035000016.5947,16,34.9999873847242,35.0,291.9,0,0.0,0.7774642860557779,0.22253571351310303,4.3111909163221024e-10,200.0,61.3,-184.1822922687752,-1.328050210580729,-0.9337170638474517,-11.174782862592357,0.0,0.0,-27.87593356212761,-7.628803172571964,-3.0806134041217943,-6.048967367675871,-4.8001825447446285,-14.246670158238183
400,350035000016.5947,17,34.9999873847242,35.0,291.9,0,0.0,0.7774645578174862,0.22253544177295057,4.095631370505997e-10,200.0,61.3,-184.1822922687752,-1.328050210580729,-0.9337170638474517,-11.174782862592357,0.0,0.0,-27.87593356212761,-7.628803172571964,-3.0806134041217943,-6.048967367675871,-4.8001825447446285,-14.246670158238183
401,350035000016.5947,18,34.9999873847242,35.0,291.9,0,0.0,0.7774591061027357,0.22254089350817935,3.8908498019806976e-10,200.0,61.3,-184.1822922687752,-1.328050210580729,-0.9337170638474517,-11.174782862592357,0.0,0.0,-27.87593356212761,-7.628803172571964,-3.0806134041217943,-6.048967367675871,-4.8001825447446285,-14.246670158238183
402,350035000016.5947,19,34.9999873847242,35.0,291.9,0,0.0,0.7774557576868396,0.22254424194352973,3.6963073118816625e-10,200.0,61.3,-184.1822922687752,-1.328050210580729,-0.9337170638474517,-11.174782862592357,0.0,0.0,-27.87593356212761,-7.628803172571964,-3.0806134041217943,-6.048967367675871,-4.8001825447446285,-14.246670158238183
403,350035000016.5947,20,34.9999873847242,35.0,291.9,0,0.0,0.7774444025768856,0.2225555970719652,3.5114919462875793e-10,200.0,61.3,-184.1822922687752,-1.328050210580729,-0.9337170638474517,-11.174782862592357,0.0,0.0,-27.87593356212761,-7.628803172571964,-3.0806134041217943,-6.048967367675871,-4.8001825447446285,-14.246670158238183
404,350035000016.5947,21,34.9999873847242,35.0,291.9,0,0.0,0.7774279700340887,0.22257202963231962,3.3359173489732e-10,200.0,61.3,-184.1822922687752,-1.328050210580729,-0.9337170638474517,-11.174782862592357,0.0,0.0,-27.87593356212761,-7.628803172571964,-3.0806134041217943,-6.048967367675871,-4.8001825447446285,-14.246670158238183
405,350035000016.5947,22,34.9999873847242,35.0,291.9,0,0.0,0.777414208918797,0.22258579076429083,3.16912148152454e-10,200.0,61.3,-184.1822922687752,-1.328050210580729,-0.9337170638474517,-11.174782862592357,0.0,0.0,-27.87593356212761,-7.628803172571964,-3.0806134041217943,-6.048967367675871,-4.8001825447446285,-14.246670158238183
406,350035000016.5947,23,34.9999873847242,35.0,291.9,0,0.0,0.7773905549250506,0.22260944477388286,3.0106654074483134e-10,200.0,61.3,-184.1822922687752,-1.328050210580729,-0.9337170638474517,-11.174782862592357,0.0,0.0,-27.87593356212761,-7.628803172571964,-3.0806134041217943,-6.048967367675871,-4.8001825447446285,-14.246670158238183
407,350035000016.5947,24,34.9999873847242,35.0,291.9,0,0.0,0.7773773826731143,0.2226226170408725,2.860132137075898e-10,200.0,61.3,-184.1822922687752,-1.328050210580729,-0.9337170638474517,-11.174782862592357,0.0,0.0,-27.87593356212761,-7.628803172571964,-3.0806134041217943,-6.048967367675871,-4.8001825447446285,-14.246670158238183
408,350035000016.5947,25,34.9999873847242,35.0,291.9,0,0.0,0.77735434227626,0.22264565745202747,2.7171255302221027e-10,200.0,61.3,-184.1822922687752,-1.328050210580729,-0.9337170638474517,-11.174782862592357,0.0,0.0,-27.87593356212761,-7.628803172571964,-3.0806134041217943,-6.048967367675871,-4.8001825447446285,-14.246670158238183
409,350035000016.5947,26,34.9999873847242,35.0,291.9,0,0.0,0.7773318445421812,0.2226681551996919,2.5812692537109976e-10,200.0,61.3,-184.1822922687752,-1.328050210580729,-0.9337170638474517,-11.174782862592357,0.0,0.0,-27.87593356212761,-7.628803172571964,-3.0806134041217943,-6.048967367675871,-4.8001825447446285,-14.246670158238183
410,350035000016.5947,27,34.9999873847242,35.0,291.9,0,0.0,0.7773074026073864,0.22269259714739303,2.4522057910254477e-10,200.0,61.3,-184.1822922687752,-1.328050210580729,-0.9337170638474517,-11.174782862592357,0.0,0.0,-27.87593356212761,-7.628803172571964,-3.0806134041217943,-6.048967367675871,-4.8001825447446285,-14.246670158238183
411,350035000016.5947,28,34.9999873847242,35.0,291.9,0,0.0,0.7772811276541404,0.22271887211290003,2.329595501474175e-10,200.0,61.3,-184.1822922687752,-1.328050210580729,-0.9337170638474517,-11.174782862592357,0.0,0.0,-27.87593356212761,-7.628803172571964,-3.0806134041217943,-6.048967367675871,-4.8001825447446285,-14.246670158238183
412,350035000016.5947,29,34.9999873847242,35.0,291.9,0,0.0,0.7772482179744492,0.2227517818042392,2.2131157264004662e-10,200.0,61.3,-184.1822922687752,-1.328050210580729,-0.9337170638474517,-11.174782862592357,0.0,0.0,-27.87593356212761,-7.628803172571964,-3.0806134041217943,-6.048967367675871,-4.8001825447446285,-14.246670158238183
413,350035000016.5947,30,34.9999873847242,35.0,291.9,0,0.0,0.7772041332267814,0.22279586656297257,2.1024599400804428e-10,200.0,61.3,-184.1822922687752,-1.328050210580729,-0.9337170638474517,-11.174782862592357,0.0,0.0,-27.87593356212761,-7.628803172571964,-3.0806134041217943,-6.048967367675871,-4.8001825447446285,-14.246670158238183
414,350035000016.5947,31,34.9999873847242,35.0,291.9,0,0.0,0.7771641624051618,0.22283583739510449,1.9973369430764208e-10,200.0,61.3,-184.1822922687752,-1.328050210580729,-0.9337170638474517,-11.174782862592357,0.0,0.0,-27.87593356212761,-7.628803172571964,-3.0806134041217943,-6.048967367675871,-4.8001825447446285,-14.246670158238183
415,350035000016.5947,32,34.9999873847242,35.0,291.9,0,0.0,0.7771232101605351,0.22287678964971797,1.8974700959225996e-10,200.0,61.3,-184.1822922687752,-1.328050210580729,-0.9337170638474517,-11.174782862592357,0.0,0.0,-27.87593356212761,-7.628803172571964,-3.0806134041217943,-6.048967367675871,-4.8001825447446285,-14.246670158238183
416,350035000016.5947,33,34.9999873847242,35.0,291.9,0,0.0,0.7770862087677219,0.22291379105201847,1.8025965911264695e-10,200.0,61.3,-184.1822922687752,-1.328050210580729,-0.9337170638474517,-11.174782862592357,0.0,0.0,-27.87593356212761,-7.628803172571964,-3.0806134041217943,-6.048967367675871,-4.8001825447446285,-14.246670158238183
417,350035000016.5947,34,34.9999873847242,35.0,291.9,0,0.0,0.7770480942073613,0.22295190562139205,1.712466761570146e-10,200.0,61.3,-184.1822922687752,-1.328050210580729,-0.9337170638474517,-11.174782862592357,0.0,0.0,-27.87593356212761,-7.628803172571964,-3.0806134041217943,-6.048967367675871,-4.8001825447446285,-14.246670158238183
418,350035000016.5947,35,34.9999873847242,35.0,291.9,0,0.0,0.7770040856520251,0.22299591418529063,1.6268434234916386e-10,200.0,61.3,-184.1822922687752,-1.328050210580729,-0.9337170638474517,-11.174782862592357,0.0,0.0,-27.87593356212761,-7.628803172571964,-3.0806134041217943,-6.048967367675871,-4.8001825447446285,-14.246670158238183
419,350035000016.5947,36,34.9999873847242,35.0,291.9,0,0.0,0.7769738612554445,0.2230261385900053,1.5455012523170566e-10,200.0,61.3,-184.1822922687752,-1.328050210580729,-0.9337170638474517,-11.174782862592357,0.0,0.0,-27.87593356212761,-7.628803172571964,-3.0806134041217943,-6.048967367675871,-4.8001825447446285,-14.246670158238183
420,350035000016.5947,37,34.9999873847242,35.0,291.9,0,0.0,0.7769301391119576,0.2230698607412197,1.4682261897012036e-10,200.0,61.3,-184.1822922687752,-1.328050210580729,-0.9337170638474517,-11.174782862592357,0.0,0.0,-27.87593356212761,-7.628803172571964,-3.0806134041217943,-6.048967367675871,-4.8001825447446285,-14.246670158238183
421,350035000016.5947,38,34.9999873847242,35.0,291.9,0,0.0,0.7768832869736078,0.2231167128869107,1.3948148802161433e-10,200.0,61.3,-184.1822922687752,-1.328050210580729,-0.9337170638474517,-11.174782862592357,0.0,0.0,-27.87593356212761,-7.628803172571964,-3.0806134041217943,-6.048967367675871,-4.8001825447446285,-14.246670158238183
422,350035000016.5947,39,34.9999873847242,35.0,291.9,0,0.0,0.7768358895610161,0.2231641103064765,1.3250741362053364e-10,200.0,61.3,-184.1822922687752,-1.328050210580729,-0.9337170638474517,-11.174782862592357,0.0,0.0,-27.87593356212761,-7.628803172571964,-3.0806134041217943,-6.048967367675871,-4.8001825447446285,-14.246670158238183
423,350035000016.5947,40,34.9999873847242,35.0,291.9,0,0.0,0.776790387530698,0.22320961234342002,1.2588204293950694e-10,200.0,61.3,-184.1822922687752,-1.328050210580729,-0.9337170638474517,-11.174782862592357,0.0,0.0,-27.87593356212761,-7.628803172571964,-3.0806134041217943,-6.048967367675871,-4.8001825447446285,-14.246670158238183
424,350035000016.5947,41,34.9999873847242,35.0,291.9,0,0.0,0.7767418976594586,0.22325810222095357,1.1958794079253162e-10,200.0,61.3,-184.1822922687752,-1.328050210580729,-0.9337170638474517,-11.174782862592357,0.0,0.0,-27.87593356212761,-7.628803172571964,-3.0806134041217943,-6.048967367675871,-4.8001825447446285,-14.246670158238183
425,350035000016.5947,42,34.9999873847242,35.0,291.9,0,0.0,0.7766881986696188,0.22331180121677274,1.1360854375290503e-10,200.0,61.3,-184.1822922687752,-1.328050210580729,-0.9337170638474517,-11.174782862592357,0.0,0.0,-27.87593356212761,-7.628803172571964,-3.0806134041217943,-6.048967367675871,-4.8001825447446285,-14.246670158238183
426,350035000016.5947,43,34.9999873847242,35.0,291.9,0,0.0,0.7766415173789389,0.223358482513133,1.0792811656525977e-10,200.0,61.3,-184.1822922687752,-1.328050210580729,-0.9337170638474517,-11.174782862592357,0.0,0.0,-27.87593356212761,-7.628803172571964,-3.0806134041217943,-6.048967367675871,-4.8001825447446285,-14.246670158238183
427,350035000016.5947,44,34.9999873847242,35.0,291.9,0,0.0,0.7766014799451326,0.22339851995233567,1.0253171073699678e-10,200.0,61.3,-184.1822922687752,-1.328050210580729,-0.9337170638474517,-11.174782862592357,0.0,0.0,-27.87593356212761,-7.628803172571964,-3.0806134041217943,-6.048967367675871,-4.8001825447446285,-14.246670158238183
428,350035000016.5947,45,34.9999873847242,35.0,291.9,0,0.0,0.7765677314000069,0.22343226850258793,9.740512520014693e-11,200.0,61.3,-184.1822922687752,-1.328050210580729,-0.9337170638474517,-11.174782862592357,0.0,0.0,-27.87593356212761,-7.628803172571964,-3.0806134041217943,-6.048967367675871,-4.8001825447446285,-14.246670158238183
429,350035000016.5947,46,34.9999873847242,35.0,291.9,0,0.0,0.7765470261140421,0.22345297379342302,9.253486894013959e-11,200.0,61.3,-184.1822922687752,-1.328050210580729,-0.9337170638474517,-11.174782862592357,0.0,0.0,-27.87593356212761,-7.628803172571964,-3.0806134041217943,-6.048967367675871,-4.8001825447446285,-14.246670158238183
430,350035000016.5947,47,34.9999873847242,35.0,291.9,0,0.0,0.7765245066867532,0.2234754932253387,8.790812549313261e-11,200.0,61.3,-184.1822922687752,-1.328050210580729,-0.9337170638474517,-11.174782862592357,0.0,0.0,-27.87593356212761,-7.628803172571964,-3.0806134041217943,-6.048967367675871,-4.8001825447446285,-14.246670158238183
431,350035000016.5947,48,34.9999873847242,35.0,291.9,0,0.0,0.7765002762157783,0.223499723700709,8.351271921847597e-11,200.0,61.3,-184.1822922687752,-1.328050210580729,-0.9337170638474517,-11.174782862592357,0.0,0.0,-27.87593356212761,-7.628803172571964,-3.0806134041217943,-6.048967367675871,-4.8001825447446285,-14.246670158238183
432,350035000016.5947,49,34.9999873847242,35.0,291.9,0,0.0,0.7764720835826725,0.2235279163379904,7.933708325755217e-11,200.0,61.3,-184.1822922687752,-1.328050210580729,-0.9337170638474517,-11.174782862592357,0.0,0.0,-27.87593356212761,-7.628803172571964,-3.0806134041217943,-6.048967367675871,-4.8001825447446285,-14.246670158238183
433,350035000016.5947,0,34.9999873847242,35.0,291.9,0,0.0,0.7764448370866357,0.22355516283799412,7.537022909467457e-11,200.0,61.3,-184.1822922687752,-1.328050210580729,-0.9337170638474517,-11.174782862592357,0.0,0.0,-27.87593356212761,-7.628803172571964,-3.0806134041217943,-6.048967367675871,-4.8001825447446285,-14.246670158238183
434,350035000016.5947,1,34.9999873847242,35.0,291.9,0,0.0,0.7764231674165905,0.22357683251180788,7.160171763994084e-11,200.0,61.3,-184.1822922687752,-1.328050210580729,-0.9337170638474517,-11.174782862592357,0.0,0.0,-27.87593356212761,-7.628803172571964,-3.0806134041217943,-6.048967367675871,-4.8001825447446285,-14.246670158238183
435,350035000016.5947,2,34.9999873847242,35.0,291.9,0,0.0,0.7764114335381381,0.22358856639384023,6.802163175794379e-11,200.0,61.3,-184.1822922687752,-1.328050210580729,-0.9337170638474517,-11.174782862592357,0.0,0.0,-27.87593356212761,-7.628803172571964,-3.0806134041217943,-6.048967367675871,-4.8001825447446285,-14.246670158238183
436,350035000016.5947,3,34.9999873847242,35.0,291.9,0,0.0,0.7763997975287213,0.22360020240665815,6.46205501700466e-11,200.0,61.3,-184.1822922687752,-1.328050210580729,-0.9337170638474517,-11.174782862592357,0.0,0.0,-27.87593356212761,-7.628803172571964,-3.0806134041217943,-6.048967367675871,-4.8001825447446285,-14.246670158238183
437,350035000016.5947,4,34.9999873847242,35.0,291.9,0,0.0,0.7763882567341106,0.22361174320449986,6.138952266154426e-11,200.0,61.3,-184.1822922687752,-1.328050210580729,-0.9337170638474517,-11.174782862592357,0.0,0.0,-27.87593356212761,-7.628803172571964,-3.0806134041217943,-6.048967367675871,-4.8001825447446285,-14.246670158238183
438,350035000016.5947,5,34.9999873847242,35.0,291.9,0,0.0,0.7763814340753562,0.22361856586632373,5.832004652846704e-11,200.0,61.3,-184.1822922687752,-1.328050210580729,-0.9337170638474517,-11.174782862592357,0.0,0.0,-27.87593356212761,-7.628803172571964,-3.0806134041217943,-6.048967367675871,-4.8001825447446285,-14.246670158238183
439,350035000016.5947,6,34.9999873847242,35.0,291.9,0,0.0,0.776379072345604,0.223620927598992,5.540404420204369e-11,200.0,61.3,-184.1822922687752,-1.328050210580729,-0.9337170638474517,-11.174782862592357,0.0,0.0,-27.87593356212761,-7.628803172571964,-3.0806134041217943,-6.048967367675871,-4.8001825447446285,-14.246670158238183
440,350035000016.5947,7,34.9999873847242,35.0,291.9,0,0.0,0.7763809273622587,0.2236190725851074,5.26338419919415e-11,200.0,61.3,-184.1822922687752,-1.328050210580729,-0.9337170638474517,-11.174782862592357,0.0,0.0,-27.87593356212761,-7.628803172571964,-3.0806134041217943,-6.048967367675871,-4.8001825447446285,-14.246670158238183
441,350035000016.5947,8,34.9999873847242,35.0,291.9,0,0.0,0.7763775919257389,0.22362240802425906,5.000214989234443e-11,200.0,61.3,-184.1822922687752,-1.328050210580729,-0.9337170638474517,-11.174782862592357,0.0,0.0,-27.87593356212761,-7.628803172571964,-3.0806134041217943,-6.048967367675871,-4.8001825447446285,-14.246670158238183
442,350035000016.5947,9,34.9999873847242,35.0,291.9,0,0.0,0.7763762168617336,0.22362378309076433,4.7502042397727205e-11,200.0,61.3,-184.1822922687752,-1.328050210580729,-0.9337170638474517,-11.174782862592357,0.0,0.0,-27.87593356212761,-7.628803172571964,-3.0806134041217943,-6.048967367675871,-4.8001825447446285,-14.246670158238183
443,350035000016.5947,10,34.9999873847242,35.0,291.9,0,0.0,0.7763721269313753,0.22362787302349782,4.5126940277840844e-11,200.0,61.3,-184.1822922687752,-1.328050210580729,-0.9337170638474517,-11.174782862592357,0.0,0.0,-27.87593356212761,-7.628803172571964,-3.0806134041217943,-6.048967367675871,-4.8001825447446285,-14.246670158238183
444,350035000016.5947,11,34.9999873847242,35.0,291.9,0,0.0,0.7763631887363128,0.22363681122081655,4.28705932639488e-11,200.0,61.3,-184.1822922687752,-1.328050210580729,-0.9337170638474517,-11.174782862592357,0.0,0.0,-27.87593356212761,-7.628803172571964,-3.0806134041217943,-6.048967367675871,-4.8001825447446285,-14.246670158238183
445,350035000016.5947,12,34.9999873847242,35.0,291.9,0,0.0,0.7763519416328043,0.2236480583264687,4.0727063600751367e-11,200.0,61.3,-184.1822922687752,-1.328050210580729,-0.9337170638474517,-11.174782862592357,0.0,0.0,-27.87593356212761,-7.628803172571964,-3.0806134041217943,-6.048967367675871,-4.8001825447446285,-14.246670158238183
446,350035000016.5947,13,34.9999873847242,35.0,291.9,0,0.0,0.7763430561754097,0.22365694378589965,3.86907104207138e-11,200.0,61.3,-184.1822922687752,-1.328050210580729,-0.9337170638474517,-11.174782862592357,0.0,0.0,-27.87593356212761,-7.628803172571964,-3.0806134041217943,-6.048967367675871,-4.8001825447446285,-14.246670158238183
447,350035000016.5947,14,34.9999873847242,35.0,291.9,0,0.0,0.7763409352937825,0.22365906466946134,3.675617489967811e-11,200.0,61.3,-184.1822922687752,-1.328050210580729,-0.9337170638474517,-11.174782862592357,0.0,0.0,-27.87593356212761,-7.628803172571964,-3.0806134041217943,-6.048967367675871,-4.8001825447446285,-14.246670158238183
448,350035000016.5947,15,34.9999873847242,35.0,291.9,0,0.0,0.776342949572987,0.2236570503920946,3.49183661546942e-11,200.0,61.3,-184.1822922687752,-1.328050210580729,-0.9337170638474517,-11.174782862592357,0.0,0.0,-27.87593356212761,-7.628803172571964,-3.0806134041217943,-6.048967367675871,-4.8001825447446285,-14.246670158238183
449,350035000016.5947,16,34.9999873847242,35.0,291.9,0,0.0,0.7763443674951815,0.223655632471646,3.317244784695949e-11,200.0,61.3,-184.1822922687752,-1.328050210580729,-0.9337170638474517,-11.174782862592357,0.0,0.0,-27.87593356212761,-7.628803172571964,-3.0806134041217943,-6.048967367675871,-4.8001825447446285,-14.246670158238183
450,350035000016.5947,17,34.9999873847242,35.0,291.9,0,0.0,0.7763429727935524,0.22365702717493383,3.151382545461152e-11,200.0,61.3,-184.1822922687752,-1.328050210580729,-0.9337170638474517,-11.174782862592357,0.0,0.0,-27.87593356212761,-7.628803172571964,-3.0806134041217943,-6.048967367675871,-4.8001825447446285,-14.246670158238183
451,350035000016.5947,18,34.9999873847242,35.0,291.9,0,0.0,0.7763366728250293,0.22366332714503265,2.993813418188095e-11,200.0,61.3,-184.1822922687752,-1.328050210580729,-0.9337170638474517,-11.174782862592357,0.0,0.0,-27.87593356212761,-7.628803172571964,-3.0806134041217943,-6.048967367675871,-4.8001825447446285,-14.246670158238183
452,350035000016.5947,19,34.9999873847242,35.0,291.9,0,0.0,0.7763257320455441,0.22367426792601472,2.8441227472786903e-11,200.0,61.3,-184.1822922687752,-1.328050210580729,-0.9337170638474517,-11.174782862592357,0.0,0.0,-27.87593356212761,-7.628803172571964,-3.0806134041217943,-6.048967367675871,-4.8001825447446285,-14.246670158238183
453,350035000016.5947,20,34.9999873847242,35.0,291.9,0,0.0,0.7763215823057589,0.22367841766722205,2.7019166099147556e-11,200.0,61.3,-184.1822922687752,-1.328050210580729,-0.9337170638474517,-11.174782862592357,0.0,0.0,-27.87593356212761,-7.628803172571964,-3.0806134041217943,-6.048967367675871,-4.8001825447446285,-14.246670158238183
454,350035000016.5947,21,34.9999873847242,35.0,291.9,0,0.0,0.776310473031168,0.2236895269431639,2.5668207794190177e-11,200.0,61.3,-184.1822922687752,-1.328050210580729,-0.9337170638474517,-11.174782862592357,0.0,0.0,-27.87593356212761,-7.628803172571964,-3.0806134041217943,-6.048967367675871,-4.8001825447446285,-14.246670158238183
455,350035000016.5947,22,34.9999873847242,35.0,291.9,0,0.0,0.7762994607544986,0.2237005392211166,2.4384797404480667e-11,200.0,61.3,-184.1822922687752,-1.328050210580729,-0.9337170638474517,-11.174782862592357,0.0,0.0,-27.87593356212761,-7.628803172571964,-3.0806134041217943,-6.048967367675871,-4.8001825447446285,-14.246670158238183
456,350035000016.5947,23,34.9999873847242,35.0,291.9,0,0.0,0.7762952056214207,0.22370479435541368,2.3165557534256632e-11,200.0,61.3,-184.1822922687752,-1.328050210580729,-0.9337170638474517,-11.174782862592357,0.0,0.0,-27.87593356212761,-7.628803172571964,-3.0806134041217943,-6.048967367675871,-4.8001825447446285,-14.246670158238183
457,350035000016.5947,24,34.9999873847242,35.0,291.9,0,0.0,0.7763017629169909,0.2236982370610018,2.2007279657543802e-11,200.0,61.3,-184.1822922687752,-1.328050210580729,-0.9337170638474517,-11.174782862592357,0.0,0.0,-27.87593356212761,-7.628803172571964,-3.0806134041217943,-6.048967367675871,-4.8001825447446285,-14.246670158238183
458,350035000016.5947,25,34.9999873847242,35.0,291.9,0,0.0,0.7763119152600292,0.22368808471906396,2.090691567466661e-11,200.0,61.3,-184.1822922687752,-1.328050210580729,-0.9337170638474517,-11.174782862592357,0.0,0.0,-27.87593356212761,-7.628803172571964,-3.0806134041217943,-6.048967367675871,-4.8001825447446285,-14.246670158238183
459,350035000016.5947,26,34.9999873847242,35.0,291.9,0,0.0,0.7763298627620377,0.22367013721810064,1.9861569890933278e-11,200.0,61.3,-184.1822922687752,-1.328050210580729,-0.9337170638474517,-11.174782862592357,0.0,0.0,-27.87593356212761,-7.628803172571964,-3.0806134041217943,-6.048967367675871,-4.8001825447446285,-14.246670158238183
460,350035000016.5947,27,34.9999873847242,35.0,291.9,0,0.0,0.7763420085389284,0.22365799144220308,1.8868491396386613e-11,200.0,61.3,-184.1822922687752,-1.328050210580729,-0.9337170638474517,-11.174782862592357,0.0,0.0,-27.87593356212761,-7.628803172571964,-3.0806134041217943,-6.048967367675871,-4.8001825447446285,-14.246670158238183
461,350035000016.5947,28,34.9999873847242,35.0,291.9,0,0.0,0.7763508529070546,0.22364914707502032,1.7925066826567282e-11,200.0,61.3,-184.1822922687752,-1.328050210580729,-0.9337170638474517,-11.174782862592357,0.0,0.0,-27.87593356212761,-7.628803172571964,-3.0806134041217943,-6.048967367675871,-4.8001825447446285,-14.246670158238183
462,350035000016.5947,29,34.9999873847242,35.0,291.9,0,0.0,0.7763653163292028,0.22363468365376835,1.7028813485238918e-11,200.0,61.3,-184.1822922687752,-1.328050210580729,-0.9337170638474517,-11.174782862592357,0.0,0.0,-27.87593356212761,-7.628803172571964,-3.0806134041217943,-6.048967367675871,-4.8001825447446285,-14.246670158238183
463,350035000016.5947,30,34.9999873847242,35.0,291.9,0,0.0,0.7763741868631887,0.22362581312063395,1.6177372810976976e-11,200.0,61.3,-184.1822922687752,-1.328050210580729,-0.9337170638474517,-11.174782862592357,0.0,0.0,-27.87593356212761,-7.628803172571964,-3.0806134041217943,-6.048967367675871,-4.8001825447446285,-14.246670158238183
464,350035000016.5947,31,34.9999873847242,35.0,291.9,0,0.0,0.776379940180098,0.2236200598045335,1.5368504170428125e-11,200.0,61.3,-184.1822922687752,-1.328050210580729,-0.9337170638474517,-11.174782862592357,0.0,0.0,-27.87593356212761,-7.628803172571964,-3.0806134041217943,-6.048967367675871,-4.8001825447446285,-14.246670158238183
465,350035000016.5947,32,34.9999873847242,35.0,291.9,0,0.0,0.7763914318489877,0.22360856813641225,1.4600078961906718e-11,200.0,61.3,-184.1822922687752,-1.328050210580729,-0.9337170638474517,-11.174782862592357,0.0,0.0,-27.87593356212761,-7.628803172571964,-3.0806134041217943,-6.048967367675871,-4.8001825447446285,-14.246670158238183
466,350035000016.5947,33,34.9999873847242,35.0,291.9,0,0.0,0.7764018474736223,0.22359815251250764,1.387007501381138e-11,200.0,61.3,-184.1822922687752,-1.328050210580729,-0.9337170638474517,-11.174782862592357,0.0,0.0,-27.87593356212761,-7.628803172571964,-3.0806134041217943,-6.048967367675871,-4.8001825447446285,-14.246670158238183
467,350035000016.5947,34,34.9999873847242,35.0,291.9,0,0.0,0.7764069180285278,0.22359308195829564,1.3176571263120811e-11,200.0,61.3,-184.1822922687752,-1.328050210580729,-0.9337170638474517,-11.174782862592357,0.0,0.0,-27.87593356212761,-7.628803172571964,-3.0806134041217943,-6.048967367675871,-4.8001825447446285,-14.246670158238183
468,350035000016.5947,35,34.9999873847242,35.0,291.9,0,0.0,0.7764177198930814,0.22358228009440084,1.2517742699964772e-11,200.0,61.3,-184.1822922687752,-1.328050210580729,-0.9337170638474517,-11.174782862592357,0.0,0.0,-27.87593356212761,-7.628803172571964,-3.0806134041217943,-6.048967367675871,-4.8001825447446285,-14.246670158238183
469,350035000016.5947,36,34.9999873847242,35.0,291.9,0,0.0,0.7764339361124633,0.22356606387564487,1.1891855564966533e-11,200.0,61.3,-184.1822922687752,-1.328050210580729,-0.9337170638474517,-11.174782862592357,0.0,0.0,-27.87593356212761,-7.628803172571964,-3.0806134041217943,-6.048967367675871,-4.8001825447446285,-14.246670158238183
470,350035000016.5947,37,34.9999873847242,35.0,291.9,0,0.0,0.7764488305489852,0.22355116943971765,1.1297262786718207e-11,200.0,61.3,-184.1822922687752,-1.328050210580729,-0.9337170638474517,-11.174782862592357,0.0,0.0,-27.87593356212761,-7.628803172571964,-3.0806134041217943,-6.048967367675871,-4.8001825447446285,-14.246670158238183
471,350035000016.5947,38,34.9999873847242,35.0,291.9,0,0.0,0.7764581873133631,0.22354181267590445,1.0732399647382297e-11,200.0,61.3,-184.1822922687752,-1.328050210580729,-0.9337170638474517,-11.174782862592357,0.0,0.0,-27.87593356212761,-7.628803172571964,-3.0806134041217943,-6.048967367675871,-4.8001825447446285,-14.246670158238183
472,350035000016.5947,39,34.9999873847242,35.0,291.9,0,0.0,0.7764537388766838,0.22354626111312043,1.0195779665013184e-11,200.0,61.3,-184.1822922687752,-1.328050210580729,-0.9337170638474517,-11.174782862592357,0.0,0.0,-27.87593356212761,-7.628803172571964,-3.0806134041217943,-6.048967367675871,-4.8001825447446285,-14.246670158238183
473,350035000016.5947,40,34.9999873847242,35.0,291.9,0,0.0,0.7764554530195377,0.22354454697077633,9.685990681762524e-12,200.0,61.3,-184.1822922687752,-1.328050210580729,-0.9337170638474517,-11.174782862592357,0.0,0.0,-27.87593356212761,-7.628803172571964,-3.0806134041217943,-6.048967367675871,-4.8001825447446285,-14.246670158238183
474,350035000016.5947,41,34.9999873847242,35.0,291.9,0,0.0,0.7764693771192411,0.22353062287155726,9.2016911476744e-12,200.0,61.3,-184.1822922687752,-1.328050210580729,-0.9337170638474517,-11.174782862592357,0.0,0.0,-27.87593356212761,-7.628803172571964,-3.0806134041217943,-6.048967367675871,-4.8001825447446285,-14.246670158238183
475,350035000016.5947,42,34.9999873847242,35.0,291.9,0,0.0,0.7764799768575993,0.22352002313365912,8.741606590290679e-12,200.0,61.3,-184.1822922687752,-1.328050210580729,-0.9337170638474517,-11.174782862592357,0.0,0.0,-27.87593356212761,-7.628803172571964,-3.0806134041217943,-6.048967367675871,-4.8001825447446285,-14.246670158238183
476,350035000016.5947,43,34.9999873847242,35.0,291.9,0,0.0,0.7764725751175918,0.2235274248741036,8.304526260776144e-12,200.0,61.3,-184.1822922687752,-1.328050210580729,-0.9337170638474517,-11.174782862592357,0.0,0.0,-27.87593356212761,-7.628803172571964,-3.0806134041217943,-6.048967367675871,-4.8001825447446285,-14.246670158238183
477,350035000016.5947,44,34.9999873847242,35.0,291.9,0,0.0,0.776460842108505,0.22353915788360582,7.889299947737337e-12,200.0,61.3,-184.1822922687752,-1.328050210580729,-0.9337170638474517,-11.174782862592357,0.0,0.0,-27.87593356212761,-7.628803172571964,-3.0806134041217943,-6.048967367675871,-4.8001825447446285,-14.246670158238183
478,350035000016.5947,45,34.9999873847242,35.0,291.9,0,0.0,0.7764471287217872,0.22355287127071793,7.49483495035047e-12,200.0,61.3,-184.1822922687752,-1.328050210580729,-0.9337170638474517,-11.174782862592357,0.0,0.0,-27.87593356212761,-7.628803172571964,-3.0806134041217943,-6.048967367675871,-4.8001825447446285,-14.246670158238183
479,350035000016.5947,46,34.9999873847242,35.0,291.9,0,0.0,0.7764378807993993,0.2235621191934806,7.120093202832947e-12,200.0,61.3,-184.1822922687752,-1.328050210580729,-0.9337170638474517,-11.174782862592357,0.0,0.0,-27.87593356212761,-7.628803172571964,-3.0806134041217943,-6.048967367675871,-4.8001825447446285,-14.246670158238183
480,350035000016.5947,47,34.9999873847242,35.0,291.9,0,0.0,0.7764370680838876,0.22356293190934842,6.7640885426912996e-12,200.0,61.3,-184.1822922687752,-1.328050210580729,-0.9337170638474517,-11.174782862592357,0.0,0.0,-27.87593356212761,-7.628803172571964,-3.0806134041217943,-6.048967367675871,-4.8001825447446285,-14.246670158238183
481,350035000016.5947,48,34.9999873847242,35.0,291.9,0,0.0,0.7764400295394722,0.22355997045410195,6.4258841155567345e-12,200.0,61.3,-184.1822922687752,-1.328050210580729,-0.9337170638474517,-11.174782862592357,0.0,0.0,-27.87593356212761,-7.628803172571964,-3.0806134041217943,-6.048967367675871,-4.8001825447446285,-14.246670158238183
482,350035000016.5947,49,34.9999873847242,35.0,291.9,0,0.0,0.77643817857329,0.2235618214206054,6.104589909778897e-12,200.0,61.3,-184.1822922687752,-1.328050210580729,-0.9337170638474517,-11.174782862592357,0.0,0.0,-27.87593356212761,-7.628803172571964,-3.0806134041217943,-6.048967367675871,-4.8001825447446285,-14.246670158238183
483,350035000016.5947,0,34.9999873847242,35.0,291.9,0,0.0,0.7764233959033398,0.22357660409086097,5.7993604142899525e-12,200.0,61.3,-184.1822922687752,-1.328050210580729,-0.9337170638474517,-11.174782862592357,0.0,0.0,-27.87593356212761,-7.628803172571964,-3.0806134041217943,-6.048967367675871,-4.8001825447446285,-14.246670158238183
484,350035000016.5947,1,34.9999873847242,35.0,291.9,0,0.0,0.7764193655167424,0.22358063447774823,5.509392393575455e-12,200.0,61.3,-184.1822922687752,-1.328050210580729,-0.9337170638474517,-11.174782862592357,0.0,0.0,-27.87593356212761,-7.628803172571964,-3.0806134041217943,-6.048967367675871,-4.8001825447446285,-14.246670158238183
485,350035000016.5947,2,34.9999873847242,35.0,291.9,0,0.0,0.7764109130543488,0.22358908694041726,5.233922773896682e-12,200.0,61.3,-184.1822922687752,-1.328050210580729,-0.9337170638474517,-11.174782862592357,0.0,0.0,-27.87593356212761,-7.628803172571964,-3.0806134041217943,-6.048967367675871,-4.8001825447446285,-14.246670158238183
486,350035000016.5947,3,34.9999873847242,35.0,291.9,0,0.0,0.7764107582012564,0.22358924179377135,4.972226635201847e-12,200.0,61.3,-184.1822922687752,-1.328050210580729,-0.9337170638474517,-11.174782862592357,0.0,0.0,-27.87593356212761,-7.628803172571964,-3.0806134041217943,-6.048967367675871,-4.8001825447446285,-14.246670158238183
487,350035000016.5947,4,34.9999873847242,35.0,291.9,0,0.0,0.7764142998049035,0.2235857001903729,4.723615303441755e-12,200.0,61.3,-184.1822922687752,-1.328050210580729,-0.9337170638474517,-11.174782862592357,0.0,0.0,-27.87593356212761,-7.628803172571964,-3.0806134041217943,-6.048967367675871,-4.8001825447446285,-14.246670158238183
488,350035000016.5947,5,34.9999873847242,35.0,291.9,0,0.0,0.7764109886090207,0.22358901138649195,4.487434538269667e-12,200.0,61.3,-184.1822922687752,-1.328050210580729,-0.9337170638474517,-11.174782862592357,0.0,0.0,-27.87593356212761,-7.628803172571964,-3.0806134041217943,-6.048967367675871,-4.8001825447446285,-14.246670158238183
489,350035000016.5947,6,34.9999873847242,35.0,291.9,0,0.0,0.7764053247887482,0.22359467520698875,4.263062811356184e-12,200.0,61.3,-184.1822922687752,-1.328050210580729,-0.9337170638474517,-11.174782862592357,0.0,0.0,-27.87593356212761,-7.628803172571964,-3.0806134041217943,-6.048967367675871,-4.8001825447446285,-14.246670158238183
490,350035000016.5947,7,34.9999873847242,35.0,291.9,0,0.0,0.776401561702362,0.2235984382935882,4.0499096707883754e-12,200.0,61.3,-184.1822922687752,-1.328050210580729,-0.9337170638474517,-11.174782862592357,0.0,0.0,-27.87593356212761,-7.628803172571964,-3.0806134041217943,-6.048967367675871,-4.8001825447446285,-14.246670158238183
491,350035000016.5947,8,34.9999873847242,35.0,291.9,0,0.0,0.7764037119175375,0.22359628807861504,3.847414187248957e-12,200.0,61.3,-184.1822922687752,-1.328050210580729,-0.9337170638474517,-11.174782862592357,0.0,0.0,-27.87593356212761,-7.628803172571964,-3.0806134041217943,-6.048967367675871,-4.8001825447446285,-14.246670158238183
492,350035000016.5947,9,34.9999873847242,35.0,291.9,0,0.0,0.7764052965146302,0.22359470348171476,3.65504347788651e-12,200.0,61.3,-184.1822922687752,-1.328050210580729,-0.9337170638474517,-11.174782862592357,0.0,0.0,-27.87593356212761,-7.628803172571964,-3.0806134041217943,-6.048967367675871,-4.8001825447446285,-14.246670158238183
493,350035000016.5947,10,34.9999873847242,35.0,291.9,0,0.0,0.7764022474546164,0.22359775254191128,3.4722913039921844e-12,200.0,61.3,-184.1822922687752,-1.328050210580729,-0.9337170638474517,-11.174782862592357,0.0,0.0,-27.87593356212761,-7.628803172571964,-3.0806134041217943,-6.048967367675871,-4.8001825447446285,-14.246670158238183
494,350035000016.5947,11,34.9999873847242,35.0,291.9,0,0.0,0.7763968588051477,0.2236031411915536,3.2986767387925755e-12,200.0,61.3,-184.1822922687752,-1.328050210580729,-0.9337170638474517,-11.174782862592357,0.0,0.0,-27.87593356212761,-7.628803172571964,-3.0806134041217943,-6.048967367675871,-4.8001825447446285,-14.246670158238183
495,350035000016.5947,12,34.9999873847242,35.0,291.9,0,0.0,0.7763953821524653,0.223604617844401,3.1337429018529468e-12,200.0,61.3,-184.1822922687752,-1.328050210580729,-0.9337170638474517,-11.174782862592357,0.0,0.0,-27.87593356212761,-7.628803172571964,-3.0806134041217943,-6.048967367675871,-4.8001825447446285,-14.246670158238183
496,350035000016.5947,13,34.9999873847242,35.0,291.9,0,0.0,0.776395569252315,0.22360443074470795,2.9770557567602994e-12,200.0,61.3,-184.1822922687752,-1.328050210580729,-0.9337170638474517,-11.174782862592357,0.0,0.0,-27.87593356212761,-7.628803172571964,-3.0806134041217943,-6.048967367675871,-4.8001825447446285,-14.246670158238183
497,350035000016.5947,14,34.9999873847242,35.0,291.9,0,0.0,0.7764034231566278,0.22359657684054401,2.828202968922284e-12,200.0,61.3,-184.1822922687752,-1.328050210580729,-0.9337170638474517,-11.174782862592357,0.0,0.0,-27.87593356212761,-7.628803172571964,-3.0806134041217943,-6.048967367675871,-4.8001825447446285,-14.246670158238183
498,350035000016.5947,15,34.9999873847242,35.0,291.9,0,0.0,0.7764023121244882,0.22359768787282505,2.68679282047617e-12,200.0,61.3,-184.1822922687752,-1.328050210580729,-0.9337170638474517,-11.174782862592357,0.0,0.0,-27.87593356212761,-7.628803172571964,-3.0806134041217943,-6.048967367675871,-4.8001825447446285,-14.246670158238183
499,350035000016.5947,16,34.9999873847242,35.0,291.9,0,0.0,0.7763927098941346,0.22360729010331307,2.5524531794523618e-12,200.0,61.3,-184.1822922687752,-1.328050210580729,-0.9337170638474517,-11.174782862592357,0.0,0.0,-27.87593356212761,-7.628803172571964,-3.0806134041217943,-6.048967367675871,-4.8001825447446285,-14.246670158238183
500,350035000016.5947,17,34.9999873847242,35.0,291.9,0,0.0,0.7763872039200334,0.22361279607754186,2.4248305204797437e-12,200.0,61.3,-184.1822922687752,-1.328050210580729,-0.9337170638474517,-11.174782862592357,0.0,0.0,-27.87593356212761,-7.628803172571964,-3.0806134041217943,-6.048967367675871,-4.8001825447446285,-14.246670158238183
501,350035000016.5947,18,34.9999873847242,35.0,291.9,0,0.0,0.7763815393838085,0.2236184606138879,2.3035889944557562e-12,200.0,61.3,-184.1822922687752,-1.328050210580729,-0.9337170638474517,-11.174782862592357,0.0,0.0,-27.87593356212761,-7.628803172571964,-3.0806134041217943,-6.048967367675871,-4.8001825447446285,-14.246670158238183
502,350035000016.5947,19,34.9999873847242,35.0,291.9,0,0.0,0.7763656523558253,0.22363434764198623,2.1884095447329683e-12,200.0,61.3,-184.1822922687752,-1.328050210580729,-0.9337170638474517,-11.174782862592357,0.0,0.0,-27.87593356212761,-7.628803172571964,-3.0806134041217943,-6.048967367675871,-4.8001825447446285,-14.246670158238183
503,350035000016.5947,20,34.9999873847242,35.0,291.9,0,0.0,0.7763441105235467,0.2236558894743744,2.0789890674963204e-12,200.0,61.3,-184.1822922687752,-1.328050210580729,-0.9337170638474517,-11.174782862592357,0.0,0.0,-27.87593356212761,-7.628803172571964,-3.0806134041217943,-6.048967367675871,-4.8001825447446285,-14.246670158238183
504,350035000016.5947,21,34.9999873847242,35.0,291.9,0,0.0,0.7763312830699043,0.22366871692812065,1.9750396141215044e-12,200.0,61.3,-184.1822922687752,-1.328050210580729,-0.9337170638474517,-11.174782862592357,0.0,0.0,-27.87593356212761,-7.628803172571964,-3.0806134041217943,-6.048967367675871,-4.8001825447446285,-14.246670158238183
505,350035000016.5947,22,34.9999873847242,35.0,291.9,0,0.0,0.7763206890656629,0.2236793109324609,1.8762876334154295e-12,200.0,61.3,-184.1822922687752,-1.328050210580729,-0.9337170638474517,-11.174782862592357,0.0,0.0,-27.87593356212761,-7.628803172571964,-3.0806134041217943,-6.048967367675871,-4.8001825447446285,-14.246670158238183
506,350035000016.5947,23,34.9999873847242,35.0,291.9,0,0.0,0.7763122101474095,0.2236877898508081,1.782473251744658e-12,200.0,61.3,-184.1822922687752,-1.328050210580729,-0.9337170638474517,-11.174782862592357,0.0,0.0,-27.87593356212761,-7.628803172571964,-3.0806134041217943,-6.048967367675871,-4.8001825447446285,-14.246670158238183
507,350035000016.5947,24,34.9999873847242,35.0,291.9,0,0.0,0.7763057339119933,0.2236942660863134,1.693349589157425e-12,200.0,61.3,-184.1822922687752,-1.328050210580729,-0.9337170638474517,-11.174782862592357,0.0,0.0,-27.87593356212761,-7.628803172571964,-3.0806134041217943,-6.048967367675871,-4.8001825447446285,-14.246670158238183
508,350035000016.5947,25,34.9999873847242,35.0,291.9,0,0.0,0.7763071213535518,0.2236928786448395,1.6086821096995538e-12,200.0,61.3,-184.1822922687752,-1.328050210580729,-0.9337170638474517,-11.174782862592357,0.0,0.0,-27.87593356212761,-7.628803172571964,-3.0806134041217943,-6.048967367675871,-4.8001825447446285,-14.246670158238183
509,350035000016.5947,26,34.9999873847242,35.0,291.9,0,0.0,0.7763139592248512,0.22368604077362053,1.528248004214576e-12,200.0,61.3,-184.1822922687752,-1.328050210580729,-0.9337170638474517,-11.174782862592357,0.0,0.0,-27.87593356212761,-7.628803172571964,-3.0806134041217943,-6.048967367675871,-4.8001825447446285,-14.246670158238183
510,350035000016.5947,27,34.9999873847242,35.0,291.9,0,0.0,0.7763378072325398,0.22366219276600838,1.451835604003847e-12,200.0,61.3,-184.1822922687752,-1.328050210580729,-0.9337170638474517,-11.174782862592357,0.0,0.0,-27.87593356212761,-7.628803172571964,-3.0806134041217943,-6.048967367675871,-4.8001825447446285,-14.246670158238183
511,350035000016.5947,28,34.9999873847242,35.0,291.9,0,0.0,0.7763599886759645,0.2236400113226563,1.3792438238036548e-12,200.0,61.3,-184.1822922687752,-1.328050210580729,-0.9337170638474517,-11.174782862592357,0.0,0.0,-27.87593356212761,-7.628803172571964,-3.0806134041217943,-6.048967367675871,-4.8001825447446285,-14.246670158238183
512,350035000016.5947,29,34.9999873847242,35.0,291.9,0,0.0,0.7763825557524809,0.2236174442462088,1.3102816326134722e-12,200.0,61.3,-184.1822922687752,-1.328050210580729,-0.9337170638474517,-11.174782862592357,0.0,0.0,-27.87593356212761,-7.628803172571964,-3.0806134041217943,-6.048967367675871,-4.8001825447446285,-14.246670158238183
513,350035000016.5947,30,34.9999873847242,35.0,291.9,0,0.0,0.7764035202302448,0.22359647976851035,1.2447675509827986e-12,200.0,61.3,-184.1822922687752,-1.328050210580729,-0.9337170638474517,-11.174782862592357,0.0,0.0,-27.87593356212761,-7.628803172571964,-3.0806134041217943,-6.048967367675871,-4.8001825447446285,-14.246670158238183
514,350035000016.5947,31,34.9999873847242,35.0,291.9,0,0.0,0.7764210045678429,0.22357899543097465,1.1825291734336587e-12,200.0,61.3,-184.1822922687752,-1.328050210580729,-0.9337170638474517,-11.174782862592357,0.0,0.0,-27.87593356212761,-7.628803172571964,-3.0806134041217943,-6.048967367675871,-4.8001825447446285,-14.246670158238183
515,350035000016.5947,32,34.9999873847242,35.0,291.9,0,0.0,0.7764371478462089,0.22356285215266777,1.1234027147619757e-12,200.0,61.3,-184.1822922687752,-1.328050210580729,-0.9337170638474517,-11.174782862592357,0.0,0.0,-27.87593356212761,-7.628803172571964,-3.0806134041217943,-6.048967367675871,-4.8001825447446285,-14.246670158238183
516,350035000016.5947,33,34.9999873847242,35.0,291.9,0,0.0,0.7764442058441657,0.22355579415476703,1.0672325790238768e-12,200.0,61.3,-184.1822922687752,-1.328050210580729,-0.9337170638474517,-11.174782862592357,0.0,0.0,-27.87593356212761,-7.628803172571964,-3.0806134041217943,-6.048967367675871,-4.8001825447446285,-14.246670158238183
517,350035000016.5947,34,34.9999873847242,35.0,291.9,0,0.0,0.7764465605191184,0.22355343947986775,1.0138709500726832e-12,200.0,61.3,-184.1822922687752,-1.328050210580729,-0.9337170638474517,-11.174782862592357,0.0,0.0,-27.87593356212761,-7.628803172571964,-3.0806134041217943,-6.048967367675871,-4.8001825447446285,-14.246670158238183
518,350035000016.5947,35,34.9999873847242,35.0,291.9,0,0.0,0.7764483581900707,0.2235516418089661,9.63177402569049e-13,200.0,61.3,-184.1822922687752,-1.328050210580729,-0.9337170638474517,-11.174782862592357,0.0,0.0,-27.87593356212761,-7.628803172571964,-3.0806134041217943,-6.048967367675871,-4.8001825447446285,-14.246670158238183
519,350035000016.5947,36,34.9999873847242,35.0,291.9,0,0.0,0.7764554585356324,0.22354454146345257,9.150185324405965e-13,200.0,61.3,-184.1822922687752,-1.328050210580729,-0.9337170638474517,-11.174782862592357,0.0,0.0,-27.87593356212761,-7.628803172571964,-3.0806134041217943,-6.048967367675871,-4.8001825447446285,-14.246670158238183
520,350035000016.5947,37,34.9999873847242,35.0,291.9,0,0.0,0.7764598177135295,0.22354018228560124,8.692676058185666e-13,200.0,61.3,-184.1822922687752,-1.328050210580729,-0.9337170638474517,-11.174782862592357,0.0,0.0,-27.87593356212761,-7.628803172571964,-3.0806134041217943,-6.048967367675871,-4.8001825447446285,-14.246670158238183
521,350035000016.5947,38,34.9999873847242,35.0,291.9,0,0.0,0.7764615813318784,0.22353841866729585,8.258042255276383e-13,200.0,61.3,-184.1822922687752,-1.328050210580729,-0.9337170638474517,-11.174782862592357,0.0,0.0,-27.87593356212761,-7.628803172571964,-3.0806134041217943,-6.048967367675871,-4.8001825447446285,-14.246670158238183
522,350035000016.5947,39,34.9999873847242,35.0,291.9,0,0.0,0.7764666848757289,0.22353331512348656,7.845140142512564e-13,200.0,61.3,-184.1822922687752,-1.328050210580729,-0.9337170638474517,-11.174782862592357,0.0,0.0,-27.87593356212761,-7.628803172571964,-3.0806134041217943,-6.048967367675871,-4.8001825447446285,-14.246670158238183
523,350035000016.5947,40,34.9999873847242,35.0,291.9,0,0.0,0.776467234358839,0.22353276564041571,7.452883135386937e-13,200.0,61.3,-184.1822922687752,-1.328050210580729,-0.9337170638474517,-11.174782862592357,0.0,0.0,-27.87593356212761,-7.628803172571964,-3.0806134041217943,-6.048967367675871,-4.8001825447446285,-14.246670158238183
524,350035000016.5947,41,34.9999873847242,35.0,291.9,0,0.0,0.7764596181464775,0.2235403818528145,7.08023897861759e-13,200.0,61.3,-184.1822922687752,-1.328050210580729,-0.9337170638474517,-11.174782862592357,0.0,0.0,-27.87593356212761,-7.628803172571964,-3.0806134041217943,-6.048967367675871,-4.8001825447446285,-14.246670158238183
525,350035000016.5947,42,34.9999873847242,35.0,291.9,0,0.0,0.7764673401723922,0.22353265982693524,6.726227029686711e-13,200.0,61.3,-184.1822922687752,-1.328050210580729,-0.9337170638474517,-11.174782862592357,0.0,0.0,-27.87593356212761,-7.628803172571964,-3.0806134041217943,-6.048967367675871,-4.8001825447446285,-14.246670158238183
526,350035000016.5947,43,34.9999873847242,35.0,291.9,0,0.0,0.7764742321208495,0.22352576787851147,6.389915678202376e-13,200.0,61.3,-184.1822922687752,-1.328050210580729,-0.9337170638474517,-11.174782862592357,0.0,0.0,-27.87593356212761,-7.628803172571964,-3.0806134041217943,-6.048967367675871,-4.8001825447446285,-14.246670158238183
527,350035000016.5947,44,34.9999873847242,35.0,291.9,0,0.0,0.776480337175757,0.2235196628236359,6.070419894292257e-13,200.0,61.3,-184.1822922687752,-1.328050210580729,-0.9337170638474517,-11.174782862592357,0.0,0.0,-27.87593356212761,-7.628803172571964,-3.0806134041217943,-6.048967367675871,-4.8001825447446285,-14.246670158238183
528,350035000016.5947,45,34.9999873847242,35.0,291.9,0,0.0,0.7764876053071968,0.22351239469222653,5.766898899577644e-13,200.0,61.3,-184.1822922687752,-1.328050210580729,-0.9337170638474517,-11.174782862592357,0.0,0.0,-27.87593356212761,-7.628803172571964,-3.0806134041217943,-6.048967367675871,-4.8001825447446285,-14.246670158238183
529,350035000016.5947,46,34.9999873847242,35.0,291.9,0,0.0,0.7764959724713908,0.2235040275280614,5.478553954598761e-13,200.0,61.3,-184.1822922687752,-1.328050210580729,-0.9337170638474517,-11.174782862592357,0.0,0.0,-27.87593356212761,-7.628803172571964,-3.0806134041217943,-6.048967367675871,-4.8001825447446285,-14.246670158238183
530,350035000016.5947,47,34.9999873847242,35.0,291.9,0,0.0,0.7764977712664236,0.22350222873305597,5.204626256868823e-13,200.0,61.3,-184.1822922687752,-1.328050210580729,-0.9337170638474517,-11.174782862592357,0.0,0.0,-27.87593356212761,-7.628803172571964,-3.0806134041217943,-6.048967367675871,-4.8001825447446285,-14.246670158238183
531,350035000016.5947,48,34.9999873847242,35.0,291.9,0,0.0,0.77649334875964,0.22350665123986552,4.944394944025381e-13,200.0,61.3,-184.1822922687752,-1.328050210580729,-0.9337170638474517,-11.174782862592357,0.0,0.0,-27.87593356212761,-7.628803172571964,-3.0806134041217943,-6.048967367675871,-4.8001825447446285,-14.246670158238183
532,350035000016.5947,49,34.9999873847242,35.0,291.9,0,0.0,0.7764868302375268,0.22351316976200347,4.697175196824113e-13,200.0,61.3,-184.1822922687752,-1.328050210580729,-0.9337170638474517,-11.174782862592357,0.0,0.0,-27.87593356212761,-7.628803172571964,-3.0806134041217943,-6.048967367675871,-4.8001825447446285,-14.246670158238183
533,350035000016.5947,0,34.9999873847242,35.0,291.9,0,0.0,0.7764953590858946,0.2235046409136592,4.4623164369829076e-13,200.0,61.3,-184.1822922687752,-1.328050210580729,-0.9337170638474517,-11.174782862592357,0.0,0.0,-27.87593356212761,-7.628803172571964,-3.0806134041217943,-6.048967367675871,-4.8001825447446285,-14.246670158238183
534,350035000016.5947,1,34.9999873847242,35.0,291.9,0,0.0,0.7764992458533398,0.22350075414623627,4.239200615133762e-13,200.0,61.3,-184.1822922687752,-1.328050210580729,-0.9337170638474517,-11.174782862592357,0.0,0.0,-27.87593356212761,-7.628803172571964,-3.0806134041217943,-6.048967367675871,-4.8001825447446285,-14.246670158238183
535,350035000016.5947,2,34.9999873847242,35.0,291.9,0,0.0,0.7764930790199271,0.22350692097967012,4.027240584377074e-13,200.0,61.3,-184.1822922687752,-1.328050210580729,-0.9337170638474517,-11.174782862592357,0.0,0.0,-27.87593356212761,-7.628803172571964,-3.0806134041217943,-6.048967367675871,-4.8001825447446285,-14.246670158238183
536,350035000016.5947,3,34.9999873847242,35.0,291.9,0,0.0,0.7764886895299419,0.2235113104696756,3.8258785551582204e-13,200.0,61.3,-184.1822922687752,-1.328050210580729,-0.9337170638474517,-11.174782862592357,0.0,0.0,-27.87593356212761,-7.628803172571964,-3.0806134041217943,-6.048967367675871,-4.8001825447446285,-14.246670158238183
537,350035000016.5947,4,34.9999873847242,35.0,291.9,0,0.0,0.7764897390960558,0.22351026090358087,3.6345846274003093e-13,200.0,61.3,-184.1822922687752,-1.328050210580729,-0.9337170638474517,-11.174782862592357,0.0,0.0,-27.87593356212761,-7.628803172571964,-3.0806134041217943,-6.048967367675871,-4.8001825447446285,-14.246670158238183
538,350035000016.5947,5,34.9999873847242,35.0,291.9,0,0.0,0.776490311755387,0.22350968824426784,3.4528553960302935e-13,200.0,61.3,-184.1822922687752,-1.328050210580729,-0.9337170638474517,-11.174782862592357,0.0,0.0,-27.87593356212761,-7.628803172571964,-3.0806134041217943,-6.048967367675871,-4.8001825447446285,-14.246670158238183
539,350035000016.5947,6,34.9999873847242,35.0,291.9,0,0.0,0.7764923035993045,0.22350769640036752,3.2802126262287784e-13,200.0,61.3,-184.1822922687752,-1.328050210580729,-0.9337170638474517,-11.174782862592357,0.0,0.0,-27.87593356212761,-7.628803172571964,-3.0806134041217943,-6.048967367675871,-4.8001825447446285,-14.246670158238183
540,350035000016.5947,7,34.9999873847242,35.0,291.9,0,0.0,0.7764937711507053,0.2235062288489831,3.116201994917339e-13,200.0,61.3,-184.1822922687752,-1.328050210580729,-0.9337170638474517,-11.174782862592357,0.0,0.0,-27.87593356212761,-7.628803172571964,-3.0806134041217943,-6.048967367675871,-4.8001825447446285,-14.246670158238183
541,350035000016.5947,8,34.9999873847242,35.0,291.9,0,0.0,0.7764966056278163,0.22350339437188768,2.9603918951714723e-13,200.0,61.3,-184.1822922687752,-1.328050210580729,-0.9337170638474517,-11.174782862592357,0.0,0.0,-27.87593356212761,-7.628803172571964,-3.0806134041217943,-6.048967367675871,-4.8001825447446285,-14.246670158238183
542,350035000016.5947,9,34.9999873847242,35.0,291.9,0,0.0,0.7765081671289262,0.22349183287079255,2.8123723004128984e-13,200.0,61.3,-184.1822922687752,-1.328050210580729,-0.9337170638474517,-11.174782862592357,0.0,0.0,-27.87593356212761,-7.628803172571964,-3.0806134041217943,-6.048967367675871,-4.8001825447446285,-14.246670158238183
543,350035000016.5947,10,34.9999873847242,35.0,291.9,0,0.0,0.7765131455306031,0.2234868544691297,2.6717536853922533e-13,200.0,61.3,-184.1822922687752,-1.328050210580729,-0.9337170638474517,-11.174782862592357,0.0,0.0,-27.87593356212761,-7.628803172571964,-3.0806134041217943,-6.048967367675871,-4.8001825447446285,-14.246670158238183
544,350035000016.5947,11,34.9999873847242,35.0,291.9,0,0.0,0.7765230012517274,0.2234769987480189,2.538166001122641e-13,200.0,61.3,-184.1822922687752,-1.328050210580729,-0.9337170638474517,-11.174782862592357,0.0,0.0,-27.87593356212761,-7.628803172571964,-3.0806134041217943,-6.048967367675871,-4.8001825447446285,-14.246670158238183
545,350035000016.5947,12,34.9999873847242,35.0,291.9,0,0.0,0.7765282311189895,0.2234717688807694,2.4112577010665086e-13,200.0,61.3,-184.1822922687752,-1.328050210580729,-0.9337170638474517,-11.174782862592357,0.0,0.0,-27.87593356212761,-7.628803172571964,-3.0806134041217943,-6.048967367675871,-4.8001825447446285,-14.246670158238183
546,350035000016.5947,13,34.9999873847242,35.0,291.9,0,0.0,0.776532770749488,0.22346722925028298,2.290694816013183e-13,200.0,61.3,-184.1822922687752,-1.328050210580729,-0.9337170638474517,-11.174782862592357,0.0,0.0,-27.87593356212761,-7.628803172571964,-3.0806134041217943,-6.048967367675871,-4.8001825447446285,-14.246670158238183
547,350035000016.5947,14,34.9999873847242,35.0,291.9,0,0.0,0.7765384978435056,0.22346150215627678,2.1761600752125238e-13,200.0,61.3,-184.1822922687752,-1.328050210580729,-0.9337170638474517,-11.174782862592357,0.0,0.0,-27.87593356212761,-7.628803172571964,-3.0806134041217943,-6.048967367675871,-4.8001825447446285,-14.246670158238183
548,350035000016.5947,15,34.9999873847242,35.0,291.9,0,0.0,0.7765398325722379,0.22346016742755542,2.0673520714518978e-13,200.0,61.3,-184.1822922687752,-1.328050210580729,-0.9337170638474517,-11.174782862592357,0.0,0.0,-27.87593356212761,-7.628803172571964,-3.0806134041217943,-6.048967367675871,-4.8001825447446285,-14.246670158238183
549,350035000016.5947,16,34.9999873847242,35.0,291.9,0,0.0,0.7765498528281761,0.22345014717162756,1.963984467879303e-13,200.0,61.3,-184.1822922687752,-1.328050210580729,-0.9337170638474517,-11.174782862592357,0.0,0.0,-27.87593356212761,-7.628803172571964,-3.0806134041217943,-6.048967367675871,-4.8001825447446285,-14.246670158238183
550,350035000016.5947,17,34.9999873847242,35.0,291.9,0,0.0,0.7765625961212393,0.2234374038785741,1.8657852444853378e-13,200.0,61.3,-184.1822922687752,-1.328050210580729,-0.9337170638474517,-11.174782862592357,0.0,0.0,-27.87593356212761,-7.628803172571964,-3.0806134041217943,-6.048967367675871,-4.8001825447446285,-14.246670158238183
551,350035000016.5947,18,34.9999873847242,35.0,291.9,0,0.0,0.776576087622581,0.2234239123772417,1.7724959822610709e-13,200.0,61.3,-184.1822922687752,-1.328050210580729,-0.9337170638474517,-11.174782862592357,0.0,0.0,-27.87593356212761,-7.628803172571964,-3.0806134041217943,-6.048967367675871,-4.8001825447446285,-14.246670158238183
552,350035000016.5947,19,34.9999873847242,35.0,291.9,0,0.0,0.7765993896809578,0.2234006103188739,1.6838711831480175e-13,200.0,61.3,-184.1822922687752,-1.328050210580729,-0.9337170638474517,-11.174782862592357,0.0,0.0,-27.87593356212761,-7.628803172571964,-3.0806134041217943,-6.048967367675871,-4.8001825447446285,-14.246670158238183
553,350035000016.5947,20,34.9999873847242,35.0,291.9,0,0.0,0.776622883168057,0.22337711683178302,1.5996776239906164e-13,200.0,61.3,-184.1822922687752,-1.328050210580729,-0.9337170638474517,-11.174782862592357,0.0,0.0,-27.87593356212761,-7.628803172571964,-3.0806134041217943,-6.048967367675871,-4.8001825447446285,-14.246670158238183
554,350035000016.5947,21,34.9999873847242,35.0,291.9,0,0.0,0.7766465533265757,0.22335344667327237,1.519693742791086e-13,200.0,61.3,-184.1822922687752,-1.328050210580729,-0.9337170638474517,-11.174782862592357,0.0,0.0,-27.87593356212761,-7.628803172571964,-3.0806134041217943,-6.048967367675871,-4.8001825447446285,-14.246670158238183
555,350035000016.5947,22,34.9999873847242,35.0,291.9,0,0.0,0.7766703861667564,0.22332961383309916,1.4437090556515316e-13,200.0,61.3,-184.1822922687752,-1.328050210580729,-0.9337170638474517,-11.174782862592357,0.0,0.0,-27.87593356212761,-7.628803172571964,-3.0806134041217943,-6.048967367675871,-4.8001825447446285,-14.246670158238183
556,350035000016.5947,23,34.9999873847242,35.0,291.9,0,0.0,0.7766979785506427,0.2233020214492202,1.3715236028689551e-13,200.0,61.3,-184.1822922687752,-1.328050210580729,-0.9337170638474517,-11.174782862592357,0.0,0.0,-27.87593356212761,-7.628803172571964,-3.0806134041217943,-6.048967367675871,-4.8001825447446285,-14.246670158238183
557,350035000016.5947,24,34.9999873847242,35.0,291.9,0,0.0,0.776727320971824,0.22327267902804582,1.3029474227255075e-13,200.0,61.3,-184.1822922687752,-1.328050210580729,-0.9337170638474517,-11.174782862592357,0.0,0.0,-27.87593356212761,-7.628803172571964,-3.0806134041217943,-6.048967367675871,-4.8001825447446285,-14.246670158238183
558,350035000016.5947,25,34.9999873847242,35.0,291.9,0,0.0,0.7767493248272282,0.22325067517264802,1.237800051589232e-13,200.0,61.3,-184.1822922687752,-1.328050210580729,-0.9337170638474517,-11.174782862592357,0.0,0.0,-27.87593356212761,-7.628803172571964,-3.0806134041217943,-6.048967367675871,-4.8001825447446285,-14.246670158238183
559,350035000016.5947,26,34.9999873847242,35.0,291.9,0,0.0,0.7767643739130727,0.2232356260868097,1.1759100490097705e-13,200.0,61.3,-184.1822922687752,-1.328050210580729,-0.9337170638474517,-11.174782862592357,0.0,0.0,-27.87593356212761,-7.628803172571964,-3.0806134041217943,-6.048967367675871,-4.8001825447446285,-14.246670158238183
560,350035000016.5947,27,34.9999873847242,35.0,291.9,0,0.0,0.776778215648416,0.22322178435147233,1.1171145465592819e-13,200.0,61.3,-184.1822922687752,-1.328050210580729,-0.9337170638474517,-11.174782862592357,0.0,0.0,-27.87593356212761,-7.628803172571964,-3.0806134041217943,-6.048967367675871,-4.8001825447446285,-14.246670158238183
561,350035000016.5947,28,34.9999873847242,35.0,291.9,0,0.0,0.7767891212598459,0.22321087874004794,1.0612588192313177e-13,200.0,61.3,-184.1822922687752,-1.328050210580729,-0.9337170638474517,-11.174782862592357,0.0,0.0,-27.87593356212761,-7.628803172571964,-3.0806134041217943,-6.048967367675871,-4.8001825447446285,-14.246670158238183
562,350035000016.5947,29,34.9999873847242,35.0,291.9,0,0.0,0.7768061811309025,0.22319381886899667,1.0081958782697519e-13,200.0,61.3,-184.1822922687752,-1.328050210580729,-0.9337170638474517,-11.174782862592357,0.0,0.0,-27.87593356212761,-7.628803172571964,-3.0806134041217943,-6.048967367675871,-4.8001825447446285,-14.246670158238183
563,350035000016.5947,30,34.9999873847242,35.0,291.9,0,0.0,0.7768272761086061,0.22317272389129805,9.577860843562643e-14,200.0,61.3,-184.1822922687752,-1.328050210580729,-0.9337170638474517,-11.174782862592357,0.0,0.0,-27.87593356212761,-7.628803172571964,-3.0806134041217943,-6.048967367675871,-4.8001825447446285,-14.246670158238183
564,350035000016.5947,31,34.9999873847242,35.0,291.9,0,0.0,0.7768468492876694,0.2231531507122396,9.098967801384512e-14,200.0,61.3,-184.1822922687752,-1.328050210580729,-0.9337170638474517,-11.174782862592357,0.0,0.0,-27.87593356212761,-7.628803172571964,-3.0806134041217943,-6.048967367675871,-4.8001825447446285,-14.246670158238183
565,350035000016.5947,32,34.9999873847242,35.0,291.9,0,0.0,0.7768667539264206,0.22313324607349305,8.644019411315287e-14,200.0,61.3,-184.1822922687752,-1.328050210580729,-0.9337170638474517,-11.174782862592357,0.0,0.0,-27.87593356212761,-7.628803172571964,-3.0806134041217943,-6.048967367675871,-4.8001825447446285,-14.246670158238183
566,350035000016.5947,33,34.9999873847242,35.0,291.9,0,0.0,0.7768887402105036,0.22311125978941437,8.211818440749522e-14,200.0,61.3,-184.1822922687752,-1.328050210580729,-0.9337170638474517,-11.174782862592357,0.0,0.0,-27.87593356212761,-7.628803172571964,-3.0806134041217943,-6.048967367675871,-4.8001825447446285,-14.246670158238183
567,350035000016.5947,34,34.9999873847242,35.0,291.9,0,0.0,0.7769020790631084,0.2230979209368136,7.801227518712046e-14,200.0,61.3,-184.1822922687752,-1.328050210580729,-0.9337170638474517,-11.174782862592357,0.0,0.0,-27.87593356212761,-7.628803172571964,-3.0806134041217943,-6.048967367675871,-4.8001825447446285,-14.246670158238183
568,350035000016.5947,35,34.9999873847242,35.0,291.9,0,0.0,0.7769089908424996,0.2230910091574262,7.411166142776443e-14,200.0,61.3,-184.1822922687752,-1.328050210580729,-0.9337170638474517,-11.174782862592357,0.0,0.0,-27.87593356212761,-7.628803172571964,-3.0806134041217943,-6.048967367675871,-4.8001825447446285,-14.246670158238183
569,350035000016.5947,36,34.9999873847242,35.0,291.9,0,0.0,0.7769080466656096,0.22309195333432,7.040607835637622e-14,200.0,61.3,-184.1822922687752,-1.328050210580729,-0.9337170638474517,-11.174782862592357,0.0,0.0,-27.87593356212761,-7.628803172571964,-3.0806134041217943,-6.048967367675871,-4.8001825447446285,-14.246670158238183
570,350035000016.5947,37,34.9999873847242,35.0,291.9,0,0.0,0.7769084800905918,0.22309151990934137,6.688577443855741e-14,200.0,61.3,-184.1822922687752,-1.328050210580729,-0.9337170638474517,-11.174782862592357,0.0,0.0,-27.87593356212761,-7.628803172571964,-3.0806134041217943,-6.048967367675871,-4.8001825447446285,-14.246670158238183
571,350035000016.5947,38,34.9999873847242,35.0,291.9,0,0.0,0.7769207692718569,0.22307923072807956,6.354148571662954e-14,200.0,61.3,-184.1822922687752,-1.328050210580729,-0.9337170638474517,-11.174782862592357,0.0,0.0,-27.87593356212761,-7.628803172571964,-3.0806134041217943,-6.048967367675871,-4.8001825447446285,-14.246670158238183
572,350035000016.5947,39,34.9999873847242,35.0,291.9,0,0.0,0.776937251516038,0.22306274848390165,6.036441143079805e-14,200.0,61.3,-184.1822922687752,-1.328050210580729,-0.9337170638474517,-11.174782862592357,0.0,0.0,-27.87593356212761,-7.628803172571964,-3.0806134041217943,-6.048967367675871,-4.8001825447446285,-14.246670158238183
573,350035000016.5947,40,34.9999873847242,35.0,291.9,0,0.0,0.7769524481099127,0.22304755189003,5.734619085925817e-14,200.0,61.3,-184.1822922687752,-1.328050210580729,-0.9337170638474517,-11.174782862592357,0.0,0.0,-27.87593356212761,-7.628803172571964,-3.0806134041217943,-6.048967367675871,-4.8001825447446285,-14.246670158238183
574,350035000016.5947,41,34.9999873847242,35.0,291.9,0,0.0,0.7769576834263465,0.22304231657359902,5.4478881316295255e-14,200.0,61.3,-184.1822922687752,-1.328050210580729,-0.9337170638474517,-11.174782862592357,0.0,0.0,-27.87593356212761,-7.628803172571964,-3.0806134041217943,-6.048967367675871,-4.8001825447446285,-14.246670158238183
575,350035000016.5947,42,34.9999873847242,35.0,291.9,0,0.0,0.7769569728468849,0.22304302715306334,5.175493725048049e-14,200.0,61.3,-184.1822922687752,-1.328050210580729,-0.9337170638474517,-11.174782862592357,0.0,0.0,-27.87593356212761,-7.628803172571964,-3.0806134041217943,-6.048967367675871,-4.8001825447446285,-14.246670158238183
576,350035000016.5947,43,34.9999873847242,35.0,291.9,0,0.0,0.776954120062206,0.22304587993774483,4.916719038795646e-14,200.0,61.3,-184.1822922687752,-1.328050210580729,-0.9337170638474517,-11.174782862592357,0.0,0.0,-27.87593356212761,-7.628803172571964,-3.0806134041217943,-6.048967367675871,-4.8001825447446285,-14.246670158238183
577,350035000016.5947,44,34.9999873847242,35.0,291.9,0,0.0,0.7769527230546585,0.2230472769452949,4.6708830868558645e-14,200.0,61.3,-184.1822922687752,-1.328050210580729,-0.9337170638474517,-11.174782862592357,0.0,0.0,-27.87593356212761,-7.628803172571964,-3.0806134041217943,-6.048967367675871,-4.8001825447446285,-14.246670158238183
578,350035000016.5947,45,34.9999873847242,35.0,291.9,0,0.0,0.7769422680937543,0.2230577319062013,4.4373389325130713e-14,200.0,61.3,-184.1822922687752,-1.328050210580729,-0.9337170638474517,-11.174782862592357,0.0,0.0,-27.87593356212761,-7.628803172571964,-3.0806134041217943,-6.048967367675871,-4.8001825447446285,-14.246670158238183
579,350035000016.5947,46,34.9999873847242,35.0,291.9,0,0.0,0.7769301842558232,0.2230698157441347,4.2154719858874177e-14,200.0,61.3,-184.1822922687752,-1.328050210580729,-0.9337170638474517,-11.174782862592357,0.0,0.0,-27.87593356212761,-7.628803172571964,-3.0806134041217943,-6.048967367675871,-4.8001825447446285,-14.246670158238183
580,350035000016.5947,47,34.9999873847242,35.0,291.9,0,0.0,0.7769217643543771,0.22307823564558288,4.004698386593047e-14,200.0,61.3,-184.1822922687752,-1.328050210580729,-0.9337170638474517,-11.174782862592357,0.0,0.0,-27.87593356212761,-7.628803172571964,-3.0806134041217943,-6.048967367675871,-4.8001825447446285,-14.246670158238183
581,350035000016.5947,48,34.9999873847242,35.0,291.9,0,0.0,0.7769116199781638,0.22308838002179815,3.8044634672633945e-14,200.0,61.3,-184.1822922687752,-1.328050210580729,-0.9337170638474517,-11.174782862592357,0.0,0.0,-27.87593356212761,-7.628803172571964,-3.0806134041217943,-6.048967367675871,-4.8001825447446285,-14.246670158238183
582,350035000016.5947,49,34.9999873847242,35.0,291.9,0,0.0,0.776896385131947,0.22310361486801678,3.6142402939002246e-14,200.0,61.3,-184.1822922687752,-1.328050210580729,-0.9337170638474517,-11.174782862592357,0.0,0.0,-27.87593356212761,-7.628803172571964,-3.0806134041217943,-6.048967367675871,-4.8001825447446285,-14.246670158238183
583,350035000016.5947,0,34.9999873847242,35.0,291.9,0,0.0,0.7768711436104745,0.22312885638949118,3.433528279205214e-14,200.0,61.3,-184.1822922687752,-1.328050210580729,-0.9337170638474517,-11.174782862592357,0.0,0.0,-27.87593356212761,-7.628803172571964,-3.0806134041217943,-6.048967367675871,-4.8001825447446285,-14.246670158238183
584,350035000016.5947,1,34.9999873847242,35.0,291.9,0,0.0,0.7768398748912972,0.22316012510867017,3.261851865244954e-14,200.0,61.3,-184.1822922687752,-1.328050210580729,-0.9337170638474517,-11.174782862592357,0.0,0.0,-27.87593356212761,-7.628803172571964,-3.0806134041217943,-6.048967367675871,-4.8001825447446285,-14.246670158238183
585,350035000016.5947,2,34.9999873847242,35.0,291.9,0,0.0,0.7768132510446916,0.2231867489552775,3.0987592719827057e-14,200.0,61.3,-184.1822922687752,-1.328050210580729,-0.9337170638474517,-11.174782862592357,0.0,0.0,-27.87593356212761,-7.628803172571964,-3.0806134041217943,-6.048967367675871,-4.8001825447446285,-14.246670158238183
586,350035000016.5947,3,34.9999873847242,35.0,291.9,0,0.0,0.77680134479147,0.22319865520850057,2.9438213083835705e-14,200.0,61.3,-184.1822922687752,-1.328050210580729,-0.9337170638474517,-11.174782862592357,0.0,0.0,-27.87593356212761,-7.628803172571964,-3.0806134041217943,-6.048967367675871,-4.8001825447446285,-14.246670158238183
587,350035000016.5947,4,34.9999873847242,35.0,291.9,0,0.0,0.7767862080798837,0.22321379192008825,2.796630242964392e-14,200.0,61.3,-184.1822922687752,-1.328050210580729,-0.9337170638474517,-11.174782862592357,0.0,0.0,-27.87593356212761,-7.628803172571964,-3.0806134041217943,-6.048967367675871,-4.8001825447446285,-14.246670158238183
588,350035000016.5947,5,34.9999873847242,35.0,291.9,0,0.0,0.7767731543381313,0.22322684566184217,2.6567987308161725e-14,200.0,61.3,-184.1822922687752,-1.328050210580729,-0.9337170638474517,-11.174782862592357,0.0,0.0,-27.87593356212761,-7.628803172571964,-3.0806134041217943,-6.048967367675871,-4.8001825447446285,-14.246670158238183
589,350035000016.5947,6,34.9999873847242,35.0,291.9,0,0.0,0.776765493398161,0.22323450660181374,2.523958794275364e-14,200.0,61.3,-184.1822922687752,-1.328050210580729,-0.9337170638474517,-11.174782862592357,0.0,0.0,-27.87593356212761,-7.628803172571964,-3.0806134041217943,-6.048967367675871,-4.8001825447446285,-14.246670158238183
590,350035000016.5947,7,34.9999873847242,35.0,291.9,0,0.0,0.7767612312999184,0.22323876870005765,2.3977608545615955e-14,200.0,61.3,-184.1822922687752,-1.328050210580729,-0.9337170638474517,-11.174782862592357,0.0,0.0,-27.87593356212761,-7.628803172571964,-3.0806134041217943,-6.048967367675871,-4.8001825447446285,-14.246670158238183
591,350035000016.5947,8,34.9999873847242,35.0,291.9,0,0.0,0.7767567821868977,0.2232432178130796,2.277872811833516e-14,200.0,61.3,-184.1822922687752,-1.328050210580729,-0.9337170638474517,-11.174782862592357,0.0,0.0,-27.87593356212761,-7.628803172571964,-3.0806134041217943,-6.048967367675871,-4.8001825447446285,-14.246670158238183
592,350035000016.5947,9,34.9999873847242,35.0,291.9,0,0.0,0.7767504567984144,0.22324954320156398,2.1639791712418402e-14,200.0,61.3,-184.1822922687752,-1.328050210580729,-0.9337170638474517,-11.174782862592357,0.0,0.0,-27.87593356212761,-7.628803172571964,-3.0806134041217943,-6.048967367675871,-4.8001825447446285,-14.246670158238183
593,350035000016.5947,10,34.9999873847242,35.0,291.9,0,0.0,0.7767474469808865,0.22325255301909297,2.0557802126797483e-14,200.0,61.3,-184.1822922687752,-1.328050210580729,-0.9337170638474517,-11.174782862592357,0.0,0.0,-27.87593356212761,-7.628803172571964,-3.0806134041217943,-6.048967367675871,-4.8001825447446285,-14.246670158238183
594,350035000016.5947,11,34.9999873847242,35.0,291.9,0,0.0,0.7767374106451768,0.22326258935480367,1.952991202045761e-14,200.0,61.3,-184.1822922687752,-1.328050210580729,-0.9337170638474517,-11.174782862592357,0.0,0.0,-27.87593356212761,-7.628803172571964,-3.0806134041217943,-6.048967367675871,-4.8001825447446285,-14.246670158238183
595,350035000016.5947,12,34.9999873847242,35.0,291.9,0,0.0,0.7767291820108939,0.22327081798908754,1.855341641943473e-14,200.0,61.3,-184.1822922687752,-1.328050210580729,-0.9337170638474517,-11.174782862592357,0.0,0.0,-27.87593356212761,-7.628803172571964,-3.0806134041217943,-6.048967367675871,-4.8001825447446285,-14.246670158238183
596,350035000016.5947,13,34.9999873847242,35.0,291.9,0,0.0,0.7767226660488685,0.2232773339511139,1.7625745598462998e-14,200.0,61.3,-184.1822922687752,-1.328050210580729,-0.9337170638474517,-11.174782862592357,0.0,0.0,-27.87593356212761,-7.628803172571964,-3.0806134041217943,-6.048967367675871,-4.8001825447446285,-14.246670158238183
597,350035000016.5947,14,34.9999873847242,35.0,291.9,0,0.0,0.7767127134435754,0.22328728655640787,1.674445831853985e-14,200.0,61.3,-184.1822922687752,-1.328050210580729,-0.9337170638474517,-11.174782862592357,0.0,0.0,-27.87593356212761,-7.628803172571964,-3.0806134041217943,-6.048967367675871,-4.8001825447446285,-14.246670158238183
598,350035000016.5947,15,34.9999873847242,35.0,291.9,0,0.0,0.7767011916196185,0.22329880838036564,1.590723540261286e-14,200.0,61.3,-184.1822922687752,-1.328050210580729,-0.9337170638474517,-11.174782862592357,0.0,0.0,-27.87593356212761,-7.628803172571964,-3.0806134041217943,-6.048967367675871,-4.8001825447446285,-14.246670158238183
599,350035000016.5947,16,34.9999873847242,35.0,291.9,0,0.0,0.7766932301175051,0.22330676988247983,1.511187363248222e-14,200.0,61.3,-184.1822922687752,-1.328050210580729,-0.9337170638474517,-11.174782862592357,0.0,0.0,-27.87593356212761,-7.628803172571964,-3.0806134041217943,-6.048967367675871,-4.8001825447446285,-14.246670158238183
600,350035000016.5947,17,34.9999873847242,35.0,291.9,0,0.0,0.7766886397428392,0.2233113602571464,1.4356279950858108e-14,200.0,61.3,-184.1822922687752,-1.328050210580729,-0.9337170638474517,-11.174782862592357,0.0,0.0,-27.87593356212761,-7.628803172571964,-3.0806134041217943,-6.048967367675871,-4.8001825447446285,-14.246670158238183
601,350035000016.5947,18,34.9999873847242,35.0,291.9,0,0.0,0.7766889147375767,0.22331108526240961,1.3638465953315203e-14,200.0,61.3,-184.1822922687752,-1.328050210580729,-0.9337170638474517,-11.174782862592357,0.0,0.0,-27.87593356212761,-7.628803172571964,-3.0806134041217943,-6.048967367675871,-4.8001825447446285,-14.246670158238183
602,350035000016.5947,19,34.9999873847242,35.0,291.9,0,0.0,0.776683767488961,0.22331623251102614,1.2956542655649443e-14,200.0,61.3,-184.1822922687752,-1.328050210580729,-0.9337170638474517,-11.174782862592357,0.0,0.0,-27.87593356212761,-7.628803172571964,-3.0806134041217943,-6.048967367675871,-4.8001825447446285,-14.246670158238183
603,350035000016.5947,20,34.9999873847242,35.0,291.9,0,0.0,0.776671812928922,0.22332818707106572,1.230871552286697e-14,200.0,61.3,-184.1822922687752,-1.328050210580729,-0.9337170638474517,-11.174782862592357,0.0,0.0,-27.87593356212761,-7.628803172571964,-3.0806134041217943,-6.048967367675871,-4.8001825447446285,-14.246670158238183
604,350035000016.5947,21,34.9999873847242,35.0,291.9,0,0.0,0.7766584155732416,0.2233415844267468,1.1693279746723622e-14,200.0,61.3,-184.1822922687752,-1.328050210580729,-0.9337170638474517,-11.174782862592357,0.0,0.0,-27.87593356212761,-7.628803172571964,-3.0806134041217943,-6.048967367675871,-4.8001825447446285,-14.246670158238183
605,350035000016.5947,22,34.9999873847242,35.0,291.9,0,0.0,0.7766503152639582,0.2233496847360307,1.1108615759387441e-14,200.0,61.3,-184.1822922687752,-1.328050210580729,-0.9337170638474517,-11.174782862592357,0.0,0.0,-27.87593356212761,-7.628803172571964,-3.0806134041217943,-6.048967367675871,-4.8001825447446285,-14.246670158238183
606,350035000016.5947,23,34.9999873847242,35.0,291.9,0,0.0,0.7766405826075826,0.2233594173924069,1.0553184971418068e-14,200.0,61.3,-184.1822922687752,-1.328050210580729,-0.9337170638474517,-11.174782862592357,0.0,0.0,-27.87593356212761,-7.628803172571964,-3.0806134041217943,-6.048967367675871,-4.8001825447446285,-14.246670158238183
607,350035000016.5947,24,34.9999873847242,35.0,291.9,0,0.0,0.7766293054781247,0.22337069452186525,1.0025525722847165e-14,200.0,61.3,-184.1822922687752,-1.328050210580729,-0.9337170638474517,-11.174782862592357,0.0,0.0,-27.87593356212761,-7.628803172571964,-3.0806134041217943,-6.048967367675871,-4.8001825447446285,-14.246670158238183
608,350035000016.5947,25,34.9999873847242,35.0,291.9,0,0.0,0.7766215386572095,0.22337846134278094,9.524249436704807e-15,200.0,61.3,-184.1822922687752,-1.328050210580729,-0.9337170638474517,-11.174782862592357,0.0,0.0,-27.87593356212761,-7.628803172571964,-3.0806134041217943,-6.048967367675871,-4.8001825447446285,-14.246670158238183
609,350035000016.5947,26,34.9999873847242,35.0,291.9,0,0.0,0.7766088253033145,0.22339117469667638,9.048036964869566e-15,200.0,61.3,-184.1822922687752,-1.328050210580729,-0.9337170638474517,-11.174782862592357,0.0,0.0,-27.87593356212761,-7.628803172571964,-3.0806134041217943,-6.048967367675871,-4.8001825447446285,-14.246670158238183
610,350035000016.5947,27,34.9999873847242,35.0,291.9,0,0.0,0.776593079974413,0.22340692002557846,8.595635116626089e-15,200.0,61.3,-184.1822922687752,-1.328050210580729,-0.9337170638474517,-11.174782862592357,0.0,0.0,-27.87593356212761,-7.628803172571964,-3.0806134041217943,-6.048967367675871,-4.8001825447446285,-14.246670158238183
611,350035000016.5947,28,34.9999873847242,35.0,291.9,0,0.0,0.7765728134971577,0.2234271865028342,8.165853360794785e-15,200.0,61.3,-184.1822922687752,-1.328050210580729,-0.9337170638474517,-11.174782862592357,0.0,0.0,-27.87593356212761,-7.628803172571964,-3.0806134041217943,-6.048967367675871,-4.8001825447446285,-14.246670158238183
612,350035000016.5947,29,34.9999873847242,35.0,291.9,0,0.0,0.7765598057065765,0.2234401942934158,7.757560692755045e-15,200.0,61.3,-184.1822922687752,-1.328050210580729,-0.9337170638474517,-11.174782862592357,0.0,0.0,-27.87593356212761,-7.628803172571964,-3.0806134041217943,-6.048967367675871,-4.8001825447446285,-14.246670158238183
613,350035000016.5947,30,34.9999873847242,35.0,291.9,0,0.0,0.7765454472478553,0.2234545527521373,7.369682658117293e-15,200.0,61.3,-184.1822922687752,-1.328050210580729,-0.9337170638474517,-11.174782862592357,0.0,0.0,-27.87593356212761,-7.628803172571964,-3.0806134041217943,-6.048967367675871,-4.8001825447446285,-14.246670158238183
614,350035000016.5947,31,34.9999873847242,35.0,291.9,0,0.0,0.7765281688101284,0.22347183118986455,7.001198525211429e-15,200.0,61.3,-184.1822922687752,-1.328050210580729,-0.9337170638474517,-11.174782862592357,0.0,0.0,-27.87593356212761,-7.628803172571964,-3.0806134041217943,-6.048967367675871,-4.8001825447446285,-14.246670158238183
615,350035000016.5947,32,34.9999873847242,35.0,291.9,0,0.0,0.7765130485829533,0.22348695141704,6.651138598950857e-15,200.0,61.3,-184.1822922687752,-1.328050210580729,-0.9337170638474517,-11.174782862592357,0.0,0.0,-27.87593356212761,-7.628803172571964,-3.0806134041217943,-6.048967367675871,-4.8001825447446285,-14.246670158238183
616,350035000016.5947,33,34.9999873847242,35.0,291.9,0,0.0,0.7765081557767362,0.2234918442232575,6.318581669003314e-15,200.0,61.3,-184.1822922687752,-1.328050210580729,-0.9337170638474517,-11.174782862592357,0.0,0.0,-27.87593356212761,-7.628803172571964,-3.0806134041217943,-6.048967367675871,-4.8001825447446285,-14.246670158238183
617,350035000016.5947,34,34.9999873847242,35.0,291.9,0,0.0,0.7764998791911625,0.22350012080883153,6.002652585553149e-15,200.0,61.3,-184.1822922687752,-1.328050210580729,-0.9337170638474517,-11.174782862592357,0.0,0.0,-27.87593356212761,-7.628803172571964,-3.0806134041217943,-6.048967367675871,-4.8001825447446285,-14.246670158238183
618,350035000016.5947,35,34.9999873847242,35.0,291.9,0,0.0,0.776493291550529,0.2235067084494652,5.702519956275491e-15,200.0,61.3,-184.1822922687752,-1.328050210580729,-0.9337170638474517,-11.174782862592357,0.0,0.0,-27.87593356212761,-7.628803172571964,-3.0806134041217943,-6.048967367675871,-4.8001825447446285,-14.246670158238183
619,350035000016.5947,36,34.9999873847242,35.0,291.9,0,0.0,0.776485048001858,0.2235149519981366,5.417393958461718e-15,200.0,61.3,-184.1822922687752,-1.328050210580729,-0.9337170638474517,-11.174782862592357,0.0,0.0,-27.87593356212761,-7.628803172571964,-3.0806134041217943,-6.048967367675871,-4.8001825447446285,-14.246670158238183
620,350035000016.5947,37,34.9999873847242,35.0,291.9,0,0.0,0.7764768632550421,0.2235231367449528,5.146524260538632e-15,200.0,61.3,-184.1822922687752,-1.328050210580729,-0.9337170638474517,-11.174782862592357,0.0,0.0,-27.87593356212761,-7.628803172571964,-3.0806134041217943,-6.048967367675871,-4.8001825447446285,-14.246670158238183
621,350035000016.5947,38,34.9999873847242,35.0,291.9,0,0.0,0.7764622400036947,0.2235377599963004,4.8891980475117e-15,200.0,61.3,-184.1822922687752,-1.328050210580729,-0.9337170638474517,-11.174782862592357,0.0,0.0,-27.87593356212761,-7.628803172571964,-3.0806134041217943,-6.048967367675871,-4.8001825447446285,-14.246670158238183
622,350035000016.5947,39,34.9999873847242,35.0,291.9,0,0.0,0.7764431396259676,0.22355686037402778,4.644738145136115e-15,200.0,61.3,-184.1822922687752,-1.328050210580729,-0.9337170638474517,-11.174782862592357,0.0,0.0,-27.87593356212761,-7.628803172571964,-3.0806134041217943,-6.048967367675871,-4.8001825447446285,-14.246670158238183
623,350035000016.5947,40,34.9999873847242,35.0,291.9,0,0.0,0.7764214206869572,0.22357857931303848,4.4125012378793096e-15,200.0,61.3,-184.1822922687752,-1.328050210580729,-0.9337170638474517,-11.174782862592357,0.0,0.0,-27.87593356212761,-7.628803172571964,-3.0806134041217943,-6.048967367675871,-4.8001825447446285,-14.246670158238183
624,350035000016.5947,41,34.9999873847242,35.0,291.9,0,0.0,0.7764004617916616,0.2235995382083341,4.191876175985343e-15,200.0,61.3,-184.1822922687752,-1.328050210580729,-0.9337170638474517,-11.174782862592357,0.0,0.0,-27.87593356212761,-7.628803172571964,-3.0806134041217943,-6.048967367675871,-4.8001825447446285,-14.246670158238183
625,350035000016.5947,42,34.9999873847242,35.0,291.9,0,0.0,0.776376993354511,0.22362300664548504,3.9822823671860764e-15,200.0,61.3,-184.1822922687752,-1.328050210580729,-0.9337170638474517,-11.174782862592357,0.0,0.0,-27.87593356212761,-7.628803172571964,-3.0806134041217943,-6.048967367675871,-4.8001825447446285,-14.246670158238183
626,350035000016.5947,43,34.9999873847242,35.0,291.9,0,0.0,0.7763527653288059,0.22364723467119024,3.783168248826773e-15,200.0,61.3,-184.1822922687752,-1.328050210580729,-0.9337170638474517,-11.174782862592357,0.0,0.0,-27.87593356212761,-7.628803172571964,-3.0806134041217943,-6.048967367675871,-4.8001825447446285,-14.246670158238183
627,350035000016.5947,44,34.9999873847242,35.0,291.9,0,0.0,0.7763245963384482,0.22367540366154823,3.594009836385435e-15,200.0,61.3,-184.1822922687752,-1.328050210580729,-0.9337170638474517,-11.174782862592357,0.0,0.0,-27.87593356212761,-7.628803172571964,-3.0806134041217943,-6.048967367675871,-4.8001825447446285,-14.246670158238183
628,350035000016.5947,45,34.9999873847242,35.0,291.9,0,0.0,0.776294307825914,0.22370569217408257,3.414309344566163e-15,200.0,61.3,-184.1822922687752,-1.328050210580729,-0.9337170638474517,-11.174782862592357,0.0,0.0,-27.87593356212761,-7.628803172571964,-3.0806134041217943,-6.048967367675871,-4.8001825447446285,-14.246670158238183
629,350035000016.5947,46,34.9999873847242,35.0,291.9,0,0.0,0.7762700571410464,0.22372994285895048,3.243593877337855e-15,200.0,61.3,-184.1822922687752,-1.328050210580729,-0.9337170638474517,-11.174782862592357,0.0,0.0,-27.87593356212761,-7.628803172571964,-3.0806134041217943,-6.048967367675871,-4.8001825447446285,-14.246670158238183
630,350035000016.5947,47,34.9999873847242,35.0,291.9,0,0.0,0.7762467118117072,0.22375328818828974,3.081414183470962e-15,200.0,61.3,-184.1822922687752,-1.328050210580729,-0.9337170638474517,-11.174782862592357,0.0,0.0,-27.87593356212761,-7.628803172571964,-3.0806134041217943,-6.048967367675871,-4.8001825447446285,-14.246670158238183
631,350035000016.5947,48,34.9999873847242,35.0,291.9,0,0.0,0.7762274318537138,0.22377256814628332,2.9273434742974138e-15,200.0,61.3,-184.1822922687752,-1.328050210580729,-0.9337170638474517,-11.174782862592357,0.0,0.0,-27.87593356212761,-7.628803172571964,-3.0806134041217943,-6.048967367675871,-4.8001825447446285,-14.246670158238183
632,350035000016.5947,49,34.9999873847242,35.0,291.9,0,0.0,0.7762167982684082,0.22378320173158908,2.7809763005825434e-15,200.0,61.3,-184.1822922687752,-1.328050210580729,-0.9337170638474517,-11.174782862592357,0.0,0.0,-27.87593356212761,-7.628803172571964,-3.0806134041217943,-6.048967367675871,-4.8001825447446285,-14.246670158238183
633,350035000016.5947,0,34.9999873847242,35.0,291.9,0,0.0,0.7762095644806127,0.22379043551938457,2.641927485553416e-15,200.0,61.3,-184.1822922687752,-1.328050210580729,-0.9337170638474517,-11.174782862592357,0.0,0.0,-27.87593356212761,-7.628803172571964,-3.0806134041217943,-6.048967367675871,-4.8001825447446285,-14.246670158238183
634,350035000016.5947,1,34.9999873847242,35.0,291.9,0,0.0,0.7762039586996987,0.22379604130029887,2.5098311112757453e-15,200.0,61.3,-184.1822922687752,-1.328050210580729,-0.9337170638474517,-11.174782862592357,0.0,0.0,-27.87593356212761,-7.628803172571964,-3.0806134041217943,-6.048967367675871,-4.8001825447446285,-14.246670158238183
635,350035000016.5947,2,34.9999873847242,35.0,291.9,0,0.0,0.7761967166558414,0.22380328334415617,2.3843395557119577e-15,200.0,61.3,-184.1822922687752,-1.328050210580729,-0.9337170638474517,-11.174782862592357,0.0,0.0,-27.87593356212761,-7.628803172571964,-3.0806134041217943,-6.048967367675871,-4.8001825447446285,-14.246670158238183
636,350035000016.5947,3,34.9999873847242,35.0,291.9,0,0.0,0.776191100147261,0.22380889985273675,2.2651225779263595e-15,200.0,61.3,-184.1822922687752,-1.328050210580729,-0.9337170638474517,-11.174782862592357,0.0,0.0,-27.87593356212761,-7.628803172571964,-3.0806134041217943,-6.048967367675871,-4.8001825447446285,-14.246670158238183
637,350035000016.5947,4,34.9999873847242,35.0,291.9,0,0.0,0.776180684767375,0.22381931523262288,2.1518664490300413e-15,200.0,61.3,-184.1822922687752,-1.328050210580729,-0.9337170638474517,-11.174782862592357,0.0,0.0,-27.87593356212761,-7.628803172571964,-3.0806134041217943,-6.048967367675871,-4.8001825447446285,-14.246670158238183
638,350035000016.5947,5,34.9999873847242,35.0,291.9,0,0.0,0.7761752208155975,0.2238247791844004,2.0442731265785393e-15,200.0,61.3,-184.1822922687752,-1.328050210580729,-0.9337170638474517,-11.174782862592357,0.0,0.0,-27.87593356212761,-7.628803172571964,-3.0806134041217943,-6.048967367675871,-4.8001825447446285,-14.246670158238183
639,350035000016.5947,6,34.9999873847242,35.0,291.9,0,0.0,0.7761681273689391,0.22383187263105891,1.942059470249612e-15,200.0,61.3,-184.1822922687752,-1.328050210580729,-0.9337170638474517,-11.174782862592357,0.0,0.0,-27.87593356212761,-7.628803172571964,-3.0806134041217943,-6.048967367675871,-4.8001825447446285,-14.246670158238183
640,350035000016.5947,7,34.9999873847242,35.0,291.9,0,0.0,0.7761610690285458,0.2238389309714524,1.8449564967371314e-15,200.0,61.3,-184.1822922687752,-1.328050210580729,-0.9337170638474517,-11.174782862592357,0.0,0.0,-27.87593356212761,-7.628803172571964,-3.0806134041217943,-6.048967367675871,-4.8001825447446285,-14.246670158238183
641,350035000016.5947,8,34.9999873847242,35.0,291.9,0,0.0,0.7761508944008298,0.22384910559916846,1.7527086719002749e-15,200.0,61.3,-184.1822922687752,-1.328050210580729,-0.9337170638474517,-11.174782862592357,0.0,0.0,-27.87593356212761,-7.628803172571964,-3.0806134041217943,-6.048967367675871,-4.8001825447446285,-14.246670158238183
642,350035000016.5947,9,34.9999873847242,35.0,291.9,0,0.0,0.7761424888095648,0.22385751119043348,1.665073238305261e-15,200.0,61.3,-184.1822922687752,-1.328050210580729,-0.9337170638474517,-11.174782862592357,0.0,0.0,-27.87593356212761,-7.628803172571964,-3.0806134041217943,-6.048967367675871,-4.8001825447446285,-14.246670158238183
643,350035000016.5947,10,34.9999873847242,35.0,291.9,0,0.0,0.7761357596439206,0.22386424035607794,1.581819576389998e-15,200.0,61.3,-184.1822922687752,-1.328050210580729,-0.9337170638474517,-11.174782862592357,0.0,0.0,-27.87593356212761,-7.628803172571964,-3.0806134041217943,-6.048967367675871,-4.8001825447446285,-14.246670158238183
644,350035000016.5947,11,34.9999873847242,35.0,291.9,0,0.0,0.7761259151303805,0.22387408486961796,1.502728597570498e-15,200.0,61.3,-184.1822922687752,-1.328050210580729,-0.9337170638474517,-11.174782862592357,0.0,0.0,-27.87593356212761,-7.628803172571964,-3.0806134041217943,-6.048967367675871,-4.8001825447446285,-14.246670158238183
645,350035000016.5947,12,34.9999873847242,35.0,291.9,0,0.0,0.7761209496225602,0.22387905037743838,1.427592167691973e-15,200.0,61.3,-184.1822922687752,-1.328050210580729,-0.9337170638474517,-11.174782862592357,0.0,0.0,-27.87593356212761,-7.628803172571964,-3.0806134041217943,-6.048967367675871,-4.8001825447446285,-14.246670158238183
646,350035000016.5947,13,34.9999873847242,35.0,291.9,0,0.0,0.7761237259360968,0.2238762740639019,1.3562125593073745e-15,200.0,61.3,-184.1822922687752,-1.328050210580729,-0.9337170638474517,-11.174782862592357,0.0,0.0,-27.87593356212761,-7.628803172571964,-3.0806134041217943,-6.048967367675871,-4.8001825447446285,-14.246670158238183
647,350035000016.5947,14,34.9999873847242,35.0,291.9,0,0.0,0.7761431643357137,0.22385683566428496,1.2884019313420057e-15,200.0,61.3,-184.1822922687752,-1.328050210580729,-0.9337170638474517,-11.174782862592357,0.0,0.0,-27.87593356212761,-7.628803172571964,-3.0806134041217943,-6.048967367675871,-4.8001825447446285,-14.246670158238183
648,350035000016.5947,15,34.9999873847242,35.0,291.9,0,0.0,0.7761659366258504,0.22383406337414835,1.2239818347749053e-15,200.0,61.3,-184.1822922687752,-1.328050210580729,-0.9337170638474517,-11.174782862592357,0.0,0.0,-27.87593356212761,-7.628803172571964,-3.0806134041217943,-6.048967367675871,-4.8001825447446285,-14.246670158238183
649,350035000016.5947,16,34.9999873847242,35.0,291.9,0,0.0,0.776188762060603,0.22381123793939578,1.1627827430361602e-15,200.0,61.3,-184.1822922687752,-1.328050210580729,-0.9337170638474517,-11.174782862592357,0.0,0.0,-27.87593356212761,-7.628803172571964,-3.0806134041217943,-6.048967367675871,-4.8001825447446285,-14.246670158238183
650,350035000016.5947,17,34.9999873847242,35.0,291.9,0,0.0,0.7762116341005809,0.22378836589941797,1.1046436058843522e-15,200.0,61.3,-184.1822922687752,-1.328050210580729,-0.9337170638474517,-11.174782862592357,0.0,0.0,-27.87593356212761,-7.628803172571964,-3.0806134041217943,-6.048967367675871,-4.8001825447446285,-14.246670158238183
651,350035000016.5947,18,34.9999873847242,35.0,291.9,0,0.0,0.7762330022137143,0.22376699778628475,1.0494114255901348e-15,200.0,61.3,-184.1822922687752,-1.328050210580729,-0.9337170638474517,-11.174782862592357,0.0,0.0,-27.87593356212761,-7.628803172571964,-3.0806134041217943,-6.048967367675871,-4.8001825447446285,-14.246670158238183
652,350035000016.5947,19,34.9999873847242,35.0,291.9,0,0.0,0.7762483148253603,0.22375168517463873,9.96940854310628e-16,200.0,61.3,-184.1822922687752,-1.328050210580729,-0.9337170638474517,-11.174782862592357,0.0,0.0,-27.87593356212761,-7.628803172571964,-3.0806134041217943,-6.048967367675871,-4.8001825447446285,-14.246670158238183
653,350035000016.5947,20,34.9999873847242,35.0,291.9,0,0.0,0.7762563451608631,0.22374365483913594,9.470938115950965e-16,200.0,61.3,-184.1822922687752,-1.328050210580729,-0.9337170638474517,-11.174782862592357,0.0,0.0,-27.87593356212761,-7.628803172571964,-3.0806134041217943,-6.048967367675871,-4.8001825447446285,-14.246670158238183
654,350035000016.5947,21,34.9999873847242,35.0,291.9,0,0.0,0.7762620933036638,0.22373790669633528,8.99739121015342e-16,200.0,61.3,-184.1822922687752,-1.328050210580729,-0.9337170638474517,-11.174782862592357,0.0,0.0,-27.87593356212761,-7.628803172571964,-3.0806134041217943,-6.048967367675871,-4.8001825447446285,-14.246670158238183
655,350035000016.5947,22,34.9999873847242,35.0,291.9,0,0.0,0.7762641406115975,0.2237358593884016,8.547521649645748e-16,200.0,61.3,-184.1822922687752,-1.328050210580729,-0.9337170638474517,-11.174782862592357,0.0,0.0,-27.87593356212761,-7.628803172571964,-3.0806134041217943,-6.048967367675871,-4.8001825447446285,-14.246670158238183
656,350035000016.5947,23,34.9999873847242,35.0,291.9,0,0.0,0.776262681157281,0.22373731884271814,8.12014556716346e-16,200.0,61.3,-184.1822922687752,-1.328050210580729,-0.9337170638474517,-11.174782862592357,0.0,0.0,-27.87593356212761,-7.628803172571964,-3.0806134041217943,-6.048967367675871,-4.8001825447446285,-14.246670158238183
657,350035000016.5947,24,34.9999873847242,35.0,291.9,0,0.0,0.7762578992739083,0.22374210072609096,7.714138288805287e-16,200.0,61.3,-184.1822922687752,-1.328050210580729,-0.9337170638474517,-11.174782862592357,0.0,0.0,-27.87593356212761,-7.628803172571964,-3.0806134041217943,-6.048967367675871,-4.8001825447446285,-14.246670158238183
658,350035000016.5947,25,34.9999873847242,35.0,291.9,0,0.0,0.7762484367376191,0.22375156326238013,7.328431374365022e-16,200.0,61.3,-184.1822922687752,-1.328050210580729,-0.9337170638474517,-11.174782862592357,0.0,0.0,-27.87593356212761,-7.628803172571964,-3.0806134041217943,-6.048967367675871,-4.8001825447446285,-14.246670158238183
659,350035000016.5947,26,34.9999873847242,35.0,291.9,0,0.0,0.7762330073819412,0.2237669926180581,6.962009805646771e-16,200.0,61.3,-184.1822922687752,-1.328050210580729,-0.9337170638474517,-11.174782862592357,0.0,0.0,-27.87593356212761,-7.628803172571964,-3.0806134041217943,-6.048967367675871,-4.8001825447446285,-14.246670158238183
660,350035000016.5947,27,34.9999873847242,35.0,291.9,0,0.0,0.7762256933241546,0.22377430667584475,6.613909315364432e-16,200.0,61.3,-184.1822922687752,-1.328050210580729,-0.9337170638474517,-11.174782862592357,0.0,0.0,-27.87593356212761,-7.628803172571964,-3.0806134041217943,-6.048967367675871,-4.8001825447446285,-14.246670158238183
661,350035000016.5947,28,34.9999873847242,35.0,291.9,0,0.0,0.7762107964101692,0.22378920358983012,6.28321384959621e-16,200.0,61.3,-184.1822922687752,-1.328050210580729,-0.9337170638474517,-11.174782862592357,0.0,0.0,-27.87593356212761,-7.628803172571964,-3.0806134041217943,-6.048967367675871,-4.8001825447446285,-14.246670158238183
662,350035000016.5947,29,34.9999873847242,35.0,291.9,0,0.0,0.7761993937996797,0.2238006062003197,5.9690531571164e-16,200.0,61.3,-184.1822922687752,-1.328050210580729,-0.9337170638474517,-11.174782862592357,0.0,0.0,-27.87593356212761,-7.628803172571964,-3.0806134041217943,-6.048967367675871,-4.8001825447446285,-14.246670158238183
663,350035000016.5947,30,34.9999873847242,35.0,291.9,0,0.0,0.7761897792214593,0.2238102207785402,5.670600499260581e-16,200.0,61.3,-184.1822922687752,-1.328050210580729,-0.9337170638474517,-11.174782862592357,0.0,0.0,-27.87593356212761,-7.628803172571964,-3.0806134041217943,-6.048967367675871,-4.8001825447446285,-14.246670158238183
664,350035000016.5947,31,34.9999873847242,35.0,291.9,0,0.0,0.7761818593834149,0.22381814061658442,5.387070474297551e-16,200.0,61.3,-184.1822922687752,-1.328050210580729,-0.9337170638474517,-11.174782862592357,0.0,0.0,-27.87593356212761,-7.628803172571964,-3.0806134041217943,-6.048967367675871,-4.8001825447446285,-14.246670158238183
665,350035000016.5947,32,34.9999873847242,35.0,291.9,0,0.0,0.7761725105185656,0.22382748948143394,5.117716950582674e-16,200.0,61.3,-184.1822922687752,-1.328050210580729,-0.9337170638474517,-11.174782862592357,0.0,0.0,-27.87593356212761,-7.628803172571964,-3.0806134041217943,-6.048967367675871,-4.8001825447446285,-14.246670158238183
666,350035000016.5947,33,34.9999873847242,35.0,291.9,0,0.0,0.7761648404484475,0.22383515955155206,4.861831103053539e-16,200.0,61.3,-184.1822922687752,-1.328050210580729,-0.9337170638474517,-11.174782862592357,0.0,0.0,-27.87593356212761,-7.628803172571964,-3.0806134041217943,-6.048967367675871,-4.8001825447446285,-14.246670158238183
667,350035000016.5947,34,34.9999873847242,35.0,291.9,0,0.0,0.7761527078038926,0.22384729219610694,4.618739547900862e-16,200.0,61.3,-184.1822922687752,-1.328050210580729,-0.9337170638474517,-11.174782862592357,0.0,0.0,-27.87593356212761,-7.628803172571964,-3.0806134041217943,-6.048967367675871,-4.8001825447446285,-14.246670158238183
668,350035000016.5947,35,34.9999873847242,35.0,291.9,0,0.0,0.7761393720410619,0.22386062795893774,4.387802570505819e-16,200.0,61.3,-184.1822922687752,-1.328050210580729,-0.9337170638474517,-11.174782862592357,0.0,0.0,-27.87593356212761,-7.628803172571964,-3.0806134041217943,-6.048967367675871,-4.8001825447446285,-14.246670158238183
669,350035000016.5947,36,34.9999873847242,35.0,291.9,0,0.0,0.7761143205591428,0.2238856794408569,4.168412441980528e-16,200.0,61.3,-184.1822922687752,-1.328050210580729,-0.9337170638474517,-11.174782862592357,0.0,0.0,-27.87593356212761,-7.628803172571964,-3.0806134041217943,-6.048967367675871,-4.8001825447446285,-14.246670158238183
670,350035000016.5947,37,34.9999873847242,35.0,291.9,0,0.0,0.7760932647845264,0.22390673521547316,3.9599918198815014e-16,200.0,61.3,-184.1822922687752,-1.328050210580729,-0.9337170638474517,-11.174782862592357,0.0,0.0,-27.87593356212761,-7.628803172571964,-3.0806134041217943,-6.048967367675871,-4.8001825447446285,-14.246670158238183
671,350035000016.5947,38,34.9999873847242,35.0,291.9,0,0.0,0.7760699672920788,0.22393003270792083,3.7619922288874264e-16,200.0,61.3,-184.1822922687752,-1.328050210580729,-0.9337170638474517,-11.174782862592357,0.0,0.0,-27.87593356212761,-7.628803172571964,-3.0806134041217943,-6.048967367675871,-4.8001825447446285,-14.246670158238183
672,350035000016.5947,39,34.9999873847242,35.0,291.9,0,0.0,0.776047560215403,0.2239524397845967,3.5738926174430553e-16,200.0,61.3,-184.1822922687752,-1.328050210580729,-0.9337170638474517,-11.174782862592357,0.0,0.0,-27.87593356212761,-7.628803172571964,-3.0806134041217943,-6.048967367675871,-4.8001825447446285,-14.246670158238183
673,350035000016.5947,40,34.9999873847242,35.0,291.9,0,0.0,0.7760320106275098,0.2239679893724899,3.3951979865709026e-16,200.0,61.3,-184.1822922687752,-1.328050210580729,-0.9337170638474517,-11.174782862592357,0.0,0.0,-27.87593356212761,-7.628803172571964,-3.0806134041217943,-6.048967367675871,-4.8001825447446285,-14.246670158238183
674,350035000016.5947,41,34.9999873847242,35.0,291.9,0,0.0,0.7760214553886847,0.22397854461131497,3.225438087242357e-16,200.0,61.3,-184.1822922687752,-1.328050210580729,-0.9337170638474517,-11.174782862592357,0.0,0.0,-27.87593356212761,-7.628803172571964,-3.0806134041217943,-6.048967367675871,-4.8001825447446285,-14.246670158238183
675,350035000016.5947,42,34.9999873847242,35.0,291.9,0,0.0,0.7760036525812277,0.22399634741877203,3.064166182880239e-16,200.0,61.3,-184.1822922687752,-1.328050210580729,-0.9337170638474517,-11.174782862592357,0.0,0.0,-27.87593356212761,-7.628803172571964,-3.0806134041217943,-6.048967367675871,-4.8001825447446285,-14.246670158238183
676,350035000016.5947,43,34.9999873847242,35.0,291.9,0,0.0,0.7759894559934214,0.22401054400657833,2.910957873736227e-16,200.0,61.3,-184.1822922687752,-1.328050210580729,-0.9337170638474517,-11.174782862592357,0.0,0.0,-27.87593356212761,-7.628803172571964,-3.0806134041217943,-6.048967367675871,-4.8001825447446285,-14.246670158238183
677,350035000016.5947,44,34.9999873847242,35.0,291.9,0,0.0,0.7759741965767076,0.22402580342329215,2.765409980049416e-16,200.0,61.3,-184.1822922687752,-1.328050210580729,-0.9337170638474517,-11.174782862592357,0.0,0.0,-27.87593356212761,-7.628803172571964,-3.0806134041217943,-6.048967367675871,-4.8001825447446285,-14.246670158238183
678,350035000016.5947,45,34.9999873847242,35.0,291.9,0,0.0,0.7759624063976409,0.2240375936023589,2.6271394810469454e-16,200.0,61.3,-184.1822922687752,-1.328050210580729,-0.9337170638474517,-11.174782862592357,0.0,0.0,-27.87593356212761,-7.628803172571964,-3.0806134041217943,-6.048967367675871,-4.8001825447446285,-14.246670158238183
679,350035000016.5947,46,34.9999873847242,35.0,291.9,0,0.0,0.7759539030244955,0.22404609697550432,2.495782506994598e-16,200.0,61.3,-184.1822922687752,-1.328050210580729,-0.9337170638474517,-11.174782862592357,0.0,0.0,-27.87593356212761,-7.628803172571964,-3.0806134041217943,-6.048967367675871,-4.8001825447446285,-14.246670158238183
680,350035000016.5947,47,34.9999873847242,35.0,291.9,0,0.0,0.7759559371097347,0.22404406289026513,2.370993381644868e-16,200.0,61.3,-184.1822922687752,-1.328050210580729,-0.9337170638474517,-11.174782862592357,0.0,0.0,-27.87593356212761,-7.628803172571964,-3.0806134041217943,-6.048967367675871,-4.8001825447446285,-14.246670158238183
681,350035000016.5947,48,34.9999873847242,35.0,291.9,0,0.0,0.7759575721404882,0.2240424278595115,2.2524437125626246e-16,200.0,61.3,-184.1822922687752,-1.328050210580729,-0.9337170638474517,-11.174782862592357,0.0,0.0,-27.87593356212761,-7.628803172571964,-3.0806134041217943,-6.048967367675871,-4.8001825447446285,-14.246670158238183
682,350035000016.5947,49,34.9999873847242,35.0,291.9,0,0.0,0.7759573489957924,0.22404265100420748,2.1398215269344936e-16,200.0,61.3,-184.1822922687752,-1.328050210580729,-0.9337170638474517,-11.174782862592357,0.0,0.0,-27.87593356212761,-7.628803172571964,-3.0806134041217943,-6.048967367675871,-4.8001825447446285,-14.246670158238183
683,350035000016.5947,0,34.9999873847242,35.0,291.9,0,0.0,0.7759568435233253,0.22404315647667453,2.0328304505877688e-16,200.0,61.3,-184.1822922687752,-1.328050210580729,-0.9337170638474517,-11.174782862592357,0.0,0.0,-27.87593356212761,-7.628803172571964,-3.0806134041217943,-6.048967367675871,-4.8001825447446285,-14.246670158238183
684,350035000016.5947,1,34.9999873847242,35.0,291.9,0,0.0,0.7759560706945777,0.22404392930542216,1.9311889280583804e-16,200.0,61.3,-184.1822922687752,-1.328050210580729,-0.9337170638474517,-11.174782862592357,0.0,0.0,-27.87593356212761,-7.628803172571964,-3.0806134041217943,-6.048967367675871,-4.8001825447446285,-14.246670158238183
685,350035000016.5947,2,34.9999873847242,35.0,291.9,0,0.0,0.7759624098056321,0.22403759019436767,1.8346294816554613e-16,200.0,61.3,-184.1822922687752,-1.328050210580729,-0.9337170638474517,-11.174782862592357,0.0,0.0,-27.87593356212761,-7.628803172571964,-3.0806134041217943,-6.048967367675871,-4.8001825447446285,-14.246670158238183
686,350035000016.5947,3,34.9999873847242,35.0,291.9,0,0.0,0.7759607759533621,0.22403922404663767,1.7428980075726883e-16,200.0,61.3,-184.1822922687752,-1.328050210580729,-0.9337170638474517,-11.174782862592357,0.0,0.0,-27.87593356212761,-7.628803172571964,-3.0806134041217943,-6.048967367675871,-4.8001825447446285,-14.246670158238183
687,350035000016.5947,4,34.9999873847242,35.0,291.9,0,0.0,0.775954524021467,0.22404547597853286,1.655753107194054e-16,200.0,61.3,-184.1822922687752,-1.328050210580729,-0.9337170638474517,-11.174782862592357,0.0,0.0,-27.87593356212761,-7.628803172571964,-3.0806134041217943,-6.048967367675871,-4.8001825447446285,-14.246670158238183
688,350035000016.5947,5,34.9999873847242,35.0,291.9,0,0.0,0.7759483017473281,0.22405169825267174,1.5729654518343513e-16,200.0,61.3,-184.1822922687752,-1.328050210580729,-0.9337170638474517,-11.174782862592357,0.0,0.0,-27.87593356212761,-7.628803172571964,-3.0806134041217943,-6.048967367675871,-4.8001825447446285,-14.246670158238183
689,350035000016.5947,6,34.9999873847242,35.0,291.9,0,0.0,0.7759347745284645,0.22406522547153535,1.4943171792426335e-16,200.0,61.3,-184.1822922687752,-1.328050210580729,-0.9337170638474517,-11.174782862592357,0.0,0.0,-27.87593356212761,-7.628803172571964,-3.0806134041217943,-6.048967367675871,-4.8001825447446285,-14.246670158238183
690,350035000016.5947,7,34.9999873847242,35.0,291.9,0,0.0,0.7759187215395134,0.2240812784604865,1.419601320280502e-16,200.0,61.3,-184.1822922687752,-1.328050210580729,-0.9337170638474517,-11.174782862592357,0.0,0.0,-27.87593356212761,-7.628803172571964,-3.0806134041217943,-6.048967367675871,-4.8001825447446285,-14.246670158238183
691,350035000016.5947,8,34.9999873847242,35.0,291.9,0,0.0,0.7759032053262972,0.22409679467370264,1.3486212542664768e-16,200.0,61.3,-184.1822922687752,-1.328050210580729,-0.9337170638474517,-11.174782862592357,0.0,0.0,-27.87593356212761,-7.628803172571964,-3.0806134041217943,-6.048967367675871,-4.8001825447446285,-14.246670158238183
692,350035000016.5947,9,34.9999873847242,35.0,291.9,0,0.0,0.7758867379376577,0.2241132620623421,1.2811901915531528e-16,200.0,61.3,-184.1822922687752,-1.328050210580729,-0.9337170638474517,-11.174782862592357,0.0,0.0,-27.87593356212761,-7.628803172571964,-3.0806134041217943,-6.048967367675871,-4.8001825447446285,-14.246670158238183
693,350035000016.5947,10,34.9999873847242,35.0,291.9,0,0.0,0.7758693715846896,0.2241306284153103,1.2171306819754954e-16,200.0,61.3,-184.1822922687752,-1.328050210580729,-0.9337170638474517,-11.174782862592357,0.0,0.0,-27.87593356212761,-7.628803172571964,-3.0806134041217943,-6.048967367675871,-4.8001825447446285,-14.246670158238183
694,350035000016.5947,11,34.9999873847242,35.0,291.9,0,0.0,0.7758409404413094,0.2241590595586905,1.1562741478767206e-16,200.0,61.3,-184.1822922687752,-1.328050210580729,-0.9337170638474517,-11.174782862592357,0.0,0.0,-27.87593356212761,-7.628803172571964,-3.0806134041217943,-6.048967367675871,-4.8001825447446285,-14.246670158238183
695,350035000016.5947,12,34.9999873847242,35.0,291.9,0,0.0,0.7758209764447024,0.22417902355529754,1.0984604404828847e-16,200.0,61.3,-184.1822922687752,-1.328050210580729,-0.9337170638474517,-11.174782862592357,0.0,0.0,-27.87593356212761,-7.628803172571964,-3.0806134041217943,-6.048967367675871,-4.8001825447446285,-14.246670158238183
696,350035000016.5947,13,34.9999873847242,35.0,291.9,0,0.0,0.7758075759533001,0.22419242404669978,1.0435374184587405e-16,200.0,61.3,-184.1822922687752,-1.328050210580729,-0.9337170638474517,-11.174782862592357,0.0,0.0,-27.87593356212761,-7.628803172571964,-3.0806134041217943,-6.048967367675871,-4.8001825447446285,-14.246670158238183
697,350035000016.5947,14,34.9999873847242,35.0,291.9,0,0.0,0.7757960377571766,0.22420396224282327,9.913605475358034e-17,200.0,61.3,-184.1822922687752,-1.328050210580729,-0.9337170638474517,-11.174782862592357,0.0,0.0,-27.87593356212761,-7.628803172571964,-3.0806134041217943,-6.048967367675871,-4.8001825447446285,-14.246670158238183
698,350035000016.5947,15,34.9999873847242,35.0,291.9,0,0.0,0.7757906111825801,0.22420938881741984,9.417925201590131e-17,200.0,61.3,-184.1822922687752,-1.328050210580729,-0.9337170638474517,-11.174782862592357,0.0,0.0,-27.87593356212761,-7.628803172571964,-3.0806134041217943,-6.048967367675871,-4.8001825447446285,-14.246670158238183
699,350035000016.5947,16,34.9999873847242,35.0,291.9,0,0.0,0.7757895254830147,0.22421047451698514,8.947028941510624e-17,200.0,61.3,-184.1822922687752,-1.328050210580729,-0.9337170638474517,-11.174782862592357,0.0,0.0,-27.87593356212761,-7.628803172571964,-3.0806134041217943,-6.048967367675871,-4.8001825447446285,-14.246670158238183
700,350035000016.5947,17,34.9999873847242,35.0,291.9,0,0.0,0.775796876481667,0.22420312351833294,8.499677494435093e-17,200.0,61.3,-184.1822922687752,-1.328050210580729,-0.9337170638474517,-11.174782862592357,0.0,0.0,-27.87593356212761,-7.628803172571964,-3.0806134041217943,-6.048967367675871,-4.8001825447446285,-14.246670158238183
701,350035000016.5947,18,34.9999873847242,35.0,291.9,0,0.0,0.7757978138608163,0.22420218613918372,8.074693619713339e-17,200.0,61.3,-184.1822922687752,-1.328050210580729,-0.9337170638474517,-11.174782862592357,0.0,0.0,-27.87593356212761,-7.628803172571964,-3.0806134041217943,-6.048967367675871,-4.8001825447446285,-14.246670158238183
702,350035000016.5947,19,34.9999873847242,35.0,291.9,0,0.0,0.7757998672478698,0.22420013275213022,7.670958938727671e-17,200.0,61.3,-184.1822922687752,-1.328050210580729,-0.9337170638474517,-11.174782862592357,0.0,0.0,-27.87593356212761,-7.628803172571964,-3.0806134041217943,-6.048967367675871,-4.8001825447446285,-14.246670158238183
703,350035000016.5947,20,34.9999873847242,35.0,291.9,0,0.0,0.775807285071077,0.22419271492892295,7.287410991791287e-17,200.0,61.3,-184.1822922687752,-1.328050210580729,-0.9337170638474517,-11.174782862592357,0.0,0.0,-27.87593356212761,-7.628803172571964,-3.0806134041217943,-6.048967367675871,-4.8001825447446285,-14.246670158238183
704,350035000016.5947,21,34.9999873847242,35.0,291.9,0,0.0,0.7758212120027274,0.22417878799727262,6.923040442201723e-17,200.0,61.3,-184.1822922687752,-1.328050210580729,-0.9337170638474517,-11.174782862592357,0.0,0.0,-27.87593356212761,-7.628803172571964,-3.0806134041217943,-6.048967367675871,-4.8001825447446285,-14.246670158238183
705,350035000016.5947,22,34.9999873847242,35.0,291.9,0,0.0,0.7758327187457873,0.22416728125421267,6.576888420091637e-17,200.0,61.3,-184.1822922687752,-1.328050210580729,-0.9337170638474517,-11.174782862592357,0.0,0.0,-27.87593356212761,-7.628803172571964,-3.0806134041217943,-6.048967367675871,-4.8001825447446285,-14.246670158238183
706,350035000016.5947,23,34.9999873847242,35.0,291.9,0,0.0,0.7758433594726899,0.22415664052731,6.248043999087055e-17,200.0,61.3,-184.1822922687752,-1.328050210580729,-0.9337170638474517,-11.174782862592357,0.0,0.0,-27.87593356212761,-7.628803172571964,-3.0806134041217943,-6.048967367675871,-4.8001825447446285,-14.246670158238183
707,350035000016.5947,24,34.9999873847242,35.0,291.9,0,0.0,0.7758531783031181,0.22414682169688194,5.935641799132704e-17,200.0,61.3,-184.1822922687752,-1.328050210580729,-0.9337170638474517,-11.174782862592357,0.0,0.0,-27.87593356212761,-7.628803172571964,-3.0806134041217943,-6.048967367675871,-4.8001825447446285,-14.246670158238183
708,350035000016.5947,25,34.9999873847242,35.0,291.9,0,0.0,0.775860792501872,0.22413920749812793,5.638859709176068e-17,200.0,61.3,-184.1822922687752,-1.328050210580729,-0.9337170638474517,-11.174782862592357,0.0,0.0,-27.87593356212761,-7.628803172571964,-3.0806134041217943,-6.048967367675871,-4.8001825447446285,-14.246670158238183
709,350035000016.5947,26,34.9999873847242,35.0,291.9,0,0.0,0.7758677397331515,0.22413226026684854,5.356916723717265e-17,200.0,61.3,-184.1822922687752,-1.328050210580729,-0.9337170638474517,-11.174782862592357,0.0,0.0,-27.87593356212761,-7.628803172571964,-3.0806134041217943,-6.048967367675871,-4.8001825447446285,-14.246670158238183
710,350035000016.5947,27,34.9999873847242,35.0,291.9,0,0.0,0.775872633191478,0.22412736680852202,5.0890708875314014e-17,200.0,61.3,-184.1822922687752,-1.328050210580729,-0.9337170638474517,-11.174782862592357,0.0,0.0,-27.87593356212761,-7.628803172571964,-3.0806134041217943,-6.048967367675871,-4.8001825447446285,-14.246670158238183
711,350035000016.5947,28,34.9999873847242,35.0,291.9,0,0.0,0.7758699004893495,0.22413009951065052,4.8346173431548314e-17,200.0,61.3,-184.1822922687752,-1.328050210580729,-0.9337170638474517,-11.174782862592357,0.0,0.0,-27.87593356212761,-7.628803172571964,-3.0806134041217943,-6.048967367675871,-4.8001825447446285,-14.246670158238183
712,350035000016.5947,29,34.9999873847242,35.0,291.9,0,0.0,0.7758698686934972,0.22413013130650286,4.5928864759970903e-17,200.0,61.3,-184.1822922687752,-1.328050210580729,-0.9337170638474517,-11.174782862592357,0.0,0.0,-27.87593356212761,-7.628803172571964,-3.0806134041217943,-6.048967367675871,-4.8001825447446285,-14.246670158238183
713,350035000016.5947,30,34.9999873847242,35.0,291.9,0,0.0,0.7758695632430017,0.2241304367569983,4.363242152197236e-17,200.0,61.3,-184.1822922687752,-1.328050210580729,-0.9337170638474517,-11.174782862592357,0.0,0.0,-27.87593356212761,-7.628803172571964,-3.0806134041217943,-6.048967367675871,-4.8001825447446285,-14.246670158238183
714,350035000016.5947,31,34.9999873847242,35.0,291.9,0,0.0,0.7758817144737186,0.22411828552628135,4.145080044587374e-17,200.0,61.3,-184.1822922687752,-1.328050210580729,-0.9337170638474517,-11.174782862592357,0.0,0.0,-27.87593356212761,-7.628803172571964,-3.0806134041217943,-6.048967367675871,-4.8001825447446285,-14.246670158238183
715,350035000016.5947,32,34.9999873847242,35.0,291.9,0,0.0,0.7758957860341944,0.22410421396580563,3.9378260423580056e-17,200.0,61.3,-184.1822922687752,-1.328050210580729,-0.9337170638474517,-11.174782862592357,0.0,0.0,-27.87593356212761,-7.628803172571964,-3.0806134041217943,-6.048967367675871,-4.8001825447446285,-14.246670158238183
716,350035000016.5947,33,34.9999873847242,35.0,291.9,0,0.0,0.775913080705859,0.22408691929414104,3.740934740240105e-17,200.0,61.3,-184.1822922687752,-1.328050210580729,-0.9337170638474517,-11.174782862592357,0.0,0.0,-27.87593356212761,-7.628803172571964,-3.0806134041217943,-6.048967367675871,-4.8001825447446285,-14.246670158238183
717,350035000016.5947,34,34.9999873847242,35.0,291.9,0,0.0,0.7759390380326723,0.22406096196732767,3.5538880032280994e-17,200.0,61.3,-184.1822922687752,-1.328050210580729,-0.9337170638474517,-11.174782862592357,0.0,0.0,-27.87593356212761,-7.628803172571964,-3.0806134041217943,-6.048967367675871,-4.8001825447446285,-14.246670158238183
718,350035000016.5947,35,34.9999873847242,35.0,291.9,0,0.0,0.775963385682303,0.2240366143176969,3.3761936030666946e-17,200.0,61.3,-184.1822922687752,-1.328050210580729,-0.9337170638474517,-11.174782862592357,0.0,0.0,-27.87593356212761,-7.628803172571964,-3.0806134041217943,-6.048967367675871,-4.8001825447446285,-14.246670158238183
719,350035000016.5947,36,34.9999873847242,35.0,291.9,0,0.0,0.7759834063065264,0.22401659369347351,3.20738392291336e-17,200.0,61.3,-184.1822922687752,-1.328050210580729,-0.9337170638474517,-11.174782862592357,0.0,0.0,-27.87593356212761,-7.628803172571964,-3.0806134041217943,-6.048967367675871,-4.8001825447446285,-14.246670158238183
720,350035000016.5947,37,34.9999873847242,35.0,291.9,0,0.0,0.7760063115741451,0.2239936884258549,3.047014726767692e-17,200.0,61.3,-184.1822922687752,-1.328050210580729,-0.9337170638474517,-11.174782862592357,0.0,0.0,-27.87593356212761,-7.628803172571964,-3.0806134041217943,-6.048967367675871,-4.8001825447446285,-14.246670158238183
721,350035000016.5947,38,34.9999873847242,35.0,291.9,0,0.0,0.7760291553673379,0.22397084463266212,2.8946639904293073e-17,200.0,61.3,-184.1822922687752,-1.328050210580729,-0.9337170638474517,-11.174782862592357,0.0,0.0,-27.87593356212761,-7.628803172571964,-3.0806134041217943,-6.048967367675871,-4.8001825447446285,-14.246670158238183
722,350035000016.5947,39,34.9999873847242,35.0,291.9,0,0.0,0.7760547224063334,0.2239452775936665,2.7499307909078418e-17,200.0,61.3,-184.1822922687752,-1.328050210580729,-0.9337170638474517,-11.174782862592357,0.0,0.0,-27.87593356212761,-7.628803172571964,-3.0806134041217943,-6.048967367675871,-4.8001825447446285,-14.246670158238183
723,350035000016.5947,40,34.9999873847242,35.0,291.9,0,0.0,0.776084253269909,0.22391574673009096,2.6124342513624497e-17,200.0,61.3,-184.1822922687752,-1.328050210580729,-0.9337170638474517,-11.174782862592357,0.0,0.0,-27.87593356212761,-7.628803172571964,-3.0806134041217943,-6.048967367675871,-4.8001825447446285,-14.246670158238183
724,350035000016.5947,41,34.9999873847242,35.0,291.9,0,0.0,0.776110596429552,0.223889403570448,2.4818125387943274e-17,200.0,61.3,-184.1822922687752,-1.328050210580729,-0.9337170638474517,-11.174782862592357,0.0,0.0,-27.87593356212761,-7.628803172571964,-3.0806134041217943,-6.048967367675871,-4.8001825447446285,-14.246670158238183
725,350035000016.5947,42,34.9999873847242,35.0,291.9,0,0.0,0.7761325295052609,0.2238674704947391,2.357721911854611e-17,200.0,61.3,-184.1822922687752,-1.328050210580729,-0.9337170638474517,-11.174782862592357,0.0,0.0,-27.87593356212761,-7.628803172571964,-3.0806134041217943,-6.048967367675871,-4.8001825447446285,-14.246670158238183
726,350035000016.5947,43,34.9999873847242,35.0,291.9,0,0.0,0.7761558180115051,0.2238441819884949,2.2398358162618805e-17,200.0,61.3,-184.1822922687752,-1.328050210580729,-0.9337170638474517,-11.174782862592357,0.0,0.0,-27.87593356212761,-7.628803172571964,-3.0806134041217943,-6.048967367675871,-4.8001825447446285,-14.246670158238183
727,350035000016.5947,44,34.9999873847242,35.0,291.9,0,0.0,0.7761817680594745,0.22381823194052558,2.1278440254487864e-17,200.0,61.3,-184.1822922687752,-1.328050210580729,-0.9337170638474517,-11.174782862592357,0.0,0.0,-27.87593356212761,-7.628803172571964,-3.0806134041217943,-6.048967367675871,-4.8001825447446285,-14.246670158238183
728,350035000016.5947,45,34.9999873847242,35.0,291.9,0,0.0,0.776206096796074,0.22379390320392598,2.0214518241763468e-17,200.0,61.3,-184.1822922687752,-1.328050210580729,-0.9337170638474517,-11.174782862592357,0.0,0.0,-27.87593356212761,-7.628803172571964,-3.0806134041217943,-6.048967367675871,-4.8001825447446285,-14.246670158238183
729,350035000016.5947,46,34.9999873847242,35.0,291.9,0,0.0,0.7762357712416147,0.22376422875838534,1.92037923296753e-17,200.0,61.3,-184.1822922687752,-1.328050210580729,-0.9337170638474517,-11.174782862592357,0.0,0.0,-27.87593356212761,-7.628803172571964,-3.0806134041217943,-6.048967367675871,-4.8001825447446285,-14.246670158238183
730,350035000016.5947,47,34.9999873847242,35.0,291.9,0,0.0,0.7762636306912457,0.22373636930875435,1.8243602713191536e-17,200.0,61.3,-184.1822922687752,-1.328050210580729,-0.9337170638474517,-11.174782862592357,0.0,0.0,-27.87593356212761,-7.628803172571964,-3.0806134041217943,-6.048967367675871,-4.8001825447446285,-14.246670158238183
731,350035000016.5947,48,34.9999873847242,35.0,291.9,0,0.0,0.7762938839013017,0.22370611609869834,1.733142257753196e-17,200.0,61.3,-184.1822922687752,-1.328050210580729,-0.9337170638474517,-11.174782862592357,0.0,0.0,-27.87593356212761,-7.628803172571964,-3.0806134041217943,-6.048967367675871,-4.8001825447446285,-14.246670158238183
732,350035000016.5947,49,34.9999873847242,35.0,291.9,0,0.0,0.7763195486427562,0.22368045135724376,1.6464851448655362e-17,200.0,61.3,-184.1822922687752,-1.328050210580729,-0.9337170638474517,-11.174782862592357,0.0,0.0,-27.87593356212761,-7.628803172571964,-3.0806134041217943,-6.048967367675871,-4.8001825447446285,-14.246670158238183
733,350035000016.5947,0,34.9999873847242,35.0,291.9,0,0.0,0.7763394921787822,0.2236605078212178,1.5641608876222592e-17,200.0,61.3,-184.1822922687752,-1.328050210580729,-0.9337170638474517,-11.174782862592357,0.0,0.0,-27.87593356212761,-7.628803172571964,-3.0806134041217943,-6.048967367675871,-4.8001825447446285,-14.246670158238183
734,350035000016.5947,1,34.9999873847242,35.0,291.9,0,0.0,0.7763526417147633,0.22364735828523674,1.4859528432411466e-17,200.0,61.3,-184.1822922687752,-1.328050210580729,-0.9337170638474517,-11.174782862592357,0.0,0.0,-27.87593356212761,-7.628803172571964,-3.0806134041217943,-6.048967367675871,-4.8001825447446285,-14.246670158238183
735,350035000016.5947,2,34.9999873847242,35.0,291.9,0,0.0,0.7763579806779097,0.2236420193220902,1.4116552010790893e-17,200.0,61.3,-184.1822922687752,-1.328050210580729,-0.9337170638474517,-11.174782862592357,0.0,0.0,-27.87593356212761,-7.628803172571964,-3.0806134041217943,-6.048967367675871,-4.8001825447446285,-14.246670158238183
736,350035000016.5947,3,34.9999873847242,35.0,291.9,0,0.0,0.7763613804273924,0.2236386195726076,1.3410724410251349e-17,200.0,61.3,-184.1822922687752,-1.328050210580729,-0.9337170638474517,-11.174782862592357,0.0,0.0,-27.87593356212761,-7.628803172571964,-3.0806134041217943,-6.048967367675871,-4.8001825447446285,-14.246670158238183
737,350035000016.5947,4,34.9999873847242,35.0,291.9,0,0.0,0.7763629421461207,0.22363705785387938,1.2740188189738781e-17,200.0,61.3,-184.1822922687752,-1.328050210580729,-0.9337170638474517,-11.174782862592357,0.0,0.0,-27.87593356212761,-7.628803172571964,-3.0806134041217943,-6.048967367675871,-4.8001825447446285,-14.246670158238183
738,350035000016.5947,5,34.9999873847242,35.0,291.9,0,0.0,0.7763627619418879,0.22363723805811214,1.2103178780251842e-17,200.0,61.3,-184.1822922687752,-1.328050210580729,-0.9337170638474517,-11.174782862592357,0.0,0.0,-27.87593356212761,-7.628803172571964,-3.0806134041217943,-6.048967367675871,-4.8001825447446285,-14.246670158238183
739,350035000016.5947,6,34.9999873847242,35.0,291.9,0,0.0,0.7763527565124786,0.22364724348752144,1.149801984123925e-17,200.0,61.3,-184.1822922687752,-1.328050210580729,-0.9337170638474517,-11.174782862592357,0.0,0.0,-27.87593356212761,-7.628803172571964,-3.0806134041217943,-6.048967367675871,-4.8001825447446285,-14.246670158238183
740,350035000016.5947,7,34.9999873847242,35.0,291.9,0,0.0,0.7763375195490253,0.22366248045097467,1.0923118849177286e-17,200.0,61.3,-184.1822922687752,-1.328050210580729,-0.9337170638474517,-11.174782862592357,0.0,0.0,-27.87593356212761,-7.628803172571964,-3.0806134041217943,-6.048967367675871,-4.8001825447446285,-14.246670158238183
741,350035000016.5947,8,34.9999873847242,35.0,291.9,0,0.0,0.7763214072362216,0.22367859276377844,1.0376962906718424e-17,200.0,61.3,-184.1822922687752,-1.328050210580729,-0.9337170638474517,-11.174782862592357,0.0,0.0,-27.87593356212761,-7.628803172571964,-3.0806134041217943,-6.048967367675871,-4.8001825447446285,-14.246670158238183
742,350035000016.5947,9,34.9999873847242,35.0,291.9,0,0.0,0.7763071852539403,0.2236928147460598,9.858114761382503e-18,200.0,61.3,-184.1822922687752,-1.328050210580729,-0.9337170638474517,-11.174782862592357,0.0,0.0,-27.87593356212761,-7.628803172571964,-3.0806134041217943,-6.048967367675871,-4.8001825447446285,-14.246670158238183
743,350035000016.5947,10,34.9999873847242,35.0,291.9,0,0.0,0.7762866119669916,0.22371338803300844,9.365209023313378e-18,200.0,61.3,-184.1822922687752,-1.328050210580729,-0.9337170638474517,-11.174782862592357,0.0,0.0,-27.87593356212761,-7.628803172571964,-3.0806134041217943,-6.048967367675871,-4.8001825447446285,-14.246670158238183
744,350035000016.5947,11,34.9999873847242,35.0,291.9,0,0.0,0.7762708696002534,0.2237291303997466,8.896948572147708e-18,200.0,61.3,-184.1822922687752,-1.328050210580729,-0.9337170638474517,-11.174782862592357,0.0,0.0,-27.87593356212761,-7.628803172571964,-3.0806134041217943,-6.048967367675871,-4.8001825447446285,-14.246670158238183
745,350035000016.5947,12,34.9999873847242,35.0,291.9,0,0.0,0.7762529362881424,0.22374706371185757,8.452101143540324e-18,200.0,61.3,-184.1822922687752,-1.328050210580729,-0.9337170638474517,-11.174782862592357,0.0,0.0,-27.87593356212761,-7.628803172571964,-3.0806134041217943,-6.048967367675871,-4.8001825447446285,-14.246670158238183
746,350035000016.5947,13,34.9999873847242,35.0,291.9,0,0.0,0.7762356338450616,0.2237643661549385,8.029496086363308e-18,200.0,61.3,-184.1822922687752,-1.328050210580729,-0.9337170638474517,-11.174782862592357,0.0,0.0,-27.87593356212761,-7.628803172571964,-3.0806134041217943,-6.048967367675871,-4.8001825447446285,-14.246670158238183
747,350035000016.5947,14,34.9999873847242,35.0,291.9,0,0.0,0.776220281977028,0.22377971802297206,7.628021282045142e-18,200.0,61.3,-184.1822922687752,-1.328050210580729,-0.9337170638474517,-11.174782862592357,0.0,0.0,-27.87593356212761,-7.628803172571964,-3.0806134041217943,-6.048967367675871,-4.8001825447446285,-14.246670158238183
748,350035000016.5947,15,34.9999873847242,35.0,291.9,0,0.0,0.7762135192903861,0.22378648070961388,7.246620217942885e-18,200.0,61.3,-184.1822922687752,-1.328050210580729,-0.9337170638474517,-11.174782862592357,0.0,0.0,-27.87593356212761,-7.628803172571964,-3.0806134041217943,-6.048967367675871,-4.8001825447446285,-14.246670158238183
749,350035000016.5947,16,34.9999873847242,35.0,291.9,0,0.0,0.7762162315374067,0.22378376846259326,6.884289207045741e-18,200.0,61.3,-184.1822922687752,-1.328050210580729,-0.9337170638474517,-11.174782862592357,0.0,0.0,-27.87593356212761,-7.628803172571964,-3.0806134041217943,-6.048967367675871,-4.8001825447446285,-14.246670158238183
750,350035000016.5947,17,34.9999873847242,35.0,291.9,0,0.0,0.7762144930979678,0.22378550690203225,6.540074746693454e-18,200.0,61.3,-184.1822922687752,-1.328050210580729,-0.9337170638474517,-11.174782862592357,0.0,0.0,-27.87593356212761,-7.628803172571964,-3.0806134041217943,-6.048967367675871,-4.8001825447446285,-14.246670158238183
751,350035000016.5947,18,34.9999873847242,35.0,291.9,0,0.0,0.7762139009087909,0.22378609909120906,6.213071009358781e-18,200.0,61.3,-184.1822922687752,-1.328050210580729,-0.9337170638474517,-11.174782862592357,0.0,0.0,-27.87593356212761,-7.628803172571964,-3.0806134041217943,-6.048967367675871,-4.8001825447446285,-14.246670158238183
752,350035000016.5947,19,34.9999873847242,35.0,291.9,0,0.0,0.7762184102251317,0.2237815897748683,5.9024174588908414e-18,200.0,61.3,-184.1822922687752,-1.328050210580729,-0.9337170638474517,-11.174782862592357,0.0,0.0,-27.87593356212761,-7.628803172571964,-3.0806134041217943,-6.048967367675871,-4.8001825447446285,-14.246670158238183
753,350035000016.5947,20,34.9999873847242,35.0,291.9,0,0.0,0.7762250776302908,0.22377492236970922,5.6072965859463e-18,200.0,61.3,-184.1822922687752,-1.328050210580729,-0.9337170638474517,-11.174782862592357,0.0,0.0,-27.87593356212761,-7.628803172571964,-3.0806134041217943,-6.048967367675871,-4.8001825447446285,-14.246670158238183
754,350035000016.5947,21,34.9999873847242,35.0,291.9,0,0.0,0.7762324542237916,0.22376754577620833,5.326931756648984e-18,200.0,61.3,-184.1822922687752,-1.328050210580729,-0.9337170638474517,-11.174782862592357,0.0,0.0,-27.87593356212761,-7.628803172571964,-3.0806134041217943,-6.048967367675871,-4.8001825447446285,-14.246670158238183
755,350035000016.5947,22,34.9999873847242,35.0,291.9,0,0.0,0.7762351715887086,0.2237648284112914,5.060585168816536e-18,200.0,61.3,-184.1822922687752,-1.328050210580729,-0.9337170638474517,-11.174782862592357,0.0,0.0,-27.87593356212761,-7.628803172571964,-3.0806134041217943,-6.048967367675871,-4.8001825447446285,-14.246670158238183
756,350035000016.5947,23,34.9999873847242,35.0,291.9,0,0.0,0.7762374665061075,0.22376253349389247,4.807555910375709e-18,200.0,61.3,-184.1822922687752,-1.328050210580729,-0.9337170638474517,-11.174782862592357,0.0,0.0,-27.87593356212761,-7.628803172571964,-3.0806134041217943,-6.048967367675871,-4.8001825447446285,-14.246670158238183
757,350035000016.5947,24,34.9999873847242,35.0,291.9,0,0.0,0.7762367013890119,0.22376329861098812,4.567178114856924e-18,200.0,61.3,-184.1822922687752,-1.328050210580729,-0.9337170638474517,-11.174782862592357,0.0,0.0,-27.87593356212761,-7.628803172571964,-3.0806134041217943,-6.048967367675871,-4.8001825447446285,-14.246670158238183
758,350035000016.5947,25,34.9999873847242,35.0,291.9,0,0.0,0.776230378160808,0.22376962183919202,4.338819209114078e-18,200.0,61.3,-184.1822922687752,-1.328050210580729,-0.9337170638474517,-11.174782862592357,0.0,0.0,-27.87593356212761,-7.628803172571964,-3.0806134041217943,-6.048967367675871,-4.8001825447446285,-14.246670158238183
759,350035000016.5947,26,34.9999873847242,35.0,291.9,0,0.0,0.7762147996941641,0.22378520030583599,4.121878248658375e-18,200.0,61.3,-184.1822922687752,-1.328050210580729,-0.9337170638474517,-11.174782862592357,0.0,0.0,-27.87593356212761,-7.628803172571964,-3.0806134041217943,-6.048967367675871,-4.8001825447446285,-14.246670158238183
760,350035000016.5947,27,34.9999873847242,35.0,291.9,0,0.0,0.7761957560702918,0.2238042439297083,3.915784336225456e-18,200.0,61.3,-184.1822922687752,-1.328050210580729,-0.9337170638474517,-11.174782862592357,0.0,0.0,-27.87593356212761,-7.628803172571964,-3.0806134041217943,-6.048967367675871,-4.8001825447446285,-14.246670158238183
761,350035000016.5947,28,34.9999873847242,35.0,291.9,0,0.0,0.7761760828415799,0.22382391715842015,3.719995119414183e-18,200.0,61.3,-184.1822922687752,-1.328050210580729,-0.9337170638474517,-11.174782862592357,0.0,0.0,-27.87593356212761,-7.628803172571964,-3.0806134041217943,-6.048967367675871,-4.8001825447446285,-14.246670158238183
762,350035000016.5947,29,34.9999873847242,35.0,291.9,0,0.0,0.7761544902952993,0.22384550970470077,3.533995363443473e-18,200.0,61.3,-184.1822922687752,-1.328050210580729,-0.9337170638474517,-11.174782862592357,0.0,0.0,-27.87593356212761,-7.628803172571964,-3.0806134041217943,-6.048967367675871,-4.8001825447446285,-14.246670158238183
763,350035000016.5947,30,34.9999873847242,35.0,291.9,0,0.0,0.7761390204572655,0.2238609795427345,3.3572955952712994e-18,200.0,61.3,-184.1822922687752,-1.328050210580729,-0.9337170638474517,-11.174782862592357,0.0,0.0,-27.87593356212761,-7.628803172571964,-3.0806134041217943,-6.048967367675871,-4.8001825447446285,-14.246670158238183
764,350035000016.5947,31,34.9999873847242,35.0,291.9,0,0.0,0.7761201053297658,0.22387989467023414,3.1894308155077346e-18,200.0,61.3,-184.1822922687752,-1.328050210580729,-0.9337170638474517,-11.174782862592357,0.0,0.0,-27.87593356212761,-7.628803172571964,-3.0806134041217943,-6.048967367675871,-4.8001825447446285,-14.246670158238183
765,350035000016.5947,32,34.9999873847242,35.0,291.9,0,0.0,0.7761058450751911,0.2238941549248089,3.029959274732348e-18,200.0,61.3,-184.1822922687752,-1.328050210580729,-0.9337170638474517,-11.174782862592357,0.0,0.0,-27.87593356212761,-7.628803172571964,-3.0806134041217943,-6.048967367675871,-4.8001825447446285,-14.246670158238183
766,350035000016.5947,33,34.9999873847242,35.0,291.9,0,0.0,0.7760999449186959,0.223900055081304,2.8784613109957307e-18,200.0,61.3,-184.1822922687752,-1.328050210580729,-0.9337170638474517,-11.174782862592357,0.0,0.0,-27.87593356212761,-7.628803172571964,-3.0806134041217943,-6.048967367675871,-4.8001825447446285,-14.246670158238183
767,350035000016.5947,34,34.9999873847242,35.0,291.9,0,0.0,0.7760953908288827,0.22390460917111732,2.734538245445944e-18,200.0,61.3,-184.1822922687752,-1.328050210580729,-0.9337170638474517,-11.174782862592357,0.0,0.0,-27.87593356212761,-7.628803172571964,-3.0806134041217943,-6.048967367675871,-4.8001825447446285,-14.246670158238183
768,350035000016.5947,35,34.9999873847242,35.0,291.9,0,0.0,0.7760881745539188,0.22391182544608124,2.5978113331736467e-18,200.0,61.3,-184.1822922687752,-1.328050210580729,-0.9337170638474517,-11.174782862592357,0.0,0.0,-27.87593356212761,-7.628803172571964,-3.0806134041217943,-6.048967367675871,-4.8001825447446285,-14.246670158238183
769,350035000016.5947,36,34.9999873847242,35.0,291.9,0,0.0,0.7760810588270858,0.2239189411729142,2.467920766514964e-18,200.0,61.3,-184.1822922687752,-1.328050210580729,-0.9337170638474517,-11.174782862592357,0.0,0.0,-27.87593356212761,-7.628803172571964,-3.0806134041217943,-6.048967367675871,-4.8001825447446285,-14.246670158238183
770,350035000016.5947,37,34.9999873847242,35.0,291.9,0,0.0,0.7760701093340073,0.22392989066599264,2.3445247281892162e-18,200.0,61.3,-184.1822922687752,-1.328050210580729,-0.9337170638474517,-11.174782862592357,0.0,0.0,-27.87593356212761,-7.628803172571964,-3.0806134041217943,-6.048967367675871,-4.8001825447446285,-14.246670158238183
771,350035000016.5947,38,34.9999873847242,35.0,291.9,0,0.0,0.7760515976335997,0.22394840236640037,2.227298491779756e-18,200.0,61.3,-184.1822922687752,-1.328050210580729,-0.9337170638474517,-11.174782862592357,0.0,0.0,-27.87593356212761,-7.628803172571964,-3.0806134041217943,-6.048967367675871,-4.8001825447446285,-14.246670158238183
772,350035000016.5947,39,34.9999873847242,35.0,291.9,0,0.0,0.7760311512824947,0.22396884871750536,2.115933567190768e-18,200.0,61.3,-184.1822922687752,-1.328050210580729,-0.9337170638474517,-11.174782862592357,0.0,0.0,-27.87593356212761,-7.628803172571964,-3.0806134041217943,-6.048967367675871,-4.8001825447446285,-14.246670158238183
773,350035000016.5947,40,34.9999873847242,35.0,291.9,0,0.0,0.7760075658517918,0.22399243414820827,2.0101368888312293e-18,200.0,61.3,-184.1822922687752,-1.328050210580729,-0.9337170638474517,-11.174782862592357,0.0,0.0,-27.87593356212761,-7.628803172571964,-3.0806134041217943,-6.048967367675871,-4.8001825447446285,-14.246670158238183
774,350035000016.5947,41,34.9999873847242,35.0,291.9,0,0.0,0.7759862319370538,0.2240137680629461,1.909630044389668e-18,200.0,61.3,-184.1822922687752,-1.328050210580729,-0.9337170638474517,-11.174782862592357,0.0,0.0,-27.87593356212761,-7.628803172571964,-3.0806134041217943,-6.048967367675871,-4.8001825447446285,-14.246670158238183
775,350035000016.5947,42,34.9999873847242,35.0,291.9,0,0.0,0.7759761563234585,0.2240238436765415,1.8141485421701845e-18,200.0,61.3,-184.1822922687752,-1.328050210580729,-0.9337170638474517,-11.174782862592357,0.0,0.0,-27.87593356212761,-7.628803172571964,-3.0806134041217943,-6.048967367675871,-4.8001825447446285,-14.246670158238183
776,350035000016.5947,43,34.9999873847242,35.0,291.9,0,0.0,0.7759663371296626,0.2240336628703374,1.723441115061675e-18,200.0,61.3,-184.1822922687752,-1.328050210580729,-0.9337170638474517,-11.174782862592357,0.0,0.0,-27.87593356212761,-7.628803172571964,-3.0806134041217943,-6.048967367675871,-4.8001825447446285,-14.246670158238183
777,350035000016.5947,44,34.9999873847242,35.0,291.9,0,0.0,0.7759541634740971,0.22404583652590296,1.6372690593085915e-18,200.0,61.3,-184.1822922687752,-1.328050210580729,-0.9337170638474517,-11.174782862592357,0.0,0.0,-27.87593356212761,-7.628803172571964,-3.0806134041217943,-6.048967367675871,-4.8001825447446285,-14.246670158238183
778,350035000016.5947,45,34.9999873847242,35.0,291.9,0,0.0,0.7759397594294303,0.22406024057056975,1.5554056063431618e-18,200.0,61.3,-184.1822922687752,-1.328050210580729,-0.9337170638474517,-11.174782862592357,0.0,0.0,-27.87593356212761,-7.628803172571964,-3.0806134041217943,-6.048967367675871,-4.8001825447446285,-14.246670158238183
779,350035000016.5947,46,34.9999873847242,35.0,291.9,0,0.0,0.7759271332778265,0.22407286672217347,1.4776353260260037e-18,200.0,61.3,-184.1822922687752,-1.328050210580729,-0.9337170638474517,-11.174782862592357,0.0,0.0,-27.87593356212761,-7.628803172571964,-3.0806134041217943,-6.048967367675871,-4.8001825447446285,-14.246670158238183
780,350035000016.5947,47,34.9999873847242,35.0,291.9,0,0.0,0.7759136035387357,0.22408639646126421,1.4037535597247034e-18,200.0,61.3,-184.1822922687752,-1.328050210580729,-0.9337170638474517,-11.174782862592357,0.0,0.0,-27.87593356212761,-7.628803172571964,-3.0806134041217943,-6.048967367675871,-4.8001825447446285,-14.246670158238183
781,350035000016.5947,48,34.9999873847242,35.0,291.9,0,0.0,0.7758992190557502,0.22410078094424976,1.3335658817384682e-18,200.0,61.3,-184.1822922687752,-1.328050210580729,-0.9337170638474517,-11.174782862592357,0.0,0.0,-27.87593356212761,-7.628803172571964,-3.0806134041217943,-6.048967367675871,-4.8001825447446285,-14.246670158238183
782,350035000016.5947,49,34.9999873847242,35.0,291.9,0,0.0,0.7758840262171769,0.22411597378282308,1.2668875876515448e-18,200.0,61.3,-184.1822922687752,-1.328050210580729,-0.9337170638474517,-11.174782862592357,0.0,0.0,-27.87593356212761,-7.628803172571964,-3.0806134041217943,-6.048967367675871,-4.8001825447446285,-14.246670158238183
783,350035000016.5947,0,34.9999873847242,35.0,291.9,0,0.0,0.7758745205222652,0.22412547947773478,1.2035432082689677e-18,200.0,61.3,-184.1822922687752,-1.328050210580729,-0.9337170638474517,-11.174782862592357,0.0,0.0,-27.87593356212761,-7.628803172571964,-3.0806134041217943,-6.048967367675871,-4.8001825447446285,-14.246670158238183
784,350035000016.5947,1,34.9999873847242,35.0,291.9,0,0.0,0.7758626742892677,0.2241373257107323,1.1433660478555193e-18,200.0,61.3,-184.1822922687752,-1.328050210580729,-0.9337170638474517,-11.174782862592357,0.0,0.0,-27.87593356212761,-7.628803172571964,-3.0806134041217943,-6.048967367675871,-4.8001825447446285,-14.246670158238183
785,350035000016.5947,2,34.9999873847242,35.0,291.9,0,0.0,0.7758511850875289,0.2241488149124711,1.0861977454627434e-18,200.0,61.3,-184.1822922687752,-1.328050210580729,-0.9337170638474517,-11.174782862592357,0.0,0.0,-27.87593356212761,-7.628803172571964,-3.0806134041217943,-6.048967367675871,-4.8001825447446285,-14.246670158238183
786,350035000016.5947,3,34.9999873847242,35.0,291.9,0,0.0,0.7758413208917423,0.22415867910825768,1.0318878581896062e-18,200.0,61.3,-184.1822922687752,-1.328050210580729,-0.9337170638474517,-11.174782862592357,0.0,0.0,-27.87593356212761,-7.628803172571964,-3.0806134041217943,-6.048967367675871,-4.8001825447446285,-14.246670158238183
787,350035000016.5947,4,34.9999873847242,35.0,291.9,0,0.0,0.7758227244616425,0.22417727553835753,9.802934652801261e-19,200.0,61.3,-184.1822922687752,-1.328050210580729,-0.9337170638474517,-11.174782862592357,0.0,0.0,-27.87593356212761,-7.628803172571964,-3.0806134041217943,-6.048967367675871,-4.8001825447446285,-14.246670158238183
788,350035000016.5947,5,34.9999873847242,35.0,291.9,0,0.0,0.7758048339888599,0.22419516601114006,9.312787920161198e-19,200.0,61.3,-184.1822922687752,-1.328050210580729,-0.9337170638474517,-11.174782862592357,0.0,0.0,-27.87593356212761,-7.628803172571964,-3.0806134041217943,-6.048967367675871,-4.8001825447446285,-14.246670158238183
789,350035000016.5947,6,34.9999873847242,35.0,291.9,0,0.0,0.7757953016223958,0.22420469837760418,8.847148524153139e-19,200.0,61.3,-184.1822922687752,-1.328050210580729,-0.9337170638474517,-11.174782862592357,0.0,0.0,-27.87593356212761,-7.628803172571964,-3.0806134041217943,-6.048967367675871,-4.8001825447446285,-14.246670158238183
790,350035000016.5947,7,34.9999873847242,35.0,291.9,0,0.0,0.7757834552855595,0.2242165447144405,8.404791097945482e-19,200.0,61.3,-184.1822922687752,-1.328050210580729,-0.9337170638474517,-11.174782862592357,0.0,0.0,-27.87593356212761,-7.628803172571964,-3.0806134041217943,-6.048967367675871,-4.8001825447446285,-14.246670158238183
791,350035000016.5947,8,34.9999873847242,35.0,291.9,0,0.0,0.7757694168041117,0.22423058319588823,7.984551543048208e-19,200.0,61.3,-184.1822922687752,-1.328050210580729,-0.9337170638474517,-11.174782862592357,0.0,0.0,-27.87593356212761,-7.628803172571964,-3.0806134041217943,-6.048967367675871,-4.8001825447446285,-14.246670158238183
792,350035000016.5947,9,34.9999873847242,35.0,291.9,0,0.0,0.7757533018923672,0.2242466981076328,7.585323965895798e-19,200.0,61.3,-184.1822922687752,-1.328050210580729,-0.9337170638474517,-11.174782862592357,0.0,0.0,-27.87593356212761,-7.628803172571964,-3.0806134041217943,-6.048967367675871,-4.8001825447446285,-14.246670158238183
793,350035000016.5947,10,34.9999873847242,35.0,291.9,0,0.0,0.775735220458855,0.224264779541145,7.206057767601008e-19,200.0,61.3,-184.1822922687752,-1.328050210580729,-0.9337170638474517,-11.174782862592357,0.0,0.0,-27.87593356212761,-7.628803172571964,-3.0806134041217943,-6.048967367675871,-4.8001825447446285,-14.246670158238183
794,350035000016.5947,11,34.9999873847242,35.0,291.9,0,0.0,0.7757178257623679,0.22428217423763205,6.845754879220957e-19,200.0,61.3,-184.1822922687752,-1.328050210580729,-0.9337170638474517,-11.174782862592357,0.0,0.0,-27.87593356212761,-7.628803172571964,-3.0806134041217943,-6.048967367675871,-4.8001825447446285,-14.246670158238183
795,350035000016.5947,12,34.9999873847242,35.0,291.9,0,0.0,0.7757074446783312,0.2242925553216688,6.503467135259909e-19,200.0,61.3,-184.1822922687752,-1.328050210580729,-0.9337170638474517,-11.174782862592357,0.0,0.0,-27.87593356212761,-7.628803172571964,-3.0806134041217943,-6.048967367675871,-4.8001825447446285,-14.246670158238183
796,350035000016.5947,13,34.9999873847242,35.0,291.9,0,0.0,0.7756960883769357,0.2243039116230643,6.178293778496915e-19,200.0,61.3,-184.1822922687752,-1.328050210580729,-0.9337170638474517,-11.174782862592357,0.0,0.0,-27.87593356212761,-7.628803172571964,-3.0806134041217943,-6.048967367675871,-4.8001825447446285,-14.246670158238183
797,350035000016.5947,14,34.9999873847242,35.0,291.9,0,0.0,0.775681270938208,0.224318729061792,5.86937908957207e-19,200.0,61.3,-184.1822922687752,-1.328050210580729,-0.9337170638474517,-11.174782862592357,0.0,0.0,-27.87593356212761,-7.628803172571964,-3.0806134041217943,-6.048967367675871,-4.8001825447446285,-14.246670158238183
798,350035000016.5947,15,34.9999873847242,35.0,291.9,0,0.0,0.7756695126788286,0.22433048732117145,5.575910135093466e-19,200.0,61.3,-184.1822922687752,-1.328050210580729,-0.9337170638474517,-11.174782862592357,0.0,0.0,-27.87593356212761,-7.628803172571964,-3.0806134041217943,-6.048967367675871,-4.8001825447446285,-14.246670158238183
799,350035000016.5947,16,34.9999873847242,35.0,291.9,0,0.0,0.775655591095786,0.22434440890421398,5.297114628338793e-19,200.0,61.3,-184.1822922687752,-1.328050210580729,-0.9337170638474517,-11.174782862592357,0.0,0.0,-27.87593356212761,-7.628803172571964,-3.0806134041217943,-6.048967367675871,-4.8001825447446285,-14.246670158238183
800,350035000016.5947,17,34.9999873847242,35.0,291.9,0,0.0,0.7756370899136814,0.22436291008631865,5.032258896921854e-19,200.0,61.3,-184.1822922687752,-1.328050210580729,-0.9337170638474517,-11.174782862592357,0.0,0.0,-27.87593356212761,-7.628803172571964,-3.0806134041217943,-6.048967367675871,-4.8001825447446285,-14.246670158238183
801,350035000016.5947,18,34.9999873847242,35.0,291.9,0,0.0,0.7756294092513234,0.22437059074867666,4.780645952075761e-19,200.0,61.3,-184.1822922687752,-1.328050210580729,-0.9337170638474517,-11.174782862592357,0.0,0.0,-27.87593356212761,-7.628803172571964,-3.0806134041217943,-6.048967367675871,-4.8001825447446285,-14.246670158238183
802,350035000016.5947,19,34.9999873847242,35.0,291.9,0,0.0,0.7756193700596978,0.2243806299403021,4.541613654471973e-19,200.0,61.3,-184.1822922687752,-1.328050210580729,-0.9337170638474517,-11.174782862592357,0.0,0.0,-27.87593356212761,-7.628803172571964,-3.0806134041217943,-6.048967367675871,-4.8001825447446285,-14.246670158238183
803,350035000016.5947,20,34.9999873847242,35.0,291.9,0,0.0,0.7756096156796206,0.22439038432037942,4.3145329717483747e-19,200.0,61.3,-184.1822922687752,-1.328050210580729,-0.9337170638474517,-11.174782862592357,0.0,0.0,-27.87593356212761,-7.628803172571964,-3.0806134041217943,-6.048967367675871,-4.8001825447446285,-14.246670158238183
804,350035000016.5947,21,34.9999873847242,35.0,291.9,0,0.0,0.7755938399247232,0.22440616007527675,4.0988063231609556e-19,200.0,61.3,-184.1822922687752,-1.328050210580729,-0.9337170638474517,-11.174782862592357,0.0,0.0,-27.87593356212761,-7.628803172571964,-3.0806134041217943,-6.048967367675871,-4.8001825447446285,-14.246670158238183
805,350035000016.5947,22,34.9999873847242,35.0,291.9,0,0.0,0.7755761292799618,0.22442387072003822,3.893866007002908e-19,200.0,61.3,-184.1822922687752,-1.328050210580729,-0.9337170638474517,-11.174782862592357,0.0,0.0,-27.87593356212761,-7.628803172571964,-3.0806134041217943,-6.048967367675871,-4.8001825447446285,-14.246670158238183
806,350035000016.5947,23,34.9999873847242,35.0,291.9,0,0.0,0.775557842980668,0.22444215701933196,3.6991727066527627e-19,200.0,61.3,-184.1822922687752,-1.328050210580729,-0.9337170638474517,-11.174782862592357,0.0,0.0,-27.87593356212761,-7.628803172571964,-3.0806134041217943,-6.048967367675871,-4.8001825447446285,-14.246670158238183
807,350035000016.5947,24,34.9999873847242,35.0,291.9,0,0.0,0.7755365024311286,0.22446349756887143,3.5142140713201247e-19,200.0,61.3,-184.1822922687752,-1.328050210580729,-0.9337170638474517,-11.174782862592357,0.0,0.0,-27.87593356212761,-7.628803172571964,-3.0806134041217943,-6.048967367675871,-4.8001825447446285,-14.246670158238183
808,350035000016.5947,25,34.9999873847242,35.0,291.9,0,0.0,0.7755172852283055,0.2244827147716945,3.338503367754118e-19,200.0,61.3,-184.1822922687752,-1.328050210580729,-0.9337170638474517,-11.174782862592357,0.0,0.0,-27.87593356212761,-7.628803172571964,-3.0806134041217943,-6.048967367675871,-4.8001825447446285,-14.246670158238183
809,350035000016.5947,26,34.9999873847242,35.0,291.9,0,0.0,0.7755000824324715,0.22449991756752852,3.171578199366412e-19,200.0,61.3,-184.1822922687752,-1.328050210580729,-0.9337170638474517,-11.174782862592357,0.0,0.0,-27.87593356212761,-7.628803172571964,-3.0806134041217943,-6.048967367675871,-4.8001825447446285,-14.246670158238183
810,350035000016.5947,27,34.9999873847242,35.0,291.9,0,0.0,0.7754797874092222,0.22452021259077787,3.012999289398092e-19,200.0,61.3,-184.1822922687752,-1.328050210580729,-0.9337170638474517,-11.174782862592357,0.0,0.0,-27.87593356212761,-7.628803172571964,-3.0806134041217943,-6.048967367675871,-4.8001825447446285,-14.246670158238183
811,350035000016.5947,28,34.9999873847242,35.0,291.9,0,0.0,0.7754653095532674,0.22453469044673255,2.862349324928187e-19,200.0,61.3,-184.1822922687752,-1.328050210580729,-0.9337170638474517,-11.174782862592357,0.0,0.0,-27.87593356212761,-7.628803172571964,-3.0806134041217943,-6.048967367675871,-4.8001825447446285,-14.246670158238183
812,350035000016.5947,29,34.9999873847242,35.0,291.9,0,0.0,0.7754513553468215,0.22454864465317842,2.7192318586817778e-19,200.0,61.3,-184.1822922687752,-1.328050210580729,-0.9337170638474517,-11.174782862592357,0.0,0.0,-27.87593356212761,-7.628803172571964,-3.0806134041217943,-6.048967367675871,-4.8001825447446285,-14.246670158238183
813,350035000016.5947,30,34.9999873847242,35.0,291.9,0,0.0,0.7754341607020272,0.22456583929797286,2.583270265747689e-19,200.0,61.3,-184.1822922687752,-1.328050210580729,-0.9337170638474517,-11.174782862592357,0.0,0.0,-27.87593356212761,-7.628803172571964,-3.0806134041217943,-6.048967367675871,-4.8001825447446285,-14.246670158238183
814,350035000016.5947,31,34.9999873847242,35.0,291.9,0,0.0,0.7754188758786391,0.22458112412136083,2.4541067524603046e-19,200.0,61.3,-184.1822922687752,-1.328050210580729,-0.9337170638474517,-11.174782862592357,0.0,0.0,-27.87593356212761,-7.628803172571964,-3.0806134041217943,-6.048967367675871,-4.8001825447446285,-14.246670158238183
815,350035000016.5947,32,34.9999873847242,35.0,291.9,0,0.0,0.7754016727241597,0.22459832727584034,2.33140141483729e-19,200.0,61.3,-184.1822922687752,-1.328050210580729,-0.9337170638474517,-11.174782862592357,0.0,0.0,-27.87593356212761,-7.628803172571964,-3.0806134041217943,-6.048967367675871,-4.8001825447446285,-14.246670158238183
816,350035000016.5947,33,34.9999873847242,35.0,291.9,0,0.0,0.7753888628680298,0.22461113713197023,2.2148313440954255e-19,200.0,61.3,-184.1822922687752,-1.328050210580729,-0.9337170638474517,-11.174782862592357,0.0,0.0,-27.87593356212761,-7.628803172571964,-3.0806134041217943,-6.048967367675871,-4.8001825447446285,-14.246670158238183
817,350035000016.5947,34,34.9999873847242,35.0,291.9,0,0.0,0.7753789768316893,0.2246210231683107,2.1040897768906542e-19,200.0,61.3,-184.1822922687752,-1.328050210580729,-0.9337170638474517,-11.174782862592357,0.0,0.0,-27.87593356212761,-7.628803172571964,-3.0806134041217943,-6.048967367675871,-4.8001825447446285,-14.246670158238183
818,350035000016.5947,35,34.9999873847242,35.0,291.9,0,0.0,0.7753718621408976,0.22462813785910243,1.9988852880461216e-19,200.0,61.3,-184.1822922687752,-1.328050210580729,-0.9337170638474517,-11.174782862592357,0.0,0.0,-27.87593356212761,-7.628803172571964,-3.0806134041217943,-6.048967367675871,-4.8001825447446285,-14.246670158238183
819,350035000016.5947,36,34.9999873847242,35.0,291.9,0,0.0,0.775363665524681,0.224636334475319,1.8989410236438154e-19,200.0,61.3,-184.1822922687752,-1.328050210580729,-0.9337170638474517,-11.174782862592357,0.0,0.0,-27.87593356212761,-7.628803172571964,-3.0806134041217943,-6.048967367675871,-4.8001825447446285,-14.246670158238183
820,350035000016.5947,37,34.9999873847242,35.0,291.9,0,0.0,0.7753556793992901,0.2246443206007099,1.8039939724616248e-19,200.0,61.3,-184.1822922687752,-1.328050210580729,-0.9337170638474517,-11.174782862592357,0.0,0.0,-27.87593356212761,-7.628803172571964,-3.0806134041217943,-6.048967367675871,-4.8001825447446285,-14.246670158238183
821,350035000016.5947,38,34.9999873847242,35.0,291.9,0,0.0,0.7753478937244653,0.22465210627553467,1.7137942738385434e-19,200.0,61.3,-184.1822922687752,-1.328050210580729,-0.9337170638474517,-11.174782862592357,0.0,0.0,-27.87593356212761,-7.628803172571964,-3.0806134041217943,-6.048967367675871,-4.8001825447446285,-14.246670158238183
822,350035000016.5947,39,34.9999873847242,35.0,291.9,0,0.0,0.7753390668785077,0.22466093312149227,1.6281045601466162e-19,200.0,61.3,-184.1822922687752,-1.328050210580729,-0.9337170638474517,-11.174782862592357,0.0,0.0,-27.87593356212761,-7.628803172571964,-3.0806134041217943,-6.048967367675871,-4.8001825447446285,-14.246670158238183
823,350035000016.5947,40,34.9999873847242,35.0,291.9,0,0.0,0.7753304849601165,0.22466951503988347,1.5466993321392854e-19,200.0,61.3,-184.1822922687752,-1.328050210580729,-0.9337170638474517,-11.174782862592357,0.0,0.0,-27.87593356212761,-7.628803172571964,-3.0806134041217943,-6.048967367675871,-4.8001825447446285,-14.246670158238183
824,350035000016.5947,41,34.9999873847242,35.0,291.9,0,0.0,0.7753196773643825,0.2246803226356175,1.4693643655323211e-19,200.0,61.3,-184.1822922687752,-1.328050210580729,-0.9337170638474517,-11.174782862592357,0.0,0.0,-27.87593356212761,-7.628803172571964,-3.0806134041217943,-6.048967367675871,-4.8001825447446285,-14.246670158238183
825,350035000016.5947,42,34.9999873847242,35.0,291.9,0,0.0,0.7753141286444998,0.22468587135550025,1.3958961472557052e-19,200.0,61.3,-184.1822922687752,-1.328050210580729,-0.9337170638474517,-11.174782862592357,0.0,0.0,-27.87593356212761,-7.628803172571964,-3.0806134041217943,-6.048967367675871,-4.8001825447446285,-14.246670158238183
826,350035000016.5947,43,34.9999873847242,35.0,291.9,0,0.0,0.7753062072396019,0.2246937927603982,1.32610133989292e-19,200.0,61.3,-184.1822922687752,-1.328050210580729,-0.9337170638474517,-11.174782862592357,0.0,0.0,-27.87593356212761,-7.628803172571964,-3.0806134041217943,-6.048967367675871,-4.8001825447446285,-14.246670158238183
827,350035000016.5947,44,34.9999873847242,35.0,291.9,0,0.0,0.7753009366488666,0.22469906335113346,1.2597962728982738e-19,200.0,61.3,-184.1822922687752,-1.328050210580729,-0.9337170638474517,-11.174782862592357,0.0,0.0,-27.87593356212761,-7.628803172571964,-3.0806134041217943,-6.048967367675871,-4.8001825447446285,-14.246670158238183
828,350035000016.5947,45,34.9999873847242,35.0,291.9,0,0.0,0.775290839160503,0.22470916083949696,1.19680645925336e-19,200.0,61.3,-184.1822922687752,-1.328050210580729,-0.9337170638474517,-11.174782862592357,0.0,0.0,-27.87593356212761,-7.628803172571964,-3.0806134041217943,-6.048967367675871,-4.8001825447446285,-14.246670158238183
829,350035000016.5947,46,34.9999873847242,35.0,291.9,0,0.0,0.7752798334943328,0.22472016650566717,1.1369661362906919e-19,200.0,61.3,-184.1822922687752,-1.328050210580729,-0.9337170638474517,-11.174782862592357,0.0,0.0,-27.87593356212761,-7.628803172571964,-3.0806134041217943,-6.048967367675871,-4.8001825447446285,-14.246670158238183
830,350035000016.5947,47,34.9999873847242,35.0,291.9,0,0.0,0.7752704102761807,0.2247295897238193,1.0801178294761572e-19,200.0,61.3,-184.1822922687752,-1.328050210580729,-0.9337170638474517,-11.174782862592357,0.0,0.0,-27.87593356212761,-7.628803172571964,-3.0806134041217943,-6.048967367675871,-4.8001825447446285,-14.246670158238183
831,350035000016.5947,48,34.9999873847242,35.0,291.9,0,0.0,0.7752588293252416,0.2247411706747584,1.0261119380023493e-19,200.0,61.3,-184.1822922687752,-1.328050210580729,-0.9337170638474517,-11.174782862592357,0.0,0.0,-27.87593356212761,-7.628803172571964,-3.0806134041217943,-6.048967367675871,-4.8001825447446285,-14.246670158238183
832,350035000016.5947,49,34.9999873847242,35.0,291.9,0,0.0,0.7752537302059004,0.22474626979409956,9.748063411022317e-20,200.0,61.3,-184.1822922687752,-1.328050210580729,-0.9337170638474517,-11.174782862592357,0.0,0.0,-27.87593356212761,-7.628803172571964,-3.0806134041217943,-6.048967367675871,-4.8001825447446285,-14.246670158238183
833,350035000016.5947,0,34.9999873847242,35.0,291.9,0,0.0,0.7752462606363073,0.22475373936369264,9.260660240471201e-20,200.0,61.3,-184.1822922687752,-1.328050210580729,-0.9337170638474517,-11.174782862592357,0.0,0.0,-27.87593356212761,-7.628803172571964,-3.0806134041217943,-6.048967367675871,-4.8001825447446285,-14.246670158238183
834,350035000016.5947,1,34.9999873847242,35.0,291.9,0,0.0,0.7752328980662888,0.22476710193371122,8.797627228447642e-20,200.0,61.3,-184.1822922687752,-1.328050210580729,-0.9337170638474517,-11.174782862592357,0.0,0.0,-27.87593356212761,-7.628803172571964,-3.0806134041217943,-6.048967367675871,-4.8001825447446285,-14.246670158238183
835,350035000016.5947,2,34.9999873847242,35.0,291.9,0,0.0,0.7752175923419719,0.2247824076580281,8.35774586702526e-20,200.0,61.3,-184.1822922687752,-1.328050210580729,-0.9337170638474517,-11.174782862592357,0.0,0.0,-27.87593356212761,-7.628803172571964,-3.0806134041217943,-6.048967367675871,-4.8001825447446285,-14.246670158238183
836,350035000016.5947,3,34.9999873847242,35.0,291.9,0,0.0,0.7752052992307158,0.22479470076928426,7.939858573673997e-20,200.0,61.3,-184.1822922687752,-1.328050210580729,-0.9337170638474517,-11.174782862592357,0.0,0.0,-27.87593356212761,-7.628803172571964,-3.0806134041217943,-6.048967367675871,-4.8001825447446285,-14.246670158238183
837,350035000016.5947,4,34.9999873847242,35.0,291.9,0,0.0,0.7751910160976311,0.22480898390236892,7.542865644990297e-20,200.0,61.3,-184.1822922687752,-1.328050210580729,-0.9337170638474517,-11.174782862592357,0.0,0.0,-27.87593356212761,-7.628803172571964,-3.0806134041217943,-6.048967367675871,-4.8001825447446285,-14.246670158238183
838,350035000016.5947,5,34.9999873847242,35.0,291.9,0,0.0,0.7751772690843112,0.22482273091568886,7.165722362740783e-20,200.0,61.3,-184.1822922687752,-1.328050210580729,-0.9337170638474517,-11.174782862592357,0.0,0.0,-27.87593356212761,-7.628803172571964,-3.0806134041217943,-6.048967367675871,-4.8001825447446285,-14.246670158238183
839,350035000016.5947,6,34.9999873847242,35.0,291.9,0,0.0,0.775166449448562,0.22483355055143806,6.807436244603744e-20,200.0,61.3,-184.1822922687752,-1.328050210580729,-0.9337170638474517,-11.174782862592357,0.0,0.0,-27.87593356212761,-7.628803172571964,-3.0806134041217943,-6.048967367675871,-4.8001825447446285,-14.246670158238183
840,350035000016.5947,7,34.9999873847242,35.0,291.9,0,0.0,0.7751535759630992,0.22484642403690083,6.467064432373558e-20,200.0,61.3,-184.1822922687752,-1.328050210580729,-0.9337170638474517,-11.174782862592357,0.0,0.0,-27.87593356212761,-7.628803172571964,-3.0806134041217943,-6.048967367675871,-4.8001825447446285,-14.246670158238183
841,350035000016.5947,8,34.9999873847242,35.0,291.9,0,0.0,0.7751496080103234,0.22485039198967666,6.143711210754879e-20,200.0,61.3,-184.1822922687752,-1.328050210580729,-0.9337170638474517,-11.174782862592357,0.0,0.0,-27.87593356212761,-7.628803172571964,-3.0806134041217943,-6.048967367675871,-4.8001825447446285,-14.246670158238183
842,350035000016.5947,9,34.9999873847242,35.0,291.9,0,0.0,0.7751492617595274,0.22485073824047266,5.836525650217136e-20,200.0,61.3,-184.1822922687752,-1.328050210580729,-0.9337170638474517,-11.174782862592357,0.0,0.0,-27.87593356212761,-7.628803172571964,-3.0806134041217943,-6.048967367675871,-4.8001825447446285,-14.246670158238183
843,350035000016.5947,10,34.9999873847242,35.0,291.9,0,0.0,0.7751535473281064,0.22484645267189365,5.54469936770628e-20,200.0,61.3,-184.1822922687752,-1.328050210580729,-0.9337170638474517,-11.174782862592357,0.0,0.0,-27.87593356212761,-7.628803172571964,-3.0806134041217943,-6.048967367675871,-4.8001825447446285,-14.246670158238183
844,350035000016.5947,11,34.9999873847242,35.0,291.9,0,0.0,0.7751562239488928,0.22484377605110714,5.267464399320966e-20,200.0,61.3,-184.1822922687752,-1.328050210580729,-0.9337170638474517,-11.174782862592357,0.0,0.0,-27.87593356212761,-7.628803172571964,-3.0806134041217943,-6.048967367675871,-4.8001825447446285,-14.246670158238183
845,350035000016.5947,12,34.9999873847242,35.0,291.9,0,0.0,0.7751585733895846,0.22484142661041542,5.004091179354918e-20,200.0,61.3,-184.1822922687752,-1.328050210580729,-0.9337170638474517,-11.174782862592357,0.0,0.0,-27.87593356212761,-7.628803172571964,-3.0806134041217943,-6.048967367675871,-4.8001825447446285,-14.246670158238183
846,350035000016.5947,13,34.9999873847242,35.0,291.9,0,0.0,0.7751653980221579,0.2248346019778421,4.753886620387172e-20,200.0,61.3,-184.1822922687752,-1.328050210580729,-0.9337170638474517,-11.174782862592357,0.0,0.0,-27.87593356212761,-7.628803172571964,-3.0806134041217943,-6.048967367675871,-4.8001825447446285,-14.246670158238183
847,350035000016.5947,14,34.9999873847242,35.0,291.9,0,0.0,0.7751776543209771,0.22482234567902293,4.516192289367814e-20,200.0,61.3,-184.1822922687752,-1.328050210580729,-0.9337170638474517,-11.174782862592357,0.0,0.0,-27.87593356212761,-7.628803172571964,-3.0806134041217943,-6.048967367675871,-4.8001825447446285,-14.246670158238183
848,350035000016.5947,15,34.9999873847242,35.0,291.9,0,0.0,0.7751855154761044,0.22481448452389563,4.290382674899423e-20,200.0,61.3,-184.1822922687752,-1.328050210580729,-0.9337170638474517,-11.174782862592357,0.0,0.0,-27.87593356212761,-7.628803172571964,-3.0806134041217943,-6.048967367675871,-4.8001825447446285,-14.246670158238183
849,350035000016.5947,16,34.9999873847242,35.0,291.9,0,0.0,0.7751892084126034,0.22481079158739659,4.0758635411544515e-20,200.0,61.3,-184.1822922687752,-1.328050210580729,-0.9337170638474517,-11.174782862592357,0.0,0.0,-27.87593356212761,-7.628803172571964,-3.0806134041217943,-6.048967367675871,-4.8001825447446285,-14.246670158238183
850,350035000016.5947,17,34.9999873847242,35.0,291.9,0,0.0,0.7751877574043191,0.22481224259568092,3.8720703640967286e-20,200.0,61.3,-184.1822922687752,-1.328050210580729,-0.9337170638474517,-11.174782862592357,0.0,0.0,-27.87593356212761,-7.628803172571964,-3.0806134041217943,-6.048967367675871,-4.8001825447446285,-14.246670158238183
851,350035000016.5947,18,34.9999873847242,35.0,291.9,0,0.0,0.7751838093449519,0.22481619065504807,3.678466845891892e-20,200.0,61.3,-184.1822922687752,-1.328050210580729,-0.9337170638474517,-11.174782862592357,0.0,0.0,-27.87593356212761,-7.628803172571964,-3.0806134041217943,-6.048967367675871,-4.8001825447446285,-14.246670158238183
852,350035000016.5947,19,34.9999873847242,35.0,291.9,0,0.0,0.775179872632342,0.22482012736765797,3.4945435035972974e-20,200.0,61.3,-184.1822922687752,-1.328050210580729,-0.9337170638474517,-11.174782862592357,0.0,0.0,-27.87593356212761,-7.628803172571964,-3.0806134041217943,-6.048967367675871,-4.8001825447446285,-14.246670158238183
853,350035000016.5947,20,34.9999873847242,35.0,291.9,0,0.0,0.775175947134216,0.22482405286578405,3.319816328417433e-20,200.0,61.3,-184.1822922687752,-1.328050210580729,-0.9337170638474517,-11.174782862592357,0.0,0.0,-27.87593356212761,-7.628803172571964,-3.0806134041217943,-6.048967367675871,-4.8001825447446285,-14.246670158238183
854,350035000016.5947,21,34.9999873847242,35.0,291.9,0,0.0,0.7751684732516675,0.22483152674833248,3.153825511996561e-20,200.0,61.3,-184.1822922687752,-1.328050210580729,-0.9337170638474517,-11.174782862592357,0.0,0.0,-27.87593356212761,-7.628803172571964,-3.0806134041217943,-6.048967367675871,-4.8001825447446285,-14.246670158238183
855,350035000016.5947,22,34.9999873847242,35.0,291.9,0,0.0,0.7751706698244681,0.22482933017553192,2.9961342363967333e-20,200.0,61.3,-184.1822922687752,-1.328050210580729,-0.9337170638474517,-11.174782862592357,0.0,0.0,-27.87593356212761,-7.628803172571964,-3.0806134041217943,-6.048967367675871,-4.8001825447446285,-14.246670158238183
856,350035000016.5947,23,34.9999873847242,35.0,291.9,0,0.0,0.7751737479271318,0.22482625207286827,2.846327524576897e-20,200.0,61.3,-184.1822922687752,-1.328050210580729,-0.9337170638474517,-11.174782862592357,0.0,0.0,-27.87593356212761,-7.628803172571964,-3.0806134041217943,-6.048967367675871,-4.8001825447446285,-14.246670158238183
857,350035000016.5947,24,34.9999873847242,35.0,291.9,0,0.0,0.7751729360733882,0.22482706392661186,2.704011148348052e-20,200.0,61.3,-184.1822922687752,-1.328050210580729,-0.9337170638474517,-11.174782862592357,0.0,0.0,-27.87593356212761,-7.628803172571964,-3.0806134041217943,-6.048967367675871,-4.8001825447446285,-14.246670158238183
858,350035000016.5947,25,34.9999873847242,35.0,291.9,0,0.0,0.7751707969429962,0.22482920305700385,2.5688105909306493e-20,200.0,61.3,-184.1822922687752,-1.328050210580729,-0.9337170638474517,-11.174782862592357,0.0,0.0,-27.87593356212761,-7.628803172571964,-3.0806134041217943,-6.048967367675871,-4.8001825447446285,-14.246670158238183
859,350035000016.5947,26,34.9999873847242,35.0,291.9,0,0.0,0.7751756501650391,0.2248243498349609,2.4403700613841167e-20,200.0,61.3,-184.1822922687752,-1.328050210580729,-0.9337170638474517,-11.174782862592357,0.0,0.0,-27.87593356212761,-7.628803172571964,-3.0806134041217943,-6.048967367675871,-4.8001825447446285,-14.246670158238183
860,350035000016.5947,27,34.9999873847242,35.0,291.9,0,0.0,0.7751765365583457,0.22482346344165433,2.318351558314911e-20,200.0,61.3,-184.1822922687752,-1.328050210580729,-0.9337170638474517,-11.174782862592357,0.0,0.0,-27.87593356212761,-7.628803172571964,-3.0806134041217943,-6.048967367675871,-4.8001825447446285,-14.246670158238183
861,350035000016.5947,28,34.9999873847242,35.0,291.9,0,0.0,0.7751795409852523,0.2248204590147477,2.2024339803991653e-20,200.0,61.3,-184.1822922687752,-1.328050210580729,-0.9337170638474517,-11.174782862592357,0.0,0.0,-27.87593356212761,-7.628803172571964,-3.0806134041217943,-6.048967367675871,-4.8001825447446285,-14.246670158238183
862,350035000016.5947,29,34.9999873847242,35.0,291.9,0,0.0,0.7751810297757592,0.2248189702242408,2.092312281379207e-20,200.0,61.3,-184.1822922687752,-1.328050210580729,-0.9337170638474517,-11.174782862592357,0.0,0.0,-27.87593356212761,-7.628803172571964,-3.0806134041217943,-6.048967367675871,-4.8001825447446285,-14.246670158238183
863,350035000016.5947,30,34.9999873847242,35.0,291.9,0,0.0,0.775178735043728,0.22482126495627203,1.987696667310247e-20,200.0,61.3,-184.1822922687752,-1.328050210580729,-0.9337170638474517,-11.174782862592357,0.0,0.0,-27.87593356212761,-7.628803172571964,-3.0806134041217943,-6.048967367675871,-4.8001825447446285,-14.246670158238183
864,350035000016.5947,31,34.9999873847242,35.0,291.9,0,0.0,0.7751775421470706,0.22482245785292942,1.8883118339447346e-20,200.0,61.3,-184.1822922687752,-1.328050210580729,-0.9337170638474517,-11.174782862592357,0.0,0.0,-27.87593356212761,-7.628803172571964,-3.0806134041217943,-6.048967367675871,-4.8001825447446285,-14.246670158238183
865,350035000016.5947,32,34.9999873847242,35.0,291.9,0,0.0,0.7751727103471604,0.22482728965283957,1.7938962422474976e-20,200.0,61.3,-184.1822922687752,-1.328050210580729,-0.9337170638474517,-11.174782862592357,0.0,0.0,-27.87593356212761,-7.628803172571964,-3.0806134041217943,-6.048967367675871,-4.8001825447446285,-14.246670158238183
866,350035000016.5947,33,34.9999873847242,35.0,291.9,0,0.0,0.77516793870034,0.22483206129966,1.7042014301351226e-20,200.0,61.3,-184.1822922687752,-1.328050210580729,-0.9337170638474517,-11.174782862592357,0.0,0.0,-27.87593356212761,-7.628803172571964,-3.0806134041217943,-6.048967367675871,-4.8001825447446285,-14.246670158238183
867,350035000016.5947,34,34.9999873847242,35.0,291.9,0,0.0,0.7751620560437336,0.2248379439562665,1.6189913586283668e-20,200.0,61.3,-184.1822922687752,-1.328050210580729,-0.9337170638474517,-11.174782862592357,0.0,0.0,-27.87593356212761,-7.628803172571964,-3.0806134041217943,-6.048967367675871,-4.8001825447446285,-14.246670158238183
868,350035000016.5947,35,34.9999873847242,35.0,291.9,0,0.0,0.7751621227371708,0.22483787726282928,1.5380417906969486e-20,200.0,61.3,-184.1822922687752,-1.328050210580729,-0.9337170638474517,-11.174782862592357,0.0,0.0,-27.87593356212761,-7.628803172571964,-3.0806134041217943,-6.048967367675871,-4.8001825447446285,-14.246670158238183
869,350035000016.5947,36,34.9999873847242,35.0,291.9,0,0.0,0.7751666598004839,0.2248333401995161,1.461139701162101e-20,200.0,61.3,-184.1822922687752,-1.328050210580729,-0.9337170638474517,-11.174782862592357,0.0,0.0,-27.87593356212761,-7.628803172571964,-3.0806134041217943,-6.048967367675871,-4.8001825447446285,-14.246670158238183
870,350035000016.5947,37,34.9999873847242,35.0,291.9,0,0.0,0.7751684530492279,0.22483154695077212,1.388082716103996e-20,200.0,61.3,-184.1822922687752,-1.328050210580729,-0.9337170638474517,-11.174782862592357,0.0,0.0,-27.87593356212761,-7.628803172571964,-3.0806134041217943,-6.048967367675871,-4.8001825447446285,-14.246670158238183
871,350035000016.5947,38,34.9999873847242,35.0,291.9,0,0.0,0.7751699693574925,0.22483003064250745,1.318678580298796e-20,200.0,61.3,-184.1822922687752,-1.328050210580729,-0.9337170638474517,-11.174782862592357,0.0,0.0,-27.87593356212761,-7.628803172571964,-3.0806134041217943,-6.048967367675871,-4.8001825447446285,-14.246670158238183
872,350035000016.5947,39,34.9999873847242,35.0,291.9,0,0.0,0.7751723837604549,0.22482761623954503,1.2527446512838563e-20,200.0,61.3,-184.1822922687752,-1.328050210580729,-0.9337170638474517,-11.174782862592357,0.0,0.0,-27.87593356212761,-7.628803172571964,-3.0806134041217943,-6.048967367675871,-4.8001825447446285,-14.246670158238183
873,350035000016.5947,40,34.9999873847242,35.0,291.9,0,0.0,0.7751791257990608,0.22482087420093924,1.1901074187196635e-20,200.0,61.3,-184.1822922687752,-1.328050210580729,-0.9337170638474517,-11.174782862592357,0.0,0.0,-27.87593356212761,-7.628803172571964,-3.0806134041217943,-6.048967367675871,-4.8001825447446285,-14.246670158238183
874,350035000016.5947,41,34.9999873847242,35.0,291.9,0,0.0,0.7751864954886665,0.2248135045113335,1.1306020477836803e-20,200.0,61.3,-184.1822922687752,-1.328050210580729,-0.9337170638474517,-11.174782862592357,0.0,0.0,-27.87593356212761,-7.628803172571964,-3.0806134041217943,-6.048967367675871,-4.8001825447446285,-14.246670158238183
875,350035000016.5947,42,34.9999873847242,35.0,291.9,0,0.0,0.7751956147562084,0.22480438524379165,1.0740719453944962e-20,200.0,61.3,-184.1822922687752,-1.328050210580729,-0.9337170638474517,-11.174782862592357,0.0,0.0,-27.87593356212761,-7.628803172571964,-3.0806134041217943,-6.048967367675871,-4.8001825447446285,-14.246670158238183
876,350035000016.5947,43,34.9999873847242,35.0,291.9,0,0.0,0.7752006189467517,0.2247993810532483,1.0203683481247715e-20,200.0,61.3,-184.1822922687752,-1.328050210580729,-0.9337170638474517,-11.174782862592357,0.0,0.0,-27.87593356212761,-7.628803172571964,-3.0806134041217943,-6.048967367675871,-4.8001825447446285,-14.246670158238183
877,350035000016.5947,44,34.9999873847242,35.0,291.9,0,0.0,0.7752017205263316,0.22479827947366843,9.69349930718533e-21,200.0,61.3,-184.1822922687752,-1.328050210580729,-0.9337170638474517,-11.174782862592357,0.0,0.0,-27.87593356212761,-7.628803172571964,-3.0806134041217943,-6.048967367675871,-4.8001825447446285,-14.246670158238183
878,350035000016.5947,45,34.9999873847242,35.0,291.9,0,0.0,0.7752014273562093,0.2247985726437906,9.208824341826062e-21,200.0,61.3,-184.1822922687752,-1.328050210580729,-0.9337170638474517,-11.174782862592357,0.0,0.0,-27.87593356212761,-7.628803172571964,-3.0806134041217943,-6.048967367675871,-4.8001825447446285,-14.246670158238183
879,350035000016.5947,46,34.9999873847242,35.0,291.9,0,0.0,0.7752078699718402,0.22479213002815981,8.748383124734761e-21,200.0,61.3,-184.1822922687752,-1.328050210580729,-0.9337170638474517,-11.174782862592357,0.0,0.0,-27.87593356212761,-7.628803172571964,-3.0806134041217943,-6.048967367675871,-4.8001825447446285,-14.246670158238183
880,350035000016.5947,47,34.9999873847242,35.0,291.9,0,0.0,0.7752114990948659,0.2247885009051341,8.310963968498023e-21,200.0,61.3,-184.1822922687752,-1.328050210580729,-0.9337170638474517,-11.174782862592357,0.0,0.0,-27.87593356212761,-7.628803172571964,-3.0806134041217943,-6.048967367675871,-4.8001825447446285,-14.246670158238183
881,350035000016.5947,48,34.9999873847242,35.0,291.9,0,0.0,0.7752170535457403,0.22478294645425964,7.895415770073122e-21,200.0,61.3,-184.1822922687752,-1.328050210580729,-0.9337170638474517,-11.174782862592357,0.0,0.0,-27.87593356212761,-7.628803172571964,-3.0806134041217943,-6.048967367675871,-4.8001825447446285,-14.246670158238183
882,350035000016.5947,49,34.9999873847242,35.0,291.9,0,0.0,0.7752244316864623,0.2247755683135378,7.500644981569467e-21,200.0,61.3,-184.1822922687752,-1.328050210580729,-0.9337170638474517,-11.174782862592357,0.0,0.0,-27.87593356212761,-7.628803172571964,-3.0806134041217943,-6.048967367675871,-4.8001825447446285,-14.246670158238183
883,350035000016.5947,0,34.9999873847242,35.0,291.9,0,0.0,0.7752346816449239,0.22476531835507613,7.125612732490994e-21,200.0,61.3,-184.1822922687752,-1.328050210580729,-0.9337170638474517,-11.174782862592357,0.0,0.0,-27.87593356212761,-7.628803172571964,-3.0806134041217943,-6.048967367675871,-4.8001825447446285,-14.246670158238183
884,350035000016.5947,1,34.9999873847242,35.0,291.9,0,0.0,0.77524765111999,0.22475234888001006,6.769332095866444e-21,200.0,61.3,-184.1822922687752,-1.328050210580729,-0.9337170638474517,-11.174782862592357,0.0,0.0,-27.87593356212761,-7.628803172571964,-3.0806134041217943,-6.048967367675871,-4.8001825447446285,-14.246670158238183
885,350035000016.5947,2,34.9999873847242,35.0,291.9,0,0.0,0.775263195460651,0.22473680453934894,6.4308654910731214e-21,200.0,61.3,-184.1822922687752,-1.328050210580729,-0.9337170638474517,-11.174782862592357,0.0,0.0,-27.87593356212761,-7.628803172571964,-3.0806134041217943,-6.048967367675871,-4.8001825447446285,-14.246670158238183
886,350035000016.5947,3,34.9999873847242,35.0,291.9,0,0.0,0.7752800379215653,0.22471996207843467,6.109322216519465e-21,200.0,61.3,-184.1822922687752,-1.328050210580729,-0.9337170638474517,-11.174782862592357,0.0,0.0,-27.87593356212761,-7.628803172571964,-3.0806134041217943,-6.048967367675871,-4.8001825447446285,-14.246670158238183
887,350035000016.5947,4,34.9999873847242,35.0,291.9,0,0.0,0.7752924170278831,0.2247075829721169,5.803856105693492e-21,200.0,61.3,-184.1822922687752,-1.328050210580729,-0.9337170638474517,-11.174782862592357,0.0,0.0,-27.87593356212761,-7.628803172571964,-3.0806134041217943,-6.048967367675871,-4.8001825447446285,-14.246670158238183
888,350035000016.5947,5,34.9999873847242,35.0,291.9,0,0.0,0.7753028379811383,0.22469716201886172,5.5136633004088175e-21,200.0,61.3,-184.1822922687752,-1.328050210580729,-0.9337170638474517,-11.174782862592357,0.0,0.0,-27.87593356212761,-7.628803172571964,-3.0806134041217943,-6.048967367675871,-4.8001825447446285,-14.246670158238183
889,350035000016.5947,6,34.9999873847242,35.0,291.9,0,0.0,0.7753114014962506,0.22468859850374942,5.2379801353883765e-21,200.0,61.3,-184.1822922687752,-1.328050210580729,-0.9337170638474517,-11.174782862592357,0.0,0.0,-27.87593356212761,-7.628803172571964,-3.0806134041217943,-6.048967367675871,-4.8001825447446285,-14.246670158238183
890,350035000016.5947,7,34.9999873847242,35.0,291.9,0,0.0,0.7753261469382735,0.22467385306172655,4.9760811286189575e-21,200.0,61.3,-184.1822922687752,-1.328050210580729,-0.9337170638474517,-11.174782862592357,0.0,0.0,-27.87593356212761,-7.628803172571964,-3.0806134041217943,-6.048967367675871,-4.8001825447446285,-14.246670158238183
891,350035000016.5947,8,34.9999873847242,35.0,291.9,0,0.0,0.7753433479782543,0.22465665202174573,4.7272770721880095e-21,200.0,61.3,-184.1822922687752,-1.328050210580729,-0.9337170638474517,-11.174782862592357,0.0,0.0,-27.87593356212761,-7.628803172571964,-3.0806134041217943,-6.048967367675871,-4.8001825447446285,-14.246670158238183
892,350035000016.5947,9,34.9999873847242,35.0,291.9,0,0.0,0.7753572174810349,0.22464278251896508,4.490913218578609e-21,200.0,61.3,-184.1822922687752,-1.328050210580729,-0.9337170638474517,-11.174782862592357,0.0,0.0,-27.87593356212761,-7.628803172571964,-3.0806134041217943,-6.048967367675871,-4.8001825447446285,-14.246670158238183
893,350035000016.5947,10,34.9999873847242,35.0,291.9,0,0.0,0.7753667960885424,0.2246332039114576,4.266367557649679e-21,200.0,61.3,-184.1822922687752,-1.328050210580729,-0.9337170638474517,-11.174782862592357,0.0,0.0,-27.87593356212761,-7.628803172571964,-3.0806134041217943,-6.048967367675871,-4.8001825447446285,-14.246670158238183
894,350035000016.5947,11,34.9999873847242,35.0,291.9,0,0.0,0.7753835973038313,0.22461640269616864,4.0530491797671944e-21,200.0,61.3,-184.1822922687752,-1.328050210580729,-0.9337170638474517,-11.174782862592357,0.0,0.0,-27.87593356212761,-7.628803172571964,-3.0806134041217943,-6.048967367675871,-4.8001825447446285,-14.246670158238183
895,350035000016.5947,12,34.9999873847242,35.0,291.9,0,0.0,0.7753993487139158,0.2246006512860842,3.850396720778835e-21,200.0,61.3,-184.1822922687752,-1.328050210580729,-0.9337170638474517,-11.174782862592357,0.0,0.0,-27.87593356212761,-7.628803172571964,-3.0806134041217943,-6.048967367675871,-4.8001825447446285,-14.246670158238183
896,350035000016.5947,13,34.9999873847242,35.0,291.9,0,0.0,0.7754118510250875,0.22458814897491247,3.657876884739893e-21,200.0,61.3,-184.1822922687752,-1.328050210580729,-0.9337170638474517,-11.174782862592357,0.0,0.0,-27.87593356212761,-7.628803172571964,-3.0806134041217943,-6.048967367675871,-4.8001825447446285,-14.246670158238183
897,350035000016.5947,14,34.9999873847242,35.0,291.9,0,0.0,0.7754246468462128,0.22457535315378716,3.4749830405028986e-21,200.0,61.3,-184.1822922687752,-1.328050210580729,-0.9337170638474517,-11.174782862592357,0.0,0.0,-27.87593356212761,-7.628803172571964,-3.0806134041217943,-6.048967367675871,-4.8001825447446285,-14.246670158238183
898,350035000016.5947,15,34.9999873847242,35.0,291.9,0,0.0,0.7754388427531926,0.22456115724680734,3.3012338884777537e-21,200.0,61.3,-184.1822922687752,-1.328050210580729,-0.9337170638474517,-11.174782862592357,0.0,0.0,-27.87593356212761,-7.628803172571964,-3.0806134041217943,-6.048967367675871,-4.8001825447446285,-14.246670158238183
899,350035000016.5947,16,34.9999873847242,35.0,291.9,0,0.0,0.7754543636459694,0.2245456363540306,3.1361721940538663e-21,200.0,61.3,-184.1822922687752,-1.328050210580729,-0.9337170638474517,-11.174782862592357,0.0,0.0,-27.87593356212761,-7.628803172571964,-3.0806134041217943,-6.048967367675871,-4.8001825447446285,-14.246670158238183
900,350035000016.5947,17,34.9999873847242,35.0,291.9,0,0.0,0.7754733783730509,0.22452662162694909,2.9793635843511728e-21,200.0,61.3,-184.1822922687752,-1.328050210580729,-0.9337170638474517,-11.174782862592357,0.0,0.0,-27.87593356212761,-7.628803172571964,-3.0806134041217943,-6.048967367675871,-4.8001825447446285,-14.246670158238183
901,350035000016.5947,18,34.9999873847242,35.0,291.9,0,0.0,0.7754889891041985,0.22451101089580144,2.830395405133614e-21,200.0,61.3,-184.1822922687752,-1.328050210580729,-0.9337170638474517,-11.174782862592357,0.0,0.0,-27.87593356212761,-7.628803172571964,-3.0806134041217943,-6.048967367675871,-4.8001825447446285,-14.246670158238183
902,350035000016.5947,19,34.9999873847242,35.0,291.9,0,0.0,0.7755036066836991,0.2244963933163009,2.688875634876933e-21,200.0,61.3,-184.1822922687752,-1.328050210580729,-0.9337170638474517,-11.174782862592357,0.0,0.0,-27.87593356212761,-7.628803172571964,-3.0806134041217943,-6.048967367675871,-4.8001825447446285,-14.246670158238183
903,350035000016.5947,20,34.9999873847242,35.0,291.9,0,0.0,0.7755150477421419,0.22448495225785814,2.5544318531330868e-21,200.0,61.3,-184.1822922687752,-1.328050210580729,-0.9337170638474517,-11.174782862592357,0.0,0.0,-27.87593356212761,-7.628803172571964,-3.0806134041217943,-6.048967367675871,-4.8001825447446285,-14.246670158238183
904,350035000016.5947,21,34.9999873847242,35.0,291.9,0,0.0,0.7755301689990143,0.22446983100098578,2.426710260476433e-21,200.0,61.3,-184.1822922687752,-1.328050210580729,-0.9337170638474517,-11.174782862592357,0.0,0.0,-27.87593356212761,-7.628803172571964,-3.0806134041217943,-6.048967367675871,-4.8001825447446285,-14.246670158238183
905,350035000016.5947,22,34.9999873847242,35.0,291.9,0,0.0,0.7755409782995842,0.2244590217004158,2.3053747474526112e-21,200.0,61.3,-184.1822922687752,-1.328050210580729,-0.9337170638474517,-11.174782862592357,0.0,0.0,-27.87593356212761,-7.628803172571964,-3.0806134041217943,-6.048967367675871,-4.8001825447446285,-14.246670158238183
906,350035000016.5947,23,34.9999873847242,35.0,291.9,0,0.0,0.7755577134442225,0.22444228655577741,2.1901060100799807e-21,200.0,61.3,-184.1822922687752,-1.328050210580729,-0.9337170638474517,-11.174782862592357,0.0,0.0,-27.87593356212761,-7.628803172571964,-3.0806134041217943,-6.048967367675871,-4.8001825447446285,-14.246670158238183
907,350035000016.5947,24,34.9999873847242,35.0,291.9,0,0.0,0.7755733955184144,0.22442660448158555,2.080600709575982e-21,200.0,61.3,-184.1822922687752,-1.328050210580729,-0.9337170638474517,-11.174782862592357,0.0,0.0,-27.87593356212761,-7.628803172571964,-3.0806134041217943,-6.048967367675871,-4.8001825447446285,-14.246670158238183
908,350035000016.5947,25,34.9999873847242,35.0,291.9,0,0.0,0.775591406240419,0.22440859375958094,1.976570674097183e-21,200.0,61.3,-184.1822922687752,-1.328050210580729,-0.9337170638474517,-11.174782862592357,0.0,0.0,-27.87593356212761,-7.628803172571964,-3.0806134041217943,-6.048967367675871,-4.8001825447446285,-14.246670158238183
909,350035000016.5947,26,34.9999873847242,35.0,291.9,0,0.0,0.7756127286085488,0.22438727139145126,1.877742140392324e-21,200.0,61.3,-184.1822922687752,-1.328050210580729,-0.9337170638474517,-11.174782862592357,0.0,0.0,-27.87593356212761,-7.628803172571964,-3.0806134041217943,-6.048967367675871,-4.8001825447446285,-14.246670158238183
910,350035000016.5947,27,34.9999873847242,35.0,291.9,0,0.0,0.7756283352296836,0.2243716647703165,1.7838550333727077e-21,200.0,61.3,-184.1822922687752,-1.328050210580729,-0.9337170638474517,-11.174782862592357,0.0,0.0,-27.87593356212761,-7.628803172571964,-3.0806134041217943,-6.048967367675871,-4.8001825447446285,-14.246670158238183
911,350035000016.5947,28,34.9999873847242,35.0,291.9,0,0.0,0.7756451546219423,0.22435484537805755,1.694662281704072e-21,200.0,61.3,-184.1822922687752,-1.328050210580729,-0.9337170638474517,-11.174782862592357,0.0,0.0,-27.87593356212761,-7.628803172571964,-3.0806134041217943,-6.048967367675871,-4.8001825447446285,-14.246670158238183
912,350035000016.5947,29,34.9999873847242,35.0,291.9,0,0.0,0.7756620172656421,0.22433798273435787,1.6099291676188683e-21,200.0,61.3,-184.1822922687752,-1.328050210580729,-0.9337170638474517,-11.174782862592357,0.0,0.0,-27.87593356212761,-7.628803172571964,-3.0806134041217943,-6.048967367675871,-4.8001825447446285,-14.246670158238183
913,350035000016.5947,30,34.9999873847242,35.0,291.9,0,0.0,0.775678918949044,0.22432108105095608,1.529432709237925e-21,200.0,61.3,-184.1822922687752,-1.328050210580729,-0.9337170638474517,-11.174782862592357,0.0,0.0,-27.87593356212761,-7.628803172571964,-3.0806134041217943,-6.048967367675871,-4.8001825447446285,-14.246670158238183
914,350035000016.5947,31,34.9999873847242,35.0,291.9,0,0.0,0.7756969569771736,0.22430304302282644,1.4529610737760286e-21,200.0,61.3,-184.1822922687752,-1.328050210580729,-0.9337170638474517,-11.174782862592357,0.0,0.0,-27.87593356212761,-7.628803172571964,-3.0806134041217943,-6.048967367675871,-4.8001825447446285,-14.246670158238183
915,350035000016.5947,32,34.9999873847242,35.0,291.9,0,0.0,0.775714969864332,0.22428503013566803,1.3803130200872271e-21,200.0,61.3,-184.1822922687752,-1.328050210580729,-0.9337170638474517,-11.174782862592357,0.0,0.0,-27.87593356212761,-7.628803172571964,-3.0806134041217943,-6.048967367675871,-4.8001825447446285,-14.246670158238183
916,350035000016.5947,33,34.9999873847242,35.0,291.9,0,0.0,0.7757296604824859,0.22427033951751404,1.3112973690828658e-21,200.0,61.3,-184.1822922687752,-1.328050210580729,-0.9337170638474517,-11.174782862592357,0.0,0.0,-27.87593356212761,-7.628803172571964,-3.0806134041217943,-6.048967367675871,-4.8001825447446285,-14.246670158238183
917,350035000016.5947,34,34.9999873847242,35.0,291.9,0,0.0,0.7757444932728547,0.22425550672714537,1.2457325006287227e-21,200.0,61.3,-184.1822922687752,-1.328050210580729,-0.9337170638474517,-11.174782862592357,0.0,0.0,-27.87593356212761,-7.628803172571964,-3.0806134041217943,-6.048967367675871,-4.8001825447446285,-14.246670158238183
918,350035000016.5947,35,34.9999873847242,35.0,291.9,0,0.0,0.7757583626678656,0.22424163733213437,1.1834458755972865e-21,200.0,61.3,-184.1822922687752,-1.328050210580729,-0.9337170638474517,-11.174782862592357,0.0,0.0,-27.87593356212761,-7.628803172571964,-3.0806134041217943,-6.048967367675871,-4.8001825447446285,-14.246670158238183
919,350035000016.5947,36,34.9999873847242,35.0,291.9,0,0.0,0.7757691263230398,0.22423087367696018,1.1242735818174224e-21,200.0,61.3,-184.1822922687752,-1.328050210580729,-0.9337170638474517,-11.174782862592357,0.0,0.0,-27.87593356212761,-7.628803172571964,-3.0806134041217943,-6.048967367675871,-4.8001825447446285,-14.246670158238183
920,350035000016.5947,37,34.9999873847242,35.0,291.9,0,0.0,0.7757802277386837,0.22421977226131623,1.0680599027265513e-21,200.0,61.3,-184.1822922687752,-1.328050210580729,-0.9337170638474517,-11.174782862592357,0.0,0.0,-27.87593356212761,-7.628803172571964,-3.0806134041217943,-6.048967367675871,-4.8001825447446285,-14.246670158238183
921,350035000016.5947,38,34.9999873847242,35.0,291.9,0,0.0,0.7757894616889541,0.2242105383110459,1.014656907590224e-21,200.0,61.3,-184.1822922687752,-1.328050210580729,-0.9337170638474517,-11.174782862592357,0.0,0.0,-27.87593356212761,-7.628803172571964,-3.0806134041217943,-6.048967367675871,-4.8001825447446285,-14.246670158238183
922,350035000016.5947,39,34.9999873847242,35.0,291.9,0,0.0,0.775793646605793,0.22420635339420703,9.639240622107127e-22,200.0,61.3,-184.1822922687752,-1.328050210580729,-0.9337170638474517,-11.174782862592357,0.0,0.0,-27.87593356212761,-7.628803172571964,-3.0806134041217943,-6.048967367675871,-4.8001825447446285,-14.246670158238183
923,350035000016.5947,40,34.9999873847242,35.0,291.9,0,0.0,0.7757952263808394,0.22420477361916055,9.157278591001771e-22,200.0,61.3,-184.1822922687752,-1.328050210580729,-0.9337170638474517,-11.174782862592357,0.0,0.0,-27.87593356212761,-7.628803172571964,-3.0806134041217943,-6.048967367675871,-4.8001825447446285,-14.246670158238183
924,350035000016.5947,41,34.9999873847242,35.0,291.9,0,0.0,0.7758030592435424,0.22419694075645752,8.699414661451683e-22,200.0,61.3,-184.1822922687752,-1.328050210580729,-0.9337170638474517,-11.174782862592357,0.0,0.0,-27.87593356212761,-7.628803172571964,-3.0806134041217943,-6.048967367675871,-4.8001825447446285,-14.246670158238183
925,350035000016.5947,42,34.9999873847242,35.0,291.9,0,0.0,0.7758135496914388,0.22418645030856127,8.264443928379099e-22,200.0,61.3,-184.1822922687752,-1.328050210580729,-0.9337170638474517,-11.174782862592357,0.0,0.0,-27.87593356212761,-7.628803172571964,-3.0806134041217943,-6.048967367675871,-4.8001825447446285,-14.246670158238183
926,350035000016.5947,43,34.9999873847242,35.0,291.9,0,0.0,0.7758243834976145,0.22417561650238543,7.8512217319601435e-22,200.0,61.3,-184.1822922687752,-1.328050210580729,-0.9337170638474517,-11.174782862592357,0.0,0.0,-27.87593356212761,-7.628803172571964,-3.0806134041217943,-6.048967367675871,-4.8001825447446285,-14.246670158238183
927,350035000016.5947,44,34.9999873847242,35.0,291.9,0,0.0,0.7758377124554671,0.22416228754453288,7.458660645362136e-22,200.0,61.3,-184.1822922687752,-1.328050210580729,-0.9337170638474517,-11.174782862592357,0.0,0.0,-27.87593356212761,-7.628803172571964,-3.0806134041217943,-6.048967367675871,-4.8001825447446285,-14.246670158238183
928,350035000016.5947,45,34.9999873847242,35.0,291.9,0,0.0,0.7758468990038403,0.22415310099615965,7.085727613094028e-22,200.0,61.3,-184.1822922687752,-1.328050210580729,-0.9337170638474517,-11.174782862592357,0.0,0.0,-27.87593356212761,-7.628803172571964,-3.0806134041217943,-6.048967367675871,-4.8001825447446285,-14.246670158238183
929,350035000016.5947,46,34.9999873847242,35.0,291.9,0,0.0,0.7758543238176564,0.22414567618234355,6.7314412324393265e-22,200.0,61.3,-184.1822922687752,-1.328050210580729,-0.9337170638474517,-11.174782862592357,0.0,0.0,-27.87593356212761,-7.628803172571964,-3.0806134041217943,-6.048967367675871,-4.8001825447446285,-14.246670158238183
930,350035000016.5947,47,34.9999873847242,35.0,291.9,0,0.0,0.7758622425553442,0.22413775744465586,6.394869170817361e-22,200.0,61.3,-184.1822922687752,-1.328050210580729,-0.9337170638474517,-11.174782862592357,0.0,0.0,-27.87593356212761,-7.628803172571964,-3.0806134041217943,-6.048967367675871,-4.8001825447446285,-14.246670158238183
931,350035000016.5947,48,34.9999873847242,35.0,291.9,0,0.0,0.7758673847496282,0.2241326152503717,6.075125712276492e-22,200.0,61.3,-184.1822922687752,-1.328050210580729,-0.9337170638474517,-11.174782862592357,0.0,0.0,-27.87593356212761,-7.628803172571964,-3.0806134041217943,-6.048967367675871,-4.8001825447446285,-14.246670158238183
932,350035000016.5947,49,34.9999873847242,35.0,291.9,0,0.0,0.7758688129295699,0.22413118707043006,5.771369426662667e-22,200.0,61.3,-184.1822922687752,-1.328050210580729,-0.9337170638474517,-11.174782862592357,0.0,0.0,-27.87593356212761,-7.628803172571964,-3.0806134041217943,-6.048967367675871,-4.8001825447446285,-14.246670158238183
933,350035000016.5947,0,34.9999873847242,35.0,291.9,0,0.0,0.7758688786551975,0.22413112134480248,5.482800955329533e-22,200.0,61.3,-184.1822922687752,-1.328050210580729,-0.9337170638474517,-11.174782862592357,0.0,0.0,-27.87593356212761,-7.628803172571964,-3.0806134041217943,-6.048967367675871,-4.8001825447446285,-14.246670158238183
934,350035000016.5947,1,34.9999873847242,35.0,291.9,0,0.0,0.7758719667230103,0.22412803327698977,5.208660907563057e-22,200.0,61.3,-184.1822922687752,-1.328050210580729,-0.9337170638474517,-11.174782862592357,0.0,0.0,-27.87593356212761,-7.628803172571964,-3.0806134041217943,-6.048967367675871,-4.8001825447446285,-14.246670158238183
935,350035000016.5947,2,34.9999873847242,35.0,291.9,0,0.0,0.7758757647350328,0.2241242352649671,4.948227862184904e-22,200.0,61.3,-184.1822922687752,-1.328050210580729,-0.9337170638474517,-11.174782862592357,0.0,0.0,-27.87593356212761,-7.628803172571964,-3.0806134041217943,-6.048967367675871,-4.8001825447446285,-14.246670158238183
936,350035000016.5947,3,34.9999873847242,35.0,291.9,0,0.0,0.7758823862961763,0.22411761370382363,4.700816469075659e-22,200.0,61.3,-184.1822922687752,-1.328050210580729,-0.9337170638474517,-11.174782862592357,0.0,0.0,-27.87593356212761,-7.628803172571964,-3.0806134041217943,-6.048967367675871,-4.8001825447446285,-14.246670158238183
937,350035000016.5947,4,34.9999873847242,35.0,291.9,0,0.0,0.7758916826046816,0.2241083173953184,4.465775645621876e-22,200.0,61.3,-184.1822922687752,-1.328050210580729,-0.9337170638474517,-11.174782862592357,0.0,0.0,-27.87593356212761,-7.628803172571964,-3.0806134041217943,-6.048967367675871,-4.8001825447446285,-14.246670158238183
938,350035000016.5947,5,34.9999873847242,35.0,291.9,0,0.0,0.7759024400001022,0.22409755999989778,4.242486863340782e-22,200.0,61.3,-184.1822922687752,-1.328050210580729,-0.9337170638474517,-11.174782862592357,0.0,0.0,-27.87593356212761,-7.628803172571964,-3.0806134041217943,-6.048967367675871,-4.8001825447446285,-14.246670158238183
939,350035000016.5947,6,34.9999873847242,35.0,291.9,0,0.0,0.7759135097666808,0.2240864902333191,4.030362520173743e-22,200.0,61.3,-184.1822922687752,-1.328050210580729,-0.9337170638474517,-11.174782862592357,0.0,0.0,-27.87593356212761,-7.628803172571964,-3.0806134041217943,-6.048967367675871,-4.8001825447446285,-14.246670158238183
940,350035000016.5947,7,34.9999873847242,35.0,291.9,0,0.0,0.7759184525163685,0.22408154748363154,3.828844394165056e-22,200.0,61.3,-184.1822922687752,-1.328050210580729,-0.9337170638474517,-11.174782862592357,0.0,0.0,-27.87593356212761,-7.628803172571964,-3.0806134041217943,-6.048967367675871,-4.8001825447446285,-14.246670158238183
941,350035000016.5947,8,34.9999873847242,35.0,291.9,0,0.0,0.775920793005208,0.22407920699479206,3.637402174456803e-22,200.0,61.3,-184.1822922687752,-1.328050210580729,-0.9337170638474517,-11.174782862592357,0.0,0.0,-27.87593356212761,-7.628803172571964,-3.0806134041217943,-6.048967367675871,-4.8001825447446285,-14.246670158238183
942,350035000016.5947,9,34.9999873847242,35.0,291.9,0,0.0,0.7759238723139865,0.22407612768601345,3.455532065733963e-22,200.0,61.3,-184.1822922687752,-1.328050210580729,-0.9337170638474517,-11.174782862592357,0.0,0.0,-27.87593356212761,-7.628803172571964,-3.0806134041217943,-6.048967367675871,-4.8001825447446285,-14.246670158238183
943,350035000016.5947,10,34.9999873847242,35.0,291.9,0,0.0,0.7759265841046921,0.22407341589530794,3.282755462447265e-22,200.0,61.3,-184.1822922687752,-1.328050210580729,-0.9337170638474517,-11.174782862592357,0.0,0.0,-27.87593356212761,-7.628803172571964,-3.0806134041217943,-6.048967367675871,-4.8001825447446285,-14.246670158238183
944,350035000016.5947,11,34.9999873847242,35.0,291.9,0,0.0,0.7759385393163364,0.2240614606836636,3.118617689324902e-22,200.0,61.3,-184.1822922687752,-1.328050210580729,-0.9337170638474517,-11.174782862592357,0.0,0.0,-27.87593356212761,-7.628803172571964,-3.0806134041217943,-6.048967367675871,-4.8001825447446285,-14.246670158238183
945,350035000016.5947,12,34.9999873847242,35.0,291.9,0,0.0,0.775953929156163,0.22404607084383693,2.962686804858657e-22,200.0,61.3,-184.1822922687752,-1.328050210580729,-0.9337170638474517,-11.174782862592357,0.0,0.0,-27.87593356212761,-7.628803172571964,-3.0806134041217943,-6.048967367675871,-4.8001825447446285,-14.246670158238183
946,350035000016.5947,13,34.9999873847242,35.0,291.9,0,0.0,0.7759683229578879,0.2240316770421121,2.814552464615724e-22,200.0,61.3,-184.1822922687752,-1.328050210580729,-0.9337170638474517,-11.174782862592357,0.0,0.0,-27.87593356212761,-7.628803172571964,-3.0806134041217943,-6.048967367675871,-4.8001825447446285,-14.246670158238183
947,350035000016.5947,14,34.9999873847242,35.0,291.9,0,0.0,0.7759828321886189,0.2240171678113812,2.673824841384938e-22,200.0,61.3,-184.1822922687752,-1.328050210580729,-0.9337170638474517,-11.174782862592357,0.0,0.0,-27.87593356212761,-7.628803172571964,-3.0806134041217943,-6.048967367675871,-4.8001825447446285,-14.246670158238183
948,350035000016.5947,15,34.9999873847242,35.0,291.9,0,0.0,0.7759995686886101,0.22400043131138989,2.540133599315691e-22,200.0,61.3,-184.1822922687752,-1.328050210580729,-0.9337170638474517,-11.174782862592357,0.0,0.0,-27.87593356212761,-7.628803172571964,-3.0806134041217943,-6.048967367675871,-4.8001825447446285,-14.246670158238183
949,350035000016.5947,16,34.9999873847242,35.0,291.9,0,0.0,0.7760173555810863,0.22398264441891363,2.4131269193499064e-22,200.0,61.3,-184.1822922687752,-1.328050210580729,-0.9337170638474517,-11.174782862592357,0.0,0.0,-27.87593356212761,-7.628803172571964,-3.0806134041217943,-6.048967367675871,-4.8001825447446285,-14.246670158238183
950,350035000016.5947,17,34.9999873847242,35.0,291.9,0,0.0,0.7760340219280754,0.22396597807192462,2.2924705733824107e-22,200.0,61.3,-184.1822922687752,-1.328050210580729,-0.9337170638474517,-11.174782862592357,0.0,0.0,-27.87593356212761,-7.628803172571964,-3.0806134041217943,-6.048967367675871,-4.8001825447446285,-14.246670158238183
951,350035000016.5947,18,34.9999873847242,35.0,291.9,0,0.0,0.7760485681305033,0.22395143186949676,2.1778470447132906e-22,200.0,61.3,-184.1822922687752,-1.328050210580729,-0.9337170638474517,-11.174782862592357,0.0,0.0,-27.87593356212761,-7.628803172571964,-3.0806134041217943,-6.048967367675871,-4.8001825447446285,-14.246670158238183
952,350035000016.5947,19,34.9999873847242,35.0,291.9,0,0.0,0.7760600474005228,0.22393995259947724,2.068954692477626e-22,200.0,61.3,-184.1822922687752,-1.328050210580729,-0.9337170638474517,-11.174782862592357,0.0,0.0,-27.87593356212761,-7.628803172571964,-3.0806134041217943,-6.048967367675871,-4.8001825447446285,-14.246670158238183
953,350035000016.5947,20,34.9999873847242,35.0,291.9,0,0.0,0.776081262068147,0.223918737931853,1.9655069578537448e-22,200.0,61.3,-184.1822922687752,-1.328050210580729,-0.9337170638474517,-11.174782862592357,0.0,0.0,-27.87593356212761,-7.628803172571964,-3.0806134041217943,-6.048967367675871,-4.8001825447446285,-14.246670158238183
954,350035000016.5947,21,34.9999873847242,35.0,291.9,0,0.0,0.7760980231225146,0.22390197687748534,1.8672316099610574e-22,200.0,61.3,-184.1822922687752,-1.328050210580729,-0.9337170638474517,-11.174782862592357,0.0,0.0,-27.87593356212761,-7.628803172571964,-3.0806134041217943,-6.048967367675871,-4.8001825447446285,-14.246670158238183
955,350035000016.5947,22,34.9999873847242,35.0,291.9,0,0.0,0.7761126617911188,0.2238873382088812,1.7738700294630047e-22,200.0,61.3,-184.1822922687752,-1.328050210580729,-0.9337170638474517,-11.174782862592357,0.0,0.0,-27.87593356212761,-7.628803172571964,-3.0806134041217943,-6.048967367675871,-4.8001825447446285,-14.246670158238183
956,350035000016.5947,23,34.9999873847242,35.0,291.9,0,0.0,0.776123185705279,0.22387681429472095,1.6851765279898543e-22,200.0,61.3,-184.1822922687752,-1.328050210580729,-0.9337170638474517,-11.174782862592357,0.0,0.0,-27.87593356212761,-7.628803172571964,-3.0806134041217943,-6.048967367675871,-4.8001825447446285,-14.246670158238183
957,350035000016.5947,24,34.9999873847242,35.0,291.9,0,0.0,0.776132955569874,0.22386704443012592,1.6009177015903616e-22,200.0,61.3,-184.1822922687752,-1.328050210580729,-0.9337170638474517,-11.174782862592357,0.0,0.0,-27.87593356212761,-7.628803172571964,-3.0806134041217943,-6.048967367675871,-4.8001825447446285,-14.246670158238183
958,350035000016.5947,25,34.9999873847242,35.0,291.9,0,0.0,0.7761409610047246,0.2238590389952754,1.5208718165108437e-22,200.0,61.3,-184.1822922687752,-1.328050210580729,-0.9337170638474517,-11.174782862592357,0.0,0.0,-27.87593356212761,-7.628803172571964,-3.0806134041217943,-6.048967367675871,-4.8001825447446285,-14.246670158238183
959,350035000016.5947,26,34.9999873847242,35.0,291.9,0,0.0,0.776150435156803,0.22384956484319696,1.4448282256853015e-22,200.0,61.3,-184.1822922687752,-1.328050210580729,-0.9337170638474517,-11.174782862592357,0.0,0.0,-27.87593356212761,-7.628803172571964,-3.0806134041217943,-6.048967367675871,-4.8001825447446285,-14.246670158238183
960,350035000016.5947,27,34.9999873847242,35.0,291.9,0,0.0,0.7761550221478666,0.22384497785213336,1.3725868144010364e-22,200.0,61.3,-184.1822922687752,-1.328050210580729,-0.9337170638474517,-11.174782862592357,0.0,0.0,-27.87593356212761,-7.628803172571964,-3.0806134041217943,-6.048967367675871,-4.8001825447446285,-14.246670158238183
961,350035000016.5947,28,34.9999873847242,35.0,291.9,0,0.0,0.7761560192954756,0.22384398070452438,1.3039574736809845e-22,200.0,61.3,-184.1822922687752,-1.328050210580729,-0.9337170638474517,-11.174782862592357,0.0,0.0,-27.87593356212761,-7.628803172571964,-3.0806134041217943,-6.048967367675871,-4.8001825447446285,-14.246670158238183
962,350035000016.5947,29,34.9999873847242,35.0,291.9,0,0.0,0.7761557023465683,0.22384429765343175,1.2387595999969352e-22,200.0,61.3,-184.1822922687752,-1.328050210580729,-0.9337170638474517,-11.174782862592357,0.0,0.0,-27.87593356212761,-7.628803172571964,-3.0806134041217943,-6.048967367675871,-4.8001825447446285,-14.246670158238183
963,350035000016.5947,30,34.9999873847242,35.0,291.9,0,0.0,0.7761541394461007,0.22384586055389935,1.1768216199970885e-22,200.0,61.3,-184.1822922687752,-1.328050210580729,-0.9337170638474517,-11.174782862592357,0.0,0.0,-27.87593356212761,-7.628803172571964,-3.0806134041217943,-6.048967367675871,-4.8001825447446285,-14.246670158238183
964,350035000016.5947,31,34.9999873847242,35.0,291.9,0,0.0,0.7761513953247233,0.2238486046752767,1.117980538997234e-22,200.0,61.3,-184.1822922687752,-1.328050210580729,-0.9337170638474517,-11.174782862592357,0.0,0.0,-27.87593356212761,-7.628803172571964,-3.0806134041217943,-6.048967367675871,-4.8001825447446285,-14.246670158238183
965,350035000016.5947,32,34.9999873847242,35.0,291.9,0,0.0,0.7761423176516112,0.22385768234838876,1.0620815120473722e-22,200.0,61.3,-184.1822922687752,-1.328050210580729,-0.9337170638474517,-11.174782862592357,0.0,0.0,-27.87593356212761,-7.628803172571964,-3.0806134041217943,-6.048967367675871,-4.8001825447446285,-14.246670158238183
966,350035000016.5947,33,34.9999873847242,35.0,291.9,0,0.0,0.776136611592081,0.22386338840791895,1.0089774364450035e-22,200.0,61.3,-184.1822922687752,-1.328050210580729,-0.9337170638474517,-11.174782862592357,0.0,0.0,-27.87593356212761,-7.628803172571964,-3.0806134041217943,-6.048967367675871,-4.8001825447446285,-14.246670158238183
967,350035000016.5947,34,34.9999873847242,35.0,291.9,0,0.0,0.7761278579355539,0.22387214206444608,9.585285646227534e-23,200.0,61.3,-184.1822922687752,-1.328050210580729,-0.9337170638474517,-11.174782862592357,0.0,0.0,-27.87593356212761,-7.628803172571964,-3.0806134041217943,-6.048967367675871,-4.8001825447446285,-14.246670158238183
968,350035000016.5947,35,34.9999873847242,35.0,291.9,0,0.0,0.7761182950099578,0.22388170499004223,9.106021363916157e-23,200.0,61.3,-184.1822922687752,-1.328050210580729,-0.9337170638474517,-11.174782862592357,0.0,0.0,-27.87593356212761,-7.628803172571964,-3.0806134041217943,-6.048967367675871,-4.8001825447446285,-14.246670158238183
969,350035000016.5947,36,34.9999873847242,35.0,291.9,0,0.0,0.7761110825316829,0.22388891746831713,8.65072029572035e-23,200.0,61.3,-184.1822922687752,-1.328050210580729,-0.9337170638474517,-11.174782862592357,0.0,0.0,-27.87593356212761,-7.628803172571964,-3.0806134041217943,-6.048967367675871,-4.8001825447446285,-14.246670158238183
970,350035000016.5947,37,34.9999873847242,35.0,291.9,0,0.0,0.7761112840592566,0.2238887159407435,8.218184280934332e-23,200.0,61.3,-184.1822922687752,-1.328050210580729,-0.9337170638474517,-11.174782862592357,0.0,0.0,-27.87593356212761,-7.628803172571964,-3.0806134041217943,-6.048967367675871,-4.8001825447446285,-14.246670158238183
971,350035000016.5947,38,34.9999873847242,35.0,291.9,0,0.0,0.7761102256919851,0.223889774308015,7.807275066887617e-23,200.0,61.3,-184.1822922687752,-1.328050210580729,-0.9337170638474517,-11.174782862592357,0.0,0.0,-27.87593356212761,-7.628803172571964,-3.0806134041217943,-6.048967367675871,-4.8001825447446285,-14.246670158238183
972,350035000016.5947,39,34.9999873847242,35.0,291.9,0,0.0,0.7761048674368918,0.22389513256310822,7.416911313543235e-23,200.0,61.3,-184.1822922687752,-1.328050210580729,-0.9337170638474517,-11.174782862592357,0.0,0.0,-27.87593356212761,-7.628803172571964,-3.0806134041217943,-6.048967367675871,-4.8001825447446285,-14.246670158238183
973,350035000016.5947,40,34.9999873847242,35.0,291.9,0,0.0,0.7761006033449181,0.2238993966550818,7.046065747866073e-23,200.0,61.3,-184.1822922687752,-1.328050210580729,-0.9337170638474517,-11.174782862592357,0.0,0.0,-27.87593356212761,-7.628803172571964,-3.0806134041217943,-6.048967367675871,-4.8001825447446285,-14.246670158238183
974,350035000016.5947,41,34.9999873847242,35.0,291.9,0,0.0,0.7761035723190882,0.22389642768091175,6.693762460472768e-23,200.0,61.3,-184.1822922687752,-1.328050210580729,-0.9337170638474517,-11.174782862592357,0.0,0.0,-27.87593356212761,-7.628803172571964,-3.0806134041217943,-6.048967367675871,-4.8001825447446285,-14.246670158238183
975,350035000016.5947,42,34.9999873847242,35.0,291.9,0,0.0,0.7761010201077956,0.22389897989220442,6.35907433744913e-23,200.0,61.3,-184.1822922687752,-1.328050210580729,-0.9337170638474517,-11.174782862592357,0.0,0.0,-27.87593356212761,-7.628803172571964,-3.0806134041217943,-6.048967367675871,-4.8001825447446285,-14.246670158238183
976,350035000016.5947,43,34.9999873847242,35.0,291.9,0,0.0,0.7760952927992124,0.22390470720078756,6.041120620576673e-23,200.0,61.3,-184.1822922687752,-1.328050210580729,-0.9337170638474517,-11.174782862592357,0.0,0.0,-27.87593356212761,-7.628803172571964,-3.0806134041217943,-6.048967367675871,-4.8001825447446285,-14.246670158238183
977,350035000016.5947,44,34.9999873847242,35.0,291.9,0,0.0,0.7760865545705301,0.22391344542946984,5.739064589547839e-23,200.0,61.3,-184.1822922687752,-1.328050210580729,-0.9337170638474517,-11.174782862592357,0.0,0.0,-27.87593356212761,-7.628803172571964,-3.0806134041217943,-6.048967367675871,-4.8001825447446285,-14.246670158238183
978,350035000016.5947,45,34.9999873847242,35.0,291.9,0,0.0,0.7760739314016427,0.22392606859835726,5.452111360070446e-23,200.0,61.3,-184.1822922687752,-1.328050210580729,-0.9337170638474517,-11.174782862592357,0.0,0.0,-27.87593356212761,-7.628803172571964,-3.0806134041217943,-6.048967367675871,-4.8001825447446285,-14.246670158238183
979,350035000016.5947,46,34.9999873847242,35.0,291.9,0,0.0,0.7760627701155843,0.2239372298844156,5.1795057920669233e-23,200.0,61.3,-184.1822922687752,-1.328050210580729,-0.9337170638474517,-11.174782862592357,0.0,0.0,-27.87593356212761,-7.628803172571964,-3.0806134041217943,-6.048967367675871,-4.8001825447446285,-14.246670158238183
980,350035000016.5947,47,34.9999873847242,35.0,291.9,0,0.0,0.7760540234680359,0.2239459765319641,4.920530502463577e-23,200.0,61.3,-184.1822922687752,-1.328050210580729,-0.9337170638474517,-11.174782862592357,0.0,0.0,-27.87593356212761,-7.628803172571964,-3.0806134041217943,-6.048967367675871,-4.8001825447446285,-14.246670158238183
981,350035000016.5947,48,34.9999873847242,35.0,291.9,0,0.0,0.776044487037601,0.22395551296239904,4.674503977340398e-23,200.0,61.3,-184.1822922687752,-1.328050210580729,-0.9337170638474517,-11.174782862592357,0.0,0.0,-27.87593356212761,-7.628803172571964,-3.0806134041217943,-6.048967367675871,-4.8001825447446285,-14.246670158238183
982,350035000016.5947,49,34.9999873847242,35.0,291.9,0,0.0,0.7760352283605343,0.22396477163946568,4.440778778473378e-23,200.0,61.3,-184.1822922687752,-1.328050210580729,-0.9337170638474517,-11.174782862592357,0.0,0.0,-27.87593356212761,-7.628803172571964,-3.0806134041217943,-6.048967367675871,-4.8001825447446285,-14.246670158238183
983,350035000016.5947,0,34.9999873847242,35.0,291.9,0,0.0,0.7760221343583709,0.22397786564162914,4.218739839549709e-23,200.0,61.3,-184.1822922687752,-1.328050210580729,-0.9337170638474517,-11.174782862592357,0.0,0.0,-27.87593356212761,-7.628803172571964,-3.0806134041217943,-6.048967367675871,-4.8001825447446285,-14.246670158238183
984,350035000016.5947,1,34.9999873847242,35.0,291.9,0,0.0,0.776007452332715,0.223992547667285,4.0078028475722236e-23,200.0,61.3,-184.1822922687752,-1.328050210580729,-0.9337170638474517,-11.174782862592357,0.0,0.0,-27.87593356212761,-7.628803172571964,-3.0806134041217943,-6.048967367675871,-4.8001825447446285,-14.246670158238183
985,350035000016.5947,2,34.9999873847242,35.0,291.9,0,0.0,0.7759871699572737,0.22401283004272637,3.8074127051936126e-23,200.0,61.3,-184.1822922687752,-1.328050210580729,-0.9337170638474517,-11.174782862592357,0.0,0.0,-27.87593356212761,-7.628803172571964,-3.0806134041217943,-6.048967367675871,-4.8001825447446285,-14.246670158238183
986,350035000016.5947,3,34.9999873847242,35.0,291.9,0,0.0,0.7759718080619615,0.22402819193803844,3.617042069933932e-23,200.0,61.3,-184.1822922687752,-1.328050210580729,-0.9337170638474517,-11.174782862592357,0.0,0.0,-27.87593356212761,-7.628803172571964,-3.0806134041217943,-6.048967367675871,-4.8001825447446285,-14.246670158238183
987,350035000016.5947,4,34.9999873847242,35.0,291.9,0,0.0,0.7759560036505311,0.2240439963494689,3.436189966437235e-23,200.0,61.3,-184.1822922687752,-1.328050210580729,-0.9337170638474517,-11.174782862592357,0.0,0.0,-27.87593356212761,-7.628803172571964,-3.0806134041217943,-6.048967367675871,-4.8001825447446285,-14.246670158238183
988,350035000016.5947,5,34.9999873847242,35.0,291.9,0,0.0,0.7759438635210937,0.22405613647890632,3.264380468115373e-23,200.0,61.3,-184.1822922687752,-1.328050210580729,-0.9337170638474517,-11.174782862592357,0.0,0.0,-27.87593356212761,-7.628803172571964,-3.0806134041217943,-6.048967367675871,-4.8001825447446285,-14.246670158238183
989,350035000016.5947,6,34.9999873847242,35.0,291.9,0,0.0,0.7759311208133949,0.22406887918660515,3.1011614447096043e-23,200.0,61.3,-184.1822922687752,-1.328050210580729,-0.9337170638474517,-11.174782862592357,0.0,0.0,-27.87593356212761,-7.628803172571964,-3.0806134041217943,-6.048967367675871,-4.8001825447446285,-14.246670158238183
990,350035000016.5947,7,34.9999873847242,35.0,291.9,0,0.0,0.7759228991435775,0.22407710085642252,2.9461033724741237e-23,200.0,61.3,-184.1822922687752,-1.328050210580729,-0.9337170638474517,-11.174782862592357,0.0,0.0,-27.87593356212761,-7.628803172571964,-3.0806134041217943,-6.048967367675871,-4.8001825447446285,-14.246670158238183
991,350035000016.5947,8,34.9999873847242,35.0,291.9,0,0.0,0.7759148960939487,0.2240851039060513,2.798798203850417e-23,200.0,61.3,-184.1822922687752,-1.328050210580729,-0.9337170638474517,-11.174782862592357,0.0,0.0,-27.87593356212761,-7.628803172571964,-3.0806134041217943,-6.048967367675871,-4.8001825447446285,-14.246670158238183
992,350035000016.5947,9,34.9999873847242,35.0,291.9,0,0.0,0.775907101119283,0.2240928988807171,2.658858293657897e-23,200.0,61.3,-184.1822922687752,-1.328050210580729,-0.9337170638474517,-11.174782862592357,0.0,0.0,-27.87593356212761,-7.628803172571964,-3.0806134041217943,-6.048967367675871,-4.8001825447446285,-14.246670158238183
993,350035000016.5947,10,34.9999873847242,35.0,291.9,0,0.0,0.7758964589318227,0.22410354106817726,2.5259153789750018e-23,200.0,61.3,-184.1822922687752,-1.328050210580729,-0.9337170638474517,-11.174782862592357,0.0,0.0,-27.87593356212761,-7.628803172571964,-3.0806134041217943,-6.048967367675871,-4.8001825447446285,-14.246670158238183
994,350035000016.5947,11,34.9999873847242,35.0,291.9,0,0.0,0.7758831171199568,0.2241168828800432,2.399619610026252e-23,200.0,61.3,-184.1822922687752,-1.328050210580729,-0.9337170638474517,-11.174782862592357,0.0,0.0,-27.87593356212761,-7.628803172571964,-3.0806134041217943,-6.048967367675871,-4.8001825447446285,-14.246670158238183
995,350035000016.5947,12,34.9999873847242,35.0,291.9,0,0.0,0.7758753242096936,0.2241246757903064,2.279638629524939e-23,200.0,61.3,-184.1822922687752,-1.328050210580729,-0.9337170638474517,-11.174782862592357,0.0,0.0,-27.87593356212761,-7.628803172571964,-3.0806134041217943,-6.048967367675871,-4.8001825447446285,-14.246670158238183
996,350035000016.5947,13,34.9999873847242,35.0,291.9,0,0.0,0.7758707668758534,0.22412923312414657,2.165656698048692e-23,200.0,61.3,-184.1822922687752,-1.328050210580729,-0.9337170638474517,-11.174782862592357,0.0,0.0,-27.87593356212761,-7.628803172571964,-3.0806134041217943,-6.048967367675871,-4.8001825447446285,-14.246670158238183
997,350035000016.5947,14,34.9999873847242,35.0,291.9,0,0.0,0.7758642237208638,0.22413577627913622,2.0573738631462574e-23,200.0,61.3,-184.1822922687752,-1.328050210580729,-0.9337170638474517,-11.174782862592357,0.0,0.0,-27.87593356212761,-7.628803172571964,-3.0806134041217943,-6.048967367675871,-4.8001825447446285,-14.246670158238183
998,350035000016.5947,15,34.9999873847242,35.0,291.9,0,0.0,0.7758598374759862,0.2241401625240139,1.9545051699889445e-23,200.0,61.3,-184.1822922687752,-1.328050210580729,-0.9337170638474517,-11.174782862592357,0.0,0.0,-27.87593356212761,-7.628803172571964,-3.0806134041217943,-6.048967367675871,-4.8001825447446285,-14.246670158238183
999,350035000016.5947,16,34.9999873847242,35.0,291.9,0,0.0,0.7758564877319511,0.22414351226804885,1.856779911489497e-23,200.0,61.3,-184.1822922687752,-1.328050210580729,-0.9337170638474517,-11.174782862592357,0.0,0.0,-27.87593356212761,-7.628803172571964,-3.0806134041217943,-6.048967367675871,-4.8001825447446285,-14.246670158238183
1000,350035000016.5947,17,34.9999873847242,35.0,291.9,0,0.0,0.775860163014147,0.22413983698585305,1.763940915915022e-23,200.0,61.3,-184.1822922687752,-1.328050210580729,-0.9337170638474517,-11.174782862592357,0.0,0.0,-27.87593356212761,-7.628803172571964,-3.0806134041217943,-6.048967367675871,-4.8001825447446285,-14.246670158238183
1001,350035000016.5947,18,34.9999873847242,35.0,291.9,0,0.0,0.7758654670213585,0.22413453297864155,1.6757438701192712e-23,200.0,61.3,-184.1822922687752,-1.328050210580729,-0.9337170638474517,-11.174782862592357,0.0,0.0,-27.87593356212761,-7.628803172571964,-3.0806134041217943,-6.048967367675871,-4.8001825447446285,-14.246670158238183
1002,350035000016.5947,19,34.9999873847242,35.0,291.9,0,0.0,0.775870305718162,0.22412969428183807,1.5919566766133076e-23,200.0,61.3,-184.1822922687752,-1.328050210580729,-0.9337170638474517,-11.174782862592357,0.0,0.0,-27.87593356212761,-7.628803172571964,-3.0806134041217943,-6.048967367675871,-4.8001825447446285,-14.246670158238183
1003,350035000016.5947,20,34.9999873847242,35.0,291.9,0,0.0,0.7758757061200275,0.22412429387997249,1.512358842782642e-23,200.0,61.3,-184.1822922687752,-1.328050210580729,-0.9337170638474517,-11.174782862592357,0.0,0.0,-27.87593356212761,-7.628803172571964,-3.0806134041217943,-6.048967367675871,-4.8001825447446285,-14.246670158238183
1004,350035000016.5947,21,34.9999873847242,35.0,291.9,0,0.0,0.7758786313289197,0.22412136867108032,1.4367409006435098e-23,200.0,61.3,-184.1822922687752,-1.328050210580729,-0.9337170638474517,-11.174782862592357,0.0,0.0,-27.87593356212761,-7.628803172571964,-3.0806134041217943,-6.048967367675871,-4.8001825447446285,-14.246670158238183
1005,350035000016.5947,22,34.9999873847242,35.0,291.9,0,0.0,0.7758832152492761,0.2241167847507239,1.3649038556113347e-23,200.0,61.3,-184.1822922687752,-1.328050210580729,-0.9337170638474517,-11.174782862592357,0.0,0.0,-27.87593356212761,-7.628803172571964,-3.0806134041217943,-6.048967367675871,-4.8001825447446285,-14.246670158238183
1006,350035000016.5947,23,34.9999873847242,35.0,291.9,0,0.0,0.7758843688279782,0.22411563117202185,1.296658662830768e-23,200.0,61.3,-184.1822922687752,-1.328050210580729,-0.9337170638474517,-11.174782862592357,0.0,0.0,-27.87593356212761,-7.628803172571964,-3.0806134041217943,-6.048967367675871,-4.8001825447446285,-14.246670158238183
1007,350035000016.5947,24,34.9999873847242,35.0,291.9,0,0.0,0.7758862682359324,0.22411373176406757,1.2318257296892296e-23,200.0,61.3,-184.1822922687752,-1.328050210580729,-0.9337170638474517,-11.174782862592357,0.0,0.0,-27.87593356212761,-7.628803172571964,-3.0806134041217943,-6.048967367675871,-4.8001825447446285,-14.246670158238183
1008,350035000016.5947,25,34.9999873847242,35.0,291.9,0,0.0,0.775890871313099,0.224109128686901,1.170234443204768e-23,200.0,61.3,-184.1822922687752,-1.328050210580729,-0.9337170638474517,-11.174782862592357,0.0,0.0,-27.87593356212761,-7.628803172571964,-3.0806134041217943,-6.048967367675871,-4.8001825447446285,-14.246670158238183
1009,350035000016.5947,26,34.9999873847242,35.0,291.9,0,0.0,0.7758930500595614,0.22410694994043853,1.1117227210445298e-23,200.0,61.3,-184.1822922687752,-1.328050210580729,-0.9337170638474517,-11.174782862592357,0.0,0.0,-27.87593356212761,-7.628803172571964,-3.0806134041217943,-6.048967367675871,-4.8001825447446285,-14.246670158238183
1010,350035000016.5947,27,34.9999873847242,35.0,291.9,0,0.0,0.775891932542803,0.22410806745719708,1.0561365849923034e-23,200.0,61.3,-184.1822922687752,-1.328050210580729,-0.9337170638474517,-11.174782862592357,0.0,0.0,-27.87593356212761,-7.628803172571964,-3.0806134041217943,-6.048967367675871,-4.8001825447446285,-14.246670158238183
1011,350035000016.5947,28,34.9999873847242,35.0,291.9,0,0.0,0.7758906772198108,0.22410932278018933,1.0033297557426882e-23,200.0,61.3,-184.1822922687752,-1.328050210580729,-0.9337170638474517,-11.174782862592357,0.0,0.0,-27.87593356212761,-7.628803172571964,-3.0806134041217943,-6.048967367675871,-4.8001825447446285,-14.246670158238183
1012,350035000016.5947,29,34.9999873847242,35.0,291.9,0,0.0,0.7758902863390097,0.22410971366099036,9.531632679555538e-24,200.0,61.3,-184.1822922687752,-1.328050210580729,-0.9337170638474517,-11.174782862592357,0.0,0.0,-27.87593356212761,-7.628803172571964,-3.0806134041217943,-6.048967367675871,-4.8001825447446285,-14.246670158238183
1013,350035000016.5947,30,34.9999873847242,35.0,291.9,0,0.0,0.7758857443075587,0.2241142556924413,9.05505104557776e-24,200.0,61.3,-184.1822922687752,-1.328050210580729,-0.9337170638474517,-11.174782862592357,0.0,0.0,-27.87593356212761,-7.628803172571964,-3.0806134041217943,-6.048967367675871,-4.8001825447446285,-14.246670158238183
1014,350035000016.5947,31,34.9999873847242,35.0,291.9,0,0.0,0.775886205606533,0.22411379439346704,8.602298493298872e-24,200.0,61.3,-184.1822922687752,-1.328050210580729,-0.9337170638474517,-11.174782862592357,0.0,0.0,-27.87593356212761,-7.628803172571964,-3.0806134041217943,-6.048967367675871,-4.8001825447446285,-14.246670158238183
1015,350035000016.5947,32,34.9999873847242,35.0,291.9,0,0.0,0.775885457786487,0.224114542213513,8.172183568633928e-24,200.0,61.3,-184.1822922687752,-1.328050210580729,-0.9337170638474517,-11.174782862592357,0.0,0.0,-27.87593356212761,-7.628803172571964,-3.0806134041217943,-6.048967367675871,-4.8001825447446285,-14.246670158238183
1016,350035000016.5947,33,34.9999873847242,35.0,291.9,0,0.0,0.775878605935339,0.22412139406466103,7.76357439020223e-24,200.0,61.3,-184.1822922687752,-1.328050210580729,-0.9337170638474517,-11.174782862592357,0.0,0.0,-27.87593356212761,-7.628803172571964,-3.0806134041217943,-6.048967367675871,-4.8001825447446285,-14.246670158238183
1017,350035000016.5947,34,34.9999873847242,35.0,291.9,0,0.0,0.775871910045994,0.22412808995400596,7.375395670692119e-24,200.0,61.3,-184.1822922687752,-1.328050210580729,-0.9337170638474517,-11.174782862592357,0.0,0.0,-27.87593356212761,-7.628803172571964,-3.0806134041217943,-6.048967367675871,-4.8001825447446285,-14.246670158238183
1018,350035000016.5947,35,34.9999873847242,35.0,291.9,0,0.0,0.7758663525288588,0.22413364747114115,7.006625887157514e-24,200.0,61.3,-184.1822922687752,-1.328050210580729,-0.9337170638474517,-11.174782862592357,0.0,0.0,-27.87593356212761,-7.628803172571964,-3.0806134041217943,-6.048967367675871,-4.8001825447446285,-14.246670158238183
1019,350035000016.5947,36,34.9999873847242,35.0,291.9,0,0.0,0.7758638519564584,0.2241361480435416,6.656294592799638e-24,200.0,61.3,-184.1822922687752,-1.328050210580729,-0.9337170638474517,-11.174782862592357,0.0,0.0,-27.87593356212761,-7.628803172571964,-3.0806134041217943,-6.048967367675871,-4.8001825447446285,-14.246670158238183
1020,350035000016.5947,37,34.9999873847242,35.0,291.9,0,0.0,0.7758602994988184,0.22413970050118162,6.3234798631596566e-24,200.0,61.3,-184.1822922687752,-1.328050210580729,-0.9337170638474517,-11.174782862592357,0.0,0.0,-27.87593356212761,-7.628803172571964,-3.0806134041217943,-6.048967367675871,-4.8001825447446285,-14.246670158238183
1021,350035000016.5947,38,34.9999873847242,35.0,291.9,0,0.0,0.775854763030317,0.224145236969683,6.007305870001674e-24,200.0,61.3,-184.1822922687752,-1.328050210580729,-0.9337170638474517,-11.174782862592357,0.0,0.0,-27.87593356212761,-7.628803172571964,-3.0806134041217943,-6.048967367675871,-4.8001825447446285,-14.246670158238183
1022,350035000016.5947,39,34.9999873847242,35.0,291.9,0,0.0,0.7758503035337586,0.2241496964662414,5.7069405765015896e-24,200.0,61.3,-184.1822922687752,-1.328050210580729,-0.9337170638474517,-11.174782862592357,0.0,0.0,-27.87593356212761,-7.628803172571964,-3.0806134041217943,-6.048967367675871,-4.8001825447446285,-14.246670158238183
1023,350035000016.5947,40,34.9999873847242,35.0,291.9,0,0.0,0.7758429253815202,0.22415707461847975,5.4215935476765095e-24,200.0,61.3,-184.1822922687752,-1.328050210580729,-0.9337170638474517,-11.174782862592357,0.0,0.0,-27.87593356212761,-7.628803172571964,-3.0806134041217943,-6.048967367675871,-4.8001825447446285,-14.246670158238183
1024,350035000016.5947,41,34.9999873847242,35.0,291.9,0,0.0,0.7758386854238238,0.22416131457617622,5.150513870292685e-24,200.0,61.3,-184.1822922687752,-1.328050210580729,-0.9337170638474517,-11.174782862592357,0.0,0.0,-27.87593356212761,-7.628803172571964,-3.0806134041217943,-6.048967367675871,-4.8001825447446285,-14.246670158238183
1025,350035000016.5947,42,34.9999873847242,35.0,291.9,0,0.0,0.775836437630169,0.22416356236983112,4.8929881767780504e-24,200.0,61.3,-184.1822922687752,-1.328050210580729,-0.9337170638474517,-11.174782862592357,0.0,0.0,-27.87593356212761,-7.628803172571964,-3.0806134041217943,-6.048967367675871,-4.8001825447446285,-14.246670158238183
1026,350035000016.5947,43,34.9999873847242,35.0,291.9,0,0.0,0.7758321511594253,0.2241678488405747,4.6483387679391474e-24,200.0,61.3,-184.1822922687752,-1.328050210580729,-0.9337170638474517,-11.174782862592357,0.0,0.0,-27.87593356212761,-7.628803172571964,-3.0806134041217943,-6.048967367675871,-4.8001825447446285,-14.246670158238183
1027,350035000016.5947,44,34.9999873847242,35.0,291.9,0,0.0,0.7758357393199181,0.22416426068008183,4.41592182954219e-24,200.0,61.3,-184.1822922687752,-1.328050210580729,-0.9337170638474517,-11.174782862592357,0.0,0.0,-27.87593356212761,-7.628803172571964,-3.0806134041217943,-6.048967367675871,-4.8001825447446285,-14.246670158238183
1028,350035000016.5947,45,34.9999873847242,35.0,291.9,0,0.0,0.7758409142418918,0.2241590857581081,4.19512573806508e-24,200.0,61.3,-184.1822922687752,-1.328050210580729,-0.9337170638474517,-11.174782862592357,0.0,0.0,-27.87593356212761,-7.628803172571964,-3.0806134041217943,-6.048967367675871,-4.8001825447446285,-14.246670158238183
1029,350035000016.5947,46,34.9999873847242,35.0,291.9,0,0.0,0.7758466148687271,0.22415338513127286,3.985369451161826e-24,200.0,61.3,-184.1822922687752,-1.328050210580729,-0.9337170638474517,-11.174782862592357,0.0,0.0,-27.87593356212761,-7.628803172571964,-3.0806134041217943,-6.048967367675871,-4.8001825447446285,-14.246670158238183
1030,350035000016.5947,47,34.9999873847242,35.0,291.9,0,0.0,0.7758479273970764,0.22415207260292352,3.786100978603734e-24,200.0,61.3,-184.1822922687752,-1.328050210580729,-0.9337170638474517,-11.174782862592357,0.0,0.0,-27.87593356212761,-7.628803172571964,-3.0806134041217943,-6.048967367675871,-4.8001825447446285,-14.246670158238183
1031,350035000016.5947,48,34.9999873847242,35.0,291.9,0,0.0,0.7758509371606431,0.22414906283935687,3.596795929673548e-24,200.0,61.3,-184.1822922687752,-1.328050210580729,-0.9337170638474517,-11.174782862592357,0.0,0.0,-27.87593356212761,-7.628803172571964,-3.0806134041217943,-6.048967367675871,-4.8001825447446285,-14.246670158238183
1032,350035000016.5947,49,34.9999873847242,35.0,291.9,0,0.0,0.7758506782435092,0.22414932175649077,3.41695613318987e-24,200.0,61.3,-184.1822922687752,-1.328050210580729,-0.9337170638474517,-11.174782862592357,0.0,0.0,-27.87593356212761,-7.628803172571964,-3.0806134041217943,-6.048967367675871,-4.8001825447446285,-14.246670158238183
1033,350035000016.5947,0,34.9999873847242,35.0,291.9,0,0.0,0.775847318922005,0.224152681077995,3.246108326530377e-24,200.0,61.3,-184.1822922687752,-1.328050210580729,-0.9337170638474517,-11.174782862592357,0.0,0.0,-27.87593356212761,-7.628803172571964,-3.0806134041217943,-6.048967367675871,-4.8001825447446285,-14.246670158238183
1034,350035000016.5947,1,34.9999873847242,35.0,291.9,0,0.0,0.7758449165534037,0.22415508344659624,3.083802910203858e-24,200.0,61.3,-184.1822922687752,-1.328050210580729,-0.9337170638474517,-11.174782862592357,0.0,0.0,-27.87593356212761,-7.628803172571964,-3.0806134041217943,-6.048967367675871,-4.8001825447446285,-14.246670158238183
1035,350035000016.5947,2,34.9999873847242,35.0,291.9,0,0.0,0.7758453676198924,0.22415463238010758,2.9296127646936652e-24,200.0,61.3,-184.1822922687752,-1.328050210580729,-0.9337170638474517,-11.174782862592357,0.0,0.0,-27.87593356212761,-7.628803172571964,-3.0806134041217943,-6.048967367675871,-4.8001825447446285,-14.246670158238183
1036,350035000016.5947,3,34.9999873847242,35.0,291.9,0,0.0,0.7758456079467677,0.22415439205323232,2.7831321264589823e-24,200.0,61.3,-184.1822922687752,-1.328050210580729,-0.9337170638474517,-11.174782862592357,0.0,0.0,-27.87593356212761,-7.628803172571964,-3.0806134041217943,-6.048967367675871,-4.8001825447446285,-14.246670158238183
1037,350035000016.5947,4,34.9999873847242,35.0,291.9,0,0.0,0.7758398202172619,0.22416017978273806,2.643975520136033e-24,200.0,61.3,-184.1822922687752,-1.328050210580729,-0.9337170638474517,-11.174782862592357,0.0,0.0,-27.87593356212761,-7.628803172571964,-3.0806134041217943,-6.048967367675871,-4.8001825447446285,-14.246670158238183
1038,350035000016.5947,5,34.9999873847242,35.0,291.9,0,0.0,0.7758351106695458,0.22416488933045425,2.5117767441292317e-24,200.0,61.3,-184.1822922687752,-1.328050210580729,-0.9337170638474517,-11.174782862592357,0.0,0.0,-27.87593356212761,-7.628803172571964,-3.0806134041217943,-6.048967367675871,-4.8001825447446285,-14.246670158238183
1039,350035000016.5947,6,34.9999873847242,35.0,291.9,0,0.0,0.7758314237883095,0.2241685762116905,2.38618790692277e-24,200.0,61.3,-184.1822922687752,-1.328050210580729,-0.9337170638474517,-11.174782862592357,0.0,0.0,-27.87593356212761,-7.628803172571964,-3.0806134041217943,-6.048967367675871,-4.8001825447446285,-14.246670158238183
1040,350035000016.5947,7,34.9999873847242,35.0,291.9,0,0.0,0.7758277381611625,0.2241722618388376,2.2668785115766317e-24,200.0,61.3,-184.1822922687752,-1.328050210580729,-0.9337170638474517,-11.174782862592357,0.0,0.0,-27.87593356212761,-7.628803172571964,-3.0806134041217943,-6.048967367675871,-4.8001825447446285,-14.246670158238183
1041,350035000016.5947,8,34.9999873847242,35.0,291.9,0,0.0,0.775824054075023,0.224175945924977,2.1535345859978002e-24,200.0,61.3,-184.1822922687752,-1.328050210580729,-0.9337170638474517,-11.174782862592357,0.0,0.0,-27.87593356212761,-7.628803172571964,-3.0806134041217943,-6.048967367675871,-4.8001825447446285,-14.246670158238183
1042,350035000016.5947,9,34.9999873847242,35.0,291.9,0,0.0,0.7758261711359581,0.22417382886404194,2.04585785669791e-24,200.0,61.3,-184.1822922687752,-1.328050210580729,-0.9337170638474517,-11.174782862592357,0.0,0.0,-27.87593356212761,-7.628803172571964,-3.0806134041217943,-6.048967367675871,-4.8001825447446285,-14.246670158238183
1043,350035000016.5947,10,34.9999873847242,35.0,291.9,0,0.0,0.7758231669073612,0.22417683309263883,1.9435649638630147e-24,200.0,61.3,-184.1822922687752,-1.328050210580729,-0.9337170638474517,-11.174782862592357,0.0,0.0,-27.87593356212761,-7.628803172571964,-3.0806134041217943,-6.048967367675871,-4.8001825447446285,-14.246670158238183
1044,350035000016.5947,11,34.9999873847242,35.0,291.9,0,0.0,0.775823989237246,0.2241760107627539,1.846386715669864e-24,200.0,61.3,-184.1822922687752,-1.328050210580729,-0.9337170638474517,-11.174782862592357,0.0,0.0,-27.87593356212761,-7.628803172571964,-3.0806134041217943,-6.048967367675871,-4.8001825447446285,-14.246670158238183
1045,350035000016.5947,12,34.9999873847242,35.0,291.9,0,0.0,0.7758216932480541,0.224178306751946,1.754067379886371e-24,200.0,61.3,-184.1822922687752,-1.328050210580729,-0.9337170638474517,-11.174782862592357,0.0,0.0,-27.87593356212761,-7.628803172571964,-3.0806134041217943,-6.048967367675871,-4.8001825447446285,-14.246670158238183
1046,350035000016.5947,13,34.9999873847242,35.0,291.9,0,0.0,0.7758212550964265,0.22417874490357353,1.6663640108920522e-24,200.0,61.3,-184.1822922687752,-1.328050210580729,-0.9337170638474517,-11.174782862592357,0.0,0.0,-27.87593356212761,-7.628803172571964,-3.0806134041217943,-6.048967367675871,-4.8001825447446285,-14.246670158238183
1047,350035000016.5947,14,34.9999873847242,35.0,291.9,0,0.0,0.7758206545768522,0.22417934542314774,1.5830458103474495e-24,200.0,61.3,-184.1822922687752,-1.328050210580729,-0.9337170638474517,-11.174782862592357,0.0,0.0,-27.87593356212761,-7.628803172571964,-3.0806134041217943,-6.048967367675871,-4.8001825447446285,-14.246670158238183
1048,350035000016.5947,15,34.9999873847242,35.0,291.9,0,0.0,0.7758179779098341,0.22418202209016594,1.503893519830077e-24,200.0,61.3,-184.1822922687752,-1.328050210580729,-0.9337170638474517,-11.174782862592357,0.0,0.0,-27.87593356212761,-7.628803172571964,-3.0806134041217943,-6.048967367675871,-4.8001825447446285,-14.246670158238183
1049,350035000016.5947,16,34.9999873847242,35.0,291.9,0,0.0,0.7758123717466026,0.2241876282533975,1.4286988438385732e-24,200.0,61.3,-184.1822922687752,-1.328050210580729,-0.9337170638474517,-11.174782862592357,0.0,0.0,-27.87593356212761,-7.628803172571964,-3.0806134041217943,-6.048967367675871,-4.8001825447446285,-14.246670158238183
1050,350035000016.5947,17,34.9999873847242,35.0,291.9,0,0.0,0.7758030270403902,0.22419697295960989,1.3572639016466444e-24,200.0,61.3,-184.1822922687752,-1.328050210580729,-0.9337170638474517,-11.174782862592357,0.0,0.0,-27.87593356212761,-7.628803172571964,-3.0806134041217943,-6.048967367675871,-4.8001825447446285,-14.246670158238183
1051,350035000016.5947,18,34.9999873847242,35.0,291.9,0,0.0,0.7757930153349386,0.22420698466506134,1.2894007065643121e-24,200.0,61.3,-184.1822922687752,-1.328050210580729,-0.9337170638474517,-11.174782862592357,0.0,0.0,-27.87593356212761,-7.628803172571964,-3.0806134041217943,-6.048967367675871,-4.8001825447446285,-14.246670158238183
1052,350035000016.5947,19,34.9999873847242,35.0,291.9,0,0.0,0.7757833306292266,0.22421666937077345,1.2249306712360966e-24,200.0,61.3,-184.1822922687752,-1.328050210580729,-0.9337170638474517,-11.174782862592357,0.0,0.0,-27.87593356212761,-7.628803172571964,-3.0806134041217943,-6.048967367675871,-4.8001825447446285,-14.246670158238183
1053,350035000016.5947,20,34.9999873847242,35.0,291.9,0,0.0,0.7757701252113313,0.2242298747886687,1.1636841376742917e-24,200.0,61.3,-184.1822922687752,-1.328050210580729,-0.9337170638474517,-11.174782862592357,0.0,0.0,-27.87593356212761,-7.628803172571964,-3.0806134041217943,-6.048967367675871,-4.8001825447446285,-14.246670158238183
1054,350035000016.5947,21,34.9999873847242,35.0,291.9,0,0.0,0.7757564533878508,0.2242435466121492,1.1054999307905771e-24,200.0,61.3,-184.1822922687752,-1.328050210580729,-0.9337170638474517,-11.174782862592357,0.0,0.0,-27.87593356212761,-7.628803172571964,-3.0806134041217943,-6.048967367675871,-4.8001825447446285,-14.246670158238183
1055,350035000016.5947,22,34.9999873847242,35.0,291.9,0,0.0,0.7757442534373609,0.22425574656263908,1.0502249342510483e-24,200.0,61.3,-184.1822922687752,-1.328050210580729,-0.9337170638474517,-11.174782862592357,0.0,0.0,-27.87593356212761,-7.628803172571964,-3.0806134041217943,-6.048967367675871,-4.8001825447446285,-14.246670158238183
1056,350035000016.5947,23,34.9999873847242,35.0,291.9,0,0.0,0.775734405490813,0.224265594509187,9.97713687538496e-25,200.0,61.3,-184.1822922687752,-1.328050210580729,-0.9337170638474517,-11.174782862592357,0.0,0.0,-27.87593356212761,-7.628803172571964,-3.0806134041217943,-6.048967367675871,-4.8001825447446285,-14.246670158238183
1057,350035000016.5947,24,34.9999873847242,35.0,291.9,0,0.0,0.775722970814212,0.22427702918578793,9.478280031615712e-25,200.0,61.3,-184.1822922687752,-1.328050210580729,-0.9337170638474517,-11.174782862592357,0.0,0.0,-27.87593356212761,-7.628803172571964,-3.0806134041217943,-6.048967367675871,-4.8001825447446285,-14.246670158238183
1058,350035000016.5947,25,34.9999873847242,35.0,291.9,0,0.0,0.7757100321507234,0.22428996784927652,9.004366030034926e-25,200.0,61.3,-184.1822922687752,-1.328050210580729,-0.9337170638474517,-11.174782862592357,0.0,0.0,-27.87593356212761,-7.628803172571964,-3.0806134041217943,-6.048967367675871,-4.8001825447446285,-14.246670158238183
1059,350035000016.5947,26,34.9999873847242,35.0,291.9,0,0.0,0.7756937613124181,0.22430623868758195,8.55414772853318e-25,200.0,61.3,-184.1822922687752,-1.328050210580729,-0.9337170638474517,-11.174782862592357,0.0,0.0,-27.87593356212761,-7.628803172571964,-3.0806134041217943,-6.048967367675871,-4.8001825447446285,-14.246670158238183
1060,350035000016.5947,27,34.9999873847242,35.0,291.9,0,0.0,0.7756790944344008,0.22432090556559925,8.126440342106521e-25,200.0,61.3,-184.1822922687752,-1.328050210580729,-0.9337170638474517,-11.174782862592357,0.0,0.0,-27.87593356212761,-7.628803172571964,-3.0806134041217943,-6.048967367675871,-4.8001825447446285,-14.246670158238183
1061,350035000016.5947,28,34.9999873847242,35.0,291.9,0,0.0,0.7756649981740167,0.22433500182598332,7.720118325001194e-25,200.0,61.3,-184.1822922687752,-1.328050210580729,-0.9337170638474517,-11.174782862592357,0.0,0.0,-27.87593356212761,-7.628803172571964,-3.0806134041217943,-6.048967367675871,-4.8001825447446285,-14.246670158238183
1062,350035000016.5947,29,34.9999873847242,35.0,291.9,0,0.0,0.7756523949906015,0.2243476050093986,7.334112408751135e-25,200.0,61.3,-184.1822922687752,-1.328050210580729,-0.9337170638474517,-11.174782862592357,0.0,0.0,-27.87593356212761,-7.628803172571964,-3.0806134041217943,-6.048967367675871,-4.8001825447446285,-14.246670158238183
1063,350035000016.5947,30,34.9999873847242,35.0,291.9,0,0.0,0.7756431076988389,0.22435689230116102,6.967406788313578e-25,200.0,61.3,-184.1822922687752,-1.328050210580729,-0.9337170638474517,-11.174782862592357,0.0,0.0,-27.87593356212761,-7.628803172571964,-3.0806134041217943,-6.048967367675871,-4.8001825447446285,-14.246670158238183
1064,350035000016.5947,31,34.9999873847242,35.0,291.9,0,0.0,0.7756379126427229,0.22436208735727717,6.6190364488979e-25,200.0,61.3,-184.1822922687752,-1.328050210580729,-0.9337170638474517,-11.174782862592357,0.0,0.0,-27.87593356212761,-7.628803172571964,-3.0806134041217943,-6.048967367675871,-4.8001825447446285,-14.246670158238183
1065,350035000016.5947,32,34.9999873847242,35.0,291.9,0,0.0,0.7756328088194604,0.2243671911805396,6.288084626453004e-25,200.0,61.3,-184.1822922687752,-1.328050210580729,-0.9337170638474517,-11.174782862592357,0.0,0.0,-27.87593356212761,-7.628803172571964,-3.0806134041217943,-6.048967367675871,-4.8001825447446285,-14.246670158238183
1066,350035000016.5947,33,34.9999873847242,35.0,291.9,0,0.0,0.7756296843998274,0.22437031560017268,5.973680395130355e-25,200.0,61.3,-184.1822922687752,-1.328050210580729,-0.9337170638474517,-11.174782862592357,0.0,0.0,-27.87593356212761,-7.628803172571964,-3.0806134041217943,-6.048967367675871,-4.8001825447446285,-14.246670158238183
1067,350035000016.5947,34,34.9999873847242,35.0,291.9,0,0.0,0.7756331603576467,0.22436683964235332,5.674996375373836e-25,200.0,61.3,-184.1822922687752,-1.328050210580729,-0.9337170638474517,-11.174782862592357,0.0,0.0,-27.87593356212761,-7.628803172571964,-3.0806134041217943,-6.048967367675871,-4.8001825447446285,-14.246670158238183
1068,350035000016.5947,35,34.9999873847242,35.0,291.9,0,0.0,0.7756325119590749,0.22436748804092516,5.3912465566051445e-25,200.0,61.3,-184.1822922687752,-1.328050210580729,-0.9337170638474517,-11.174782862592357,0.0,0.0,-27.87593356212761,-7.628803172571964,-3.0806134041217943,-6.048967367675871,-4.8001825447446285,-14.246670158238183
1069,350035000016.5947,36,34.9999873847242,35.0,291.9,0,0.0,0.7756298378520752,0.22437016214792466,5.121684228774886e-25,200.0,61.3,-184.1822922687752,-1.328050210580729,-0.9337170638474517,-11.174782862592357,0.0,0.0,-27.87593356212761,-7.628803172571964,-3.0806134041217943,-6.048967367675871,-4.8001825447446285,-14.246670158238183
1070,350035000016.5947,37,34.9999873847242,35.0,291.9,0,0.0,0.7756308970170244,0.22436910298297563,4.865600017336142e-25,200.0,61.3,-184.1822922687752,-1.328050210580729,-0.9337170638474517,-11.174782862592357,0.0,0.0,-27.87593356212761,-7.628803172571964,-3.0806134041217943,-6.048967367675871,-4.8001825447446285,-14.246670158238183
1071,350035000016.5947,38,34.9999873847242,35.0,291.9,0,0.0,0.7756317305234262,0.2243682694765739,4.622320016469336e-25,200.0,61.3,-184.1822922687752,-1.328050210580729,-0.9337170638474517,-11.174782862592357,0.0,0.0,-27.87593356212761,-7.628803172571964,-3.0806134041217943,-6.048967367675871,-4.8001825447446285,-14.246670158238183
1072,350035000016.5947,39,34.9999873847242,35.0,291.9,0,0.0,0.7756351704568714,0.22436482954312864,4.391204015645869e-25,200.0,61.3,-184.1822922687752,-1.328050210580729,-0.9337170638474517,-11.174782862592357,0.0,0.0,-27.87593356212761,-7.628803172571964,-3.0806134041217943,-6.048967367675871,-4.8001825447446285,-14.246670158238183
1073,350035000016.5947,40,34.9999873847242,35.0,291.9,0,0.0,0.7756382637511705,0.22436173624882946,4.171643814863575e-25,200.0,61.3,-184.1822922687752,-1.328050210580729,-0.9337170638474517,-11.174782862592357,0.0,0.0,-27.87593356212761,-7.628803172571964,-3.0806134041217943,-6.048967367675871,-4.8001825447446285,-14.246670158238183
1074,350035000016.5947,41,34.9999873847242,35.0,291.9,0,0.0,0.7756372740735996,0.22436272592640044,3.963061624120397e-25,200.0,61.3,-184.1822922687752,-1.328050210580729,-0.9337170638474517,-11.174782862592357,0.0,0.0,-27.87593356212761,-7.628803172571964,-3.0806134041217943,-6.048967367675871,-4.8001825447446285,-14.246670158238183
1075,350035000016.5947,42,34.9999873847242,35.0,291.9,0,0.0,0.7756380388152726,0.22436196118472748,3.764908542914377e-25,200.0,61.3,-184.1822922687752,-1.328050210580729,-0.9337170638474517,-11.174782862592357,0.0,0.0,-27.87593356212761,-7.628803172571964,-3.0806134041217943,-6.048967367675871,-4.8001825447446285,-14.246670158238183
1076,350035000016.5947,43,34.9999873847242,35.0,291.9,0,0.0,0.7756367195666504,0.22436328043334966,3.576663115768658e-25,200.0,61.3,-184.1822922687752,-1.328050210580729,-0.9337170638474517,-11.174782862592357,0.0,0.0,-27.87593356212761,-7.628803172571964,-3.0806134041217943,-6.048967367675871,-4.8001825447446285,-14.246670158238183
1077,350035000016.5947,44,34.9999873847242,35.0,291.9,0,0.0,0.7756343601366464,0.22436563986335356,3.397829959980225e-25,200.0,61.3,-184.1822922687752,-1.328050210580729,-0.9337170638474517,-11.174782862592357,0.0,0.0,-27.87593356212761,-7.628803172571964,-3.0806134041217943,-6.048967367675871,-4.8001825447446285,-14.246670158238183
1078,350035000016.5947,45,34.9999873847242,35.0,291.9,0,0.0,0.7756338205038198,0.22436617949618023,3.227938461981214e-25,200.0,61.3,-184.1822922687752,-1.328050210580729,-0.9337170638474517,-11.174782862592357,0.0,0.0,-27.87593356212761,-7.628803172571964,-3.0806134041217943,-6.048967367675871,-4.8001825447446285,-14.246670158238183
1079,350035000016.5947,46,34.9999873847242,35.0,291.9,0,0.0,0.7756312687977144,0.22436873120228557,3.066541538882153e-25,200.0,61.3,-184.1822922687752,-1.328050210580729,-0.9337170638474517,-11.174782862592357,0.0,0.0,-27.87593356212761,-7.628803172571964,-3.0806134041217943,-6.048967367675871,-4.8001825447446285,-14.246670158238183
1080,350035000016.5947,47,34.9999873847242,35.0,291.9,0,0.0,0.7756305437198628,0.2243694562801371,2.9132144619380453e-25,200.0,61.3,-184.1822922687752,-1.328050210580729,-0.9337170638474517,-11.174782862592357,0.0,0.0,-27.87593356212761,-7.628803172571964,-3.0806134041217943,-6.048967367675871,-4.8001825447446285,-14.246670158238183
1081,350035000016.5947,48,34.9999873847242,35.0,291.9,0,0.0,0.7756240875504833,0.22437591244951666,2.767553738841143e-25,200.0,61.3,-184.1822922687752,-1.328050210580729,-0.9337170638474517,-11.174782862592357,0.0,0.0,-27.87593356212761,-7.628803172571964,-3.0806134041217943,-6.048967367675871,-4.8001825447446285,-14.246670158238183
1082,350035000016.5947,49,34.9999873847242,35.0,291.9,0,0.0,0.7756233827726561,0.22437661722734387,2.629176051899086e-25,200.0,61.3,-184.1822922687752,-1.328050210580729,-0.9337170638474517,-11.174782862592357,0.0,0.0,-27.87593356212761,-7.628803172571964,-3.0806134041217943,-6.048967367675871,-4.8001825447446285,-14.246670158238183
1083,350035000016.5947,0,34.9999873847242,35.0,291.9,0,0.0,0.7756216133194246,0.22437838668057547,2.497717249304132e-25,200.0,61.3,-184.1822922687752,-1.328050210580729,-0.9337170638474517,-11.174782862592357,0.0,0.0,-27.87593356212761,-7.628803172571964,-3.0806134041217943,-6.048967367675871,-4.8001825447446285,-14.246670158238183
1084,350035000016.5947,1,34.9999873847242,35.0,291.9,0,0.0,0.77561883431253,0.22438116568747007,2.372831386838926e-25,200.0,61.3,-184.1822922687752,-1.328050210580729,-0.9337170638474517,-11.174782862592357,0.0,0.0,-27.87593356212761,-7.628803172571964,-3.0806134041217943,-6.048967367675871,-4.8001825447446285,-14.246670158238183
1085,350035000016.5947,2,34.9999873847242,35.0,291.9,0,0.0,0.7756150981127699,0.22438490188723015,2.2541898174969794e-25,200.0,61.3,-184.1822922687752,-1.328050210580729,-0.9337170638474517,-11.174782862592357,0.0,0.0,-27.87593356212761,-7.628803172571964,-3.0806134041217943,-6.048967367675871,-4.8001825447446285,-14.246670158238183
1086,350035000016.5947,3,34.9999873847242,35.0,291.9,0,0.0,0.7756113832585343,0.22438861674146576,2.1414803266221305e-25,200.0,61.3,-184.1822922687752,-1.328050210580729,-0.9337170638474517,-11.174782862592357,0.0,0.0,-27.87593356212761,-7.628803172571964,-3.0806134041217943,-6.048967367675871,-4.8001825447446285,-14.246670158238183
1087,350035000016.5947,4,34.9999873847242,35.0,291.9,0,0.0,0.7756058329550526,0.2243941670449475,2.034406310291024e-25,200.0,61.3,-184.1822922687752,-1.328050210580729,-0.9337170638474517,-11.174782862592357,0.0,0.0,-27.87593356212761,-7.628803172571964,-3.0806134041217943,-6.048967367675871,-4.8001825447446285,-14.246670158238183
1088,350035000016.5947,5,34.9999873847242,35.0,291.9,0,0.0,0.7756003969840157,0.22439960301598427,1.9326859947764727e-25,200.0,61.3,-184.1822922687752,-1.328050210580729,-0.9337170638474517,-11.174782862592357,0.0,0.0,-27.87593356212761,-7.628803172571964,-3.0806134041217943,-6.048967367675871,-4.8001825447446285,-14.246670158238183
1089,350035000016.5947,6,34.9999873847242,35.0,291.9,0,0.0,0.775593216812429,0.22440678318757104,1.8360516950376492e-25,200.0,61.3,-184.1822922687752,-1.328050210580729,-0.9337170638474517,-11.174782862592357,0.0,0.0,-27.87593356212761,-7.628803172571964,-3.0806134041217943,-6.048967367675871,-4.8001825447446285,-14.246670158238183
1090,350035000016.5947,7,34.9999873847242,35.0,291.9,0,0.0,0.7755806777969968,0.22441932220300326,1.7442491102857667e-25,200.0,61.3,-184.1822922687752,-1.328050210580729,-0.9337170638474517,-11.174782862592357,0.0,0.0,-27.87593356212761,-7.628803172571964,-3.0806134041217943,-6.048967367675871,-4.8001825447446285,-14.246670158238183
1091,350035000016.5947,8,34.9999873847242,35.0,291.9,0,0.0,0.7755676844204432,0.22443231557955662,1.6570366547714777e-25,200.0,61.3,-184.1822922687752,-1.328050210580729,-0.9337170638474517,-11.174782862592357,0.0,0.0,-27.87593356212761,-7.628803172571964,-3.0806134041217943,-6.048967367675871,-4.8001825447446285,-14.246670158238183
1092,350035000016.5947,9,34.9999873847242,35.0,291.9,0,0.0,0.7755524109694392,0.22444758903056092,1.5741848220329043e-25,200.0,61.3,-184.1822922687752,-1.328050210580729,-0.9337170638474517,-11.174782862592357,0.0,0.0,-27.87593356212761,-7.628803172571964,-3.0806134041217943,-6.048967367675871,-4.8001825447446285,-14.246670158238183
1093,350035000016.5947,10,34.9999873847242,35.0,291.9,0,0.0,0.7755377494791291,0.22446225052087085,1.495475580931259e-25,200.0,61.3,-184.1822922687752,-1.328050210580729,-0.9337170638474517,-11.174782862592357,0.0,0.0,-27.87593356212761,-7.628803172571964,-3.0806134041217943,-6.048967367675871,-4.8001825447446285,-14.246670158238183
1094,350035000016.5947,11,34.9999873847242,35.0,291.9,0,0.0,0.7755227459929788,0.22447725400702118,1.420701801884696e-25,200.0,61.3,-184.1822922687752,-1.328050210580729,-0.9337170638474517,-11.174782862592357,0.0,0.0,-27.87593356212761,-7.628803172571964,-3.0806134041217943,-6.048967367675871,-4.8001825447446285,-14.246670158238183
1095,350035000016.5947,12,34.9999873847242,35.0,291.9,0,0.0,0.7755055732921359,0.2244944267078642,1.3496667117904614e-25,200.0,61.3,-184.1822922687752,-1.328050210580729,-0.9337170638474517,-11.174782862592357,0.0,0.0,-27.87593356212761,-7.628803172571964,-3.0806134041217943,-6.048967367675871,-4.8001825447446285,-14.246670158238183
1096,350035000016.5947,13,34.9999873847242,35.0,291.9,0,0.0,0.7754909561462179,0.22450904385378212,1.2821833762009381e-25,200.0,61.3,-184.1822922687752,-1.328050210580729,-0.9337170638474517,-11.174782862592357,0.0,0.0,-27.87593356212761,-7.628803172571964,-3.0806134041217943,-6.048967367675871,-4.8001825447446285,-14.246670158238183
1097,350035000016.5947,14,34.9999873847242,35.0,291.9,0,0.0,0.7754778421554142,0.2245221578445859,1.2180742073908914e-25,200.0,61.3,-184.1822922687752,-1.328050210580729,-0.9337170638474517,-11.174782862592357,0.0,0.0,-27.87593356212761,-7.628803172571964,-3.0806134041217943,-6.048967367675871,-4.8001825447446285,-14.246670158238183
1098,350035000016.5947,15,34.9999873847242,35.0,291.9,0,0.0,0.7754606311369792,0.2245393688630209,1.1571704970213468e-25,200.0,61.3,-184.1822922687752,-1.328050210580729,-0.9337170638474517,-11.174782862592357,0.0,0.0,-27.87593356212761,-7.628803172571964,-3.0806134041217943,-6.048967367675871,-4.8001825447446285,-14.246670158238183
1099,350035000016.5947,16,34.9999873847242,35.0,291.9,0,0.0,0.7754432154146644,0.22455678458533565,1.0993119721702794e-25,200.0,61.3,-184.1822922687752,-1.328050210580729,-0.9337170638474517,-11.174782862592357,0.0,0.0,-27.87593356212761,-7.628803172571964,-3.0806134041217943,-6.048967367675871,-4.8001825447446285,-14.246670158238183
1100,350035000016.5947,17,34.9999873847242,35.0,291.9,0,0.0,0.7754320407330686,0.2245679592669314,1.0443463735617653e-25,200.0,61.3,-184.1822922687752,-1.328050210580729,-0.9337170638474517,-11.174782862592357,0.0,0.0,-27.87593356212761,-7.628803172571964,-3.0806134041217943,-6.048967367675871,-4.8001825447446285,-14.246670158238183
1101,350035000016.5947,18,34.9999873847242,35.0,291.9,0,0.0,0.7754194400604986,0.22458055993950146,9.92129054883677e-26,200.0,61.3,-184.1822922687752,-1.328050210580729,-0.9337170638474517,-11.174782862592357,0.0,0.0,-27.87593356212761,-7.628803172571964,-3.0806134041217943,-6.048967367675871,-4.8001825447446285,-14.246670158238183
1102,350035000016.5947,19,34.9999873847242,35.0,291.9,0,0.0,0.7754036525871014,0.2245963474128986,9.425226021394932e-26,200.0,61.3,-184.1822922687752,-1.328050210580729,-0.9337170638474517,-11.174782862592357,0.0,0.0,-27.87593356212761,-7.628803172571964,-3.0806134041217943,-6.048967367675871,-4.8001825447446285,-14.246670158238183
1103,350035000016.5947,20,34.9999873847242,35.0,291.9,0,0.0,0.7753875942813573,0.22461240571864274,8.953964720325184e-26,200.0,61.3,-184.1822922687752,-1.328050210580729,-0.9337170638474517,-11.174782862592357,0.0,0.0,-27.87593356212761,-7.628803172571964,-3.0806134041217943,-6.048967367675871,-4.8001825447446285,-14.246670158238183
1104,350035000016.5947,21,34.9999873847242,35.0,291.9,0,0.0,0.7753767763465577,0.22462322365344237,8.506266484308924e-26,200.0,61.3,-184.1822922687752,-1.328050210580729,-0.9337170638474517,-11.174782862592357,0.0,0.0,-27.87593356212761,-7.628803172571964,-3.0806134041217943,-6.048967367675871,-4.8001825447446285,-14.246670158238183
1105,350035000016.5947,22,34.9999873847242,35.0,291.9,0,0.0,0.7753636083004546,0.22463639169954536,8.080953160093478e-26,200.0,61.3,-184.1822922687752,-1.328050210580729,-0.9337170638474517,-11.174782862592357,0.0,0.0,-27.87593356212761,-7.628803172571964,-3.0806134041217943,-6.048967367675871,-4.8001825447446285,-14.246670158238183
1106,350035000016.5947,23,34.9999873847242,35.0,291.9,0,0.0,0.7753518696581235,0.22464813034187647,7.676905502088803e-26,200.0,61.3,-184.1822922687752,-1.328050210580729,-0.9337170638474517,-11.174782862592357,0.0,0.0,-27.87593356212761,-7.628803172571964,-3.0806134041217943,-6.048967367675871,-4.8001825447446285,-14.246670158238183
1107,350035000016.5947,24,34.9999873847242,35.0,291.9,0,0.0,0.7753405740999263,0.22465942590007376,7.293060226984364e-26,200.0,61.3,-184.1822922687752,-1.328050210580729,-0.9337170638474517,-11.174782862592357,0.0,0.0,-27.87593356212761,-7.628803172571964,-3.0806134041217943,-6.048967367675871,-4.8001825447446285,-14.246670158238183
1108,350035000016.5947,25,34.9999873847242,35.0,291.9,0,0.0,0.7753306122913802,0.2246693877086198,6.928407215635146e-26,200.0,61.3,-184.1822922687752,-1.328050210580729,-0.9337170638474517,-11.174782862592357,0.0,0.0,-27.87593356212761,-7.628803172571964,-3.0806134041217943,-6.048967367675871,-4.8001825447446285,-14.246670158238183
1109,350035000016.5947,26,34.9999873847242,35.0,291.9,0,0.0,0.7753200926803601,0.22467990731963997,6.581986854853388e-26,200.0,61.3,-184.1822922687752,-1.328050210580729,-0.9337170638474517,-11.174782862592357,0.0,0.0,-27.87593356212761,-7.628803172571964,-3.0806134041217943,-6.048967367675871,-4.8001825447446285,-14.246670158238183
1110,350035000016.5947,27,34.9999873847242,35.0,291.9,0,0.0,0.7753199705472855,0.22468002945271442,6.252887512110719e-26,200.0,61.3,-184.1822922687752,-1.328050210580729,-0.9337170638474517,-11.174782862592357,0.0,0.0,-27.87593356212761,-7.628803172571964,-3.0806134041217943,-6.048967367675871,-4.8001825447446285,-14.246670158238183
1111,350035000016.5947,28,34.9999873847242,35.0,291.9,0,0.0,0.7753178845510199,0.22468211544898012,5.940243136505184e-26,200.0,61.3,-184.1822922687752,-1.328050210580729,-0.9337170638474517,-11.174782862592357,0.0,0.0,-27.87593356212761,-7.628803172571964,-3.0806134041217943,-6.048967367675871,-4.8001825447446285,-14.246670158238183
1112,350035000016.5947,29,34.9999873847242,35.0,291.9,0,0.0,0.7753139359570977,0.22468606404290226,5.643230979679925e-26,200.0,61.3,-184.1822922687752,-1.328050210580729,-0.9337170638474517,-11.174782862592357,0.0,0.0,-27.87593356212761,-7.628803172571964,-3.0806134041217943,-6.048967367675871,-4.8001825447446285,-14.246670158238183
1113,350035000016.5947,30,34.9999873847242,35.0,291.9,0,0.0,0.7753136673856438,0.22468633261435622,5.361069430695928e-26,200.0,61.3,-184.1822922687752,-1.328050210580729,-0.9337170638474517,-11.174782862592357,0.0,0.0,-27.87593356212761,-7.628803172571964,-3.0806134041217943,-6.048967367675871,-4.8001825447446285,-14.246670158238183
1114,350035000016.5947,31,34.9999873847242,35.0,291.9,0,0.0,0.7753132613588875,0.22468673864111255,5.0930159591611314e-26,200.0,61.3,-184.1822922687752,-1.328050210580729,-0.9337170638474517,-11.174782862592357,0.0,0.0,-27.87593356212761,-7.628803172571964,-3.0806134041217943,-6.048967367675871,-4.8001825447446285,-14.246670158238183
1115,350035000016.5947,32,34.9999873847242,35.0,291.9,0,0.0,0.7753118191447161,0.2246881808552838,4.8383651612030747e-26,200.0,61.3,-184.1822922687752,-1.328050210580729,-0.9337170638474517,-11.174782862592357,0.0,0.0,-27.87593356212761,-7.628803172571964,-3.0806134041217943,-6.048967367675871,-4.8001825447446285,-14.246670158238183
1116,350035000016.5947,33,34.9999873847242,35.0,291.9,0,0.0,0.7753093943153352,0.22469060568466478,4.596446903142921e-26,200.0,61.3,-184.1822922687752,-1.328050210580729,-0.9337170638474517,-11.174782862592357,0.0,0.0,-27.87593356212761,-7.628803172571964,-3.0806134041217943,-6.048967367675871,-4.8001825447446285,-14.246670158238183
1117,350035000016.5947,34,34.9999873847242,35.0,291.9,0,0.0,0.775306037759931,0.22469396224006893,4.366624557985775e-26,200.0,61.3,-184.1822922687752,-1.328050210580729,-0.9337170638474517,-11.174782862592357,0.0,0.0,-27.87593356212761,-7.628803172571964,-3.0806134041217943,-6.048967367675871,-4.8001825447446285,-14.246670158238183
1118,350035000016.5947,35,34.9999873847242,35.0,291.9,0,0.0,0.7753063157423516,0.22469368425764838,4.1482933300864865e-26,200.0,61.3,-184.1822922687752,-1.328050210580729,-0.9337170638474517,-11.174782862592357,0.0,0.0,-27.87593356212761,-7.628803172571964,-3.0806134041217943,-6.048967367675871,-4.8001825447446285,-14.246670158238183
1119,350035000016.5947,36,34.9999873847242,35.0,291.9,0,0.0,0.77530552690321,0.22469447309678997,3.940878663582162e-26,200.0,61.3,-184.1822922687752,-1.328050210580729,-0.9337170638474517,-11.174782862592357,0.0,0.0,-27.87593356212761,-7.628803172571964,-3.0806134041217943,-6.048967367675871,-4.8001825447446285,-14.246670158238183
1120,350035000016.5947,37,34.9999873847242,35.0,291.9,0,0.0,0.7753055300169502,0.22469446998304984,3.743834730403054e-26,200.0,61.3,-184.1822922687752,-1.328050210580729,-0.9337170638474517,-11.174782862592357,0.0,0.0,-27.87593356212761,-7.628803172571964,-3.0806134041217943,-6.048967367675871,-4.8001825447446285,-14.246670158238183
1121,350035000016.5947,38,34.9999873847242,35.0,291.9,0,0.0,0.7753053831691846,0.22469461683081535,3.556642993882901e-26,200.0,61.3,-184.1822922687752,-1.328050210580729,-0.9337170638474517,-11.174782862592357,0.0,0.0,-27.87593356212761,-7.628803172571964,-3.0806134041217943,-6.048967367675871,-4.8001825447446285,-14.246670158238183
1122,350035000016.5947,39,34.9999873847242,35.0,291.9,0,0.0,0.7753023931929085,0.22469760680709144,3.378810844188756e-26,200.0,61.3,-184.1822922687752,-1.328050210580729,-0.9337170638474517,-11.174782862592357,0.0,0.0,-27.87593356212761,-7.628803172571964,-3.0806134041217943,-6.048967367675871,-4.8001825447446285,-14.246670158238183
1123,350035000016.5947,40,34.9999873847242,35.0,291.9,0,0.0,0.7752967063220516,0.22470329367794845,3.209870301979319e-26,200.0,61.3,-184.1822922687752,-1.328050210580729,-0.9337170638474517,-11.174782862592357,0.0,0.0,-27.87593356212761,-7.628803172571964,-3.0806134041217943,-6.048967367675871,-4.8001825447446285,-14.246670158238183
1124,350035000016.5947,41,34.9999873847242,35.0,291.9,0,0.0,0.775290260267694,0.22470973973230607,3.0493767868803537e-26,200.0,61.3,-184.1822922687752,-1.328050210580729,-0.9337170638474517,-11.174782862592357,0.0,0.0,-27.87593356212761,-7.628803172571964,-3.0806134041217943,-6.048967367675871,-4.8001825447446285,-14.246670158238183
1125,350035000016.5947,42,34.9999873847242,35.0,291.9,0,0.0,0.7752839932768161,0.22471600672318398,2.896907947536336e-26,200.0,61.3,-184.1822922687752,-1.328050210580729,-0.9337170638474517,-11.174782862592357,0.0,0.0,-27.87593356212761,-7.628803172571964,-3.0806134041217943,-6.048967367675871,-4.8001825447446285,-14.246670158238183
1126,350035000016.5947,43,34.9999873847242,35.0,291.9,0,0.0,0.7752761009998559,0.22472389900014414,2.752062550159519e-26,200.0,61.3,-184.1822922687752,-1.328050210580729,-0.9337170638474517,-11.174782862592357,0.0,0.0,-27.87593356212761,-7.628803172571964,-3.0806134041217943,-6.048967367675871,-4.8001825447446285,-14.246670158238183
1127,350035000016.5947,44,34.9999873847242,35.0,291.9,0,0.0,0.7752657702888346,0.22473422971116547,2.614459422651543e-26,200.0,61.3,-184.1822922687752,-1.328050210580729,-0.9337170638474517,-11.174782862592357,0.0,0.0,-27.87593356212761,-7.628803172571964,-3.0806134041217943,-6.048967367675871,-4.8001825447446285,-14.246670158238183
1128,350035000016.5947,45,34.9999873847242,35.0,291.9,0,0.0,0.7752594033904773,0.22474059660952272,2.4837364515189659e-26,200.0,61.3,-184.1822922687752,-1.328050210580729,-0.9337170638474517,-11.174782862592357,0.0,0.0,-27.87593356212761,-7.628803172571964,-3.0806134041217943,-6.048967367675871,-4.8001825447446285,-14.246670158238183
1129,350035000016.5947,46,34.9999873847242,35.0,291.9,0,0.0,0.7752558993542344,0.2247441006457655,2.3595496289430174e-26,200.0,61.3,-184.1822922687752,-1.328050210580729,-0.9337170638474517,-11.174782862592357,0.0,0.0,-27.87593356212761,-7.628803172571964,-3.0806134041217943,-6.048967367675871,-4.8001825447446285,-14.246670158238183
1130,350035000016.5947,47,34.9999873847242,35.0,291.9,0,0.0,0.7752533213176579,0.22474667868234205,2.2415721474958665e-26,200.0,61.3,-184.1822922687752,-1.328050210580729,-0.9337170638474517,-11.174782862592357,0.0,0.0,-27.87593356212761,-7.628803172571964,-3.0806134041217943,-6.048967367675871,-4.8001825447446285,-14.246670158238183
1131,350035000016.5947,48,34.9999873847242,35.0,291.9,0,0.0,0.775248940895482,0.22475105910451795,2.1294935401210733e-26,200.0,61.3,-184.1822922687752,-1.328050210580729,-0.9337170638474517,-11.174782862592357,0.0,0.0,-27.87593356212761,-7.628803172571964,-3.0806134041217943,-6.048967367675871,-4.8001825447446285,-14.246670158238183
1132,350035000016.5947,49,34.9999873847242,35.0,291.9,0,0.0,0.775243744251794,0.22475625574820604,2.0230188631150198e-26,200.0,61.3,-184.1822922687752,-1.328050210580729,-0.9337170638474517,-11.174782862592357,0.0,0.0,-27.87593356212761,-7.628803172571964,-3.0806134041217943,-6.048967367675871,-4.8001825447446285,-14.246670158238183
1133,350035000016.5947,0,34.9999873847242,35.0,291.9,0,0.0,0.7752359889800089,0.22476401101999105,1.9218679199592686e-26,200.0,61.3,-184.1822922687752,-1.328050210580729,-0.9337170638474517,-11.174782862592357,0.0,0.0,-27.87593356212761,-7.628803172571964,-3.0806134041217943,-6.048967367675871,-4.8001825447446285,-14.246670158238183
1134,350035000016.5947,1,34.9999873847242,35.0,291.9,0,0.0,0.7752293745488738,0.2247706254511263,1.8257745239613053e-26,200.0,61.3,-184.1822922687752,-1.328050210580729,-0.9337170638474517,-11.174782862592357,0.0,0.0,-27.87593356212761,-7.628803172571964,-3.0806134041217943,-6.048967367675871,-4.8001825447446285,-14.246670158238183
1135,350035000016.5947,2,34.9999873847242,35.0,291.9,0,0.0,0.7752256239284682,0.2247743760715319,1.7344857977632398e-26,200.0,61.3,-184.1822922687752,-1.328050210580729,-0.9337170638474517,-11.174782862592357,0.0,0.0,-27.87593356212761,-7.628803172571964,-3.0806134041217943,-6.048967367675871,-4.8001825447446285,-14.246670158238183
1136,350035000016.5947,3,34.9999873847242,35.0,291.9,0,0.0,0.775218359429205,0.22478164057079503,1.6477615078750776e-26,200.0,61.3,-184.1822922687752,-1.328050210580729,-0.9337170638474517,-11.174782862592357,0.0,0.0,-27.87593356212761,-7.628803172571964,-3.0806134041217943,-6.048967367675871,-4.8001825447446285,-14.246670158238183
1137,350035000016.5947,4,34.9999873847242,35.0,291.9,0,0.0,0.7752130989563624,0.22478690104363763,1.5653734324813236e-26,200.0,61.3,-184.1822922687752,-1.328050210580729,-0.9337170638474517,-11.174782862592357,0.0,0.0,-27.87593356212761,-7.628803172571964,-3.0806134041217943,-6.048967367675871,-4.8001825447446285,-14.246670158238183
1138,350035000016.5947,5,34.9999873847242,35.0,291.9,0,0.0,0.7752097390691297,0.22479026093087032,1.4871047608572574e-26,200.0,61.3,-184.1822922687752,-1.328050210580729,-0.9337170638474517,-11.174782862592357,0.0,0.0,-27.87593356212761,-7.628803172571964,-3.0806134041217943,-6.048967367675871,-4.8001825447446285,-14.246670158238183
1139,350035000016.5947,6,34.9999873847242,35.0,291.9,0,0.0,0.7752046313999345,0.2247953686000655,1.4127495228143944e-26,200.0,61.3,-184.1822922687752,-1.328050210580729,-0.9337170638474517,-11.174782862592357,0.0,0.0,-27.87593356212761,-7.628803172571964,-3.0806134041217943,-6.048967367675871,-4.8001825447446285,-14.246670158238183
1140,350035000016.5947,7,34.9999873847242,35.0,291.9,0,0.0,0.775197866253508,0.22480213374649208,1.342112046673675e-26,200.0,61.3,-184.1822922687752,-1.328050210580729,-0.9337170638474517,-11.174782862592357,0.0,0.0,-27.87593356212761,-7.628803172571964,-3.0806134041217943,-6.048967367675871,-4.8001825447446285,-14.246670158238183
1141,350035000016.5947,8,34.9999873847242,35.0,291.9,0,0.0,0.7751913023961795,0.22480869760382044,1.2750064443399911e-26,200.0,61.3,-184.1822922687752,-1.328050210580729,-0.9337170638474517,-11.174782862592357,0.0,0.0,-27.87593356212761,-7.628803172571964,-3.0806134041217943,-6.048967367675871,-4.8001825447446285,-14.246670158238183
1142,350035000016.5947,9,34.9999873847242,35.0,291.9,0,0.0,0.775184044325489,0.22481595567451096,1.2112561221229917e-26,200.0,61.3,-184.1822922687752,-1.328050210580729,-0.9337170638474517,-11.174782862592357,0.0,0.0,-27.87593356212761,-7.628803172571964,-3.0806134041217943,-6.048967367675871,-4.8001825447446285,-14.246670158238183
1143,350035000016.5947,10,34.9999873847242,35.0,291.9,0,0.0,0.7751823214217544,0.2248176785782456,1.1506933160168421e-26,200.0,61.3,-184.1822922687752,-1.328050210580729,-0.9337170638474517,-11.174782862592357,0.0,0.0,-27.87593356212761,-7.628803172571964,-3.0806134041217943,-6.048967367675871,-4.8001825447446285,-14.246670158238183
1144,350035000016.5947,11,34.9999873847242,35.0,291.9,0,0.0,0.7751805445994939,0.22481945540050607,1.093158650216e-26,200.0,61.3,-184.1822922687752,-1.328050210580729,-0.9337170638474517,-11.174782862592357,0.0,0.0,-27.87593356212761,-7.628803172571964,-3.0806134041217943,-6.048967367675871,-4.8001825447446285,-14.246670158238183
1145,350035000016.5947,12,34.9999873847242,35.0,291.9,0,0.0,0.7751831297940511,0.22481687020594882,1.0385007177052e-26,200.0,61.3,-184.1822922687752,-1.328050210580729,-0.9337170638474517,-11.174782862592357,0.0,0.0,-27.87593356212761,-7.628803172571964,-3.0806134041217943,-6.048967367675871,-4.8001825447446285,-14.246670158238183
1146,350035000016.5947,13,34.9999873847242,35.0,291.9,0,0.0,0.7751827971324935,0.22481720286750656,9.8657568181994e-27,200.0,61.3,-184.1822922687752,-1.328050210580729,-0.9337170638474517,-11.174782862592357,0.0,0.0,-27.87593356212761,-7.628803172571964,-3.0806134041217943,-6.048967367675871,-4.8001825447446285,-14.246670158238183
1147,350035000016.5947,14,34.9999873847242,35.0,291.9,0,0.0,0.7751823402539336,0.22481765974606638,9.37246897728943e-27,200.0,61.3,-184.1822922687752,-1.328050210580729,-0.9337170638474517,-11.174782862592357,0.0,0.0,-27.87593356212761,-7.628803172571964,-3.0806134041217943,-6.048967367675871,-4.8001825447446285,-14.246670158238183
1148,350035000016.5947,15,34.9999873847242,35.0,291.9,0,0.0,0.7751817656134309,0.22481823438656914,8.90384552842496e-27,200.0,61.3,-184.1822922687752,-1.328050210580729,-0.9337170638474517,-11.174782862592357,0.0,0.0,-27.87593356212761,-7.628803172571964,-3.0806134041217943,-6.048967367675871,-4.8001825447446285,-14.246670158238183
1149,350035000016.5947,16,34.9999873847242,35.0,291.9,0,0.0,0.7751784400360371,0.22482155996396289,8.458653252003712e-27,200.0,61.3,-184.1822922687752,-1.328050210580729,-0.9337170638474517,-11.174782862592357,0.0,0.0,-27.87593356212761,-7.628803172571964,-3.0806134041217943,-6.048967367675871,-4.8001825447446285,-14.246670158238183
1150,350035000016.5947,17,34.9999873847242,35.0,291.9,0,0.0,0.7751777799247784,0.2248222200752215,8.035720589403525e-27,200.0,61.3,-184.1822922687752,-1.328050210580729,-0.9337170638474517,-11.174782862592357,0.0,0.0,-27.87593356212761,-7.628803172571964,-3.0806134041217943,-6.048967367675871,-4.8001825447446285,-14.246670158238183
1151,350035000016.5947,18,34.9999873847242,35.0,291.9,0,0.0,0.7751778910094391,0.22482210899056085,7.633934559933349e-27,200.0,61.3,-184.1822922687752,-1.328050210580729,-0.9337170638474517,-11.174782862592357,0.0,0.0,-27.87593356212761,-7.628803172571964,-3.0806134041217943,-6.048967367675871,-4.8001825447446285,-14.246670158238183
1152,350035000016.5947,19,34.9999873847242,35.0,291.9,0,0.0,0.7751743463020722,0.22482565369792787,7.252237831936683e-27,200.0,61.3,-184.1822922687752,-1.328050210580729,-0.9337170638474517,-11.174782862592357,0.0,0.0,-27.87593356212761,-7.628803172571964,-3.0806134041217943,-6.048967367675871,-4.8001825447446285,-14.246670158238183
1153,350035000016.5947,20,34.9999873847242,35.0,291.9,0,0.0,0.7751752250077429,0.22482477499225711,6.889625940339849e-27,200.0,61.3,-184.1822922687752,-1.328050210580729,-0.9337170638474517,-11.174782862592357,0.0,0.0,-27.87593356212761,-7.628803172571964,-3.0806134041217943,-6.048967367675871,-4.8001825447446285,-14.246670158238183
1154,350035000016.5947,21,34.9999873847242,35.0,291.9,0,0.0,0.7751785457104345,0.2248214542895653,6.545144643322855e-27,200.0,61.3,-184.1822922687752,-1.328050210580729,-0.9337170638474517,-11.174782862592357,0.0,0.0,-27.87593356212761,-7.628803172571964,-3.0806134041217943,-6.048967367675871,-4.8001825447446285,-14.246670158238183
1155,350035000016.5947,22,34.9999873847242,35.0,291.9,0,0.0,0.7751815577309219,0.22481844226907813,6.2178874111567136e-27,200.0,61.3,-184.1822922687752,-1.328050210580729,-0.9337170638474517,-11.174782862592357,0.0,0.0,-27.87593356212761,-7.628803172571964,-3.0806134041217943,-6.048967367675871,-4.8001825447446285,-14.246670158238183
1156,350035000016.5947,23,34.9999873847242,35.0,291.9,0,0.0,0.7751825287739162,0.22481747122608375,5.906993040598878e-27,200.0,61.3,-184.1822922687752,-1.328050210580729,-0.9337170638474517,-11.174782862592357,0.0,0.0,-27.87593356212761,-7.628803172571964,-3.0806134041217943,-6.048967367675871,-4.8001825447446285,-14.246670158238183
1157,350035000016.5947,24,34.9999873847242,35.0,291.9,0,0.0,0.7751806901400004,0.22481930985999965,5.611643388568934e-27,200.0,61.3,-184.1822922687752,-1.328050210580729,-0.9337170638474517,-11.174782862592357,0.0,0.0,-27.87593356212761,-7.628803172571964,-3.0806134041217943,-6.048967367675871,-4.8001825447446285,-14.246670158238183
1158,350035000016.5947,25,34.9999873847242,35.0,291.9,0,0.0,0.7751735661792154,0.22482643382078454,5.331061219140487e-27,200.0,61.3,-184.1822922687752,-1.328050210580729,-0.9337170638474517,-11.174782862592357,0.0,0.0,-27.87593356212761,-7.628803172571964,-3.0806134041217943,-6.048967367675871,-4.8001825447446285,-14.246670158238183
1159,350035000016.5947,26,34.9999873847242,35.0,291.9,0,0.0,0.7751657921384003,0.2248342078615997,5.064508158183463e-27,200.0,61.3,-184.1822922687752,-1.328050210580729,-0.9337170638474517,-11.174782862592357,0.0,0.0,-27.87593356212761,-7.628803172571964,-3.0806134041217943,-6.048967367675871,-4.8001825447446285,-14.246670158238183
1160,350035000016.5947,27,34.9999873847242,35.0,291.9,0,0.0,0.7751539126694516,0.2248460873305485,4.8112827502742904e-27,200.0,61.3,-184.1822922687752,-1.328050210580729,-0.9337170638474517,-11.174782862592357,0.0,0.0,-27.87593356212761,-7.628803172571964,-3.0806134041217943,-6.048967367675871,-4.8001825447446285,-14.246670158238183
1161,350035000016.5947,28,34.9999873847242,35.0,291.9,0,0.0,0.775141626704271,0.224858373295729,4.570718612760576e-27,200.0,61.3,-184.1822922687752,-1.328050210580729,-0.9337170638474517,-11.174782862592357,0.0,0.0,-27.87593356212761,-7.628803172571964,-3.0806134041217943,-6.048967367675871,-4.8001825447446285,-14.246670158238183
1162,350035000016.5947,29,34.9999873847242,35.0,291.9,0,0.0,0.775134182066158,0.22486581793384194,4.3421826821225464e-27,200.0,61.3,-184.1822922687752,-1.328050210580729,-0.9337170638474517,-11.174782862592357,0.0,0.0,-27.87593356212761,-7.628803172571964,-3.0806134041217943,-6.048967367675871,-4.8001825447446285,-14.246670158238183
1163,350035000016.5947,30,34.9999873847242,35.0,291.9,0,0.0,0.7751269785429111,0.2248730214570889,4.1250735480164195e-27,200.0,61.3,-184.1822922687752,-1.328050210580729,-0.9337170638474517,-11.174782862592357,0.0,0.0,-27.87593356212761,-7.628803172571964,-3.0806134041217943,-6.048967367675871,-4.8001825447446285,-14.246670158238183
1164,350035000016.5947,31,34.9999873847242,35.0,291.9,0,0.0,0.7751208734742826,0.22487912652571743,3.918819870615599e-27,200.0,61.3,-184.1822922687752,-1.328050210580729,-0.9337170638474517,-11.174782862592357,0.0,0.0,-27.87593356212761,-7.628803172571964,-3.0806134041217943,-6.048967367675871,-4.8001825447446285,-14.246670158238183
1165,350035000016.5947,32,34.9999873847242,35.0,291.9,0,0.0,0.7751158105944993,0.22488418940550076,3.7228788770848196e-27,200.0,61.3,-184.1822922687752,-1.328050210580729,-0.9337170638474517,-11.174782862592357,0.0,0.0,-27.87593356212761,-7.628803172571964,-3.0806134041217943,-6.048967367675871,-4.8001825447446285,-14.246670158238183
1166,350035000016.5947,33,34.9999873847242,35.0,291.9,0,0.0,0.7751100013384631,0.22488999866153692,3.536734933230578e-27,200.0,61.3,-184.1822922687752,-1.328050210580729,-0.9337170638474517,-11.174782862592357,0.0,0.0,-27.87593356212761,-7.628803172571964,-3.0806134041217943,-6.048967367675871,-4.8001825447446285,-14.246670158238183
1167,350035000016.5947,34,34.9999873847242,35.0,291.9,0,0.0,0.7751078185092037,0.2248921814907962,3.359898186569049e-27,200.0,61.3,-184.1822922687752,-1.328050210580729,-0.9337170638474517,-11.174782862592357,0.0,0.0,-27.87593356212761,-7.628803172571964,-3.0806134041217943,-6.048967367675871,-4.8001825447446285,-14.246670158238183
1168,350035000016.5947,35,34.9999873847242,35.0,291.9,0,0.0,0.7751064769233897,0.22489352307661026,3.1919032772405965e-27,200.0,61.3,-184.1822922687752,-1.328050210580729,-0.9337170638474517,-11.174782862592357,0.0,0.0,-27.87593356212761,-7.628803172571964,-3.0806134041217943,-6.048967367675871,-4.8001825447446285,-14.246670158238183
1169,350035000016.5947,36,34.9999873847242,35.0,291.9,0,0.0,0.7751050682554138,0.22489493174458625,3.032308113378567e-27,200.0,61.3,-184.1822922687752,-1.328050210580729,-0.9337170638474517,-11.174782862592357,0.0,0.0,-27.87593356212761,-7.628803172571964,-3.0806134041217943,-6.048967367675871,-4.8001825447446285,-14.246670158238183
1170,350035000016.5947,37,34.9999873847242,35.0,291.9,0,0.0,0.7751027317850406,0.2248972682149594,2.8806927077096383e-27,200.0,61.3,-184.1822922687752,-1.328050210580729,-0.9337170638474517,-11.174782862592357,0.0,0.0,-27.87593356212761,-7.628803172571964,-3.0806134041217943,-6.048967367675871,-4.8001825447446285,-14.246670158238183
1171,350035000016.5947,38,34.9999873847242,35.0,291.9,0,0.0,0.7751029696024292,0.22489703039757075,2.7366580723241563e-27,200.0,61.3,-184.1822922687752,-1.328050210580729,-0.9337170638474517,-11.174782862592357,0.0,0.0,-27.87593356212761,-7.628803172571964,-3.0806134041217943,-6.048967367675871,-4.8001825447446285,-14.246670158238183
1172,350035000016.5947,39,34.9999873847242,35.0,291.9,0,0.0,0.7751013351835195,0.2248986648164805,2.5998251687079488e-27,200.0,61.3,-184.1822922687752,-1.328050210580729,-0.9337170638474517,-11.174782862592357,0.0,0.0,-27.87593356212761,-7.628803172571964,-3.0806134041217943,-6.048967367675871,-4.8001825447446285,-14.246670158238183
1173,350035000016.5947,40,34.9999873847242,35.0,291.9,0,0.0,0.7750962001729201,0.2249037998270798,2.4698339102725513e-27,200.0,61.3,-184.1822922687752,-1.328050210580729,-0.9337170638474517,-11.174782862592357,0.0,0.0,-27.87593356212761,-7.628803172571964,-3.0806134041217943,-6.048967367675871,-4.8001825447446285,-14.246670158238183
1174,350035000016.5947,41,34.9999873847242,35.0,291.9,0,0.0,0.7750929150534408,0.22490708494655925,2.346342214758924e-27,200.0,61.3,-184.1822922687752,-1.328050210580729,-0.9337170638474517,-11.174782862592357,0.0,0.0,-27.87593356212761,-7.628803172571964,-3.0806134041217943,-6.048967367675871,-4.8001825447446285,-14.246670158238183
1175,350035000016.5947,42,34.9999873847242,35.0,291.9,0,0.0,0.7750939657541074,0.22490603424589267,2.2290251040209776e-27,200.0,61.3,-184.1822922687752,-1.328050210580729,-0.9337170638474517,-11.174782862592357,0.0,0.0,-27.87593356212761,-7.628803172571964,-3.0806134041217943,-6.048967367675871,-4.8001825447446285,-14.246670158238183
1176,350035000016.5947,43,34.9999873847242,35.0,291.9,0,0.0,0.7750939695056022,0.22490603049439786,2.1175738488199285e-27,200.0,61.3,-184.1822922687752,-1.328050210580729,-0.9337170638474517,-11.174782862592357,0.0,0.0,-27.87593356212761,-7.628803172571964,-3.0806134041217943,-6.048967367675871,-4.8001825447446285,-14.246670158238183
1177,350035000016.5947,44,34.9999873847242,35.0,291.9,0,0.0,0.7750989916115053,0.22490100838849475,2.011695156378932e-27,200.0,61.3,-184.1822922687752,-1.328050210580729,-0.9337170638474517,-11.174782862592357,0.0,0.0,-27.87593356212761,-7.628803172571964,-3.0806134041217943,-6.048967367675871,-4.8001825447446285,-14.246670158238183
1178,350035000016.5947,45,34.9999873847242,35.0,291.9,0,0.0,0.7751001930951382,0.22489980690486178,1.9111103985599852e-27,200.0,61.3,-184.1822922687752,-1.328050210580729,-0.9337170638474517,-11.174782862592357,0.0,0.0,-27.87593356212761,-7.628803172571964,-3.0806134041217943,-6.048967367675871,-4.8001825447446285,-14.246670158238183
1179,350035000016.5947,46,34.9999873847242,35.0,291.9,0,0.0,0.7750994847837334,0.22490051521626658,1.8155548786319857e-27,200.0,61.3,-184.1822922687752,-1.328050210580729,-0.9337170638474517,-11.174782862592357,0.0,0.0,-27.87593356212761,-7.628803172571964,-3.0806134041217943,-6.048967367675871,-4.8001825447446285,-14.246670158238183
1180,350035000016.5947,47,34.9999873847242,35.0,291.9,0,0.0,0.7750969648863885,0.22490303511361154,1.7247771347003868e-27,200.0,61.3,-184.1822922687752,-1.328050210580729,-0.9337170638474517,-11.174782862592357,0.0,0.0,-27.87593356212761,-7.628803172571964,-3.0806134041217943,-6.048967367675871,-4.8001825447446285,-14.246670158238183
1181,350035000016.5947,48,34.9999873847242,35.0,291.9,0,0.0,0.7750901567568518,0.22490984324314825,1.6385382779653673e-27,200.0,61.3,-184.1822922687752,-1.328050210580729,-0.9337170638474517,-11.174782862592357,0.0,0.0,-27.87593356212761,-7.628803172571964,-3.0806134041217943,-6.048967367675871,-4.8001825447446285,-14.246670158238183
1182,350035000016.5947,49,34.9999873847242,35.0,291.9,0,0.0,0.7750809927373737,0.22491900726262626,1.556611364067099e-27,200.0,61.3,-184.1822922687752,-1.328050210580729,-0.9337170638474517,-11.174782862592357,0.0,0.0,-27.87593356212761,-7.628803172571964,-3.0806134041217943,-6.048967367675871,-4.8001825447446285,-14.246670158238183
1183,350035000016.5947,0,34.9999873847242,35.0,291.9,0,0.0,0.775071305927658,0.22492869407234198,1.4787807958637439e-27,200.0,61.3,-184.1822922687752,-1.328050210580729,-0.9337170638474517,-11.174782862592357,0.0,0.0,-27.87593356212761,-7.628803172571964,-3.0806134041217943,-6.048967367675871,-4.8001825447446285,-14.246670158238183
1184,350035000016.5947,1,34.9999873847242,35.0,291.9,0,0.0,0.7750594136118807,0.2249405863881193,1.4048417560705567e-27,200.0,61.3,-184.1822922687752,-1.328050210580729,-0.9337170638474517,-11.174782862592357,0.0,0.0,-27.87593356212761,-7.628803172571964,-3.0806134041217943,-6.048967367675871,-4.8001825447446285,-14.246670158238183
1185,350035000016.5947,2,34.9999873847242,35.0,291.9,0,0.0,0.7750462845265433,0.22495371547345663,1.3345996682670288e-27,200.0,61.3,-184.1822922687752,-1.328050210580729,-0.9337170638474517,-11.174782862592357,0.0,0.0,-27.87593356212761,-7.628803172571964,-3.0806134041217943,-6.048967367675871,-4.8001825447446285,-14.246670158238183
1186,350035000016.5947,3,34.9999873847242,35.0,291.9,0,0.0,0.7750379605962939,0.22496203940370613,1.2678696848536774e-27,200.0,61.3,-184.1822922687752,-1.328050210580729,-0.9337170638474517,-11.174782862592357,0.0,0.0,-27.87593356212761,-7.628803172571964,-3.0806134041217943,-6.048967367675871,-4.8001825447446285,-14.246670158238183
1187,350035000016.5947,4,34.9999873847242,35.0,291.9,0,0.0,0.7750290761736904,0.2249709238263094,1.2044762006109933e-27,200.0,61.3,-184.1822922687752,-1.328050210580729,-0.9337170638474517,-11.174782862592357,0.0,0.0,-27.87593356212761,-7.628803172571964,-3.0806134041217943,-6.048967367675871,-4.8001825447446285,-14.246670158238183
1188,350035000016.5947,5,34.9999873847242,35.0,291.9,0,0.0,0.7750171033277554,0.2249828966722446,1.1442523905804438e-27,200.0,61.3,-184.1822922687752,-1.328050210580729,-0.9337170638474517,-11.174782862592357,0.0,0.0,-27.87593356212761,-7.628803172571964,-3.0806134041217943,-6.048967367675871,-4.8001825447446285,-14.246670158238183
1189,350035000016.5947,6,34.9999873847242,35.0,291.9,0,0.0,0.7750090162857584,0.22499098371424164,1.0870397710514215e-27,200.0,61.3,-184.1822922687752,-1.328050210580729,-0.9337170638474517,-11.174782862592357,0.0,0.0,-27.87593356212761,-7.628803172571964,-3.0806134041217943,-6.048967367675871,-4.8001825447446285,-14.246670158238183
1190,350035000016.5947,7,34.9999873847242,35.0,291.9,0,0.0,0.775003763308356,0.22499623669164406,1.0326877824988505e-27,200.0,61.3,-184.1822922687752,-1.328050210580729,-0.9337170638474517,-11.174782862592357,0.0,0.0,-27.87593356212761,-7.628803172571964,-3.0806134041217943,-6.048967367675871,-4.8001825447446285,-14.246670158238183
1191,350035000016.5947,8,34.9999873847242,35.0,291.9,0,0.0,0.7750020473991102,0.22499795260088978,9.81053393373908e-28,200.0,61.3,-184.1822922687752,-1.328050210580729,-0.9337170638474517,-11.174782862592357,0.0,0.0,-27.87593356212761,-7.628803172571964,-3.0806134041217943,-6.048967367675871,-4.8001825447446285,-14.246670158238183
1192,350035000016.5947,9,34.9999873847242,35.0,291.9,0,0.0,0.7750011390974977,0.22499886090250232,9.320007237052127e-28,200.0,61.3,-184.1822922687752,-1.328050210580729,-0.9337170638474517,-11.174782862592357,0.0,0.0,-27.87593356212761,-7.628803172571964,-3.0806134041217943,-6.048967367675871,-4.8001825447446285,-14.246670158238183
1193,350035000016.5947,10,34.9999873847242,35.0,291.9,0,0.0,0.7749993007163104,0.22500069928368957,8.85400687519952e-28,200.0,61.3,-184.1822922687752,-1.328050210580729,-0.9337170638474517,-11.174782862592357,0.0,0.0,-27.87593356212761,-7.628803172571964,-3.0806134041217943,-6.048967367675871,-4.8001825447446285,-14.246670158238183
1194,350035000016.5947,11,34.9999873847242,35.0,291.9,0,0.0,0.7749999695300093,0.2250000304699907,8.411306531439544e-28,200.0,61.3,-184.1822922687752,-1.328050210580729,-0.9337170638474517,-11.174782862592357,0.0,0.0,-27.87593356212761,-7.628803172571964,-3.0806134041217943,-6.048967367675871,-4.8001825447446285,-14.246670158238183
1195,350035000016.5947,12,34.9999873847242,35.0,291.9,0,0.0,0.775003861492891,0.22499613850710898,7.990741204867567e-28,200.0,61.3,-184.1822922687752,-1.328050210580729,-0.9337170638474517,-11.174782862592357,0.0,0.0,-27.87593356212761,-7.628803172571964,-3.0806134041217943,-6.048967367675871,-4.8001825447446285,-14.246670158238183
1196,350035000016.5947,13,34.9999873847242,35.0,291.9,0,0.0,0.7750116535985303,0.22498834640146967,7.591204144624189e-28,200.0,61.3,-184.1822922687752,-1.328050210580729,-0.9337170638474517,-11.174782862592357,0.0,0.0,-27.87593356212761,-7.628803172571964,-3.0806134041217943,-6.048967367675871,-4.8001825447446285,-14.246670158238183
1197,350035000016.5947,14,34.9999873847242,35.0,291.9,0,0.0,0.7750197660318409,0.2249802339681592,7.21164393739298e-28,200.0,61.3,-184.1822922687752,-1.328050210580729,-0.9337170638474517,-11.174782862592357,0.0,0.0,-27.87593356212761,-7.628803172571964,-3.0806134041217943,-6.048967367675871,-4.8001825447446285,-14.246670158238183
1198,350035000016.5947,15,34.9999873847242,35.0,291.9,0,0.0,0.7750315541996945,0.2249684458003055,6.851061740523331e-28,200.0,61.3,-184.1822922687752,-1.328050210580729,-0.9337170638474517,-11.174782862592357,0.0,0.0,-27.87593356212761,-7.628803172571964,-3.0806134041217943,-6.048967367675871,-4.8001825447446285,-14.246670158238183
1199,350035000016.5947,16,34.9999873847242,35.0,291.9,0,0.0,0.7750442994190095,0.22495570058099043,6.5085086534971635e-28,200.0,61.3,-184.1822922687752,-1.328050210580729,-0.9337170638474517,-11.174782862592357,0.0,0.0,-27.87593356212761,-7.628803172571964,-3.0806134041217943,-6.048967367675871,-4.8001825447446285,-14.246670158238183
1200,350035000016.5947,17,34.9999873847242,35.0,291.9,0,0.0,0.7750571096516263,0.22494289034837364,6.183083220822305e-28,200.0,61.3,-184.1822922687752,-1.328050210580729,-0.9337170638474517,-11.174782862592357,0.0,0.0,-27.87593356212761,-7.628803172571964,-3.0806134041217943,-6.048967367675871,-4.8001825447446285,-14.246670158238183
1201,350035000016.5947,18,34.9999873847242,35.0,291.9,0,0.0,0.7750674583304445,0.2249325416695554,5.8739290597811895e-28,200.0,61.3,-184.1822922687752,-1.328050210580729,-0.9337170638474517,-11.174782862592357,0.0,0.0,-27.87593356212761,-7.628803172571964,-3.0806134041217943,-6.048967367675871,-4.8001825447446285,-14.246670158238183
1202,350035000016.5947,19,34.9999873847242,35.0,291.9,0,0.0,0.775075471159598,0.22492452884040204,5.580232606792131e-28,200.0,61.3,-184.1822922687752,-1.328050210580729,-0.9337170638474517,-11.174782862592357,0.0,0.0,-27.87593356212761,-7.628803172571964,-3.0806134041217943,-6.048967367675871,-4.8001825447446285,-14.246670158238183
1203,350035000016.5947,20,34.9999873847242,35.0,291.9,0,0.0,0.77508546547931,0.22491453452069,5.301220976452525e-28,200.0,61.3,-184.1822922687752,-1.328050210580729,-0.9337170638474517,-11.174782862592357,0.0,0.0,-27.87593356212761,-7.628803172571964,-3.0806134041217943,-6.048967367675871,-4.8001825447446285,-14.246670158238183
1204,350035000016.5947,21,34.9999873847242,35.0,291.9,0,0.0,0.7750964990671662,0.2249035009328339,5.036159927629899e-28,200.0,61.3,-184.1822922687752,-1.328050210580729,-0.9337170638474517,-11.174782862592357,0.0,0.0,-27.87593356212761,-7.628803172571964,-3.0806134041217943,-6.048967367675871,-4.8001825447446285,-14.246670158238183
1205,350035000016.5947,22,34.9999873847242,35.0,291.9,0,0.0,0.7751085170928433,0.22489148290715663,4.784351931248404e-28,200.0,61.3,-184.1822922687752,-1.328050210580729,-0.9337170638474517,-11.174782862592357,0.0,0.0,-27.87593356212761,-7.628803172571964,-3.0806134041217943,-6.048967367675871,-4.8001825447446285,-14.246670158238183
1206,350035000016.5947,23,34.9999873847242,35.0,291.9,0,0.0,0.7751156078788217,0.22488439212117833,4.545134334685984e-28,200.0,61.3,-184.1822922687752,-1.328050210580729,-0.9337170638474517,-11.174782862592357,0.0,0.0,-27.87593356212761,-7.628803172571964,-3.0806134041217943,-6.048967367675871,-4.8001825447446285,-14.246670158238183
1207,350035000016.5947,24,34.9999873847242,35.0,291.9,0,0.0,0.7751255534448207,0.22487444655517935,4.317877617951685e-28,200.0,61.3,-184.1822922687752,-1.328050210580729,-0.9337170638474517,-11.174782862592357,0.0,0.0,-27.87593356212761,-7.628803172571964,-3.0806134041217943,-6.048967367675871,-4.8001825447446285,-14.246670158238183
1208,350035000016.5947,25,34.9999873847242,35.0,291.9,0,0.0,0.7751356980409106,0.2248643019590893,4.101983737054101e-28,200.0,61.3,-184.1822922687752,-1.328050210580729,-0.9337170638474517,-11.174782862592357,0.0,0.0,-27.87593356212761,-7.628803172571964,-3.0806134041217943,-6.048967367675871,-4.8001825447446285,-14.246670158238183
1209,350035000016.5947,26,34.9999873847242,35.0,291.9,0,0.0,0.7751426905071773,0.22485730949282268,3.896884550201396e-28,200.0,61.3,-184.1822922687752,-1.328050210580729,-0.9337170638474517,-11.174782862592357,0.0,0.0,-27.87593356212761,-7.628803172571964,-3.0806134041217943,-6.048967367675871,-4.8001825447446285,-14.246670158238183
1210,350035000016.5947,27,34.9999873847242,35.0,291.9,0,0.0,0.7751516989289066,0.22484830107109338,3.702040322691326e-28,200.0,61.3,-184.1822922687752,-1.328050210580729,-0.9337170638474517,-11.174782862592357,0.0,0.0,-27.87593356212761,-7.628803172571964,-3.0806134041217943,-6.048967367675871,-4.8001825447446285,-14.246670158238183
1211,350035000016.5947,28,34.9999873847242,35.0,291.9,0,0.0,0.7751609511214081,0.2248390488785918,3.5169383065567597e-28,200.0,61.3,-184.1822922687752,-1.328050210580729,-0.9337170638474517,-11.174782862592357,0.0,0.0,-27.87593356212761,-7.628803172571964,-3.0806134041217943,-6.048967367675871,-4.8001825447446285,-14.246670158238183
1212,350035000016.5947,29,34.9999873847242,35.0,291.9,0,0.0,0.7751720989080835,0.22482790109191653,3.341091391228922e-28,200.0,61.3,-184.1822922687752,-1.328050210580729,-0.9337170638474517,-11.174782862592357,0.0,0.0,-27.87593356212761,-7.628803172571964,-3.0806134041217943,-6.048967367675871,-4.8001825447446285,-14.246670158238183
1213,350035000016.5947,30,34.9999873847242,35.0,291.9,0,0.0,0.775181715851476,0.22481828414852395,3.1740368216674758e-28,200.0,61.3,-184.1822922687752,-1.328050210580729,-0.9337170638474517,-11.174782862592357,0.0,0.0,-27.87593356212761,-7.628803172571964,-3.0806134041217943,-6.048967367675871,-4.8001825447446285,-14.246670158238183
1214,350035000016.5947,31,34.9999873847242,35.0,291.9,0,0.0,0.7751907112927369,0.22480928870726308,3.015334980584102e-28,200.0,61.3,-184.1822922687752,-1.328050210580729,-0.9337170638474517,-11.174782862592357,0.0,0.0,-27.87593356212761,-7.628803172571964,-3.0806134041217943,-6.048967367675871,-4.8001825447446285,-14.246670158238183
1215,350035000016.5947,32,34.9999873847242,35.0,291.9,0,0.0,0.7752016079142962,0.22479839208570387,2.864568231554897e-28,200.0,61.3,-184.1822922687752,-1.328050210580729,-0.9337170638474517,-11.174782862592357,0.0,0.0,-27.87593356212761,-7.628803172571964,-3.0806134041217943,-6.048967367675871,-4.8001825447446285,-14.246670158238183
1216,350035000016.5947,33,34.9999873847242,35.0,291.9,0,0.0,0.7752143060718444,0.2247856939281556,2.7213398199771523e-28,200.0,61.3,-184.1822922687752,-1.328050210580729,-0.9337170638474517,-11.174782862592357,0.0,0.0,-27.87593356212761,-7.628803172571964,-3.0806134041217943,-6.048967367675871,-4.8001825447446285,-14.246670158238183
1217,350035000016.5947,34,34.9999873847242,35.0,291.9,0,0.0,0.7752278826094412,0.22477211739055877,2.5852728289782944e-28,200.0,61.3,-184.1822922687752,-1.328050210580729,-0.9337170638474517,-11.174782862592357,0.0,0.0,-27.87593356212761,-7.628803172571964,-3.0806134041217943,-6.048967367675871,-4.8001825447446285,-14.246670158238183
1218,350035000016.5947,35,34.9999873847242,35.0,291.9,0,0.0,0.7752447735553264,0.22475522644467366,2.45600918752938e-28,200.0,61.3,-184.1822922687752,-1.328050210580729,-0.9337170638474517,-11.174782862592357,0.0,0.0,-27.87593356212761,-7.628803172571964,-3.0806134041217943,-6.048967367675871,-4.8001825447446285,-14.246670158238183
1219,350035000016.5947,36,34.9999873847242,35.0,291.9,0,0.0,0.7752565367753014,0.22474346322469868,2.3332087281529114e-28,200.0,61.3,-184.1822922687752,-1.328050210580729,-0.9337170638474517,-11.174782862592357,0.0,0.0,-27.87593356212761,-7.628803172571964,-3.0806134041217943,-6.048967367675871,-4.8001825447446285,-14.246670158238183
1220,350035000016.5947,37,34.9999873847242,35.0,291.9,0,0.0,0.7752700464725703,0.2247299535274298,2.2165482917452657e-28,200.0,61.3,-184.1822922687752,-1.328050210580729,-0.9337170638474517,-11.174782862592357,0.0,0.0,-27.87593356212761,-7.628803172571964,-3.0806134041217943,-6.048967367675871,-4.8001825447446285,-14.246670158238183
1221,350035000016.5947,38,34.9999873847242,35.0,291.9,0,0.0,0.7752835598883911,0.2247164401116088,2.105720877158002e-28,200.0,61.3,-184.1822922687752,-1.328050210580729,-0.9337170638474517,-11.174782862592357,0.0,0.0,-27.87593356212761,-7.628803172571964,-3.0806134041217943,-6.048967367675871,-4.8001825447446285,-14.246670158238183
1222,350035000016.5947,39,34.9999873847242,35.0,291.9,0,0.0,0.7752954259137749,0.22470457408622516,2.0004348333001021e-28,200.0,61.3,-184.1822922687752,-1.328050210580729,-0.9337170638474517,-11.174782862592357,0.0,0.0,-27.87593356212761,-7.628803172571964,-3.0806134041217943,-6.048967367675871,-4.8001825447446285,-14.246670158238183
1223,350035000016.5947,40,34.9999873847242,35.0,291.9,0,0.0,0.7753040794566133,0.22469592054338666,1.900413091635097e-28,200.0,61.3,-184.1822922687752,-1.328050210580729,-0.9337170638474517,-11.174782862592357,0.0,0.0,-27.87593356212761,-7.628803172571964,-3.0806134041217943,-6.048967367675871,-4.8001825447446285,-14.246670158238183
1224,350035000016.5947,41,34.9999873847242,35.0,291.9,0,0.0,0.7753138042587114,0.22468619574128854,1.805392437053342e-28,200.0,61.3,-184.1822922687752,-1.328050210580729,-0.9337170638474517,-11.174782862592357,0.0,0.0,-27.87593356212761,-7.628803172571964,-3.0806134041217943,-6.048967367675871,-4.8001825447446285,-14.246670158238183
1225,350035000016.5947,42,34.9999873847242,35.0,291.9,0,0.0,0.7753212517593594,0.22467874824064066,1.7151228152006749e-28,200.0,61.3,-184.1822922687752,-1.328050210580729,-0.9337170638474517,-11.174782862592357,0.0,0.0,-27.87593356212761,-7.628803172571964,-3.0806134041217943,-6.048967367675871,-4.8001825447446285,-14.246670158238183
1226,350035000016.5947,43,34.9999873847242,35.0,291.9,0,0.0,0.7753273610559482,0.22467263894405176,1.629366674440641e-28,200.0,61.3,-184.1822922687752,-1.328050210580729,-0.9337170638474517,-11.174782862592357,0.0,0.0,-27.87593356212761,-7.628803172571964,-3.0806134041217943,-6.048967367675871,-4.8001825447446285,-14.246670158238183
1227,350035000016.5947,44,34.9999873847242,35.0,291.9,0,0.0,0.7753346663932655,0.22466533360673444,1.5478983407186089e-28,200.0,61.3,-184.1822922687752,-1.328050210580729,-0.9337170638474517,-11.174782862592357,0.0,0.0,-27.87593356212761,-7.628803172571964,-3.0806134041217943,-6.048967367675871,-4.8001825447446285,-14.246670158238183
1228,350035000016.5947,45,34.9999873847242,35.0,291.9,0,0.0,0.7753431052262798,0.22465689477372017,1.4705034236826783e-28,200.0,61.3,-184.1822922687752,-1.328050210580729,-0.9337170638474517,-11.174782862592357,0.0,0.0,-27.87593356212761,-7.628803172571964,-3.0806134041217943,-6.048967367675871,-4.8001825447446285,-14.246670158238183
1229,350035000016.5947,46,34.9999873847242,35.0,291.9,0,0.0,0.775346874845885,0.224653125154115,1.3969782524985444e-28,200.0,61.3,-184.1822922687752,-1.328050210580729,-0.9337170638474517,-11.174782862592357,0.0,0.0,-27.87593356212761,-7.628803172571964,-3.0806134041217943,-6.048967367675871,-4.8001825447446285,-14.246670158238183
1230,350035000016.5947,47,34.9999873847242,35.0,291.9,0,0.0,0.7753544145124465,0.22464558548755353,1.3271293398736172e-28,200.0,61.3,-184.1822922687752,-1.328050210580729,-0.9337170638474517,-11.174782862592357,0.0,0.0,-27.87593356212761,-7.628803172571964,-3.0806134041217943,-6.048967367675871,-4.8001825447446285,-14.246670158238183
1231,350035000016.5947,48,34.9999873847242,35.0,291.9,0,0.0,0.7753622521644956,0.22463774783550433,1.2607728728799363e-28,200.0,61.3,-184.1822922687752,-1.328050210580729,-0.9337170638474517,-11.174782862592357,0.0,0.0,-27.87593356212761,-7.628803172571964,-3.0806134041217943,-6.048967367675871,-4.8001825447446285,-14.246670158238183
1232,350035000016.5947,49,34.9999873847242,35.0,291.9,0,0.0,0.7753720079950723,0.22462799200492767,1.1977342292359395e-28,200.0,61.3,-184.1822922687752,-1.328050210580729,-0.9337170638474517,-11.174782862592357,0.0,0.0,-27.87593356212761,-7.628803172571964,-3.0806134041217943,-6.048967367675871,-4.8001825447446285,-14.246670158238183
1233,350035000016.5947,0,34.9999873847242,35.0,291.9,0,0.0,0.7753770418634165,0.22462295813658348,1.1378475177741424e-28,200.0,61.3,-184.1822922687752,-1.328050210580729,-0.9337170638474517,-11.174782862592357,0.0,0.0,-27.87593356212761,-7.628803172571964,-3.0806134041217943,-6.048967367675871,-4.8001825447446285,-14.246670158238183
1234,350035000016.5947,1,34.9999873847242,35.0,291.9,0,0.0,0.7753808641587261,0.22461913584127388,1.0809551418854353e-28,200.0,61.3,-184.1822922687752,-1.328050210580729,-0.9337170638474517,-11.174782862592357,0.0,0.0,-27.87593356212761,-7.628803172571964,-3.0806134041217943,-6.048967367675871,-4.8001825447446285,-14.246670158238183
1235,350035000016.5947,2,34.9999873847242,35.0,291.9,0,0.0,0.7753892515978331,0.22461074840216688,1.0269073847911638e-28,200.0,61.3,-184.1822922687752,-1.328050210580729,-0.9337170638474517,-11.174782862592357,0.0,0.0,-27.87593356212761,-7.628803172571964,-3.0806134041217943,-6.048967367675871,-4.8001825447446285,-14.246670158238183
1236,350035000016.5947,3,34.9999873847242,35.0,291.9,0,0.0,0.7753978896018131,0.22460211039818692,9.755620155516056e-29,200.0,61.3,-184.1822922687752,-1.328050210580729,-0.9337170638474517,-11.174782862592357,0.0,0.0,-27.87593356212761,-7.628803172571964,-3.0806134041217943,-6.048967367675871,-4.8001825447446285,-14.246670158238183
1237,350035000016.5947,4,34.9999873847242,35.0,291.9,0,0.0,0.7754051350798205,0.2245948649201795,9.267839147740252e-29,200.0,61.3,-184.1822922687752,-1.328050210580729,-0.9337170638474517,-11.174782862592357,0.0,0.0,-27.87593356212761,-7.628803172571964,-3.0806134041217943,-6.048967367675871,-4.8001825447446285,-14.246670158238183
1238,350035000016.5947,5,34.9999873847242,35.0,291.9,0,0.0,0.7754126873936976,0.22458731260630233,8.804447190353239e-29,200.0,61.3,-184.1822922687752,-1.328050210580729,-0.9337170638474517,-11.174782862592357,0.0,0.0,-27.87593356212761,-7.628803172571964,-3.0806134041217943,-6.048967367675871,-4.8001825447446285,-14.246670158238183
1239,350035000016.5947,6,34.9999873847242,35.0,291.9,0,0.0,0.7754172760561238,0.2245827239438762,8.364224830835577e-29,200.0,61.3,-184.1822922687752,-1.328050210580729,-0.9337170638474517,-11.174782862592357,0.0,0.0,-27.87593356212761,-7.628803172571964,-3.0806134041217943,-6.048967367675871,-4.8001825447446285,-14.246670158238183
1240,350035000016.5947,7,34.9999873847242,35.0,291.9,0,0.0,0.7754223050267735,0.2245776949732266,7.946013589293798e-29,200.0,61.3,-184.1822922687752,-1.328050210580729,-0.9337170638474517,-11.174782862592357,0.0,0.0,-27.87593356212761,-7.628803172571964,-3.0806134041217943,-6.048967367675871,-4.8001825447446285,-14.246670158238183
1241,350035000016.5947,8,34.9999873847242,35.0,291.9,0,0.0,0.7754293754073173,0.22457062459268273,7.548712909829108e-29,200.0,61.3,-184.1822922687752,-1.328050210580729,-0.9337170638474517,-11.174782862592357,0.0,0.0,-27.87593356212761,-7.628803172571964,-3.0806134041217943,-6.048967367675871,-4.8001825447446285,-14.246670158238183
1242,350035000016.5947,9,34.9999873847242,35.0,291.9,0,0.0,0.7754359469167109,0.22456405308328903,7.171277264337652e-29,200.0,61.3,-184.1822922687752,-1.328050210580729,-0.9337170638474517,-11.174782862592357,0.0,0.0,-27.87593356212761,-7.628803172571964,-3.0806134041217943,-6.048967367675871,-4.8001825447446285,-14.246670158238183
1243,350035000016.5947,10,34.9999873847242,35.0,291.9,0,0.0,0.7754420447308841,0.22455795526911598,6.81271340112077e-29,200.0,61.3,-184.1822922687752,-1.328050210580729,-0.9337170638474517,-11.174782862592357,0.0,0.0,-27.87593356212761,-7.628803172571964,-3.0806134041217943,-6.048967367675871,-4.8001825447446285,-14.246670158238183
1244,350035000016.5947,11,34.9999873847242,35.0,291.9,0,0.0,0.7754444516112408,0.2245555483887592,6.472077731064731e-29,200.0,61.3,-184.1822922687752,-1.328050210580729,-0.9337170638474517,-11.174782862592357,0.0,0.0,-27.87593356212761,-7.628803172571964,-3.0806134041217943,-6.048967367675871,-4.8001825447446285,-14.246670158238183
1245,350035000016.5947,12,34.9999873847242,35.0,291.9,0,0.0,0.7754465960483798,0.22455340395162016,6.148473844511495e-29,200.0,61.3,-184.1822922687752,-1.328050210580729,-0.9337170638474517,-11.174782862592357,0.0,0.0,-27.87593356212761,-7.628803172571964,-3.0806134041217943,-6.048967367675871,-4.8001825447446285,-14.246670158238183
1246,350035000016.5947,13,34.9999873847242,35.0,291.9,0,0.0,0.7754501095792786,0.22454989042072138,5.841050152285921e-29,200.0,61.3,-184.1822922687752,-1.328050210580729,-0.9337170638474517,-11.174782862592357,0.0,0.0,-27.87593356212761,-7.628803172571964,-3.0806134041217943,-6.048967367675871,-4.8001825447446285,-14.246670158238183
1247,350035000016.5947,14,34.9999873847242,35.0,291.9,0,0.0,0.7754516875990983,0.22454831240090173,5.548997644671626e-29,200.0,61.3,-184.1822922687752,-1.328050210580729,-0.9337170638474517,-11.174782862592357,0.0,0.0,-27.87593356212761,-7.628803172571964,-3.0806134041217943,-6.048967367675871,-4.8001825447446285,-14.246670158238183
1248,350035000016.5947,15,34.9999873847242,35.0,291.9,0,0.0,0.7754522373528766,0.22454776264712342,5.271547762438045e-29,200.0,61.3,-184.1822922687752,-1.328050210580729,-0.9337170638474517,-11.174782862592357,0.0,0.0,-27.87593356212761,-7.628803172571964,-3.0806134041217943,-6.048967367675871,-4.8001825447446285,-14.246670158238183
1249,350035000016.5947,16,34.9999873847242,35.0,291.9,0,0.0,0.7754566547754929,0.22454334522450708,5.007970374316142e-29,200.0,61.3,-184.1822922687752,-1.328050210580729,-0.9337170638474517,-11.174782862592357,0.0,0.0,-27.87593356212761,-7.628803172571964,-3.0806134041217943,-6.048967367675871,-4.8001825447446285,-14.246670158238183
1250,350035000016.5947,17,34.9999873847242,35.0,291.9,0,0.0,0.7754599014744066,0.22454009852559348,4.757571855600335e-29,200.0,61.3,-184.1822922687752,-1.328050210580729,-0.9337170638474517,-11.174782862592357,0.0,0.0,-27.87593356212761,-7.628803172571964,-3.0806134041217943,-6.048967367675871,-4.8001825447446285,-14.246670158238183
1251,350035000016.5947,18,34.9999873847242,35.0,291.9,0,0.0,0.7754620373977504,0.22453796260224962,4.519693262820318e-29,200.0,61.3,-184.1822922687752,-1.328050210580729,-0.9337170638474517,-11.174782862592357,0.0,0.0,-27.87593356212761,-7.628803172571964,-3.0806134041217943,-6.048967367675871,-4.8001825447446285,-14.246670158238183
1252,350035000016.5947,19,34.9999873847242,35.0,291.9,0,0.0,0.7754679497182497,0.22453205028175022,4.293708599679302e-29,200.0,61.3,-184.1822922687752,-1.328050210580729,-0.9337170638474517,-11.174782862592357,0.0,0.0,-27.87593356212761,-7.628803172571964,-3.0806134041217943,-6.048967367675871,-4.8001825447446285,-14.246670158238183
1253,350035000016.5947,20,34.9999873847242,35.0,291.9,0,0.0,0.7754710088536807,0.22452899114631938,4.0790231696953376e-29,200.0,61.3,-184.1822922687752,-1.328050210580729,-0.9337170638474517,-11.174782862592357,0.0,0.0,-27.87593356212761,-7.628803172571964,-3.0806134041217943,-6.048967367675871,-4.8001825447446285,-14.246670158238183
1254,350035000016.5947,21,34.9999873847242,35.0,291.9,0,0.0,0.7754729686150783,0.22452703138492178,3.8750720112105706e-29,200.0,61.3,-184.1822922687752,-1.328050210580729,-0.9337170638474517,-11.174782862592357,0.0,0.0,-27.87593356212761,-7.628803172571964,-3.0806134041217943,-6.048967367675871,-4.8001825447446285,-14.246670158238183
1255,350035000016.5947,22,34.9999873847242,35.0,291.9,0,0.0,0.7754722785882812,0.22452772141171892,3.681318410650042e-29,200.0,61.3,-184.1822922687752,-1.328050210580729,-0.9337170638474517,-11.174782862592357,0.0,0.0,-27.87593356212761,-7.628803172571964,-3.0806134041217943,-6.048967367675871,-4.8001825447446285,-14.246670158238183
1256,350035000016.5947,23,34.9999873847242,35.0,291.9,0,0.0,0.7754730889556924,0.2245269110443075,3.4972524901175396e-29,200.0,61.3,-184.1822922687752,-1.328050210580729,-0.9337170638474517,-11.174782862592357,0.0,0.0,-27.87593356212761,-7.628803172571964,-3.0806134041217943,-6.048967367675871,-4.8001825447446285,-14.246670158238183
1257,350035000016.5947,24,34.9999873847242,35.0,291.9,0,0.0,0.7754689043366104,0.22453109566338963,3.322389865611663e-29,200.0,61.3,-184.1822922687752,-1.328050210580729,-0.9337170638474517,-11.174782862592357,0.0,0.0,-27.87593356212761,-7.628803172571964,-3.0806134041217943,-6.048967367675871,-4.8001825447446285,-14.246670158238183
1258,350035000016.5947,25,34.9999873847242,35.0,291.9,0,0.0,0.7754655941387713,0.22453440586122875,3.1562703723310797e-29,200.0,61.3,-184.1822922687752,-1.328050210580729,-0.9337170638474517,-11.174782862592357,0.0,0.0,-27.87593356212761,-7.628803172571964,-3.0806134041217943,-6.048967367675871,-4.8001825447446285,-14.246670158238183
1259,350035000016.5947,26,34.9999873847242,35.0,291.9,0,0.0,0.7754599083584647,0.22454009164153535,2.998456853714526e-29,200.0,61.3,-184.1822922687752,-1.328050210580729,-0.9337170638474517,-11.174782862592357,0.0,0.0,-27.87593356212761,-7.628803172571964,-3.0806134041217943,-6.048967367675871,-4.8001825447446285,-14.246670158238183
1260,350035000016.5947,27,34.9999873847242,35.0,291.9,0,0.0,0.7754543718627601,0.22454562813723988,2.8485340110287994e-29,200.0,61.3,-184.1822922687752,-1.328050210580729,-0.9337170638474517,-11.174782862592357,0.0,0.0,-27.87593356212761,-7.628803172571964,-3.0806134041217943,-6.048967367675871,-4.8001825447446285,-14.246670158238183
1261,350035000016.5947,28,34.9999873847242,35.0,291.9,0,0.0,0.7754505776458783,0.22454942235412165,2.706107310477359e-29,200.0,61.3,-184.1822922687752,-1.328050210580729,-0.9337170638474517,-11.174782862592357,0.0,0.0,-27.87593356212761,-7.628803172571964,-3.0806134041217943,-6.048967367675871,-4.8001825447446285,-14.246670158238183
1262,350035000016.5947,29,34.9999873847242,35.0,291.9,0,0.0,0.7754492352042623,0.2245507647957376,2.570801944953491e-29,200.0,61.3,-184.1822922687752,-1.328050210580729,-0.9337170638474517,-11.174782862592357,0.0,0.0,-27.87593356212761,-7.628803172571964,-3.0806134041217943,-6.048967367675871,-4.8001825447446285,-14.246670158238183
1263,350035000016.5947,30,34.9999873847242,35.0,291.9,0,0.0,0.775449419351105,0.22455058064889502,2.4422618477058167e-29,200.0,61.3,-184.1822922687752,-1.328050210580729,-0.9337170638474517,-11.174782862592357,0.0,0.0,-27.87593356212761,-7.628803172571964,-3.0806134041217943,-6.048967367675871,-4.8001825447446285,-14.246670158238183
1264,350035000016.5947,31,34.9999873847242,35.0,291.9,0,0.0,0.775450253517001,0.2245497464829989,2.3201487553205256e-29,200.0,61.3,-184.1822922687752,-1.328050210580729,-0.9337170638474517,-11.174782862592357,0.0,0.0,-27.87593356212761,-7.628803172571964,-3.0806134041217943,-6.048967367675871,-4.8001825447446285,-14.246670158238183
1265,350035000016.5947,32,34.9999873847242,35.0,291.9,0,0.0,0.7754525010484201,0.22454749895157985,2.2041413175544996e-29,200.0,61.3,-184.1822922687752,-1.328050210580729,-0.9337170638474517,-11.174782862592357,0.0,0.0,-27.87593356212761,-7.628803172571964,-3.0806134041217943,-6.048967367675871,-4.8001825447446285,-14.246670158238183
1266,350035000016.5947,33,34.9999873847242,35.0,291.9,0,0.0,0.7754536999466436,0.2245463000533564,2.0939342516767748e-29,200.0,61.3,-184.1822922687752,-1.328050210580729,-0.9337170638474517,-11.174782862592357,0.0,0.0,-27.87593356212761,-7.628803172571964,-3.0806134041217943,-6.048967367675871,-4.8001825447446285,-14.246670158238183
1267,350035000016.5947,34,34.9999873847242,35.0,291.9,0,0.0,0.7754562911588316,0.22454370884116837,1.989237539092936e-29,200.0,61.3,-184.1822922687752,-1.328050210580729,-0.9337170638474517,-11.174782862592357,0.0,0.0,-27.87593356212761,-7.628803172571964,-3.0806134041217943,-6.048967367675871,-4.8001825447446285,-14.246670158238183
1268,350035000016.5947,35,34.9999873847242,35.0,291.9,0,0.0,0.7754586127070621,0.22454138729293796,1.889775662138289e-29,200.0,61.3,-184.1822922687752,-1.328050210580729,-0.9337170638474517,-11.174782862592357,0.0,0.0,-27.87593356212761,-7.628803172571964,-3.0806134041217943,-6.048967367675871,-4.8001825447446285,-14.246670158238183
1269,350035000016.5947,36,34.9999873847242,35.0,291.9,0,0.0,0.7754582948493595,0.2245417051506405,1.7952868790313744e-29,200.0,61.3,-184.1822922687752,-1.328050210580729,-0.9337170638474517,-11.174782862592357,0.0,0.0,-27.87593356212761,-7.628803172571964,-3.0806134041217943,-6.048967367675871,-4.8001825447446285,-14.246670158238183
1270,350035000016.5947,37,34.9999873847242,35.0,291.9,0,0.0,0.7754546784769717,0.22454532152302834,1.7055225350798058e-29,200.0,61.3,-184.1822922687752,-1.328050210580729,-0.9337170638474517,-11.174782862592357,0.0,0.0,-27.87593356212761,-7.628803172571964,-3.0806134041217943,-6.048967367675871,-4.8001825447446285,-14.246670158238183
1271,350035000016.5947,38,34.9999873847242,35.0,291.9,0,0.0,0.7754503140422764,0.22454968595772365,1.6202464083258156e-29,200.0,61.3,-184.1822922687752,-1.328050210580729,-0.9337170638474517,-11.174782862592357,0.0,0.0,-27.87593356212761,-7.628803172571964,-3.0806134041217943,-6.048967367675871,-4.8001825447446285,-14.246670158238183
1272,350035000016.5947,39,34.9999873847242,35.0,291.9,0,0.0,0.7754436536709819,0.2245563463290181,1.5392340879095246e-29,200.0,61.3,-184.1822922687752,-1.328050210580729,-0.9337170638474517,-11.174782862592357,0.0,0.0,-27.87593356212761,-7.628803172571964,-3.0806134041217943,-6.048967367675871,-4.8001825447446285,-14.246670158238183
1273,350035000016.5947,40,34.9999873847242,35.0,291.9,0,0.0,0.7754364012178665,0.2245635987821335,1.4622723835140484e-29,200.0,61.3,-184.1822922687752,-1.328050210580729,-0.9337170638474517,-11.174782862592357,0.0,0.0,-27.87593356212761,-7.628803172571964,-3.0806134041217943,-6.048967367675871,-4.8001825447446285,-14.246670158238183
1274,350035000016.5947,41,34.9999873847242,35.0,291.9,0,0.0,0.7754270028155071,0.22457299718449292,1.3891587643383461e-29,200.0,61.3,-184.1822922687752,-1.328050210580729,-0.9337170638474517,-11.174782862592357,0.0,0.0,-27.87593356212761,-7.628803172571964,-3.0806134041217943,-6.048967367675871,-4.8001825447446285,-14.246670158238183
1275,350035000016.5947,42,34.9999873847242,35.0,291.9,0,0.0,0.7754187367549124,0.22458126324508768,1.3197008261214288e-29,200.0,61.3,-184.1822922687752,-1.328050210580729,-0.9337170638474517,-11.174782862592357,0.0,0.0,-27.87593356212761,-7.628803172571964,-3.0806134041217943,-6.048967367675871,-4.8001825447446285,-14.246670158238183
1276,350035000016.5947,43,34.9999873847242,35.0,291.9,0,0.0,0.7754083802456184,0.22459161975438163,1.2537157848153574e-29,200.0,61.3,-184.1822922687752,-1.328050210580729,-0.9337170638474517,-11.174782862592357,0.0,0.0,-27.87593356212761,-7.628803172571964,-3.0806134041217943,-6.048967367675871,-4.8001825447446285,-14.246670158238183
1277,350035000016.5947,44,34.9999873847242,35.0,291.9,0,0.0,0.7753999952427917,0.2246000047572084,1.1910299955745894e-29,200.0,61.3,-184.1822922687752,-1.328050210580729,-0.9337170638474517,-11.174782862592357,0.0,0.0,-27.87593356212761,-7.628803172571964,-3.0806134041217943,-6.048967367675871,-4.8001825447446285,-14.246670158238183
1278,350035000016.5947,45,34.9999873847242,35.0,291.9,0,0.0,0.7753911105862741,0.224608889413726,1.1314784957958599e-29,200.0,61.3,-184.1822922687752,-1.328050210580729,-0.9337170638474517,-11.174782862592357,0.0,0.0,-27.87593356212761,-7.628803172571964,-3.0806134041217943,-6.048967367675871,-4.8001825447446285,-14.246670158238183
1279,350035000016.5947,46,34.9999873847242,35.0,291.9,0,0.0,0.7753825421566387,0.22461745784336112,1.0749045710060666e-29,200.0,61.3,-184.1822922687752,-1.328050210580729,-0.9337170638474517,-11.174782862592357,0.0,0.0,-27.87593356212761,-7.628803172571964,-3.0806134041217943,-6.048967367675871,-4.8001825447446285,-14.246670158238183
1280,350035000016.5947,47,34.9999873847242,35.0,291.9,0,0.0,0.7753758520121434,0.2246241479878566,1.0211593424557635e-29,200.0,61.3,-184.1822922687752,-1.328050210580729,-0.9337170638474517,-11.174782862592357,0.0,0.0,-27.87593356212761,-7.628803172571964,-3.0806134041217943,-6.048967367675871,-4.8001825447446285,-14.246670158238183
1281,350035000016.5947,48,34.9999873847242,35.0,291.9,0,0.0,0.7753677910955992,0.2246322089044009,9.701013753329753e-30,200.0,61.3,-184.1822922687752,-1.328050210580729,-0.9337170638474517,-11.174782862592357,0.0,0.0,-27.87593356212761,-7.628803172571964,-3.0806134041217943,-6.048967367675871,-4.8001825447446285,-14.246670158238183
1282,350035000016.5947,49,34.9999873847242,35.0,291.9,0,0.0,0.7753639433463841,0.22463605665361583,9.215963065663265e-30,200.0,61.3,-184.1822922687752,-1.328050210580729,-0.9337170638474517,-11.174782862592357,0.0,0.0,-27.87593356212761,-7.628803172571964,-3.0806134041217943,-6.048967367675871,-4.8001825447446285,-14.246670158238183
1283,350035000016.5947,0,34.9999873847242,35.0,291.9,0,0.0,0.7753570102988772,0.2246429897011229,8.755164912380103e-30,200.0,61.3,-184.1822922687752,-1.328050210580729,-0.9337170638474517,-11.174782862592357,0.0,0.0,-27.87593356212761,-7.628803172571964,-3.0806134041217943,-6.048967367675871,-4.8001825447446285,-14.246670158238183
1284,350035000016.5947,1,34.9999873847242,35.0,291.9,0,0.0,0.7753471499895607,0.22465285001043928,8.317406666761098e-30,200.0,61.3,-184.1822922687752,-1.328050210580729,-0.9337170638474517,-11.174782862592357,0.0,0.0,-27.87593356212761,-7.628803172571964,-3.0806134041217943,-6.048967367675871,-4.8001825447446285,-14.246670158238183
1285,350035000016.5947,2,34.9999873847242,35.0,291.9,0,0.0,0.7753400157150774,0.22465998428492262,7.901536333423043e-30,200.0,61.3,-184.1822922687752,-1.328050210580729,-0.9337170638474517,-11.174782862592357,0.0,0.0,-27.87593356212761,-7.628803172571964,-3.0806134041217943,-6.048967367675871,-4.8001825447446285,-14.246670158238183
1286,350035000016.5947,3,34.9999873847242,35.0,291.9,0,0.0,0.7753307553050229,0.2246692446949771,7.506459516751892e-30,200.0,61.3,-184.1822922687752,-1.328050210580729,-0.9337170638474517,-11.174782862592357,0.0,0.0,-27.87593356212761,-7.628803172571964,-3.0806134041217943,-6.048967367675871,-4.8001825447446285,-14.246670158238183
1287,350035000016.5947,4,34.9999873847242,35.0,291.9,0,0.0,0.7753171223348311,0.22468287766516887,7.131136540914297e-30,200.0,61.3,-184.1822922687752,-1.328050210580729,-0.9337170638474517,-11.174782862592357,0.0,0.0,-27.87593356212761,-7.628803172571964,-3.0806134041217943,-6.048967367675871,-4.8001825447446285,-14.246670158238183
1288,350035000016.5947,5,34.9999873847242,35.0,291.9,0,0.0,0.7753032653506693,0.22469673464933065,6.774579713868582e-30,200.0,61.3,-184.1822922687752,-1.328050210580729,-0.9337170638474517,-11.174782862592357,0.0,0.0,-27.87593356212761,-7.628803172571964,-3.0806134041217943,-6.048967367675871,-4.8001825447446285,-14.246670158238183
1289,350035000016.5947,6,34.9999873847242,35.0,291.9,0,0.0,0.7752915495573954,0.22470845044260454,6.435850728175154e-30,200.0,61.3,-184.1822922687752,-1.328050210580729,-0.9337170638474517,-11.174782862592357,0.0,0.0,-27.87593356212761,-7.628803172571964,-3.0806134041217943,-6.048967367675871,-4.8001825447446285,-14.246670158238183
1290,350035000016.5947,7,34.9999873847242,35.0,291.9,0,0.0,0.7752849981959675,0.22471500180403248,6.114058191766396e-30,200.0,61.3,-184.1822922687752,-1.328050210580729,-0.9337170638474517,-11.174782862592357,0.0,0.0,-27.87593356212761,-7.628803172571964,-3.0806134041217943,-6.048967367675871,-4.8001825447446285,-14.246670158238183
1291,350035000016.5947,8,34.9999873847242,35.0,291.9,0,0.0,0.7752778674556594,0.22472213254434054,5.808355282178076e-30,200.0,61.3,-184.1822922687752,-1.328050210580729,-0.9337170638474517,-11.174782862592357,0.0,0.0,-27.87593356212761,-7.628803172571964,-3.0806134041217943,-6.048967367675871,-4.8001825447446285,-14.246670158238183
1292,350035000016.5947,9,34.9999873847242,35.0,291.9,0,0.0,0.7752694055618147,0.22473059443818527,5.517937518069172e-30,200.0,61.3,-184.1822922687752,-1.328050210580729,-0.9337170638474517,-11.174782862592357,0.0,0.0,-27.87593356212761,-7.628803172571964,-3.0806134041217943,-6.048967367675871,-4.8001825447446285,-14.246670158238183
1293,350035000016.5947,10,34.9999873847242,35.0,291.9,0,0.0,0.7752604629446388,0.22473953705536126,5.242040642165714e-30,200.0,61.3,-184.1822922687752,-1.328050210580729,-0.9337170638474517,-11.174782862592357,0.0,0.0,-27.87593356212761,-7.628803172571964,-3.0806134041217943,-6.048967367675871,-4.8001825447446285,-14.246670158238183
1294,350035000016.5947,11,34.9999873847242,35.0,291.9,0,0.0,0.7752502838489549,0.22474971615104505,4.979938610057428e-30,200.0,61.3,-184.1822922687752,-1.328050210580729,-0.9337170638474517,-11.174782862592357,0.0,0.0,-27.87593356212761,-7.628803172571964,-3.0806134041217943,-6.048967367675871,-4.8001825447446285,-14.246670158238183
1295,350035000016.5947,12,34.9999873847242,35.0,291.9,0,0.0,0.7752373708177459,0.2247626291822541,4.730941679554557e-30,200.0,61.3,-184.1822922687752,-1.328050210580729,-0.9337170638474517,-11.174782862592357,0.0,0.0,-27.87593356212761,-7.628803172571964,-3.0806134041217943,-6.048967367675871,-4.8001825447446285,-14.246670158238183
1296,350035000016.5947,13,34.9999873847242,35.0,291.9,0,0.0,0.7752242055788916,0.22477579442110845,4.49439459557683e-30,200.0,61.3,-184.1822922687752,-1.328050210580729,-0.9337170638474517,-11.174782862592357,0.0,0.0,-27.87593356212761,-7.628803172571964,-3.0806134041217943,-6.048967367675871,-4.8001825447446285,-14.246670158238183
1297,350035000016.5947,14,34.9999873847242,35.0,291.9,0,0.0,0.7752147001308995,0.22478529986910045,4.269674865797988e-30,200.0,61.3,-184.1822922687752,-1.328050210580729,-0.9337170638474517,-11.174782862592357,0.0,0.0,-27.87593356212761,-7.628803172571964,-3.0806134041217943,-6.048967367675871,-4.8001825447446285,-14.246670158238183
1298,350035000016.5947,15,34.9999873847242,35.0,291.9,0,0.0,0.7752063297681114,0.2247936702318885,4.056191122508088e-30,200.0,61.3,-184.1822922687752,-1.328050210580729,-0.9337170638474517,-11.174782862592357,0.0,0.0,-27.87593356212761,-7.628803172571964,-3.0806134041217943,-6.048967367675871,-4.8001825447446285,-14.246670158238183
1299,350035000016.5947,16,34.9999873847242,35.0,291.9,0,0.0,0.7752005926904959,0.22479940730950415,3.853381566382684e-30,200.0,61.3,-184.1822922687752,-1.328050210580729,-0.9337170638474517,-11.174782862592357,0.0,0.0,-27.87593356212761,-7.628803172571964,-3.0806134041217943,-6.048967367675871,-4.8001825447446285,-14.246670158238183
1300,350035000016.5947,17,34.9999873847242,35.0,291.9,0,0.0,0.775195798798641,0.22480420120135897,3.66071248806355e-30,200.0,61.3,-184.1822922687752,-1.328050210580729,-0.9337170638474517,-11.174782862592357,0.0,0.0,-27.87593356212761,-7.628803172571964,-3.0806134041217943,-6.048967367675871,-4.8001825447446285,-14.246670158238183
1301,350035000016.5947,18,34.9999873847242,35.0,291.9,0,0.0,0.7751918998650315,0.22480810013496855,3.477676863660373e-30,200.0,61.3,-184.1822922687752,-1.328050210580729,-0.9337170638474517,-11.174782862592357,0.0,0.0,-27.87593356212761,-7.628803172571964,-3.0806134041217943,-6.048967367675871,-4.8001825447446285,-14.246670158238183
1302,350035000016.5947,19,34.9999873847242,35.0,291.9,0,0.0,0.7751919532422773,0.2248080467577227,3.303793020477354e-30,200.0,61.3,-184.1822922687752,-1.328050210580729,-0.9337170638474517,-11.174782862592357,0.0,0.0,-27.87593356212761,-7.628803172571964,-3.0806134041217943,-6.048967367675871,-4.8001825447446285,-14.246670158238183
1303,350035000016.5947,20,34.9999873847242,35.0,291.9,0,0.0,0.7751895539195233,0.2248104460804767,3.1386033694534865e-30,200.0,61.3,-184.1822922687752,-1.328050210580729,-0.9337170638474517,-11.174782862592357,0.0,0.0,-27.87593356212761,-7.628803172571964,-3.0806134041217943,-6.048967367675871,-4.8001825447446285,-14.246670158238183
1304,350035000016.5947,21,34.9999873847242,35.0,291.9,0,0.0,0.7751902501559811,0.22480974984401897,2.9816732009808125e-30,200.0,61.3,-184.1822922687752,-1.328050210580729,-0.9337170638474517,-11.174782862592357,0.0,0.0,-27.87593356212761,-7.628803172571964,-3.0806134041217943,-6.048967367675871,-4.8001825447446285,-14.246670158238183
1305,350035000016.5947,22,34.9999873847242,35.0,291.9,0,0.0,0.7751915606171624,0.22480843938283754,2.832589540931772e-30,200.0,61.3,-184.1822922687752,-1.328050210580729,-0.9337170638474517,-11.174782862592357,0.0,0.0,-27.87593356212761,-7.628803172571964,-3.0806134041217943,-6.048967367675871,-4.8001825447446285,-14.246670158238183
1306,350035000016.5947,23,34.9999873847242,35.0,291.9,0,0.0,0.7751934535399129,0.22480654646008708,2.690960063885183e-30,200.0,61.3,-184.1822922687752,-1.328050210580729,-0.9337170638474517,-11.174782862592357,0.0,0.0,-27.87593356212761,-7.628803172571964,-3.0806134041217943,-6.048967367675871,-4.8001825447446285,-14.246670158238183
1307,350035000016.5947,24,34.9999873847242,35.0,291.9,0,0.0,0.7751958987517908,0.22480410124820915,2.556412060690924e-30,200.0,61.3,-184.1822922687752,-1.328050210580729,-0.9337170638474517,-11.174782862592357,0.0,0.0,-27.87593356212761,-7.628803172571964,-3.0806134041217943,-6.048967367675871,-4.8001825447446285,-14.246670158238183
1308,350035000016.5947,25,34.9999873847242,35.0,291.9,0,0.0,0.7751996393132145,0.22480036068678555,2.428591457656378e-30,200.0,61.3,-184.1822922687752,-1.328050210580729,-0.9337170638474517,-11.174782862592357,0.0,0.0,-27.87593356212761,-7.628803172571964,-3.0806134041217943,-6.048967367675871,-4.8001825447446285,-14.246670158238183
1309,350035000016.5947,26,34.9999873847242,35.0,291.9,0,0.0,0.7752038370354007,0.22479616296459928,2.3071618847735595e-30,200.0,61.3,-184.1822922687752,-1.328050210580729,-0.9337170638474517,-11.174782862592357,0.0,0.0,-27.87593356212761,-7.628803172571964,-3.0806134041217943,-6.048967367675871,-4.8001825447446285,-14.246670158238183
1310,350035000016.5947,27,34.9999873847242,35.0,291.9,0,0.0,0.775206156557607,0.22479384344239298,2.1918037905348814e-30,200.0,61.3,-184.1822922687752,-1.328050210580729,-0.9337170638474517,-11.174782862592357,0.0,0.0,-27.87593356212761,-7.628803172571964,-3.0806134041217943,-6.048967367675871,-4.8001825447446285,-14.246670158238183
1311,350035000016.5947,28,34.9999873847242,35.0,291.9,0,0.0,0.7752113136758488,0.22478868632415122,2.0822136010081376e-30,200.0,61.3,-184.1822922687752,-1.328050210580729,-0.9337170638474517,-11.174782862592357,0.0,0.0,-27.87593356212761,-7.628803172571964,-3.0806134041217943,-6.048967367675871,-4.8001825447446285,-14.246670158238183
1312,350035000016.5947,29,34.9999873847242,35.0,291.9,0,0.0,0.7752160849056645,0.22478391509433548,1.9781029209577304e-30,200.0,61.3,-184.1822922687752,-1.328050210580729,-0.9337170638474517,-11.174782862592357,0.0,0.0,-27.87593356212761,-7.628803172571964,-3.0806134041217943,-6.048967367675871,-4.8001825447446285,-14.246670158238183
1313,350035000016.5947,30,34.9999873847242,35.0,291.9,0,0.0,0.7752220267223451,0.22477797327765497,1.8791977749098443e-30,200.0,61.3,-184.1822922687752,-1.328050210580729,-0.9337170638474517,-11.174782862592357,0.0,0.0,-27.87593356212761,-7.628803172571964,-3.0806134041217943,-6.048967367675871,-4.8001825447446285,-14.246670158238183
1314,350035000016.5947,31,34.9999873847242,35.0,291.9,0,0.0,0.7752275426527012,0.22477245734729873,1.785237886164352e-30,200.0,61.3,-184.1822922687752,-1.328050210580729,-0.9337170638474517,-11.174782862592357,0.0,0.0,-27.87593356212761,-7.628803172571964,-3.0806134041217943,-6.048967367675871,-4.8001825447446285,-14.246670158238183
1315,350035000016.5947,32,34.9999873847242,35.0,291.9,0,0.0,0.7752349556583652,0.22476504434163486,1.6959759918561347e-30,200.0,61.3,-184.1822922687752,-1.328050210580729,-0.9337170638474517,-11.174782862592357,0.0,0.0,-27.87593356212761,-7.628803172571964,-3.0806134041217943,-6.048967367675871,-4.8001825447446285,-14.246670158238183
1316,350035000016.5947,33,34.9999873847242,35.0,291.9,0,0.0,0.7752411013779137,0.22475889862208634,1.611177192263328e-30,200.0,61.3,-184.1822922687752,-1.328050210580729,-0.9337170638474517,-11.174782862592357,0.0,0.0,-27.87593356212761,-7.628803172571964,-3.0806134041217943,-6.048967367675871,-4.8001825447446285,-14.246670158238183
1317,350035000016.5947,34,34.9999873847242,35.0,291.9,0,0.0,0.7752498737588909,0.2247501262411091,1.5306183326501614e-30,200.0,61.3,-184.1822922687752,-1.328050210580729,-0.9337170638474517,-11.174782862592357,0.0,0.0,-27.87593356212761,-7.628803172571964,-3.0806134041217943,-6.048967367675871,-4.8001825447446285,-14.246670158238183
1318,350035000016.5947,35,34.9999873847242,35.0,291.9,0,0.0,0.7752580760739447,0.22474192392605535,1.4540874160176534e-30,200.0,61.3,-184.1822922687752,-1.328050210580729,-0.9337170638474517,-11.174782862592357,0.0,0.0,-27.87593356212761,-7.628803172571964,-3.0806134041217943,-6.048967367675871,-4.8001825447446285,-14.246670158238183
1319,350035000016.5947,36,34.9999873847242,35.0,291.9,0,0.0,0.775263443081456,0.22473655691854397,1.3813830452167706e-30,200.0,61.3,-184.1822922687752,-1.328050210580729,-0.9337170638474517,-11.174782862592357,0.0,0.0,-27.87593356212761,-7.628803172571964,-3.0806134041217943,-6.048967367675871,-4.8001825447446285,-14.246670158238183
1320,350035000016.5947,37,34.9999873847242,35.0,291.9,0,0.0,0.7752676481693062,0.22473235183069387,1.3123138929559322e-30,200.0,61.3,-184.1822922687752,-1.328050210580729,-0.9337170638474517,-11.174782862592357,0.0,0.0,-27.87593356212761,-7.628803172571964,-3.0806134041217943,-6.048967367675871,-4.8001825447446285,-14.246670158238183
1321,350035000016.5947,38,34.9999873847242,35.0,291.9,0,0.0,0.7752676950264069,0.2247323049735931,1.2466981983081356e-30,200.0,61.3,-184.1822922687752,-1.328050210580729,-0.9337170638474517,-11.174782862592357,0.0,0.0,-27.87593356212761,-7.628803172571964,-3.0806134041217943,-6.048967367675871,-4.8001825447446285,-14.246670158238183
1322,350035000016.5947,39,34.9999873847242,35.0,291.9,0,0.0,0.7752683774545264,0.2247316225454736,1.1843632883927288e-30,200.0,61.3,-184.1822922687752,-1.328050210580729,-0.9337170638474517,-11.174782862592357,0.0,0.0,-27.87593356212761,-7.628803172571964,-3.0806134041217943,-6.048967367675871,-4.8001825447446285,-14.246670158238183
1323,350035000016.5947,40,34.9999873847242,35.0,291.9,0,0.0,0.7752673739812903,0.22473262601870975,1.1251451239730925e-30,200.0,61.3,-184.1822922687752,-1.328050210580729,-0.9337170638474517,-11.174782862592357,0.0,0.0,-27.87593356212761,-7.628803172571964,-3.0806134041217943,-6.048967367675871,-4.8001825447446285,-14.246670158238183
1324,350035000016.5947,41,34.9999873847242,35.0,291.9,0,0.0,0.7752655336089714,0.22473446639102854,1.0688878677744378e-30,200.0,61.3,-184.1822922687752,-1.328050210580729,-0.9337170638474517,-11.174782862592357,0.0,0.0,-27.87593356212761,-7.628803172571964,-3.0806134041217943,-6.048967367675871,-4.8001825447446285,-14.246670158238183
1325,350035000016.5947,42,34.9999873847242,35.0,291.9,0,0.0,0.7752598507761894,0.22474014922381058,1.015443474385716e-30,200.0,61.3,-184.1822922687752,-1.328050210580729,-0.9337170638474517,-11.174782862592357,0.0,0.0,-27.87593356212761,-7.628803172571964,-3.0806134041217943,-6.048967367675871,-4.8001825447446285,-14.246670158238183
1326,350035000016.5947,43,34.9999873847242,35.0,291.9,0,0.0,0.7752535694701413,0.2247464305298587,9.646713006664303e-31,200.0,61.3,-184.1822922687752,-1.328050210580729,-0.9337170638474517,-11.174782862592357,0.0,0.0,-27.87593356212761,-7.628803172571964,-3.0806134041217943,-6.048967367675871,-4.8001825447446285,-14.246670158238183
1327,350035000016.5947,44,34.9999873847242,35.0,291.9,0,0.0,0.7752482433577174,0.22475175664228264,9.164377356331088e-31,200.0,61.3,-184.1822922687752,-1.328050210580729,-0.9337170638474517,-11.174782862592357,0.0,0.0,-27.87593356212761,-7.628803172571964,-3.0806134041217943,-6.048967367675871,-4.8001825447446285,-14.246670158238183
1328,350035000016.5947,45,34.9999873847242,35.0,291.9,0,0.0,0.7752415417024308,0.22475845829756924,8.706158488514533e-31,200.0,61.3,-184.1822922687752,-1.328050210580729,-0.9337170638474517,-11.174782862592357,0.0,0.0,-27.87593356212761,-7.628803172571964,-3.0806134041217943,-6.048967367675871,-4.8001825447446285,-14.246670158238183
1329,350035000016.5947,46,34.9999873847242,35.0,291.9,0,0.0,0.7752380961713827,0.22476190382861722,8.270850564088806e-31,200.0,61.3,-184.1822922687752,-1.328050210580729,-0.9337170638474517,-11.174782862592357,0.0,0.0,-27.87593356212761,-7.628803172571964,-3.0806134041217943,-6.048967367675871,-4.8001825447446285,-14.246670158238183
1330,350035000016.5947,47,34.9999873847242,35.0,291.9,0,0.0,0.7752331828483977,0.22476681715160227,7.857308035884366e-31,200.0,61.3,-184.1822922687752,-1.328050210580729,-0.9337170638474517,-11.174782862592357,0.0,0.0,-27.87593356212761,-7.628803172571964,-3.0806134041217943,-6.048967367675871,-4.8001825447446285,-14.246670158238183
1331,350035000016.5947,48,34.9999873847242,35.0,291.9,0,0.0,0.775226877258989,0.22477312274101105,7.464442634090148e-31,200.0,61.3,-184.1822922687752,-1.328050210580729,-0.9337170638474517,-11.174782862592357,0.0,0.0,-27.87593356212761,-7.628803172571964,-3.0806134041217943,-6.048967367675871,-4.8001825447446285,-14.246670158238183
1332,350035000016.5947,49,34.9999873847242,35.0,291.9,0,0.0,0.7752230435259821,0.2247769564740178,7.09122050238564e-31,200.0,61.3,-184.1822922687752,-1.328050210580729,-0.9337170638474517,-11.174782862592357,0.0,0.0,-27.87593356212761,-7.628803172571964,-3.0806134041217943,-6.048967367675871,-4.8001825447446285,-14.246670158238183
1333,350035000016.5947,0,34.9999873847242,35.0,291.9,0,0.0,0.775217765732791,0.22478223426720895,6.736659477266358e-31,200.0,61.3,-184.1822922687752,-1.328050210580729,-0.9337170638474517,-11.174782862592357,0.0,0.0,-27.87593356212761,-7.628803172571964,-3.0806134041217943,-6.048967367675871,-4.8001825447446285,-14.246670158238183
1334,350035000016.5947,1,34.9999873847242,35.0,291.9,0,0.0,0.7752126329924052,0.22478736700759486,6.399826503403041e-31,200.0,61.3,-184.1822922687752,-1.328050210580729,-0.9337170638474517,-11.174782862592357,0.0,0.0,-27.87593356212761,-7.628803172571964,-3.0806134041217943,-6.048967367675871,-4.8001825447446285,-14.246670158238183
1335,350035000016.5947,2,34.9999873847242,35.0,291.9,0,0.0,0.7752053676198785,0.22479463238012148,6.079835178232889e-31,200.0,61.3,-184.1822922687752,-1.328050210580729,-0.9337170638474517,-11.174782862592357,0.0,0.0,-27.87593356212761,-7.628803172571964,-3.0806134041217943,-6.048967367675871,-4.8001825447446285,-14.246670158238183
1336,350035000016.5947,3,34.9999873847242,35.0,291.9,0,0.0,0.7751968357204572,0.22480316427954283,5.775843419321245e-31,200.0,61.3,-184.1822922687752,-1.328050210580729,-0.9337170638474517,-11.174782862592357,0.0,0.0,-27.87593356212761,-7.628803172571964,-3.0806134041217943,-6.048967367675871,-4.8001825447446285,-14.246670158238183
1337,350035000016.5947,4,34.9999873847242,35.0,291.9,0,0.0,0.7751923940310161,0.22480760596898391,5.487051248355183e-31,200.0,61.3,-184.1822922687752,-1.328050210580729,-0.9337170638474517,-11.174782862592357,0.0,0.0,-27.87593356212761,-7.628803172571964,-3.0806134041217943,-6.048967367675871,-4.8001825447446285,-14.246670158238183
1338,350035000016.5947,5,34.9999873847242,35.0,291.9,0,0.0,0.7751895663312041,0.22481043366879597,5.212698685937423e-31,200.0,61.3,-184.1822922687752,-1.328050210580729,-0.9337170638474517,-11.174782862592357,0.0,0.0,-27.87593356212761,-7.628803172571964,-3.0806134041217943,-6.048967367675871,-4.8001825447446285,-14.246670158238183
1339,350035000016.5947,6,34.9999873847242,35.0,291.9,0,0.0,0.7751852520249132,0.22481474797508677,4.952063751640552e-31,200.0,61.3,-184.1822922687752,-1.328050210580729,-0.9337170638474517,-11.174782862592357,0.0,0.0,-27.87593356212761,-7.628803172571964,-3.0806134041217943,-6.048967367675871,-4.8001825447446285,-14.246670158238183
1340,350035000016.5947,7,34.9999873847242,35.0,291.9,0,0.0,0.7751802816371257,0.22481971836287434,4.704460564058525e-31,200.0,61.3,-184.1822922687752,-1.328050210580729,-0.9337170638474517,-11.174782862592357,0.0,0.0,-27.87593356212761,-7.628803172571964,-3.0806134041217943,-6.048967367675871,-4.8001825447446285,-14.246670158238183
1341,350035000016.5947,8,34.9999873847242,35.0,291.9,0,0.0,0.7751746891821201,0.2248253108178799,4.469237535855598e-31,200.0,61.3,-184.1822922687752,-1.328050210580729,-0.9337170638474517,-11.174782862592357,0.0,0.0,-27.87593356212761,-7.628803172571964,-3.0806134041217943,-6.048967367675871,-4.8001825447446285,-14.246670158238183
1342,350035000016.5947,9,34.9999873847242,35.0,291.9,0,0.0,0.7751692600245009,0.2248307399754991,4.245775659062819e-31,200.0,61.3,-184.1822922687752,-1.328050210580729,-0.9337170638474517,-11.174782862592357,0.0,0.0,-27.87593356212761,-7.628803172571964,-3.0806134041217943,-6.048967367675871,-4.8001825447446285,-14.246670158238183
1343,350035000016.5947,10,34.9999873847242,35.0,291.9,0,0.0,0.7751647386012931,0.22483526139870685,4.033486876109678e-31,200.0,61.3,-184.1822922687752,-1.328050210580729,-0.9337170638474517,-11.174782862592357,0.0,0.0,-27.87593356212761,-7.628803172571964,-3.0806134041217943,-6.048967367675871,-4.8001825447446285,-14.246670158238183
1344,350035000016.5947,11,34.9999873847242,35.0,291.9,0,0.0,0.7751625819218819,0.22483741807811805,3.8318125323041937e-31,200.0,61.3,-184.1822922687752,-1.328050210580729,-0.9337170638474517,-11.174782862592357,0.0,0.0,-27.87593356212761,-7.628803172571964,-3.0806134041217943,-6.048967367675871,-4.8001825447446285,-14.246670158238183
1345,350035000016.5947,12,34.9999873847242,35.0,291.9,0,0.0,0.7751581615112481,0.22484183848875192,3.6402219056889838e-31,200.0,61.3,-184.1822922687752,-1.328050210580729,-0.9337170638474517,-11.174782862592357,0.0,0.0,-27.87593356212761,-7.628803172571964,-3.0806134041217943,-6.048967367675871,-4.8001825447446285,-14.246670158238183
1346,350035000016.5947,13,34.9999873847242,35.0,291.9,0,0.0,0.7751530951551528,0.22484690484484712,3.4582108104045344e-31,200.0,61.3,-184.1822922687752,-1.328050210580729,-0.9337170638474517,-11.174782862592357,0.0,0.0,-27.87593356212761,-7.628803172571964,-3.0806134041217943,-6.048967367675871,-4.8001825447446285,-14.246670158238183
1347,350035000016.5947,14,34.9999873847242,35.0,291.9,0,0.0,0.7751481666493117,0.22485183335068828,3.285300269884308e-31,200.0,61.3,-184.1822922687752,-1.328050210580729,-0.9337170638474517,-11.174782862592357,0.0,0.0,-27.87593356212761,-7.628803172571964,-3.0806134041217943,-6.048967367675871,-4.8001825447446285,-14.246670158238183
1348,350035000016.5947,15,34.9999873847242,35.0,291.9,0,0.0,0.7751426195196687,0.22485738048033133,3.1210352563900923e-31,200.0,61.3,-184.1822922687752,-1.328050210580729,-0.9337170638474517,-11.174782862592357,0.0,0.0,-27.87593356212761,-7.628803172571964,-3.0806134041217943,-6.048967367675871,-4.8001825447446285,-14.246670158238183
1349,350035000016.5947,16,34.9999873847242,35.0,291.9,0,0.0,0.7751379843713945,0.22486201562860555,2.9649834935705877e-31,200.0,61.3,-184.1822922687752,-1.328050210580729,-0.9337170638474517,-11.174782862592357,0.0,0.0,-27.87593356212761,-7.628803172571964,-3.0806134041217943,-6.048967367675871,-4.8001825447446285,-14.246670158238183
1350,350035000016.5947,17,34.9999873847242,35.0,291.9,0,0.0,0.7751327173652645,0.22486728263473554,2.816734318892058e-31,200.0,61.3,-184.1822922687752,-1.328050210580729,-0.9337170638474517,-11.174782862592357,0.0,0.0,-27.87593356212761,-7.628803172571964,-3.0806134041217943,-6.048967367675871,-4.8001825447446285,-14.246670158238183
1351,350035000016.5947,18,34.9999873847242,35.0,291.9,0,0.0,0.7751253547058649,0.22487464529413514,2.6758976029474553e-31,200.0,61.3,-184.1822922687752,-1.328050210580729,-0.9337170638474517,-11.174782862592357,0.0,0.0,-27.87593356212761,-7.628803172571964,-3.0806134041217943,-6.048967367675871,-4.8001825447446285,-14.246670158238183
1352,350035000016.5947,19,34.9999873847242,35.0,291.9,0,0.0,0.7751189955204087,0.22488100447959128,2.5421027228000826e-31,200.0,61.3,-184.1822922687752,-1.328050210580729,-0.9337170638474517,-11.174782862592357,0.0,0.0,-27.87593356212761,-7.628803172571964,-3.0806134041217943,-6.048967367675871,-4.8001825447446285,-14.246670158238183
1353,350035000016.5947,20,34.9999873847242,35.0,291.9,0,0.0,0.7751120942419821,0.2248879057580179,2.4149975866600783e-31,200.0,61.3,-184.1822922687752,-1.328050210580729,-0.9337170638474517,-11.174782862592357,0.0,0.0,-27.87593356212761,-7.628803172571964,-3.0806134041217943,-6.048967367675871,-4.8001825447446285,-14.246670158238183
1354,350035000016.5947,21,34.9999873847242,35.0,291.9,0,0.0,0.7751069192308112,0.22489308076918885,2.2942477073270747e-31,200.0,61.3,-184.1822922687752,-1.328050210580729,-0.9337170638474517,-11.174782862592357,0.0,0.0,-27.87593356212761,-7.628803172571964,-3.0806134041217943,-6.048967367675871,-4.8001825447446285,-14.246670158238183
1355,350035000016.5947,22,34.9999873847242,35.0,291.9,0,0.0,0.7751018899410184,0.22489811005898167,2.1795353219607207e-31,200.0,61.3,-184.1822922687752,-1.328050210580729,-0.9337170638474517,-11.174782862592357,0.0,0.0,-27.87593356212761,-7.628803172571964,-3.0806134041217943,-6.048967367675871,-4.8001825447446285,-14.246670158238183
1356,350035000016.5947,23,34.9999873847242,35.0,291.9,0,0.0,0.7750962537170493,0.2249037462829507,2.0705585558626844e-31,200.0,61.3,-184.1822922687752,-1.328050210580729,-0.9337170638474517,-11.174782862592357,0.0,0.0,-27.87593356212761,-7.628803172571964,-3.0806134041217943,-6.048967367675871,-4.8001825447446285,-14.246670158238183
1357,350035000016.5947,24,34.9999873847242,35.0,291.9,0,0.0,0.7750900420834628,0.22490995791653717,1.96703062806955e-31,200.0,61.3,-184.1822922687752,-1.328050210580729,-0.9337170638474517,-11.174782862592357,0.0,0.0,-27.87593356212761,-7.628803172571964,-3.0806134041217943,-6.048967367675871,-4.8001825447446285,-14.246670158238183
1358,350035000016.5947,25,34.9999873847242,35.0,291.9,0,0.0,0.7750832849861672,0.22491671501383287,1.8686790966660725e-31,200.0,61.3,-184.1822922687752,-1.328050210580729,-0.9337170638474517,-11.174782862592357,0.0,0.0,-27.87593356212761,-7.628803172571964,-3.0806134041217943,-6.048967367675871,-4.8001825447446285,-14.246670158238183
1359,350035000016.5947,26,34.9999873847242,35.0,291.9,0,0.0,0.7750745224130254,0.22492547758697456,1.7752451418327688e-31,200.0,61.3,-184.1822922687752,-1.328050210580729,-0.9337170638474517,-11.174782862592357,0.0,0.0,-27.87593356212761,-7.628803172571964,-3.0806134041217943,-6.048967367675871,-4.8001825447446285,-14.246670158238183
1360,350035000016.5947,27,34.9999873847242,35.0,291.9,0,0.0,0.775062369326082,0.22493763067391798,1.6864828847411302e-31,200.0,61.3,-184.1822922687752,-1.328050210580729,-0.9337170638474517,-11.174782862592357,0.0,0.0,-27.87593356212761,-7.628803172571964,-3.0806134041217943,-6.048967367675871,-4.8001825447446285,-14.246670158238183
1361,350035000016.5947,28,34.9999873847242,35.0,291.9,0,0.0,0.7750507177796567,0.22494928222034322,1.6021587405040737e-31,200.0,61.3,-184.1822922687752,-1.328050210580729,-0.9337170638474517,-11.174782862592357,0.0,0.0,-27.87593356212761,-7.628803172571964,-3.0806134041217943,-6.048967367675871,-4.8001825447446285,-14.246670158238183
1362,350035000016.5947,29,34.9999873847242,35.0,291.9,0,0.0,0.7750373134405983,0.22496268655940171,1.5220508034788703e-31,200.0,61.3,-184.1822922687752,-1.328050210580729,-0.9337170638474517,-11.174782862592357,0.0,0.0,-27.87593356212761,-7.628803172571964,-3.0806134041217943,-6.048967367675871,-4.8001825447446285,-14.246670158238183
1363,350035000016.5947,30,34.9999873847242,35.0,291.9,0,0.0,0.7750244751280866,0.22497552487191347,1.4459482633049266e-31,200.0,61.3,-184.1822922687752,-1.328050210580729,-0.9337170638474517,-11.174782862592357,0.0,0.0,-27.87593356212761,-7.628803172571964,-3.0806134041217943,-6.048967367675871,-4.8001825447446285,-14.246670158238183
1364,350035000016.5947,31,34.9999873847242,35.0,291.9,0,0.0,0.7750121746928931,0.2249878253071069,1.3736508501396801e-31,200.0,61.3,-184.1822922687752,-1.328050210580729,-0.9337170638474517,-11.174782862592357,0.0,0.0,-27.87593356212761,-7.628803172571964,-3.0806134041217943,-6.048967367675871,-4.8001825447446285,-14.246670158238183
1365,350035000016.5947,32,34.9999873847242,35.0,291.9,0,0.0,0.7749996437278742,0.22500035627212572,1.3049683076326962e-31,200.0,61.3,-184.1822922687752,-1.328050210580729,-0.9337170638474517,-11.174782862592357,0.0,0.0,-27.87593356212761,-7.628803172571964,-3.0806134041217943,-6.048967367675871,-4.8001825447446285,-14.246670158238183
1366,350035000016.5947,33,34.9999873847242,35.0,291.9,0,0.0,0.7749861536445563,0.2250138463554438,1.2397198922510615e-31,200.0,61.3,-184.1822922687752,-1.328050210580729,-0.9337170638474517,-11.174782862592357,0.0,0.0,-27.87593356212761,-7.628803172571964,-3.0806134041217943,-6.048967367675871,-4.8001825447446285,-14.246670158238183
1367,350035000016.5947,34,34.9999873847242,35.0,291.9,0,0.0,0.7749754580778875,0.22502454192211252,1.1777338976385083e-31,200.0,61.3,-184.1822922687752,-1.328050210580729,-0.9337170638474517,-11.174782862592357,0.0,0.0,-27.87593356212761,-7.628803172571964,-3.0806134041217943,-6.048967367675871,-4.8001825447446285,-14.246670158238183
1368,350035000016.5947,35,34.9999873847242,35.0,291.9,0,0.0,0.774965193856322,0.22503480614367802,1.118847202756583e-31,200.0,61.3,-184.1822922687752,-1.328050210580729,-0.9337170638474517,-11.174782862592357,0.0,0.0,-27.87593356212761,-7.628803172571964,-3.0806134041217943,-6.048967367675871,-4.8001825447446285,-14.246670158238183
1369,350035000016.5947,36,34.9999873847242,35.0,291.9,0,0.0,0.7749575577283372,0.22504244227166276,1.0629048426187538e-31,200.0,61.3,-184.1822922687752,-1.328050210580729,-0.9337170638474517,-11.174782862592357,0.0,0.0,-27.87593356212761,-7.628803172571964,-3.0806134041217943,-6.048967367675871,-4.8001825447446285,-14.246670158238183
1370,350035000016.5947,37,34.9999873847242,35.0,291.9,0,0.0,0.77495093739463,0.22504906260537,1.0097596004878162e-31,200.0,61.3,-184.1822922687752,-1.328050210580729,-0.9337170638474517,-11.174782862592357,0.0,0.0,-27.87593356212761,-7.628803172571964,-3.0806134041217943,-6.048967367675871,-4.8001825447446285,-14.246670158238183
1371,350035000016.5947,38,34.9999873847242,35.0,291.9,0,0.0,0.7749438047818601,0.2250561952181399,9.592716204634255e-32,200.0,61.3,-184.1822922687752,-1.328050210580729,-0.9337170638474517,-11.174782862592357,0.0,0.0,-27.87593356212761,-7.628803172571964,-3.0806134041217943,-6.048967367675871,-4.8001825447446285,-14.246670158238183
1372,350035000016.5947,39,34.9999873847242,35.0,291.9,0,0.0,0.7749347109933451,0.2250652890066549,9.113080394402542e-32,200.0,61.3,-184.1822922687752,-1.328050210580729,-0.9337170638474517,-11.174782862592357,0.0,0.0,-27.87593356212761,-7.628803172571964,-3.0806134041217943,-6.048967367675871,-4.8001825447446285,-14.246670158238183
1373,350035000016.5947,40,34.9999873847242,35.0,291.9,0,0.0,0.7749289181255343,0.22507108187446562,8.657426374682414e-32,200.0,61.3,-184.1822922687752,-1.328050210580729,-0.9337170638474517,-11.174782862592357,0.0,0.0,-27.87593356212761,-7.628803172571964,-3.0806134041217943,-6.048967367675871,-4.8001825447446285,-14.246670158238183
1374,350035000016.5947,41,34.9999873847242,35.0,291.9,0,0.0,0.7749277283862406,0.22507227161375945,8.224555055948294e-32,200.0,61.3,-184.1822922687752,-1.328050210580729,-0.9337170638474517,-11.174782862592357,0.0,0.0,-27.87593356212761,-7.628803172571964,-3.0806134041217943,-6.048967367675871,-4.8001825447446285,-14.246670158238183
1375,350035000016.5947,42,34.9999873847242,35.0,291.9,0,0.0,0.7749257548072374,0.22507424519276265,7.813327303150879e-32,200.0,61.3,-184.1822922687752,-1.328050210580729,-0.9337170638474517,-11.174782862592357,0.0,0.0,-27.87593356212761,-7.628803172571964,-3.0806134041217943,-6.048967367675871,-4.8001825447446285,-14.246670158238183
1376,350035000016.5947,43,34.9999873847242,35.0,291.9,0,0.0,0.7749259781046831,0.22507402189531683,7.422660937993334e-32,200.0,61.3,-184.1822922687752,-1.328050210580729,-0.9337170638474517,-11.174782862592357,0.0,0.0,-27.87593356212761,-7.628803172571964,-3.0806134041217943,-6.048967367675871,-4.8001825447446285,-14.246670158238183
1377,350035000016.5947,44,34.9999873847242,35.0,291.9,0,0.0,0.7749253473593678,0.22507465264063214,7.051527891093667e-32,200.0,61.3,-184.1822922687752,-1.328050210580729,-0.9337170638474517,-11.174782862592357,0.0,0.0,-27.87593356212761,-7.628803172571964,-3.0806134041217943,-6.048967367675871,-4.8001825447446285,-14.246670158238183
1378,350035000016.5947,45,34.9999873847242,35.0,291.9,0,0.0,0.7749290430492782,0.22507095695072174,6.698951496538984e-32,200.0,61.3,-184.1822922687752,-1.328050210580729,-0.9337170638474517,-11.174782862592357,0.0,0.0,-27.87593356212761,-7.628803172571964,-3.0806134041217943,-6.048967367675871,-4.8001825447446285,-14.246670158238183
1379,350035000016.5947,46,34.9999873847242,35.0,291.9,0,0.0,0.7749339091840955,0.2250660908159045,6.364003921712036e-32,200.0,61.3,-184.1822922687752,-1.328050210580729,-0.9337170638474517,-11.174782862592357,0.0,0.0,-27.87593356212761,-7.628803172571964,-3.0806134041217943,-6.048967367675871,-4.8001825447446285,-14.246670158238183
1380,350035000016.5947,47,34.9999873847242,35.0,291.9,0,0.0,0.7749362229496407,0.2250637770503593,6.045803725626434e-32,200.0,61.3,-184.1822922687752,-1.328050210580729,-0.9337170638474517,-11.174782862592357,0.0,0.0,-27.87593356212761,-7.628803172571964,-3.0806134041217943,-6.048967367675871,-4.8001825447446285,-14.246670158238183
1381,350035000016.5947,48,34.9999873847242,35.0,291.9,0,0.0,0.7749390431793336,0.22506095682066646,5.743513539345111e-32,200.0,61.3,-184.1822922687752,-1.328050210580729,-0.9337170638474517,-11.174782862592357,0.0,0.0,-27.87593356212761,-7.628803172571964,-3.0806134041217943,-6.048967367675871,-4.8001825447446285,-14.246670158238183
1382,350035000016.5947,49,34.9999873847242,35.0,291.9,0,0.0,0.7749416121556656,0.22505838784433438,5.456337862377856e-32,200.0,61.3,-184.1822922687752,-1.328050210580729,-0.9337170638474517,-11.174782862592357,0.0,0.0,-27.87593356212761,-7.628803172571964,-3.0806134041217943,-6.048967367675871,-4.8001825447446285,-14.246670158238183
1383,350035000016.5947,0,34.9999873847242,35.0,291.9,0,0.0,0.7749454043721313,0.22505459562786873,5.183520969258964e-32,200.0,61.3,-184.1822922687752,-1.328050210580729,-0.9337170638474517,-11.174782862592357,0.0,0.0,-27.87593356212761,-7.628803172571964,-3.0806134041217943,-6.048967367675871,-4.8001825447446285,-14.246670158238183
1384,350035000016.5947,1,34.9999873847242,35.0,291.9,0,0.0,0.7749496262767952,0.22505037372320488,4.9243449207960154e-32,200.0,61.3,-184.1822922687752,-1.328050210580729,-0.9337170638474517,-11.174782862592357,0.0,0.0,-27.87593356212761,-7.628803172571964,-3.0806134041217943,-6.048967367675871,-4.8001825447446285,-14.246670158238183
1385,350035000016.5947,2,34.9999873847242,35.0,291.9,0,0.0,0.77495644406723,0.2250435559327701,4.678127674756214e-32,200.0,61.3,-184.1822922687752,-1.328050210580729,-0.9337170638474517,-11.174782862592357,0.0,0.0,-27.87593356212761,-7.628803172571964,-3.0806134041217943,-6.048967367675871,-4.8001825447446285,-14.246670158238183
1386,350035000016.5947,3,34.9999873847242,35.0,291.9,0,0.0,0.7749635366188335,0.22503646338116648,4.4442212910184036e-32,200.0,61.3,-184.1822922687752,-1.328050210580729,-0.9337170638474517,-11.174782862592357,0.0,0.0,-27.87593356212761,-7.628803172571964,-3.0806134041217943,-6.048967367675871,-4.8001825447446285,-14.246670158238183
1387,350035000016.5947,4,34.9999873847242,35.0,291.9,0,0.0,0.7749687041362576,0.22503129586374235,4.2220102264674834e-32,200.0,61.3,-184.1822922687752,-1.328050210580729,-0.9337170638474517,-11.174782862592357,0.0,0.0,-27.87593356212761,-7.628803172571964,-3.0806134041217943,-6.048967367675871,-4.8001825447446285,-14.246670158238183
1388,350035000016.5947,5,34.9999873847242,35.0,291.9,0,0.0,0.7749720448324836,0.22502795516751642,4.0109097151441096e-32,200.0,61.3,-184.1822922687752,-1.328050210580729,-0.9337170638474517,-11.174782862592357,0.0,0.0,-27.87593356212761,-7.628803172571964,-3.0806134041217943,-6.048967367675871,-4.8001825447446285,-14.246670158238183
1389,350035000016.5947,6,34.9999873847242,35.0,291.9,0,0.0,0.774970012625002,0.22502998737499805,3.8103642293869043e-32,200.0,61.3,-184.1822922687752,-1.328050210580729,-0.9337170638474517,-11.174782862592357,0.0,0.0,-27.87593356212761,-7.628803172571964,-3.0806134041217943,-6.048967367675871,-4.8001825447446285,-14.246670158238183
1390,350035000016.5947,7,34.9999873847242,35.0,291.9,0,0.0,0.7749687020878131,0.22503129791218693,3.619846017917559e-32,200.0,61.3,-184.1822922687752,-1.328050210580729,-0.9337170638474517,-11.174782862592357,0.0,0.0,-27.87593356212761,-7.628803172571964,-3.0806134041217943,-6.048967367675871,-4.8001825447446285,-14.246670158238183
1391,350035000016.5947,8,34.9999873847242,35.0,291.9,0,0.0,0.7749673492814422,0.22503265071855788,3.4388537170216814e-32,200.0,61.3,-184.1822922687752,-1.328050210580729,-0.9337170638474517,-11.174782862592357,0.0,0.0,-27.87593356212761,-7.628803172571964,-3.0806134041217943,-6.048967367675871,-4.8001825447446285,-14.246670158238183
1392,350035000016.5947,9,34.9999873847242,35.0,291.9,0,0.0,0.7749666828707056,0.22503331712929442,3.266911031170597e-32,200.0,61.3,-184.1822922687752,-1.328050210580729,-0.9337170638474517,-11.174782862592357,0.0,0.0,-27.87593356212761,-7.628803172571964,-3.0806134041217943,-6.048967367675871,-4.8001825447446285,-14.246670158238183
1393,350035000016.5947,10,34.9999873847242,35.0,291.9,0,0.0,0.7749630378447179,0.22503696215528216,3.103565479612067e-32,200.0,61.3,-184.1822922687752,-1.328050210580729,-0.9337170638474517,-11.174782862592357,0.0,0.0,-27.87593356212761,-7.628803172571964,-3.0806134041217943,-6.048967367675871,-4.8001825447446285,-14.246670158238183
1394,350035000016.5947,11,34.9999873847242,35.0,291.9,0,0.0,0.774958017935314,0.225041982064686,2.9483872056314636e-32,200.0,61.3,-184.1822922687752,-1.328050210580729,-0.9337170638474517,-11.174782862592357,0.0,0.0,-27.87593356212761,-7.628803172571964,-3.0806134041217943,-6.048967367675871,-4.8001825447446285,-14.246670158238183
1395,350035000016.5947,12,34.9999873847242,35.0,291.9,0,0.0,0.7749531444034033,0.2250468555965967,2.8009678453498903e-32,200.0,61.3,-184.1822922687752,-1.328050210580729,-0.9337170638474517,-11.174782862592357,0.0,0.0,-27.87593356212761,-7.628803172571964,-3.0806134041217943,-6.048967367675871,-4.8001825447446285,-14.246670158238183
1396,350035000016.5947,13,34.9999873847242,35.0,291.9,0,0.0,0.7749498593693263,0.22505014063067383,2.6609194530823957e-32,200.0,61.3,-184.1822922687752,-1.328050210580729,-0.9337170638474517,-11.174782862592357,0.0,0.0,-27.87593356212761,-7.628803172571964,-3.0806134041217943,-6.048967367675871,-4.8001825447446285,-14.246670158238183
1397,350035000016.5947,14,34.9999873847242,35.0,291.9,0,0.0,0.7749488051472987,0.22505119485270136,2.527873480428276e-32,200.0,61.3,-184.1822922687752,-1.328050210580729,-0.9337170638474517,-11.174782862592357,0.0,0.0,-27.87593356212761,-7.628803172571964,-3.0806134041217943,-6.048967367675871,-4.8001825447446285,-14.246670158238183
1398,350035000016.5947,15,34.9999873847242,35.0,291.9,0,0.0,0.7749484202369241,0.22505157976307585,2.4014798064068622e-32,200.0,61.3,-184.1822922687752,-1.328050210580729,-0.9337170638474517,-11.174782862592357,0.0,0.0,-27.87593356212761,-7.628803172571964,-3.0806134041217943,-6.048967367675871,-4.8001825447446285,-14.246670158238183
1399,350035000016.5947,16,34.9999873847242,35.0,291.9,0,0.0,0.7749486702391849,0.22505132976081507,2.281405816086519e-32,200.0,61.3,-184.1822922687752,-1.328050210580729,-0.9337170638474517,-11.174782862592357,0.0,0.0,-27.87593356212761,-7.628803172571964,-3.0806134041217943,-6.048967367675871,-4.8001825447446285,-14.246670158238183
1400,350035000016.5947,17,34.9999873847242,35.0,291.9,0,0.0,0.7749488003028369,0.22505119969716308,2.167335525282193e-32,200.0,61.3,-184.1822922687752,-1.328050210580729,-0.9337170638474517,-11.174782862592357,0.0,0.0,-27.87593356212761,-7.628803172571964,-3.0806134041217943,-6.048967367675871,-4.8001825447446285,-14.246670158238183
1401,350035000016.5947,18,34.9999873847242,35.0,291.9,0,0.0,0.7749517028473004,0.22504829715269956,2.0589687490180833e-32,200.0,61.3,-184.1822922687752,-1.328050210580729,-0.9337170638474517,-11.174782862592357,0.0,0.0,-27.87593356212761,-7.628803172571964,-3.0806134041217943,-6.048967367675871,-4.8001825447446285,-14.246670158238183
1402,350035000016.5947,19,34.9999873847242,35.0,291.9,0,0.0,0.7749521880201587,0.22504781197984125,1.9560203115671792e-32,200.0,61.3,-184.1822922687752,-1.328050210580729,-0.9337170638474517,-11.174782862592357,0.0,0.0,-27.87593356212761,-7.628803172571964,-3.0806134041217943,-6.048967367675871,-4.8001825447446285,-14.246670158238183
1403,350035000016.5947,20,34.9999873847242,35.0,291.9,0,0.0,0.7749503792910433,0.22504962070895668,1.8582192959888202e-32,200.0,61.3,-184.1822922687752,-1.328050210580729,-0.9337170638474517,-11.174782862592357,0.0,0.0,-27.87593356212761,-7.628803172571964,-3.0806134041217943,-6.048967367675871,-4.8001825447446285,-14.246670158238183
1404,350035000016.5947,21,34.9999873847242,35.0,291.9,0,0.0,0.7749499956708508,0.22505000432914926,1.7653083311893792e-32,200.0,61.3,-184.1822922687752,-1.328050210580729,-0.9337170638474517,-11.174782862592357,0.0,0.0,-27.87593356212761,-7.628803172571964,-3.0806134041217943,-6.048967367675871,-4.8001825447446285,-14.246670158238183
1405,350035000016.5947,22,34.9999873847242,35.0,291.9,0,0.0,0.7749480850727364,0.22505191492726365,1.6770429146299103e-32,200.0,61.3,-184.1822922687752,-1.328050210580729,-0.9337170638474517,-11.174782862592357,0.0,0.0,-27.87593356212761,-7.628803172571964,-3.0806134041217943,-6.048967367675871,-4.8001825447446285,-14.246670158238183
1406,350035000016.5947,23,34.9999873847242,35.0,291.9,0,0.0,0.7749476029569464,0.22505239704305363,1.593190768898415e-32,200.0,61.3,-184.1822922687752,-1.328050210580729,-0.9337170638474517,-11.174782862592357,0.0,0.0,-27.87593356212761,-7.628803172571964,-3.0806134041217943,-6.048967367675871,-4.8001825447446285,-14.246670158238183
1407,350035000016.5947,24,34.9999873847242,35.0,291.9,0,0.0,0.7749477572035215,0.22505224279647848,1.5135312304534943e-32,200.0,61.3,-184.1822922687752,-1.328050210580729,-0.9337170638474517,-11.174782862592357,0.0,0.0,-27.87593356212761,-7.628803172571964,-3.0806134041217943,-6.048967367675871,-4.8001825447446285,-14.246670158238183
1408,350035000016.5947,25,34.9999873847242,35.0,291.9,0,0.0,0.774948515073463,0.2250514849265371,1.4378546689308195e-32,200.0,61.3,-184.1822922687752,-1.328050210580729,-0.9337170638474517,-11.174782862592357,0.0,0.0,-27.87593356212761,-7.628803172571964,-3.0806134041217943,-6.048967367675871,-4.8001825447446285,-14.246670158238183
1409,350035000016.5947,26,34.9999873847242,35.0,291.9,0,0.0,0.7749505628996942,0.22504943710030587,1.3659619354842784e-32,200.0,61.3,-184.1822922687752,-1.328050210580729,-0.9337170638474517,-11.174782862592357,0.0,0.0,-27.87593356212761,-7.628803172571964,-3.0806134041217943,-6.048967367675871,-4.8001825447446285,-14.246670158238183
1410,350035000016.5947,27,34.9999873847242,35.0,291.9,0,0.0,0.7749538340698767,0.2250461659301231,1.2976638387100642e-32,200.0,61.3,-184.1822922687752,-1.328050210580729,-0.9337170638474517,-11.174782862592357,0.0,0.0,-27.87593356212761,-7.628803172571964,-3.0806134041217943,-6.048967367675871,-4.8001825447446285,-14.246670158238183
1411,350035000016.5947,28,34.9999873847242,35.0,291.9,0,0.0,0.7749546838019815,0.22504531619801854,1.2327806467745613e-32,200.0,61.3,-184.1822922687752,-1.328050210580729,-0.9337170638474517,-11.174782862592357,0.0,0.0,-27.87593356212761,-7.628803172571964,-3.0806134041217943,-6.048967367675871,-4.8001825447446285,-14.246670158238183
1412,350035000016.5947,29,34.9999873847242,35.0,291.9,0,0.0,0.7749553839186923,0.22504461608130766,1.1711416144358332e-32,200.0,61.3,-184.1822922687752,-1.328050210580729,-0.9337170638474517,-11.174782862592357,0.0,0.0,-27.87593356212761,-7.628803172571964,-3.0806134041217943,-6.048967367675871,-4.8001825447446285,-14.246670158238183
1413,350035000016.5947,30,34.9999873847242,35.0,291.9,0,0.0,0.7749566574835591,0.22504334251644093,1.1125845337140416e-32,200.0,61.3,-184.1822922687752,-1.328050210580729,-0.9337170638474517,-11.174782862592357,0.0,0.0,-27.87593356212761,-7.628803172571964,-3.0806134041217943,-6.048967367675871,-4.8001825447446285,-14.246670158238183
1414,350035000016.5947,31,34.9999873847242,35.0,291.9,0,0.0,0.7749563301127037,0.22504366988729632,1.0569553070283397e-32,200.0,61.3,-184.1822922687752,-1.328050210580729,-0.9337170638474517,-11.174782862592357,0.0,0.0,-27.87593356212761,-7.628803172571964,-3.0806134041217943,-6.048967367675871,-4.8001825447446285,-14.246670158238183
1415,350035000016.5947,32,34.9999873847242,35.0,291.9,0,0.0,0.7749587705443758,0.22504122945562421,1.0041075416769226e-32,200.0,61.3,-184.1822922687752,-1.328050210580729,-0.9337170638474517,-11.174782862592357,0.0,0.0,-27.87593356212761,-7.628803172571964,-3.0806134041217943,-6.048967367675871,-4.8001825447446285,-14.246670158238183
1416,350035000016.5947,33,34.9999873847242,35.0,291.9,0,0.0,0.7749652624384936,0.22503473756150633,9.539021645930764e-33,200.0,61.3,-184.1822922687752,-1.328050210580729,-0.9337170638474517,-11.174782862592357,0.0,0.0,-27.87593356212761,-7.628803172571964,-3.0806134041217943,-6.048967367675871,-4.8001825447446285,-14.246670158238183
1417,350035000016.5947,34,34.9999873847242,35.0,291.9,0,0.0,0.7749713188956512,0.22502868110434887,9.062070563634226e-33,200.0,61.3,-184.1822922687752,-1.328050210580729,-0.9337170638474517,-11.174782862592357,0.0,0.0,-27.87593356212761,-7.628803172571964,-3.0806134041217943,-6.048967367675871,-4.8001825447446285,-14.246670158238183
1418,350035000016.5947,35,34.9999873847242,35.0,291.9,0,0.0,0.7749755369152338,0.22502446308476617,8.608967035452515e-33,200.0,61.3,-184.1822922687752,-1.328050210580729,-0.9337170638474517,-11.174782862592357,0.0,0.0,-27.87593356212761,-7.628803172571964,-3.0806134041217943,-6.048967367675871,-4.8001825447446285,-14.246670158238183
1419,350035000016.5947,36,34.9999873847242,35.0,291.9,0,0.0,0.7749780102949226,0.2250219897050774,8.17851868367989e-33,200.0,61.3,-184.1822922687752,-1.328050210580729,-0.9337170638474517,-11.174782862592357,0.0,0.0,-27.87593356212761,-7.628803172571964,-3.0806134041217943,-6.048967367675871,-4.8001825447446285,-14.246670158238183
1420,350035000016.5947,37,34.9999873847242,35.0,291.9,0,0.0,0.7749795399035604,0.22502046009643956,7.769592749495895e-33,200.0,61.3,-184.1822922687752,-1.328050210580729,-0.9337170638474517,-11.174782862592357,0.0,0.0,-27.87593356212761,-7.628803172571964,-3.0806134041217943,-6.048967367675871,-4.8001825447446285,-14.246670158238183
1421,350035000016.5947,38,34.9999873847242,35.0,291.9,0,0.0,0.7749794626688884,0.2250205373311116,7.381113112021101e-33,200.0,61.3,-184.1822922687752,-1.328050210580729,-0.9337170638474517,-11.174782862592357,0.0,0.0,-27.87593356212761,-7.628803172571964,-3.0806134041217943,-6.048967367675871,-4.8001825447446285,-14.246670158238183
1422,350035000016.5947,39,34.9999873847242,35.0,291.9,0,0.0,0.774978571769258,0.22502142823074195,7.012057456420046e-33,200.0,61.3,-184.1822922687752,-1.328050210580729,-0.9337170638474517,-11.174782862592357,0.0,0.0,-27.87593356212761,-7.628803172571964,-3.0806134041217943,-6.048967367675871,-4.8001825447446285,-14.246670158238183
1423,350035000016.5947,40,34.9999873847242,35.0,291.9,0,0.0,0.7749783298496149,0.22502167015038504,6.661454583599043e-33,200.0,61.3,-184.1822922687752,-1.328050210580729,-0.9337170638474517,-11.174782862592357,0.0,0.0,-27.87593356212761,-7.628803172571964,-3.0806134041217943,-6.048967367675871,-4.8001825447446285,-14.246670158238183
1424,350035000016.5947,41,34.9999873847242,35.0,291.9,0,0.0,0.7749765737944677,0.22502342620553228,6.328381854419093e-33,200.0,61.3,-184.1822922687752,-1.328050210580729,-0.9337170638474517,-11.174782862592357,0.0,0.0,-27.87593356212761,-7.628803172571964,-3.0806134041217943,-6.048967367675871,-4.8001825447446285,-14.246670158238183
1425,350035000016.5947,42,34.9999873847242,35.0,291.9,0,0.0,0.7749755098452092,0.22502449015479073,6.011962761698138e-33,200.0,61.3,-184.1822922687752,-1.328050210580729,-0.9337170638474517,-11.174782862592357,0.0,0.0,-27.87593356212761,-7.628803172571964,-3.0806134041217943,-6.048967367675871,-4.8001825447446285,-14.246670158238183
1426,350035000016.5947,43,34.9999873847242,35.0,291.9,0,0.0,0.7749729754836494,0.2250270245163507,5.711364623613232e-33,200.0,61.3,-184.1822922687752,-1.328050210580729,-0.9337170638474517,-11.174782862592357,0.0,0.0,-27.87593356212761,-7.628803172571964,-3.0806134041217943,-6.048967367675871,-4.8001825447446285,-14.246670158238183
1427,350035000016.5947,44,34.9999873847242,35.0,291.9,0,0.0,0.774967628478534,0.22503237152146613,5.4257963924325705e-33,200.0,61.3,-184.1822922687752,-1.328050210580729,-0.9337170638474517,-11.174782862592357,0.0,0.0,-27.87593356212761,-7.628803172571964,-3.0806134041217943,-6.048967367675871,-4.8001825447446285,-14.246670158238183
1428,350035000016.5947,45,34.9999873847242,35.0,291.9,0,0.0,0.7749631548607654,0.2250368451392346,5.1545065728109415e-33,200.0,61.3,-184.1822922687752,-1.328050210580729,-0.9337170638474517,-11.174782862592357,0.0,0.0,-27.87593356212761,-7.628803172571964,-3.0806134041217943,-6.048967367675871,-4.8001825447446285,-14.246670158238183
1429,350035000016.5947,46,34.9999873847242,35.0,291.9,0,0.0,0.7749595100626978,0.22504048993730225,4.896781244170395e-33,200.0,61.3,-184.1822922687752,-1.328050210580729,-0.9337170638474517,-11.174782862592357,0.0,0.0,-27.87593356212761,-7.628803172571964,-3.0806134041217943,-6.048967367675871,-4.8001825447446285,-14.246670158238183
1430,350035000016.5947,47,34.9999873847242,35.0,291.9,0,0.0,0.7749552372022148,0.22504476279778518,4.651942181961875e-33,200.0,61.3,-184.1822922687752,-1.328050210580729,-0.9337170638474517,-11.174782862592357,0.0,0.0,-27.87593356212761,-7.628803172571964,-3.0806134041217943,-6.048967367675871,-4.8001825447446285,-14.246670158238183
1431,350035000016.5947,48,34.9999873847242,35.0,291.9,0,0.0,0.7749496617936041,0.22505033820639583,4.419345072863781e-33,200.0,61.3,-184.1822922687752,-1.328050210580729,-0.9337170638474517,-11.174782862592357,0.0,0.0,-27.87593356212761,-7.628803172571964,-3.0806134041217943,-6.048967367675871,-4.8001825447446285,-14.246670158238183
1432,350035000016.5947,49,34.9999873847242,35.0,291.9,0,0.0,0.7749421441545895,0.22505785584541044,4.1983778192205915e-33,200.0,61.3,-184.1822922687752,-1.328050210580729,-0.9337170638474517,-11.174782862592357,0.0,0.0,-27.87593356212761,-7.628803172571964,-3.0806134041217943,-6.048967367675871,-4.8001825447446285,-14.246670158238183
1433,350035000016.5947,0,34.9999873847242,35.0,291.9,0,0.0,0.7749370210348433,0.2250629789651568,3.9884589282595626e-33,200.0,61.3,-184.1822922687752,-1.328050210580729,-0.9337170638474517,-11.174782862592357,0.0,0.0,-27.87593356212761,-7.628803172571964,-3.0806134041217943,-6.048967367675871,-4.8001825447446285,-14.246670158238183
1434,350035000016.5947,1,34.9999873847242,35.0,291.9,0,0.0,0.7749285247294933,0.2250714752705067,3.789035981846584e-33,200.0,61.3,-184.1822922687752,-1.328050210580729,-0.9337170638474517,-11.174782862592357,0.0,0.0,-27.87593356212761,-7.628803172571964,-3.0806134041217943,-6.048967367675871,-4.8001825447446285,-14.246670158238183
1435,350035000016.5947,2,34.9999873847242,35.0,291.9,0,0.0,0.774920354833378,0.22507964516662216,3.599584182754255e-33,200.0,61.3,-184.1822922687752,-1.328050210580729,-0.9337170638474517,-11.174782862592357,0.0,0.0,-27.87593356212761,-7.628803172571964,-3.0806134041217943,-6.048967367675871,-4.8001825447446285,-14.246670158238183
1436,350035000016.5947,3,34.9999873847242,35.0,291.9,0,0.0,0.7749146094652498,0.22508539053475018,3.4196049736165425e-33,200.0,61.3,-184.1822922687752,-1.328050210580729,-0.9337170638474517,-11.174782862592357,0.0,0.0,-27.87593356212761,-7.628803172571964,-3.0806134041217943,-6.048967367675871,-4.8001825447446285,-14.246670158238183
1437,350035000016.5947,4,34.9999873847242,35.0,291.9,0,0.0,0.7749055300477491,0.22509446995225096,3.248624724935716e-33,200.0,61.3,-184.1822922687752,-1.328050210580729,-0.9337170638474517,-11.174782862592357,0.0,0.0,-27.87593356212761,-7.628803172571964,-3.0806134041217943,-6.048967367675871,-4.8001825447446285,-14.246670158238183
1438,350035000016.5947,5,34.9999873847242,35.0,291.9,0,0.0,0.7748961035186406,0.22510389648135948,3.08619348868893e-33,200.0,61.3,-184.1822922687752,-1.328050210580729,-0.9337170638474517,-11.174782862592357,0.0,0.0,-27.87593356212761,-7.628803172571964,-3.0806134041217943,-6.048967367675871,-4.8001825447446285,-14.246670158238183
1439,350035000016.5947,6,34.9999873847242,35.0,291.9,0,0.0,0.77488775547077,0.22511224452922995,2.9318838142544835e-33,200.0,61.3,-184.1822922687752,-1.328050210580729,-0.9337170638474517,-11.174782862592357,0.0,0.0,-27.87593356212761,-7.628803172571964,-3.0806134041217943,-6.048967367675871,-4.8001825447446285,-14.246670158238183
1440,350035000016.5947,7,34.9999873847242,35.0,291.9,0,0.0,0.7748797280625453,0.22512027193745465,2.7852896235417594e-33,200.0,61.3,-184.1822922687752,-1.328050210580729,-0.9337170638474517,-11.174782862592357,0.0,0.0,-27.87593356212761,-7.628803172571964,-3.0806134041217943,-6.048967367675871,-4.8001825447446285,-14.246670158238183
1441,350035000016.5947,8,34.9999873847242,35.0,291.9,0,0.0,0.7748691946003093,0.22513080539969066,2.6460251423646712e-33,200.0,61.3,-184.1822922687752,-1.328050210580729,-0.9337170638474517,-11.174782862592357,0.0,0.0,-27.87593356212761,-7.628803172571964,-3.0806134041217943,-6.048967367675871,-4.8001825447446285,-14.246670158238183
1442,350035000016.5947,9,34.9999873847242,35.0,291.9,0,0.0,0.7748562833693023,0.22514371663069763,2.5137238852464374e-33,200.0,61.3,-184.1822922687752,-1.328050210580729,-0.9337170638474517,-11.174782862592357,0.0,0.0,-27.87593356212761,-7.628803172571964,-3.0806134041217943,-6.048967367675871,-4.8001825447446285,-14.246670158238183
1443,350035000016.5947,10,34.9999873847242,35.0,291.9,0,0.0,0.774846031235001,0.22515396876499907,2.3880376909841158e-33,200.0,61.3,-184.1822922687752,-1.328050210580729,-0.9337170638474517,-11.174782862592357,0.0,0.0,-27.87593356212761,-7.628803172571964,-3.0806134041217943,-6.048967367675871,-4.8001825447446285,-14.246670158238183
1444,350035000016.5947,11,34.9999873847242,35.0,291.9,0,0.0,0.7748411064646883,0.2251588935353117,2.2686358064349098e-33,200.0,61.3,-184.1822922687752,-1.328050210580729,-0.9337170638474517,-11.174782862592357,0.0,0.0,-27.87593356212761,-7.628803172571964,-3.0806134041217943,-6.048967367675871,-4.8001825447446285,-14.246670158238183
1445,350035000016.5947,12,34.9999873847242,35.0,291.9,0,0.0,0.7748398327558343,0.22516016724416565,2.1552040161131644e-33,200.0,61.3,-184.1822922687752,-1.328050210580729,-0.9337170638474517,-11.174782862592357,0.0,0.0,-27.87593356212761,-7.628803172571964,-3.0806134041217943,-6.048967367675871,-4.8001825447446285,-14.246670158238183
1446,350035000016.5947,13,34.9999873847242,35.0,291.9,0,0.0,0.7748406223724443,0.2251593776275557,2.0474438153075065e-33,200.0,61.3,-184.1822922687752,-1.328050210580729,-0.9337170638474517,-11.174782862592357,0.0,0.0,-27.87593356212761,-7.628803172571964,-3.0806134041217943,-6.048967367675871,-4.8001825447446285,-14.246670158238183
1447,350035000016.5947,14,34.9999873847242,35.0,291.9,0,0.0,0.7748405727937686,0.22515942720623142,1.9450716245421312e-33,200.0,61.3,-184.1822922687752,-1.328050210580729,-0.9337170638474517,-11.174782862592357,0.0,0.0,-27.87593356212761,-7.628803172571964,-3.0806134041217943,-6.048967367675871,-4.8001825447446285,-14.246670158238183
1448,350035000016.5947,15,34.9999873847242,35.0,291.9,0,0.0,0.7748432198753692,0.22515678012463075,1.8478180433150244e-33,200.0,61.3,-184.1822922687752,-1.328050210580729,-0.9337170638474517,-11.174782862592357,0.0,0.0,-27.87593356212761,-7.628803172571964,-3.0806134041217943,-6.048967367675871,-4.8001825447446285,-14.246670158238183
1449,350035000016.5947,16,34.9999873847242,35.0,291.9,0,0.0,0.7748449348754969,0.22515506512450317,1.7554271411492733e-33,200.0,61.3,-184.1822922687752,-1.328050210580729,-0.9337170638474517,-11.174782862592357,0.0,0.0,-27.87593356212761,-7.628803172571964,-3.0806134041217943,-6.048967367675871,-4.8001825447446285,-14.246670158238183
1450,350035000016.5947,17,34.9999873847242,35.0,291.9,0,0.0,0.7748478579262351,0.22515214207376488,1.6676557840918096e-33,200.0,61.3,-184.1822922687752,-1.328050210580729,-0.9337170638474517,-11.174782862592357,0.0,0.0,-27.87593356212761,-7.628803172571964,-3.0806134041217943,-6.048967367675871,-4.8001825447446285,-14.246670158238183
1451,350035000016.5947,18,34.9999873847242,35.0,291.9,0,0.0,0.7748533201223748,0.2251466798776251,1.584272994887219e-33,200.0,61.3,-184.1822922687752,-1.328050210580729,-0.9337170638474517,-11.174782862592357,0.0,0.0,-27.87593356212761,-7.628803172571964,-3.0806134041217943,-6.048967367675871,-4.8001825447446285,-14.246670158238183
1452,350035000016.5947,19,34.9999873847242,35.0,291.9,0,0.0,0.7748549236639111,0.2251450763360889,1.5050593451428582e-33,200.0,61.3,-184.1822922687752,-1.328050210580729,-0.9337170638474517,-11.174782862592357,0.0,0.0,-27.87593356212761,-7.628803172571964,-3.0806134041217943,-6.048967367675871,-4.8001825447446285,-14.246670158238183
1453,350035000016.5947,20,34.9999873847242,35.0,291.9,0,0.0,0.7748563458326367,0.2251436541673633,1.4298063778857154e-33,200.0,61.3,-184.1822922687752,-1.328050210580729,-0.9337170638474517,-11.174782862592357,0.0,0.0,-27.87593356212761,-7.628803172571964,-3.0806134041217943,-6.048967367675871,-4.8001825447446285,-14.246670158238183
1454,350035000016.5947,21,34.9999873847242,35.0,291.9,0,0.0,0.7748548130328037,0.2251451869671963,1.3583160589914295e-33,200.0,61.3,-184.1822922687752,-1.328050210580729,-0.9337170638474517,-11.174782862592357,0.0,0.0,-27.87593356212761,-7.628803172571964,-3.0806134041217943,-6.048967367675871,-4.8001825447446285,-14.246670158238183
1455,350035000016.5947,22,34.9999873847242,35.0,291.9,0,0.0,0.7748553436192557,0.22514465638074427,1.290400256041858e-33,200.0,61.3,-184.1822922687752,-1.328050210580729,-0.9337170638474517,-11.174782862592357,0.0,0.0,-27.87593356212761,-7.628803172571964,-3.0806134041217943,-6.048967367675871,-4.8001825447446285,-14.246670158238183
1456,350035000016.5947,23,34.9999873847242,35.0,291.9,0,0.0,0.7748557473659278,0.22514425263407226,1.2258802432397651e-33,200.0,61.3,-184.1822922687752,-1.328050210580729,-0.9337170638474517,-11.174782862592357,0.0,0.0,-27.87593356212761,-7.628803172571964,-3.0806134041217943,-6.048967367675871,-4.8001825447446285,-14.246670158238183
1457,350035000016.5947,24,34.9999873847242,35.0,291.9,0,0.0,0.7748560307518209,0.22514396924817914,1.1645862310777768e-33,200.0,61.3,-184.1822922687752,-1.328050210580729,-0.9337170638474517,-11.174782862592357,0.0,0.0,-27.87593356212761,-7.628803172571964,-3.0806134041217943,-6.048967367675871,-4.8001825447446285,-14.246670158238183
1458,350035000016.5947,25,34.9999873847242,35.0,291.9,0,0.0,0.7748561999317055,0.2251438000682945,1.106356919523888e-33,200.0,61.3,-184.1822922687752,-1.328050210580729,-0.9337170638474517,-11.174782862592357,0.0,0.0,-27.87593356212761,-7.628803172571964,-3.0806134041217943,-6.048967367675871,-4.8001825447446285,-14.246670158238183
1459,350035000016.5947,26,34.9999873847242,35.0,291.9,0,0.0,0.7748569540111987,0.22514304598880125,1.0510390735476934e-33,200.0,61.3,-184.1822922687752,-1.328050210580729,-0.9337170638474517,-11.174782862592357,0.0,0.0,-27.87593356212761,-7.628803172571964,-3.0806134041217943,-6.048967367675871,-4.8001825447446285,-14.246670158238183
1460,350035000016.5947,27,34.9999873847242,35.0,291.9,0,0.0,0.7748582628845679,0.22514173711543217,9.984871198703089e-34,200.0,61.3,-184.1822922687752,-1.328050210580729,-0.9337170638474517,-11.174782862592357,0.0,0.0,-27.87593356212761,-7.628803172571964,-3.0806134041217943,-6.048967367675871,-4.8001825447446285,-14.246670158238183
1461,350035000016.5947,28,34.9999873847242,35.0,291.9,0,0.0,0.7748580211652695,0.22514197883473064,9.485627638767934e-34,200.0,61.3,-184.1822922687752,-1.328050210580729,-0.9337170638474517,-11.174782862592357,0.0,0.0,-27.87593356212761,-7.628803172571964,-3.0806134041217943,-6.048967367675871,-4.8001825447446285,-14.246670158238183
1462,350035000016.5947,29,34.9999873847242,35.0,291.9,0,0.0,0.7748604591018604,0.22513954089813962,9.011346256829538e-34,200.0,61.3,-184.1822922687752,-1.328050210580729,-0.9337170638474517,-11.174782862592357,0.0,0.0,-27.87593356212761,-7.628803172571964,-3.0806134041217943,-6.048967367675871,-4.8001825447446285,-14.246670158238183
1463,350035000016.5947,30,34.9999873847242,35.0,291.9,0,0.0,0.7748626739200735,0.22513732607992654,8.56077894398806e-34,200.0,61.3,-184.1822922687752,-1.328050210580729,-0.9337170638474517,-11.174782862592357,0.0,0.0,-27.87593356212761,-7.628803172571964,-3.0806134041217943,-6.048967367675871,-4.8001825447446285,-14.246670158238183
1464,350035000016.5947,31,34.9999873847242,35.0,291.9,0,0.0,0.7748667487815795,0.22513325121842054,8.132739996788656e-34,200.0,61.3,-184.1822922687752,-1.328050210580729,-0.9337170638474517,-11.174782862592357,0.0,0.0,-27.87593356212761,-7.628803172571964,-3.0806134041217943,-6.048967367675871,-4.8001825447446285,-14.246670158238183
1465,350035000016.5947,32,34.9999873847242,35.0,291.9,0,0.0,0.7748705175597158,0.22512948244028413,7.726102996949223e-34,200.0,61.3,-184.1822922687752,-1.328050210580729,-0.9337170638474517,-11.174782862592357,0.0,0.0,-27.87593356212761,-7.628803172571964,-3.0806134041217943,-6.048967367675871,-4.8001825447446285,-14.246670158238183
1466,350035000016.5947,33,34.9999873847242,35.0,291.9,0,0.0,0.7748746852713974,0.22512531472860267,7.339797847101762e-34,200.0,61.3,-184.1822922687752,-1.328050210580729,-0.9337170638474517,-11.174782862592357,0.0,0.0,-27.87593356212761,-7.628803172571964,-3.0806134041217943,-6.048967367675871,-4.8001825447446285,-14.246670158238183
1467,350035000016.5947,34,34.9999873847242,35.0,291.9,0,0.0,0.7748771637899851,0.2251228362100149,6.972807954746673e-34,200.0,61.3,-184.1822922687752,-1.328050210580729,-0.9337170638474517,-11.174782862592357,0.0,0.0,-27.87593356212761,-7.628803172571964,-3.0806134041217943,-6.048967367675871,-4.8001825447446285,-14.246670158238183
1468,350035000016.5947,35,34.9999873847242,35.0,291.9,0,0.0,0.7748807942772414,0.22511920572275862,6.62416755700934e-34,200.0,61.3,-184.1822922687752,-1.328050210580729,-0.9337170638474517,-11.174782862592357,0.0,0.0,-27.87593356212761,-7.628803172571964,-3.0806134041217943,-6.048967367675871,-4.8001825447446285,-14.246670158238183
1469,350035000016.5947,36,34.9999873847242,35.0,291.9,0,0.0,0.7748855171846425,0.22511448281535756,6.292959179158873e-34,200.0,61.3,-184.1822922687752,-1.328050210580729,-0.9337170638474517,-11.174782862592357,0.0,0.0,-27.87593356212761,-7.628803172571964,-3.0806134041217943,-6.048967367675871,-4.8001825447446285,-14.246670158238183
1470,350035000016.5947,37,34.9999873847242,35.0,291.9,0,0.0,0.7748885256439079,0.22511147435609216,5.978311220200929e-34,200.0,61.3,-184.1822922687752,-1.328050210580729,-0.9337170638474517,-11.174782862592357,0.0,0.0,-27.87593356212761,-7.628803172571964,-3.0806134041217943,-6.048967367675871,-4.8001825447446285,-14.246670158238183
1471,350035000016.5947,38,34.9999873847242,35.0,291.9,0,0.0,0.774893343142925,0.22510665685707498,5.6793956591908825e-34,200.0,61.3,-184.1822922687752,-1.328050210580729,-0.9337170638474517,-11.174782862592357,0.0,0.0,-27.87593356212761,-7.628803172571964,-3.0806134041217943,-6.048967367675871,-4.8001825447446285,-14.246670158238183
1472,350035000016.5947,39,34.9999873847242,35.0,291.9,0,0.0,0.7748971299280777,0.22510287007192226,5.395425876231338e-34,200.0,61.3,-184.1822922687752,-1.328050210580729,-0.9337170638474517,-11.174782862592357,0.0,0.0,-27.87593356212761,-7.628803172571964,-3.0806134041217943,-6.048967367675871,-4.8001825447446285,-14.246670158238183
1473,350035000016.5947,40,34.9999873847242,35.0,291.9,0,0.0,0.7749013109250104,0.22509868907498967,5.125654582419772e-34,200.0,61.3,-184.1822922687752,-1.328050210580729,-0.9337170638474517,-11.174782862592357,0.0,0.0,-27.87593356212761,-7.628803172571964,-3.0806134041217943,-6.048967367675871,-4.8001825447446285,-14.246670158238183
1474,350035000016.5947,41,34.9999873847242,35.0,291.9,0,0.0,0.774906551173471,0.22509344882652904,4.869371853298783e-34,200.0,61.3,-184.1822922687752,-1.328050210580729,-0.9337170638474517,-11.174782862592357,0.0,0.0,-27.87593356212761,-7.628803172571964,-3.0806134041217943,-6.048967367675871,-4.8001825447446285,-14.246670158238183
1475,350035000016.5947,42,34.9999873847242,35.0,291.9,0,0.0,0.7749127957806604,0.22508720421933956,4.625903260633844e-34,200.0,61.3,-184.1822922687752,-1.328050210580729,-0.9337170638474517,-11.174782862592357,0.0,0.0,-27.87593356212761,-7.628803172571964,-3.0806134041217943,-6.048967367675871,-4.8001825447446285,-14.246670158238183
1476,350035000016.5947,43,34.9999873847242,35.0,291.9,0,0.0,0.7749199926028225,0.22508000739717743,4.3946080976021514e-34,200.0,61.3,-184.1822922687752,-1.328050210580729,-0.9337170638474517,-11.174782862592357,0.0,0.0,-27.87593356212761,-7.628803172571964,-3.0806134041217943,-6.048967367675871,-4.8001825447446285,-14.246670158238183
1477,350035000016.5947,44,34.9999873847242,35.0,291.9,0,0.0,0.7749321940329649,0.2250678059670351,4.1748776927220435e-34,200.0,61.3,-184.1822922687752,-1.328050210580729,-0.9337170638474517,-11.174782862592357,0.0,0.0,-27.87593356212761,-7.628803172571964,-3.0806134041217943,-6.048967367675871,-4.8001825447446285,-14.246670158238183
1478,350035000016.5947,45,34.9999873847242,35.0,291.9,0,0.0,0.7749450425578107,0.22505495744218929,3.9661338080859414e-34,200.0,61.3,-184.1822922687752,-1.328050210580729,-0.9337170638474517,-11.174782862592357,0.0,0.0,-27.87593356212761,-7.628803172571964,-3.0806134041217943,-6.048967367675871,-4.8001825447446285,-14.246670158238183
1479,350035000016.5947,46,34.9999873847242,35.0,291.9,0,0.0,0.77495577411863,0.22504422588136996,3.767827117681644e-34,200.0,61.3,-184.1822922687752,-1.328050210580729,-0.9337170638474517,-11.174782862592357,0.0,0.0,-27.87593356212761,-7.628803172571964,-3.0806134041217943,-6.048967367675871,-4.8001825447446285,-14.246670158238183
1480,350035000016.5947,47,34.9999873847242,35.0,291.9,0,0.0,0.774964496289693,0.22503550371030695,3.579435761797562e-34,200.0,61.3,-184.1822922687752,-1.328050210580729,-0.9337170638474517,-11.174782862592357,0.0,0.0,-27.87593356212761,-7.628803172571964,-3.0806134041217943,-6.048967367675871,-4.8001825447446285,-14.246670158238183
1481,350035000016.5947,48,34.9999873847242,35.0,291.9,0,0.0,0.7749719931299541,0.2250280068700459,3.400463973707684e-34,200.0,61.3,-184.1822922687752,-1.328050210580729,-0.9337170638474517,-11.174782862592357,0.0,0.0,-27.87593356212761,-7.628803172571964,-3.0806134041217943,-6.048967367675871,-4.8001825447446285,-14.246670158238183
1482,350035000016.5947,49,34.9999873847242,35.0,291.9,0,0.0,0.7749796896651431,0.22502031033485695,3.2304407750223e-34,200.0,61.3,-184.1822922687752,-1.328050210580729,-0.9337170638474517,-11.174782862592357,0.0,0.0,-27.87593356212761,-7.628803172571964,-3.0806134041217943,-6.048967367675871,-4.8001825447446285,-14.246670158238183
1483,350035000016.5947,0,34.9999873847242,35.0,291.9,0,0.0,0.7749841702838491,0.22501582971615092,3.0689187362711847e-34,200.0,61.3,-184.1822922687752,-1.328050210580729,-0.9337170638474517,-11.174782862592357,0.0,0.0,-27.87593356212761,-7.628803172571964,-3.0806134041217943,-6.048967367675871,-4.8001825447446285,-14.246670158238183
1484,350035000016.5947,1,34.9999873847242,35.0,291.9,0,0.0,0.7749896828905016,0.22501031710949834,2.9154727994576254e-34,200.0,61.3,-184.1822922687752,-1.328050210580729,-0.9337170638474517,-11.174782862592357,0.0,0.0,-27.87593356212761,-7.628803172571964,-3.0806134041217943,-6.048967367675871,-4.8001825447446285,-14.246670158238183
1485,350035000016.5947,2,34.9999873847242,35.0,291.9,0,0.0,0.7749948139288024,0.2250051860711976,2.7696991594847443e-34,200.0,61.3,-184.1822922687752,-1.328050210580729,-0.9337170638474517,-11.174782862592357,0.0,0.0,-27.87593356212761,-7.628803172571964,-3.0806134041217943,-6.048967367675871,-4.8001825447446285,-14.246670158238183
1486,350035000016.5947,3,34.9999873847242,35.0,291.9,0,0.0,0.7749961836999132,0.22500381630008684,2.631214201510507e-34,200.0,61.3,-184.1822922687752,-1.328050210580729,-0.9337170638474517,-11.174782862592357,0.0,0.0,-27.87593356212761,-7.628803172571964,-3.0806134041217943,-6.048967367675871,-4.8001825447446285,-14.246670158238183
1487,350035000016.5947,4,34.9999873847242,35.0,291.9,0,0.0,0.7749960225014002,0.2250039774985998,2.499653491434981e-34,200.0,61.3,-184.1822922687752,-1.328050210580729,-0.9337170638474517,-11.174782862592357,0.0,0.0,-27.87593356212761,-7.628803172571964,-3.0806134041217943,-6.048967367675871,-4.8001825447446285,-14.246670158238183
1488,350035000016.5947,5,34.9999873847242,35.0,291.9,0,0.0,0.7749971251732544,0.22500287482674566,2.3746708168632324e-34,200.0,61.3,-184.1822922687752,-1.328050210580729,-0.9337170638474517,-11.174782862592357,0.0,0.0,-27.87593356212761,-7.628803172571964,-3.0806134041217943,-6.048967367675871,-4.8001825447446285,-14.246670158238183
1489,350035000016.5947,6,34.9999873847242,35.0,291.9,0,0.0,0.7749994266288595,0.22500057337114052,2.255937276020071e-34,200.0,61.3,-184.1822922687752,-1.328050210580729,-0.9337170638474517,-11.174782862592357,0.0,0.0,-27.87593356212761,-7.628803172571964,-3.0806134041217943,-6.048967367675871,-4.8001825447446285,-14.246670158238183
1490,350035000016.5947,7,34.9999873847242,35.0,291.9,0,0.0,0.7750001529754659,0.2249998470245341,2.1431404122190673e-34,200.0,61.3,-184.1822922687752,-1.328050210580729,-0.9337170638474517,-11.174782862592357,0.0,0.0,-27.87593356212761,-7.628803172571964,-3.0806134041217943,-6.048967367675871,-4.8001825447446285,-14.246670158238183
1491,350035000016.5947,8,34.9999873847242,35.0,291.9,0,0.0,0.7749973510007835,0.2250026489992165,2.0359833916081137e-34,200.0,61.3,-184.1822922687752,-1.328050210580729,-0.9337170638474517,-11.174782862592357,0.0,0.0,-27.87593356212761,-7.628803172571964,-3.0806134041217943,-6.048967367675871,-4.8001825447446285,-14.246670158238183
1492,350035000016.5947,9,34.9999873847242,35.0,291.9,0,0.0,0.7749959435857846,0.22500405641421534,1.934184222027708e-34,200.0,61.3,-184.1822922687752,-1.328050210580729,-0.9337170638474517,-11.174782862592357,0.0,0.0,-27.87593356212761,-7.628803172571964,-3.0806134041217943,-6.048967367675871,-4.8001825447446285,-14.246670158238183
1493,350035000016.5947,10,34.9999873847242,35.0,291.9,0,0.0,0.7749938283089717,0.22500617169102832,1.8374750109263227e-34,200.0,61.3,-184.1822922687752,-1.328050210580729,-0.9337170638474517,-11.174782862592357,0.0,0.0,-27.87593356212761,-7.628803172571964,-3.0806134041217943,-6.048967367675871,-4.8001825447446285,-14.246670158238183
1494,350035000016.5947,11,34.9999873847242,35.0,291.9,0,0.0,0.7749937476066966,0.22500625239330344,1.7456012603800064e-34,200.0,61.3,-184.1822922687752,-1.328050210580729,-0.9337170638474517,-11.174782862592357,0.0,0.0,-27.87593356212761,-7.628803172571964,-3.0806134041217943,-6.048967367675871,-4.8001825447446285,-14.246670158238183
1495,350035000016.5947,12,34.9999873847242,35.0,291.9,0,0.0,0.7749949208768384,0.22500507912316153,1.658321197361006e-34,200.0,61.3,-184.1822922687752,-1.328050210580729,-0.9337170638474517,-11.174782862592357,0.0,0.0,-27.87593356212761,-7.628803172571964,-3.0806134041217943,-6.048967367675871,-4.8001825447446285,-14.246670158238183
1496,350035000016.5947,13,34.9999873847242,35.0,291.9,0,0.0,0.7749979587973618,0.22500204120263823,1.5754051374929559e-34,200.0,61.3,-184.1822922687752,-1.328050210580729,-0.9337170638474517,-11.174782862592357,0.0,0.0,-27.87593356212761,-7.628803172571964,-3.0806134041217943,-6.048967367675871,-4.8001825447446285,-14.246670158238183
1497,350035000016.5947,14,34.9999873847242,35.0,291.9,0,0.0,0.7750007410103789,0.2249992589896211,1.496634880618308e-34,200.0,61.3,-184.1822922687752,-1.328050210580729,-0.9337170638474517,-11.174782862592357,0.0,0.0,-27.87593356212761,-7.628803172571964,-3.0806134041217943,-6.048967367675871,-4.8001825447446285,-14.246670158238183
1498,350035000016.5947,15,34.9999873847242,35.0,291.9,0,0.0,0.775001931652729,0.22499806834727093,1.4218031365873925e-34,200.0,61.3,-184.1822922687752,-1.328050210580729,-0.9337170638474517,-11.174782862592357,0.0,0.0,-27.87593356212761,-7.628803172571964,-3.0806134041217943,-6.048967367675871,-4.8001825447446285,-14.246670158238183
1499,350035000016.5947,16,34.9999873847242,35.0,291.9,0,0.0,0.77500093783068,0.22499906216931997,1.350712979758023e-34,200.0,61.3,-184.1822922687752,-1.328050210580729,-0.9337170638474517,-11.174782862592357,0.0,0.0,-27.87593356212761,-7.628803172571964,-3.0806134041217943,-6.048967367675871,-4.8001825447446285,-14.246670158238183
1500,350035000016.5947,17,34.9999873847242,35.0,291.9,0,0.0,0.7750025870042749,0.22499741299572507,1.2831773307701218e-34,200.0,61.3,-184.1822922687752,-1.328050210580729,-0.9337170638474517,-11.174782862592357,0.0,0.0,-27.87593356212761,-7.628803172571964,-3.0806134041217943,-6.048967367675871,-4.8001825447446285,-14.246670158238183
1501,350035000016.5947,18,34.9999873847242,35.0,291.9,0,0.0,0.7750006848517548,0.22499931514824517,1.2190184642316157e-34,200.0,61.3,-184.1822922687752,-1.328050210580729,-0.9337170638474517,-11.174782862592357,0.0,0.0,-27.87593356212761,-7.628803172571964,-3.0806134041217943,-6.048967367675871,-4.8001825447446285,-14.246670158238183
1502,350035000016.5947,19,34.9999873847242,35.0,291.9,0,0.0,0.7749974313926228,0.2250025686073773,1.158067541020035e-34,200.0,61.3,-184.1822922687752,-1.328050210580729,-0.9337170638474517,-11.174782862592357,0.0,0.0,-27.87593356212761,-7.628803172571964,-3.0806134041217943,-6.048967367675871,-4.8001825447446285,-14.246670158238183
1503,350035000016.5947,20,34.9999873847242,35.0,291.9,0,0.0,0.7749928958605201,0.22500710413947997,1.1001641639690332e-34,200.0,61.3,-184.1822922687752,-1.328050210580729,-0.9337170638474517,-11.174782862592357,0.0,0.0,-27.87593356212761,-7.628803172571964,-3.0806134041217943,-6.048967367675871,-4.8001825447446285,-14.246670158238183
1504,350035000016.5947,21,34.9999873847242,35.0,291.9,0,0.0,0.774991177233192,0.22500882276680806,1.0451559557705815e-34,200.0,61.3,-184.1822922687752,-1.328050210580729,-0.9337170638474517,-11.174782862592357,0.0,0.0,-27.87593356212761,-7.628803172571964,-3.0806134041217943,-6.048967367675871,-4.8001825447446285,-14.246670158238183
1505,350035000016.5947,22,34.9999873847242,35.0,291.9,0,0.0,0.7749881011642722,0.22501189883572778,9.928981579820525e-35,200.0,61.3,-184.1822922687752,-1.328050210580729,-0.9337170638474517,-11.174782862592357,0.0,0.0,-27.87593356212761,-7.628803172571964,-3.0806134041217943,-6.048967367675871,-4.8001825447446285,-14.246670158238183
1506,350035000016.5947,23,34.9999873847242,35.0,291.9,0,0.0,0.7749850798309861,0.22501492016901392,9.432532500829499e-35,200.0,61.3,-184.1822922687752,-1.328050210580729,-0.9337170638474517,-11.174782862592357,0.0,0.0,-27.87593356212761,-7.628803172571964,-3.0806134041217943,-6.048967367675871,-4.8001825447446285,-14.246670158238183
1507,350035000016.5947,24,34.9999873847242,35.0,291.9,0,0.0,0.7749774134499128,0.22502258655008728,8.960905875788024e-35,200.0,61.3,-184.1822922687752,-1.328050210580729,-0.9337170638474517,-11.174782862592357,0.0,0.0,-27.87593356212761,-7.628803172571964,-3.0806134041217943,-6.048967367675871,-4.8001825447446285,-14.246670158238183
1508,350035000016.5947,25,34.9999873847242,35.0,291.9,0,0.0,0.7749713761094643,0.22502862389053563,8.512860581998623e-35,200.0,61.3,-184.1822922687752,-1.328050210580729,-0.9337170638474517,-11.174782862592357,0.0,0.0,-27.87593356212761,-7.628803172571964,-3.0806134041217943,-6.048967367675871,-4.8001825447446285,-14.246670158238183
1509,350035000016.5947,26,34.9999873847242,35.0,291.9,0,0.0,0.7749682246308326,0.2250317753691674,8.087217552898693e-35,200.0,61.3,-184.1822922687752,-1.328050210580729,-0.9337170638474517,-11.174782862592357,0.0,0.0,-27.87593356212761,-7.628803172571964,-3.0806134041217943,-6.048967367675871,-4.8001825447446285,-14.246670158238183
1510,350035000016.5947,27,34.9999873847242,35.0,291.9,0,0.0,0.7749671410701756,0.22503285892982444,7.68285667525376e-35,200.0,61.3,-184.1822922687752,-1.328050210580729,-0.9337170638474517,-11.174782862592357,0.0,0.0,-27.87593356212761,-7.628803172571964,-3.0806134041217943,-6.048967367675871,-4.8001825447446285,-14.246670158238183
1511,350035000016.5947,28,34.9999873847242,35.0,291.9,0,0.0,0.7749640052545828,0.22503599474541727,7.298713841491071e-35,200.0,61.3,-184.1822922687752,-1.328050210580729,-0.9337170638474517,-11.174782862592357,0.0,0.0,-27.87593356212761,-7.628803172571964,-3.0806134041217943,-6.048967367675871,-4.8001825447446285,-14.246670158238183
1512,350035000016.5947,29,34.9999873847242,35.0,291.9,0,0.0,0.7749615970472542,0.22503840295274583,6.933778149416517e-35,200.0,61.3,-184.1822922687752,-1.328050210580729,-0.9337170638474517,-11.174782862592357,0.0,0.0,-27.87593356212761,-7.628803172571964,-3.0806134041217943,-6.048967367675871,-4.8001825447446285,-14.246670158238183
1513,350035000016.5947,30,34.9999873847242,35.0,291.9,0,0.0,0.774959879268961,0.22504012073103902,6.587089241945691e-35,200.0,61.3,-184.1822922687752,-1.328050210580729,-0.9337170638474517,-11.174782862592357,0.0,0.0,-27.87593356212761,-7.628803172571964,-3.0806134041217943,-6.048967367675871,-4.8001825447446285,-14.246670158238183
1514,350035000016.5947,31,34.9999873847242,35.0,291.9,0,0.0,0.7749568133763356,0.2250431866236645,6.257734779848406e-35,200.0,61.3,-184.1822922687752,-1.328050210580729,-0.9337170638474517,-11.174782862592357,0.0,0.0,-27.87593356212761,-7.628803172571964,-3.0806134041217943,-6.048967367675871,-4.8001825447446285,-14.246670158238183
1515,350035000016.5947,32,34.9999873847242,35.0,291.9,0,0.0,0.7749578066493137,0.2250421933506863,5.944848040855985e-35,200.0,61.3,-184.1822922687752,-1.328050210580729,-0.9337170638474517,-11.174782862592357,0.0,0.0,-27.87593356212761,-7.628803172571964,-3.0806134041217943,-6.048967367675871,-4.8001825447446285,-14.246670158238183
1516,350035000016.5947,33,34.9999873847242,35.0,291.9,0,0.0,0.7749566502049887,0.22504334979501128,5.647605638813186e-35,200.0,61.3,-184.1822922687752,-1.328050210580729,-0.9337170638474517,-11.174782862592357,0.0,0.0,-27.87593356212761,-7.628803172571964,-3.0806134041217943,-6.048967367675871,-4.8001825447446285,-14.246670158238183
1517,350035000016.5947,34,34.9999873847242,35.0,291.9,0,0.0,0.774954786689068,0.2250452133109319,5.365225356872526e-35,200.0,61.3,-184.1822922687752,-1.328050210580729,-0.9337170638474517,-11.174782862592357,0.0,0.0,-27.87593356212761,-7.628803172571964,-3.0806134041217943,-6.048967367675871,-4.8001825447446285,-14.246670158238183
1518,350035000016.5947,35,34.9999873847242,35.0,291.9,0,0.0,0.7749502540325748,0.2250497459674252,5.0969640890289e-35,200.0,61.3,-184.1822922687752,-1.328050210580729,-0.9337170638474517,-11.174782862592357,0.0,0.0,-27.87593356212761,-7.628803172571964,-3.0806134041217943,-6.048967367675871,-4.8001825447446285,-14.246670158238183
1519,350035000016.5947,36,34.9999873847242,35.0,291.9,0,0.0,0.774948514557616,0.225051485442384,4.842115884577456e-35,200.0,61.3,-184.1822922687752,-1.328050210580729,-0.9337170638474517,-11.174782862592357,0.0,0.0,-27.87593356212761,-7.628803172571964,-3.0806134041217943,-6.048967367675871,-4.8001825447446285,-14.246670158238183
1520,350035000016.5947,37,34.9999873847242,35.0,291.9,0,0.0,0.7749487594619074,0.22505124053809256,4.6000100903485826e-35,200.0,61.3,-184.1822922687752,-1.328050210580729,-0.9337170638474517,-11.174782862592357,0.0,0.0,-27.87593356212761,-7.628803172571964,-3.0806134041217943,-6.048967367675871,-4.8001825447446285,-14.246670158238183
1521,350035000016.5947,38,34.9999873847242,35.0,291.9,0,0.0,0.7749515508887019,0.22504844911129804,4.370009585831153e-35,200.0,61.3,-184.1822922687752,-1.328050210580729,-0.9337170638474517,-11.174782862592357,0.0,0.0,-27.87593356212761,-7.628803172571964,-3.0806134041217943,-6.048967367675871,-4.8001825447446285,-14.246670158238183
1522,350035000016.5947,39,34.9999873847242,35.0,291.9,0,0.0,0.7749574209219854,0.22504257907801464,4.1515091065395955e-35,200.0,61.3,-184.1822922687752,-1.328050210580729,-0.9337170638474517,-11.174782862592357,0.0,0.0,-27.87593356212761,-7.628803172571964,-3.0806134041217943,-6.048967367675871,-4.8001825447446285,-14.246670158238183
1523,350035000016.5947,40,34.9999873847242,35.0,291.9,0,0.0,0.7749655471735238,0.22503445282647622,3.943933651212616e-35,200.0,61.3,-184.1822922687752,-1.328050210580729,-0.9337170638474517,-11.174782862592357,0.0,0.0,-27.87593356212761,-7.628803172571964,-3.0806134041217943,-6.048967367675871,-4.8001825447446285,-14.246670158238183
1524,350035000016.5947,41,34.9999873847242,35.0,291.9,0,0.0,0.7749758126510692,0.22502418734893076,3.746736968651985e-35,200.0,61.3,-184.1822922687752,-1.328050210580729,-0.9337170638474517,-11.174782862592357,0.0,0.0,-27.87593356212761,-7.628803172571964,-3.0806134041217943,-6.048967367675871,-4.8001825447446285,-14.246670158238183
1525,350035000016.5947,42,34.9999873847242,35.0,291.9,0,0.0,0.7749861210695467,0.22501387893045333,3.559400120219386e-35,200.0,61.3,-184.1822922687752,-1.328050210580729,-0.9337170638474517,-11.174782862592357,0.0,0.0,-27.87593356212761,-7.628803172571964,-3.0806134041217943,-6.048967367675871,-4.8001825447446285,-14.246670158238183
1526,350035000016.5947,43,34.9999873847242,35.0,291.9,0,0.0,0.7749958081643282,0.22500419183567177,3.3814301142084164e-35,200.0,61.3,-184.1822922687752,-1.328050210580729,-0.9337170638474517,-11.174782862592357,0.0,0.0,-27.87593356212761,-7.628803172571964,-3.0806134041217943,-6.048967367675871,-4.8001825447446285,-14.246670158238183
1527,350035000016.5947,44,34.9999873847242,35.0,291.9,0,0.0,0.7750022609038765,0.22499773909612356,3.212358608497996e-35,200.0,61.3,-184.1822922687752,-1.328050210580729,-0.9337170638474517,-11.174782862592357,0.0,0.0,-27.87593356212761,-7.628803172571964,-3.0806134041217943,-6.048967367675871,-4.8001825447446285,-14.246670158238183
1528,350035000016.5947,45,34.9999873847242,35.0,291.9,0,0.0,0.7750109296146915,0.2249890703853085,3.051740678073096e-35,200.0,61.3,-184.1822922687752,-1.328050210580729,-0.9337170638474517,-11.174782862592357,0.0,0.0,-27.87593356212761,-7.628803172571964,-3.0806134041217943,-6.048967367675871,-4.8001825447446285,-14.246670158238183
1529,350035000016.5947,46,34.9999873847242,35.0,291.9,0,0.0,0.7750177390939953,0.22498226090600476,2.8991536441694417e-35,200.0,61.3,-184.1822922687752,-1.328050210580729,-0.9337170638474517,-11.174782862592357,0.0,0.0,-27.87593356212761,-7.628803172571964,-3.0806134041217943,-6.048967367675871,-4.8001825447446285,-14.246670158238183
1530,350035000016.5947,47,34.9999873847242,35.0,291.9,0,0.0,0.775022123996129,0.22497787600387106,2.7541959619609694e-35,200.0,61.3,-184.1822922687752,-1.328050210580729,-0.9337170638474517,-11.174782862592357,0.0,0.0,-27.87593356212761,-7.628803172571964,-3.0806134041217943,-6.048967367675871,-4.8001825447446285,-14.246670158238183
1531,350035000016.5947,48,34.9999873847242,35.0,291.9,0,0.0,0.7750275054967436,0.22497249450325646,2.6164861638629207e-35,200.0,61.3,-184.1822922687752,-1.328050210580729,-0.9337170638474517,-11.174782862592357,0.0,0.0,-27.87593356212761,-7.628803172571964,-3.0806134041217943,-6.048967367675871,-4.8001825447446285,-14.246670158238183
1532,350035000016.5947,49,34.9999873847242,35.0,291.9,0,0.0,0.7750331730766102,0.22496682692338985,2.4856618556697746e-35,200.0,61.3,-184.1822922687752,-1.328050210580729,-0.9337170638474517,-11.174782862592357,0.0,0.0,-27.87593356212761,-7.628803172571964,-3.0806134041217943,-6.048967367675871,-4.8001825447446285,-14.246670158238183
1533,350035000016.5947,0,34.9999873847242,35.0,291.9,0,0.0,0.7750404284725733,0.22495957152742677,2.3613787628862857e-35,200.0,61.3,-184.1822922687752,-1.328050210580729,-0.9337170638474517,-11.174782862592357,0.0,0.0,-27.87593356212761,-7.628803172571964,-3.0806134041217943,-6.048967367675871,-4.8001825447446285,-14.246670158238183
1534,350035000016.5947,1,34.9999873847242,35.0,291.9,0,0.0,0.7750491894016852,0.2249508105983148,2.2433098247419712e-35,200.0,61.3,-184.1822922687752,-1.328050210580729,-0.9337170638474517,-11.174782862592357,0.0,0.0,-27.87593356212761,-7.628803172571964,-3.0806134041217943,-6.048967367675871,-4.8001825447446285,-14.246670158238183
1535,350035000016.5947,2,34.9999873847242,35.0,291.9,0,0.0,0.7750574059265128,0.2249425940734872,2.1311443335048727e-35,200.0,61.3,-184.1822922687752,-1.328050210580729,-0.9337170638474517,-11.174782862592357,0.0,0.0,-27.87593356212761,-7.628803172571964,-3.0806134041217943,-6.048967367675871,-4.8001825447446285,-14.246670158238183
1536,350035000016.5947,3,34.9999873847242,35.0,291.9,0,0.0,0.7750631343996834,0.22493686560031662,2.024587116829629e-35,200.0,61.3,-184.1822922687752,-1.328050210580729,-0.9337170638474517,-11.174782862592357,0.0,0.0,-27.87593356212761,-7.628803172571964,-3.0806134041217943,-6.048967367675871,-4.8001825447446285,-14.246670158238183
1537,350035000016.5947,4,34.9999873847242,35.0,291.9,0,0.0,0.7750704413715392,0.22492955862846076,1.9233577609881475e-35,200.0,61.3,-184.1822922687752,-1.328050210580729,-0.9337170638474517,-11.174782862592357,0.0,0.0,-27.87593356212761,-7.628803172571964,-3.0806134041217943,-6.048967367675871,-4.8001825447446285,-14.246670158238183
1538,350035000016.5947,5,34.9999873847242,35.0,291.9,0,0.0,0.775078589099206,0.22492141090079396,1.82718987293874e-35,200.0,61.3,-184.1822922687752,-1.328050210580729,-0.9337170638474517,-11.174782862592357,0.0,0.0,-27.87593356212761,-7.628803172571964,-3.0806134041217943,-6.048967367675871,-4.8001825447446285,-14.246670158238183
1539,350035000016.5947,6,34.9999873847242,35.0,291.9,0,0.0,0.7750855672145054,0.2249144327854946,1.7358303792918032e-35,200.0,61.3,-184.1822922687752,-1.328050210580729,-0.9337170638474517,-11.174782862592357,0.0,0.0,-27.87593356212761,-7.628803172571964,-3.0806134041217943,-6.048967367675871,-4.8001825447446285,-14.246670158238183
1540,350035000016.5947,7,34.9999873847242,35.0,291.9,0,0.0,0.775091435118483,0.224908564881517,1.649038860327213e-35,200.0,61.3,-184.1822922687752,-1.328050210580729,-0.9337170638474517,-11.174782862592357,0.0,0.0,-27.87593356212761,-7.628803172571964,-3.0806134041217943,-6.048967367675871,-4.8001825447446285,-14.246670158238183
1541,350035000016.5947,8,34.9999873847242,35.0,291.9,0,0.0,0.7750969040911481,0.22490309590885196,1.5665869173108525e-35,200.0,61.3,-184.1822922687752,-1.328050210580729,-0.9337170638474517,-11.174782862592357,0.0,0.0,-27.87593356212761,-7.628803172571964,-3.0806134041217943,-6.048967367675871,-4.8001825447446285,-14.246670158238183
1542,350035000016.5947,9,34.9999873847242,35.0,291.9,0,0.0,0.7751006852948011,0.22489931470519886,1.4882575714453099e-35,200.0,61.3,-184.1822922687752,-1.328050210580729,-0.9337170638474517,-11.174782862592357,0.0,0.0,-27.87593356212761,-7.628803172571964,-3.0806134041217943,-6.048967367675871,-4.8001825447446285,-14.246670158238183
1543,350035000016.5947,10,34.9999873847242,35.0,291.9,0,0.0,0.7751054810942389,0.224894518905761,1.4138446928730442e-35,200.0,61.3,-184.1822922687752,-1.328050210580729,-0.9337170638474517,-11.174782862592357,0.0,0.0,-27.87593356212761,-7.628803172571964,-3.0806134041217943,-6.048967367675871,-4.8001825447446285,-14.246670158238183
1544,350035000016.5947,11,34.9999873847242,35.0,291.9,0,0.0,0.7751079710146823,0.2248920289853177,1.3431524582293923e-35,200.0,61.3,-184.1822922687752,-1.328050210580729,-0.9337170638474517,-11.174782862592357,0.0,0.0,-27.87593356212761,-7.628803172571964,-3.0806134041217943,-6.048967367675871,-4.8001825447446285,-14.246670158238183
1545,350035000016.5947,12,34.9999873847242,35.0,291.9,0,0.0,0.7751134986099711,0.22488650139002886,1.2759948353179225e-35,200.0,61.3,-184.1822922687752,-1.328050210580729,-0.9337170638474517,-11.174782862592357,0.0,0.0,-27.87593356212761,-7.628803172571964,-3.0806134041217943,-6.048967367675871,-4.8001825447446285,-14.246670158238183
1546,350035000016.5947,13,34.9999873847242,35.0,291.9,0,0.0,0.775119949293505,0.22488005070649494,1.2121950935520263e-35,200.0,61.3,-184.1822922687752,-1.328050210580729,-0.9337170638474517,-11.174782862592357,0.0,0.0,-27.87593356212761,-7.628803172571964,-3.0806134041217943,-6.048967367675871,-4.8001825447446285,-14.246670158238183
1547,350035000016.5947,14,34.9999873847242,35.0,291.9,0,0.0,0.7751227098354793,0.22487729016452068,1.151585338874425e-35,200.0,61.3,-184.1822922687752,-1.328050210580729,-0.9337170638474517,-11.174782862592357,0.0,0.0,-27.87593356212761,-7.628803172571964,-3.0806134041217943,-6.048967367675871,-4.8001825447446285,-14.246670158238183
1548,350035000016.5947,15,34.9999873847242,35.0,291.9,0,0.0,0.7751304421733431,0.22486955782665696,1.094006071930704e-35,200.0,61.3,-184.1822922687752,-1.328050210580729,-0.9337170638474517,-11.174782862592357,0.0,0.0,-27.87593356212761,-7.628803172571964,-3.0806134041217943,-6.048967367675871,-4.8001825447446285,-14.246670158238183
1549,350035000016.5947,16,34.9999873847242,35.0,291.9,0,0.0,0.7751396336646279,0.2248603663353721,1.0393057683341687e-35,200.0,61.3,-184.1822922687752,-1.328050210580729,-0.9337170638474517,-11.174782862592357,0.0,0.0,-27.87593356212761,-7.628803172571964,-3.0806134041217943,-6.048967367675871,-4.8001825447446285,-14.246670158238183
1550,350035000016.5947,17,34.9999873847242,35.0,291.9,0,0.0,0.775151509194913,0.224848490805087,9.873404799174603e-36,200.0,61.3,-184.1822922687752,-1.328050210580729,-0.9337170638474517,-11.174782862592357,0.0,0.0,-27.87593356212761,-7.628803172571964,-3.0806134041217943,-6.048967367675871,-4.8001825447446285,-14.246670158238183
1551,350035000016.5947,18,34.9999873847242,35.0,291.9,0,0.0,0.7751639802029077,0.22483601979709233,9.379734559215872e-36,200.0,61.3,-184.1822922687752,-1.328050210580729,-0.9337170638474517,-11.174782862592357,0.0,0.0,-27.87593356212761,-7.628803172571964,-3.0806134041217943,-6.048967367675871,-4.8001825447446285,-14.246670158238183
1552,350035000016.5947,19,34.9999873847242,35.0,291.9,0,0.0,0.7751796117377597,0.22482038826224024,8.910747831255077e-36,200.0,61.3,-184.1822922687752,-1.328050210580729,-0.9337170638474517,-11.174782862592357,0.0,0.0,-27.87593356212761,-7.628803172571964,-3.0806134041217943,-6.048967367675871,-4.8001825447446285,-14.246670158238183
1553,350035000016.5947,20,34.9999873847242,35.0,291.9,0,0.0,0.7751930509779068,0.22480694902209317,8.465210439692323e-36,200.0,61.3,-184.1822922687752,-1.328050210580729,-0.9337170638474517,-11.174782862592357,0.0,0.0,-27.87593356212761,-7.628803172571964,-3.0806134041217943,-6.048967367675871,-4.8001825447446285,-14.246670158238183
1554,350035000016.5947,21,34.9999873847242,35.0,291.9,0,0.0,0.7752037606609251,0.2247962393390749,8.041949917707707e-36,200.0,61.3,-184.1822922687752,-1.328050210580729,-0.9337170638474517,-11.174782862592357,0.0,0.0,-27.87593356212761,-7.628803172571964,-3.0806134041217943,-6.048967367675871,-4.8001825447446285,-14.246670158238183
1555,350035000016.5947,22,34.9999873847242,35.0,291.9,0,0.0,0.7752138238211027,0.2247861761788973,7.639852421822322e-36,200.0,61.3,-184.1822922687752,-1.328050210580729,-0.9337170638474517,-11.174782862592357,0.0,0.0,-27.87593356212761,-7.628803172571964,-3.0806134041217943,-6.048967367675871,-4.8001825447446285,-14.246670158238183
1556,350035000016.5947,23,34.9999873847242,35.0,291.9,0,0.0,0.7752219775076375,0.22477802249236248,7.257859800731206e-36,200.0,61.3,-184.1822922687752,-1.328050210580729,-0.9337170638474517,-11.174782862592357,0.0,0.0,-27.87593356212761,-7.628803172571964,-3.0806134041217943,-6.048967367675871,-4.8001825447446285,-14.246670158238183
1557,350035000016.5947,24,34.9999873847242,35.0,291.9,0,0.0,0.7752289661911487,0.22477103380885138,6.894966810694647e-36,200.0,61.3,-184.1822922687752,-1.328050210580729,-0.9337170638474517,-11.174782862592357,0.0,0.0,-27.87593356212761,-7.628803172571964,-3.0806134041217943,-6.048967367675871,-4.8001825447446285,-14.246670158238183
1558,350035000016.5947,25,34.9999873847242,35.0,291.9,0,0.0,0.7752342019469107,0.2247657980530893,6.550218470159915e-36,200.0,61.3,-184.1822922687752,-1.328050210580729,-0.9337170638474517,-11.174782862592357,0.0,0.0,-27.87593356212761,-7.628803172571964,-3.0806134041217943,-6.048967367675871,-4.8001825447446285,-14.246670158238183
1559,350035000016.5947,26,34.9999873847242,35.0,291.9,0,0.0,0.7752390674798956,0.22476093252010446,6.22270754665192e-36,200.0,61.3,-184.1822922687752,-1.328050210580729,-0.9337170638474517,-11.174782862592357,0.0,0.0,-27.87593356212761,-7.628803172571964,-3.0806134041217943,-6.048967367675871,-4.8001825447446285,-14.246670158238183
1560,350035000016.5947,27,34.9999873847242,35.0,291.9,0,0.0,0.7752429351231377,0.22475706487686228,5.911572169319323e-36,200.0,61.3,-184.1822922687752,-1.328050210580729,-0.9337170638474517,-11.174782862592357,0.0,0.0,-27.87593356212761,-7.628803172571964,-3.0806134041217943,-6.048967367675871,-4.8001825447446285,-14.246670158238183
1561,350035000016.5947,28,34.9999873847242,35.0,291.9,0,0.0,0.7752484392013839,0.22475156079861608,5.6159935608533565e-36,200.0,61.3,-184.1822922687752,-1.328050210580729,-0.9337170638474517,-11.174782862592357,0.0,0.0,-27.87593356212761,-7.628803172571964,-3.0806134041217943,-6.048967367675871,-4.8001825447446285,-14.246670158238183
1562,350035000016.5947,29,34.9999873847242,35.0,291.9,0,0.0,0.7752554951171248,0.2247445048828752,5.3351938828106885e-36,200.0,61.3,-184.1822922687752,-1.328050210580729,-0.9337170638474517,-11.174782862592357,0.0,0.0,-27.87593356212761,-7.628803172571964,-3.0806134041217943,-6.048967367675871,-4.8001825447446285,-14.246670158238183
1563,350035000016.5947,30,34.9999873847242,35.0,291.9,0,0.0,0.7752620883247063,0.2247379116752937,5.0684341886701546e-36,200.0,61.3,-184.1822922687752,-1.328050210580729,-0.9337170638474517,-11.174782862592357,0.0,0.0,-27.87593356212761,-7.628803172571964,-3.0806134041217943,-6.048967367675871,-4.8001825447446285,-14.246670158238183
1564,350035000016.5947,31,34.9999873847242,35.0,291.9,0,0.0,0.7752643747380437,0.2247356252619563,4.8150124792366464e-36,200.0,61.3,-184.1822922687752,-1.328050210580729,-0.9337170638474517,-11.174782862592357,0.0,0.0,-27.87593356212761,-7.628803172571964,-3.0806134041217943,-6.048967367675871,-4.8001825447446285,-14.246670158238183
1565,350035000016.5947,32,34.9999873847242,35.0,291.9,0,0.0,0.7752657952854638,0.22473420471453623,4.574261855274815e-36,200.0,61.3,-184.1822922687752,-1.328050210580729,-0.9337170638474517,-11.174782862592357,0.0,0.0,-27.87593356212761,-7.628803172571964,-3.0806134041217943,-6.048967367675871,-4.8001825447446285,-14.246670158238183
1566,350035000016.5947,33,34.9999873847242,35.0,291.9,0,0.0,0.775268325958302,0.22473167404169797,4.345548762511074e-36,200.0,61.3,-184.1822922687752,-1.328050210580729,-0.9337170638474517,-11.174782862592357,0.0,0.0,-27.87593356212761,-7.628803172571964,-3.0806134041217943,-6.048967367675871,-4.8001825447446285,-14.246670158238183
1567,350035000016.5947,34,34.9999873847242,35.0,291.9,0,0.0,0.7752693357495034,0.22473066425049665,4.128271324385521e-36,200.0,61.3,-184.1822922687752,-1.328050210580729,-0.9337170638474517,-11.174782862592357,0.0,0.0,-27.87593356212761,-7.628803172571964,-3.0806134041217943,-6.048967367675871,-4.8001825447446285,-14.246670158238183
1568,350035000016.5947,35,34.9999873847242,35.0,291.9,0,0.0,0.7752682589573964,0.22473174104260357,3.921857758166245e-36,200.0,61.3,-184.1822922687752,-1.328050210580729,-0.9337170638474517,-11.174782862592357,0.0,0.0,-27.87593356212761,-7.628803172571964,-3.0806134041217943,-6.048967367675871,-4.8001825447446285,-14.246670158238183
1569,350035000016.5947,36,34.9999873847242,35.0,291.9,0,0.0,0.7752697021685847,0.22473029783141532,3.7257648702579334e-36,200.0,61.3,-184.1822922687752,-1.328050210580729,-0.9337170638474517,-11.174782862592357,0.0,0.0,-27.87593356212761,-7.628803172571964,-3.0806134041217943,-6.048967367675871,-4.8001825447446285,-14.246670158238183
1570,350035000016.5947,37,34.9999873847242,35.0,291.9,0,0.0,0.7752683970858385,0.2247316029141615,3.5394766267450365e-36,200.0,61.3,-184.1822922687752,-1.328050210580729,-0.9337170638474517,-11.174782862592357,0.0,0.0,-27.87593356212761,-7.628803172571964,-3.0806134041217943,-6.048967367675871,-4.8001825447446285,-14.246670158238183
1571,350035000016.5947,38,34.9999873847242,35.0,291.9,0,0.0,0.7752683365747661,0.22473166342523387,3.362502795407784e-36,200.0,61.3,-184.1822922687752,-1.328050210580729,-0.9337170638474517,-11.174782862592357,0.0,0.0,-27.87593356212761,-7.628803172571964,-3.0806134041217943,-6.048967367675871,-4.8001825447446285,-14.246670158238183
1572,350035000016.5947,39,34.9999873847242,35.0,291.9,0,0.0,0.7752668903328499,0.22473310966715007,3.194377655637395e-36,200.0,61.3,-184.1822922687752,-1.328050210580729,-0.9337170638474517,-11.174782862592357,0.0,0.0,-27.87593356212761,-7.628803172571964,-3.0806134041217943,-6.048967367675871,-4.8001825447446285,-14.246670158238183
1573,350035000016.5947,40,34.9999873847242,35.0,291.9,0,0.0,0.7752673355511417,0.22473266444885837,3.034658772855526e-36,200.0,61.3,-184.1822922687752,-1.328050210580729,-0.9337170638474517,-11.174782862592357,0.0,0.0,-27.87593356212761,-7.628803172571964,-3.0806134041217943,-6.048967367675871,-4.8001825447446285,-14.246670158238183
1574,350035000016.5947,41,34.9999873847242,35.0,291.9,0,0.0,0.7752695749175061,0.22473042508249386,2.8829258342127492e-36,200.0,61.3,-184.1822922687752,-1.328050210580729,-0.9337170638474517,-11.174782862592357,0.0,0.0,-27.87593356212761,-7.628803172571964,-3.0806134041217943,-6.048967367675871,-4.8001825447446285,-14.246670158238183
1575,350035000016.5947,42,34.9999873847242,35.0,291.9,0,0.0,0.7752709554442226,0.22472904455577739,2.738779542502112e-36,200.0,61.3,-184.1822922687752,-1.328050210580729,-0.9337170638474517,-11.174782862592357,0.0,0.0,-27.87593356212761,-7.628803172571964,-3.0806134041217943,-6.048967367675871,-4.8001825447446285,-14.246670158238183
1576,350035000016.5947,43,34.9999873847242,35.0,291.9,0,0.0,0.7752734404008925,0.22472655959910748,2.601840565377006e-36,200.0,61.3,-184.1822922687752,-1.328050210580729,-0.9337170638474517,-11.174782862592357,0.0,0.0,-27.87593356212761,-7.628803172571964,-3.0806134041217943,-6.048967367675871,-4.8001825447446285,-14.246670158238183
1577,350035000016.5947,44,34.9999873847242,35.0,291.9,0,0.0,0.7752776121073693,0.22472238789263072,2.471748537108156e-36,200.0,61.3,-184.1822922687752,-1.328050210580729,-0.9337170638474517,-11.174782862592357,0.0,0.0,-27.87593356212761,-7.628803172571964,-3.0806134041217943,-6.048967367675871,-4.8001825447446285,-14.246670158238183
1578,350035000016.5947,45,34.9999873847242,35.0,291.9,0,0.0,0.7752814673823079,0.2247185326176922,2.348161110252748e-36,200.0,61.3,-184.1822922687752,-1.328050210580729,-0.9337170638474517,-11.174782862592357,0.0,0.0,-27.87593356212761,-7.628803172571964,-3.0806134041217943,-6.048967367675871,-4.8001825447446285,-14.246670158238183
1579,350035000016.5947,46,34.9999873847242,35.0,291.9,0,0.0,0.7752831067853724,0.2247168932146276,2.2307530547401106e-36,200.0,61.3,-184.1822922687752,-1.328050210580729,-0.9337170638474517,-11.174782862592357,0.0,0.0,-27.87593356212761,-7.628803172571964,-3.0806134041217943,-6.048967367675871,-4.8001825447446285,-14.246670158238183
1580,350035000016.5947,47,34.9999873847242,35.0,291.9,0,0.0,0.7752832814385298,0.22471671856147027,2.1192154020031054e-36,200.0,61.3,-184.1822922687752,-1.328050210580729,-0.9337170638474517,-11.174782862592357,0.0,0.0,-27.87593356212761,-7.628803172571964,-3.0806134041217943,-6.048967367675871,-4.8001825447446285,-14.246670158238183
1581,350035000016.5947,48,34.9999873847242,35.0,291.9,0,0.0,0.7752839797290024,0.2247160202709976,2.0132546319029502e-36,200.0,61.3,-184.1822922687752,-1.328050210580729,-0.9337170638474517,-11.174782862592357,0.0,0.0,-27.87593356212761,-7.628803172571964,-3.0806134041217943,-6.048967367675871,-4.8001825447446285,-14.246670158238183
1582,350035000016.5947,49,34.9999873847242,35.0,291.9,0,0.0,0.7752845373841886,0.2247154626158115,1.9125919003078027e-36,200.0,61.3,-184.1822922687752,-1.328050210580729,-0.9337170638474517,-11.174782862592357,0.0,0.0,-27.87593356212761,-7.628803172571964,-3.0806134041217943,-6.048967367675871,-4.8001825447446285,-14.246670158238183
1583,350035000016.5947,0,34.9999873847242,35.0,291.9,0,0.0,0.7752855985520557,0.22471440144794433,1.8169623052924124e-36,200.0,61.3,-184.1822922687752,-1.328050210580729,-0.9337170638474517,-11.174782862592357,0.0,0.0,-27.87593356212761,-7.628803172571964,-3.0806134041217943,-6.048967367675871,-4.8001825447446285,-14.246670158238183
1584,350035000016.5947,1,34.9999873847242,35.0,291.9,0,0.0,0.7752852275826655,0.22471477241733448,1.7261141900277916e-36,200.0,61.3,-184.1822922687752,-1.328050210580729,-0.9337170638474517,-11.174782862592357,0.0,0.0,-27.87593356212761,-7.628803172571964,-3.0806134041217943,-6.048967367675871,-4.8001825447446285,-14.246670158238183
1585,350035000016.5947,2,34.9999873847242,35.0,291.9,0,0.0,0.7752860426715982,0.22471395732840185,1.6398084805264023e-36,200.0,61.3,-184.1822922687752,-1.328050210580729,-0.9337170638474517,-11.174782862592357,0.0,0.0,-27.87593356212761,-7.628803172571964,-3.0806134041217943,-6.048967367675871,-4.8001825447446285,-14.246670158238183
1586,350035000016.5947,3,34.9999873847242,35.0,291.9,0,0.0,0.7752867114203389,0.22471328857966114,1.5578180565000822e-36,200.0,61.3,-184.1822922687752,-1.328050210580729,-0.9337170638474517,-11.174782862592357,0.0,0.0,-27.87593356212761,-7.628803172571964,-3.0806134041217943,-6.048967367675871,-4.8001825447446285,-14.246670158238183
1587,350035000016.5947,4,34.9999873847242,35.0,291.9,0,0.0,0.7752885119359618,0.22471148806403823,1.4799271536750782e-36,200.0,61.3,-184.1822922687752,-1.328050210580729,-0.9337170638474517,-11.174782862592357,0.0,0.0,-27.87593356212761,-7.628803172571964,-3.0806134041217943,-6.048967367675871,-4.8001825447446285,-14.246670158238183
1588,350035000016.5947,5,34.9999873847242,35.0,291.9,0,0.0,0.7752869412555862,0.22471305874441386,1.4059307959913242e-36,200.0,61.3,-184.1822922687752,-1.328050210580729,-0.9337170638474517,-11.174782862592357,0.0,0.0,-27.87593356212761,-7.628803172571964,-3.0806134041217943,-6.048967367675871,-4.8001825447446285,-14.246670158238183
1589,350035000016.5947,6,34.9999873847242,35.0,291.9,0,0.0,0.7752853450977097,0.22471465490229023,1.3356342561917579e-36,200.0,61.3,-184.1822922687752,-1.328050210580729,-0.9337170638474517,-11.174782862592357,0.0,0.0,-27.87593356212761,-7.628803172571964,-3.0806134041217943,-6.048967367675871,-4.8001825447446285,-14.246670158238183
1590,350035000016.5947,7,34.9999873847242,35.0,291.9,0,0.0,0.7752868960033877,0.22471310399661226,1.2688525433821702e-36,200.0,61.3,-184.1822922687752,-1.328050210580729,-0.9337170638474517,-11.174782862592357,0.0,0.0,-27.87593356212761,-7.628803172571964,-3.0806134041217943,-6.048967367675871,-4.8001825447446285,-14.246670158238183
1591,350035000016.5947,8,34.9999873847242,35.0,291.9,0,0.0,0.7752876299192274,0.22471237008077266,1.2054099162130618e-36,200.0,61.3,-184.1822922687752,-1.328050210580729,-0.9337170638474517,-11.174782862592357,0.0,0.0,-27.87593356212761,-7.628803172571964,-3.0806134041217943,-6.048967367675871,-4.8001825447446285,-14.246670158238183
1592,350035000016.5947,9,34.9999873847242,35.0,291.9,0,0.0,0.7752894885861328,0.22471051141386722,1.1451394204024087e-36,200.0,61.3,-184.1822922687752,-1.328050210580729,-0.9337170638474517,-11.174782862592357,0.0,0.0,-27.87593356212761,-7.628803172571964,-3.0806134041217943,-6.048967367675871,-4.8001825447446285,-14.246670158238183
1593,350035000016.5947,10,34.9999873847242,35.0,291.9,0,0.0,0.7752898826287374,0.2247101173712626,1.0878824493822882e-36,200.0,61.3,-184.1822922687752,-1.328050210580729,-0.9337170638474517,-11.174782862592357,0.0,0.0,-27.87593356212761,-7.628803172571964,-3.0806134041217943,-6.048967367675871,-4.8001825447446285,-14.246670158238183
1594,350035000016.5947,11,34.9999873847242,35.0,291.9,0,0.0,0.7752901520436857,0.2247098479563143,1.0334883269131738e-36,200.0,61.3,-184.1822922687752,-1.328050210580729,-0.9337170638474517,-11.174782862592357,0.0,0.0,-27.87593356212761,-7.628803172571964,-3.0806134041217943,-6.048967367675871,-4.8001825447446285,-14.246670158238183
1595,350035000016.5947,12,34.9999873847242,35.0,291.9,0,0.0,0.7752896709703521,0.22471032902964788,9.81813910567515e-37,200.0,61.3,-184.1822922687752,-1.328050210580729,-0.9337170638474517,-11.174782862592357,0.0,0.0,-27.87593356212761,-7.628803172571964,-3.0806134041217943,-6.048967367675871,-4.8001825447446285,-14.246670158238183
1596,350035000016.5947,13,34.9999873847242,35.0,291.9,0,0.0,0.7752878458570299,0.22471215414297016,9.327232150391394e-37,200.0,61.3,-184.1822922687752,-1.328050210580729,-0.9337170638474517,-11.174782862592357,0.0,0.0,-27.87593356212761,-7.628803172571964,-3.0806134041217943,-6.048967367675871,-4.8001825447446285,-14.246670158238183
1597,350035000016.5947,14,34.9999873847242,35.0,291.9,0,0.0,0.7752872716725844,0.22471272832741565,8.860870542871825e-37,200.0,61.3,-184.1822922687752,-1.328050210580729,-0.9337170638474517,-11.174782862592357,0.0,0.0,-27.87593356212761,-7.628803172571964,-3.0806134041217943,-6.048967367675871,-4.8001825447446285,-14.246670158238183
1598,350035000016.5947,15,34.9999873847242,35.0,291.9,0,0.0,0.7752885151987092,0.22471148480129075,8.417827015728234e-37,200.0,61.3,-184.1822922687752,-1.328050210580729,-0.9337170638474517,-11.174782862592357,0.0,0.0,-27.87593356212761,-7.628803172571964,-3.0806134041217943,-6.048967367675871,-4.8001825447446285,-14.246670158238183
1599,350035000016.5947,16,34.9999873847242,35.0,291.9,0,0.0,0.7752883303129892,0.22471166968701095,7.996935664941824e-37,200.0,61.3,-184.1822922687752,-1.328050210580729,-0.9337170638474517,-11.174782862592357,0.0,0.0,-27.87593356212761,-7.628803172571964,-3.0806134041217943,-6.048967367675871,-4.8001825447446285,-14.246670158238183
1600,350035000016.5947,17,34.9999873847242,35.0,291.9,0,0.0,0.7752867899142986,0.2247132100857015,7.597088881694732e-37,200.0,61.3,-184.1822922687752,-1.328050210580729,-0.9337170638474517,-11.174782862592357,0.0,0.0,-27.87593356212761,-7.628803172571964,-3.0806134041217943,-6.048967367675871,-4.8001825447446285,-14.246670158238183
1601,350035000016.5947,18,34.9999873847242,35.0,291.9,0,0.0,0.7752890022052696,0.22471099779473042,7.217234437609996e-37,200.0,61.3,-184.1822922687752,-1.328050210580729,-0.9337170638474517,-11.174782862592357,0.0,0.0,-27.87593356212761,-7.628803172571964,-3.0806134041217943,-6.048967367675871,-4.8001825447446285,-14.246670158238183
1602,350035000016.5947,19,34.9999873847242,35.0,291.9,0,0.0,0.7752891103789054,0.22471088962109467,6.856372715729496e-37,200.0,61.3,-184.1822922687752,-1.328050210580729,-0.9337170638474517,-11.174782862592357,0.0,0.0,-27.87593356212761,-7.628803172571964,-3.0806134041217943,-6.048967367675871,-4.8001825447446285,-14.246670158238183
1603,350035000016.5947,20,34.9999873847242,35.0,291.9,0,0.0,0.7752897380211733,0.22471026197882676,6.5135540799430205e-37,200.0,61.3,-184.1822922687752,-1.328050210580729,-0.9337170638474517,-11.174782862592357,0.0,0.0,-27.87593356212761,-7.628803172571964,-3.0806134041217943,-6.048967367675871,-4.8001825447446285,-14.246670158238183
1604,350035000016.5947,21,34.9999873847242,35.0,291.9,0,0.0,0.7752877150367815,0.22471228496321843,6.187876375945869e-37,200.0,61.3,-184.1822922687752,-1.328050210580729,-0.9337170638474517,-11.174782862592357,0.0,0.0,-27.87593356212761,-7.628803172571964,-3.0806134041217943,-6.048967367675871,-4.8001825447446285,-14.246670158238183
1605,350035000016.5947,22,34.9999873847242,35.0,291.9,0,0.0,0.7752875755236459,0.2247124244763541,5.878482557148576e-37,200.0,61.3,-184.1822922687752,-1.328050210580729,-0.9337170638474517,-11.174782862592357,0.0,0.0,-27.87593356212761,-7.628803172571964,-3.0806134041217943,-6.048967367675871,-4.8001825447446285,-14.246670158238183
1606,350035000016.5947,23,34.9999873847242,35.0,291.9,0,0.0,0.7752867113119049,0.2247132886880951,5.584558429291147e-37,200.0,61.3,-184.1822922687752,-1.328050210580729,-0.9337170638474517,-11.174782862592357,0.0,0.0,-27.87593356212761,-7.628803172571964,-3.0806134041217943,-6.048967367675871,-4.8001825447446285,-14.246670158238183
1607,350035000016.5947,24,34.9999873847242,35.0,291.9,0,0.0,0.7752851594829023,0.2247148405170977,5.3053305078265904e-37,200.0,61.3,-184.1822922687752,-1.328050210580729,-0.9337170638474517,-11.174782862592357,0.0,0.0,-27.87593356212761,-7.628803172571964,-3.0806134041217943,-6.048967367675871,-4.8001825447446285,-14.246670158238183
1608,350035000016.5947,25,34.9999873847242,35.0,291.9,0,0.0,0.7752860910072328,0.22471390899276716,5.0400639824352605e-37,200.0,61.3,-184.1822922687752,-1.328050210580729,-0.9337170638474517,-11.174782862592357,0.0,0.0,-27.87593356212761,-7.628803172571964,-3.0806134041217943,-6.048967367675871,-4.8001825447446285,-14.246670158238183
1609,350035000016.5947,26,34.9999873847242,35.0,291.9,0,0.0,0.7752874984322663,0.22471250156773373,4.788060783313498e-37,200.0,61.3,-184.1822922687752,-1.328050210580729,-0.9337170638474517,-11.174782862592357,0.0,0.0,-27.87593356212761,-7.628803172571964,-3.0806134041217943,-6.048967367675871,-4.8001825447446285,-14.246670158238183
1610,350035000016.5947,27,34.9999873847242,35.0,291.9,0,0.0,0.7752887310924834,0.2247112689075166,4.5486577441478235e-37,200.0,61.3,-184.1822922687752,-1.328050210580729,-0.9337170638474517,-11.174782862592357,0.0,0.0,-27.87593356212761,-7.628803172571964,-3.0806134041217943,-6.048967367675871,-4.8001825447446285,-14.246670158238183
1611,350035000016.5947,28,34.9999873847242,35.0,291.9,0,0.0,0.775289172002714,0.224710827997286,4.3212248569404324e-37,200.0,61.3,-184.1822922687752,-1.328050210580729,-0.9337170638474517,-11.174782862592357,0.0,0.0,-27.87593356212761,-7.628803172571964,-3.0806134041217943,-6.048967367675871,-4.8001825447446285,-14.246670158238183
1612,350035000016.5947,29,34.9999873847242,35.0,291.9,0,0.0,0.7752901125832105,0.22470988741678966,4.105163614093412e-37,200.0,61.3,-184.1822922687752,-1.328050210580729,-0.9337170638474517,-11.174782862592357,0.0,0.0,-27.87593356212761,-7.628803172571964,-3.0806134041217943,-6.048967367675871,-4.8001825447446285,-14.246670158238183
1613,350035000016.5947,30,34.9999873847242,35.0,291.9,0,0.0,0.7752890267092261,0.22471097329077405,3.899905433388741e-37,200.0,61.3,-184.1822922687752,-1.328050210580729,-0.9337170638474517,-11.174782862592357,0.0,0.0,-27.87593356212761,-7.628803172571964,-3.0806134041217943,-6.048967367675871,-4.8001825447446285,-14.246670158238183
1614,350035000016.5947,31,34.9999873847242,35.0,291.9,0,0.0,0.7752860176700351,0.2247139823299649,3.704910161719304e-37,200.0,61.3,-184.1822922687752,-1.328050210580729,-0.9337170638474517,-11.174782862592357,0.0,0.0,-27.87593356212761,-7.628803172571964,-3.0806134041217943,-6.048967367675871,-4.8001825447446285,-14.246670158238183
1615,350035000016.5947,32,34.9999873847242,35.0,291.9,0,0.0,0.7752830576120663,0.2247169423879337,3.519664653633339e-37,200.0,61.3,-184.1822922687752,-1.328050210580729,-0.9337170638474517,-11.174782862592357,0.0,0.0,-27.87593356212761,-7.628803172571964,-3.0806134041217943,-6.048967367675871,-4.8001825447446285,-14.246670158238183
1616,350035000016.5947,33,34.9999873847242,35.0,291.9,0,0.0,0.7752807684070454,0.2247192315929546,3.343681420951672e-37,200.0,61.3,-184.1822922687752,-1.328050210580729,-0.9337170638474517,-11.174782862592357,0.0,0.0,-27.87593356212761,-7.628803172571964,-3.0806134041217943,-6.048967367675871,-4.8001825447446285,-14.246670158238183
1617,350035000016.5947,34,34.9999873847242,35.0,291.9,0,0.0,0.7752791158285711,0.22472088417142888,3.1764973499040882e-37,200.0,61.3,-184.1822922687752,-1.328050210580729,-0.9337170638474517,-11.174782862592357,0.0,0.0,-27.87593356212761,-7.628803172571964,-3.0806134041217943,-6.048967367675871,-4.8001825447446285,-14.246670158238183
1618,350035000016.5947,35,34.9999873847242,35.0,291.9,0,0.0,0.7752774440238864,0.22472255597611354,3.017672482408884e-37,200.0,61.3,-184.1822922687752,-1.328050210580729,-0.9337170638474517,-11.174782862592357,0.0,0.0,-27.87593356212761,-7.628803172571964,-3.0806134041217943,-6.048967367675871,-4.8001825447446285,-14.246670158238183
1619,350035000016.5947,36,34.9999873847242,35.0,291.9,0,0.0,0.7752769999512578,0.2247230000487423,2.86678885828844e-37,200.0,61.3,-184.1822922687752,-1.328050210580729,-0.9337170638474517,-11.174782862592357,0.0,0.0,-27.87593356212761,-7.628803172571964,-3.0806134041217943,-6.048967367675871,-4.8001825447446285,-14.246670158238183
1620,350035000016.5947,37,34.9999873847242,35.0,291.9,0,0.0,0.7752758531875061,0.22472414681249395,2.723449415374018e-37,200.0,61.3,-184.1822922687752,-1.328050210580729,-0.9337170638474517,-11.174782862592357,0.0,0.0,-27.87593356212761,-7.628803172571964,-3.0806134041217943,-6.048967367675871,-4.8001825447446285,-14.246670158238183
1621,350035000016.5947,38,34.9999873847242,35.0,291.9,0,0.0,0.7752752840595662,0.22472471594043378,2.587276944605317e-37,200.0,61.3,-184.1822922687752,-1.328050210580729,-0.9337170638474517,-11.174782862592357,0.0,0.0,-27.87593356212761,-7.628803172571964,-3.0806134041217943,-6.048967367675871,-4.8001825447446285,-14.246670158238183
1622,350035000016.5947,39,34.9999873847242,35.0,291.9,0,0.0,0.7752715318925237,0.2247284681074762,2.4579130973750514e-37,200.0,61.3,-184.1822922687752,-1.328050210580729,-0.9337170638474517,-11.174782862592357,0.0,0.0,-27.87593356212761,-7.628803172571964,-3.0806134041217943,-6.048967367675871,-4.8001825447446285,-14.246670158238183
1623,350035000016.5947,40,34.9999873847242,35.0,291.9,0,0.0,0.7752697318793242,0.22473026812067579,2.335017442506299e-37,200.0,61.3,-184.1822922687752,-1.328050210580729,-0.9337170638474517,-11.174782862592357,0.0,0.0,-27.87593356212761,-7.628803172571964,-3.0806134041217943,-6.048967367675871,-4.8001825447446285,-14.246670158238183
1624,350035000016.5947,41,34.9999873847242,35.0,291.9,0,0.0,0.7752666784611577,0.22473332153884232,2.218266570380984e-37,200.0,61.3,-184.1822922687752,-1.328050210580729,-0.9337170638474517,-11.174782862592357,0.0,0.0,-27.87593356212761,-7.628803172571964,-3.0806134041217943,-6.048967367675871,-4.8001825447446285,-14.246670158238183
1625,350035000016.5947,42,34.9999873847242,35.0,291.9,0,0.0,0.7752661603761162,0.2247338396238838,2.1073532418619347e-37,200.0,61.3,-184.1822922687752,-1.328050210580729,-0.9337170638474517,-11.174782862592357,0.0,0.0,-27.87593356212761,-7.628803172571964,-3.0806134041217943,-6.048967367675871,-4.8001825447446285,-14.246670158238183
1626,350035000016.5947,43,34.9999873847242,35.0,291.9,0,0.0,0.775269287212598,0.2247307127874021,2.0019855797688382e-37,200.0,61.3,-184.1822922687752,-1.328050210580729,-0.9337170638474517,-11.174782862592357,0.0,0.0,-27.87593356212761,-7.628803172571964,-3.0806134041217943,-6.048967367675871,-4.8001825447446285,-14.246670158238183
1627,350035000016.5947,44,34.9999873847242,35.0,291.9,0,0.0,0.7752702950001115,0.2247297049998886,1.901886300780396e-37,200.0,61.3,-184.1822922687752,-1.328050210580729,-0.9337170638474517,-11.174782862592357,0.0,0.0,-27.87593356212761,-7.628803172571964,-3.0806134041217943,-6.048967367675871,-4.8001825447446285,-14.246670158238183
1628,350035000016.5947,45,34.9999873847242,35.0,291.9,0,0.0,0.7752711499116561,0.22472885008834384,1.8067919857413763e-37,200.0,61.3,-184.1822922687752,-1.328050210580729,-0.9337170638474517,-11.174782862592357,0.0,0.0,-27.87593356212761,-7.628803172571964,-3.0806134041217943,-6.048967367675871,-4.8001825447446285,-14.246670158238183
1629,350035000016.5947,46,34.9999873847242,35.0,291.9,0,0.0,0.7752737164454229,0.22472628355457713,1.7164523864543075e-37,200.0,61.3,-184.1822922687752,-1.328050210580729,-0.9337170638474517,-11.174782862592357,0.0,0.0,-27.87593356212761,-7.628803172571964,-3.0806134041217943,-6.048967367675871,-4.8001825447446285,-14.246670158238183
1630,350035000016.5947,47,34.9999873847242,35.0,291.9,0,0.0,0.7752741956862264,0.22472580431377365,1.630629767131592e-37,200.0,61.3,-184.1822922687752,-1.328050210580729,-0.9337170638474517,-11.174782862592357,0.0,0.0,-27.87593356212761,-7.628803172571964,-3.0806134041217943,-6.048967367675871,-4.8001825447446285,-14.246670158238183
1631,350035000016.5947,48,34.9999873847242,35.0,291.9,0,0.0,0.7752733122823203,0.2247266877176797,1.5490982787750123e-37,200.0,61.3,-184.1822922687752,-1.328050210580729,-0.9337170638474517,-11.174782862592357,0.0,0.0,-27.87593356212761,-7.628803172571964,-3.0806134041217943,-6.048967367675871,-4.8001825447446285,-14.246670158238183
1632,350035000016.5947,49,34.9999873847242,35.0,291.9,0,0.0,0.7752723718052442,0.22472762819475575,1.4716433648362615e-37,200.0,61.3,-184.1822922687752,-1.328050210580729,-0.9337170638474517,-11.174782862592357,0.0,0.0,-27.87593356212761,-7.628803172571964,-3.0806134041217943,-6.048967367675871,-4.8001825447446285,-14.246670158238183
1633,350035000016.5947,0,34.9999873847242,35.0,291.9,0,0.0,0.7752707596183972,0.2247292403816028,1.3980611965944483e-37,200.0,61.3,-184.1822922687752,-1.328050210580729,-0.9337170638474517,-11.174782862592357,0.0,0.0,-27.87593356212761,-7.628803172571964,-3.0806134041217943,-6.048967367675871,-4.8001825447446285,-14.246670158238183
1634,350035000016.5947,1,34.9999873847242,35.0,291.9,0,0.0,0.7752722131419952,0.2247277868580048,1.328158136764726e-37,200.0,61.3,-184.1822922687752,-1.328050210580729,-0.9337170638474517,-11.174782862592357,0.0,0.0,-27.87593356212761,-7.628803172571964,-3.0806134041217943,-6.048967367675871,-4.8001825447446285,-14.246670158238183
1635,350035000016.5947,2,34.9999873847242,35.0,291.9,0,0.0,0.7752741082609302,0.22472589173906976,1.2617502299264896e-37,200.0,61.3,-184.1822922687752,-1.328050210580729,-0.9337170638474517,-11.174782862592357,0.0,0.0,-27.87593356212761,-7.628803172571964,-3.0806134041217943,-6.048967367675871,-4.8001825447446285,-14.246670158238183
1636,350035000016.5947,3,34.9999873847242,35.0,291.9,0,0.0,0.7752770383940835,0.22472296160591657,1.198662718430165e-37,200.0,61.3,-184.1822922687752,-1.328050210580729,-0.9337170638474517,-11.174782862592357,0.0,0.0,-27.87593356212761,-7.628803172571964,-3.0806134041217943,-6.048967367675871,-4.8001825447446285,-14.246670158238183
1637,350035000016.5947,4,34.9999873847242,35.0,291.9,0,0.0,0.7752797188011091,0.22472028119889087,1.1387295825086567e-37,200.0,61.3,-184.1822922687752,-1.328050210580729,-0.9337170638474517,-11.174782862592357,0.0,0.0,-27.87593356212761,-7.628803172571964,-3.0806134041217943,-6.048967367675871,-4.8001825447446285,-14.246670158238183
1638,350035000016.5947,5,34.9999873847242,35.0,291.9,0,0.0,0.775284623309745,0.22471537669025493,1.0817931033832239e-37,200.0,61.3,-184.1822922687752,-1.328050210580729,-0.9337170638474517,-11.174782862592357,0.0,0.0,-27.87593356212761,-7.628803172571964,-3.0806134041217943,-6.048967367675871,-4.8001825447446285,-14.246670158238183
1639,350035000016.5947,6,34.9999873847242,35.0,291.9,0,0.0,0.775288563285138,0.22471143671486207,1.0277034482140628e-37,200.0,61.3,-184.1822922687752,-1.328050210580729,-0.9337170638474517,-11.174782862592357,0.0,0.0,-27.87593356212761,-7.628803172571964,-3.0806134041217943,-6.048967367675871,-4.8001825447446285,-14.246670158238183
1640,350035000016.5947,7,34.9999873847242,35.0,291.9,0,0.0,0.7752891291179699,0.2247108708820301,9.763182758033596e-38,200.0,61.3,-184.1822922687752,-1.328050210580729,-0.9337170638474517,-11.174782862592357,0.0,0.0,-27.87593356212761,-7.628803172571964,-3.0806134041217943,-6.048967367675871,-4.8001825447446285,-14.246670158238183
1641,350035000016.5947,8,34.9999873847242,35.0,291.9,0,0.0,0.7752938642363555,0.2247061357636445,9.275023620131917e-38,200.0,61.3,-184.1822922687752,-1.328050210580729,-0.9337170638474517,-11.174782862592357,0.0,0.0,-27.87593356212761,-7.628803172571964,-3.0806134041217943,-6.048967367675871,-4.8001825447446285,-14.246670158238183
1642,350035000016.5947,9,34.9999873847242,35.0,291.9,0,0.0,0.7752988718304276,0.22470112816957247,8.811272439125321e-38,200.0,61.3,-184.1822922687752,-1.328050210580729,-0.9337170638474517,-11.174782862592357,0.0,0.0,-27.87593356212761,-7.628803172571964,-3.0806134041217943,-6.048967367675871,-4.8001825447446285,-14.246670158238183
1643,350035000016.5947,10,34.9999873847242,35.0,291.9,0,0.0,0.7753029110735112,0.2246970889264888,8.370708817169055e-38,200.0,61.3,-184.1822922687752,-1.328050210580729,-0.9337170638474517,-11.174782862592357,0.0,0.0,-27.87593356212761,-7.628803172571964,-3.0806134041217943,-6.048967367675871,-4.8001825447446285,-14.246670158238183
1644,350035000016.5947,11,34.9999873847242,35.0,291.9,0,0.0,0.7753048050936829,0.22469519490631706,7.952173376310602e-38,200.0,61.3,-184.1822922687752,-1.328050210580729,-0.9337170638474517,-11.174782862592357,0.0,0.0,-27.87593356212761,-7.628803172571964,-3.0806134041217943,-6.048967367675871,-4.8001825447446285,-14.246670158238183
1645,350035000016.5947,12,34.9999873847242,35.0,291.9,0,0.0,0.775304050147136,0.224695949852864,7.554564707495071e-38,200.0,61.3,-184.1822922687752,-1.328050210580729,-0.9337170638474517,-11.174782862592357,0.0,0.0,-27.87593356212761,-7.628803172571964,-3.0806134041217943,-6.048967367675871,-4.8001825447446285,-14.246670158238183
1646,350035000016.5947,13,34.9999873847242,35.0,291.9,0,0.0,0.7753026189981768,0.22469738100182318,7.176836472120317e-38,200.0,61.3,-184.1822922687752,-1.328050210580729,-0.9337170638474517,-11.174782862592357,0.0,0.0,-27.87593356212761,-7.628803172571964,-3.0806134041217943,-6.048967367675871,-4.8001825447446285,-14.246670158238183
1647,350035000016.5947,14,34.9999873847242,35.0,291.9,0,0.0,0.775298096738399,0.22470190326160103,6.817994648514302e-38,200.0,61.3,-184.1822922687752,-1.328050210580729,-0.9337170638474517,-11.174782862592357,0.0,0.0,-27.87593356212761,-7.628803172571964,-3.0806134041217943,-6.048967367675871,-4.8001825447446285,-14.246670158238183
1648,350035000016.5947,15,34.9999873847242,35.0,291.9,0,0.0,0.7752900281385603,0.22470997186143976,6.477094916088586e-38,200.0,61.3,-184.1822922687752,-1.328050210580729,-0.9337170638474517,-11.174782862592357,0.0,0.0,-27.87593356212761,-7.628803172571964,-3.0806134041217943,-6.048967367675871,-4.8001825447446285,-14.246670158238183
1649,350035000016.5947,16,34.9999873847242,35.0,291.9,0,0.0,0.7752828783513672,0.22471712164863283,6.153240170284157e-38,200.0,61.3,-184.1822922687752,-1.328050210580729,-0.9337170638474517,-11.174782862592357,0.0,0.0,-27.87593356212761,-7.628803172571964,-3.0806134041217943,-6.048967367675871,-4.8001825447446285,-14.246670158238183
1650,350035000016.5947,17,34.9999873847242,35.0,291.9,0,0.0,0.7752766007755405,0.22472339922445947,5.845578161769949e-38,200.0,61.3,-184.1822922687752,-1.328050210580729,-0.9337170638474517,-11.174782862592357,0.0,0.0,-27.87593356212761,-7.628803172571964,-3.0806134041217943,-6.048967367675871,-4.8001825447446285,-14.246670158238183
1651,350035000016.5947,18,34.9999873847242,35.0,291.9,0,0.0,0.7752687061259385,0.22473129387406152,5.55329925368145e-38,200.0,61.3,-184.1822922687752,-1.328050210580729,-0.9337170638474517,-11.174782862592357,0.0,0.0,-27.87593356212761,-7.628803172571964,-3.0806134041217943,-6.048967367675871,-4.8001825447446285,-14.246670158238183
1652,350035000016.5947,19,34.9999873847242,35.0,291.9,0,0.0,0.7752604992892522,0.22473950071074777,5.275634290997378e-38,200.0,61.3,-184.1822922687752,-1.328050210580729,-0.9337170638474517,-11.174782862592357,0.0,0.0,-27.87593356212761,-7.628803172571964,-3.0806134041217943,-6.048967367675871,-4.8001825447446285,-14.246670158238183
1653,350035000016.5947,20,34.9999873847242,35.0,291.9,0,0.0,0.7752532180063005,0.22474678199369952,5.011852576447509e-38,200.0,61.3,-184.1822922687752,-1.328050210580729,-0.9337170638474517,-11.174782862592357,0.0,0.0,-27.87593356212761,-7.628803172571964,-3.0806134041217943,-6.048967367675871,-4.8001825447446285,-14.246670158238183
1654,350035000016.5947,21,34.9999873847242,35.0,291.9,0,0.0,0.775243763698388,0.22475623630161196,4.761259947625133e-38,200.0,61.3,-184.1822922687752,-1.328050210580729,-0.9337170638474517,-11.174782862592357,0.0,0.0,-27.87593356212761,-7.628803172571964,-3.0806134041217943,-6.048967367675871,-4.8001825447446285,-14.246670158238183
1655,350035000016.5947,22,34.9999873847242,35.0,291.9,0,0.0,0.7752359080636946,0.22476409193630537,4.523196950243876e-38,200.0,61.3,-184.1822922687752,-1.328050210580729,-0.9337170638474517,-11.174782862592357,0.0,0.0,-27.87593356212761,-7.628803172571964,-3.0806134041217943,-6.048967367675871,-4.8001825447446285,-14.246670158238183
1656,350035000016.5947,23,34.9999873847242,35.0,291.9,0,0.0,0.7752271311363902,0.22477286886360986,4.297037102731683e-38,200.0,61.3,-184.1822922687752,-1.328050210580729,-0.9337170638474517,-11.174782862592357,0.0,0.0,-27.87593356212761,-7.628803172571964,-3.0806134041217943,-6.048967367675871,-4.8001825447446285,-14.246670158238183
1657,350035000016.5947,24,34.9999873847242,35.0,291.9,0,0.0,0.7752217453726603,0.2247782546273397,4.0821852475950987e-38,200.0,61.3,-184.1822922687752,-1.328050210580729,-0.9337170638474517,-11.174782862592357,0.0,0.0,-27.87593356212761,-7.628803172571964,-3.0806134041217943,-6.048967367675871,-4.8001825447446285,-14.246670158238183
1658,350035000016.5947,25,34.9999873847242,35.0,291.9,0,0.0,0.7752159245272059,0.22478407547279414,3.8780759852153433e-38,200.0,61.3,-184.1822922687752,-1.328050210580729,-0.9337170638474517,-11.174782862592357,0.0,0.0,-27.87593356212761,-7.628803172571964,-3.0806134041217943,-6.048967367675871,-4.8001825447446285,-14.246670158238183
1659,350035000016.5947,26,34.9999873847242,35.0,291.9,0,0.0,0.7752115164181592,0.22478848358184075,3.684172185954576e-38,200.0,61.3,-184.1822922687752,-1.328050210580729,-0.9337170638474517,-11.174782862592357,0.0,0.0,-27.87593356212761,-7.628803172571964,-3.0806134041217943,-6.048967367675871,-4.8001825447446285,-14.246670158238183
1660,350035000016.5947,27,34.9999873847242,35.0,291.9,0,0.0,0.775207840969355,0.22479215903064495,3.4999635766568475e-38,200.0,61.3,-184.1822922687752,-1.328050210580729,-0.9337170638474517,-11.174782862592357,0.0,0.0,-27.87593356212761,-7.628803172571964,-3.0806134041217943,-6.048967367675871,-4.8001825447446285,-14.246670158238183
1661,350035000016.5947,28,34.9999873847242,35.0,291.9,0,0.0,0.7752024303596703,0.22479756964032976,3.3249653978240056e-38,200.0,61.3,-184.1822922687752,-1.328050210580729,-0.9337170638474517,-11.174782862592357,0.0,0.0,-27.87593356212761,-7.628803172571964,-3.0806134041217943,-6.048967367675871,-4.8001825447446285,-14.246670158238183
1662,350035000016.5947,29,34.9999873847242,35.0,291.9,0,0.0,0.7751965881217535,0.22480341187824643,3.158717127932805e-38,200.0,61.3,-184.1822922687752,-1.328050210580729,-0.9337170638474517,-11.174782862592357,0.0,0.0,-27.87593356212761,-7.628803172571964,-3.0806134041217943,-6.048967367675871,-4.8001825447446285,-14.246670158238183
1663,350035000016.5947,30,34.9999873847242,35.0,291.9,0,0.0,0.7751921577176368,0.22480784228236322,3.0007812715361655e-38,200.0,61.3,-184.1822922687752,-1.328050210580729,-0.9337170638474517,-11.174782862592357,0.0,0.0,-27.87593356212761,-7.628803172571964,-3.0806134041217943,-6.048967367675871,-4.8001825447446285,-14.246670158238183
1664,350035000016.5947,31,34.9999873847242,35.0,291.9,0,0.0,0.7751890670462809,0.22481093295371912,2.850742207959357e-38,200.0,61.3,-184.1822922687752,-1.328050210580729,-0.9337170638474517,-11.174782862592357,0.0,0.0,-27.87593356212761,-7.628803172571964,-3.0806134041217943,-6.048967367675871,-4.8001825447446285,-14.246670158238183
1665,350035000016.5947,32,34.9999873847242,35.0,291.9,0,0.0,0.775184823008955,0.22481517699104497,2.7082050975613886e-38,200.0,61.3,-184.1822922687752,-1.328050210580729,-0.9337170638474517,-11.174782862592357,0.0,0.0,-27.87593356212761,-7.628803172571964,-3.0806134041217943,-6.048967367675871,-4.8001825447446285,-14.246670158238183
1666,350035000016.5947,33,34.9999873847242,35.0,291.9,0,0.0,0.775180090589923,0.22481990941007712,2.5727948426833195e-38,200.0,61.3,-184.1822922687752,-1.328050210580729,-0.9337170638474517,-11.174782862592357,0.0,0.0,-27.87593356212761,-7.628803172571964,-3.0806134041217943,-6.048967367675871,-4.8001825447446285,-14.246670158238183
1667,350035000016.5947,34,34.9999873847242,35.0,291.9,0,0.0,0.7751736836532079,0.22482631634679212,2.4441551005491535e-38,200.0,61.3,-184.1822922687752,-1.328050210580729,-0.9337170638474517,-11.174782862592357,0.0,0.0,-27.87593356212761,-7.628803172571964,-3.0806134041217943,-6.048967367675871,-4.8001825447446285,-14.246670158238183
1668,350035000016.5947,35,34.9999873847242,35.0,291.9,0,0.0,0.7751675040441166,0.2248324959558834,2.3219473455216957e-38,200.0,61.3,-184.1822922687752,-1.328050210580729,-0.9337170638474517,-11.174782862592357,0.0,0.0,-27.87593356212761,-7.628803172571964,-3.0806134041217943,-6.048967367675871,-4.8001825447446285,-14.246670158238183
1669,350035000016.5947,36,34.9999873847242,35.0,291.9,0,0.0,0.7751621454843747,0.22483785451562535,2.2058499782456107e-38,200.0,61.3,-184.1822922687752,-1.328050210580729,-0.9337170638474517,-11.174782862592357,0.0,0.0,-27.87593356212761,-7.628803172571964,-3.0806134041217943,-6.048967367675871,-4.8001825447446285,-14.246670158238183
1670,350035000016.5947,37,34.9999873847242,35.0,291.9,0,0.0,0.7751557524103466,0.22484424758965335,2.09555747933333e-38,200.0,61.3,-184.1822922687752,-1.328050210580729,-0.9337170638474517,-11.174782862592357,0.0,0.0,-27.87593356212761,-7.628803172571964,-3.0806134041217943,-6.048967367675871,-4.8001825447446285,-14.246670158238183
1671,350035000016.5947,38,34.9999873847242,35.0,291.9,0,0.0,0.7751459598213347,0.2248540401786653,1.9907796053666637e-38,200.0,61.3,-184.1822922687752,-1.328050210580729,-0.9337170638474517,-11.174782862592357,0.0,0.0,-27.87593356212761,-7.628803172571964,-3.0806134041217943,-6.048967367675871,-4.8001825447446285,-14.246670158238183
1672,350035000016.5947,39,34.9999873847242,35.0,291.9,0,0.0,0.775135358171901,0.224864641828099,1.8912406250983304e-38,200.0,61.3,-184.1822922687752,-1.328050210580729,-0.9337170638474517,-11.174782862592357,0.0,0.0,-27.87593356212761,-7.628803172571964,-3.0806134041217943,-6.048967367675871,-4.8001825447446285,-14.246670158238183
1673,350035000016.5947,40,34.9999873847242,35.0,291.9,0,0.0,0.7751282167218551,0.224871783278145,1.796678593843414e-38,200.0,61.3,-184.1822922687752,-1.328050210580729,-0.9337170638474517,-11.174782862592357,0.0,0.0,-27.87593356212761,-7.628803172571964,-3.0806134041217943,-6.048967367675871,-4.8001825447446285,-14.246670158238183
1674,350035000016.5947,41,34.9999873847242,35.0,291.9,0,0.0,0.7751189274120567,0.22488107258794335,1.706844664151243e-38,200.0,61.3,-184.1822922687752,-1.328050210580729,-0.9337170638474517,-11.174782862592357,0.0,0.0,-27.87593356212761,-7.628803172571964,-3.0806134041217943,-6.048967367675871,-4.8001825447446285,-14.246670158238183
1675,350035000016.5947,42,34.9999873847242,35.0,291.9,0,0.0,0.7751112195370076,0.22488878046299246,1.6215024309436807e-38,200.0,61.3,-184.1822922687752,-1.328050210580729,-0.9337170638474517,-11.174782862592357,0.0,0.0,-27.87593356212761,-7.628803172571964,-3.0806134041217943,-6.048967367675871,-4.8001825447446285,-14.246670158238183
1676,350035000016.5947,43,34.9999873847242,35.0,291.9,0,0.0,0.7751038070423462,0.2248961929576538,1.5404273093964966e-38,200.0,61.3,-184.1822922687752,-1.328050210580729,-0.9337170638474517,-11.174782862592357,0.0,0.0,-27.87593356212761,-7.628803172571964,-3.0806134041217943,-6.048967367675871,-4.8001825447446285,-14.246670158238183
1677,350035000016.5947,44,34.9999873847242,35.0,291.9,0,0.0,0.7750990846408133,0.22490091535918671,1.4634059439266719e-38,200.0,61.3,-184.1822922687752,-1.328050210580729,-0.9337170638474517,-11.174782862592357,0.0,0.0,-27.87593356212761,-7.628803172571964,-3.0806134041217943,-6.048967367675871,-4.8001825447446285,-14.246670158238183
1678,350035000016.5947,45,34.9999873847242,35.0,291.9,0,0.0,0.7750939052241212,0.22490609477587878,1.3902356467303382e-38,200.0,61.3,-184.1822922687752,-1.328050210580729,-0.9337170638474517,-11.174782862592357,0.0,0.0,-27.87593356212761,-7.628803172571964,-3.0806134041217943,-6.048967367675871,-4.8001825447446285,-14.246670158238183
1679,350035000016.5947,46,34.9999873847242,35.0,291.9,0,0.0,0.775087690750724,0.2249123092492759,1.3207238643938213e-38,200.0,61.3,-184.1822922687752,-1.328050210580729,-0.9337170638474517,-11.174782862592357,0.0,0.0,-27.87593356212761,-7.628803172571964,-3.0806134041217943,-6.048967367675871,-4.8001825447446285,-14.246670158238183
1680,350035000016.5947,47,34.9999873847242,35.0,291.9,0,0.0,0.775080494308014,0.22491950569198602,1.2546876711741302e-38,200.0,61.3,-184.1822922687752,-1.328050210580729,-0.9337170638474517,-11.174782862592357,0.0,0.0,-27.87593356212761,-7.628803172571964,-3.0806134041217943,-6.048967367675871,-4.8001825447446285,-14.246670158238183
1681,350035000016.5947,48,34.9999873847242,35.0,291.9,0,0.0,0.7750759724715924,0.22492402752840757,1.1919532876154237e-38,200.0,61.3,-184.1822922687752,-1.328050210580729,-0.9337170638474517,-11.174782862592357,0.0,0.0,-27.87593356212761,-7.628803172571964,-3.0806134041217943,-6.048967367675871,-4.8001825447446285,-14.246670158238183
1682,350035000016.5947,49,34.9999873847242,35.0,291.9,0,0.0,0.7750709857377561,0.22492901426224382,1.1323556232346525e-38,200.0,61.3,-184.1822922687752,-1.328050210580729,-0.9337170638474517,-11.174782862592357,0.0,0.0,-27.87593356212761,-7.628803172571964,-3.0806134041217943,-6.048967367675871,-4.8001825447446285,-14.246670158238183
1683,350035000016.5947,0,34.9999873847242,35.0,291.9,0,0.0,0.7750655581152033,0.2249344418847967,1.0757378420729198e-38,200.0,61.3,-184.1822922687752,-1.328050210580729,-0.9337170638474517,-11.174782862592357,0.0,0.0,-27.87593356212761,-7.628803172571964,-3.0806134041217943,-6.048967367675871,-4.8001825447446285,-14.246670158238183
1684,350035000016.5947,1,34.9999873847242,35.0,291.9,0,0.0,0.7750639110831773,0.22493608891682274,1.021950949969274e-38,200.0,61.3,-184.1822922687752,-1.328050210580729,-0.9337170638474517,-11.174782862592357,0.0,0.0,-27.87593356212761,-7.628803172571964,-3.0806134041217943,-6.048967367675871,-4.8001825447446285,-14.246670158238183
1685,350035000016.5947,2,34.9999873847242,35.0,291.9,0,0.0,0.775062254890093,0.224937745109907,9.708534024708102e-39,200.0,61.3,-184.1822922687752,-1.328050210580729,-0.9337170638474517,-11.174782862592357,0.0,0.0,-27.87593356212761,-7.628803172571964,-3.0806134041217943,-6.048967367675871,-4.8001825447446285,-14.246670158238183
1686,350035000016.5947,3,34.9999873847242,35.0,291.9,0,0.0,0.7750587930449749,0.224941206955025,9.223107323472696e-39,200.0,61.3,-184.1822922687752,-1.328050210580729,-0.9337170638474517,-11.174782862592357,0.0,0.0,-27.87593356212761,-7.628803172571964,-3.0806134041217943,-6.048967367675871,-4.8001825447446285,-14.246670158238183
1687,350035000016.5947,4,34.9999873847242,35.0,291.9,0,0.0,0.7750578086306967,0.2249421913693032,8.761951957299061e-39,200.0,61.3,-184.1822922687752,-1.328050210580729,-0.9337170638474517,-11.174782862592357,0.0,0.0,-27.87593356212761,-7.628803172571964,-3.0806134041217943,-6.048967367675871,-4.8001825447446285,-14.246670158238183
1688,350035000016.5947,5,34.9999873847242,35.0,291.9,0,0.0,0.7750585763158774,0.22494142368412262,8.323854359434109e-39,200.0,61.3,-184.1822922687752,-1.328050210580729,-0.9337170638474517,-11.174782862592357,0.0,0.0,-27.87593356212761,-7.628803172571964,-3.0806134041217943,-6.048967367675871,-4.8001825447446285,-14.246670158238183
1689,350035000016.5947,6,34.9999873847242,35.0,291.9,0,0.0,0.7750562239611973,0.22494377603880267,7.907661641462404e-39,200.0,61.3,-184.1822922687752,-1.328050210580729,-0.9337170638474517,-11.174782862592357,0.0,0.0,-27.87593356212761,-7.628803172571964,-3.0806134041217943,-6.048967367675871,-4.8001825447446285,-14.246670158238183
1690,350035000016.5947,7,34.9999873847242,35.0,291.9,0,0.0,0.7750521055915816,0.2249478944084185,7.512278559389285e-39,200.0,61.3,-184.1822922687752,-1.328050210580729,-0.9337170638474517,-11.174782862592357,0.0,0.0,-27.87593356212761,-7.628803172571964,-3.0806134041217943,-6.048967367675871,-4.8001825447446285,-14.246670158238183
1691,350035000016.5947,8,34.9999873847242,35.0,291.9,0,0.0,0.7750469087967009,0.22495309120329912,7.13666463141982e-39,200.0,61.3,-184.1822922687752,-1.328050210580729,-0.9337170638474517,-11.174782862592357,0.0,0.0,-27.87593356212761,-7.628803172571964,-3.0806134041217943,-6.048967367675871,-4.8001825447446285,-14.246670158238183
1692,350035000016.5947,9,34.9999873847242,35.0,291.9,0,0.0,0.7750406888130482,0.22495931118695173,6.779831399848828e-39,200.0,61.3,-184.1822922687752,-1.328050210580729,-0.9337170638474517,-11.174782862592357,0.0,0.0,-27.87593356212761,-7.628803172571964,-3.0806134041217943,-6.048967367675871,-4.8001825447446285,-14.246670158238183
1693,350035000016.5947,10,34.9999873847242,35.0,291.9,0,0.0,0.7750334981132726,0.22496650188672743,6.440839829856387e-39,200.0,61.3,-184.1822922687752,-1.328050210580729,-0.9337170638474517,-11.174782862592357,0.0,0.0,-27.87593356212761,-7.628803172571964,-3.0806134041217943,-6.048967367675871,-4.8001825447446285,-14.246670158238183
1694,350035000016.5947,11,34.9999873847242,35.0,291.9,0,0.0,0.7750235962199996,0.22497640378000036,6.118797838363568e-39,200.0,61.3,-184.1822922687752,-1.328050210580729,-0.9337170638474517,-11.174782862592357,0.0,0.0,-27.87593356212761,-7.628803172571964,-3.0806134041217943,-6.048967367675871,-4.8001825447446285,-14.246670158238183
1695,350035000016.5947,12,34.9999873847242,35.0,291.9,0,0.0,0.7750123144889914,0.2249876855110086,5.81285794644539e-39,200.0,61.3,-184.1822922687752,-1.328050210580729,-0.9337170638474517,-11.174782862592357,0.0,0.0,-27.87593356212761,-7.628803172571964,-3.0806134041217943,-6.048967367675871,-4.8001825447446285,-14.246670158238183
1696,350035000016.5947,13,34.9999873847242,35.0,291.9,0,0.0,0.7750009164347011,0.22499908356529882,5.52221504912312e-39,200.0,61.3,-184.1822922687752,-1.328050210580729,-0.9337170638474517,-11.174782862592357,0.0,0.0,-27.87593356212761,-7.628803172571964,-3.0806134041217943,-6.048967367675871,-4.8001825447446285,-14.246670158238183
1697,350035000016.5947,14,34.9999873847242,35.0,291.9,0,0.0,0.7749900046245383,0.2250099953754618,5.2461042966669644e-39,200.0,61.3,-184.1822922687752,-1.328050210580729,-0.9337170638474517,-11.174782862592357,0.0,0.0,-27.87593356212761,-7.628803172571964,-3.0806134041217943,-6.048967367675871,-4.8001825447446285,-14.246670158238183
1698,350035000016.5947,15,34.9999873847242,35.0,291.9,0,0.0,0.7749831278550698,0.22501687214493024,4.9837990818336156e-39,200.0,61.3,-184.1822922687752,-1.328050210580729,-0.9337170638474517,-11.174782862592357,0.0,0.0,-27.87593356212761,-7.628803172571964,-3.0806134041217943,-6.048967367675871,-4.8001825447446285,-14.246670158238183
1699,350035000016.5947,16,34.9999873847242,35.0,291.9,0,0.0,0.7749759143444966,0.22502408565550336,4.7346091277419344e-39,200.0,61.3,-184.1822922687752,-1.328050210580729,-0.9337170638474517,-11.174782862592357,0.0,0.0,-27.87593356212761,-7.628803172571964,-3.0806134041217943,-6.048967367675871,-4.8001825447446285,-14.246670158238183
1700,350035000016.5947,17,34.9999873847242,35.0,291.9,0,0.0,0.7749713549483686,0.2250286450516314,4.4978786713548373e-39,200.0,61.3,-184.1822922687752,-1.328050210580729,-0.9337170638474517,-11.174782862592357,0.0,0.0,-27.87593356212761,-7.628803172571964,-3.0806134041217943,-6.048967367675871,-4.8001825447446285,-14.246670158238183
1701,350035000016.5947,18,34.9999873847242,35.0,291.9,0,0.0,0.7749699075875874,0.22503009241241262,4.272984737787096e-39,200.0,61.3,-184.1822922687752,-1.328050210580729,-0.9337170638474517,-11.174782862592357,0.0,0.0,-27.87593356212761,-7.628803172571964,-3.0806134041217943,-6.048967367675871,-4.8001825447446285,-14.246670158238183
1702,350035000016.5947,19,34.9999873847242,35.0,291.9,0,0.0,0.7749678509546468,0.22503214904535324,4.0593355008977414e-39,200.0,61.3,-184.1822922687752,-1.328050210580729,-0.9337170638474517,-11.174782862592357,0.0,0.0,-27.87593356212761,-7.628803172571964,-3.0806134041217943,-6.048967367675871,-4.8001825447446285,-14.246670158238183
1703,350035000016.5947,20,34.9999873847242,35.0,291.9,0,0.0,0.7749616551913749,0.22503834480862506,3.856368725852854e-39,200.0,61.3,-184.1822922687752,-1.328050210580729,-0.9337170638474517,-11.174782862592357,0.0,0.0,-27.87593356212761,-7.628803172571964,-3.0806134041217943,-6.048967367675871,-4.8001825447446285,-14.246670158238183
1704,350035000016.5947,21,34.9999873847242,35.0,291.9,0,0.0,0.7749544974873567,0.22504550251264338,3.6635502895602115e-39,200.0,61.3,-184.1822922687752,-1.328050210580729,-0.9337170638474517,-11.174782862592357,0.0,0.0,-27.87593356212761,-7.628803172571964,-3.0806134041217943,-6.048967367675871,-4.8001825447446285,-14.246670158238183
1705,350035000016.5947,22,34.9999873847242,35.0,291.9,0,0.0,0.7749482064424125,0.2250517935575876,3.480372775082201e-39,200.0,61.3,-184.1822922687752,-1.328050210580729,-0.9337170638474517,-11.174782862592357,0.0,0.0,-27.87593356212761,-7.628803172571964,-3.0806134041217943,-6.048967367675871,-4.8001825447446285,-14.246670158238183
1706,350035000016.5947,23,34.9999873847242,35.0,291.9,0,0.0,0.7749415527709008,0.22505844722909912,3.3063541363280906e-39,200.0,61.3,-184.1822922687752,-1.328050210580729,-0.9337170638474517,-11.174782862592357,0.0,0.0,-27.87593356212761,-7.628803172571964,-3.0806134041217943,-6.048967367675871,-4.8001825447446285,-14.246670158238183
1707,350035000016.5947,24,34.9999873847242,35.0,291.9,0,0.0,0.7749351477276742,0.22506485227232575,3.141036429511686e-39,200.0,61.3,-184.1822922687752,-1.328050210580729,-0.9337170638474517,-11.174782862592357,0.0,0.0,-27.87593356212761,-7.628803172571964,-3.0806134041217943,-6.048967367675871,-4.8001825447446285,-14.246670158238183
1708,350035000016.5947,25,34.9999873847242,35.0,291.9,0,0.0,0.7749272027161321,0.22507279728386784,2.983984608036102e-39,200.0,61.3,-184.1822922687752,-1.328050210580729,-0.9337170638474517,-11.174782862592357,0.0,0.0,-27.87593356212761,-7.628803172571964,-3.0806134041217943,-6.048967367675871,-4.8001825447446285,-14.246670158238183
1709,350035000016.5947,26,34.9999873847242,35.0,291.9,0,0.0,0.7749183884059008,0.22508161159409928,2.8347853776342967e-39,200.0,61.3,-184.1822922687752,-1.328050210580729,-0.9337170638474517,-11.174782862592357,0.0,0.0,-27.87593356212761,-7.628803172571964,-3.0806134041217943,-6.048967367675871,-4.8001825447446285,-14.246670158238183
1710,350035000016.5947,27,34.9999873847242,35.0,291.9,0,0.0,0.7749081578752507,0.22509184212474934,2.6930461087525817e-39,200.0,61.3,-184.1822922687752,-1.328050210580729,-0.9337170638474517,-11.174782862592357,0.0,0.0,-27.87593356212761,-7.628803172571964,-3.0806134041217943,-6.048967367675871,-4.8001825447446285,-14.246670158238183
1711,350035000016.5947,28,34.9999873847242,35.0,291.9,0,0.0,0.7749001317895318,0.22509986821046818,2.5583938033149524e-39,200.0,61.3,-184.1822922687752,-1.328050210580729,-0.9337170638474517,-11.174782862592357,0.0,0.0,-27.87593356212761,-7.628803172571964,-3.0806134041217943,-6.048967367675871,-4.8001825447446285,-14.246670158238183
1712,350035000016.5947,29,34.9999873847242,35.0,291.9,0,0.0,0.7748953789838804,0.22510462101611972,2.4304741131492053e-39,200.0,61.3,-184.1822922687752,-1.328050210580729,-0.9337170638474517,-11.174782862592357,0.0,0.0,-27.87593356212761,-7.628803172571964,-3.0806134041217943,-6.048967367675871,-4.8001825447446285,-14.246670158238183
1713,350035000016.5947,30,34.9999873847242,35.0,291.9,0,0.0,0.7748901900078616,0.2251098099921384,2.308950407491745e-39,200.0,61.3,-184.1822922687752,-1.328050210580729,-0.9337170638474517,-11.174782862592357,0.0,0.0,-27.87593356212761,-7.628803172571964,-3.0806134041217943,-6.048967367675871,-4.8001825447446285,-14.246670158238183
1714,350035000016.5947,31,34.9999873847242,35.0,291.9,0,0.0,0.7748845874017383,0.2251154125982617,2.1935028871171575e-39,200.0,61.3,-184.1822922687752,-1.328050210580729,-0.9337170638474517,-11.174782862592357,0.0,0.0,-27.87593356212761,-7.628803172571964,-3.0806134041217943,-6.048967367675871,-4.8001825447446285,-14.246670158238183
1715,350035000016.5947,32,34.9999873847242,35.0,291.9,0,0.0,0.7748797720328113,0.22512022796718872,2.0838277427612998e-39,200.0,61.3,-184.1822922687752,-1.328050210580729,-0.9337170638474517,-11.174782862592357,0.0,0.0,-27.87593356212761,-7.628803172571964,-3.0806134041217943,-6.048967367675871,-4.8001825447446285,-14.246670158238183
1716,350035000016.5947,33,34.9999873847242,35.0,291.9,0,0.0,0.774875703913564,0.22512429608643603,1.9796363556232346e-39,200.0,61.3,-184.1822922687752,-1.328050210580729,-0.9337170638474517,-11.174782862592357,0.0,0.0,-27.87593356212761,-7.628803172571964,-3.0806134041217943,-6.048967367675871,-4.8001825447446285,-14.246670158238183
1717,350035000016.5947,34,34.9999873847242,35.0,291.9,0,0.0,0.7748723450570127,0.2251276549429873,1.880654537842073e-39,200.0,61.3,-184.1822922687752,-1.328050210580729,-0.9337170638474517,-11.174782862592357,0.0,0.0,-27.87593356212761,-7.628803172571964,-3.0806134041217943,-6.048967367675871,-4.8001825447446285,-14.246670158238183
1718,350035000016.5947,35,34.9999873847242,35.0,291.9,0,0.0,0.7748720131746472,0.22512798682535284,1.7866218109499693e-39,200.0,61.3,-184.1822922687752,-1.328050210580729,-0.9337170638474517,-11.174782862592357,0.0,0.0,-27.87593356212761,-7.628803172571964,-3.0806134041217943,-6.048967367675871,-4.8001825447446285,-14.246670158238183
1719,350035000016.5947,36,34.9999873847242,35.0,291.9,0,0.0,0.7748704368337106,0.22512956316628935,1.6972907204024707e-39,200.0,61.3,-184.1822922687752,-1.328050210580729,-0.9337170638474517,-11.174782862592357,0.0,0.0,-27.87593356212761,-7.628803172571964,-3.0806134041217943,-6.048967367675871,-4.8001825447446285,-14.246670158238183
1720,350035000016.5947,37,34.9999873847242,35.0,291.9,0,0.0,0.7748700306290379,0.22512996937096214,1.6124261843823475e-39,200.0,61.3,-184.1822922687752,-1.328050210580729,-0.9337170638474517,-11.174782862592357,0.0,0.0,-27.87593356212761,-7.628803172571964,-3.0806134041217943,-6.048967367675871,-4.8001825447446285,-14.246670158238183
1721,350035000016.5947,38,34.9999873847242,35.0,291.9,0,0.0,0.7748660351202166,0.22513396487978352,1.53180487516323e-39,200.0,61.3,-184.1822922687752,-1.328050210580729,-0.9337170638474517,-11.174782862592357,0.0,0.0,-27.87593356212761,-7.628803172571964,-3.0806134041217943,-6.048967367675871,-4.8001825447446285,-14.246670158238183
1722,350035000016.5947,39,34.9999873847242,35.0,291.9,0,0.0,0.7748609821405246,0.22513901785947546,1.4552146314050685e-39,200.0,61.3,-184.1822922687752,-1.328050210580729,-0.9337170638474517,-11.174782862592357,0.0,0.0,-27.87593356212761,-7.628803172571964,-3.0806134041217943,-6.048967367675871,-4.8001825447446285,-14.246670158238183
1723,350035000016.5947,40,34.9999873847242,35.0,291.9,0,0.0,0.7748537515099975,0.22514624849000248,1.382453899834815e-39,200.0,61.3,-184.1822922687752,-1.328050210580729,-0.9337170638474517,-11.174782862592357,0.0,0.0,-27.87593356212761,-7.628803172571964,-3.0806134041217943,-6.048967367675871,-4.8001825447446285,-14.246670158238183
1724,350035000016.5947,41,34.9999873847242,35.0,291.9,0,0.0,0.7748473888563784,0.22515261114362156,1.3133312048430742e-39,200.0,61.3,-184.1822922687752,-1.328050210580729,-0.9337170638474517,-11.174782862592357,0.0,0.0,-27.87593356212761,-7.628803172571964,-3.0806134041217943,-6.048967367675871,-4.8001825447446285,-14.246670158238183
1725,350035000016.5947,42,34.9999873847242,35.0,291.9,0,0.0,0.7748389173927749,0.22516108260722514,1.2476646446009206e-39,200.0,61.3,-184.1822922687752,-1.328050210580729,-0.9337170638474517,-11.174782862592357,0.0,0.0,-27.87593356212761,-7.628803172571964,-3.0806134041217943,-6.048967367675871,-4.8001825447446285,-14.246670158238183
1726,350035000016.5947,43,34.9999873847242,35.0,291.9,0,0.0,0.7748337213841044,0.22516627861589555,1.1852814123708745e-39,200.0,61.3,-184.1822922687752,-1.328050210580729,-0.9337170638474517,-11.174782862592357,0.0,0.0,-27.87593356212761,-7.628803172571964,-3.0806134041217943,-6.048967367675871,-4.8001825447446285,-14.246670158238183
1727,350035000016.5947,44,34.9999873847242,35.0,291.9,0,0.0,0.7748281185878776,0.22517188141212238,1.1260173417523307e-39,200.0,61.3,-184.1822922687752,-1.328050210580729,-0.9337170638474517,-11.174782862592357,0.0,0.0,-27.87593356212761,-7.628803172571964,-3.0806134041217943,-6.048967367675871,-4.8001825447446285,-14.246670158238183
1728,350035000016.5947,45,34.9999873847242,35.0,291.9,0,0.0,0.7748262276908643,0.22517377230913574,1.0697164746647143e-39,200.0,61.3,-184.1822922687752,-1.328050210580729,-0.9337170638474517,-11.174782862592357,0.0,0.0,-27.87593356212761,-7.628803172571964,-3.0806134041217943,-6.048967367675871,-4.8001825447446285,-14.246670158238183
1729,350035000016.5947,46,34.9999873847242,35.0,291.9,0,0.0,0.7748214240719262,0.22517857592807372,1.0162306509314785e-39,200.0,61.3,-184.1822922687752,-1.328050210580729,-0.9337170638474517,-11.174782862592357,0.0,0.0,-27.87593356212761,-7.628803172571964,-3.0806134041217943,-6.048967367675871,-4.8001825447446285,-14.246670158238183
1730,350035000016.5947,47,34.9999873847242,35.0,291.9,0,0.0,0.77481619532616,0.22518380467384003,9.654191183849048e-40,200.0,61.3,-184.1822922687752,-1.328050210580729,-0.9337170638474517,-11.174782862592357,0.0,0.0,-27.87593356212761,-7.628803172571964,-3.0806134041217943,-6.048967367675871,-4.8001825447446285,-14.246670158238183
1731,350035000016.5947,48,34.9999873847242,35.0,291.9,0,0.0,0.7748082249730641,0.22519177502693588,9.171481624656595e-40,200.0,61.3,-184.1822922687752,-1.328050210580729,-0.9337170638474517,-11.174782862592357,0.0,0.0,-27.87593356212761,-7.628803172571964,-3.0806134041217943,-6.048967367675871,-4.8001825447446285,-14.246670158238183
1732,350035000016.5947,49,34.9999873847242,35.0,291.9,0,0.0,0.774803496099877,0.22519650390012302,8.712907543423765e-40,200.0,61.3,-184.1822922687752,-1.328050210580729,-0.9337170638474517,-11.174782862592357,0.0,0.0,-27.87593356212761,-7.628803172571964,-3.0806134041217943,-6.048967367675871,-4.8001825447446285,-14.246670158238183
1733,350035000016.5947,0,34.9999873847242,35.0,291.9,0,0.0,0.7747989237670112,0.22520107623298874,8.277262166252576e-40,200.0,61.3,-184.1822922687752,-1.328050210580729,-0.9337170638474517,-11.174782862592357,0.0,0.0,-27.87593356212761,-7.628803172571964,-3.0806134041217943,-6.048967367675871,-4.8001825447446285,-14.246670158238183
1734,350035000016.5947,1,34.9999873847242,35.0,291.9,0,0.0,0.774791582269312,0.22520841773068812,7.863399057939949e-40,200.0,61.3,-184.1822922687752,-1.328050210580729,-0.9337170638474517,-11.174782862592357,0.0,0.0,-27.87593356212761,-7.628803172571964,-3.0806134041217943,-6.048967367675871,-4.8001825447446285,-14.246670158238183
1735,350035000016.5947,2,34.9999873847242,35.0,291.9,0,0.0,0.7747880292293323,0.22521197077066776,7.470229105042951e-40,200.0,61.3,-184.1822922687752,-1.328050210580729,-0.9337170638474517,-11.174782862592357,0.0,0.0,-27.87593356212761,-7.628803172571964,-3.0806134041217943,-6.048967367675871,-4.8001825447446285,-14.246670158238183
1736,350035000016.5947,3,34.9999873847242,35.0,291.9,0,0.0,0.7747834082345813,0.22521659176541878,7.096717649790803e-40,200.0,61.3,-184.1822922687752,-1.328050210580729,-0.9337170638474517,-11.174782862592357,0.0,0.0,-27.87593356212761,-7.628803172571964,-3.0806134041217943,-6.048967367675871,-4.8001825447446285,-14.246670158238183
1737,350035000016.5947,4,34.9999873847242,35.0,291.9,0,0.0,0.7747777739261845,0.22522222607381553,6.741881767301263e-40,200.0,61.3,-184.1822922687752,-1.328050210580729,-0.9337170638474517,-11.174782862592357,0.0,0.0,-27.87593356212761,-7.628803172571964,-3.0806134041217943,-6.048967367675871,-4.8001825447446285,-14.246670158238183
1738,350035000016.5947,5,34.9999873847242,35.0,291.9,0,0.0,0.7747717605663422,0.22522823943365775,6.4047876789362e-40,200.0,61.3,-184.1822922687752,-1.328050210580729,-0.9337170638474517,-11.174782862592357,0.0,0.0,-27.87593356212761,-7.628803172571964,-3.0806134041217943,-6.048967367675871,-4.8001825447446285,-14.246670158238183
1739,350035000016.5947,6,34.9999873847242,35.0,291.9,0,0.0,0.7747677156567019,0.22523228434329814,6.08454829498939e-40,200.0,61.3,-184.1822922687752,-1.328050210580729,-0.9337170638474517,-11.174782862592357,0.0,0.0,-27.87593356212761,-7.628803172571964,-3.0806134041217943,-6.048967367675871,-4.8001825447446285,-14.246670158238183
1740,350035000016.5947,7,34.9999873847242,35.0,291.9,0,0.0,0.7747608857980437,0.22523911420195625,5.78032088023992e-40,200.0,61.3,-184.1822922687752,-1.328050210580729,-0.9337170638474517,-11.174782862592357,0.0,0.0,-27.87593356212761,-7.628803172571964,-3.0806134041217943,-6.048967367675871,-4.8001825447446285,-14.246670158238183
1741,350035000016.5947,8,34.9999873847242,35.0,291.9,0,0.0,0.7747525757551749,0.2252474242448252,5.491304836227925e-40,200.0,61.3,-184.1822922687752,-1.328050210580729,-0.9337170638474517,-11.174782862592357,0.0,0.0,-27.87593356212761,-7.628803172571964,-3.0806134041217943,-6.048967367675871,-4.8001825447446285,-14.246670158238183
1742,350035000016.5947,9,34.9999873847242,35.0,291.9,0,0.0,0.7747434425520989,0.22525655744790105,5.216739594416528e-40,200.0,61.3,-184.1822922687752,-1.328050210580729,-0.9337170638474517,-11.174782862592357,0.0,0.0,-27.87593356212761,-7.628803172571964,-3.0806134041217943,-6.048967367675871,-4.8001825447446285,-14.246670158238183
1743,350035000016.5947,10,34.9999873847242,35.0,291.9,0,0.0,0.7747352715965217,0.2252647284034784,4.955902614695703e-40,200.0,61.3,-184.1822922687752,-1.328050210580729,-0.9337170638474517,-11.174782862592357,0.0,0.0,-27.87593356212761,-7.628803172571964,-3.0806134041217943,-6.048967367675871,-4.8001825447446285,-14.246670158238183
1744,350035000016.5947,11,34.9999873847242,35.0,291.9,0,0.0,0.7747297556809953,0.22527024431900464,4.708107483960917e-40,200.0,61.3,-184.1822922687752,-1.328050210580729,-0.9337170638474517,-11.174782862592357,0.0,0.0,-27.87593356212761,-7.628803172571964,-3.0806134041217943,-6.048967367675871,-4.8001825447446285,-14.246670158238183
1745,350035000016.5947,12,34.9999873847242,35.0,291.9,0,0.0,0.7747232784023734,0.22527672159762663,4.472702109762872e-40,200.0,61.3,-184.1822922687752,-1.328050210580729,-0.9337170638474517,-11.174782862592357,0.0,0.0,-27.87593356212761,-7.628803172571964,-3.0806134041217943,-6.048967367675871,-4.8001825447446285,-14.246670158238183
1746,350035000016.5947,13,34.9999873847242,35.0,291.9,0,0.0,0.7747187883088631,0.22528121169113696,4.249067004274729e-40,200.0,61.3,-184.1822922687752,-1.328050210580729,-0.9337170638474517,-11.174782862592357,0.0,0.0,-27.87593356212761,-7.628803172571964,-3.0806134041217943,-6.048967367675871,-4.8001825447446285,-14.246670158238183
1747,350035000016.5947,14,34.9999873847242,35.0,291.9,0,0.0,0.774716183780998,0.22528381621900195,4.036613654060992e-40,200.0,61.3,-184.1822922687752,-1.328050210580729,-0.9337170638474517,-11.174782862592357,0.0,0.0,-27.87593356212761,-7.628803172571964,-3.0806134041217943,-6.048967367675871,-4.8001825447446285,-14.246670158238183
1748,350035000016.5947,15,34.9999873847242,35.0,291.9,0,0.0,0.7747136315887261,0.22528636841127397,3.834782971357943e-40,200.0,61.3,-184.1822922687752,-1.328050210580729,-0.9337170638474517,-11.174782862592357,0.0,0.0,-27.87593356212761,-7.628803172571964,-3.0806134041217943,-6.048967367675871,-4.8001825447446285,-14.246670158238183
1749,350035000016.5947,16,34.9999873847242,35.0,291.9,0,0.0,0.7747117078185152,0.22528829218148488,3.6430438227900456e-40,200.0,61.3,-184.1822922687752,-1.328050210580729,-0.9337170638474517,-11.174782862592357,0.0,0.0,-27.87593356212761,-7.628803172571964,-3.0806134041217943,-6.048967367675871,-4.8001825447446285,-14.246670158238183
1750,350035000016.5947,17,34.9999873847242,35.0,291.9,0,0.0,0.7747109586471247,0.2252890413528753,3.460891631650543e-40,200.0,61.3,-184.1822922687752,-1.328050210580729,-0.9337170638474517,-11.174782862592357,0.0,0.0,-27.87593356212761,-7.628803172571964,-3.0806134041217943,-6.048967367675871,-4.8001825447446285,-14.246670158238183
1751,350035000016.5947,18,34.9999873847242,35.0,291.9,0,0.0,0.7747095904535368,0.22529040954646312,3.2878470500680155e-40,200.0,61.3,-184.1822922687752,-1.328050210580729,-0.9337170638474517,-11.174782862592357,0.0,0.0,-27.87593356212761,-7.628803172571964,-3.0806134041217943,-6.048967367675871,-4.8001825447446285,-14.246670158238183
1752,350035000016.5947,19,34.9999873847242,35.0,291.9,0,0.0,0.7747087900346685,0.22529120996533145,3.1234546975646148e-40,200.0,61.3,-184.1822922687752,-1.328050210580729,-0.9337170638474517,-11.174782862592357,0.0,0.0,-27.87593356212761,-7.628803172571964,-3.0806134041217943,-6.048967367675871,-4.8001825447446285,-14.246670158238183
1753,350035000016.5947,20,34.9999873847242,35.0,291.9,0,0.0,0.7747096826439707,0.22529031735602933,2.967281962686384e-40,200.0,61.3,-184.1822922687752,-1.328050210580729,-0.9337170638474517,-11.174782862592357,0.0,0.0,-27.87593356212761,-7.628803172571964,-3.0806134041217943,-6.048967367675871,-4.8001825447446285,-14.246670158238183
1754,350035000016.5947,21,34.9999873847242,35.0,291.9,0,0.0,0.7747127580024208,0.22528724199757924,2.8189178645520645e-40,200.0,61.3,-184.1822922687752,-1.328050210580729,-0.9337170638474517,-11.174782862592357,0.0,0.0,-27.87593356212761,-7.628803172571964,-3.0806134041217943,-6.048967367675871,-4.8001825447446285,-14.246670158238183
1755,350035000016.5947,22,34.9999873847242,35.0,291.9,0,0.0,0.7747155990786064,0.22528440092139357,2.677971971324461e-40,200.0,61.3,-184.1822922687752,-1.328050210580729,-0.9337170638474517,-11.174782862592357,0.0,0.0,-27.87593356212761,-7.628803172571964,-3.0806134041217943,-6.048967367675871,-4.8001825447446285,-14.246670158238183
1756,350035000016.5947,23,34.9999873847242,35.0,291.9,0,0.0,0.7747210968562737,0.22527890314372637,2.5440733727582383e-40,200.0,61.3,-184.1822922687752,-1.328050210580729,-0.9337170638474517,-11.174782862592357,0.0,0.0,-27.87593356212761,-7.628803172571964,-3.0806134041217943,-6.048967367675871,-4.8001825447446285,-14.246670158238183
1757,350035000016.5947,24,34.9999873847242,35.0,291.9,0,0.0,0.7747262377980281,0.22527376220197193,2.416869704120326e-40,200.0,61.3,-184.1822922687752,-1.328050210580729,-0.9337170638474517,-11.174782862592357,0.0,0.0,-27.87593356212761,-7.628803172571964,-3.0806134041217943,-6.048967367675871,-4.8001825447446285,-14.246670158238183
1758,350035000016.5947,25,34.9999873847242,35.0,291.9,0,0.0,0.7747327649063142,0.2252672350936859,2.29602621891431e-40,200.0,61.3,-184.1822922687752,-1.328050210580729,-0.9337170638474517,-11.174782862592357,0.0,0.0,-27.87593356212761,-7.628803172571964,-3.0806134041217943,-6.048967367675871,-4.8001825447446285,-14.246670158238183
1759,350035000016.5947,26,34.9999873847242,35.0,291.9,0,0.0,0.7747377335718457,0.2252622664281543,2.1812249079685946e-40,200.0,61.3,-184.1822922687752,-1.328050210580729,-0.9337170638474517,-11.174782862592357,0.0,0.0,-27.87593356212761,-7.628803172571964,-3.0806134041217943,-6.048967367675871,-4.8001825447446285,-14.246670158238183
1760,350035000016.5947,27,34.9999873847242,35.0,291.9,0,0.0,0.7747400738799821,0.22525992612001788,2.0721636625701646e-40,200.0,61.3,-184.1822922687752,-1.328050210580729,-0.9337170638474517,-11.174782862592357,0.0,0.0,-27.87593356212761,-7.628803172571964,-3.0806134041217943,-6.048967367675871,-4.8001825447446285,-14.246670158238183
1761,350035000016.5947,28,34.9999873847242,35.0,291.9,0,0.0,0.7747416422939997,0.22525835770600028,1.968555479441656e-40,200.0,61.3,-184.1822922687752,-1.328050210580729,-0.9337170638474517,-11.174782862592357,0.0,0.0,-27.87593356212761,-7.628803172571964,-3.0806134041217943,-6.048967367675871,-4.8001825447446285,-14.246670158238183
1762,350035000016.5947,29,34.9999873847242,35.0,291.9,0,0.0,0.7747424781003899,0.22525752189961012,1.8701277054695738e-40,200.0,61.3,-184.1822922687752,-1.328050210580729,-0.9337170638474517,-11.174782862592357,0.0,0.0,-27.87593356212761,-7.628803172571964,-3.0806134041217943,-6.048967367675871,-4.8001825447446285,-14.246670158238183
1763,350035000016.5947,30,34.9999873847242,35.0,291.9,0,0.0,0.7747449131993687,0.22525508680063133,1.776621320196095e-40,200.0,61.3,-184.1822922687752,-1.328050210580729,-0.9337170638474517,-11.174782862592357,0.0,0.0,-27.87593356212761,-7.628803172571964,-3.0806134041217943,-6.048967367675871,-4.8001825447446285,-14.246670158238183
1764,350035000016.5947,31,34.9999873847242,35.0,291.9,0,0.0,0.774747145882839,0.22525285411716106,1.6877902541862903e-40,200.0,61.3,-184.1822922687752,-1.328050210580729,-0.9337170638474517,-11.174782862592357,0.0,0.0,-27.87593356212761,-7.628803172571964,-3.0806134041217943,-6.048967367675871,-4.8001825447446285,-14.246670158238183
1765,350035000016.5947,32,34.9999873847242,35.0,291.9,0,0.0,0.7747497592627007,0.22525024073729935,1.6034007414769756e-40,200.0,61.3,-184.1822922687752,-1.328050210580729,-0.9337170638474517,-11.174782862592357,0.0,0.0,-27.87593356212761,-7.628803172571964,-3.0806134041217943,-6.048967367675871,-4.8001825447446285,-14.246670158238183
1766,350035000016.5947,33,34.9999873847242,35.0,291.9,0,0.0,0.7747533062115448,0.22524669378845524,1.5232307044031268e-40,200.0,61.3,-184.1822922687752,-1.328050210580729,-0.9337170638474517,-11.174782862592357,0.0,0.0,-27.87593356212761,-7.628803172571964,-3.0806134041217943,-6.048967367675871,-4.8001825447446285,-14.246670158238183
1767,350035000016.5947,34,34.9999873847242,35.0,291.9,0,0.0,0.7747600266667244,0.22523997333327558,1.4470691691829705e-40,200.0,61.3,-184.1822922687752,-1.328050210580729,-0.9337170638474517,-11.174782862592357,0.0,0.0,-27.87593356212761,-7.628803172571964,-3.0806134041217943,-6.048967367675871,-4.8001825447446285,-14.246670158238183
1768,350035000016.5947,35,34.9999873847242,35.0,291.9,0,0.0,0.7747691853677144,0.22523081463228561,1.374715710723822e-40,200.0,61.3,-184.1822922687752,-1.328050210580729,-0.9337170638474517,-11.174782862592357,0.0,0.0,-27.87593356212761,-7.628803172571964,-3.0806134041217943,-6.048967367675871,-4.8001825447446285,-14.246670158238183
1769,350035000016.5947,36,34.9999873847242,35.0,291.9,0,0.0,0.7747783725144863,0.22522162748551375,1.305979925187631e-40,200.0,61.3,-184.1822922687752,-1.328050210580729,-0.9337170638474517,-11.174782862592357,0.0,0.0,-27.87593356212761,-7.628803172571964,-3.0806134041217943,-6.048967367675871,-4.8001825447446285,-14.246670158238183
1770,350035000016.5947,37,34.9999873847242,35.0,291.9,0,0.0,0.774783019458359,0.22521698054164108,1.2406809289282494e-40,200.0,61.3,-184.1822922687752,-1.328050210580729,-0.9337170638474517,-11.174782862592357,0.0,0.0,-27.87593356212761,-7.628803172571964,-3.0806134041217943,-6.048967367675871,-4.8001825447446285,-14.246670158238183
1771,350035000016.5947,38,34.9999873847242,35.0,291.9,0,0.0,0.774786210046876,0.22521378995312405,1.1786468824818368e-40,200.0,61.3,-184.1822922687752,-1.328050210580729,-0.9337170638474517,-11.174782862592357,0.0,0.0,-27.87593356212761,-7.628803172571964,-3.0806134041217943,-6.048967367675871,-4.8001825447446285,-14.246670158238183
1772,350035000016.5947,39,34.9999873847242,35.0,291.9,0,0.0,0.7747903000675684,0.22520969993243162,1.1197145383577448e-40,200.0,61.3,-184.1822922687752,-1.328050210580729,-0.9337170638474517,-11.174782862592357,0.0,0.0,-27.87593356212761,-7.628803172571964,-3.0806134041217943,-6.048967367675871,-4.8001825447446285,-14.246670158238183
1773,350035000016.5947,40,34.9999873847242,35.0,291.9,0,0.0,0.7747975227263233,0.22520247727367676,1.0637288114398576e-40,200.0,61.3,-184.1822922687752,-1.328050210580729,-0.9337170638474517,-11.174782862592357,0.0,0.0,-27.87593356212761,-7.628803172571964,-3.0806134041217943,-6.048967367675871,-4.8001825447446285,-14.246670158238183
1774,350035000016.5947,41,34.9999873847242,35.0,291.9,0,0.0,0.774806577657367,0.22519342234263295,1.0105423708678647e-40,200.0,61.3,-184.1822922687752,-1.328050210580729,-0.9337170638474517,-11.174782862592357,0.0,0.0,-27.87593356212761,-7.628803172571964,-3.0806134041217943,-6.048967367675871,-4.8001825447446285,-14.246670158238183
1775,350035000016.5947,42,34.9999873847242,35.0,291.9,0,0.0,0.7748173701590566,0.22518262984094334,9.600152523244713e-41,200.0,61.3,-184.1822922687752,-1.328050210580729,-0.9337170638474517,-11.174782862592357,0.0,0.0,-27.87593356212761,-7.628803172571964,-3.0806134041217943,-6.048967367675871,-4.8001825447446285,-14.246670158238183
1776,350035000016.5947,43,34.9999873847242,35.0,291.9,0,0.0,0.7748275365107392,0.2251724634892608,9.120144897082478e-41,200.0,61.3,-184.1822922687752,-1.328050210580729,-0.9337170638474517,-11.174782862592357,0.0,0.0,-27.87593356212761,-7.628803172571964,-3.0806134041217943,-6.048967367675871,-4.8001825447446285,-14.246670158238183
1777,350035000016.5947,44,34.9999873847242,35.0,291.9,0,0.0,0.774834266569764,0.2251657334302361,8.664137652228356e-41,200.0,61.3,-184.1822922687752,-1.328050210580729,-0.9337170638474517,-11.174782862592357,0.0,0.0,-27.87593356212761,-7.628803172571964,-3.0806134041217943,-6.048967367675871,-4.8001825447446285,-14.246670158238183
1778,350035000016.5947,45,34.9999873847242,35.0,291.9,0,0.0,0.7748439832134935,0.2251560167865066,8.230930769616937e-41,200.0,61.3,-184.1822922687752,-1.328050210580729,-0.9337170638474517,-11.174782862592357,0.0,0.0,-27.87593356212761,-7.628803172571964,-3.0806134041217943,-6.048967367675871,-4.8001825447446285,-14.246670158238183
1779,350035000016.5947,46,34.9999873847242,35.0,291.9,0,0.0,0.7748497215150396,0.22515027848496041,7.81938423113609e-41,200.0,61.3,-184.1822922687752,-1.328050210580729,-0.9337170638474517,-11.174782862592357,0.0,0.0,-27.87593356212761,-7.628803172571964,-3.0806134041217943,-6.048967367675871,-4.8001825447446285,-14.246670158238183
1780,350035000016.5947,47,34.9999873847242,35.0,291.9,0,0.0,0.7748579251653888,0.22514207483461118,7.428415019579285e-41,200.0,61.3,-184.1822922687752,-1.328050210580729,-0.9337170638474517,-11.174782862592357,0.0,0.0,-27.87593356212761,-7.628803172571964,-3.0806134041217943,-6.048967367675871,-4.8001825447446285,-14.246670158238183
1781,350035000016.5947,48,34.9999873847242,35.0,291.9,0,0.0,0.7748673332613292,0.2251326667386708,7.05699426860032e-41,200.0,61.3,-184.1822922687752,-1.328050210580729,-0.9337170638474517,-11.174782862592357,0.0,0.0,-27.87593356212761,-7.628803172571964,-3.0806134041217943,-6.048967367675871,-4.8001825447446285,-14.246670158238183
1782,350035000016.5947,49,34.9999873847242,35.0,291.9,0,0.0,0.7748767505626281,0.22512324943737205,6.704144555170305e-41,200.0,61.3,-184.1822922687752,-1.328050210580729,-0.9337170638474517,-11.174782862592357,0.0,0.0,-27.87593356212761,-7.628803172571964,-3.0806134041217943,-6.048967367675871,-4.8001825447446285,-14.246670158238183
1783,350035000016.5947,0,34.9999873847242,35.0,291.9,0,0.0,0.7748878742247912,0.2251121257752088,6.368937327411789e-41,200.0,61.3,-184.1822922687752,-1.328050210580729,-0.9337170638474517,-11.174782862592357,0.0,0.0,-27.87593356212761,-7.628803172571964,-3.0806134041217943,-6.048967367675871,-4.8001825447446285,-14.246670158238183
1784,350035000016.5947,1,34.9999873847242,35.0,291.9,0,0.0,0.7748977877418787,0.22510221225812127,6.0504904610412e-41,200.0,61.3,-184.1822922687752,-1.328050210580729,-0.9337170638474517,-11.174782862592357,0.0,0.0,-27.87593356212761,-7.628803172571964,-3.0806134041217943,-6.048967367675871,-4.8001825447446285,-14.246670158238183
1785,350035000016.5947,2,34.9999873847242,35.0,291.9,0,0.0,0.7749071177400322,0.22509288225996785,5.74796593798914e-41,200.0,61.3,-184.1822922687752,-1.328050210580729,-0.9337170638474517,-11.174782862592357,0.0,0.0,-27.87593356212761,-7.628803172571964,-3.0806134041217943,-6.048967367675871,-4.8001825447446285,-14.246670158238183
1786,350035000016.5947,3,34.9999873847242,35.0,291.9,0,0.0,0.7749158934929338,0.22508410650706628,5.460567641089684e-41,200.0,61.3,-184.1822922687752,-1.328050210580729,-0.9337170638474517,-11.174782862592357,0.0,0.0,-27.87593356212761,-7.628803172571964,-3.0806134041217943,-6.048967367675871,-4.8001825447446285,-14.246670158238183
1787,350035000016.5947,4,34.9999873847242,35.0,291.9,0,0.0,0.7749269662803332,0.22507303371966686,5.1875392590352e-41,200.0,61.3,-184.1822922687752,-1.328050210580729,-0.9337170638474517,-11.174782862592357,0.0,0.0,-27.87593356212761,-7.628803172571964,-3.0806134041217943,-6.048967367675871,-4.8001825447446285,-14.246670158238183
1788,350035000016.5947,5,34.9999873847242,35.0,291.9,0,0.0,0.7749362676792413,0.22506373232075877,4.92816229608344e-41,200.0,61.3,-184.1822922687752,-1.328050210580729,-0.9337170638474517,-11.174782862592357,0.0,0.0,-27.87593356212761,-7.628803172571964,-3.0806134041217943,-6.048967367675871,-4.8001825447446285,-14.246670158238183
1789,350035000016.5947,6,34.9999873847242,35.0,291.9,0,0.0,0.774944451551051,0.225055548448949,4.681754181279268e-41,200.0,61.3,-184.1822922687752,-1.328050210580729,-0.9337170638474517,-11.174782862592357,0.0,0.0,-27.87593356212761,-7.628803172571964,-3.0806134041217943,-6.048967367675871,-4.8001825447446285,-14.246670158238183
1790,350035000016.5947,7,34.9999873847242,35.0,291.9,0,0.0,0.7749521382532544,0.22504786174674565,4.4476664722153043e-41,200.0,61.3,-184.1822922687752,-1.328050210580729,-0.9337170638474517,-11.174782862592357,0.0,0.0,-27.87593356212761,-7.628803172571964,-3.0806134041217943,-6.048967367675871,-4.8001825447446285,-14.246670158238183
1791,350035000016.5947,8,34.9999873847242,35.0,291.9,0,0.0,0.7749604796089036,0.22503952039109645,4.225283148604539e-41,200.0,61.3,-184.1822922687752,-1.328050210580729,-0.9337170638474517,-11.174782862592357,0.0,0.0,-27.87593356212761,-7.628803172571964,-3.0806134041217943,-6.048967367675871,-4.8001825447446285,-14.246670158238183
1792,350035000016.5947,9,34.9999873847242,35.0,291.9,0,0.0,0.7749688785613681,0.2250311214386319,4.014018991174312e-41,200.0,61.3,-184.1822922687752,-1.328050210580729,-0.9337170638474517,-11.174782862592357,0.0,0.0,-27.87593356212761,-7.628803172571964,-3.0806134041217943,-6.048967367675871,-4.8001825447446285,-14.246670158238183
1793,350035000016.5947,10,34.9999873847242,35.0,291.9,0,0.0,0.7749767689559321,0.22502323104406782,3.8133180416155963e-41,200.0,61.3,-184.1822922687752,-1.328050210580729,-0.9337170638474517,-11.174782862592357,0.0,0.0,-27.87593356212761,-7.628803172571964,-3.0806134041217943,-6.048967367675871,-4.8001825447446285,-14.246670158238183
1794,350035000016.5947,11,34.9999873847242,35.0,291.9,0,0.0,0.7749847387252732,0.22501526127472685,3.622652139534817e-41,200.0,61.3,-184.1822922687752,-1.328050210580729,-0.9337170638474517,-11.174782862592357,0.0,0.0,-27.87593356212761,-7.628803172571964,-3.0806134041217943,-6.048967367675871,-4.8001825447446285,-14.246670158238183
1795,350035000016.5947,12,34.9999873847242,35.0,291.9,0,0.0,0.774991659185329,0.22500834081467103,3.441519532558076e-41,200.0,61.3,-184.1822922687752,-1.328050210580729,-0.9337170638474517,-11.174782862592357,0.0,0.0,-27.87593356212761,-7.628803172571964,-3.0806134041217943,-6.048967367675871,-4.8001825447446285,-14.246670158238183
1796,350035000016.5947,13,34.9999873847242,35.0,291.9,0,0.0,0.7749992688476215,0.2250007311523785,3.269443555930172e-41,200.0,61.3,-184.1822922687752,-1.328050210580729,-0.9337170638474517,-11.174782862592357,0.0,0.0,-27.87593356212761,-7.628803172571964,-3.0806134041217943,-6.048967367675871,-4.8001825447446285,-14.246670158238183
1797,350035000016.5947,14,34.9999873847242,35.0,291.9,0,0.0,0.775004724743184,0.22499527525681598,3.105971378133664e-41,200.0,61.3,-184.1822922687752,-1.328050210580729,-0.9337170638474517,-11.174782862592357,0.0,0.0,-27.87593356212761,-7.628803172571964,-3.0806134041217943,-6.048967367675871,-4.8001825447446285,-14.246670158238183
1798,350035000016.5947,15,34.9999873847242,35.0,291.9,0,0.0,0.7750109424223162,0.22498905757768384,2.9506728092269807e-41,200.0,61.3,-184.1822922687752,-1.328050210580729,-0.9337170638474517,-11.174782862592357,0.0,0.0,-27.87593356212761,-7.628803172571964,-3.0806134041217943,-6.048967367675871,-4.8001825447446285,-14.246670158238183
1799,350035000016.5947,16,34.9999873847242,35.0,291.9,0,0.0,0.775017321716514,0.22498267828348595,2.8031391687656315e-41,200.0,61.3,-184.1822922687752,-1.328050210580729,-0.9337170638474517,-11.174782862592357,0.0,0.0,-27.87593356212761,-7.628803172571964,-3.0806134041217943,-6.048967367675871,-4.8001825447446285,-14.246670158238183
1800,350035000016.5947,17,34.9999873847242,35.0,291.9,0,0.0,0.7750244144336973,0.22497558556630273,2.6629822103273504e-41,200.0,61.3,-184.1822922687752,-1.328050210580729,-0.9337170638474517,-11.174782862592357,0.0,0.0,-27.87593356212761,-7.628803172571964,-3.0806134041217943,-6.048967367675871,-4.8001825447446285,-14.246670158238183
1801,350035000016.5947,18,34.9999873847242,35.0,291.9,0,0.0,0.7750321836175176,0.2249678163824824,2.5298330998109827e-41,200.0,61.3,-184.1822922687752,-1.328050210580729,-0.9337170638474517,-11.174782862592357,0.0,0.0,-27.87593356212761,-7.628803172571964,-3.0806134041217943,-6.048967367675871,-4.8001825447446285,-14.246670158238183
1802,350035000016.5947,19,34.9999873847242,35.0,291.9,0,0.0,0.7750422729438735,0.2249577270561265,2.403341444820434e-41,200.0,61.3,-184.1822922687752,-1.328050210580729,-0.9337170638474517,-11.174782862592357,0.0,0.0,-27.87593356212761,-7.628803172571964,-3.0806134041217943,-6.048967367675871,-4.8001825447446285,-14.246670158238183
1803,350035000016.5947,20,34.9999873847242,35.0,291.9,0,0.0,0.7750545624629611,0.22494543753703888,2.2831743725794121e-41,200.0,61.3,-184.1822922687752,-1.328050210580729,-0.9337170638474517,-11.174782862592357,0.0,0.0,-27.87593356212761,-7.628803172571964,-3.0806134041217943,-6.048967367675871,-4.8001825447446285,-14.246670158238183
1804,350035000016.5947,21,34.9999873847242,35.0,291.9,0,0.0,0.7750678210934159,0.22493217890658407,2.1690156539504414e-41,200.0,61.3,-184.1822922687752,-1.328050210580729,-0.9337170638474517,-11.174782862592357,0.0,0.0,-27.87593356212761,-7.628803172571964,-3.0806134041217943,-6.048967367675871,-4.8001825447446285,-14.246670158238183
1805,350035000016.5947,22,34.9999873847242,35.0,291.9,0,0.0,0.7750831145945608,0.22491688540543917,2.0605648712529191e-41,200.0,61.3,-184.1822922687752,-1.328050210580729,-0.9337170638474517,-11.174782862592357,0.0,0.0,-27.87593356212761,-7.628803172571964,-3.0806134041217943,-6.048967367675871,-4.8001825447446285,-14.246670158238183
1806,350035000016.5947,23,34.9999873847242,35.0,291.9,0,0.0,0.7750992220125786,0.2249007779874214,1.9575366276902735e-41,200.0,61.3,-184.1822922687752,-1.328050210580729,-0.9337170638474517,-11.174782862592357,0.0,0.0,-27.87593356212761,-7.628803172571964,-3.0806134041217943,-6.048967367675871,-4.8001825447446285,-14.246670158238183
1807,350035000016.5947,24,34.9999873847242,35.0,291.9,0,0.0,0.7751172150326118,0.22488278496738823,1.8596597963057596e-41,200.0,61.3,-184.1822922687752,-1.328050210580729,-0.9337170638474517,-11.174782862592357,0.0,0.0,-27.87593356212761,-7.628803172571964,-3.0806134041217943,-6.048967367675871,-4.8001825447446285,-14.246670158238183
1808,350035000016.5947,25,34.9999873847242,35.0,291.9,0,0.0,0.7751375521379796,0.22486244786202036,1.7666768064904715e-41,200.0,61.3,-184.1822922687752,-1.328050210580729,-0.9337170638474517,-11.174782862592357,0.0,0.0,-27.87593356212761,-7.628803172571964,-3.0806134041217943,-6.048967367675871,-4.8001825447446285,-14.246670158238183
1809,350035000016.5947,26,34.9999873847242,35.0,291.9,0,0.0,0.7751589988959671,0.2248410011040329,1.678342966165948e-41,200.0,61.3,-184.1822922687752,-1.328050210580729,-0.9337170638474517,-11.174782862592357,0.0,0.0,-27.87593356212761,-7.628803172571964,-3.0806134041217943,-6.048967367675871,-4.8001825447446285,-14.246670158238183
1810,350035000016.5947,27,34.9999873847242,35.0,291.9,0,0.0,0.7751781618066769,0.22482183819332313,1.5944258178576507e-41,200.0,61.3,-184.1822922687752,-1.328050210580729,-0.9337170638474517,-11.174782862592357,0.0,0.0,-27.87593356212761,-7.628803172571964,-3.0806134041217943,-6.048967367675871,-4.8001825447446285,-14.246670158238183
1811,350035000016.5947,28,34.9999873847242,35.0,291.9,0,0.0,0.7751957119422203,0.22480428805777974,1.5147045269647682e-41,200.0,61.3,-184.1822922687752,-1.328050210580729,-0.9337170638474517,-11.174782862592357,0.0,0.0,-27.87593356212761,-7.628803172571964,-3.0806134041217943,-6.048967367675871,-4.8001825447446285,-14.246670158238183
1812,350035000016.5947,29,34.9999873847242,35.0,291.9,0,0.0,0.7752156177466074,0.22478438225339256,1.4389693006165298e-41,200.0,61.3,-184.1822922687752,-1.328050210580729,-0.9337170638474517,-11.174782862592357,0.0,0.0,-27.87593356212761,-7.628803172571964,-3.0806134041217943,-6.048967367675871,-4.8001825447446285,-14.246670158238183
1813,350035000016.5947,30,34.9999873847242,35.0,291.9,0,0.0,0.7752360924577721,0.2247639075422278,1.3670208355857032e-41,200.0,61.3,-184.1822922687752,-1.328050210580729,-0.9337170638474517,-11.174782862592357,0.0,0.0,-27.87593356212761,-7.628803172571964,-3.0806134041217943,-6.048967367675871,-4.8001825447446285,-14.246670158238183
1814,350035000016.5947,31,34.9999873847242,35.0,291.9,0,0.0,0.7752532242969844,0.22474677570301563,1.2986697938064183e-41,200.0,61.3,-184.1822922687752,-1.328050210580729,-0.9337170638474517,-11.174782862592357,0.0,0.0,-27.87593356212761,-7.628803172571964,-3.0806134041217943,-6.048967367675871,-4.8001825447446285,-14.246670158238183
1815,350035000016.5947,32,34.9999873847242,35.0,291.9,0,0.0,0.7752682911394132,0.22473170886058685,1.2337363041160975e-41,200.0,61.3,-184.1822922687752,-1.328050210580729,-0.9337170638474517,-11.174782862592357,0.0,0.0,-27.87593356212761,-7.628803172571964,-3.0806134041217943,-6.048967367675871,-4.8001825447446285,-14.246670158238183
1816,350035000016.5947,33,34.9999873847242,35.0,291.9,0,0.0,0.7752830597016406,0.22471694029835945,1.172049488910293e-41,200.0,61.3,-184.1822922687752,-1.328050210580729,-0.9337170638474517,-11.174782862592357,0.0,0.0,-27.87593356212761,-7.628803172571964,-3.0806134041217943,-6.048967367675871,-4.8001825447446285,-14.246670158238183
1817,350035000016.5947,34,34.9999873847242,35.0,291.9,0,0.0,0.7752980980585222,0.22470190194147777,1.1134470144647783e-41,200.0,61.3,-184.1822922687752,-1.328050210580729,-0.9337170638474517,-11.174782862592357,0.0,0.0,-27.87593356212761,-7.628803172571964,-3.0806134041217943,-6.048967367675871,-4.8001825447446285,-14.246670158238183
1818,350035000016.5947,35,34.9999873847242,35.0,291.9,0,0.0,0.7753095174692253,0.22469048253077475,1.0577746637415395e-41,200.0,61.3,-184.1822922687752,-1.328050210580729,-0.9337170638474517,-11.174782862592357,0.0,0.0,-27.87593356212761,-7.628803172571964,-3.0806134041217943,-6.048967367675871,-4.8001825447446285,-14.246670158238183
1819,350035000016.5947,36,34.9999873847242,35.0,291.9,0,0.0,0.7753197145386591,0.22468028546134086,1.0048859305544625e-41,200.0,61.3,-184.1822922687752,-1.328050210580729,-0.9337170638474517,-11.174782862592357,0.0,0.0,-27.87593356212761,-7.628803172571964,-3.0806134041217943,-6.048967367675871,-4.8001825447446285,-14.246670158238183
1820,350035000016.5947,37,34.9999873847242,35.0,291.9,0,0.0,0.7753270917333109,0.2246729082666891,9.546416340267394e-42,200.0,61.3,-184.1822922687752,-1.328050210580729,-0.9337170638474517,-11.174782862592357,0.0,0.0,-27.87593356212761,-7.628803172571964,-3.0806134041217943,-6.048967367675871,-4.8001825447446285,-14.246670158238183
1821,350035000016.5947,38,34.9999873847242,35.0,291.9,0,0.0,0.7753351093405969,0.2246648906594031,9.069095523254023e-42,200.0,61.3,-184.1822922687752,-1.328050210580729,-0.9337170638474517,-11.174782862592357,0.0,0.0,-27.87593356212761,-7.628803172571964,-3.0806134041217943,-6.048967367675871,-4.8001825447446285,-14.246670158238183
1822,350035000016.5947,39,34.9999873847242,35.0,291.9,0,0.0,0.7753453911629763,0.22465460883702368,8.615640747091322e-42,200.0,61.3,-184.1822922687752,-1.328050210580729,-0.9337170638474517,-11.174782862592357,0.0,0.0,-27.87593356212761,-7.628803172571964,-3.0806134041217943,-6.048967367675871,-4.8001825447446285,-14.246670158238183
1823,350035000016.5947,40,34.9999873847242,35.0,291.9,0,0.0,0.7753534044705638,0.22464659552943625,8.184858709736755e-42,200.0,61.3,-184.1822922687752,-1.328050210580729,-0.9337170638474517,-11.174782862592357,0.0,0.0,-27.87593356212761,-7.628803172571964,-3.0806134041217943,-6.048967367675871,-4.8001825447446285,-14.246670158238183
1824,350035000016.5947,41,34.9999873847242,35.0,291.9,0,0.0,0.7753603680209535,0.2246396319790464,7.775615774249918e-42,200.0,61.3,-184.1822922687752,-1.328050210580729,-0.9337170638474517,-11.174782862592357,0.0,0.0,-27.87593356212761,-7.628803172571964,-3.0806134041217943,-6.048967367675871,-4.8001825447446285,-14.246670158238183
1825,350035000016.5947,42,34.9999873847242,35.0,291.9,0,0.0,0.7753663349624174,0.22463366503758259,7.386834985537421e-42,200.0,61.3,-184.1822922687752,-1.328050210580729,-0.9337170638474517,-11.174782862592357,0.0,0.0,-27.87593356212761,-7.628803172571964,-3.0806134041217943,-6.048967367675871,-4.8001825447446285,-14.246670158238183
1826,350035000016.5947,43,34.9999873847242,35.0,291.9,0,0.0,0.7753735608412113,0.22462643915878863,7.01749323626055e-42,200.0,61.3,-184.1822922687752,-1.328050210580729,-0.9337170638474517,-11.174782862592357,0.0,0.0,-27.87593356212761,-7.628803172571964,-3.0806134041217943,-6.048967367675871,-4.8001825447446285,-14.246670158238183
1827,350035000016.5947,44,34.9999873847242,35.0,291.9,0,0.0,0.7753786753462436,0.22462132465375642,6.666618574447524e-42,200.0,61.3,-184.1822922687752,-1.328050210580729,-0.9337170638474517,-11.174782862592357,0.0,0.0,-27.87593356212761,-7.628803172571964,-3.0806134041217943,-6.048967367675871,-4.8001825447446285,-14.246670158238183
1828,350035000016.5947,45,34.9999873847242,35.0,291.9,0,0.0,0.775382887155202,0.2246171128447981,6.333287645725148e-42,200.0,61.3,-184.1822922687752,-1.328050210580729,-0.9337170638474517,-11.174782862592357,0.0,0.0,-27.87593356212761,-7.628803172571964,-3.0806134041217943,-6.048967367675871,-4.8001825447446285,-14.246670158238183
1829,350035000016.5947,46,34.9999873847242,35.0,291.9,0,0.0,0.7753856915482589,0.22461430845174116,6.016623263438891e-42,200.0,61.3,-184.1822922687752,-1.328050210580729,-0.9337170638474517,-11.174782862592357,0.0,0.0,-27.87593356212761,-7.628803172571964,-3.0806134041217943,-6.048967367675871,-4.8001825447446285,-14.246670158238183
1830,350035000016.5947,47,34.9999873847242,35.0,291.9,0,0.0,0.7753899111088426,0.22461008889115747,5.715792100266947e-42,200.0,61.3,-184.1822922687752,-1.328050210580729,-0.9337170638474517,-11.174782862592357,0.0,0.0,-27.87593356212761,-7.628803172571964,-3.0806134041217943,-6.048967367675871,-4.8001825447446285,-14.246670158238183
1831,350035000016.5947,48,34.9999873847242,35.0,291.9,0,0.0,0.7753943735698288,0.22460562643017123,5.430002495253599e-42,200.0,61.3,-184.1822922687752,-1.328050210580729,-0.9337170638474517,-11.174782862592357,0.0,0.0,-27.87593356212761,-7.628803172571964,-3.0806134041217943,-6.048967367675871,-4.8001825447446285,-14.246670158238183
1832,350035000016.5947,49,34.9999873847242,35.0,291.9,0,0.0,0.7754040098035853,0.22459599019641474,5.1585023704909187e-42,200.0,61.3,-184.1822922687752,-1.328050210580729,-0.9337170638474517,-11.174782862592357,0.0,0.0,-27.87593356212761,-7.628803172571964,-3.0806134041217943,-6.048967367675871,-4.8001825447446285,-14.246670158238183
1833,350035000016.5947,0,34.9999873847242,35.0,291.9,0,0.0,0.7754136140695094,0.22458638593049066,4.900577251966373e-42,200.0,61.3,-184.1822922687752,-1.328050210580729,-0.9337170638474517,-11.174782862592357,0.0,0.0,-27.87593356212761,-7.628803172571964,-3.0806134041217943,-6.048967367675871,-4.8001825447446285,-14.246670158238183
1834,350035000016.5947,1,34.9999873847242,35.0,291.9,0,0.0,0.7754198960808578,0.2245801039191422,4.655548389368055e-42,200.0,61.3,-184.1822922687752,-1.328050210580729,-0.9337170638474517,-11.174782862592357,0.0,0.0,-27.87593356212761,-7.628803172571964,-3.0806134041217943,-6.048967367675871,-4.8001825447446285,-14.246670158238183
1835,350035000016.5947,2,34.9999873847242,35.0,291.9,0,0.0,0.7754252180231024,0.22457478197689765,4.422770969899652e-42,200.0,61.3,-184.1822922687752,-1.328050210580729,-0.9337170638474517,-11.174782862592357,0.0,0.0,-27.87593356212761,-7.628803172571964,-3.0806134041217943,-6.048967367675871,-4.8001825447446285,-14.246670158238183
1836,350035000016.5947,3,34.9999873847242,35.0,291.9,0,0.0,0.7754290803680602,0.22457091963193976,4.2016324214046694e-42,200.0,61.3,-184.1822922687752,-1.328050210580729,-0.9337170638474517,-11.174782862592357,0.0,0.0,-27.87593356212761,-7.628803172571964,-3.0806134041217943,-6.048967367675871,-4.8001825447446285,-14.246670158238183
1837,350035000016.5947,4,34.9999873847242,35.0,291.9,0,0.0,0.775433201009662,0.2245667989903381,3.991550800334436e-42,200.0,61.3,-184.1822922687752,-1.328050210580729,-0.9337170638474517,-11.174782862592357,0.0,0.0,-27.87593356212761,-7.628803172571964,-3.0806134041217943,-6.048967367675871,-4.8001825447446285,-14.246670158238183
1838,350035000016.5947,5,34.9999873847242,35.0,291.9,0,0.0,0.775435923715176,0.22456407628482394,3.791973260317714e-42,200.0,61.3,-184.1822922687752,-1.328050210580729,-0.9337170638474517,-11.174782862592357,0.0,0.0,-27.87593356212761,-7.628803172571964,-3.0806134041217943,-6.048967367675871,-4.8001825447446285,-14.246670158238183
1839,350035000016.5947,6,34.9999873847242,35.0,291.9,0,0.0,0.775439508960747,0.22456049103925305,3.6023745973018287e-42,200.0,61.3,-184.1822922687752,-1.328050210580729,-0.9337170638474517,-11.174782862592357,0.0,0.0,-27.87593356212761,-7.628803172571964,-3.0806134041217943,-6.048967367675871,-4.8001825447446285,-14.246670158238183
1840,350035000016.5947,7,34.9999873847242,35.0,291.9,0,0.0,0.7754460997845688,0.2245539002154312,3.422255867436737e-42,200.0,61.3,-184.1822922687752,-1.328050210580729,-0.9337170638474517,-11.174782862592357,0.0,0.0,-27.87593356212761,-7.628803172571964,-3.0806134041217943,-6.048967367675871,-4.8001825447446285,-14.246670158238183
1841,350035000016.5947,8,34.9999873847242,35.0,291.9,0,0.0,0.7754549948822895,0.22454500511771053,3.2511430740649e-42,200.0,61.3,-184.1822922687752,-1.328050210580729,-0.9337170638474517,-11.174782862592357,0.0,0.0,-27.87593356212761,-7.628803172571964,-3.0806134041217943,-6.048967367675871,-4.8001825447446285,-14.246670158238183
1842,350035000016.5947,9,34.9999873847242,35.0,291.9,0,0.0,0.7754611614799626,0.22453883852003748,3.088585920361655e-42,200.0,61.3,-184.1822922687752,-1.328050210580729,-0.9337170638474517,-11.174782862592357,0.0,0.0,-27.87593356212761,-7.628803172571964,-3.0806134041217943,-6.048967367675871,-4.8001825447446285,-14.246670158238183
1843,350035000016.5947,10,34.9999873847242,35.0,291.9,0,0.0,0.7754658297730431,0.2245341702269569,2.934156624343572e-42,200.0,61.3,-184.1822922687752,-1.328050210580729,-0.9337170638474517,-11.174782862592357,0.0,0.0,-27.87593356212761,-7.628803172571964,-3.0806134041217943,-6.048967367675871,-4.8001825447446285,-14.246670158238183
1844,350035000016.5947,11,34.9999873847242,35.0,291.9,0,0.0,0.7754707127814575,0.22452928721854248,2.7874487931263933e-42,200.0,61.3,-184.1822922687752,-1.328050210580729,-0.9337170638474517,-11.174782862592357,0.0,0.0,-27.87593356212761,-7.628803172571964,-3.0806134041217943,-6.048967367675871,-4.8001825447446285,-14.246670158238183
1845,350035000016.5947,12,34.9999873847242,35.0,291.9,0,0.0,0.775476344516425,0.22452365548357503,2.648076353470074e-42,200.0,61.3,-184.1822922687752,-1.328050210580729,-0.9337170638474517,-11.174782862592357,0.0,0.0,-27.87593356212761,-7.628803172571964,-3.0806134041217943,-6.048967367675871,-4.8001825447446285,-14.246670158238183
1846,350035000016.5947,13,34.9999873847242,35.0,291.9,0,0.0,0.7754810515397506,0.22451894846024942,2.51567253579657e-42,200.0,61.3,-184.1822922687752,-1.328050210580729,-0.9337170638474517,-11.174782862592357,0.0,0.0,-27.87593356212761,-7.628803172571964,-3.0806134041217943,-6.048967367675871,-4.8001825447446285,-14.246670158238183
1847,350035000016.5947,14,34.9999873847242,35.0,291.9,0,0.0,0.7754870593819289,0.22451294061807114,2.3898889090067415e-42,200.0,61.3,-184.1822922687752,-1.328050210580729,-0.9337170638474517,-11.174782862592357,0.0,0.0,-27.87593356212761,-7.628803172571964,-3.0806134041217943,-6.048967367675871,-4.8001825447446285,-14.246670158238183
1848,350035000016.5947,15,34.9999873847242,35.0,291.9,0,0.0,0.7754926683101813,0.2245073316898188,2.2703944635564047e-42,200.0,61.3,-184.1822922687752,-1.328050210580729,-0.9337170638474517,-11.174782862592357,0.0,0.0,-27.87593356212761,-7.628803172571964,-3.0806134041217943,-6.048967367675871,-4.8001825447446285,-14.246670158238183
1849,350035000016.5947,16,34.9999873847242,35.0,291.9,0,0.0,0.7754973543476998,0.22450264565230016,2.1568747403785843e-42,200.0,61.3,-184.1822922687752,-1.328050210580729,-0.9337170638474517,-11.174782862592357,0.0,0.0,-27.87593356212761,-7.628803172571964,-3.0806134041217943,-6.048967367675871,-4.8001825447446285,-14.246670158238183
1850,350035000016.5947,17,34.9999873847242,35.0,291.9,0,0.0,0.7755000766162357,0.22449992338376432,2.049031003359655e-42,200.0,61.3,-184.1822922687752,-1.328050210580729,-0.9337170638474517,-11.174782862592357,0.0,0.0,-27.87593356212761,-7.628803172571964,-3.0806134041217943,-6.048967367675871,-4.8001825447446285,-14.246670158238183
1851,350035000016.5947,18,34.9999873847242,35.0,291.9,0,0.0,0.7754993035450096,0.22450069645499035,1.9465794531916723e-42,200.0,61.3,-184.1822922687752,-1.328050210580729,-0.9337170638474517,-11.174782862592357,0.0,0.0,-27.87593356212761,-7.628803172571964,-3.0806134041217943,-6.048967367675871,-4.8001825447446285,-14.246670158238183
1852,350035000016.5947,19,34.9999873847242,35.0,291.9,0,0.0,0.7754984739058607,0.22450152609413937,1.8492504805320888e-42,200.0,61.3,-184.1822922687752,-1.328050210580729,-0.9337170638474517,-11.174782862592357,0.0,0.0,-27.87593356212761,-7.628803172571964,-3.0806134041217943,-6.048967367675871,-4.8001825447446285,-14.246670158238183
1853,350035000016.5947,20,34.9999873847242,35.0,291.9,0,0.0,0.7754981338426672,0.22450186615733286,1.7567879565054846e-42,200.0,61.3,-184.1822922687752,-1.328050210580729,-0.9337170638474517,-11.174782862592357,0.0,0.0,-27.87593356212761,-7.628803172571964,-3.0806134041217943,-6.048967367675871,-4.8001825447446285,-14.246670158238183
1854,350035000016.5947,21,34.9999873847242,35.0,291.9,0,0.0,0.7754960865871033,0.22450391341289677,1.6689485586802103e-42,200.0,61.3,-184.1822922687752,-1.328050210580729,-0.9337170638474517,-11.174782862592357,0.0,0.0,-27.87593356212761,-7.628803172571964,-3.0806134041217943,-6.048967367675871,-4.8001825447446285,-14.246670158238183
1855,350035000016.5947,22,34.9999873847242,35.0,291.9,0,0.0,0.7754945900662745,0.22450540993372553,1.5855011307462e-42,200.0,61.3,-184.1822922687752,-1.328050210580729,-0.9337170638474517,-11.174782862592357,0.0,0.0,-27.87593356212761,-7.628803172571964,-3.0806134041217943,-6.048967367675871,-4.8001825447446285,-14.246670158238183
1856,350035000016.5947,23,34.9999873847242,35.0,291.9,0,0.0,0.7754941585853565,0.2245058414146435,1.50622607420889e-42,200.0,61.3,-184.1822922687752,-1.328050210580729,-0.9337170638474517,-11.174782862592357,0.0,0.0,-27.87593356212761,-7.628803172571964,-3.0806134041217943,-6.048967367675871,-4.8001825447446285,-14.246670158238183
1857,350035000016.5947,24,34.9999873847242,35.0,291.9,0,0.0,0.7754925695101997,0.2245074304898003,1.4309147704984453e-42,200.0,61.3,-184.1822922687752,-1.328050210580729,-0.9337170638474517,-11.174782862592357,0.0,0.0,-27.87593356212761,-7.628803172571964,-3.0806134041217943,-6.048967367675871,-4.8001825447446285,-14.246670158238183
1858,350035000016.5947,25,34.9999873847242,35.0,291.9,0,0.0,0.7754915073795914,0.2245084926204086,1.3593690319735229e-42,200.0,61.3,-184.1822922687752,-1.328050210580729,-0.9337170638474517,-11.174782862592357,0.0,0.0,-27.87593356212761,-7.628803172571964,-3.0806134041217943,-6.048967367675871,-4.8001825447446285,-14.246670158238183
1859,350035000016.5947,26,34.9999873847242,35.0,291.9,0,0.0,0.775493110940143,0.22450688905985716,1.291400580374847e-42,200.0,61.3,-184.1822922687752,-1.328050210580729,-0.9337170638474517,-11.174782862592357,0.0,0.0,-27.87593356212761,-7.628803172571964,-3.0806134041217943,-6.048967367675871,-4.8001825447446285,-14.246670158238183
1860,350035000016.5947,27,34.9999873847242,35.0,291.9,0,0.0,0.7754950795069648,0.2245049204930352,1.2268305513561047e-42,200.0,61.3,-184.1822922687752,-1.328050210580729,-0.9337170638474517,-11.174782862592357,0.0,0.0,-27.87593356212761,-7.628803172571964,-3.0806134041217943,-6.048967367675871,-4.8001825447446285,-14.246670158238183
1861,350035000016.5947,28,34.9999873847242,35.0,291.9,0,0.0,0.775497934987563,0.22450206501243697,1.1654890237882995e-42,200.0,61.3,-184.1822922687752,-1.328050210580729,-0.9337170638474517,-11.174782862592357,0.0,0.0,-27.87593356212761,-7.628803172571964,-3.0806134041217943,-6.048967367675871,-4.8001825447446285,-14.246670158238183
1862,350035000016.5947,29,34.9999873847242,35.0,291.9,0,0.0,0.77549947041261,0.22450052958739003,1.1072145725988847e-42,200.0,61.3,-184.1822922687752,-1.328050210580729,-0.9337170638474517,-11.174782862592357,0.0,0.0,-27.87593356212761,-7.628803172571964,-3.0806134041217943,-6.048967367675871,-4.8001825447446285,-14.246670158238183
1863,350035000016.5947,30,34.9999873847242,35.0,291.9,0,0.0,0.7755019134745749,0.22449808652542513,1.0518538439689404e-42,200.0,61.3,-184.1822922687752,-1.328050210580729,-0.9337170638474517,-11.174782862592357,0.0,0.0,-27.87593356212761,-7.628803172571964,-3.0806134041217943,-6.048967367675871,-4.8001825447446285,-14.246670158238183
1864,350035000016.5947,31,34.9999873847242,35.0,291.9,0,0.0,0.7755052176091543,0.2244947823908458,9.992611517704935e-43,200.0,61.3,-184.1822922687752,-1.328050210580729,-0.9337170638474517,-11.174782862592357,0.0,0.0,-27.87593356212761,-7.628803172571964,-3.0806134041217943,-6.048967367675871,-4.8001825447446285,-14.246670158238183
1865,350035000016.5947,32,34.9999873847242,35.0,291.9,0,0.0,0.775509338582389,0.22449066141761098,9.492980941819688e-43,200.0,61.3,-184.1822922687752,-1.328050210580729,-0.9337170638474517,-11.174782862592357,0.0,0.0,-27.87593356212761,-7.628803172571964,-3.0806134041217943,-6.048967367675871,-4.8001825447446285,-14.246670158238183
1866,350035000016.5947,33,34.9999873847242,35.0,291.9,0,0.0,0.7755126172003908,0.22448738279960917,9.018331894728702e-43,200.0,61.3,-184.1822922687752,-1.328050210580729,-0.9337170638474517,-11.174782862592357,0.0,0.0,-27.87593356212761,-7.628803172571964,-3.0806134041217943,-6.048967367675871,-4.8001825447446285,-14.246670158238183
1867,350035000016.5947,34,34.9999873847242,35.0,291.9,0,0.0,0.7755145573281886,0.2244854426718114,8.567415299992269e-43,200.0,61.3,-184.1822922687752,-1.328050210580729,-0.9337170638474517,-11.174782862592357,0.0,0.0,-27.87593356212761,-7.628803172571964,-3.0806134041217943,-6.048967367675871,-4.8001825447446285,-14.246670158238183
1868,350035000016.5947,35,34.9999873847242,35.0,291.9,0,0.0,0.7755146882644091,0.2244853117355909,8.139044534992654e-43,200.0,61.3,-184.1822922687752,-1.328050210580729,-0.9337170638474517,-11.174782862592357,0.0,0.0,-27.87593356212761,-7.628803172571964,-3.0806134041217943,-6.048967367675871,-4.8001825447446285,-14.246670158238183
1869,350035000016.5947,36,34.9999873847242,35.0,291.9,0,0.0,0.7755163326272638,0.22448366737273612,7.73209230824302e-43,200.0,61.3,-184.1822922687752,-1.328050210580729,-0.9337170638474517,-11.174782862592357,0.0,0.0,-27.87593356212761,-7.628803172571964,-3.0806134041217943,-6.048967367675871,-4.8001825447446285,-14.246670158238183
1870,350035000016.5947,37,34.9999873847242,35.0,291.9,0,0.0,0.7755177988190447,0.22448220118095527,7.345487692830868e-43,200.0,61.3,-184.1822922687752,-1.328050210580729,-0.9337170638474517,-11.174782862592357,0.0,0.0,-27.87593356212761,-7.628803172571964,-3.0806134041217943,-6.048967367675871,-4.8001825447446285,-14.246670158238183
1871,350035000016.5947,38,34.9999873847242,35.0,291.9,0,0.0,0.7755180202286427,0.22448197977135728,6.9782133081893246e-43,200.0,61.3,-184.1822922687752,-1.328050210580729,-0.9337170638474517,-11.174782862592357,0.0,0.0,-27.87593356212761,-7.628803172571964,-3.0806134041217943,-6.048967367675871,-4.8001825447446285,-14.246670158238183
1872,350035000016.5947,39,34.9999873847242,35.0,291.9,0,0.0,0.7755208227516456,0.22447917724835448,6.629302642779859e-43,200.0,61.3,-184.1822922687752,-1.328050210580729,-0.9337170638474517,-11.174782862592357,0.0,0.0,-27.87593356212761,-7.628803172571964,-3.0806134041217943,-6.048967367675871,-4.8001825447446285,-14.246670158238183
1873,350035000016.5947,40,34.9999873847242,35.0,291.9,0,0.0,0.775523925739097,0.22447607426090307,6.2978375106408654e-43,200.0,61.3,-184.1822922687752,-1.328050210580729,-0.9337170638474517,-11.174782862592357,0.0,0.0,-27.87593356212761,-7.628803172571964,-3.0806134041217943,-6.048967367675871,-4.8001825447446285,-14.246670158238183
1874,350035000016.5947,41,34.9999873847242,35.0,291.9,0,0.0,0.7755246294793827,0.2244753705206174,5.982945635108822e-43,200.0,61.3,-184.1822922687752,-1.328050210580729,-0.9337170638474517,-11.174782862592357,0.0,0.0,-27.87593356212761,-7.628803172571964,-3.0806134041217943,-6.048967367675871,-4.8001825447446285,-14.246670158238183
1875,350035000016.5947,42,34.9999873847242,35.0,291.9,0,0.0,0.7755225188852145,0.22447748111478555,5.683798353353381e-43,200.0,61.3,-184.1822922687752,-1.328050210580729,-0.9337170638474517,-11.174782862592357,0.0,0.0,-27.87593356212761,-7.628803172571964,-3.0806134041217943,-6.048967367675871,-4.8001825447446285,-14.246670158238183
1876,350035000016.5947,43,34.9999873847242,35.0,291.9,0,0.0,0.7755220293675638,0.22447797063243632,5.3996084356857115e-43,200.0,61.3,-184.1822922687752,-1.328050210580729,-0.9337170638474517,-11.174782862592357,0.0,0.0,-27.87593356212761,-7.628803172571964,-3.0806134041217943,-6.048967367675871,-4.8001825447446285,-14.246670158238183
1877,350035000016.5947,44,34.9999873847242,35.0,291.9,0,0.0,0.7755236139951796,0.22447638600482056,5.1296280139014254e-43,200.0,61.3,-184.1822922687752,-1.328050210580729,-0.9337170638474517,-11.174782862592357,0.0,0.0,-27.87593356212761,-7.628803172571964,-3.0806134041217943,-6.048967367675871,-4.8001825447446285,-14.246670158238183
1878,350035000016.5947,45,34.9999873847242,35.0,291.9,0,0.0,0.775523416317838,0.22447658368216206,4.873146613206354e-43,200.0,61.3,-184.1822922687752,-1.328050210580729,-0.9337170638474517,-11.174782862592357,0.0,0.0,-27.87593356212761,-7.628803172571964,-3.0806134041217943,-6.048967367675871,-4.8001825447446285,-14.246670158238183
1879,350035000016.5947,46,34.9999873847242,35.0,291.9,0,0.0,0.7755231337609955,0.22447686623900465,4.629489282546036e-43,200.0,61.3,-184.1822922687752,-1.328050210580729,-0.9337170638474517,-11.174782862592357,0.0,0.0,-27.87593356212761,-7.628803172571964,-3.0806134041217943,-6.048967367675871,-4.8001825447446285,-14.246670158238183
1880,350035000016.5947,47,34.9999873847242,35.0,291.9,0,0.0,0.7755222353648248,0.22447776463517533,4.3980148184187335e-43,200.0,61.3,-184.1822922687752,-1.328050210580729,-0.9337170638474517,-11.174782862592357,0.0,0.0,-27.87593356212761,-7.628803172571964,-3.0806134041217943,-6.048967367675871,-4.8001825447446285,-14.246670158238183
1881,350035000016.5947,48,34.9999873847242,35.0,291.9,0,0.0,0.7755223576171544,0.2244776423828457,4.178114077497797e-43,200.0,61.3,-184.1822922687752,-1.328050210580729,-0.9337170638474517,-11.174782862592357,0.0,0.0,-27.87593356212761,-7.628803172571964,-3.0806134041217943,-6.048967367675871,-4.8001825447446285,-14.246670158238183
1882,350035000016.5947,49,34.9999873847242,35.0,291.9,0,0.0,0.7755218443046602,0.2244781556953398,3.969208373622906e-43,200.0,61.3,-184.1822922687752,-1.328050210580729,-0.9337170638474517,-11.174782862592357,0.0,0.0,-27.87593356212761,-7.628803172571964,-3.0806134041217943,-6.048967367675871,-4.8001825447446285,-14.246670158238183
1883,350035000016.5947,0,34.9999873847242,35.0,291.9,0,0.0,0.7755207278261825,0.22447927217381744,3.770747954941761e-43,200.0,61.3,-184.1822922687752,-1.328050210580729,-0.9337170638474517,-11.174782862592357,0.0,0.0,-27.87593356212761,-7.628803172571964,-3.0806134041217943,-6.048967367675871,-4.8001825447446285,-14.246670158238183
1884,350035000016.5947,1,34.9999873847242,35.0,291.9,0,0.0,0.775520641526942,0.224479358473058,3.5822105571946725e-43,200.0,61.3,-184.1822922687752,-1.328050210580729,-0.9337170638474517,-11.174782862592357,0.0,0.0,-27.87593356212761,-7.628803172571964,-3.0806134041217943,-6.048967367675871,-4.8001825447446285,-14.246670158238183
1885,350035000016.5947,2,34.9999873847242,35.0,291.9,0,0.0,0.7755209989378848,0.22447900106211513,3.4031000293349386e-43,200.0,61.3,-184.1822922687752,-1.328050210580729,-0.9337170638474517,-11.174782862592357,0.0,0.0,-27.87593356212761,-7.628803172571964,-3.0806134041217943,-6.048967367675871,-4.8001825447446285,-14.246670158238183
1886,350035000016.5947,3,34.9999873847242,35.0,291.9,0,0.0,0.775521777381564,0.224478222618436,3.2329450278681918e-43,200.0,61.3,-184.1822922687752,-1.328050210580729,-0.9337170638474517,-11.174782862592357,0.0,0.0,-27.87593356212761,-7.628803172571964,-3.0806134041217943,-6.048967367675871,-4.8001825447446285,-14.246670158238183
1887,350035000016.5947,4,34.9999873847242,35.0,291.9,0,0.0,0.7755218888555727,0.22447811114442728,3.071297776474782e-43,200.0,61.3,-184.1822922687752,-1.328050210580729,-0.9337170638474517,-11.174782862592357,0.0,0.0,-27.87593356212761,-7.628803172571964,-3.0806134041217943,-6.048967367675871,-4.8001825447446285,-14.246670158238183
1888,350035000016.5947,5,34.9999873847242,35.0,291.9,0,0.0,0.7755229662385872,0.22447703376141281,2.917732887651043e-43,200.0,61.3,-184.1822922687752,-1.328050210580729,-0.9337170638474517,-11.174782862592357,0.0,0.0,-27.87593356212761,-7.628803172571964,-3.0806134041217943,-6.048967367675871,-4.8001825447446285,-14.246670158238183
1889,350035000016.5947,6,34.9999873847242,35.0,291.9,0,0.0,0.775524427497464,0.22447557250253608,2.771846243268491e-43,200.0,61.3,-184.1822922687752,-1.328050210580729,-0.9337170638474517,-11.174782862592357,0.0,0.0,-27.87593356212761,-7.628803172571964,-3.0806134041217943,-6.048967367675871,-4.8001825447446285,-14.246670158238183
1890,350035000016.5947,7,34.9999873847242,35.0,291.9,0,0.0,0.7755262529493978,0.22447374705060216,2.6332539311050666e-43,200.0,61.3,-184.1822922687752,-1.328050210580729,-0.9337170638474517,-11.174782862592357,0.0,0.0,-27.87593356212761,-7.628803172571964,-3.0806134041217943,-6.048967367675871,-4.8001825447446285,-14.246670158238183
1891,350035000016.5947,8,34.9999873847242,35.0,291.9,0,0.0,0.7755289558586831,0.22447104414131688,2.501591234549813e-43,200.0,61.3,-184.1822922687752,-1.328050210580729,-0.9337170638474517,-11.174782862592357,0.0,0.0,-27.87593356212761,-7.628803172571964,-3.0806134041217943,-6.048967367675871,-4.8001825447446285,-14.246670158238183
1892,350035000016.5947,9,34.9999873847242,35.0,291.9,0,0.0,0.7755282372838382,0.2244717627161617,2.3765116728223222e-43,200.0,61.3,-184.1822922687752,-1.328050210580729,-0.9337170638474517,-11.174782862592357,0.0,0.0,-27.87593356212761,-7.628803172571964,-3.0806134041217943,-6.048967367675871,-4.8001825447446285,-14.246670158238183
1893,350035000016.5947,10,34.9999873847242,35.0,291.9,0,0.0,0.7755279922992948,0.22447200770070516,2.257686089181206e-43,200.0,61.3,-184.1822922687752,-1.328050210580729,-0.9337170638474517,-11.174782862592357,0.0,0.0,-27.87593356212761,-7.628803172571964,-3.0806134041217943,-6.048967367675871,-4.8001825447446285,-14.246670158238183
1894,350035000016.5947,11,34.9999873847242,35.0,291.9,0,0.0,0.7755292591886805,0.2244707408113195,2.144801784722146e-43,200.0,61.3,-184.1822922687752,-1.328050210580729,-0.9337170638474517,-11.174782862592357,0.0,0.0,-27.87593356212761,-7.628803172571964,-3.0806134041217943,-6.048967367675871,-4.8001825447446285,-14.246670158238183
1895,350035000016.5947,12,34.9999873847242,35.0,291.9,0,0.0,0.7755298369690462,0.2244701630309538,2.0375616954860385e-43,200.0,61.3,-184.1822922687752,-1.328050210580729,-0.9337170638474517,-11.174782862592357,0.0,0.0,-27.87593356212761,-7.628803172571964,-3.0806134041217943,-6.048967367675871,-4.8001825447446285,-14.246670158238183
1896,350035000016.5947,13,34.9999873847242,35.0,291.9,0,0.0,0.7755318832698626,0.2244681167301374,1.9356836107117365e-43,200.0,61.3,-184.1822922687752,-1.328050210580729,-0.9337170638474517,-11.174782862592357,0.0,0.0,-27.87593356212761,-7.628803172571964,-3.0806134041217943,-6.048967367675871,-4.8001825447446285,-14.246670158238183
1897,350035000016.5947,14,34.9999873847242,35.0,291.9,0,0.0,0.7755369131999854,0.2244630868000147,1.83889943017615e-43,200.0,61.3,-184.1822922687752,-1.328050210580729,-0.9337170638474517,-11.174782862592357,0.0,0.0,-27.87593356212761,-7.628803172571964,-3.0806134041217943,-6.048967367675871,-4.8001825447446285,-14.246670158238183
1898,350035000016.5947,15,34.9999873847242,35.0,291.9,0,0.0,0.7755415949082625,0.22445840509173764,1.7469544586673425e-43,200.0,61.3,-184.1822922687752,-1.328050210580729,-0.9337170638474517,-11.174782862592357,0.0,0.0,-27.87593356212761,-7.628803172571964,-3.0806134041217943,-6.048967367675871,-4.8001825447446285,-14.246670158238183
1899,350035000016.5947,16,34.9999873847242,35.0,291.9,0,0.0,0.7755454163553794,0.22445458364462043,1.659606735733975e-43,200.0,61.3,-184.1822922687752,-1.328050210580729,-0.9337170638474517,-11.174782862592357,0.0,0.0,-27.87593356212761,-7.628803172571964,-3.0806134041217943,-6.048967367675871,-4.8001825447446285,-14.246670158238183
1900,350035000016.5947,17,34.9999873847242,35.0,291.9,0,0.0,0.7755478918166548,0.22445210818334524,1.5766263989472765e-43,200.0,61.3,-184.1822922687752,-1.328050210580729,-0.9337170638474517,-11.174782862592357,0.0,0.0,-27.87593356212761,-7.628803172571964,-3.0806134041217943,-6.048967367675871,-4.8001825447446285,-14.246670158238183
1901,350035000016.5947,18,34.9999873847242,35.0,291.9,0,0.0,0.7755475019859832,0.22445249801401684,1.4977950789999127e-43,200.0,61.3,-184.1822922687752,-1.328050210580729,-0.9337170638474517,-11.174782862592357,0.0,0.0,-27.87593356212761,-7.628803172571964,-3.0806134041217943,-6.048967367675871,-4.8001825447446285,-14.246670158238183
1902,350035000016.5947,19,34.9999873847242,35.0,291.9,0,0.0,0.7755470375063717,0.22445296249362834,1.422905325049917e-43,200.0,61.3,-184.1822922687752,-1.328050210580729,-0.9337170638474517,-11.174782862592357,0.0,0.0,-27.87593356212761,-7.628803172571964,-3.0806134041217943,-6.048967367675871,-4.8001825447446285,-14.246670158238183
1903,350035000016.5947,20,34.9999873847242,35.0,291.9,0,0.0,0.7755443870193915,0.22445561298060845,1.351760058797421e-43,200.0,61.3,-184.1822922687752,-1.328050210580729,-0.9337170638474517,-11.174782862592357,0.0,0.0,-27.87593356212761,-7.628803172571964,-3.0806134041217943,-6.048967367675871,-4.8001825447446285,-14.246670158238183
1904,350035000016.5947,21,34.9999873847242,35.0,291.9,0,0.0,0.7755417762019194,0.22445822379808056,1.2841720558575498e-43,200.0,61.3,-184.1822922687752,-1.328050210580729,-0.9337170638474517,-11.174782862592357,0.0,0.0,-27.87593356212761,-7.628803172571964,-3.0806134041217943,-6.048967367675871,-4.8001825447446285,-14.246670158238183
1905,350035000016.5947,22,34.9999873847242,35.0,291.9,0,0.0,0.7755381464492582,0.22446185355074183,1.2199634530646724e-43,200.0,61.3,-184.1822922687752,-1.328050210580729,-0.9337170638474517,-11.174782862592357,0.0,0.0,-27.87593356212761,-7.628803172571964,-3.0806134041217943,-6.048967367675871,-4.8001825447446285,-14.246670158238183
1906,350035000016.5947,23,34.9999873847242,35.0,291.9,0,0.0,0.7755340779264227,0.22446592207357735,1.1589652804114388e-43,200.0,61.3,-184.1822922687752,-1.328050210580729,-0.9337170638474517,-11.174782862592357,0.0,0.0,-27.87593356212761,-7.628803172571964,-3.0806134041217943,-6.048967367675871,-4.8001825447446285,-14.246670158238183
1907,350035000016.5947,24,34.9999873847242,35.0,291.9,0,0.0,0.7755295931758397,0.22447040682416036,1.101017016390867e-43,200.0,61.3,-184.1822922687752,-1.328050210580729,-0.9337170638474517,-11.174782862592357,0.0,0.0,-27.87593356212761,-7.628803172571964,-3.0806134041217943,-6.048967367675871,-4.8001825447446285,-14.246670158238183
1908,350035000016.5947,25,34.9999873847242,35.0,291.9,0,0.0,0.7755252412795017,0.2244747587204983,1.0459661655713236e-43,200.0,61.3,-184.1822922687752,-1.328050210580729,-0.9337170638474517,-11.174782862592357,0.0,0.0,-27.87593356212761,-7.628803172571964,-3.0806134041217943,-6.048967367675871,-4.8001825447446285,-14.246670158238183
1909,350035000016.5947,26,34.9999873847242,35.0,291.9,0,0.0,0.7755225976671714,0.2244774023328287,9.936678572927573e-44,200.0,61.3,-184.1822922687752,-1.328050210580729,-0.9337170638474517,-11.174782862592357,0.0,0.0,-27.87593356212761,-7.628803172571964,-3.0806134041217943,-6.048967367675871,-4.8001825447446285,-14.246670158238183
1910,350035000016.5947,27,34.9999873847242,35.0,291.9,0,0.0,0.775519994229421,0.22448000577057908,9.439844644281196e-44,200.0,61.3,-184.1822922687752,-1.328050210580729,-0.9337170638474517,-11.174782862592357,0.0,0.0,-27.87593356212761,-7.628803172571964,-3.0806134041217943,-6.048967367675871,-4.8001825447446285,-14.246670158238183
1911,350035000016.5947,28,34.9999873847242,35.0,291.9,0,0.0,0.775517955767062,0.22448204423293813,8.967852412067136e-44,200.0,61.3,-184.1822922687752,-1.328050210580729,-0.9337170638474517,-11.174782862592357,0.0,0.0,-27.87593356212761,-7.628803172571964,-3.0806134041217943,-6.048967367675871,-4.8001825447446285,-14.246670158238183
1912,350035000016.5947,29,34.9999873847242,35.0,291.9,0,0.0,0.7755122412978784,0.22448775870212162,8.519459791463779e-44,200.0,61.3,-184.1822922687752,-1.328050210580729,-0.9337170638474517,-11.174782862592357,0.0,0.0,-27.87593356212761,-7.628803172571964,-3.0806134041217943,-6.048967367675871,-4.8001825447446285,-14.246670158238183
1913,350035000016.5947,30,34.9999873847242,35.0,291.9,0,0.0,0.7755067224527835,0.22449327754721643,8.09348680189059e-44,200.0,61.3,-184.1822922687752,-1.328050210580729,-0.9337170638474517,-11.174782862592357,0.0,0.0,-27.87593356212761,-7.628803172571964,-3.0806134041217943,-6.048967367675871,-4.8001825447446285,-14.246670158238183
1914,350035000016.5947,31,34.9999873847242,35.0,291.9,0,0.0,0.7755019156586227,0.22449808434137725,7.68881246179606e-44,200.0,61.3,-184.1822922687752,-1.328050210580729,-0.9337170638474517,-11.174782862592357,0.0,0.0,-27.87593356212761,-7.628803172571964,-3.0806134041217943,-6.048967367675871,-4.8001825447446285,-14.246670158238183
1915,350035000016.5947,32,34.9999873847242,35.0,291.9,0,0.0,0.7754962072968237,0.2245037927031763,7.304371838706257e-44,200.0,61.3,-184.1822922687752,-1.328050210580729,-0.9337170638474517,-11.174782862592357,0.0,0.0,-27.87593356212761,-7.628803172571964,-3.0806134041217943,-6.048967367675871,-4.8001825447446285,-14.246670158238183
1916,350035000016.5947,33,34.9999873847242,35.0,291.9,0,0.0,0.7754912204136462,0.2245087795863538,6.939153246770944e-44,200.0,61.3,-184.1822922687752,-1.328050210580729,-0.9337170638474517,-11.174782862592357,0.0,0.0,-27.87593356212761,-7.628803172571964,-3.0806134041217943,-6.048967367675871,-4.8001825447446285,-14.246670158238183
1917,350035000016.5947,34,34.9999873847242,35.0,291.9,0,0.0,0.7754884941645444,0.2245115058354556,6.592195584432397e-44,200.0,61.3,-184.1822922687752,-1.328050210580729,-0.9337170638474517,-11.174782862592357,0.0,0.0,-27.87593356212761,-7.628803172571964,-3.0806134041217943,-6.048967367675871,-4.8001825447446285,-14.246670158238183
1918,350035000016.5947,35,34.9999873847242,35.0,291.9,0,0.0,0.7754831885050169,0.22451681149498312,6.262585805210777e-44,200.0,61.3,-184.1822922687752,-1.328050210580729,-0.9337170638474517,-11.174782862592357,0.0,0.0,-27.87593356212761,-7.628803172571964,-3.0806134041217943,-6.048967367675871,-4.8001825447446285,-14.246670158238183
1919,350035000016.5947,36,34.9999873847242,35.0,291.9,0,0.0,0.7754785836602177,0.22452141633978234,5.949456514950239e-44,200.0,61.3,-184.1822922687752,-1.328050210580729,-0.9337170638474517,-11.174782862592357,0.0,0.0,-27.87593356212761,-7.628803172571964,-3.0806134041217943,-6.048967367675871,-4.8001825447446285,-14.246670158238183
1920,350035000016.5947,37,34.9999873847242,35.0,291.9,0,0.0,0.7754735950733311,0.22452640492666884,5.651983689202727e-44,200.0,61.3,-184.1822922687752,-1.328050210580729,-0.9337170638474517,-11.174782862592357,0.0,0.0,-27.87593356212761,-7.628803172571964,-3.0806134041217943,-6.048967367675871,-4.8001825447446285,-14.246670158238183
1921,350035000016.5947,38,34.9999873847242,35.0,291.9,0,0.0,0.7754692910956775,0.22453070890432258,5.369384504742592e-44,200.0,61.3,-184.1822922687752,-1.328050210580729,-0.9337170638474517,-11.174782862592357,0.0,0.0,-27.87593356212761,-7.628803172571964,-3.0806134041217943,-6.048967367675871,-4.8001825447446285,-14.246670158238183
1922,350035000016.5947,39,34.9999873847242,35.0,291.9,0,0.0,0.7754651130531676,0.22453488694683252,5.100915279505462e-44,200.0,61.3,-184.1822922687752,-1.328050210580729,-0.9337170638474517,-11.174782862592357,0.0,0.0,-27.87593356212761,-7.628803172571964,-3.0806134041217943,-6.048967367675871,-4.8001825447446285,-14.246670158238183
1923,350035000016.5947,40,34.9999873847242,35.0,291.9,0,0.0,0.7754573878819088,0.22454261211809123,4.845869515530188e-44,200.0,61.3,-184.1822922687752,-1.328050210580729,-0.9337170638474517,-11.174782862592357,0.0,0.0,-27.87593356212761,-7.628803172571964,-3.0806134041217943,-6.048967367675871,-4.8001825447446285,-14.246670158238183
1924,350035000016.5947,41,34.9999873847242,35.0,291.9,0,0.0,0.7754494380519026,0.22455056194809742,4.603576039753679e-44,200.0,61.3,-184.1822922687752,-1.328050210580729,-0.9337170638474517,-11.174782862592357,0.0,0.0,-27.87593356212761,-7.628803172571964,-3.0806134041217943,-6.048967367675871,-4.8001825447446285,-14.246670158238183
1925,350035000016.5947,42,34.9999873847242,35.0,291.9,0,0.0,0.7754417988619411,0.2245582011380589,4.373397237765995e-44,200.0,61.3,-184.1822922687752,-1.328050210580729,-0.9337170638474517,-11.174782862592357,0.0,0.0,-27.87593356212761,-7.628803172571964,-3.0806134041217943,-6.048967367675871,-4.8001825447446285,-14.246670158238183
1926,350035000016.5947,43,34.9999873847242,35.0,291.9,0,0.0,0.775434978044243,0.22456502195575698,4.1547273758776953e-44,200.0,61.3,-184.1822922687752,-1.328050210580729,-0.9337170638474517,-11.174782862592357,0.0,0.0,-27.87593356212761,-7.628803172571964,-3.0806134041217943,-6.048967367675871,-4.8001825447446285,-14.246670158238183
1927,350035000016.5947,44,34.9999873847242,35.0,291.9,0,0.0,0.7754273654774589,0.22457263452254106,3.9469910070838105e-44,200.0,61.3,-184.1822922687752,-1.328050210580729,-0.9337170638474517,-11.174782862592357,0.0,0.0,-27.87593356212761,-7.628803172571964,-3.0806134041217943,-6.048967367675871,-4.8001825447446285,-14.246670158238183
1928,350035000016.5947,45,34.9999873847242,35.0,291.9,0,0.0,0.775421092540177,0.22457890745982298,3.7496414567296197e-44,200.0,61.3,-184.1822922687752,-1.328050210580729,-0.9337170638474517,-11.174782862592357,0.0,0.0,-27.87593356212761,-7.628803172571964,-3.0806134041217943,-6.048967367675871,-4.8001825447446285,-14.246670158238183
1929,350035000016.5947,46,34.9999873847242,35.0,291.9,0,0.0,0.7754150464894974,0.2245849535105025,3.5621593838931384e-44,200.0,61.3,-184.1822922687752,-1.328050210580729,-0.9337170638474517,-11.174782862592357,0.0,0.0,-27.87593356212761,-7.628803172571964,-3.0806134041217943,-6.048967367675871,-4.8001825447446285,-14.246670158238183
1930,350035000016.5947,47,34.9999873847242,35.0,291.9,0,0.0,0.775407127423655,0.22459287257634492,3.3840514146984815e-44,200.0,61.3,-184.1822922687752,-1.328050210580729,-0.9337170638474517,-11.174782862592357,0.0,0.0,-27.87593356212761,-7.628803172571964,-3.0806134041217943,-6.048967367675871,-4.8001825447446285,-14.246670158238183
1931,350035000016.5947,48,34.9999873847242,35.0,291.9,0,0.0,0.7753979527408134,0.2246020472591867,3.2148488439635577e-44,200.0,61.3,-184.1822922687752,-1.328050210580729,-0.9337170638474517,-11.174782862592357,0.0,0.0,-27.87593356212761,-7.628803172571964,-3.0806134041217943,-6.048967367675871,-4.8001825447446285,-14.246670158238183
1932,350035000016.5947,49,34.9999873847242,35.0,291.9,0,0.0,0.7753912390936761,0.2246087609063238,3.05410640176538e-44,200.0,61.3,-184.1822922687752,-1.328050210580729,-0.9337170638474517,-11.174782862592357,0.0,0.0,-27.87593356212761,-7.628803172571964,-3.0806134041217943,-6.048967367675871,-4.8001825447446285,-14.246670158238183
1933,350035000016.5947,0,34.9999873847242,35.0,291.9,0,0.0,0.7753837326506626,0.22461626734933732,2.9014010816771107e-44,200.0,61.3,-184.1822922687752,-1.328050210580729,-0.9337170638474517,-11.174782862592357,0.0,0.0,-27.87593356212761,-7.628803172571964,-3.0806134041217943,-6.048967367675871,-4.8001825447446285,-14.246670158238183
1934,350035000016.5947,1,34.9999873847242,35.0,291.9,0,0.0,0.7753780799960309,0.2246219200039691,2.7563310275932557e-44,200.0,61.3,-184.1822922687752,-1.328050210580729,-0.9337170638474517,-11.174782862592357,0.0,0.0,-27.87593356212761,-7.628803172571964,-3.0806134041217943,-6.048967367675871,-4.8001825447446285,-14.246670158238183
1935,350035000016.5947,2,34.9999873847242,35.0,291.9,0,0.0,0.7753710616122711,0.2246289383877289,2.6185144762135926e-44,200.0,61.3,-184.1822922687752,-1.328050210580729,-0.9337170638474517,-11.174782862592357,0.0,0.0,-27.87593356212761,-7.628803172571964,-3.0806134041217943,-6.048967367675871,-4.8001825447446285,-14.246670158238183
1936,350035000016.5947,3,34.9999873847242,35.0,291.9,0,0.0,0.7753653506122995,0.22463464938770047,2.487588752402913e-44,200.0,61.3,-184.1822922687752,-1.328050210580729,-0.9337170638474517,-11.174782862592357,0.0,0.0,-27.87593356212761,-7.628803172571964,-3.0806134041217943,-6.048967367675871,-4.8001825447446285,-14.246670158238183
1937,350035000016.5947,4,34.9999873847242,35.0,291.9,0,0.0,0.7753598399040557,0.2246401600959444,2.3632093147827674e-44,200.0,61.3,-184.1822922687752,-1.328050210580729,-0.9337170638474517,-11.174782862592357,0.0,0.0,-27.87593356212761,-7.628803172571964,-3.0806134041217943,-6.048967367675871,-4.8001825447446285,-14.246670158238183
1938,350035000016.5947,5,34.9999873847242,35.0,291.9,0,0.0,0.7753545195603015,0.22464548043969845,2.245048849043629e-44,200.0,61.3,-184.1822922687752,-1.328050210580729,-0.9337170638474517,-11.174782862592357,0.0,0.0,-27.87593356212761,-7.628803172571964,-3.0806134041217943,-6.048967367675871,-4.8001825447446285,-14.246670158238183
1939,350035000016.5947,6,34.9999873847242,35.0,291.9,0,0.0,0.7753467806455209,0.2246532193544791,2.1327964065914474e-44,200.0,61.3,-184.1822922687752,-1.328050210580729,-0.9337170638474517,-11.174782862592357,0.0,0.0,-27.87593356212761,-7.628803172571964,-3.0806134041217943,-6.048967367675871,-4.8001825447446285,-14.246670158238183
1940,350035000016.5947,7,34.9999873847242,35.0,291.9,0,0.0,0.775337785672873,0.2246622143271269,2.026156586261875e-44,200.0,61.3,-184.1822922687752,-1.328050210580729,-0.9337170638474517,-11.174782862592357,0.0,0.0,-27.87593356212761,-7.628803172571964,-3.0806134041217943,-6.048967367675871,-4.8001825447446285,-14.246670158238183
1941,350035000016.5947,8,34.9999873847242,35.0,291.9,0,0.0,0.775328638064124,0.22467136193587606,1.9248487569487813e-44,200.0,61.3,-184.1822922687752,-1.328050210580729,-0.9337170638474517,-11.174782862592357,0.0,0.0,-27.87593356212761,-7.628803172571964,-3.0806134041217943,-6.048967367675871,-4.8001825447446285,-14.246670158238183
1942,350035000016.5947,9,34.9999873847242,35.0,291.9,0,0.0,0.7753203846951808,0.2246796153048191,1.8286063191013422e-44,200.0,61.3,-184.1822922687752,-1.328050210580729,-0.9337170638474517,-11.174782862592357,0.0,0.0,-27.87593356212761,-7.628803172571964,-3.0806134041217943,-6.048967367675871,-4.8001825447446285,-14.246670158238183
1943,350035000016.5947,10,34.9999873847242,35.0,291.9,0,0.0,0.7753134993645775,0.22468650063542253,1.7371760031462753e-44,200.0,61.3,-184.1822922687752,-1.328050210580729,-0.9337170638474517,-11.174782862592357,0.0,0.0,-27.87593356212761,-7.628803172571964,-3.0806134041217943,-6.048967367675871,-4.8001825447446285,-14.246670158238183
1944,350035000016.5947,11,34.9999873847242,35.0,291.9,0,0.0,0.7753053189518733,0.2246946810481267,1.6503172029889615e-44,200.0,61.3,-184.1822922687752,-1.328050210580729,-0.9337170638474517,-11.174782862592357,0.0,0.0,-27.87593356212761,-7.628803172571964,-3.0806134041217943,-6.048967367675871,-4.8001825447446285,-14.246670158238183
1945,350035000016.5947,12,34.9999873847242,35.0,291.9,0,0.0,0.7752985023796827,0.2247014976203173,1.5678013428395134e-44,200.0,61.3,-184.1822922687752,-1.328050210580729,-0.9337170638474517,-11.174782862592357,0.0,0.0,-27.87593356212761,-7.628803172571964,-3.0806134041217943,-6.048967367675871,-4.8001825447446285,-14.246670158238183
1946,350035000016.5947,13,34.9999873847242,35.0,291.9,0,0.0,0.7752914257578457,0.22470857424215435,1.4894112756975378e-44,200.0,61.3,-184.1822922687752,-1.328050210580729,-0.9337170638474517,-11.174782862592357,0.0,0.0,-27.87593356212761,-7.628803172571964,-3.0806134041217943,-6.048967367675871,-4.8001825447446285,-14.246670158238183
1947,350035000016.5947,14,34.9999873847242,35.0,291.9,0,0.0,0.7752851386401047,0.2247148613598953,1.414940711912661e-44,200.0,61.3,-184.1822922687752,-1.328050210580729,-0.9337170638474517,-11.174782862592357,0.0,0.0,-27.87593356212761,-7.628803172571964,-3.0806134041217943,-6.048967367675871,-4.8001825447446285,-14.246670158238183
1948,350035000016.5947,15,34.9999873847242,35.0,291.9,0,0.0,0.7752801187211349,0.22471988127886514,1.3441936763170278e-44,200.0,61.3,-184.1822922687752,-1.328050210580729,-0.9337170638474517,-11.174782862592357,0.0,0.0,-27.87593356212761,-7.628803172571964,-3.0806134041217943,-6.048967367675871,-4.8001825447446285,-14.246670158238183
1949,350035000016.5947,16,34.9999873847242,35.0,291.9,0,0.0,0.7752763015452668,0.2247236984547331,1.2769839925011762e-44,200.0,61.3,-184.1822922687752,-1.328050210580729,-0.9337170638474517,-11.174782862592357,0.0,0.0,-27.87593356212761,-7.628803172571964,-3.0806134041217943,-6.048967367675871,-4.8001825447446285,-14.246670158238183
1950,350035000016.5947,17,34.9999873847242,35.0,291.9,0,0.0,0.7752715577368348,0.2247284422631653,1.2131347928761176e-44,200.0,61.3,-184.1822922687752,-1.328050210580729,-0.9337170638474517,-11.174782862592357,0.0,0.0,-27.87593356212761,-7.628803172571964,-3.0806134041217943,-6.048967367675871,-4.8001825447446285,-14.246670158238183
1951,350035000016.5947,18,34.9999873847242,35.0,291.9,0,0.0,0.775266968373256,0.22473303162674402,1.1524780532323118e-44,200.0,61.3,-184.1822922687752,-1.328050210580729,-0.9337170638474517,-11.174782862592357,0.0,0.0,-27.87593356212761,-7.628803172571964,-3.0806134041217943,-6.048967367675871,-4.8001825447446285,-14.246670158238183
1952,350035000016.5947,19,34.9999873847242,35.0,291.9,0,0.0,0.7752630423827983,0.2247369576172017,1.0948541505706962e-44,200.0,61.3,-184.1822922687752,-1.328050210580729,-0.9337170638474517,-11.174782862592357,0.0,0.0,-27.87593356212761,-7.628803172571964,-3.0806134041217943,-6.048967367675871,-4.8001825447446285,-14.246670158238183
1953,350035000016.5947,20,34.9999873847242,35.0,291.9,0,0.0,0.7752581972080409,0.2247418027919591,1.0401114430421613e-44,200.0,61.3,-184.1822922687752,-1.328050210580729,-0.9337170638474517,-11.174782862592357,0.0,0.0,-27.87593356212761,-7.628803172571964,-3.0806134041217943,-6.048967367675871,-4.8001825447446285,-14.246670158238183
1954,350035000016.5947,21,34.9999873847242,35.0,291.9,0,0.0,0.775252995944117,0.22474700405588294,9.881058708900532e-45,200.0,61.3,-184.1822922687752,-1.328050210580729,-0.9337170638474517,-11.174782862592357,0.0,0.0,-27.87593356212761,-7.628803172571964,-3.0806134041217943,-6.048967367675871,-4.8001825447446285,-14.246670158238183
1955,350035000016.5947,22,34.9999873847242,35.0,291.9,0,0.0,0.7752500360693918,0.2247499639306082,9.387005773455507e-45,200.0,61.3,-184.1822922687752,-1.328050210580729,-0.9337170638474517,-11.174782862592357,0.0,0.0,-27.87593356212761,-7.628803172571964,-3.0806134041217943,-6.048967367675871,-4.8001825447446285,-14.246670158238183
1956,350035000016.5947,23,34.9999873847242,35.0,291.9,0,0.0,0.7752466258497132,0.2247533741502868,8.917655484782731e-45,200.0,61.3,-184.1822922687752,-1.328050210580729,-0.9337170638474517,-11.174782862592357,0.0,0.0,-27.87593356212761,-7.628803172571964,-3.0806134041217943,-6.048967367675871,-4.8001825447446285,-14.246670158238183
1957,350035000016.5947,24,34.9999873847242,35.0,291.9,0,0.0,0.7752412423607868,0.22475875763921316,8.471772710543595e-45,200.0,61.3,-184.1822922687752,-1.328050210580729,-0.9337170638474517,-11.174782862592357,0.0,0.0,-27.87593356212761,-7.628803172571964,-3.0806134041217943,-6.048967367675871,-4.8001825447446285,-14.246670158238183
1958,350035000016.5947,25,34.9999873847242,35.0,291.9,0,0.0,0.7752345011273121,0.22476549887268787,8.048184075016415e-45,200.0,61.3,-184.1822922687752,-1.328050210580729,-0.9337170638474517,-11.174782862592357,0.0,0.0,-27.87593356212761,-7.628803172571964,-3.0806134041217943,-6.048967367675871,-4.8001825447446285,-14.246670158238183
1959,350035000016.5947,26,34.9999873847242,35.0,291.9,0,0.0,0.775228531384513,0.22477146861548714,7.645774871265595e-45,200.0,61.3,-184.1822922687752,-1.328050210580729,-0.9337170638474517,-11.174782862592357,0.0,0.0,-27.87593356212761,-7.628803172571964,-3.0806134041217943,-6.048967367675871,-4.8001825447446285,-14.246670158238183
1960,350035000016.5947,27,34.9999873847242,35.0,291.9,0,0.0,0.7752238087176252,0.22477619128237492,7.263486127702315e-45,200.0,61.3,-184.1822922687752,-1.328050210580729,-0.9337170638474517,-11.174782862592357,0.0,0.0,-27.87593356212761,-7.628803172571964,-3.0806134041217943,-6.048967367675871,-4.8001825447446285,-14.246670158238183
1961,350035000016.5947,28,34.9999873847242,35.0,291.9,0,0.0,0.7752187266780122,0.22478127332198783,6.900311821317198e-45,200.0,61.3,-184.1822922687752,-1.328050210580729,-0.9337170638474517,-11.174782862592357,0.0,0.0,-27.87593356212761,-7.628803172571964,-3.0806134041217943,-6.048967367675871,-4.8001825447446285,-14.246670158238183
1962,350035000016.5947,29,34.9999873847242,35.0,291.9,0,0.0,0.7752163881729008,0.2247836118270992,6.555296230251339e-45,200.0,61.3,-184.1822922687752,-1.328050210580729,-0.9337170638474517,-11.174782862592357,0.0,0.0,-27.87593356212761,-7.628803172571964,-3.0806134041217943,-6.048967367675871,-4.8001825447446285,-14.246670158238183
1963,350035000016.5947,30,34.9999873847242,35.0,291.9,0,0.0,0.7752120295057285,0.2247879704942715,6.227531418738771e-45,200.0,61.3,-184.1822922687752,-1.328050210580729,-0.9337170638474517,-11.174782862592357,0.0,0.0,-27.87593356212761,-7.628803172571964,-3.0806134041217943,-6.048967367675871,-4.8001825447446285,-14.246670158238183
1964,350035000016.5947,31,34.9999873847242,35.0,291.9,0,0.0,0.7752083214467674,0.2247916785532325,5.916154847801832e-45,200.0,61.3,-184.1822922687752,-1.328050210580729,-0.9337170638474517,-11.174782862592357,0.0,0.0,-27.87593356212761,-7.628803172571964,-3.0806134041217943,-6.048967367675871,-4.8001825447446285,-14.246670158238183
1965,350035000016.5947,32,34.9999873847242,35.0,291.9,0,0.0,0.7752047177259169,0.2247952822740831,5.620347105411741e-45,200.0,61.3,-184.1822922687752,-1.328050210580729,-0.9337170638474517,-11.174782862592357,0.0,0.0,-27.87593356212761,-7.628803172571964,-3.0806134041217943,-6.048967367675871,-4.8001825447446285,-14.246670158238183
1966,350035000016.5947,33,34.9999873847242,35.0,291.9,0,0.0,0.7752017262257757,0.22479827377422434,5.339329750141154e-45,200.0,61.3,-184.1822922687752,-1.328050210580729,-0.9337170638474517,-11.174782862592357,0.0,0.0,-27.87593356212761,-7.628803172571964,-3.0806134041217943,-6.048967367675871,-4.8001825447446285,-14.246670158238183
1967,350035000016.5947,34,34.9999873847242,35.0,291.9,0,0.0,0.7751977775873234,0.22480222241267656,5.072363262634096e-45,200.0,61.3,-184.1822922687752,-1.328050210580729,-0.9337170638474517,-11.174782862592357,0.0,0.0,-27.87593356212761,-7.628803172571964,-3.0806134041217943,-6.048967367675871,-4.8001825447446285,-14.246670158238183
1968,350035000016.5947,35,34.9999873847242,35.0,291.9,0,0.0,0.7751924080025784,0.22480759199742162,4.8187450995023906e-45,200.0,61.3,-184.1822922687752,-1.328050210580729,-0.9337170638474517,-11.174782862592357,0.0,0.0,-27.87593356212761,-7.628803172571964,-3.0806134041217943,-6.048967367675871,-4.8001825447446285,-14.246670158238183
1969,350035000016.5947,36,34.9999873847242,35.0,291.9,0,0.0,0.7751897887615671,0.22481021123843287,4.5778078445272706e-45,200.0,61.3,-184.1822922687752,-1.328050210580729,-0.9337170638474517,-11.174782862592357,0.0,0.0,-27.87593356212761,-7.628803172571964,-3.0806134041217943,-6.048967367675871,-4.8001825447446285,-14.246670158238183
1970,350035000016.5947,37,34.9999873847242,35.0,291.9,0,0.0,0.7751867075767589,0.22481329242324113,4.3489174523009075e-45,200.0,61.3,-184.1822922687752,-1.328050210580729,-0.9337170638474517,-11.174782862592357,0.0,0.0,-27.87593356212761,-7.628803172571964,-3.0806134041217943,-6.048967367675871,-4.8001825447446285,-14.246670158238183
1971,350035000016.5947,38,34.9999873847242,35.0,291.9,0,0.0,0.7751836998758768,0.22481630012412326,4.1314715796858625e-45,200.0,61.3,-184.1822922687752,-1.328050210580729,-0.9337170638474517,-11.174782862592357,0.0,0.0,-27.87593356212761,-7.628803172571964,-3.0806134041217943,-6.048967367675871,-4.8001825447446285,-14.246670158238183
1972,350035000016.5947,39,34.9999873847242,35.0,291.9,0,0.0,0.7751812735490794,0.2248187264509206,3.9248980007015694e-45,200.0,61.3,-184.1822922687752,-1.328050210580729,-0.9337170638474517,-11.174782862592357,0.0,0.0,-27.87593356212761,-7.628803172571964,-3.0806134041217943,-6.048967367675871,-4.8001825447446285,-14.246670158238183
1973,350035000016.5947,40,34.9999873847242,35.0,291.9,0,0.0,0.775178376642298,0.2248216233577019,3.728653100666491e-45,200.0,61.3,-184.1822922687752,-1.328050210580729,-0.9337170638474517,-11.174782862592357,0.0,0.0,-27.87593356212761,-7.628803172571964,-3.0806134041217943,-6.048967367675871,-4.8001825447446285,-14.246670158238183
1974,350035000016.5947,41,34.9999873847242,35.0,291.9,0,0.0,0.7751765661631046,0.22482343383689535,3.542220445633166e-45,200.0,61.3,-184.1822922687752,-1.328050210580729,-0.9337170638474517,-11.174782862592357,0.0,0.0,-27.87593356212761,-7.628803172571964,-3.0806134041217943,-6.048967367675871,-4.8001825447446285,-14.246670158238183
1975,350035000016.5947,42,34.9999873847242,35.0,291.9,0,0.0,0.7751757867214926,0.2248242132785074,3.3651094233515075e-45,200.0,61.3,-184.1822922687752,-1.328050210580729,-0.9337170638474517,-11.174782862592357,0.0,0.0,-27.87593356212761,-7.628803172571964,-3.0806134041217943,-6.048967367675871,-4.8001825447446285,-14.246670158238183
1976,350035000016.5947,43,34.9999873847242,35.0,291.9,0,0.0,0.775174454698728,0.22482554530127202,3.1968539521839324e-45,200.0,61.3,-184.1822922687752,-1.328050210580729,-0.9337170638474517,-11.174782862592357,0.0,0.0,-27.87593356212761,-7.628803172571964,-3.0806134041217943,-6.048967367675871,-4.8001825447446285,-14.246670158238183
1977,350035000016.5947,44,34.9999873847242,35.0,291.9,0,0.0,0.7751741286177599,0.22482587138224014,3.0370112545747356e-45,200.0,61.3,-184.1822922687752,-1.328050210580729,-0.9337170638474517,-11.174782862592357,0.0,0.0,-27.87593356212761,-7.628803172571964,-3.0806134041217943,-6.048967367675871,-4.8001825447446285,-14.246670158238183
1978,350035000016.5947,45,34.9999873847242,35.0,291.9,0,0.0,0.7751757765390754,0.22482422346092457,2.8851606918459984e-45,200.0,61.3,-184.1822922687752,-1.328050210580729,-0.9337170638474517,-11.174782862592357,0.0,0.0,-27.87593356212761,-7.628803172571964,-3.0806134041217943,-6.048967367675871,-4.8001825447446285,-14.246670158238183
1979,350035000016.5947,46,34.9999873847242,35.0,291.9,0,0.0,0.7751772598560915,0.2248227401439084,2.7409026572536983e-45,200.0,61.3,-184.1822922687752,-1.328050210580729,-0.9337170638474517,-11.174782862592357,0.0,0.0,-27.87593356212761,-7.628803172571964,-3.0806134041217943,-6.048967367675871,-4.8001825447446285,-14.246670158238183
1980,350035000016.5947,47,34.9999873847242,35.0,291.9,0,0.0,0.7751775684713316,0.22482243152866838,2.6038575243910133e-45,200.0,61.3,-184.1822922687752,-1.328050210580729,-0.9337170638474517,-11.174782862592357,0.0,0.0,-27.87593356212761,-7.628803172571964,-3.0806134041217943,-6.048967367675871,-4.8001825447446285,-14.246670158238183
1981,350035000016.5947,48,34.9999873847242,35.0,291.9,0,0.0,0.7751762530138548,0.2248237469861452,2.473664648171463e-45,200.0,61.3,-184.1822922687752,-1.328050210580729,-0.9337170638474517,-11.174782862592357,0.0,0.0,-27.87593356212761,-7.628803172571964,-3.0806134041217943,-6.048967367675871,-4.8001825447446285,-14.246670158238183
1982,350035000016.5947,49,34.9999873847242,35.0,291.9,0,0.0,0.7751749226298603,0.22482507737013963,2.3499814157628897e-45,200.0,61.3,-184.1822922687752,-1.328050210580729,-0.9337170638474517,-11.174782862592357,0.0,0.0,-27.87593356212761,-7.628803172571964,-3.0806134041217943,-6.048967367675871,-4.8001825447446285,-14.246670158238183
1983,350035000016.5947,0,34.9999873847242,35.0,291.9,0,0.0,0.7751751037364358,0.2248248962635642,2.2324823449747455e-45,200.0,61.3,-184.1822922687752,-1.328050210580729,-0.9337170638474517,-11.174782862592357,0.0,0.0,-27.87593356212761,-7.628803172571964,-3.0806134041217943,-6.048967367675871,-4.8001825447446285,-14.246670158238183
1984,350035000016.5947,1,34.9999873847242,35.0,291.9,0,0.0,0.7751721445310669,0.2248278554689331,2.120858227726008e-45,200.0,61.3,-184.1822922687752,-1.328050210580729,-0.9337170638474517,-11.174782862592357,0.0,0.0,-27.87593356212761,-7.628803172571964,-3.0806134041217943,-6.048967367675871,-4.8001825447446285,-14.246670158238183
1985,350035000016.5947,2,34.9999873847242,35.0,291.9,0,0.0,0.7751707779574888,0.2248292220425112,2.0148153163397076e-45,200.0,61.3,-184.1822922687752,-1.328050210580729,-0.9337170638474517,-11.174782862592357,0.0,0.0,-27.87593356212761,-7.628803172571964,-3.0806134041217943,-6.048967367675871,-4.8001825447446285,-14.246670158238183
1986,350035000016.5947,3,34.9999873847242,35.0,291.9,0,0.0,0.7751704149184268,0.2248295850815733,1.9140745505227225e-45,200.0,61.3,-184.1822922687752,-1.328050210580729,-0.9337170638474517,-11.174782862592357,0.0,0.0,-27.87593356212761,-7.628803172571964,-3.0806134041217943,-6.048967367675871,-4.8001825447446285,-14.246670158238183
1987,350035000016.5947,4,34.9999873847242,35.0,291.9,0,0.0,0.7751715116082261,0.22482848839177402,1.8183708229965863e-45,200.0,61.3,-184.1822922687752,-1.328050210580729,-0.9337170638474517,-11.174782862592357,0.0,0.0,-27.87593356212761,-7.628803172571964,-3.0806134041217943,-6.048967367675871,-4.8001825447446285,-14.246670158238183
1988,350035000016.5947,5,34.9999873847242,35.0,291.9,0,0.0,0.7751750073798354,0.22482499262016467,1.727452281846757e-45,200.0,61.3,-184.1822922687752,-1.328050210580729,-0.9337170638474517,-11.174782862592357,0.0,0.0,-27.87593356212761,-7.628803172571964,-3.0806134041217943,-6.048967367675871,-4.8001825447446285,-14.246670158238183
1989,350035000016.5947,6,34.9999873847242,35.0,291.9,0,0.0,0.7751772321649628,0.22482276783503724,1.641079667754419e-45,200.0,61.3,-184.1822922687752,-1.328050210580729,-0.9337170638474517,-11.174782862592357,0.0,0.0,-27.87593356212761,-7.628803172571964,-3.0806134041217943,-6.048967367675871,-4.8001825447446285,-14.246670158238183
1990,350035000016.5947,7,34.9999873847242,35.0,291.9,0,0.0,0.7751838213794947,0.22481617862050537,1.559025684366698e-45,200.0,61.3,-184.1822922687752,-1.328050210580729,-0.9337170638474517,-11.174782862592357,0.0,0.0,-27.87593356212761,-7.628803172571964,-3.0806134041217943,-6.048967367675871,-4.8001825447446285,-14.246670158238183
1991,350035000016.5947,8,34.9999873847242,35.0,291.9,0,0.0,0.7751889848064399,0.22481101519356014,1.481074400148363e-45,200.0,61.3,-184.1822922687752,-1.328050210580729,-0.9337170638474517,-11.174782862592357,0.0,0.0,-27.87593356212761,-7.628803172571964,-3.0806134041217943,-6.048967367675871,-4.8001825447446285,-14.246670158238183
1992,350035000016.5947,9,34.9999873847242,35.0,291.9,0,0.0,0.7751948180220334,0.22480518197796667,1.4070206801409447e-45,200.0,61.3,-184.1822922687752,-1.328050210580729,-0.9337170638474517,-11.174782862592357,0.0,0.0,-27.87593356212761,-7.628803172571964,-3.0806134041217943,-6.048967367675871,-4.8001825447446285,-14.246670158238183
1993,350035000016.5947,10,34.9999873847242,35.0,291.9,0,0.0,0.7752017919324679,0.2247982080675322,1.3366696461338974e-45,200.0,61.3,-184.1822922687752,-1.328050210580729,-0.9337170638474517,-11.174782862592357,0.0,0.0,-27.87593356212761,-7.628803172571964,-3.0806134041217943,-6.048967367675871,-4.8001825447446285,-14.246670158238183
1994,350035000016.5947,11,34.9999873847242,35.0,291.9,0,0.0,0.7752098478022426,0.22479015219775741,1.2698361638272025e-45,200.0,61.3,-184.1822922687752,-1.328050210580729,-0.9337170638474517,-11.174782862592357,0.0,0.0,-27.87593356212761,-7.628803172571964,-3.0806134041217943,-6.048967367675871,-4.8001825447446285,-14.246670158238183
1995,350035000016.5947,12,34.9999873847242,35.0,291.9,0,0.0,0.775219434550767,0.22478056544923297,1.2063443556358423e-45,200.0,61.3,-184.1822922687752,-1.328050210580729,-0.9337170638474517,-11.174782862592357,0.0,0.0,-27.87593356212761,-7.628803172571964,-3.0806134041217943,-6.048967367675871,-4.8001825447446285,-14.246670158238183
1996,350035000016.5947,13,34.9999873847242,35.0,291.9,0,0.0,0.7752304732173085,0.22476952678269152,1.1460271378540501e-45,200.0,61.3,-184.1822922687752,-1.328050210580729,-0.9337170638474517,-11.174782862592357,0.0,0.0,-27.87593356212761,-7.628803172571964,-3.0806134041217943,-6.048967367675871,-4.8001825447446285,-14.246670158238183
1997,350035000016.5947,14,34.9999873847242,35.0,291.9,0,0.0,0.775239864542599,0.224760135457401,1.0887257809613476e-45,200.0,61.3,-184.1822922687752,-1.328050210580729,-0.9337170638474517,-11.174782862592357,0.0,0.0,-27.87593356212761,-7.628803172571964,-3.0806134041217943,-6.048967367675871,-4.8001825447446285,-14.246670158238183
1998,350035000016.5947,15,34.9999873847242,35.0,291.9,0,0.0,0.7752476918416932,0.22475230815830688,1.0342894919132804e-45,200.0,61.3,-184.1822922687752,-1.328050210580729,-0.9337170638474517,-11.174782862592357,0.0,0.0,-27.87593356212761,-7.628803172571964,-3.0806134041217943,-6.048967367675871,-4.8001825447446285,-14.246670158238183
1999,350035000016.5947,16,34.9999873847242,35.0,291.9,0,0.0,0.7752520189162025,0.22474798108379745,9.825750173176162e-46,200.0,61.3,-184.1822922687752,-1.328050210580729,-0.9337170638474517,-11.174782862592357,0.0,0.0,-27.87593356212761,-7.628803172571964,-3.0806134041217943,-6.048967367675871,-4.8001825447446285,-14.246670158238183
