Iteration,Best_Fitness,Stagnation_Counter,Total_Load_Shed,Gen_Deviation_Sum,Gen_Rescheduling_Cost,Num_Line_Violations,Max_Line_Violation_Pct,Prob_OOA,Prob_KHA,Prob_SHO,B_1,B_2,B_3,B_4,B_5,B_6,B_7,B_8,B_9,B_10,B_11,B_12,B_13,B_14
0,14118183.528565787,0,7.398488523961505,66.22695818420375,552.3328312562593,1,0.0024908656538741524,0.3333333333333333,0.3333333333333333,0.3333333333333333,198.18727664591736,90.71423483012111,-211.1288831537261,-1.3093660515698915,-0.908057983773091,-10.513767993074218,0.0,0.0,-27.430293974878516,-8.526008532120334,-3.2820679242016437,-5.7852211603700106,-5.389137645727162,-14.628707056597522
1,13982235.227556044,0,7.390277446354214,65.91902784732606,549.7646922466994,0,0.0,0.31666666666666665,0.3494791666666667,0.3338541666666667,198.34534735315987,90.56437520048593,-211.01519375738812,-1.3057706916383405,-0.831699662508884,-10.701140257560285,0.0,0.0,-27.463783845859815,-8.544572656674585,-3.293103130511705,-5.789270600623512,-5.380570733132699,-14.584617217747828
2,13982235.227556044,1,7.390277446354214,65.91902784732606,549.7646922466994,0,0.0,0.3185903426791277,0.34976221767912774,0.3316474396417446,198.34534735315987,90.56437520048593,-211.01519375738812,-1.3057706916383405,-0.831699662508884,-10.701140257560285,0.0,0.0,-27.463783845859815,-8.544572656674585,-3.293103130511705,-5.789270600623512,-5.380570733132699,-14.584617217747828
3,13963263.214283075,0,7.371500165209084,65.9170805422882,549.7484517226836,0,0.0,0.3199646213036476,0.3516378782391805,0.32839750045717186,198.35570964625134,90.57279018853954,-211.01353443347668,-1.2880201470218302,-0.8700080537742032,-10.696973504644326,0.0,0.0,-27.468764944026226,-8.54547317627341,-3.2918850852336723,-5.789522220184797,-5.380869123530757,-14.583449146625004
4,13282786.377614114,0,6.775408699374095,65.07323377163053,542.7107696553986,0,0.0,0.31682353309560807,0.3597702700415072,0.3234061968628847,199.0756787644977,90.44891253612822,-209.9456040183573,-1.2671444985103115,-0.7661154123519085,-10.900183213521016,0.0,0.0,-29.5,-8.375935295466792,-3.283777382265854,-5.673165038433066,-5.341175589852444,-14.4714908518672
5,13062455.425274651,0,6.571493225551874,64.90908025549845,541.3417293308571,0,0.0,0.31222537320060423,0.3714954436902699,0.31627918310912595,199.25971325947484,90.46879351497329,-209.86270819071262,-1.2677278358588568,-0.7887307980724994,-11.2,0.0,0.0,-29.5,-8.361309674593267,-3.286458098767526,-5.663034510967819,-5.337769466195331,-14.460768199280192
6,12799924.756063601,0,6.312257950418059,64.8761264895605,541.0668949229346,0,0.0,0.31337966810782636,0.37955754820139087,0.3070627836907828,199.4058077800107,90.58193426957119,-209.84606687978734,-1.4,-0.7654604146173947,-11.2,0.0,0.0,-29.5,-8.35837358587388,-3.4611390403319513,-5.661000810814548,-5.337085687958977,-14.458615630197835
7,12761063.806395553,0,6.27339699075001,64.8761264895605,541.0668949229346,0,0.0,0.32239464417798186,0.3805989450116467,0.29700641081037144,199.42523825984472,90.60136474940522,-209.84606687978734,-1.4,-0.7654604146173947,-11.2,0.0,0.0,-29.5,-8.35837358587388,-3.5,-5.661000810814548,-5.337085687958977,-14.458615630197835
8,12324476.368754823,0,5.909672686306858,64.14750153431686,534.9901627962026,0,0.0,0.3339952104699743,0.37918847516437076,0.28681631436565497,199.97141288968814,90.418914424005,-210.28808752027965,-1.3970363312183458,-0.7436372826295151,-11.180296147136282,0.0,0.0,-29.5,-8.29222799151905,-3.485236748285964,-5.607934944987335,-5.460072984799573,-14.43579736283742
9,12324476.368754823,1,5.909672686306858,64.14750153431686,534.9901627962026,0,0.0,0.34859392038428955,0.37479395125060966,0.27661212836510074,199.97141288968814,90.418914424005,-210.28808752027965,-1.3970363312183458,-0.7436372826295151,-11.180296147136282,0.0,0.0,-29.5,-8.29222799151905,-3.485236748285964,-5.607934944987335,-5.460072984799573,-14.43579736283742
10,12324476.368754823,2,5.909672686306858,64.14750153431686,534.9901627962026,0,0.0,0.3621856087207307,0.37102330264699873,0.2667910886322706,199.97141288968814,90.418914424005,-210.28808752027965,-1.3970363312183458,-0.7436372826295151,-11.180296147136282,0.0,0.0,-29.5,-8.29222799151905,-3.485236748285964,-5.607934944987335,-5.460072984799573,-14.43579736283742
11,12309713.127040787,0,5.8949094345928215,64.14750153431686,534.9901627962026,0,0.0,0.3750637178798338,0.3674208279726056,0.2575154541475606,199.97879451554516,90.42629604986202,-210.28808752027965,-1.3970363312183458,-0.7436372826295151,-11.180296147136282,0.0,0.0,-29.5,-8.29222799151905,-3.5,-5.607934944987335,-5.460072984799573,-14.43579736283742
12,12309713.127040787,1,5.8949094345928215,64.14750153431686,534.9901627962026,0,0.0,0.3887136745612531,0.3628621860588856,0.24842413937986124,199.97879451554516,90.42629604986202,-210.28808752027965,-1.3970363312183458,-0.7436372826295151,-11.180296147136282,0.0,0.0,-29.5,-8.29222799151905,-3.5,-5.607934944987335,-5.460072984799573,-14.43579736283742
13,12309713.127040787,2,5.8949094345928215,64.14750153431686,534.9901627962026,0,0.0,0.40141814108265544,0.35861935270771417,0.2399625062096304,199.97879451554516,90.42629604986202,-210.28808752027965,-1.3970363312183458,-0.7436372826295151,-11.180296147136282,0.0,0.0,-29.5,-8.29222799151905,-3.5,-5.607934944987335,-5.460072984799573,-14.43579736283742
14,12280650.369249145,0,5.865613499092087,64.14983309196259,535.009607986968,0,0.0,0.41329298397602854,0.3547672432507747,0.23193977277319675,199.99227670447266,90.44210979643525,-210.2927276848551,-1.4,-0.7469478217060269,-11.2,0.0,0.0,-29.5,-8.291480520247472,-3.5,-5.607559367901777,-5.460472258293958,-14.435198847903573
15,12279503.407604283,0,5.8644247216163325,64.15025124678411,535.0130953981794,0,0.0,0.4262491690378944,0.34967731390302975,0.22407351705907588,199.9926620157998,90.4429132625839,-210.29355987838608,-1.4,-0.7475415526305919,-11.2,0.0,0.0,-29.5,-8.291346464494344,-3.5,-5.607492009769128,-5.460543866275467,-14.435091506828048
16,12279503.407604283,1,5.8644247216163325,64.15025124678411,535.0130953981794,0,0.0,0.4395218559901753,0.34403007551198117,0.21644806849784354,199.9926620157998,90.4429132625839,-210.29355987838608,-1.4,-0.7475415526305919,-11.2,0.0,0.0,-29.5,-8.291346464494344,-3.5,-5.607492009769128,-5.460543866275467,-14.435091506828048
17,12279503.407604283,2,5.8644247216163325,64.15025124678411,535.0130953981794,0,0.0,0.4515955033020038,0.3390468403151878,0.20935765638280834,199.9926620157998,90.4429132625839,-210.29355987838608,-1.4,-0.7475415526305919,-11.2,0.0,0.0,-29.5,-8.291346464494344,-3.5,-5.607492009769128,-5.460543866275467,-14.435091506828048
18,12279503.407604283,3,5.8644247216163325,64.15025124678411,535.0130953981794,0,0.0,0.46269341963855604,0.3345719963514986,0.20273458400994537,199.9926620157998,90.4429132625839,-210.29355987838608,-1.4,-0.7475415526305919,-11.2,0.0,0.0,-29.5,-8.291346464494344,-3.5,-5.607492009769128,-5.460543866275467,-14.435091506828048
19,12272192.98302826,0,5.857372342679443,64.142398030996,534.9475995785067,0,0.0,0.47304389337478026,0.33045728882840447,0.19649881779681533,200.0,90.442398030996,-210.2963331698349,-1.4,-0.744358924958096,-11.2,0.0,0.0,-29.5,-8.293537998667846,-3.5,-5.609259026523281,-5.46152540544828,-14.437613131888147
20,11685423.02058468,0,4.929627818911625,67.55738788811556,563.4286149868838,0,0.0,0.4802767403089665,0.3292790010818837,0.19044425860914982,198.75649214648638,92.61388003460193,-210.1484753225746,-1.4,-0.8178776084478664,-11.2,0.0,0.0,-29.5,-8.612732660633382,-3.499549644072222,-5.791736945360295,-5.5,-14.9
21,11685423.02058468,1,4.929627818911625,67.55738788811556,563.4286149868838,0,0.0,0.4886895608766538,0.3268893630857899,0.1844210760375563,198.75649214648638,92.61388003460193,-210.1484753225746,-1.4,-0.8178776084478664,-11.2,0.0,0.0,-29.5,-8.612732660633382,-3.499549644072222,-5.791736945360295,-5.5,-14.9
22,11347687.248382755,0,4.697440398070423,66.50191317716741,554.6259558975762,0,0.0,0.4966023651373771,0.3246405805511207,0.17875705431150216,199.40032321238107,92.20223638954847,-210.10508321406095,-1.3999882914509738,-0.7889305552852961,-11.2,0.0,0.0,-29.5,-8.616299877730393,-3.5,-6.1,-5.492257663401949,-14.9
23,11339944.921784703,0,4.689698061472372,66.50191317716741,554.6259558975762,0,0.0,0.5060700095606067,0.32091294416735056,0.17301704627204276,199.40419438068008,92.20610755784749,-210.10508321406095,-1.3999882914509738,-0.7889305552852961,-11.2,0.0,0.0,-29.5,-8.616299877730393,-3.5,-6.1,-5.5,-14.9
24,11198356.596546922,0,4.5756822061158715,66.22619067788024,552.3264302535213,0,0.0,0.5155317114197329,0.31698588600897226,0.16748240257129499,199.59906355800192,92.12525423588215,-210.0549207718607,-1.4,-0.7944021599097958,-11.2,0.0,0.0,-29.5,-8.774994862113614,-3.5,-6.1,-5.5,-14.9
25,11034250.009561181,0,4.40523138991876,66.28963244088966,552.8555345570197,0,0.0,0.5256945921033348,0.3122812819653552,0.16202412593131005,199.65256808459577,92.24220052548543,-210.0195553452513,-1.4,-0.9044793141055129,-11.2,0.0,0.0,-29.5,-8.870733950724425,-3.5,-6.1,-5.5,-14.9
26,10906524.507859841,0,4.286375819066624,66.20093387214366,552.1157884936781,0,0.0,0.5361194204703099,0.3071783389274508,0.15670224060223936,199.75634760052245,92.25728147266611,-209.9838187085487,-1.4,-0.9527597643594667,-11.2,0.0,0.0,-29.5,-8.977045708025187,-3.5,-6.1,-5.5,-14.9
27,10906524.507859841,1,4.286375819066624,66.20093387214366,552.1157884936781,0,0.0,0.5463502976412209,0.3020227562614253,0.15162694609735378,199.75634760052245,92.25728147266611,-209.9838187085487,-1.4,-0.9527597643594667,-11.2,0.0,0.0,-29.5,-8.977045708025187,-3.5,-6.1,-5.5,-14.9
28,10904808.937282454,0,4.269599520470299,66.35153979627965,553.3718419009723,0,0.0,0.555779305099293,0.2973639379539332,0.14685675694677397,199.689430341625,92.34097013790466,-209.96209604294552,-1.4,-0.9683044365841718,-11.2,0.0,0.0,-29.5,-9.0,-3.5,-6.1,-5.5,-14.9
29,10838797.931353291,0,4.253934271236385,65.84808642812827,549.1730408105898,0,0.0,0.5654037439145202,0.2923937175760721,0.14220253850940778,199.94898965031769,92.09707607844595,-209.97975369332474,-1.4,-0.9663120354388655,-11.2,0.0,0.0,-29.5,-9.0,-3.5,-6.1,-5.5,-14.9
30,10836493.735138642,0,4.260145614052583,65.76293174800982,548.4628507784018,0,0.0,0.5754977124518702,0.2869036941220857,0.1375985934260441,199.9884613189688,92.05139306697862,-209.97527804363807,-1.4,-0.9645763423093358,-11.2,0.0,0.0,-29.5,-9.0,-3.5,-6.1,-5.5,-14.9
31,10812581.773480957,0,4.235451485797735,65.7707533487493,548.5280829285691,0,0.0,0.5853007669589009,0.28151938152463457,0.13317985151646464,199.9968975827265,92.06765093147578,-209.98610504607518,-1.4,-0.9784434681270727,-11.2,0.0,0.0,-29.5,-9.0,-3.5,-6.1,-5.5,-14.9
32,10801205.775023023,0,4.2198431339141145,65.81307653003081,548.8810582604569,0,0.0,0.594614241913419,0.27640990284487377,0.12897585524170727,199.9835401680275,92.09661669805831,-209.98015902030846,-1.4,-1.0,-11.2,0.0,0.0,-29.5,-9.0,-3.499997845777411,-6.1,-5.5,-14.9
33,10801205.775023023,1,4.2198431339141145,65.81307653003081,548.8810582604569,0,0.0,0.6038144161902588,0.2712826671715875,0.12490291663815371,199.9835401680275,92.09661669805831,-209.98015902030846,-1.4,-1.0,-11.2,0.0,0.0,-29.5,-9.0,-3.499997845777411,-6.1,-5.5,-14.9
34,10801021.786560614,0,4.2197099302340835,65.81256868644245,548.8768228449301,0,0.0,0.6125018578678216,0.26643540806952026,0.12106273406265809,199.9838606916617,92.09642937810415,-209.9802922326955,-1.4,-1.0,-11.2,0.0,0.0,-29.5,-9.0,-3.4999978370704152,-6.1,-5.5,-14.9
35,10798275.667249585,0,4.219924034985246,65.78296669270118,548.6299422171278,0,0.0,0.6209849703483764,0.26163820819526284,0.11737682145636083,199.9985546361568,92.08152132885797,-209.9800805935215,-1.4,-1.0,-11.2,0.0,0.0,-29.5,-9.0,-3.499995371493236,-6.1,-5.5,-14.9
36,10798275.667249585,1,4.219924034985246,65.78296669270118,548.6299422171278,0,0.0,0.6293182364289632,0.2568363671091087,0.11384539646192816,199.9985546361568,92.08152132885797,-209.9800805935215,-1.4,-1.0,-11.2,0.0,0.0,-29.5,-9.0,-3.499995371493236,-6.1,-5.5,-14.9
37,10798275.667249585,2,4.219924034985246,65.78296669270118,548.6299422171278,0,0.0,0.6370464676164088,0.25238845848267366,0.11056507390091752,199.9985546361568,92.08152132885797,-209.9800805935215,-1.4,-1.0,-11.2,0.0,0.0,-29.5,-9.0,-3.499995371493236,-6.1,-5.5,-14.9
38,10798275.667249585,3,4.219924034985246,65.78296669270118,548.6299422171278,0,0.0,0.6442372615978204,0.24827722094014015,0.1074855174620395,199.9985546361568,92.08152132885797,-209.9800805935215,-1.4,-1.0,-11.2,0.0,0.0,-29.5,-9.0,-3.499995371493236,-6.1,-5.5,-14.9
39,10798275.667249585,4,4.219924034985246,65.78296669270118,548.6299422171278,0,0.0,0.650944408949292,0.24446174591866676,0.10459384513204124,199.9985546361568,92.08152132885797,-209.9800805935215,-1.4,-1.0,-11.2,0.0,0.0,-29.5,-9.0,-3.499995371493236,-6.1,-5.5,-14.9
40,10797103.738970684,0,4.218932326414176,65.78116441065389,548.6149111848533,0,0.0,0.6572654091367525,0.2408931228264615,0.10184146803678606,199.99994787789234,92.08111228854622,-209.9810676735858,-1.4,-1.0,-11.2,0.0,0.0,-29.5,-9.0,-3.5,-6.1,-5.5,-14.9
41,10796849.609500848,0,4.218657150906239,65.78131926936027,548.6162027064646,0,0.0,0.6634691688879657,0.23731849326440638,0.0992123378476279,200.0,92.08131926936026,-209.98134284909375,-1.4,-1.0,-11.2,0.0,0.0,-29.5,-9.0,-3.5,-6.1,-5.5,-14.9
42,10796849.609500848,1,4.218657150906239,65.78131926936027,548.6162027064646,0,0.0,0.6693182457239432,0.23395952109091614,0.09672223318514073,200.0,92.08131926936026,-209.98134284909375,-1.4,-1.0,-11.2,0.0,0.0,-29.5,-9.0,-3.5,-6.1,-5.5,-14.9
43,10796788.89626377,0,4.2183629406779914,65.78161329748242,548.6186549010033,1,0.00011426501738469598,0.6748284384076112,0.23077108328876217,0.0944004783036266,200.0,92.08161329748242,-209.981637059322,-1.4,-1.0,-11.2,0.0,0.0,-29.5,-9.0,-3.5,-6.1,-5.5,-14.9
44,10796788.89626377,1,4.2183629406779914,65.78161329748242,548.6186549010033,1,0.00011426501738469598,0.6801822526255705,0.22764102174054396,0.09217672563388556,200.0,92.08161329748242,-209.981637059322,-1.4,-1.0,-11.2,0.0,0.0,-29.5,-9.0,-3.5,-6.1,-5.5,-14.9
45,10796765.282930814,0,4.218515134966637,65.78155760583667,548.6181904326778,1,5.0229530927481385e-05,0.6851681499207822,0.2247099015973382,0.09012194848187953,199.99996362959834,92.081521235435,-209.9814852618506,-1.3999999946229462,-1.0,-11.2,0.0,0.0,-29.5,-9.0,-3.4999996085598113,-6.1,-5.5,-14.9
46,10796765.282930814,1,4.218515134966637,65.78155760583667,548.6181904326778,1,5.0229530927481385e-05,0.690422253440764,0.2214938326479809,0.08808391391125503,199.99996362959834,92.081521235435,-209.9814852618506,-1.3999999946229462,-1.0,-11.2,0.0,0.0,-29.5,-9.0,-3.4999996085598113,-6.1,-5.5,-14.9
47,10796757.40125104,2,4.218436562351911,65.78152454050768,548.6179146678339,1,7.931029957717329e-05,0.6952871740564157,0.2185151438505765,0.0861976820930078,200.0,92.08152454050767,-209.98156343764808,-1.4,-1.0,-11.2,0.0,0.0,-29.5,-9.0,-3.5,-6.1,-5.5,-14.9
48,10796749.233893007,0,4.218472307950066,65.78151699805942,548.6178517638155,1,6.705429528892637e-05,0.7001207796339571,0.21551491237307685,0.08436430799296608,200.0,92.08151699805941,-209.98152769204992,-1.4,-1.0,-11.2,0.0,0.0,-29.5,-9.0,-3.5,-6.1,-5.5,-14.9
49,10796748.70032261,1,4.2184817288896,65.78150631192699,548.617762641471,1,6.267042124363797e-05,0.7047400188469697,0.21265671760582822,0.08260326354720214,200.0,92.08150631192699,-209.9815182711104,-1.4,-1.0,-11.2,0.0,0.0,-29.5,-9.0,-3.5,-6.1,-5.5,-14.9
50,10796748.244886145,2,4.2184759980066815,65.78151089921015,548.6178008994126,1,6.508341889457369e-05,0.709274621496895,0.2098183824295562,0.08090699607354875,200.0,92.08151089921014,-209.9815240019933,-1.4,-1.0,-11.2,0.0,0.0,-29.5,-9.0,-3.5,-6.1,-5.5,-14.9
51,10796748.244886145,3,4.2184759980066815,65.78151089921015,548.6178008994126,1,6.508341889457369e-05,0.7135859551585632,0.20713035460604087,0.07928369023539597,200.0,92.08151089921014,-209.9815240019933,-1.4,-1.0,-11.2,0.0,0.0,-29.5,-9.0,-3.5,-6.1,-5.5,-14.9
52,10796748.244886145,4,4.2184759980066815,65.78151089921015,548.6178008994126,1,6.508341889457369e-05,0.7175617408661207,0.20464822619151818,0.07779003294236117,200.0,92.08151089921014,-209.9815240019933,-1.4,-1.0,-11.2,0.0,0.0,-29.5,-9.0,-3.5,-6.1,-5.5,-14.9
53,10796748.216354,5,4.218481721398348,65.78150497335803,548.6177514778059,1,6.249523230508204e-05,0.7213241111417334,0.20229771938937674,0.07637816946888988,200.0,92.08150497335802,-209.98151827860164,-1.4,-1.0,-11.2,0.0,0.0,-29.5,-9.0,-3.5,-6.1,-5.5,-14.9
54,10796748.101407917,6,4.218481215784635,65.78150519389942,548.6177533171211,1,6.268369255622019e-05,0.725011087194855,0.19998902280267833,0.07499989000246667,200.0,92.08150519389942,-209.98151878421535,-1.4,-1.0,-11.2,0.0,0.0,-29.5,-9.0,-3.5,-6.1,-5.5,-14.9
55,10796748.00937096,7,4.218480807376778,65.78150537204102,548.6177548028221,1,6.283592073259569e-05,0.728567779602714,0.1977418508102956,0.07369036958699035,200.0,92.08150537204102,-209.9815191926232,-1.4,-1.0,-11.2,0.0,0.0,-29.5,-9.0,-3.5,-6.1,-5.5,-14.9
56,10796748.00937096,8,4.218480807376778,65.78150537204102,548.6177548028221,1,6.283592073259569e-05,0.7320141309503244,0.19554090580182543,0.07244496324785016,200.0,92.08150537204102,-209.9815191926232,-1.4,-1.0,-11.2,0.0,0.0,-29.5,-9.0,-3.5,-6.1,-5.5,-14.9
57,10796748.00937096,9,4.218480807376778,65.78150537204102,548.6177548028221,1,6.283592073259569e-05,0.7351798699432036,0.19354185672385432,0.07127827333294211,200.0,92.08150537204102,-209.9815191926232,-1.4,-1.0,-11.2,0.0,0.0,-29.5,-9.0,-3.5,-6.1,-5.5,-14.9
58,10796748.00937096,10,4.218480807376778,65.78150537204102,548.6177548028221,1,6.283592073259569e-05,0.7381409920381721,0.19166605053122096,0.07019295743060697,200.0,92.08150537204102,-209.9815191926232,-1.4,-1.0,-11.2,0.0,0.0,-29.5,-9.0,-3.5,-6.1,-5.5,-14.9
59,10796748.00937096,11,4.218480807376778,65.78150537204102,548.6177548028221,1,6.283592073259569e-05,0.7408404262369631,0.18996036114296083,0.06919921262007604,200.0,92.08150537204102,-209.9815191926232,-1.4,-1.0,-11.2,0.0,0.0,-29.5,-9.0,-3.5,-6.1,-5.5,-14.9
60,10796747.934350971,12,4.218480026430797,65.78150598623094,548.617759925166,1,6.31632911563429e-05,0.7433264303480366,0.1883727163278667,0.06830085332409674,200.0,92.08150598623094,-209.9815199735692,-1.4,-1.0,-11.2,0.0,0.0,-29.5,-9.0,-3.5,-6.1,-5.5,-14.9
61,10796747.934350971,13,4.218480026430797,65.78150598623094,548.617759925166,1,6.31632911563429e-05,0.7458995676761547,0.18670128454382875,0.06739914778001652,200.0,92.08150598623094,-209.9815199735692,-1.4,-1.0,-11.2,0.0,0.0,-29.5,-9.0,-3.5,-6.1,-5.5,-14.9
62,10796747.934350971,14,4.218480026430797,65.78150598623094,548.617759925166,1,6.31632911563429e-05,0.7483109493113818,0.18513696758864195,0.06655208309997628,200.0,92.08150598623094,-209.9815199735692,-1.4,-1.0,-11.2,0.0,0.0,-29.5,-9.0,-3.5,-6.1,-5.5,-14.9
63,10796747.934350971,15,4.218480026430797,65.78150598623094,548.617759925166,1,6.31632911563429e-05,0.7504966914677956,0.18372679785928858,0.06577651067291579,200.0,92.08150598623094,-209.9815199735692,-1.4,-1.0,-11.2,0.0,0.0,-29.5,-9.0,-3.5,-6.1,-5.5,-14.9
64,10796747.934350971,16,4.218480026430797,65.78150598623094,548.617759925166,1,6.31632911563429e-05,0.7524586209619321,0.18247243904069702,0.06506893999737101,200.0,92.08150598623094,-209.9815199735692,-1.4,-1.0,-11.2,0.0,0.0,-29.5,-9.0,-3.5,-6.1,-5.5,-14.9
65,10796747.934350971,17,4.218480026430797,65.78150598623094,548.617759925166,1,6.31632911563429e-05,0.7542255313217773,0.18134461822916317,0.06442985044905954,200.0,92.08150598623094,-209.9815199735692,-1.4,-1.0,-11.2,0.0,0.0,-29.5,-9.0,-3.5,-6.1,-5.5,-14.9
66,10796747.934350971,18,4.218480026430797,65.78150598623094,548.617759925166,1,6.31632911563429e-05,0.7558641364142666,0.18028880184187293,0.06384706174386037,200.0,92.08150598623094,-209.9815199735692,-1.4,-1.0,-11.2,0.0,0.0,-29.5,-9.0,-3.5,-6.1,-5.5,-14.9
67,10796747.933439072,19,4.218480028267237,65.78150598178955,548.6177598881247,1,6.316212378578711e-05,0.7573639504866234,0.17932828408685048,0.06330776542652611,200.0,92.08150598178955,-209.98151997173275,-1.4,-1.0,-11.2,0.0,0.0,-29.5,-9.0,-3.5,-6.1,-5.5,-14.9
68,10796747.930845337,20,4.218480002451997,65.78150600162088,548.6177600535182,1,6.317288291484147e-05,0.7588946061996639,0.1783149148569447,0.06279047894339138,200.0,92.08150600162088,-209.981519997548,-1.4,-1.0,-11.2,0.0,0.0,-29.5,-9.0,-3.5,-6.1,-5.5,-14.9
69,10796747.929982262,21,4.218479996545511,65.78150600541174,548.6177600851339,1,6.317524556607167e-05,0.7605995006925791,0.17716967886701251,0.062230820440408424,200.0,92.08150600541174,-209.98152000345448,-1.4,-1.0,-11.2,0.0,0.0,-29.5,-9.0,-3.5,-6.1,-5.5,-14.9
70,10796747.929982262,22,4.218479996545511,65.78150600541174,548.6177600851339,1,6.317524556607167e-05,0.7623138791050664,0.17599601902528367,0.06169010186964996,200.0,92.08150600541174,-209.98152000345448,-1.4,-1.0,-11.2,0.0,0.0,-29.5,-9.0,-3.5,-6.1,-5.5,-14.9
71,10796747.929744508,23,4.218479994918283,65.78150600645611,548.617760093844,1,6.317589646869237e-05,0.7638443266810723,0.17493936947988498,0.06121630383904276,200.0,92.08150600645611,-209.9815200050817,-1.4,-1.0,-11.2,0.0,0.0,-29.5,-9.0,-3.5,-6.1,-5.5,-14.9
72,10796747.929744508,24,4.218479994918283,65.78150600645611,548.617760093844,1,6.317589646869237e-05,0.7653314856721783,0.17390875590296764,0.06075975842485408,200.0,92.08150600645611,-209.9815200050817,-1.4,-1.0,-11.2,0.0,0.0,-29.5,-9.0,-3.5,-6.1,-5.5,-14.9
73,10796747.92944711,25,4.218479992509856,65.78150600815236,548.6177601079908,1,6.317687982573261e-05,0.7667221314217371,0.17293691139523706,0.060340957183025984,200.0,92.08150600815236,-209.98152000749013,-1.4,-1.0,-11.2,0.0,0.0,-29.5,-9.0,-3.5,-6.1,-5.5,-14.9
74,10796747.929213487,26,4.2184799907476815,65.78150600934907,548.6177601179712,1,6.3177593438013e-05,0.7681415127660289,0.17192096224163422,0.05993752499233691,200.0,92.08150600934907,-209.9815200092523,-1.4,-1.0,-11.2,0.0,0.0,-29.5,-9.0,-3.5,-6.1,-5.5,-14.9
75,10796747.929213487,27,4.2184799907476815,65.78150600934907,548.6177601179712,1,6.3177593438013e-05,0.7694973168338014,0.17094915686154719,0.059553526304651466,200.0,92.08150600934907,-209.9815200092523,-1.4,-1.0,-11.2,0.0,0.0,-29.5,-9.0,-3.5,-6.1,-5.5,-14.9
76,10796747.929213487,28,4.2184799907476815,65.78150600934907,548.6177601179712,1,6.3177593438013e-05,0.7706882347194725,0.1700856323284152,0.059226132952112334,200.0,92.08150600934907,-209.9815200092523,-1.4,-1.0,-11.2,0.0,0.0,-29.5,-9.0,-3.5,-6.1,-5.5,-14.9
77,10796747.929209497,29,4.218479990717611,65.78150600936951,548.6177601181416,1,6.317760561387331e-05,0.7718045358810655,0.16926235769000936,0.058933106428925144,200.0,92.0815060093695,-209.98152000928238,-1.4,-1.0,-11.2,0.0,0.0,-29.5,-9.0,-3.5,-6.1,-5.5,-14.9
78,10796747.929209497,30,4.218479990717611,65.78150600936951,548.6177601181416,1,6.317760561387331e-05,0.772906528925801,0.1684424959497644,0.05865097512443462,200.0,92.0815060093695,-209.98152000928238,-1.4,-1.0,-11.2,0.0,0.0,-29.5,-9.0,-3.5,-6.1,-5.5,-14.9
79,10796747.929209497,31,4.218479990717611,65.78150600936951,548.6177601181416,1,6.317760561387331e-05,0.7738902452921261,0.16771187756773517,0.05839787714013871,200.0,92.0815060093695,-209.98152000928238,-1.4,-1.0,-11.2,0.0,0.0,-29.5,-9.0,-3.5,-6.1,-5.5,-14.9
80,10796747.929209497,32,4.218479990717611,65.78150600936951,548.6177601181416,1,6.317760561387331e-05,0.7747367825036622,0.16708495228744213,0.05817826520889568,200.0,92.0815060093695,-209.98152000928238,-1.4,-1.0,-11.2,0.0,0.0,-29.5,-9.0,-3.5,-6.1,-5.5,-14.9
81,10796747.929209497,33,4.218479990717611,65.78150600936951,548.6177601181416,1,6.317760561387331e-05,0.7754709438598327,0.1665446791586063,0.05798437698156095,200.0,92.0815060093695,-209.98152000928238,-1.4,-1.0,-11.2,0.0,0.0,-29.5,-9.0,-3.5,-6.1,-5.5,-14.9
82,10796747.928704783,34,4.218479593277294,65.78150642209603,548.6177635602809,1,6.335749567369931e-05,0.7761043305447591,0.16607151898211467,0.05782415047312627,200.0,92.08150642209603,-209.9815204067227,-1.4,-1.0,-11.2,0.0,0.0,-29.5,-9.0,-3.5,-6.1,-5.5,-14.9
83,10796747.927724736,35,4.2184791611438754,65.78150686650585,548.6177672666588,1,6.355251235845572e-05,0.776904072697042,0.1654751458004283,0.05762078150252978,200.0,92.08150686650585,-209.9815208388561,-1.4,-1.0,-11.2,0.0,0.0,-29.5,-9.0,-3.5,-6.1,-5.5,-14.9
84,10796747.92237441,36,4.218478459620826,65.78150757071259,548.617773139743,1,6.38668139231413e-05,0.7778499957486708,0.164756965541947,0.05739303870938226,200.0,92.08150757071259,-209.98152154037916,-1.4,-1.0,-11.2,0.0,0.0,-29.5,-9.0,-3.5,-6.1,-5.5,-14.9
85,10796747.910894807,37,4.218477757436261,65.78150825040585,548.6177788083847,1,6.417807230718608e-05,0.7790482697501905,0.1638529679890323,0.057098762260777286,200.0,92.08150825040585,-209.98152224256373,-1.4,-1.0,-11.2,0.0,0.0,-29.5,-9.0,-3.5,-6.1,-5.5,-14.9
86,10796747.908722974,38,4.218477479626841,65.78150852350223,548.6177810860086,1,6.430177244283186e-05,0.7804192727942668,0.16282288872551465,0.056757838480218564,200.0,92.08150852350222,-209.98152252037315,-1.4,-1.0,-11.2,0.0,0.0,-29.5,-9.0,-3.5,-6.1,-5.5,-14.9
87,10796747.908722974,39,4.218477479626841,65.78150852350223,548.6177810860086,1,6.430177244283186e-05,0.7818001943772851,0.1617841159773998,0.05641568964531506,200.0,92.08150852350222,-209.98152252037315,-1.4,-1.0,-11.2,0.0,0.0,-29.5,-9.0,-3.5,-6.1,-5.5,-14.9
88,10796747.90814234,40,4.218477425553829,65.78150857607555,548.61778152447,1,6.432577227997172e-05,0.7830191901636866,0.16086821524720107,0.05611259458911236,200.0,92.08150857607555,-209.98152257444616,-1.4,-1.0,-11.2,0.0,0.0,-29.5,-9.0,-3.5,-6.1,-5.5,-14.9
89,10796747.907903083,41,4.218477110520013,65.78150888995803,548.61778414225,1,6.44666034986585e-05,0.7842602774538877,0.15992513039086476,0.05581459215524756,200.0,92.08150888995803,-209.98152288947998,-1.4,-1.0,-11.2,0.0,0.0,-29.5,-9.0,-3.5,-6.1,-5.5,-14.9
90,10796747.907873547,42,4.2184770962736025,65.78150890406155,548.6177842598734,1,6.447296009355341e-05,0.7856094579501729,0.15889562480296343,0.05549491724686367,200.0,92.08150890406155,-209.9815229037264,-1.4,-1.0,-11.2,0.0,0.0,-29.5,-9.0,-3.5,-6.1,-5.5,-14.9
91,10796747.90786362,43,4.218477270347734,65.78150873048716,548.6177828122629,1,6.439512472979913e-05,0.7869207173103597,0.15789924362896754,0.0551800390606728,200.0,92.08150873048716,-209.98152272965226,-1.4,-1.0,-11.2,0.0,0.0,-29.5,-9.0,-3.5,-6.1,-5.5,-14.9
92,10796747.907834733,44,4.218477268650446,65.78150873210308,548.6177828257396,1,6.439587350541842e-05,0.7882400545355769,0.15687998795552577,0.05487995750889739,200.0,92.08150873210307,-209.98152273134954,-1.4,-1.0,-11.2,0.0,0.0,-29.5,-9.0,-3.5,-6.1,-5.5,-14.9
93,10796747.907834733,45,4.218477268650446,65.78150873210308,548.6177828257396,1,6.439587350541842e-05,0.7896216383804138,0.1558162412708889,0.0545621203486973,200.0,92.08150873210307,-209.98152273134954,-1.4,-1.0,-11.2,0.0,0.0,-29.5,-9.0,-3.5,-6.1,-5.5,-14.9
94,10796747.907672847,46,4.218477285932551,65.78150871440437,548.6177826781325,1,6.438808416078245e-05,0.7908336302755404,0.15487775743483348,0.05428861228962613,200.0,92.08150871440436,-209.98152271406744,-1.4,-1.0,-11.2,0.0,0.0,-29.5,-9.0,-3.5,-6.1,-5.5,-14.9
95,10796747.907578066,47,4.218477262298222,65.7815087377455,548.6177828727974,1,6.439862210072533e-05,0.7921906329992012,0.15383259132140167,0.05397677567939714,200.0,92.0815087377455,-209.98152273770177,-1.4,-1.0,-11.2,0.0,0.0,-29.5,-9.0,-3.5,-6.1,-5.5,-14.9
96,10796747.907573763,48,4.218477262191556,65.78150873784026,548.6177828735877,1,6.439866825758145e-05,0.7937720297715773,0.1526236506667004,0.05360431956172229,200.0,92.08150873784025,-209.98152273780843,-1.4,-1.0,-11.2,0.0,0.0,-29.5,-9.0,-3.5,-6.1,-5.5,-14.9
97,10796747.907566,49,4.218477260107761,65.78150873989932,548.6177828907603,1,6.43995975224243e-05,0.7952990547012144,0.15145605703769083,0.05324488826109477,200.0,92.08150873989932,-209.98152273989223,-1.4,-1.0,-11.2,0.0,0.0,-29.5,-9.0,-3.5,-6.1,-5.5,-14.9
98,10796747.907566,0,4.218477260107761,65.78150873989932,548.6177828907603,1,6.43995975224243e-05,0.7967920440684562,0.15031863152020525,0.052889324411338666,200.0,92.08150873989932,-209.98152273989223,-1.4,-1.0,-11.2,0.0,0.0,-29.5,-9.0,-3.5,-6.1,-5.5,-14.9
99,10796747.90756404,1,4.218477259753115,65.78150874024803,548.6177828936685,1,6.439975544481058e-05,0.798150792344363,0.14928515910626225,0.05256404854937468,200.0,92.08150874024803,-209.98152274024687,-1.4,-1.0,-11.2,0.0,0.0,-29.5,-9.0,-3.5,-6.1,-5.5,-14.9
100,10796747.907563996,2,4.218477259751779,65.78150874024927,548.6177828936789,1,6.439975602461346e-05,0.7994690630597521,0.14827809701006947,0.052252839930178534,200.0,92.08150874024926,-209.9815227402482,-1.4,-1.0,-11.2,0.0,0.0,-29.5,-9.0,-3.5,-6.1,-5.5,-14.9
101,10796747.907563971,3,4.21847725975087,65.78150874025012,548.6177828936859,1,6.439975642251739e-05,0.800760794158173,0.14728859766821947,0.05195060817360754,200.0,92.08150874025011,-209.98152274024912,-1.4,-1.0,-11.2,0.0,0.0,-29.5,-9.0,-3.5,-6.1,-5.5,-14.9
102,10796747.907563971,4,4.21847725975087,65.78150874025012,548.6177828936859,1,6.439975642251739e-05,0.8020001947744985,0.14634157797280142,0.051658227252700084,200.0,92.08150874025011,-209.98152274024912,-1.4,-1.0,-11.2,0.0,0.0,-29.5,-9.0,-3.5,-6.1,-5.5,-14.9
103,10796747.907563971,5,4.21847725975087,65.78150874025012,548.6177828936859,1,6.439975642251739e-05,0.8031135504743897,0.14548293262727216,0.0514035168983381,200.0,92.08150874025011,-209.98152274024912,-1.4,-1.0,-11.2,0.0,0.0,-29.5,-9.0,-3.5,-6.1,-5.5,-14.9
104,10796747.907563971,6,4.21847725975087,65.78150874025012,548.6177828936859,1,6.439975642251739e-05,0.8040995845137593,0.14471930992564006,0.0511811055606007,200.0,92.08150874025011,-209.98152274024912,-1.4,-1.0,-11.2,0.0,0.0,-29.5,-9.0,-3.5,-6.1,-5.5,-14.9
105,10796747.907563971,7,4.21847725975087,65.78150874025012,548.6177828936859,1,6.439975642251739e-05,0.8049803312008461,0.14402739523645267,0.05099227356270127,200.0,92.08150874025011,-209.98152274024912,-1.4,-1.0,-11.2,0.0,0.0,-29.5,-9.0,-3.5,-6.1,-5.5,-14.9
106,10796747.90756392,8,4.2184772597413485,65.78150874025947,548.6177828937639,1,6.439976066303643e-05,0.8057887395715715,0.14339239086094704,0.05081886956748154,200.0,92.08150874025947,-209.98152274025864,-1.4,-1.0,-11.2,0.0,0.0,-29.5,-9.0,-3.5,-6.1,-5.5,-14.9
107,10796747.90756392,9,4.2184772597413485,65.78150874025947,548.6177828937639,1,6.439976066303643e-05,0.8065766325902894,0.1427684357037482,0.05065493170596241,200.0,92.08150874025947,-209.98152274025864,-1.4,-1.0,-11.2,0.0,0.0,-29.5,-9.0,-3.5,-6.1,-5.5,-14.9
108,10796747.90756392,10,4.2184772597413485,65.78150874025947,548.6177828937639,1,6.439976066303643e-05,0.8072668168200525,0.14222319672028164,0.05050998645966589,200.0,92.08150874025947,-209.98152274025864,-1.4,-1.0,-11.2,0.0,0.0,-29.5,-9.0,-3.5,-6.1,-5.5,-14.9
109,10796747.90756392,11,4.2184772597413485,65.78150874025947,548.6177828937639,1,6.439976066303643e-05,0.8078759497708964,0.14173037056292045,0.05039367966618324,200.0,92.08150874025947,-209.98152274025864,-1.4,-1.0,-11.2,0.0,0.0,-29.5,-9.0,-3.5,-6.1,-5.5,-14.9
110,10796747.90756391,12,4.218477259735806,65.78150874026493,548.6177828938095,1,6.439976314140949e-05,0.8083990972443306,0.14130356627801588,0.050297336477653574,200.0,92.08150874026492,-209.98152274026418,-1.4,-1.0,-11.2,0.0,0.0,-29.5,-9.0,-3.5,-6.1,-5.5,-14.9
111,10796747.90756391,13,4.218477259735806,65.78150874026493,548.6177828938095,1,6.439976314140949e-05,0.8089369181265283,0.14086186158494962,0.05020122028852207,200.0,92.08150874026492,-209.98152274026418,-1.4,-1.0,-11.2,0.0,0.0,-29.5,-9.0,-3.5,-6.1,-5.5,-14.9
112,10796747.90756391,14,4.218477259735806,65.78150874026493,548.6177828938095,1,6.439976314140949e-05,0.8094224559898289,0.1404476037468938,0.050129940263277335,200.0,92.08150874026492,-209.98152274026418,-1.4,-1.0,-11.2,0.0,0.0,-29.5,-9.0,-3.5,-6.1,-5.5,-14.9
113,10796747.907563895,15,4.218477259736375,65.78150874026436,548.6177828938047,1,6.439976287992976e-05,0.8098267451877006,0.14008969290694528,0.050083561905354075,200.0,92.08150874026435,-209.9815227402636,-1.4,-1.0,-11.2,0.0,0.0,-29.5,-9.0,-3.5,-6.1,-5.5,-14.9
114,10796747.907563787,16,4.218477259709573,65.78150874029082,548.6177828940254,1,6.439977482841641e-05,0.8102288489001435,0.13973197225815537,0.05003917884170122,200.0,92.08150874029081,-209.98152274029042,-1.4,-1.0,-11.2,0.0,0.0,-29.5,-9.0,-3.5,-6.1,-5.5,-14.9
115,10796747.907563686,17,4.218477259653241,65.78150874034681,548.6177828944924,1,6.43997999873136e-05,0.8107494608346123,0.13928067954954762,0.04996985961584009,200.0,92.0815087403468,-209.98152274034675,-1.4,-1.0,-11.2,0.0,0.0,-29.5,-9.0,-3.5,-6.1,-5.5,-14.9
116,10796747.907563686,18,4.218477259653241,65.78150874034681,548.6177828944924,1,6.43997999873136e-05,0.811292422372082,0.13881989938539652,0.049887678242521515,200.0,92.0815087403468,-209.98152274034675,-1.4,-1.0,-11.2,0.0,0.0,-29.5,-9.0,-3.5,-6.1,-5.5,-14.9
117,10796747.907563686,19,4.218477259653241,65.78150874034681,548.6177828944924,1,6.43997999873136e-05,0.8118070510172081,0.1383727555445484,0.049820193438243544,200.0,92.0815087403468,-209.98152274034675,-1.4,-1.0,-11.2,0.0,0.0,-29.5,-9.0,-3.5,-6.1,-5.5,-14.9
118,10796747.907563686,20,4.218477259653241,65.78150874034681,548.6177828944924,1,6.43997999873136e-05,0.8122404978104439,0.13799055516281397,0.04976894702674212,200.0,92.0815087403468,-209.98152274034675,-1.4,-1.0,-11.2,0.0,0.0,-29.5,-9.0,-3.5,-6.1,-5.5,-14.9
119,10796747.907563686,21,4.218477259653241,65.78150874034681,548.6177828944924,1,6.43997999873136e-05,0.8126262525950996,0.13764567435835276,0.04972807304654776,200.0,92.0815087403468,-209.98152274034675,-1.4,-1.0,-11.2,0.0,0.0,-29.5,-9.0,-3.5,-6.1,-5.5,-14.9
120,10796747.907563686,22,4.218477259653241,65.78150874034681,548.6177828944924,1,6.43997999873136e-05,0.8129682912795623,0.13733114696017829,0.04970056176025946,200.0,92.0815087403468,-209.98152274034675,-1.4,-1.0,-11.2,0.0,0.0,-29.5,-9.0,-3.5,-6.1,-5.5,-14.9
121,10796747.907563686,23,4.218477259653241,65.78150874034681,548.6177828944924,1,6.43997999873136e-05,0.8132357809839443,0.13706982428540515,0.049694394730650494,200.0,92.0815087403468,-209.98152274034675,-1.4,-1.0,-11.2,0.0,0.0,-29.5,-9.0,-3.5,-6.1,-5.5,-14.9
122,10796747.907563686,24,4.218477259653241,65.78150874034681,548.6177828944924,1,6.43997999873136e-05,0.8134389179547843,0.1368529252788002,0.0497081567664155,200.0,92.0815087403468,-209.98152274034675,-1.4,-1.0,-11.2,0.0,0.0,-29.5,-9.0,-3.5,-6.1,-5.5,-14.9
123,10796747.907563686,25,4.218477259653241,65.78150874034681,548.6177828944924,1,6.43997999873136e-05,0.8135837322342278,0.13668674770993902,0.04972952005583331,200.0,92.0815087403468,-209.98152274034675,-1.4,-1.0,-11.2,0.0,0.0,-29.5,-9.0,-3.5,-6.1,-5.5,-14.9
124,10796747.907563686,26,4.218477259653241,65.78150874034681,548.6177828944924,1,6.43997999873136e-05,0.8136902764349532,0.13653757147170117,0.04977215209334566,200.0,92.0815087403468,-209.98152274034675,-1.4,-1.0,-11.2,0.0,0.0,-29.5,-9.0,-3.5,-6.1,-5.5,-14.9
125,10796747.907563686,27,4.218477259653241,65.78150874034681,548.6177828944924,1,6.43997999873136e-05,0.8137407331453965,0.13643099388436222,0.049828272970241276,200.0,92.0815087403468,-209.98152274034675,-1.4,-1.0,-11.2,0.0,0.0,-29.5,-9.0,-3.5,-6.1,-5.5,-14.9
126,10796747.907563686,28,4.218477259653241,65.78150874034681,548.6177828944924,1,6.43997999873136e-05,0.8137395358435039,0.13635966973452798,0.049900794421968195,200.0,92.0815087403468,-209.98152274034675,-1.4,-1.0,-11.2,0.0,0.0,-29.5,-9.0,-3.5,-6.1,-5.5,-14.9
127,10796747.907563686,29,4.218477259653241,65.78150874034681,548.6177828944924,1,6.43997999873136e-05,0.813699188670169,0.1363199077109831,0.04998090361884794,200.0,92.0815087403468,-209.98152274034675,-1.4,-1.0,-11.2,0.0,0.0,-29.5,-9.0,-3.5,-6.1,-5.5,-14.9
128,10796747.907563686,30,4.218477259653241,65.78150874034681,548.6177828944924,1,6.43997999873136e-05,0.8136279189667147,0.13630419833733343,0.05006788269595183,200.0,92.0815087403468,-209.98152274034675,-1.4,-1.0,-11.2,0.0,0.0,-29.5,-9.0,-3.5,-6.1,-5.5,-14.9
129,10796747.907563686,31,4.218477259653241,65.78150874034681,548.6177828944924,1,6.43997999873136e-05,0.81352764522865,0.13631107280087798,0.050161281970472066,200.0,92.0815087403468,-209.98152274034675,-1.4,-1.0,-11.2,0.0,0.0,-29.5,-9.0,-3.5,-6.1,-5.5,-14.9
130,10796747.907563686,32,4.218477259653241,65.78150874034681,548.6177828944924,1,6.43997999873136e-05,0.8134037359939718,0.13634321183879733,0.050253052167230895,200.0,92.0815087403468,-209.98152274034675,-1.4,-1.0,-11.2,0.0,0.0,-29.5,-9.0,-3.5,-6.1,-5.5,-14.9
131,10796747.907563675,33,4.218477259651962,65.78150874034806,548.6177828945029,1,6.439980055574778e-05,0.813233259332925,0.13640768373759832,0.05035905692947672,200.0,92.08150874034806,-209.98152274034803,-1.4,-1.0,-11.2,0.0,0.0,-29.5,-9.0,-3.5,-6.1,-5.5,-14.9
132,10796747.907563675,34,4.218477259651962,65.78150874034806,548.6177828945029,1,6.439980055574778e-05,0.8131091977784773,0.1364384638224645,0.05045233839905811,200.0,92.08150874034806,-209.98152274034803,-1.4,-1.0,-11.2,0.0,0.0,-29.5,-9.0,-3.5,-6.1,-5.5,-14.9
133,10796747.907563675,35,4.218477259651962,65.78150874034806,548.6177828945029,1,6.439980055574778e-05,0.8129582779987712,0.1364978581405327,0.050543863860696106,200.0,92.08150874034806,-209.98152274034803,-1.4,-1.0,-11.2,0.0,0.0,-29.5,-9.0,-3.5,-6.1,-5.5,-14.9
134,10796747.907563675,36,4.218477259651962,65.78150874034806,548.6177828945029,1,6.439980055574778e-05,0.8127741066332962,0.13658082138764593,0.05064507197905793,200.0,92.08150874034806,-209.98152274034803,-1.4,-1.0,-11.2,0.0,0.0,-29.5,-9.0,-3.5,-6.1,-5.5,-14.9
135,10796747.907563675,37,4.218477259651962,65.78150874034806,548.6177828945029,1,6.439980055574778e-05,0.8125690310125225,0.1366796747915533,0.05075129419592425,200.0,92.08150874034806,-209.98152274034803,-1.4,-1.0,-11.2,0.0,0.0,-29.5,-9.0,-3.5,-6.1,-5.5,-14.9
136,10796747.907563675,38,4.218477259651962,65.78150874034806,548.6177828945029,1,6.439980055574778e-05,0.8123511805357732,0.13678314605873476,0.05086567340549217,200.0,92.08150874034806,-209.98152274034803,-1.4,-1.0,-11.2,0.0,0.0,-29.5,-9.0,-3.5,-6.1,-5.5,-14.9
137,10796747.907563675,39,4.218477259651962,65.78150874034806,548.6177828945029,1,6.439980055574778e-05,0.8120966861692263,0.1369221979770612,0.0509811158537124,200.0,92.08150874034806,-209.98152274034803,-1.4,-1.0,-11.2,0.0,0.0,-29.5,-9.0,-3.5,-6.1,-5.5,-14.9
138,10796747.907563675,40,4.218477259651962,65.78150874034806,548.6177828945029,1,6.439980055574778e-05,0.811812125392253,0.1370756548043595,0.051112219803387586,200.0,92.08150874034806,-209.98152274034803,-1.4,-1.0,-11.2,0.0,0.0,-29.5,-9.0,-3.5,-6.1,-5.5,-14.9
139,10796747.907563675,41,4.218477259651962,65.78150874034806,548.6177828945029,1,6.439980055574778e-05,0.8115197079186675,0.137230316325858,0.05124997575547461,200.0,92.08150874034806,-209.98152274034803,-1.4,-1.0,-11.2,0.0,0.0,-29.5,-9.0,-3.5,-6.1,-5.5,-14.9
140,10796747.907563675,42,4.218477259651962,65.78150874034806,548.6177828945029,1,6.439980055574778e-05,0.8112134377824294,0.13739612314661595,0.05139043907095467,200.0,92.08150874034806,-209.98152274034803,-1.4,-1.0,-11.2,0.0,0.0,-29.5,-9.0,-3.5,-6.1,-5.5,-14.9
141,10796747.907563675,43,4.218477259651962,65.78150874034806,548.6177828945029,1,6.439980055574778e-05,0.8108897627019972,0.1375729549154931,0.05153728238250967,200.0,92.08150874034806,-209.98152274034803,-1.4,-1.0,-11.2,0.0,0.0,-29.5,-9.0,-3.5,-6.1,-5.5,-14.9
142,10796747.907563675,44,4.218477259651962,65.78150874034806,548.6177828945029,1,6.439980055574778e-05,0.8105508624274872,0.13775530682508966,0.05169383074742318,200.0,92.08150874034806,-209.98152274034803,-1.4,-1.0,-11.2,0.0,0.0,-29.5,-9.0,-3.5,-6.1,-5.5,-14.9
143,10796747.907563671,45,4.218477259652417,65.78150874034759,548.6177828944989,1,6.439980035111148e-05,0.8101912773260563,0.13795275792132522,0.051855964752618444,200.0,92.08150874034759,-209.98152274034757,-1.4,-1.0,-11.2,0.0,0.0,-29.5,-9.0,-3.5,-6.1,-5.5,-14.9
144,10796747.907563671,46,4.218477259652417,65.78150874034759,548.6177828944989,1,6.439980035111148e-05,0.809898849272759,0.13810066355993095,0.05200048716731001,200.0,92.08150874034759,-209.98152274034757,-1.4,-1.0,-11.2,0.0,0.0,-29.5,-9.0,-3.5,-6.1,-5.5,-14.9
145,10796747.907563671,47,4.218477259652417,65.78150874034759,548.6177828944989,1,6.439980035111148e-05,0.809598761875863,0.13825826108285588,0.05214297704128109,200.0,92.08150874034759,-209.98152274034757,-1.4,-1.0,-11.2,0.0,0.0,-29.5,-9.0,-3.5,-6.1,-5.5,-14.9
146,10796747.907563666,48,4.21847725965236,65.78150874034763,548.6177828944992,1,6.439980037384885e-05,0.8092970658959694,0.13841963035010046,0.05228330375393022,200.0,92.08150874034763,-209.98152274034763,-1.4,-1.0,-11.2,0.0,0.0,-29.5,-9.0,-3.5,-6.1,-5.5,-14.9
147,10796747.907563666,49,4.21847725965236,65.78150874034763,548.6177828944992,1,6.439980037384885e-05,0.8090597845846818,0.1385332399408231,0.052406975474495174,200.0,92.08150874034763,-209.98152274034763,-1.4,-1.0,-11.2,0.0,0.0,-29.5,-9.0,-3.5,-6.1,-5.5,-14.9
148,10796747.907563666,0,4.21847725965236,65.78150874034763,548.6177828944992,1,6.439980037384885e-05,0.8088254571171384,0.13863812753697421,0.052536415345887405,200.0,92.08150874034763,-209.98152274034763,-1.4,-1.0,-11.2,0.0,0.0,-29.5,-9.0,-3.5,-6.1,-5.5,-14.9
149,10796747.907563666,1,4.21847725965236,65.78150874034763,548.6177828944992,1,6.439980037384885e-05,0.8085612570265959,0.13877014850133396,0.05266859447207025,200.0,92.08150874034763,-209.98152274034763,-1.4,-1.0,-11.2,0.0,0.0,-29.5,-9.0,-3.5,-6.1,-5.5,-14.9
150,10796747.907563666,2,4.21847725965236,65.78150874034763,548.6177828944992,1,6.439980037384885e-05,0.8082928300832126,0.13891567281792874,0.05279149709885866,200.0,92.08150874034763,-209.98152274034763,-1.4,-1.0,-11.2,0.0,0.0,-29.5,-9.0,-3.5,-6.1,-5.5,-14.9
151,10796747.907563666,3,4.21847725965236,65.78150874034763,548.6177828944992,1,6.439980037384885e-05,0.8080021501839013,0.13908071041348113,0.05291713940261756,200.0,92.08150874034763,-209.98152274034763,-1.4,-1.0,-11.2,0.0,0.0,-29.5,-9.0,-3.5,-6.1,-5.5,-14.9
152,10796747.907563666,4,4.21847725965236,65.78150874034763,548.6177828944992,1,6.439980037384885e-05,0.807697748991802,0.13924981493236094,0.05305243607583703,200.0,92.08150874034763,-209.98152274034763,-1.4,-1.0,-11.2,0.0,0.0,-29.5,-9.0,-3.5,-6.1,-5.5,-14.9
153,10796747.907563666,5,4.21847725965236,65.78150874034763,548.6177828944992,1,6.439980037384885e-05,0.8073822156240282,0.13943570079844397,0.053182083577527815,200.0,92.08150874034763,-209.98152274034763,-1.4,-1.0,-11.2,0.0,0.0,-29.5,-9.0,-3.5,-6.1,-5.5,-14.9
154,10796747.907563666,6,4.21847725965236,65.78150874034763,548.6177828944992,1,6.439980037384885e-05,0.8070599665455424,0.13961916725334375,0.05332086620111387,200.0,92.08150874034763,-209.98152274034763,-1.4,-1.0,-11.2,0.0,0.0,-29.5,-9.0,-3.5,-6.1,-5.5,-14.9
155,10796747.907563666,7,4.21847725965236,65.78150874034763,548.6177828944992,1,6.439980037384885e-05,0.8067193260613207,0.13981940614401694,0.05346126779466245,200.0,92.08150874034763,-209.98152274034763,-1.4,-1.0,-11.2,0.0,0.0,-29.5,-9.0,-3.5,-6.1,-5.5,-14.9
156,10796747.907563666,8,4.21847725965236,65.78150874034763,548.6177828944992,1,6.439980037384885e-05,0.8063423971645727,0.14004658609671586,0.053611016738711555,200.0,92.08150874034763,-209.98152274034763,-1.4,-1.0,-11.2,0.0,0.0,-29.5,-9.0,-3.5,-6.1,-5.5,-14.9
157,10796747.907563666,9,4.21847725965236,65.78150874034763,548.6177828944992,1,6.439980037384885e-05,0.8059651864972537,0.14027724178965664,0.05375757171308966,200.0,92.08150874034763,-209.98152274034763,-1.4,-1.0,-11.2,0.0,0.0,-29.5,-9.0,-3.5,-6.1,-5.5,-14.9
158,10796747.907563666,10,4.21847725965236,65.78150874034763,548.6177828944992,1,6.439980037384885e-05,0.8055714126031625,0.1405307571996276,0.053897830197210006,200.0,92.08150874034763,-209.98152274034763,-1.4,-1.0,-11.2,0.0,0.0,-29.5,-9.0,-3.5,-6.1,-5.5,-14.9
159,10796747.907563666,11,4.21847725965236,65.78150874034763,548.6177828944992,1,6.439980037384885e-05,0.805179552427712,0.14078154575263904,0.05403890181964897,200.0,92.08150874034763,-209.98152274034763,-1.4,-1.0,-11.2,0.0,0.0,-29.5,-9.0,-3.5,-6.1,-5.5,-14.9
160,10796747.907563666,12,4.21847725965236,65.78150874034763,548.6177828944992,1,6.439980037384885e-05,0.8047690142848959,0.14104976293043317,0.05418122278467091,200.0,92.08150874034763,-209.98152274034763,-1.4,-1.0,-11.2,0.0,0.0,-29.5,-9.0,-3.5,-6.1,-5.5,-14.9
161,10796747.907563666,13,4.21847725965236,65.78150874034763,548.6177828944992,1,6.439980037384885e-05,0.8043582987642103,0.1413101898137036,0.05433151142208607,200.0,92.08150874034763,-209.98152274034763,-1.4,-1.0,-11.2,0.0,0.0,-29.5,-9.0,-3.5,-6.1,-5.5,-14.9
162,10796747.907563666,14,4.21847725965236,65.78150874034763,548.6177828944992,1,6.439980037384885e-05,0.8039321698752298,0.14157811473967027,0.05448971538509997,200.0,92.08150874034763,-209.98152274034763,-1.4,-1.0,-11.2,0.0,0.0,-29.5,-9.0,-3.5,-6.1,-5.5,-14.9
163,10796747.907563666,15,4.21847725965236,65.78150874034763,548.6177828944992,1,6.439980037384885e-05,0.803506168848992,0.1418424972233005,0.05465133392770761,200.0,92.08150874034763,-209.98152274034763,-1.4,-1.0,-11.2,0.0,0.0,-29.5,-9.0,-3.5,-6.1,-5.5,-14.9
164,10796747.907563666,16,4.21847725965236,65.78150874034763,548.6177828944992,1,6.439980037384885e-05,0.8030991546231905,0.14209252652109416,0.05480831885571538,200.0,92.08150874034763,-209.98152274034763,-1.4,-1.0,-11.2,0.0,0.0,-29.5,-9.0,-3.5,-6.1,-5.5,-14.9
165,10796747.907563666,17,4.21847725965236,65.78150874034763,548.6177828944992,1,6.439980037384885e-05,0.8026984218925368,0.1423476943941813,0.054953883713281915,200.0,92.08150874034763,-209.98152274034763,-1.4,-1.0,-11.2,0.0,0.0,-29.5,-9.0,-3.5,-6.1,-5.5,-14.9
166,10796747.907563666,18,4.21847725965236,65.78150874034763,548.6177828944992,1,6.439980037384885e-05,0.8022667244176449,0.14262924526776793,0.05510403031458713,200.0,92.08150874034763,-209.98152274034763,-1.4,-1.0,-11.2,0.0,0.0,-29.5,-9.0,-3.5,-6.1,-5.5,-14.9
167,10796747.907563666,19,4.21847725965236,65.78150874034763,548.6177828944992,1,6.439980037384885e-05,0.8018639678800298,0.14288986698871547,0.055246165131254805,200.0,92.08150874034763,-209.98152274034763,-1.4,-1.0,-11.2,0.0,0.0,-29.5,-9.0,-3.5,-6.1,-5.5,-14.9
168,10796747.907563666,20,4.21847725965236,65.78150874034763,548.6177828944992,1,6.439980037384885e-05,0.8014660943024462,0.14314184849162379,0.05539205720593004,200.0,92.08150874034763,-209.98152274034763,-1.4,-1.0,-11.2,0.0,0.0,-29.5,-9.0,-3.5,-6.1,-5.5,-14.9
169,10796747.907563666,21,4.21847725965236,65.78150874034763,548.6177828944992,1,6.439980037384885e-05,0.8010530292639093,0.1434050334633965,0.05554193727269414,200.0,92.08150874034763,-209.98152274034763,-1.4,-1.0,-11.2,0.0,0.0,-29.5,-9.0,-3.5,-6.1,-5.5,-14.9
170,10796747.907563666,22,4.21847725965236,65.78150874034763,548.6177828944992,1,6.439980037384885e-05,0.8006382783374835,0.1436773224720999,0.05568439919041669,200.0,92.08150874034763,-209.98152274034763,-1.4,-1.0,-11.2,0.0,0.0,-29.5,-9.0,-3.5,-6.1,-5.5,-14.9
171,10796747.907563666,23,4.21847725965236,65.78150874034763,548.6177828944992,1,6.439980037384885e-05,0.8002237785686117,0.14394927494754714,0.055826946483841115,200.0,92.08150874034763,-209.98152274034763,-1.4,-1.0,-11.2,0.0,0.0,-29.5,-9.0,-3.5,-6.1,-5.5,-14.9
172,10796747.907563666,24,4.21847725965236,65.78150874034763,548.6177828944992,1,6.439980037384885e-05,0.7998097038566272,0.14422077906712383,0.05596951707624897,200.0,92.08150874034763,-209.98152274034763,-1.4,-1.0,-11.2,0.0,0.0,-29.5,-9.0,-3.5,-6.1,-5.5,-14.9
173,10796747.907563666,25,4.21847725965236,65.78150874034763,548.6177828944992,1,6.439980037384885e-05,0.7994011487519254,0.14448690916665177,0.05611194208142293,200.0,92.08150874034763,-209.98152274034763,-1.4,-1.0,-11.2,0.0,0.0,-29.5,-9.0,-3.5,-6.1,-5.5,-14.9
174,10796747.907563666,26,4.21847725965236,65.78150874034763,548.6177828944992,1,6.439980037384885e-05,0.7989840468236178,0.14475788090356811,0.0562580722728141,200.0,92.08150874034763,-209.98152274034763,-1.4,-1.0,-11.2,0.0,0.0,-29.5,-9.0,-3.5,-6.1,-5.5,-14.9
175,10796747.907563666,27,4.21847725965236,65.78150874034763,548.6177828944992,1,6.439980037384885e-05,0.7985541460933305,0.14503808878685076,0.05640776511981873,200.0,92.08150874034763,-209.98152274034763,-1.4,-1.0,-11.2,0.0,0.0,-29.5,-9.0,-3.5,-6.1,-5.5,-14.9
176,10796747.907563666,28,4.21847725965236,65.78150874034763,548.6177828944992,1,6.439980037384885e-05,0.7981246077399843,0.14532564094882347,0.05654975131119227,200.0,92.08150874034763,-209.98152274034763,-1.4,-1.0,-11.2,0.0,0.0,-29.5,-9.0,-3.5,-6.1,-5.5,-14.9
177,10796747.907563666,29,4.21847725965236,65.78150874034763,548.6177828944992,1,6.439980037384885e-05,0.7977061571408606,0.14560609367489158,0.056687749184247814,200.0,92.08150874034763,-209.98152274034763,-1.4,-1.0,-11.2,0.0,0.0,-29.5,-9.0,-3.5,-6.1,-5.5,-14.9
178,10796747.907563666,30,4.21847725965236,65.78150874034763,548.6177828944992,1,6.439980037384885e-05,0.7972934862546112,0.14588448515336694,0.05682202859202192,200.0,92.08150874034763,-209.98152274034763,-1.4,-1.0,-11.2,0.0,0.0,-29.5,-9.0,-3.5,-6.1,-5.5,-14.9
179,10796747.907563666,31,4.21847725965236,65.78150874034763,548.6177828944992,1,6.439980037384885e-05,0.7969106073491945,0.1461371517619844,0.056952240888821136,200.0,92.08150874034763,-209.98152274034763,-1.4,-1.0,-11.2,0.0,0.0,-29.5,-9.0,-3.5,-6.1,-5.5,-14.9
180,10796747.907563666,32,4.21847725965236,65.78150874034763,548.6177828944992,1,6.439980037384885e-05,0.796537511039257,0.14638001284478025,0.057082476115962816,200.0,92.08150874034763,-209.98152274034763,-1.4,-1.0,-11.2,0.0,0.0,-29.5,-9.0,-3.5,-6.1,-5.5,-14.9
181,10796747.907563666,33,4.21847725965236,65.78150874034763,548.6177828944992,1,6.439980037384885e-05,0.7961760387538429,0.14660071859928228,0.05722324264687481,200.0,92.08150874034763,-209.98152274034763,-1.4,-1.0,-11.2,0.0,0.0,-29.5,-9.0,-3.5,-6.1,-5.5,-14.9
182,10796747.907563666,34,4.21847725965236,65.78150874034763,548.6177828944992,1,6.439980037384885e-05,0.7958234019175205,0.14681320432604592,0.0573633937564336,200.0,92.08150874034763,-209.98152274034763,-1.4,-1.0,-11.2,0.0,0.0,-29.5,-9.0,-3.5,-6.1,-5.5,-14.9
183,10796747.907563666,35,4.21847725965236,65.78150874034763,548.6177828944992,1,6.439980037384885e-05,0.7954730832388048,0.14703092757779565,0.057495989183399474,200.0,92.08150874034763,-209.98152274034763,-1.4,-1.0,-11.2,0.0,0.0,-29.5,-9.0,-3.5,-6.1,-5.5,-14.9
184,10796747.907563666,36,4.21847725965236,65.78150874034763,548.6177828944992,1,6.439980037384885e-05,0.7951460353141727,0.14722246264240366,0.05763150204342357,200.0,92.08150874034763,-209.98152274034763,-1.4,-1.0,-11.2,0.0,0.0,-29.5,-9.0,-3.5,-6.1,-5.5,-14.9
185,10796747.907563666,37,4.21847725965236,65.78150874034763,548.6177828944992,1,6.439980037384885e-05,0.7947942959185786,0.14743498460149884,0.05777071947992251,200.0,92.08150874034763,-209.98152274034763,-1.4,-1.0,-11.2,0.0,0.0,-29.5,-9.0,-3.5,-6.1,-5.5,-14.9
186,10796747.907563666,38,4.21847725965236,65.78150874034763,548.6177828944992,1,6.439980037384885e-05,0.7944393953342928,0.14764055681786623,0.057920047847841015,200.0,92.08150874034763,-209.98152274034763,-1.4,-1.0,-11.2,0.0,0.0,-29.5,-9.0,-3.5,-6.1,-5.5,-14.9
187,10796747.907563666,39,4.21847725965236,65.78150874034763,548.6177828944992,1,6.439980037384885e-05,0.7940849220160131,0.14784327906750303,0.05807179891648389,200.0,92.08150874034763,-209.98152274034763,-1.4,-1.0,-11.2,0.0,0.0,-29.5,-9.0,-3.5,-6.1,-5.5,-14.9
188,10796747.907563666,40,4.21847725965236,65.78150874034763,548.6177828944992,1,6.439980037384885e-05,0.7937336549726002,0.14805120055444668,0.05821514447295323,200.0,92.08150874034763,-209.98152274034763,-1.4,-1.0,-11.2,0.0,0.0,-29.5,-9.0,-3.5,-6.1,-5.5,-14.9
189,10796747.907563666,41,4.21847725965236,65.78150874034763,548.6177828944992,1,6.439980037384885e-05,0.7933789596313259,0.14825632738532088,0.058364712983353245,200.0,92.08150874034763,-209.98152274034763,-1.4,-1.0,-11.2,0.0,0.0,-29.5,-9.0,-3.5,-6.1,-5.5,-14.9
190,10796747.907563666,42,4.21847725965236,65.78150874034763,548.6177828944992,1,6.439980037384885e-05,0.7930165475361307,0.14846320825002374,0.058520244213845524,200.0,92.08150874034763,-209.98152274034763,-1.4,-1.0,-11.2,0.0,0.0,-29.5,-9.0,-3.5,-6.1,-5.5,-14.9
191,10796747.907563666,43,4.21847725965236,65.78150874034763,548.6177828944992,1,6.439980037384885e-05,0.7926765079169372,0.14865681919945456,0.05866667288360824,200.0,92.08150874034763,-209.98152274034763,-1.4,-1.0,-11.2,0.0,0.0,-29.5,-9.0,-3.5,-6.1,-5.5,-14.9
192,10796747.907563666,44,4.21847725965236,65.78150874034763,548.6177828944992,1,6.439980037384885e-05,0.7923582908221931,0.1488337493951959,0.058807959782610955,200.0,92.08150874034763,-209.98152274034763,-1.4,-1.0,-11.2,0.0,0.0,-29.5,-9.0,-3.5,-6.1,-5.5,-14.9
193,10796747.907563666,45,4.21847725965236,65.78150874034763,548.6177828944992,1,6.439980037384885e-05,0.792030925419457,0.14901362681181843,0.05895544776872466,200.0,92.08150874034763,-209.98152274034763,-1.4,-1.0,-11.2,0.0,0.0,-29.5,-9.0,-3.5,-6.1,-5.5,-14.9
194,10796747.907563666,46,4.21847725965236,65.78150874034763,548.6177828944992,1,6.439980037384885e-05,0.791703460699507,0.14919143960014875,0.05910509970034427,200.0,92.08150874034763,-209.98152274034763,-1.4,-1.0,-11.2,0.0,0.0,-29.5,-9.0,-3.5,-6.1,-5.5,-14.9
195,10796747.907563666,47,4.21847725965236,65.78150874034763,548.6177828944992,1,6.439980037384885e-05,0.791383267831994,0.14937063884822785,0.05924609331977813,200.0,92.08150874034763,-209.98152274034763,-1.4,-1.0,-11.2,0.0,0.0,-29.5,-9.0,-3.5,-6.1,-5.5,-14.9
196,10796747.907563666,48,4.21847725965236,65.78150874034763,548.6177828944992,1,6.439980037384885e-05,0.7910712261945391,0.14954295367330805,0.05938582013215291,200.0,92.08150874034763,-209.98152274034763,-1.4,-1.0,-11.2,0.0,0.0,-29.5,-9.0,-3.5,-6.1,-5.5,-14.9
197,10796747.907563666,49,4.21847725965236,65.78150874034763,548.6177828944992,1,6.439980037384885e-05,0.7907419713975573,0.14972275532784776,0.05953527327459493,200.0,92.08150874034763,-209.98152274034763,-1.4,-1.0,-11.2,0.0,0.0,-29.5,-9.0,-3.5,-6.1,-5.5,-14.9
198,10796747.907563666,0,4.21847725965236,65.78150874034763,548.6177828944992,1,6.439980037384885e-05,0.7904204326555737,0.14990360133554873,0.05967596600887759,200.0,92.08150874034763,-209.98152274034763,-1.4,-1.0,-11.2,0.0,0.0,-29.5,-9.0,-3.5,-6.1,-5.5,-14.9
199,10796747.907563666,1,4.21847725965236,65.78150874034763,548.6177828944992,1,6.439980037384885e-05,0.7900991277187251,0.1500819517237241,0.059818920557550746,200.0,92.08150874034763,-209.98152274034763,-1.4,-1.0,-11.2,0.0,0.0,-29.5,-9.0,-3.5,-6.1,-5.5,-14.9
200,10796747.907563666,2,4.21847725965236,65.78150874034763,548.6177828944992,1,6.439980037384885e-05,0.7897781588792567,0.15025786298028268,0.05996397814046065,200.0,92.08150874034763,-209.98152274034763,-1.4,-1.0,-11.2,0.0,0.0,-29.5,-9.0,-3.5,-6.1,-5.5,-14.9
201,10796747.907563666,3,4.21847725965236,65.78150874034763,548.6177828944992,1,6.439980037384885e-05,0.7894614825199008,0.15043108938137306,0.06010742809872623,200.0,92.08150874034763,-209.98152274034763,-1.4,-1.0,-11.2,0.0,0.0,-29.5,-9.0,-3.5,-6.1,-5.5,-14.9
202,10796747.907563666,4,4.21847725965236,65.78150874034763,548.6177828944992,1,6.439980037384885e-05,0.789153349550264,0.1505974186798598,0.060249231769876316,200.0,92.08150874034763,-209.98152274034763,-1.4,-1.0,-11.2,0.0,0.0,-29.5,-9.0,-3.5,-6.1,-5.5,-14.9
203,10796747.907563666,5,4.21847725965236,65.78150874034763,548.6177828944992,1,6.439980037384885e-05,0.7888452021721142,0.15076173728539632,0.0603930605424895,200.0,92.08150874034763,-209.98152274034763,-1.4,-1.0,-11.2,0.0,0.0,-29.5,-9.0,-3.5,-6.1,-5.5,-14.9
204,10796747.907563666,6,4.21847725965236,65.78150874034763,548.6177828944992,1,6.439980037384885e-05,0.7885414807914259,0.1509198287894481,0.06053869041912592,200.0,92.08150874034763,-209.98152274034763,-1.4,-1.0,-11.2,0.0,0.0,-29.5,-9.0,-3.5,-6.1,-5.5,-14.9
205,10796747.907563666,7,4.21847725965236,65.78150874034763,548.6177828944992,1,6.439980037384885e-05,0.7882415558218296,0.15107592580936702,0.06068251836880336,200.0,92.08150874034763,-209.98152274034763,-1.4,-1.0,-11.2,0.0,0.0,-29.5,-9.0,-3.5,-6.1,-5.5,-14.9
206,10796747.907563666,8,4.21847725965236,65.78150874034763,548.6177828944992,1,6.439980037384885e-05,0.787944849036589,0.15123401202009187,0.0608211389433191,200.0,92.08150874034763,-209.98152274034763,-1.4,-1.0,-11.2,0.0,0.0,-29.5,-9.0,-3.5,-6.1,-5.5,-14.9
207,10796747.907563666,9,4.21847725965236,65.78150874034763,548.6177828944992,1,6.439980037384885e-05,0.7876394026131849,0.15139867926566067,0.06096191812115447,200.0,92.08150874034763,-209.98152274034763,-1.4,-1.0,-11.2,0.0,0.0,-29.5,-9.0,-3.5,-6.1,-5.5,-14.9
208,10796747.907563666,10,4.21847725965236,65.78150874034763,548.6177828944992,1,6.439980037384885e-05,0.7873386303088693,0.15155689158368651,0.0611044781074442,200.0,92.08150874034763,-209.98152274034763,-1.4,-1.0,-11.2,0.0,0.0,-29.5,-9.0,-3.5,-6.1,-5.5,-14.9
209,10796747.907563666,11,4.21847725965236,65.78150874034763,548.6177828944992,1,6.439980037384885e-05,0.7870347521229414,0.15170947976477642,0.061255768112282206,200.0,92.08150874034763,-209.98152274034763,-1.4,-1.0,-11.2,0.0,0.0,-29.5,-9.0,-3.5,-6.1,-5.5,-14.9
210,10796747.907563666,12,4.21847725965236,65.78150874034763,548.6177828944992,1,6.439980037384885e-05,0.78673475042468,0.151863951041598,0.06140129853372195,200.0,92.08150874034763,-209.98152274034763,-1.4,-1.0,-11.2,0.0,0.0,-29.5,-9.0,-3.5,-6.1,-5.5,-14.9
211,10796747.907563666,13,4.21847725965236,65.78150874034763,548.6177828944992,1,6.439980037384885e-05,0.7864309491582092,0.1520206578067799,0.06154839303501097,200.0,92.08150874034763,-209.98152274034763,-1.4,-1.0,-11.2,0.0,0.0,-29.5,-9.0,-3.5,-6.1,-5.5,-14.9
212,10796747.907563666,14,4.21847725965236,65.78150874034763,548.6177828944992,1,6.439980037384885e-05,0.7861152444163276,0.15218768468834115,0.06169707089533121,200.0,92.08150874034763,-209.98152274034763,-1.4,-1.0,-11.2,0.0,0.0,-29.5,-9.0,-3.5,-6.1,-5.5,-14.9
213,10796747.907563666,15,4.21847725965236,65.78150874034763,548.6177828944992,1,6.439980037384885e-05,0.7858039300671954,0.152359505471403,0.06183656446140158,200.0,92.08150874034763,-209.98152274034763,-1.4,-1.0,-11.2,0.0,0.0,-29.5,-9.0,-3.5,-6.1,-5.5,-14.9
214,10796747.907563666,16,4.21847725965236,65.78150874034763,548.6177828944992,1,6.439980037384885e-05,0.7854931115748761,0.15253604396310355,0.061970844462020384,200.0,92.08150874034763,-209.98152274034763,-1.4,-1.0,-11.2,0.0,0.0,-29.5,-9.0,-3.5,-6.1,-5.5,-14.9
215,10796747.907563666,17,4.21847725965236,65.78150874034763,548.6177828944992,1,6.439980037384885e-05,0.7851716403649419,0.15271771631917916,0.06211064331587901,200.0,92.08150874034763,-209.98152274034763,-1.4,-1.0,-11.2,0.0,0.0,-29.5,-9.0,-3.5,-6.1,-5.5,-14.9
216,10796747.907563666,18,4.21847725965236,65.78150874034763,548.6177828944992,1,6.439980037384885e-05,0.7848514345686453,0.15290342883584074,0.06224513659551405,200.0,92.08150874034763,-209.98152274034763,-1.4,-1.0,-11.2,0.0,0.0,-29.5,-9.0,-3.5,-6.1,-5.5,-14.9
217,10796747.907563666,19,4.21847725965236,65.78150874034763,548.6177828944992,1,6.439980037384885e-05,0.7845288121467521,0.15309313233081837,0.06237805552242959,200.0,92.08150874034763,-209.98152274034763,-1.4,-1.0,-11.2,0.0,0.0,-29.5,-9.0,-3.5,-6.1,-5.5,-14.9
218,10796747.907563666,20,4.21847725965236,65.78150874034763,548.6177828944992,1,6.439980037384885e-05,0.7842040234313872,0.15328653497241893,0.06250944159619397,200.0,92.08150874034763,-209.98152274034763,-1.4,-1.0,-11.2,0.0,0.0,-29.5,-9.0,-3.5,-6.1,-5.5,-14.9
219,10796747.907563666,21,4.21847725965236,65.78150874034763,548.6177828944992,1,6.439980037384885e-05,0.7838759566241483,0.15349492063569925,0.06262912274015246,200.0,92.08150874034763,-209.98152274034763,-1.4,-1.0,-11.2,0.0,0.0,-29.5,-9.0,-3.5,-6.1,-5.5,-14.9
220,10796747.907563666,22,4.21847725965236,65.78150874034763,548.6177828944992,1,6.439980037384885e-05,0.7835425666675142,0.15370610736950346,0.06275132596298236,200.0,92.08150874034763,-209.98152274034763,-1.4,-1.0,-11.2,0.0,0.0,-29.5,-9.0,-3.5,-6.1,-5.5,-14.9
221,10796747.907563666,23,4.21847725965236,65.78150874034763,548.6177828944992,1,6.439980037384885e-05,0.7832162019774386,0.15391148041861408,0.06287231760394738,200.0,92.08150874034763,-209.98152274034763,-1.4,-1.0,-11.2,0.0,0.0,-29.5,-9.0,-3.5,-6.1,-5.5,-14.9
222,10796747.907563666,24,4.21847725965236,65.78150874034763,548.6177828944992,1,6.439980037384885e-05,0.7828846820525436,0.15411963396600128,0.06299568398145514,200.0,92.08150874034763,-209.98152274034763,-1.4,-1.0,-11.2,0.0,0.0,-29.5,-9.0,-3.5,-6.1,-5.5,-14.9
223,10796747.907563666,25,4.21847725965236,65.78150874034763,548.6177828944992,1,6.439980037384885e-05,0.7825652351126718,0.15431032752231305,0.06312443736501507,200.0,92.08150874034763,-209.98152274034763,-1.4,-1.0,-11.2,0.0,0.0,-29.5,-9.0,-3.5,-6.1,-5.5,-14.9
224,10796747.907563666,26,4.21847725965236,65.78150874034763,548.6177828944992,1,6.439980037384885e-05,0.7822759615282843,0.1544796090067647,0.06324442946495105,200.0,92.08150874034763,-209.98152274034763,-1.4,-1.0,-11.2,0.0,0.0,-29.5,-9.0,-3.5,-6.1,-5.5,-14.9
225,10796747.907563666,27,4.21847725965236,65.78150874034763,548.6177828944992,1,6.439980037384885e-05,0.7819844247469158,0.1546455131941874,0.06337006205889685,200.0,92.08150874034763,-209.98152274034763,-1.4,-1.0,-11.2,0.0,0.0,-29.5,-9.0,-3.5,-6.1,-5.5,-14.9
226,10796747.907563666,28,4.21847725965236,65.78150874034763,548.6177828944992,1,6.439980037384885e-05,0.7816867857656784,0.15481213584255263,0.06350107839176893,200.0,92.08150874034763,-209.98152274034763,-1.4,-1.0,-11.2,0.0,0.0,-29.5,-9.0,-3.5,-6.1,-5.5,-14.9
227,10796747.907563666,29,4.21847725965236,65.78150874034763,548.6177828944992,1,6.439980037384885e-05,0.7814016965620718,0.15497831735875517,0.06361998607917309,200.0,92.08150874034763,-209.98152274034763,-1.4,-1.0,-11.2,0.0,0.0,-29.5,-9.0,-3.5,-6.1,-5.5,-14.9
228,10796747.907563666,30,4.21847725965236,65.78150874034763,548.6177828944992,1,6.439980037384885e-05,0.7811245061815482,0.15514798474295385,0.06372750907549807,200.0,92.08150874034763,-209.98152274034763,-1.4,-1.0,-11.2,0.0,0.0,-29.5,-9.0,-3.5,-6.1,-5.5,-14.9
229,10796747.907563666,31,4.21847725965236,65.78150874034763,548.6177828944992,1,6.439980037384885e-05,0.7808480659746139,0.15531756556048534,0.06383436846490081,200.0,92.08150874034763,-209.98152274034763,-1.4,-1.0,-11.2,0.0,0.0,-29.5,-9.0,-3.5,-6.1,-5.5,-14.9
230,10796747.907563666,32,4.21847725965236,65.78150874034763,548.6177828944992,1,6.439980037384885e-05,0.7805911678116757,0.15547849372981845,0.06393033845850589,200.0,92.08150874034763,-209.98152274034763,-1.4,-1.0,-11.2,0.0,0.0,-29.5,-9.0,-3.5,-6.1,-5.5,-14.9
231,10796747.907563666,33,4.21847725965236,65.78150874034763,548.6177828944992,1,6.439980037384885e-05,0.7803587319133714,0.1556087777697867,0.06403249031684195,200.0,92.08150874034763,-209.98152274034763,-1.4,-1.0,-11.2,0.0,0.0,-29.5,-9.0,-3.5,-6.1,-5.5,-14.9
232,10796747.907563666,34,4.21847725965236,65.78150874034763,548.6177828944992,1,6.439980037384885e-05,0.7801134946378085,0.15574886095982018,0.06413764440237121,200.0,92.08150874034763,-209.98152274034763,-1.4,-1.0,-11.2,0.0,0.0,-29.5,-9.0,-3.5,-6.1,-5.5,-14.9
233,10796747.907563666,35,4.21847725965236,65.78150874034763,548.6177828944992,1,6.439980037384885e-05,0.7798637459327309,0.1558940641423885,0.06424218992488058,200.0,92.08150874034763,-209.98152274034763,-1.4,-1.0,-11.2,0.0,0.0,-29.5,-9.0,-3.5,-6.1,-5.5,-14.9
234,10796747.907563666,36,4.21847725965236,65.78150874034763,548.6177828944992,1,6.439980037384885e-05,0.7796247832402186,0.1560358978585834,0.064339318901198,200.0,92.08150874034763,-209.98152274034763,-1.4,-1.0,-11.2,0.0,0.0,-29.5,-9.0,-3.5,-6.1,-5.5,-14.9
235,10796747.907563666,37,4.21847725965236,65.78150874034763,548.6177828944992,1,6.439980037384885e-05,0.7794007370508881,0.1561633226236182,0.06443594032549374,200.0,92.08150874034763,-209.98152274034763,-1.4,-1.0,-11.2,0.0,0.0,-29.5,-9.0,-3.5,-6.1,-5.5,-14.9
236,10796747.907563666,38,4.21847725965236,65.78150874034763,548.6177828944992,1,6.439980037384885e-05,0.7791862055677689,0.15628824603575325,0.06452554839647795,200.0,92.08150874034763,-209.98152274034763,-1.4,-1.0,-11.2,0.0,0.0,-29.5,-9.0,-3.5,-6.1,-5.5,-14.9
237,10796747.907563666,39,4.21847725965236,65.78150874034763,548.6177828944992,1,6.439980037384885e-05,0.7789553956267546,0.15641939357339413,0.06462521079985124,200.0,92.08150874034763,-209.98152274034763,-1.4,-1.0,-11.2,0.0,0.0,-29.5,-9.0,-3.5,-6.1,-5.5,-14.9
238,10796747.907563666,40,4.21847725965236,65.78150874034763,548.6177828944992,1,6.439980037384885e-05,0.7787349319170326,0.15654413973047762,0.06472092835248984,200.0,92.08150874034763,-209.98152274034763,-1.4,-1.0,-11.2,0.0,0.0,-29.5,-9.0,-3.5,-6.1,-5.5,-14.9
239,10796747.907563666,41,4.21847725965236,65.78150874034763,548.6177828944992,1,6.439980037384885e-05,0.7785211472318762,0.1566593794114005,0.06481947335672335,200.0,92.08150874034763,-209.98152274034763,-1.4,-1.0,-11.2,0.0,0.0,-29.5,-9.0,-3.5,-6.1,-5.5,-14.9
240,10796747.907563666,42,4.21847725965236,65.78150874034763,548.6177828944992,1,6.439980037384885e-05,0.7783238682260634,0.15676865057993533,0.06490748119400135,200.0,92.08150874034763,-209.98152274034763,-1.4,-1.0,-11.2,0.0,0.0,-29.5,-9.0,-3.5,-6.1,-5.5,-14.9
241,10796747.907563666,43,4.21847725965236,65.78150874034763,548.6177828944992,1,6.439980037384885e-05,0.7781095512224212,0.15688826753921328,0.06500218123836557,200.0,92.08150874034763,-209.98152274034763,-1.4,-1.0,-11.2,0.0,0.0,-29.5,-9.0,-3.5,-6.1,-5.5,-14.9
242,10796747.907563666,44,4.21847725965236,65.78150874034763,548.6177828944992,1,6.439980037384885e-05,0.7778975929362797,0.15700594845843388,0.06509645860528643,200.0,92.08150874034763,-209.98152274034763,-1.4,-1.0,-11.2,0.0,0.0,-29.5,-9.0,-3.5,-6.1,-5.5,-14.9
243,10796747.907563666,45,4.21847725965236,65.78150874034763,548.6177828944992,1,6.439980037384885e-05,0.7777075105934382,0.15709591869530415,0.0651965707112576,200.0,92.08150874034763,-209.98152274034763,-1.4,-1.0,-11.2,0.0,0.0,-29.5,-9.0,-3.5,-6.1,-5.5,-14.9
244,10796747.907563666,46,4.21847725965236,65.78150874034763,548.6177828944992,1,6.439980037384885e-05,0.7775191935737151,0.15717836729102733,0.06530243913525759,200.0,92.08150874034763,-209.98152274034763,-1.4,-1.0,-11.2,0.0,0.0,-29.5,-9.0,-3.5,-6.1,-5.5,-14.9
245,10796747.907563666,47,4.21847725965236,65.78150874034763,548.6177828944992,1,6.439980037384885e-05,0.7773325636700567,0.15725368592391298,0.06541375040603035,200.0,92.08150874034763,-209.98152274034763,-1.4,-1.0,-11.2,0.0,0.0,-29.5,-9.0,-3.5,-6.1,-5.5,-14.9
246,10796747.907563666,48,4.21847725965236,65.78150874034763,548.6177828944992,1,6.439980037384885e-05,0.7771433130813281,0.15733296466927582,0.06552372224939607,200.0,92.08150874034763,-209.98152274034763,-1.4,-1.0,-11.2,0.0,0.0,-29.5,-9.0,-3.5,-6.1,-5.5,-14.9
247,10796747.907563666,49,4.21847725965236,65.78150874034763,548.6177828944992,1,6.439980037384885e-05,0.7769662780631974,0.15740476872003276,0.06562895321676991,200.0,92.08150874034763,-209.98152274034763,-1.4,-1.0,-11.2,0.0,0.0,-29.5,-9.0,-3.5,-6.1,-5.5,-14.9
248,10796747.907563666,0,4.21847725965236,65.78150874034763,548.6177828944992,1,6.439980037384885e-05,0.7767830521526657,0.15747729761585008,0.06573965023148423,200.0,92.08150874034763,-209.98152274034763,-1.4,-1.0,-11.2,0.0,0.0,-29.5,-9.0,-3.5,-6.1,-5.5,-14.9
249,10796747.907563666,1,4.21847725965236,65.78150874034763,548.6177828944992,1,6.439980037384885e-05,0.7766043853138923,0.15754999767941438,0.06584561700669332,200.0,92.08150874034763,-209.98152274034763,-1.4,-1.0,-11.2,0.0,0.0,-29.5,-9.0,-3.5,-6.1,-5.5,-14.9
250,10796747.907563666,2,4.21847725965236,65.78150874034763,548.6177828944992,1,6.439980037384885e-05,0.7764298379532513,0.15762630768573743,0.06594385436101129,200.0,92.08150874034763,-209.98152274034763,-1.4,-1.0,-11.2,0.0,0.0,-29.5,-9.0,-3.5,-6.1,-5.5,-14.9
251,10796747.907563666,3,4.21847725965236,65.78150874034763,548.6177828944992,1,6.439980037384885e-05,0.7762528719292928,0.15769938249839946,0.0660477455723077,200.0,92.08150874034763,-209.98152274034763,-1.4,-1.0,-11.2,0.0,0.0,-29.5,-9.0,-3.5,-6.1,-5.5,-14.9
252,10796747.907563666,4,4.21847725965236,65.78150874034763,548.6177828944992,1,6.439980037384885e-05,0.776104630273129,0.15776451760762625,0.06613085211924472,200.0,92.08150874034763,-209.98152274034763,-1.4,-1.0,-11.2,0.0,0.0,-29.5,-9.0,-3.5,-6.1,-5.5,-14.9
253,10796747.907563666,5,4.21847725965236,65.78150874034763,548.6177828944992,1,6.439980037384885e-05,0.7759493291553459,0.15782714725473235,0.06622352358992177,200.0,92.08150874034763,-209.98152274034763,-1.4,-1.0,-11.2,0.0,0.0,-29.5,-9.0,-3.5,-6.1,-5.5,-14.9
254,10796747.907563666,6,4.21847725965236,65.78150874034763,548.6177828944992,1,6.439980037384885e-05,0.7757979997983453,0.15788007542628058,0.06632192477537413,200.0,92.08150874034763,-209.98152274034763,-1.4,-1.0,-11.2,0.0,0.0,-29.5,-9.0,-3.5,-6.1,-5.5,-14.9
255,10796747.907563666,7,4.21847725965236,65.78150874034763,548.6177828944992,1,6.439980037384885e-05,0.7756570169488582,0.15792694524234321,0.0664160378087985,200.0,92.08150874034763,-209.98152274034763,-1.4,-1.0,-11.2,0.0,0.0,-29.5,-9.0,-3.5,-6.1,-5.5,-14.9
256,10796747.907563666,8,4.21847725965236,65.78150874034763,548.6177828944992,1,6.439980037384885e-05,0.7755006972790319,0.15799291332194926,0.06650638939901882,200.0,92.08150874034763,-209.98152274034763,-1.4,-1.0,-11.2,0.0,0.0,-29.5,-9.0,-3.5,-6.1,-5.5,-14.9
257,10796747.907563666,9,4.21847725965236,65.78150874034763,548.6177828944992,1,6.439980037384885e-05,0.7753474143587825,0.15806599193443008,0.06658659370678746,200.0,92.08150874034763,-209.98152274034763,-1.4,-1.0,-11.2,0.0,0.0,-29.5,-9.0,-3.5,-6.1,-5.5,-14.9
258,10796747.907563666,10,4.21847725965236,65.78150874034763,548.6177828944992,1,6.439980037384885e-05,0.7751941515526298,0.15813913331809817,0.06666671512927208,200.0,92.08150874034763,-209.98152274034763,-1.4,-1.0,-11.2,0.0,0.0,-29.5,-9.0,-3.5,-6.1,-5.5,-14.9
259,10796747.907563666,11,4.21847725965236,65.78150874034763,548.6177828944992,1,6.439980037384885e-05,0.7750373888869284,0.15821583353557672,0.06674677757749473,200.0,92.08150874034763,-209.98152274034763,-1.4,-1.0,-11.2,0.0,0.0,-29.5,-9.0,-3.5,-6.1,-5.5,-14.9
260,10796747.907563666,12,4.21847725965236,65.78150874034763,548.6177828944992,1,6.439980037384885e-05,0.7748813669634247,0.15828560567639008,0.06683302736018523,200.0,92.08150874034763,-209.98152274034763,-1.4,-1.0,-11.2,0.0,0.0,-29.5,-9.0,-3.5,-6.1,-5.5,-14.9
261,10796747.907563666,13,4.21847725965236,65.78150874034763,548.6177828944992,1,6.439980037384885e-05,0.774729198260601,0.15835203051778501,0.06691877122161391,200.0,92.08150874034763,-209.98152274034763,-1.4,-1.0,-11.2,0.0,0.0,-29.5,-9.0,-3.5,-6.1,-5.5,-14.9
262,10796747.907563666,14,4.21847725965236,65.78150874034763,548.6177828944992,1,6.439980037384885e-05,0.7745803044910256,0.15842196875125764,0.06699772675771679,200.0,92.08150874034763,-209.98152274034763,-1.4,-1.0,-11.2,0.0,0.0,-29.5,-9.0,-3.5,-6.1,-5.5,-14.9
263,10796747.907563666,15,4.21847725965236,65.78150874034763,548.6177828944992,1,6.439980037384885e-05,0.7744380647963184,0.15849172126620334,0.06707021393747832,200.0,92.08150874034763,-209.98152274034763,-1.4,-1.0,-11.2,0.0,0.0,-29.5,-9.0,-3.5,-6.1,-5.5,-14.9
264,10796747.907563666,16,4.21847725965236,65.78150874034763,548.6177828944992,1,6.439980037384885e-05,0.7742992780304715,0.15855476107111163,0.06714596089841691,200.0,92.08150874034763,-209.98152274034763,-1.4,-1.0,-11.2,0.0,0.0,-29.5,-9.0,-3.5,-6.1,-5.5,-14.9
265,10796747.907563666,17,4.21847725965236,65.78150874034763,548.6177828944992,1,6.439980037384885e-05,0.7741428042514219,0.15863217497964757,0.06722502076893047,200.0,92.08150874034763,-209.98152274034763,-1.4,-1.0,-11.2,0.0,0.0,-29.5,-9.0,-3.5,-6.1,-5.5,-14.9
266,10796747.907563666,18,4.21847725965236,65.78150874034763,548.6177828944992,1,6.439980037384885e-05,0.7739630478458849,0.1587234254382542,0.06731352671586098,200.0,92.08150874034763,-209.98152274034763,-1.4,-1.0,-11.2,0.0,0.0,-29.5,-9.0,-3.5,-6.1,-5.5,-14.9
267,10796747.907563666,19,4.21847725965236,65.78150874034763,548.6177828944992,1,6.439980037384885e-05,0.7737744794347343,0.1588272165022461,0.0673983040630196,200.0,92.08150874034763,-209.98152274034763,-1.4,-1.0,-11.2,0.0,0.0,-29.5,-9.0,-3.5,-6.1,-5.5,-14.9
268,10796747.907563666,20,4.21847725965236,65.78150874034763,548.6177828944992,1,6.439980037384885e-05,0.7735782370910261,0.15893286890165415,0.06748889400731972,200.0,92.08150874034763,-209.98152274034763,-1.4,-1.0,-11.2,0.0,0.0,-29.5,-9.0,-3.5,-6.1,-5.5,-14.9
269,10796747.907563666,21,4.21847725965236,65.78150874034763,548.6177828944992,1,6.439980037384885e-05,0.7733778804428905,0.1590434325218289,0.06757868703528058,200.0,92.08150874034763,-209.98152274034763,-1.4,-1.0,-11.2,0.0,0.0,-29.5,-9.0,-3.5,-6.1,-5.5,-14.9
270,10796747.907563666,22,4.21847725965236,65.78150874034763,548.6177828944992,1,6.439980037384885e-05,0.773177167100999,0.15915516757542042,0.06766766532358057,200.0,92.08150874034763,-209.98152274034763,-1.4,-1.0,-11.2,0.0,0.0,-29.5,-9.0,-3.5,-6.1,-5.5,-14.9
271,10796747.907563666,23,4.21847725965236,65.78150874034763,548.6177828944992,1,6.439980037384885e-05,0.7729694470815702,0.1592715197235559,0.06775903319487381,200.0,92.08150874034763,-209.98152274034763,-1.4,-1.0,-11.2,0.0,0.0,-29.5,-9.0,-3.5,-6.1,-5.5,-14.9
272,10796747.907563666,24,4.21847725965236,65.78150874034763,548.6177828944992,1,6.439980037384885e-05,0.7727653355540003,0.15938523913874184,0.0678494253072579,200.0,92.08150874034763,-209.98152274034763,-1.4,-1.0,-11.2,0.0,0.0,-29.5,-9.0,-3.5,-6.1,-5.5,-14.9
273,10796747.907563666,25,4.21847725965236,65.78150874034763,548.6177828944992,1,6.439980037384885e-05,0.7725648752334716,0.15949314293918315,0.06794198182734522,200.0,92.08150874034763,-209.98152274034763,-1.4,-1.0,-11.2,0.0,0.0,-29.5,-9.0,-3.5,-6.1,-5.5,-14.9
274,10796747.907563666,26,4.21847725965236,65.78150874034763,548.6177828944992,1,6.439980037384885e-05,0.7723509337398327,0.15960921740112566,0.0680398488590417,200.0,92.08150874034763,-209.98152274034763,-1.4,-1.0,-11.2,0.0,0.0,-29.5,-9.0,-3.5,-6.1,-5.5,-14.9
275,10796747.907563666,27,4.21847725965236,65.78150874034763,548.6177828944992,1,6.439980037384885e-05,0.7721414061092423,0.1597160182145136,0.06814257567624415,200.0,92.08150874034763,-209.98152274034763,-1.4,-1.0,-11.2,0.0,0.0,-29.5,-9.0,-3.5,-6.1,-5.5,-14.9
276,10796747.907563666,28,4.21847725965236,65.78150874034763,548.6177828944992,1,6.439980037384885e-05,0.7719421239485121,0.15982362131661673,0.0682342547348711,200.0,92.08150874034763,-209.98152274034763,-1.4,-1.0,-11.2,0.0,0.0,-29.5,-9.0,-3.5,-6.1,-5.5,-14.9
277,10796747.907563666,29,4.21847725965236,65.78150874034763,548.6177828944992,1,6.439980037384885e-05,0.7717358853216701,0.15994228515877706,0.06832182951955278,200.0,92.08150874034763,-209.98152274034763,-1.4,-1.0,-11.2,0.0,0.0,-29.5,-9.0,-3.5,-6.1,-5.5,-14.9
278,10796747.907563666,30,4.21847725965236,65.78150874034763,548.6177828944992,1,6.439980037384885e-05,0.7715506105819745,0.1600379602045899,0.06841142921343561,200.0,92.08150874034763,-209.98152274034763,-1.4,-1.0,-11.2,0.0,0.0,-29.5,-9.0,-3.5,-6.1,-5.5,-14.9
279,10796747.907563666,31,4.21847725965236,65.78150874034763,548.6177828944992,1,6.439980037384885e-05,0.7713681182499073,0.16013188771604037,0.06849999403405242,200.0,92.08150874034763,-209.98152274034763,-1.4,-1.0,-11.2,0.0,0.0,-29.5,-9.0,-3.5,-6.1,-5.5,-14.9
280,10796747.907563666,32,4.21847725965236,65.78150874034763,548.6177828944992,1,6.439980037384885e-05,0.7711850925477439,0.16022423581431744,0.0685906716379387,200.0,92.08150874034763,-209.98152274034763,-1.4,-1.0,-11.2,0.0,0.0,-29.5,-9.0,-3.5,-6.1,-5.5,-14.9
281,10796747.907563666,33,4.21847725965236,65.78150874034763,548.6177828944992,1,6.439980037384885e-05,0.7710013231983203,0.1603215079833159,0.06867716881836389,200.0,92.08150874034763,-209.98152274034763,-1.4,-1.0,-11.2,0.0,0.0,-29.5,-9.0,-3.5,-6.1,-5.5,-14.9
282,10796747.907563666,34,4.21847725965236,65.78150874034763,548.6177828944992,1,6.439980037384885e-05,0.7708301399765711,0.16041335220916134,0.06875650781426755,200.0,92.08150874034763,-209.98152274034763,-1.4,-1.0,-11.2,0.0,0.0,-29.5,-9.0,-3.5,-6.1,-5.5,-14.9
283,10796747.907563666,35,4.21847725965236,65.78150874034763,548.6177828944992,1,6.439980037384885e-05,0.7706513288322697,0.16051026298257887,0.06883840818515148,200.0,92.08150874034763,-209.98152274034763,-1.4,-1.0,-11.2,0.0,0.0,-29.5,-9.0,-3.5,-6.1,-5.5,-14.9
284,10796747.907563666,36,4.21847725965236,65.78150874034763,548.6177828944992,1,6.439980037384885e-05,0.7704686848134497,0.16060862866471076,0.06892268652183962,200.0,92.08150874034763,-209.98152274034763,-1.4,-1.0,-11.2,0.0,0.0,-29.5,-9.0,-3.5,-6.1,-5.5,-14.9
285,10796747.907563666,37,4.21847725965236,65.78150874034763,548.6177828944992,1,6.439980037384885e-05,0.7702824666597294,0.16070833470003185,0.06900919864023868,200.0,92.08150874034763,-209.98152274034763,-1.4,-1.0,-11.2,0.0,0.0,-29.5,-9.0,-3.5,-6.1,-5.5,-14.9
286,10796747.907563666,38,4.21847725965236,65.78150874034763,548.6177828944992,1,6.439980037384885e-05,0.7701027198340769,0.1608026135980386,0.06909466656788459,200.0,92.08150874034763,-209.98152274034763,-1.4,-1.0,-11.2,0.0,0.0,-29.5,-9.0,-3.5,-6.1,-5.5,-14.9
287,10796747.907563666,39,4.21847725965236,65.78150874034763,548.6177828944992,1,6.439980037384885e-05,0.769932432625886,0.1608884702221354,0.06917909715197873,200.0,92.08150874034763,-209.98152274034763,-1.4,-1.0,-11.2,0.0,0.0,-29.5,-9.0,-3.5,-6.1,-5.5,-14.9
288,10796747.907563666,40,4.21847725965236,65.78150874034763,548.6177828944992,1,6.439980037384885e-05,0.7697612675108928,0.16097612375597148,0.06926260873313574,200.0,92.08150874034763,-209.98152274034763,-1.4,-1.0,-11.2,0.0,0.0,-29.5,-9.0,-3.5,-6.1,-5.5,-14.9
289,10796747.907563666,41,4.21847725965236,65.78150874034763,548.6177828944992,1,6.439980037384885e-05,0.7695894446895842,0.1610622845709959,0.06934827073941985,200.0,92.08150874034763,-209.98152274034763,-1.4,-1.0,-11.2,0.0,0.0,-29.5,-9.0,-3.5,-6.1,-5.5,-14.9
290,10796747.907563666,42,4.21847725965236,65.78150874034763,548.6177828944992,1,6.439980037384885e-05,0.769410386869521,0.16115664949935068,0.06943296363112832,200.0,92.08150874034763,-209.98152274034763,-1.4,-1.0,-11.2,0.0,0.0,-29.5,-9.0,-3.5,-6.1,-5.5,-14.9
291,10796747.907563666,43,4.21847725965236,65.78150874034763,548.6177828944992,1,6.439980037384885e-05,0.7692604790634192,0.1612200629964421,0.06951945794013867,200.0,92.08150874034763,-209.98152274034763,-1.4,-1.0,-11.2,0.0,0.0,-29.5,-9.0,-3.5,-6.1,-5.5,-14.9
292,10796747.907563666,44,4.21847725965236,65.78150874034763,548.6177828944992,1,6.439980037384885e-05,0.769121860599794,0.16127036591367508,0.06960777348653097,200.0,92.08150874034763,-209.98152274034763,-1.4,-1.0,-11.2,0.0,0.0,-29.5,-9.0,-3.5,-6.1,-5.5,-14.9
293,10796747.907563666,45,4.21847725965236,65.78150874034763,548.6177828944992,1,6.439980037384885e-05,0.7689841816392834,0.16132097017392175,0.06969484818679485,200.0,92.08150874034763,-209.98152274034763,-1.4,-1.0,-11.2,0.0,0.0,-29.5,-9.0,-3.5,-6.1,-5.5,-14.9
294,10796747.907563666,46,4.21847725965236,65.78150874034763,548.6177828944992,1,6.439980037384885e-05,0.7688441369020173,0.16137813141632754,0.06977773168165526,200.0,92.08150874034763,-209.98152274034763,-1.4,-1.0,-11.2,0.0,0.0,-29.5,-9.0,-3.5,-6.1,-5.5,-14.9
295,10796747.907563666,47,4.21847725965236,65.78150874034763,548.6177828944992,1,6.439980037384885e-05,0.7687179136746184,0.1614255922073226,0.06985649411805897,200.0,92.08150874034763,-209.98152274034763,-1.4,-1.0,-11.2,0.0,0.0,-29.5,-9.0,-3.5,-6.1,-5.5,-14.9
296,10796747.907563666,48,4.21847725965236,65.78150874034763,548.6177828944992,1,6.439980037384885e-05,0.7685794007162143,0.1614830276079657,0.06993757167581992,200.0,92.08150874034763,-209.98152274034763,-1.4,-1.0,-11.2,0.0,0.0,-29.5,-9.0,-3.5,-6.1,-5.5,-14.9
297,10796747.907563666,49,4.21847725965236,65.78150874034763,548.6177828944992,1,6.439980037384885e-05,0.7684355159280389,0.1615497260787626,0.07001475799319855,200.0,92.08150874034763,-209.98152274034763,-1.4,-1.0,-11.2,0.0,0.0,-29.5,-9.0,-3.5,-6.1,-5.5,-14.9
298,10796747.907563666,0,4.21847725965236,65.78150874034763,548.6177828944992,1,6.439980037384885e-05,0.7682993196834824,0.16161253890295044,0.07008814141356721,200.0,92.08150874034763,-209.98152274034763,-1.4,-1.0,-11.2,0.0,0.0,-29.5,-9.0,-3.5,-6.1,-5.5,-14.9
299,10796747.907563666,1,4.21847725965236,65.78150874034763,548.6177828944992,1,6.439980037384885e-05,0.7681516401560374,0.1616813289073926,0.07016703093656998,200.0,92.08150874034763,-209.98152274034763,-1.4,-1.0,-11.2,0.0,0.0,-29.5,-9.0,-3.5,-6.1,-5.5,-14.9
300,10796747.907563666,2,4.21847725965236,65.78150874034763,548.6177828944992,1,6.439980037384885e-05,0.7680182184028655,0.16173983069896597,0.07024195089816843,200.0,92.08150874034763,-209.98152274034763,-1.4,-1.0,-11.2,0.0,0.0,-29.5,-9.0,-3.5,-6.1,-5.5,-14.9
301,10796747.907563666,3,4.21847725965236,65.78150874034763,548.6177828944992,1,6.439980037384885e-05,0.767904506061682,0.16178541998745527,0.07031007395086275,200.0,92.08150874034763,-209.98152274034763,-1.4,-1.0,-11.2,0.0,0.0,-29.5,-9.0,-3.5,-6.1,-5.5,-14.9
302,10796747.907563666,4,4.21847725965236,65.78150874034763,548.6177828944992,1,6.439980037384885e-05,0.7678000917166702,0.16182510827254598,0.0703748000107838,200.0,92.08150874034763,-209.98152274034763,-1.4,-1.0,-11.2,0.0,0.0,-29.5,-9.0,-3.5,-6.1,-5.5,-14.9
303,10796747.907563666,5,4.21847725965236,65.78150874034763,548.6177828944992,1,6.439980037384885e-05,0.7677166616422999,0.16185891214586187,0.07042442621183818,200.0,92.08150874034763,-209.98152274034763,-1.4,-1.0,-11.2,0.0,0.0,-29.5,-9.0,-3.5,-6.1,-5.5,-14.9
304,10796747.907563666,6,4.21847725965236,65.78150874034763,548.6177828944992,1,6.439980037384885e-05,0.7676315056371992,0.16189971828695565,0.07046877607584524,200.0,92.08150874034763,-209.98152274034763,-1.4,-1.0,-11.2,0.0,0.0,-29.5,-9.0,-3.5,-6.1,-5.5,-14.9
305,10796747.907563666,7,4.21847725965236,65.78150874034763,548.6177828944992,1,6.439980037384885e-05,0.7675507443669425,0.16194697456993284,0.07050228106312467,200.0,92.08150874034763,-209.98152274034763,-1.4,-1.0,-11.2,0.0,0.0,-29.5,-9.0,-3.5,-6.1,-5.5,-14.9
306,10796747.907563666,8,4.21847725965236,65.78150874034763,548.6177828944992,1,6.439980037384885e-05,0.7674655489108091,0.16198856893417557,0.07054588215501535,200.0,92.08150874034763,-209.98152274034763,-1.4,-1.0,-11.2,0.0,0.0,-29.5,-9.0,-3.5,-6.1,-5.5,-14.9
307,10796747.907563666,9,4.21847725965236,65.78150874034763,548.6177828944992,1,6.439980037384885e-05,0.7673787992209556,0.16203666925839305,0.07058453152065139,200.0,92.08150874034763,-209.98152274034763,-1.4,-1.0,-11.2,0.0,0.0,-29.5,-9.0,-3.5,-6.1,-5.5,-14.9
308,10796747.907563666,10,4.21847725965236,65.78150874034763,548.6177828944992,1,6.439980037384885e-05,0.7673056886672407,0.16208455189607215,0.07060975943668718,200.0,92.08150874034763,-209.98152274034763,-1.4,-1.0,-11.2,0.0,0.0,-29.5,-9.0,-3.5,-6.1,-5.5,-14.9
309,10796747.907563666,11,4.21847725965236,65.78150874034763,548.6177828944992,1,6.439980037384885e-05,0.7672305292995725,0.1621355790090573,0.07063389169137019,200.0,92.08150874034763,-209.98152274034763,-1.4,-1.0,-11.2,0.0,0.0,-29.5,-9.0,-3.5,-6.1,-5.5,-14.9
310,10796747.907563666,12,4.21847725965236,65.78150874034763,548.6177828944992,1,6.439980037384885e-05,0.7671476540800076,0.16218675436998134,0.07066559155001112,200.0,92.08150874034763,-209.98152274034763,-1.4,-1.0,-11.2,0.0,0.0,-29.5,-9.0,-3.5,-6.1,-5.5,-14.9
311,10796747.907563666,13,4.21847725965236,65.78150874034763,548.6177828944992,1,6.439980037384885e-05,0.7670571803514188,0.16224693144594857,0.07069588820263262,200.0,92.08150874034763,-209.98152274034763,-1.4,-1.0,-11.2,0.0,0.0,-29.5,-9.0,-3.5,-6.1,-5.5,-14.9
312,10796747.907563666,14,4.21847725965236,65.78150874034763,548.6177828944992,1,6.439980037384885e-05,0.7669565970506314,0.16231568704761415,0.07072771590175454,200.0,92.08150874034763,-209.98152274034763,-1.4,-1.0,-11.2,0.0,0.0,-29.5,-9.0,-3.5,-6.1,-5.5,-14.9
313,10796747.907563666,15,4.21847725965236,65.78150874034763,548.6177828944992,1,6.439980037384885e-05,0.7668677171060548,0.16237429766324837,0.0707579852306968,200.0,92.08150874034763,-209.98152274034763,-1.4,-1.0,-11.2,0.0,0.0,-29.5,-9.0,-3.5,-6.1,-5.5,-14.9
314,10796747.907563666,16,4.21847725965236,65.78150874034763,548.6177828944992,1,6.439980037384885e-05,0.7667715646261735,0.16244435688394754,0.07078407848987897,200.0,92.08150874034763,-209.98152274034763,-1.4,-1.0,-11.2,0.0,0.0,-29.5,-9.0,-3.5,-6.1,-5.5,-14.9
315,10796747.907563666,17,4.21847725965236,65.78150874034763,548.6177828944992,1,6.439980037384885e-05,0.7666837253228137,0.16251015901045798,0.07080611566672827,200.0,92.08150874034763,-209.98152274034763,-1.4,-1.0,-11.2,0.0,0.0,-29.5,-9.0,-3.5,-6.1,-5.5,-14.9
316,10796747.907563666,18,4.21847725965236,65.78150874034763,548.6177828944992,1,6.439980037384885e-05,0.7665919048372519,0.1625780795664128,0.07083001559633531,200.0,92.08150874034763,-209.98152274034763,-1.4,-1.0,-11.2,0.0,0.0,-29.5,-9.0,-3.5,-6.1,-5.5,-14.9
317,10796747.907563666,19,4.21847725965236,65.78150874034763,548.6177828944992,1,6.439980037384885e-05,0.7664935615367235,0.1626451302389545,0.0708613082243219,200.0,92.08150874034763,-209.98152274034763,-1.4,-1.0,-11.2,0.0,0.0,-29.5,-9.0,-3.5,-6.1,-5.5,-14.9
318,10796747.907563666,20,4.21847725965236,65.78150874034763,548.6177828944992,1,6.439980037384885e-05,0.766379915725497,0.1627232313823387,0.07089685289216435,200.0,92.08150874034763,-209.98152274034763,-1.4,-1.0,-11.2,0.0,0.0,-29.5,-9.0,-3.5,-6.1,-5.5,-14.9
319,10796747.907563666,21,4.21847725965236,65.78150874034763,548.6177828944992,1,6.439980037384885e-05,0.7662607346810468,0.16280572098879278,0.07093354433016044,200.0,92.08150874034763,-209.98152274034763,-1.4,-1.0,-11.2,0.0,0.0,-29.5,-9.0,-3.5,-6.1,-5.5,-14.9
320,10796747.907563666,22,4.21847725965236,65.78150874034763,548.6177828944992,1,6.439980037384885e-05,0.7661483581472744,0.16288040832932535,0.07097123352340022,200.0,92.08150874034763,-209.98152274034763,-1.4,-1.0,-11.2,0.0,0.0,-29.5,-9.0,-3.5,-6.1,-5.5,-14.9
321,10796747.907563666,23,4.21847725965236,65.78150874034763,548.6177828944992,1,6.439980037384885e-05,0.7660275864526475,0.1629596596445131,0.07101275390283948,200.0,92.08150874034763,-209.98152274034763,-1.4,-1.0,-11.2,0.0,0.0,-29.5,-9.0,-3.5,-6.1,-5.5,-14.9
322,10796747.907563666,24,4.21847725965236,65.78150874034763,548.6177828944992,1,6.439980037384885e-05,0.765928099493906,0.16303094022558973,0.0710409602805043,200.0,92.08150874034763,-209.98152274034763,-1.4,-1.0,-11.2,0.0,0.0,-29.5,-9.0,-3.5,-6.1,-5.5,-14.9
323,10796747.907563666,25,4.21847725965236,65.78150874034763,548.6177828944992,1,6.439980037384885e-05,0.7658461886781089,0.16308609410334113,0.07106771721854993,200.0,92.08150874034763,-209.98152274034763,-1.4,-1.0,-11.2,0.0,0.0,-29.5,-9.0,-3.5,-6.1,-5.5,-14.9
324,10796747.907563666,26,4.21847725965236,65.78150874034763,548.6177828944992,1,6.439980037384885e-05,0.7657604908046295,0.1631379747710523,0.0711015344243182,200.0,92.08150874034763,-209.98152274034763,-1.4,-1.0,-11.2,0.0,0.0,-29.5,-9.0,-3.5,-6.1,-5.5,-14.9
325,10796747.907563666,27,4.21847725965236,65.78150874034763,548.6177828944992,1,6.439980037384885e-05,0.7656563608904381,0.1632042757038851,0.07113936340567685,200.0,92.08150874034763,-209.98152274034763,-1.4,-1.0,-11.2,0.0,0.0,-29.5,-9.0,-3.5,-6.1,-5.5,-14.9
326,10796747.907563666,28,4.21847725965236,65.78150874034763,548.6177828944992,1,6.439980037384885e-05,0.7655582082543886,0.1632664956401936,0.07117529610541776,200.0,92.08150874034763,-209.98152274034763,-1.4,-1.0,-11.2,0.0,0.0,-29.5,-9.0,-3.5,-6.1,-5.5,-14.9
327,10796747.907563666,29,4.21847725965236,65.78150874034763,548.6177828944992,1,6.439980037384885e-05,0.7654740032158657,0.16333035737961477,0.0711956394045195,200.0,92.08150874034763,-209.98152274034763,-1.4,-1.0,-11.2,0.0,0.0,-29.5,-9.0,-3.5,-6.1,-5.5,-14.9
328,10796747.907563666,30,4.21847725965236,65.78150874034763,548.6177828944992,1,6.439980037384885e-05,0.7653888795223971,0.16339608167433722,0.07121503880326577,200.0,92.08150874034763,-209.98152274034763,-1.4,-1.0,-11.2,0.0,0.0,-29.5,-9.0,-3.5,-6.1,-5.5,-14.9
329,10796747.907563666,31,4.21847725965236,65.78150874034763,548.6177828944992,1,6.439980037384885e-05,0.765300103190506,0.1634636158744736,0.07123628093502048,200.0,92.08150874034763,-209.98152274034763,-1.4,-1.0,-11.2,0.0,0.0,-29.5,-9.0,-3.5,-6.1,-5.5,-14.9
330,10796747.907563666,32,4.21847725965236,65.78150874034763,548.6177828944992,1,6.439980037384885e-05,0.7652136196585215,0.1635298735757678,0.07125650676571076,200.0,92.08150874034763,-209.98152274034763,-1.4,-1.0,-11.2,0.0,0.0,-29.5,-9.0,-3.5,-6.1,-5.5,-14.9
331,10796747.907563666,33,4.21847725965236,65.78150874034763,548.6177828944992,1,6.439980037384885e-05,0.765138056769918,0.16358622865904238,0.07127571457103966,200.0,92.08150874034763,-209.98152274034763,-1.4,-1.0,-11.2,0.0,0.0,-29.5,-9.0,-3.5,-6.1,-5.5,-14.9
332,10796747.907563666,34,4.21847725965236,65.78150874034763,548.6177828944992,1,6.439980037384885e-05,0.7650640077405624,0.16364468308343572,0.07129130917600193,200.0,92.08150874034763,-209.98152274034763,-1.4,-1.0,-11.2,0.0,0.0,-29.5,-9.0,-3.5,-6.1,-5.5,-14.9
333,10796747.907563666,35,4.21847725965236,65.78150874034763,548.6177828944992,1,6.439980037384885e-05,0.7649919805972426,0.16369105859506183,0.0713169608076955,200.0,92.08150874034763,-209.98152274034763,-1.4,-1.0,-11.2,0.0,0.0,-29.5,-9.0,-3.5,-6.1,-5.5,-14.9
334,10796747.907563666,36,4.21847725965236,65.78150874034763,548.6177828944992,1,6.439980037384885e-05,0.7649101156412593,0.16374306579221035,0.0713468185665304,200.0,92.08150874034763,-209.98152274034763,-1.4,-1.0,-11.2,0.0,0.0,-29.5,-9.0,-3.5,-6.1,-5.5,-14.9
335,10796747.907563666,37,4.21847725965236,65.78150874034763,548.6177828944992,1,6.439980037384885e-05,0.7648302691703692,0.16379454314746802,0.07137518768216279,200.0,92.08150874034763,-209.98152274034763,-1.4,-1.0,-11.2,0.0,0.0,-29.5,-9.0,-3.5,-6.1,-5.5,-14.9
336,10796747.907563666,38,4.21847725965236,65.78150874034763,548.6177828944992,1,6.439980037384885e-05,0.7647548937666941,0.1638510254424558,0.07139408079085012,200.0,92.08150874034763,-209.98152274034763,-1.4,-1.0,-11.2,0.0,0.0,-29.5,-9.0,-3.5,-6.1,-5.5,-14.9
337,10796747.907563666,39,4.21847725965236,65.78150874034763,548.6177828944992,1,6.439980037384885e-05,0.7646812258626654,0.16390671717115218,0.07141205696618243,200.0,92.08150874034763,-209.98152274034763,-1.4,-1.0,-11.2,0.0,0.0,-29.5,-9.0,-3.5,-6.1,-5.5,-14.9
338,10796747.907563666,40,4.21847725965236,65.78150874034763,548.6177828944992,1,6.439980037384885e-05,0.7646009604419927,0.16396183072815584,0.07143720882985145,200.0,92.08150874034763,-209.98152274034763,-1.4,-1.0,-11.2,0.0,0.0,-29.5,-9.0,-3.5,-6.1,-5.5,-14.9
339,10796747.907563666,41,4.21847725965236,65.78150874034763,548.6177828944992,1,6.439980037384885e-05,0.7645169953102322,0.16402186653549636,0.07146113815427142,200.0,92.08150874034763,-209.98152274034763,-1.4,-1.0,-11.2,0.0,0.0,-29.5,-9.0,-3.5,-6.1,-5.5,-14.9
340,10796747.907563666,42,4.21847725965236,65.78150874034763,548.6177828944992,1,6.439980037384885e-05,0.7644352405376321,0.16408088543297725,0.07148387402939058,200.0,92.08150874034763,-209.98152274034763,-1.4,-1.0,-11.2,0.0,0.0,-29.5,-9.0,-3.5,-6.1,-5.5,-14.9
341,10796747.907563666,43,4.21847725965236,65.78150874034763,548.6177828944992,1,6.439980037384885e-05,0.7643500349392647,0.16414180798708997,0.07150815707364544,200.0,92.08150874034763,-209.98152274034763,-1.4,-1.0,-11.2,0.0,0.0,-29.5,-9.0,-3.5,-6.1,-5.5,-14.9
342,10796747.907563666,44,4.21847725965236,65.78150874034763,548.6177828944992,1,6.439980037384885e-05,0.7642615887106294,0.16420451406496436,0.07153389722440627,200.0,92.08150874034763,-209.98152274034763,-1.4,-1.0,-11.2,0.0,0.0,-29.5,-9.0,-3.5,-6.1,-5.5,-14.9
343,10796747.907563666,45,4.21847725965236,65.78150874034763,548.6177828944992,1,6.439980037384885e-05,0.7641647648944805,0.1642662470968221,0.07156898800869743,200.0,92.08150874034763,-209.98152274034763,-1.4,-1.0,-11.2,0.0,0.0,-29.5,-9.0,-3.5,-6.1,-5.5,-14.9
344,10796747.907563666,46,4.21847725965236,65.78150874034763,548.6177828944992,1,6.439980037384885e-05,0.7640734014402032,0.16433226024853545,0.07159433831126133,200.0,92.08150874034763,-209.98152274034763,-1.4,-1.0,-11.2,0.0,0.0,-29.5,-9.0,-3.5,-6.1,-5.5,-14.9
345,10796747.907563666,47,4.21847725965236,65.78150874034763,548.6177828944992,1,6.439980037384885e-05,0.7639794236695471,0.1643942438234519,0.07162633250700097,200.0,92.08150874034763,-209.98152274034763,-1.4,-1.0,-11.2,0.0,0.0,-29.5,-9.0,-3.5,-6.1,-5.5,-14.9
346,10796747.907563666,48,4.21847725965236,65.78150874034763,548.6177828944992,1,6.439980037384885e-05,0.763891191982675,0.16444950505295267,0.07165930296437234,200.0,92.08150874034763,-209.98152274034763,-1.4,-1.0,-11.2,0.0,0.0,-29.5,-9.0,-3.5,-6.1,-5.5,-14.9
347,10796747.907563666,49,4.21847725965236,65.78150874034763,548.6177828944992,1,6.439980037384885e-05,0.763813699596348,0.16450101867167802,0.07168528173197401,200.0,92.08150874034763,-209.98152274034763,-1.4,-1.0,-11.2,0.0,0.0,-29.5,-9.0,-3.5,-6.1,-5.5,-14.9
348,10796747.907563666,0,4.21847725965236,65.78150874034763,548.6177828944992,1,6.439980037384885e-05,0.7637410026761856,0.16454908566701912,0.07170991165679527,200.0,92.08150874034763,-209.98152274034763,-1.4,-1.0,-11.2,0.0,0.0,-29.5,-9.0,-3.5,-6.1,-5.5,-14.9
349,10796747.907563666,1,4.21847725965236,65.78150874034763,548.6177828944992,1,6.439980037384885e-05,0.7636645244353716,0.1646021730555474,0.07173330250908101,200.0,92.08150874034763,-209.98152274034763,-1.4,-1.0,-11.2,0.0,0.0,-29.5,-9.0,-3.5,-6.1,-5.5,-14.9
350,10796747.907563666,2,4.21847725965236,65.78150874034763,548.6177828944992,1,6.439980037384885e-05,0.7635872610714978,0.1646572371871468,0.0717555017413555,200.0,92.08150874034763,-209.98152274034763,-1.4,-1.0,-11.2,0.0,0.0,-29.5,-9.0,-3.5,-6.1,-5.5,-14.9
351,10796747.907563666,3,4.21847725965236,65.78150874034763,548.6177828944992,1,6.439980037384885e-05,0.7635231964551885,0.1646977100313672,0.07177909351344428,200.0,92.08150874034763,-209.98152274034763,-1.4,-1.0,-11.2,0.0,0.0,-29.5,-9.0,-3.5,-6.1,-5.5,-14.9
352,10796747.907563666,4,4.21847725965236,65.78150874034763,548.6177828944992,1,6.439980037384885e-05,0.7634633455394991,0.16473261652209525,0.07180403793840559,200.0,92.08150874034763,-209.98152274034763,-1.4,-1.0,-11.2,0.0,0.0,-29.5,-9.0,-3.5,-6.1,-5.5,-14.9
353,10796747.907563666,5,4.21847725965236,65.78150874034763,548.6177828944992,1,6.439980037384885e-05,0.7633937673695281,0.16477590656258123,0.07183032606789072,200.0,92.08150874034763,-209.98152274034763,-1.4,-1.0,-11.2,0.0,0.0,-29.5,-9.0,-3.5,-6.1,-5.5,-14.9
354,10796747.907563666,6,4.21847725965236,65.78150874034763,548.6177828944992,1,6.439980037384885e-05,0.7633449347958075,0.16480249720054424,0.07185256800364838,200.0,92.08150874034763,-209.98152274034763,-1.4,-1.0,-11.2,0.0,0.0,-29.5,-9.0,-3.5,-6.1,-5.5,-14.9
355,10796747.907563666,7,4.21847725965236,65.78150874034763,548.6177828944992,1,6.439980037384885e-05,0.7633049667687861,0.1648188581642148,0.07187617506699909,200.0,92.08150874034763,-209.98152274034763,-1.4,-1.0,-11.2,0.0,0.0,-29.5,-9.0,-3.5,-6.1,-5.5,-14.9
356,10796747.907563666,8,4.21847725965236,65.78150874034763,548.6177828944992,1,6.439980037384885e-05,0.7632543737651988,0.16484445601179323,0.07190117022300806,200.0,92.08150874034763,-209.98152274034763,-1.4,-1.0,-11.2,0.0,0.0,-29.5,-9.0,-3.5,-6.1,-5.5,-14.9
357,10796747.907563666,9,4.21847725965236,65.78150874034763,548.6177828944992,1,6.439980037384885e-05,0.7632100042147875,0.1648626096569246,0.07192738612828806,200.0,92.08150874034763,-209.98152274034763,-1.4,-1.0,-11.2,0.0,0.0,-29.5,-9.0,-3.5,-6.1,-5.5,-14.9
358,10796747.907563666,10,4.21847725965236,65.78150874034763,548.6177828944992,1,6.439980037384885e-05,0.7631765927544489,0.16487889569553862,0.07194451155001252,200.0,92.08150874034763,-209.98152274034763,-1.4,-1.0,-11.2,0.0,0.0,-29.5,-9.0,-3.5,-6.1,-5.5,-14.9
359,10796747.907563666,11,4.21847725965236,65.78150874034763,548.6177828944992,1,6.439980037384885e-05,0.7631432671995668,0.1648883684709764,0.07196836432945664,200.0,92.08150874034763,-209.98152274034763,-1.4,-1.0,-11.2,0.0,0.0,-29.5,-9.0,-3.5,-6.1,-5.5,-14.9
360,10796747.907563666,12,4.21847725965236,65.78150874034763,548.6177828944992,1,6.439980037384885e-05,0.7631020266461408,0.16489678143176636,0.07200119192209288,200.0,92.08150874034763,-209.98152274034763,-1.4,-1.0,-11.2,0.0,0.0,-29.5,-9.0,-3.5,-6.1,-5.5,-14.9
361,10796747.907563666,13,4.21847725965236,65.78150874034763,548.6177828944992,1,6.439980037384885e-05,0.7630691948480939,0.16489346787540263,0.07203733727650359,200.0,92.08150874034763,-209.98152274034763,-1.4,-1.0,-11.2,0.0,0.0,-29.5,-9.0,-3.5,-6.1,-5.5,-14.9
362,10796747.907563666,14,4.21847725965236,65.78150874034763,548.6177828944992,1,6.439980037384885e-05,0.7630230006536581,0.16490025958745513,0.07207673975888677,200.0,92.08150874034763,-209.98152274034763,-1.4,-1.0,-11.2,0.0,0.0,-29.5,-9.0,-3.5,-6.1,-5.5,-14.9
363,10796747.907563666,15,4.21847725965236,65.78150874034763,548.6177828944992,1,6.439980037384885e-05,0.762982729447668,0.16490070453145317,0.07211656602087892,200.0,92.08150874034763,-209.98152274034763,-1.4,-1.0,-11.2,0.0,0.0,-29.5,-9.0,-3.5,-6.1,-5.5,-14.9
364,10796747.907563666,16,4.21847725965236,65.78150874034763,548.6177828944992,1,6.439980037384885e-05,0.7629453177499297,0.1649029665429007,0.0721517157071697,200.0,92.08150874034763,-209.98152274034763,-1.4,-1.0,-11.2,0.0,0.0,-29.5,-9.0,-3.5,-6.1,-5.5,-14.9
365,10796747.907563666,17,4.21847725965236,65.78150874034763,548.6177828944992,1,6.439980037384885e-05,0.7629054796618113,0.16490445053875816,0.07219006979943053,200.0,92.08150874034763,-209.98152274034763,-1.4,-1.0,-11.2,0.0,0.0,-29.5,-9.0,-3.5,-6.1,-5.5,-14.9
366,10796747.907563666,18,4.21847725965236,65.78150874034763,548.6177828944992,1,6.439980037384885e-05,0.7628527120854913,0.16492084607847574,0.07222644183603294,200.0,92.08150874034763,-209.98152274034763,-1.4,-1.0,-11.2,0.0,0.0,-29.5,-9.0,-3.5,-6.1,-5.5,-14.9
367,10796747.907563666,19,4.21847725965236,65.78150874034763,548.6177828944992,1,6.439980037384885e-05,0.7627983547606905,0.16493571656307204,0.07226592867623746,200.0,92.08150874034763,-209.98152274034763,-1.4,-1.0,-11.2,0.0,0.0,-29.5,-9.0,-3.5,-6.1,-5.5,-14.9
368,10796747.907563666,20,4.21847725965236,65.78150874034763,548.6177828944992,1,6.439980037384885e-05,0.7627579600025777,0.1649488873175944,0.072293152679828,200.0,92.08150874034763,-209.98152274034763,-1.4,-1.0,-11.2,0.0,0.0,-29.5,-9.0,-3.5,-6.1,-5.5,-14.9
369,10796747.907563666,21,4.21847725965236,65.78150874034763,548.6177828944992,1,6.439980037384885e-05,0.7627204418370811,0.16496317923795564,0.07231637892496327,200.0,92.08150874034763,-209.98152274034763,-1.4,-1.0,-11.2,0.0,0.0,-29.5,-9.0,-3.5,-6.1,-5.5,-14.9
370,10796747.907563666,22,4.21847725965236,65.78150874034763,548.6177828944992,1,6.439980037384885e-05,0.7626778694521821,0.1649837721896203,0.07233835835819757,200.0,92.08150874034763,-209.98152274034763,-1.4,-1.0,-11.2,0.0,0.0,-29.5,-9.0,-3.5,-6.1,-5.5,-14.9
371,10796747.907563666,23,4.21847725965236,65.78150874034763,548.6177828944992,1,6.439980037384885e-05,0.7626357446996002,0.16500512889776303,0.07235912640263681,200.0,92.08150874034763,-209.98152274034763,-1.4,-1.0,-11.2,0.0,0.0,-29.5,-9.0,-3.5,-6.1,-5.5,-14.9
372,10796747.907563666,24,4.21847725965236,65.78150874034763,548.6177828944992,1,6.439980037384885e-05,0.7625889728100315,0.16502728896485758,0.07238373822511097,200.0,92.08150874034763,-209.98152274034763,-1.4,-1.0,-11.2,0.0,0.0,-29.5,-9.0,-3.5,-6.1,-5.5,-14.9
373,10796747.907563666,25,4.21847725965236,65.78150874034763,548.6177828944992,1,6.439980037384885e-05,0.7625480798083103,0.16504495210561457,0.0724069680860752,200.0,92.08150874034763,-209.98152274034763,-1.4,-1.0,-11.2,0.0,0.0,-29.5,-9.0,-3.5,-6.1,-5.5,-14.9
374,10796747.907563666,26,4.21847725965236,65.78150874034763,548.6177828944992,1,6.439980037384885e-05,0.7625075773075524,0.1650635104275518,0.07242891226489588,200.0,92.08150874034763,-209.98152274034763,-1.4,-1.0,-11.2,0.0,0.0,-29.5,-9.0,-3.5,-6.1,-5.5,-14.9
375,10796747.907563666,27,4.21847725965236,65.78150874034763,548.6177828944992,1,6.439980037384885e-05,0.7624675117910029,0.1650803844448841,0.07245210376411296,200.0,92.08150874034763,-209.98152274034763,-1.4,-1.0,-11.2,0.0,0.0,-29.5,-9.0,-3.5,-6.1,-5.5,-14.9
376,10796747.907563666,28,4.21847725965236,65.78150874034763,548.6177828944992,1,6.439980037384885e-05,0.7624302035063544,0.16510317867982371,0.07246661781382187,200.0,92.08150874034763,-209.98152274034763,-1.4,-1.0,-11.2,0.0,0.0,-29.5,-9.0,-3.5,-6.1,-5.5,-14.9
377,10796747.907563666,29,4.21847725965236,65.78150874034763,548.6177828944992,1,6.439980037384885e-05,0.7623778199337737,0.16513690741747666,0.07248527264874968,200.0,92.08150874034763,-209.98152274034763,-1.4,-1.0,-11.2,0.0,0.0,-29.5,-9.0,-3.5,-6.1,-5.5,-14.9
378,10796747.907563666,30,4.21847725965236,65.78150874034763,548.6177828944992,1,6.439980037384885e-05,0.7623263948202429,0.16517317881247437,0.07250042636728274,200.0,92.08150874034763,-209.98152274034763,-1.4,-1.0,-11.2,0.0,0.0,-29.5,-9.0,-3.5,-6.1,-5.5,-14.9
379,10796747.907563666,31,4.21847725965236,65.78150874034763,548.6177828944992,1,6.439980037384885e-05,0.7622785206551511,0.16520678401894778,0.0725146953259011,200.0,92.08150874034763,-209.98152274034763,-1.4,-1.0,-11.2,0.0,0.0,-29.5,-9.0,-3.5,-6.1,-5.5,-14.9
380,10796747.907563666,32,4.21847725965236,65.78150874034763,548.6177828944992,1,6.439980037384885e-05,0.762231458074279,0.16524040571757437,0.07252813620814663,200.0,92.08150874034763,-209.98152274034763,-1.4,-1.0,-11.2,0.0,0.0,-29.5,-9.0,-3.5,-6.1,-5.5,-14.9
381,10796747.907563666,33,4.21847725965236,65.78150874034763,548.6177828944992,1,6.439980037384885e-05,0.7621800699457297,0.16527911617512567,0.0725408138791447,200.0,92.08150874034763,-209.98152274034763,-1.4,-1.0,-11.2,0.0,0.0,-29.5,-9.0,-3.5,-6.1,-5.5,-14.9
382,10796747.907563666,34,4.21847725965236,65.78150874034763,548.6177828944992,1,6.439980037384885e-05,0.762127223492386,0.16531760121532954,0.07255517529228445,200.0,92.08150874034763,-209.98152274034763,-1.4,-1.0,-11.2,0.0,0.0,-29.5,-9.0,-3.5,-6.1,-5.5,-14.9
383,10796747.907563666,35,4.21847725965236,65.78150874034763,548.6177828944992,1,6.439980037384885e-05,0.7620781575809253,0.1653483185748016,0.07257352384427306,200.0,92.08150874034763,-209.98152274034763,-1.4,-1.0,-11.2,0.0,0.0,-29.5,-9.0,-3.5,-6.1,-5.5,-14.9
384,10796747.907563666,36,4.21847725965236,65.78150874034763,548.6177828944992,1,6.439980037384885e-05,0.7620451806225306,0.16536406655457994,0.07259075282288945,200.0,92.08150874034763,-209.98152274034763,-1.4,-1.0,-11.2,0.0,0.0,-29.5,-9.0,-3.5,-6.1,-5.5,-14.9
385,10796747.907563666,37,4.21847725965236,65.78150874034763,548.6177828944992,1,6.439980037384885e-05,0.7620146820242742,0.1653831491497129,0.07260216882601288,200.0,92.08150874034763,-209.98152274034763,-1.4,-1.0,-11.2,0.0,0.0,-29.5,-9.0,-3.5,-6.1,-5.5,-14.9
386,10796747.907563666,38,4.21847725965236,65.78150874034763,548.6177828944992,1,6.439980037384885e-05,0.7619840034505658,0.16540788475146498,0.07260811179796915,200.0,92.08150874034763,-209.98152274034763,-1.4,-1.0,-11.2,0.0,0.0,-29.5,-9.0,-3.5,-6.1,-5.5,-14.9
387,10796747.907563666,39,4.21847725965236,65.78150874034763,548.6177828944992,1,6.439980037384885e-05,0.7619457608766976,0.16544055182027817,0.07261368730302423,200.0,92.08150874034763,-209.98152274034763,-1.4,-1.0,-11.2,0.0,0.0,-29.5,-9.0,-3.5,-6.1,-5.5,-14.9
388,10796747.907563666,40,4.21847725965236,65.78150874034763,548.6177828944992,1,6.439980037384885e-05,0.7619102440685841,0.16547563638924068,0.07261411954217521,200.0,92.08150874034763,-209.98152274034763,-1.4,-1.0,-11.2,0.0,0.0,-29.5,-9.0,-3.5,-6.1,-5.5,-14.9
389,10796747.907563666,41,4.21847725965236,65.78150874034763,548.6177828944992,1,6.439980037384885e-05,0.7618800576098447,0.16550315786857756,0.07261678452157777,200.0,92.08150874034763,-209.98152274034763,-1.4,-1.0,-11.2,0.0,0.0,-29.5,-9.0,-3.5,-6.1,-5.5,-14.9
390,10796747.907563666,42,4.21847725965236,65.78150874034763,548.6177828944992,1,6.439980037384885e-05,0.7618497625755256,0.1655333785625793,0.07261685886189505,200.0,92.08150874034763,-209.98152274034763,-1.4,-1.0,-11.2,0.0,0.0,-29.5,-9.0,-3.5,-6.1,-5.5,-14.9
391,10796747.907563666,43,4.21847725965236,65.78150874034763,548.6177828944992,1,6.439980037384885e-05,0.7618221014562891,0.16555635763879165,0.07262154090491928,200.0,92.08150874034763,-209.98152274034763,-1.4,-1.0,-11.2,0.0,0.0,-29.5,-9.0,-3.5,-6.1,-5.5,-14.9
392,10796747.907563666,44,4.21847725965236,65.78150874034763,548.6177828944992,1,6.439980037384885e-05,0.7618015847853422,0.1655772608685964,0.07262115434606146,200.0,92.08150874034763,-209.98152274034763,-1.4,-1.0,-11.2,0.0,0.0,-29.5,-9.0,-3.5,-6.1,-5.5,-14.9
393,10796747.907563666,45,4.21847725965236,65.78150874034763,548.6177828944992,1,6.439980037384885e-05,0.7617806352568064,0.16559632398126858,0.07262304076192512,200.0,92.08150874034763,-209.98152274034763,-1.4,-1.0,-11.2,0.0,0.0,-29.5,-9.0,-3.5,-6.1,-5.5,-14.9
394,10796747.907563666,46,4.21847725965236,65.78150874034763,548.6177828944992,1,6.439980037384885e-05,0.7617616718279702,0.16561360069230843,0.07262472747972142,200.0,92.08150874034763,-209.98152274034763,-1.4,-1.0,-11.2,0.0,0.0,-29.5,-9.0,-3.5,-6.1,-5.5,-14.9
395,10796747.907563666,47,4.21847725965236,65.78150874034763,548.6177828944992,1,6.439980037384885e-05,0.761742276691024,0.16562681864602571,0.07263090466295032,200.0,92.08150874034763,-209.98152274034763,-1.4,-1.0,-11.2,0.0,0.0,-29.5,-9.0,-3.5,-6.1,-5.5,-14.9
396,10796747.907563666,48,4.21847725965236,65.78150874034763,548.6177828944992,1,6.439980037384885e-05,0.7617150368326017,0.16564592979894732,0.07263903336845105,200.0,92.08150874034763,-209.98152274034763,-1.4,-1.0,-11.2,0.0,0.0,-29.5,-9.0,-3.5,-6.1,-5.5,-14.9
397,10796747.907563666,49,4.21847725965236,65.78150874034763,548.6177828944992,1,6.439980037384885e-05,0.7616902492231671,0.16565845585220393,0.07265129492462898,200.0,92.08150874034763,-209.98152274034763,-1.4,-1.0,-11.2,0.0,0.0,-29.5,-9.0,-3.5,-6.1,-5.5,-14.9
398,10796747.907563666,0,4.21847725965236,65.78150874034763,548.6177828944992,1,6.439980037384885e-05,0.7616529850272383,0.16568414026033296,0.07266287471242876,200.0,92.08150874034763,-209.98152274034763,-1.4,-1.0,-11.2,0.0,0.0,-29.5,-9.0,-3.5,-6.1,-5.5,-14.9
399,10796747.907563666,1,4.21847725965236,65.78150874034763,548.6177828944992,1,6.439980037384885e-05,0.7616186356026995,0.16570529831729655,0.07267606608000399,200.0,92.08150874034763,-209.98152274034763,-1.4,-1.0,-11.2,0.0,0.0,-29.5,-9.0,-3.5,-6.1,-5.5,-14.9
400,10796747.907563666,2,4.21847725965236,65.78150874034763,548.6177828944992,1,6.439980037384885e-05,0.7615868433113754,0.16572932831431927,0.07268382837430537,200.0,92.08150874034763,-209.98152274034763,-1.4,-1.0,-11.2,0.0,0.0,-29.5,-9.0,-3.5,-6.1,-5.5,-14.9
401,10796747.907563666,3,4.21847725965236,65.78150874034763,548.6177828944992,1,6.439980037384885e-05,0.7615671803355027,0.16574639317463508,0.0726864264898622,200.0,92.08150874034763,-209.98152274034763,-1.4,-1.0,-11.2,0.0,0.0,-29.5,-9.0,-3.5,-6.1,-5.5,-14.9
402,10796747.907563666,4,4.21847725965236,65.78150874034763,548.6177828944992,1,6.439980037384885e-05,0.7615302054818327,0.16577633328150604,0.07269346123666133,200.0,92.08150874034763,-209.98152274034763,-1.4,-1.0,-11.2,0.0,0.0,-29.5,-9.0,-3.5,-6.1,-5.5,-14.9
403,10796747.907563666,5,4.21847725965236,65.78150874034763,548.6177828944992,1,6.439980037384885e-05,0.7615007541474409,0.16580383174193206,0.07269541411062715,200.0,92.08150874034763,-209.98152274034763,-1.4,-1.0,-11.2,0.0,0.0,-29.5,-9.0,-3.5,-6.1,-5.5,-14.9
404,10796747.907563666,6,4.21847725965236,65.78150874034763,548.6177828944992,1,6.439980037384885e-05,0.7614710782447256,0.16583859711538088,0.07269032463989358,200.0,92.08150874034763,-209.98152274034763,-1.4,-1.0,-11.2,0.0,0.0,-29.5,-9.0,-3.5,-6.1,-5.5,-14.9
405,10796747.907563666,7,4.21847725965236,65.78150874034763,548.6177828944992,1,6.439980037384885e-05,0.7614368008657025,0.16587322687798156,0.07268997225631595,200.0,92.08150874034763,-209.98152274034763,-1.4,-1.0,-11.2,0.0,0.0,-29.5,-9.0,-3.5,-6.1,-5.5,-14.9
406,10796747.907563666,8,4.21847725965236,65.78150874034763,548.6177828944992,1,6.439980037384885e-05,0.7614029860756552,0.1659029246759386,0.07269408924840633,200.0,92.08150874034763,-209.98152274034763,-1.4,-1.0,-11.2,0.0,0.0,-29.5,-9.0,-3.5,-6.1,-5.5,-14.9
407,10796747.907563666,9,4.21847725965236,65.78150874034763,548.6177828944992,1,6.439980037384885e-05,0.7613742492337802,0.16592787569086623,0.07269787507535362,200.0,92.08150874034763,-209.98152274034763,-1.4,-1.0,-11.2,0.0,0.0,-29.5,-9.0,-3.5,-6.1,-5.5,-14.9
408,10796747.907563666,10,4.21847725965236,65.78150874034763,548.6177828944992,1,6.439980037384885e-05,0.7613431414544783,0.1659554831374339,0.07270137540808769,200.0,92.08150874034763,-209.98152274034763,-1.4,-1.0,-11.2,0.0,0.0,-29.5,-9.0,-3.5,-6.1,-5.5,-14.9
409,10796747.907563666,11,4.21847725965236,65.78150874034763,548.6177828944992,1,6.439980037384885e-05,0.7613050991810997,0.16598801732210713,0.07270688349679315,200.0,92.08150874034763,-209.98152274034763,-1.4,-1.0,-11.2,0.0,0.0,-29.5,-9.0,-3.5,-6.1,-5.5,-14.9
410,10796747.907563666,12,4.21847725965236,65.78150874034763,548.6177828944992,1,6.439980037384885e-05,0.7612748800871189,0.16600862462929458,0.07271649528358654,200.0,92.08150874034763,-209.98152274034763,-1.4,-1.0,-11.2,0.0,0.0,-29.5,-9.0,-3.5,-6.1,-5.5,-14.9
411,10796747.907563666,13,4.21847725965236,65.78150874034763,548.6177828944992,1,6.439980037384885e-05,0.7612377996965503,0.16603215063300603,0.07273004967044368,200.0,92.08150874034763,-209.98152274034763,-1.4,-1.0,-11.2,0.0,0.0,-29.5,-9.0,-3.5,-6.1,-5.5,-14.9
412,10796747.907563666,14,4.21847725965236,65.78150874034763,548.6177828944992,1,6.439980037384885e-05,0.7611986886188834,0.1660630134651985,0.07273829791591807,200.0,92.08150874034763,-209.98152274034763,-1.4,-1.0,-11.2,0.0,0.0,-29.5,-9.0,-3.5,-6.1,-5.5,-14.9
413,10796747.907563666,15,4.21847725965236,65.78150874034763,548.6177828944992,1,6.439980037384885e-05,0.7611649872361972,0.1660867712060506,0.07274824155775231,200.0,92.08150874034763,-209.98152274034763,-1.4,-1.0,-11.2,0.0,0.0,-29.5,-9.0,-3.5,-6.1,-5.5,-14.9
414,10796747.907563666,16,4.21847725965236,65.78150874034763,548.6177828944992,1,6.439980037384885e-05,0.7611291756264074,0.1661154929520497,0.07275533142154297,200.0,92.08150874034763,-209.98152274034763,-1.4,-1.0,-11.2,0.0,0.0,-29.5,-9.0,-3.5,-6.1,-5.5,-14.9
415,10796747.907563666,17,4.21847725965236,65.78150874034763,548.6177828944992,1,6.439980037384885e-05,0.7610890090351106,0.1661512589268938,0.07275973203799561,200.0,92.08150874034763,-209.98152274034763,-1.4,-1.0,-11.2,0.0,0.0,-29.5,-9.0,-3.5,-6.1,-5.5,-14.9
416,10796747.907563666,18,4.21847725965236,65.78150874034763,548.6177828944992,1,6.439980037384885e-05,0.7610518731653209,0.1661843358518557,0.07276379098282348,200.0,92.08150874034763,-209.98152274034763,-1.4,-1.0,-11.2,0.0,0.0,-29.5,-9.0,-3.5,-6.1,-5.5,-14.9
417,10796747.907563666,19,4.21847725965236,65.78150874034763,548.6177828944992,1,6.439980037384885e-05,0.7610108044412625,0.16621497193973406,0.07277422361900347,200.0,92.08150874034763,-209.98152274034763,-1.4,-1.0,-11.2,0.0,0.0,-29.5,-9.0,-3.5,-6.1,-5.5,-14.9
418,10796747.907563666,20,4.21847725965236,65.78150874034763,548.6177828944992,1,6.439980037384885e-05,0.7609611759511387,0.16625256187061438,0.07278626217824691,200.0,92.08150874034763,-209.98152274034763,-1.4,-1.0,-11.2,0.0,0.0,-29.5,-9.0,-3.5,-6.1,-5.5,-14.9
419,10796747.907563666,21,4.21847725965236,65.78150874034763,548.6177828944992,1,6.439980037384885e-05,0.7609127420120277,0.16628969298411928,0.07279756500385305,200.0,92.08150874034763,-209.98152274034763,-1.4,-1.0,-11.2,0.0,0.0,-29.5,-9.0,-3.5,-6.1,-5.5,-14.9
420,10796747.907563666,22,4.21847725965236,65.78150874034763,548.6177828944992,1,6.439980037384885e-05,0.7608748561421234,0.16631479067216945,0.07281035318570725,200.0,92.08150874034763,-209.98152274034763,-1.4,-1.0,-11.2,0.0,0.0,-29.5,-9.0,-3.5,-6.1,-5.5,-14.9
421,10796747.907563666,23,4.21847725965236,65.78150874034763,548.6177828944992,1,6.439980037384885e-05,0.7608422883755844,0.16633315160570086,0.07282456001871475,200.0,92.08150874034763,-209.98152274034763,-1.4,-1.0,-11.2,0.0,0.0,-29.5,-9.0,-3.5,-6.1,-5.5,-14.9
422,10796747.907563666,24,4.21847725965236,65.78150874034763,548.6177828944992,1,6.439980037384885e-05,0.7608030921401536,0.16635896881413967,0.07283793904570672,200.0,92.08150874034763,-209.98152274034763,-1.4,-1.0,-11.2,0.0,0.0,-29.5,-9.0,-3.5,-6.1,-5.5,-14.9
423,10796747.907563666,25,4.21847725965236,65.78150874034763,548.6177828944992,1,6.439980037384885e-05,0.7607576986573648,0.16638956609996278,0.07285273524267244,200.0,92.08150874034763,-209.98152274034763,-1.4,-1.0,-11.2,0.0,0.0,-29.5,-9.0,-3.5,-6.1,-5.5,-14.9
424,10796747.907563666,26,4.21847725965236,65.78150874034763,548.6177828944992,1,6.439980037384885e-05,0.7607063758598294,0.16642695681532865,0.07286666732484207,200.0,92.08150874034763,-209.98152274034763,-1.4,-1.0,-11.2,0.0,0.0,-29.5,-9.0,-3.5,-6.1,-5.5,-14.9
425,10796747.907563666,27,4.21847725965236,65.78150874034763,548.6177828944992,1,6.439980037384885e-05,0.7606610734960807,0.1664569882896707,0.07288193821424868,200.0,92.08150874034763,-209.98152274034763,-1.4,-1.0,-11.2,0.0,0.0,-29.5,-9.0,-3.5,-6.1,-5.5,-14.9
426,10796747.907563666,28,4.21847725965236,65.78150874034763,548.6177828944992,1,6.439980037384885e-05,0.7606188761666645,0.1664914025106692,0.07288972132266638,200.0,92.08150874034763,-209.98152274034763,-1.4,-1.0,-11.2,0.0,0.0,-29.5,-9.0,-3.5,-6.1,-5.5,-14.9
427,10796747.907563666,29,4.21847725965236,65.78150874034763,548.6177828944992,1,6.439980037384885e-05,0.7605844434551714,0.16651859763605117,0.07289695890877747,200.0,92.08150874034763,-209.98152274034763,-1.4,-1.0,-11.2,0.0,0.0,-29.5,-9.0,-3.5,-6.1,-5.5,-14.9
428,10796747.907563666,30,4.21847725965236,65.78150874034763,548.6177828944992,1,6.439980037384885e-05,0.7605549891129332,0.1665434979662936,0.07290151292077321,200.0,92.08150874034763,-209.98152274034763,-1.4,-1.0,-11.2,0.0,0.0,-29.5,-9.0,-3.5,-6.1,-5.5,-14.9
429,10796747.907563666,31,4.21847725965236,65.78150874034763,548.6177828944992,1,6.439980037384885e-05,0.7605257526016567,0.16656853568699326,0.07290571171135005,200.0,92.08150874034763,-209.98152274034763,-1.4,-1.0,-11.2,0.0,0.0,-29.5,-9.0,-3.5,-6.1,-5.5,-14.9
430,10796747.907563666,32,4.21847725965236,65.78150874034763,548.6177828944992,1,6.439980037384885e-05,0.7604968058110303,0.16659145772674364,0.07291173646222604,200.0,92.08150874034763,-209.98152274034763,-1.4,-1.0,-11.2,0.0,0.0,-29.5,-9.0,-3.5,-6.1,-5.5,-14.9
431,10796747.907563666,33,4.21847725965236,65.78150874034763,548.6177828944992,1,6.439980037384885e-05,0.7604590290549826,0.16662145329826034,0.072919517646757,200.0,92.08150874034763,-209.98152274034763,-1.4,-1.0,-11.2,0.0,0.0,-29.5,-9.0,-3.5,-6.1,-5.5,-14.9
432,10796747.907563666,34,4.21847725965236,65.78150874034763,548.6177828944992,1,6.439980037384885e-05,0.76042639202638,0.16664900385942213,0.07292460411419786,200.0,92.08150874034763,-209.98152274034763,-1.4,-1.0,-11.2,0.0,0.0,-29.5,-9.0,-3.5,-6.1,-5.5,-14.9
433,10796747.907563666,35,4.21847725965236,65.78150874034763,548.6177828944992,1,6.439980037384885e-05,0.7603828921463335,0.16668561780361577,0.07293149005005084,200.0,92.08150874034763,-209.98152274034763,-1.4,-1.0,-11.2,0.0,0.0,-29.5,-9.0,-3.5,-6.1,-5.5,-14.9
434,10796747.907563666,36,4.21847725965236,65.78150874034763,548.6177828944992,1,6.439980037384885e-05,0.7603449845236439,0.16671498488214337,0.07294003059421289,200.0,92.08150874034763,-209.98152274034763,-1.4,-1.0,-11.2,0.0,0.0,-29.5,-9.0,-3.5,-6.1,-5.5,-14.9
435,10796747.907563666,37,4.21847725965236,65.78150874034763,548.6177828944992,1,6.439980037384885e-05,0.7603075305303442,0.16675088576840572,0.07294158370125021,200.0,92.08150874034763,-209.98152274034763,-1.4,-1.0,-11.2,0.0,0.0,-29.5,-9.0,-3.5,-6.1,-5.5,-14.9
436,10796747.907563666,38,4.21847725965236,65.78150874034763,548.6177828944992,1,6.439980037384885e-05,0.7602707555529956,0.16678630934608787,0.07294293510091662,200.0,92.08150874034763,-209.98152274034763,-1.4,-1.0,-11.2,0.0,0.0,-29.5,-9.0,-3.5,-6.1,-5.5,-14.9
437,10796747.907563666,39,4.21847725965236,65.78150874034763,548.6177828944992,1,6.439980037384885e-05,0.7602391357603892,0.1668167816445989,0.07294408259501194,200.0,92.08150874034763,-209.98152274034763,-1.4,-1.0,-11.2,0.0,0.0,-29.5,-9.0,-3.5,-6.1,-5.5,-14.9
438,10796747.907563666,40,4.21847725965236,65.78150874034763,548.6177828944992,1,6.439980037384885e-05,0.7602079042723082,0.166847045835836,0.07294504989185574,200.0,92.08150874034763,-209.98152274034763,-1.4,-1.0,-11.2,0.0,0.0,-29.5,-9.0,-3.5,-6.1,-5.5,-14.9
439,10796747.907563666,41,4.21847725965236,65.78150874034763,548.6177828944992,1,6.439980037384885e-05,0.7601816123149367,0.16687043626368436,0.07294795142137894,200.0,92.08150874034763,-209.98152274034763,-1.4,-1.0,-11.2,0.0,0.0,-29.5,-9.0,-3.5,-6.1,-5.5,-14.9
440,10796747.907563666,42,4.21847725965236,65.78150874034763,548.6177828944992,1,6.439980037384885e-05,0.7601532891651226,0.16689400772582347,0.07295270310905388,200.0,92.08150874034763,-209.98152274034763,-1.4,-1.0,-11.2,0.0,0.0,-29.5,-9.0,-3.5,-6.1,-5.5,-14.9
441,10796747.907563666,43,4.21847725965236,65.78150874034763,548.6177828944992,1,6.439980037384885e-05,0.760127181263372,0.16692206318771638,0.0729507555489117,200.0,92.08150874034763,-209.98152274034763,-1.4,-1.0,-11.2,0.0,0.0,-29.5,-9.0,-3.5,-6.1,-5.5,-14.9
442,10796747.907563666,44,4.21847725965236,65.78150874034763,548.6177828944992,1,6.439980037384885e-05,0.7600965549405875,0.1669588391206317,0.07294460593878088,200.0,92.08150874034763,-209.98152274034763,-1.4,-1.0,-11.2,0.0,0.0,-29.5,-9.0,-3.5,-6.1,-5.5,-14.9
443,10796747.907563666,45,4.21847725965236,65.78150874034763,548.6177828944992,1,6.439980037384885e-05,0.7600553418356757,0.1670017851215915,0.07294287304273278,200.0,92.08150874034763,-209.98152274034763,-1.4,-1.0,-11.2,0.0,0.0,-29.5,-9.0,-3.5,-6.1,-5.5,-14.9
444,10796747.907563666,46,4.21847725965236,65.78150874034763,548.6177828944992,1,6.439980037384885e-05,0.7600261615593032,0.16703275512134838,0.07294108331934832,200.0,92.08150874034763,-209.98152274034763,-1.4,-1.0,-11.2,0.0,0.0,-29.5,-9.0,-3.5,-6.1,-5.5,-14.9
445,10796747.907563666,47,4.21847725965236,65.78150874034763,548.6177828944992,1,6.439980037384885e-05,0.7599994979395451,0.1670612392584857,0.07293926280196922,200.0,92.08150874034763,-209.98152274034763,-1.4,-1.0,-11.2,0.0,0.0,-29.5,-9.0,-3.5,-6.1,-5.5,-14.9
446,10796747.907563666,48,4.21847725965236,65.78150874034763,548.6177828944992,1,6.439980037384885e-05,0.7599797245604689,0.167080792293394,0.07293948314613709,200.0,92.08150874034763,-209.98152274034763,-1.4,-1.0,-11.2,0.0,0.0,-29.5,-9.0,-3.5,-6.1,-5.5,-14.9
447,10796747.907563666,49,4.21847725965236,65.78150874034763,548.6177828944992,1,6.439980037384885e-05,0.7599553671013063,0.16710504611852944,0.07293958678016425,200.0,92.08150874034763,-209.98152274034763,-1.4,-1.0,-11.2,0.0,0.0,-29.5,-9.0,-3.5,-6.1,-5.5,-14.9
448,10796747.907563666,0,4.21847725965236,65.78150874034763,548.6177828944992,1,6.439980037384885e-05,0.759930895292164,0.16713367982585436,0.07293542488198167,200.0,92.08150874034763,-209.98152274034763,-1.4,-1.0,-11.2,0.0,0.0,-29.5,-9.0,-3.5,-6.1,-5.5,-14.9
449,10796747.907563666,1,4.21847725965236,65.78150874034763,548.6177828944992,1,6.439980037384885e-05,0.7599023764922135,0.16716004509352994,0.07293757841425658,200.0,92.08150874034763,-209.98152274034763,-1.4,-1.0,-11.2,0.0,0.0,-29.5,-9.0,-3.5,-6.1,-5.5,-14.9
450,10796747.907563666,2,4.21847725965236,65.78150874034763,548.6177828944992,1,6.439980037384885e-05,0.7598761637639496,0.167188467469306,0.07293536876674436,200.0,92.08150874034763,-209.98152274034763,-1.4,-1.0,-11.2,0.0,0.0,-29.5,-9.0,-3.5,-6.1,-5.5,-14.9
451,10796747.907563666,3,4.21847725965236,65.78150874034763,548.6177828944992,1,6.439980037384885e-05,0.7598544117273858,0.16721449766394825,0.07293109060866601,200.0,92.08150874034763,-209.98152274034763,-1.4,-1.0,-11.2,0.0,0.0,-29.5,-9.0,-3.5,-6.1,-5.5,-14.9
452,10796747.907563666,4,4.21847725965236,65.78150874034763,548.6177828944992,1,6.439980037384885e-05,0.7598238703857686,0.16724918803773373,0.0729269415764977,200.0,92.08150874034763,-209.98152274034763,-1.4,-1.0,-11.2,0.0,0.0,-29.5,-9.0,-3.5,-6.1,-5.5,-14.9
453,10796747.907563666,5,4.21847725965236,65.78150874034763,548.6177828944992,1,6.439980037384885e-05,0.7597981975279514,0.16727687165158941,0.07292493082045919,200.0,92.08150874034763,-209.98152274034763,-1.4,-1.0,-11.2,0.0,0.0,-29.5,-9.0,-3.5,-6.1,-5.5,-14.9
454,10796747.907563666,6,4.21847725965236,65.78150874034763,548.6177828944992,1,6.439980037384885e-05,0.7597728708621216,0.16730012710153339,0.07292700203634496,200.0,92.08150874034763,-209.98152274034763,-1.4,-1.0,-11.2,0.0,0.0,-29.5,-9.0,-3.5,-6.1,-5.5,-14.9
455,10796747.907563666,7,4.21847725965236,65.78150874034763,548.6177828944992,1,6.439980037384885e-05,0.7597413627016352,0.16732567957697425,0.0729329577213906,200.0,92.08150874034763,-209.98152274034763,-1.4,-1.0,-11.2,0.0,0.0,-29.5,-9.0,-3.5,-6.1,-5.5,-14.9
456,10796747.907563666,8,4.21847725965236,65.78150874034763,548.6177828944992,1,6.439980037384885e-05,0.7597104197297231,0.16734904825684788,0.07294053201342901,200.0,92.08150874034763,-209.98152274034763,-1.4,-1.0,-11.2,0.0,0.0,-29.5,-9.0,-3.5,-6.1,-5.5,-14.9
457,10796747.907563666,9,4.21847725965236,65.78150874034763,548.6177828944992,1,6.439980037384885e-05,0.7596800164615923,0.16737034611922263,0.07294963741918498,200.0,92.08150874034763,-209.98152274034763,-1.4,-1.0,-11.2,0.0,0.0,-29.5,-9.0,-3.5,-6.1,-5.5,-14.9
458,10796747.907563666,10,4.21847725965236,65.78150874034763,548.6177828944992,1,6.439980037384885e-05,0.7596563462779604,0.16738958919080246,0.07295406453123718,200.0,92.08150874034763,-209.98152274034763,-1.4,-1.0,-11.2,0.0,0.0,-29.5,-9.0,-3.5,-6.1,-5.5,-14.9
459,10796747.907563666,11,4.21847725965236,65.78150874034763,548.6177828944992,1,6.439980037384885e-05,0.7596412777165306,0.16740262755475857,0.07295609472871084,200.0,92.08150874034763,-209.98152274034763,-1.4,-1.0,-11.2,0.0,0.0,-29.5,-9.0,-3.5,-6.1,-5.5,-14.9
460,10796747.907563666,12,4.21847725965236,65.78150874034763,548.6177828944992,1,6.439980037384885e-05,0.7596322837389441,0.16740983043021854,0.07295788583083734,200.0,92.08150874034763,-209.98152274034763,-1.4,-1.0,-11.2,0.0,0.0,-29.5,-9.0,-3.5,-6.1,-5.5,-14.9
461,10796747.907563666,13,4.21847725965236,65.78150874034763,548.6177828944992,1,6.439980037384885e-05,0.7596228607541246,0.16741161002540214,0.0729655292204733,200.0,92.08150874034763,-209.98152274034763,-1.4,-1.0,-11.2,0.0,0.0,-29.5,-9.0,-3.5,-6.1,-5.5,-14.9
462,10796747.907563666,14,4.21847725965236,65.78150874034763,548.6177828944992,1,6.439980037384885e-05,0.7596066259358663,0.16741463204404675,0.07297874202008708,200.0,92.08150874034763,-209.98152274034763,-1.4,-1.0,-11.2,0.0,0.0,-29.5,-9.0,-3.5,-6.1,-5.5,-14.9
463,10796747.907563666,15,4.21847725965236,65.78150874034763,548.6177828944992,1,6.439980037384885e-05,0.7595983209023415,0.167418620767557,0.07298305833010159,200.0,92.08150874034763,-209.98152274034763,-1.4,-1.0,-11.2,0.0,0.0,-29.5,-9.0,-3.5,-6.1,-5.5,-14.9
464,10796747.907563666,16,4.21847725965236,65.78150874034763,548.6177828944992,1,6.439980037384885e-05,0.7595851575632343,0.1674257899548513,0.07298905248191441,200.0,92.08150874034763,-209.98152274034763,-1.4,-1.0,-11.2,0.0,0.0,-29.5,-9.0,-3.5,-6.1,-5.5,-14.9
465,10796747.907563666,17,4.21847725965236,65.78150874034763,548.6177828944992,1,6.439980037384885e-05,0.7595673983876551,0.1674359676919043,0.07299663392044066,200.0,92.08150874034763,-209.98152274034763,-1.4,-1.0,-11.2,0.0,0.0,-29.5,-9.0,-3.5,-6.1,-5.5,-14.9
466,10796747.907563666,18,4.21847725965236,65.78150874034763,548.6177828944992,1,6.439980037384885e-05,0.7595559368961685,0.16743636821877966,0.07300769488505184,200.0,92.08150874034763,-209.98152274034763,-1.4,-1.0,-11.2,0.0,0.0,-29.5,-9.0,-3.5,-6.1,-5.5,-14.9
467,10796747.907563666,19,4.21847725965236,65.78150874034763,548.6177828944992,1,6.439980037384885e-05,0.7595335572850036,0.16744434459287988,0.0730220981221166,200.0,92.08150874034763,-209.98152274034763,-1.4,-1.0,-11.2,0.0,0.0,-29.5,-9.0,-3.5,-6.1,-5.5,-14.9
468,10796747.907563666,20,4.21847725965236,65.78150874034763,548.6177828944992,1,6.439980037384885e-05,0.7595049859844503,0.1674573645117974,0.07303764950375234,200.0,92.08150874034763,-209.98152274034763,-1.4,-1.0,-11.2,0.0,0.0,-29.5,-9.0,-3.5,-6.1,-5.5,-14.9
469,10796747.907563666,21,4.21847725965236,65.78150874034763,548.6177828944992,1,6.439980037384885e-05,0.7594912266457993,0.16746452876946277,0.0730442445847379,200.0,92.08150874034763,-209.98152274034763,-1.4,-1.0,-11.2,0.0,0.0,-29.5,-9.0,-3.5,-6.1,-5.5,-14.9
470,10796747.907563666,22,4.21847725965236,65.78150874034763,548.6177828944992,1,6.439980037384885e-05,0.7594849956801033,0.16747654523406674,0.07303845908582997,200.0,92.08150874034763,-209.98152274034763,-1.4,-1.0,-11.2,0.0,0.0,-29.5,-9.0,-3.5,-6.1,-5.5,-14.9
471,10796747.907563666,23,4.21847725965236,65.78150874034763,548.6177828944992,1,6.439980037384885e-05,0.7594654098422416,0.16750170755332291,0.07303288260443538,200.0,92.08150874034763,-209.98152274034763,-1.4,-1.0,-11.2,0.0,0.0,-29.5,-9.0,-3.5,-6.1,-5.5,-14.9
472,10796747.907563666,24,4.21847725965236,65.78150874034763,548.6177828944992,1,6.439980037384885e-05,0.7594456556588975,0.16752883697677834,0.07302550736432413,200.0,92.08150874034763,-209.98152274034763,-1.4,-1.0,-11.2,0.0,0.0,-29.5,-9.0,-3.5,-6.1,-5.5,-14.9
473,10796747.907563666,25,4.21847725965236,65.78150874034763,548.6177828944992,1,6.439980037384885e-05,0.7594177451179551,0.16755794696669293,0.07302430791535194,200.0,92.08150874034763,-209.98152274034763,-1.4,-1.0,-11.2,0.0,0.0,-29.5,-9.0,-3.5,-6.1,-5.5,-14.9
474,10796747.907563666,26,4.21847725965236,65.78150874034763,548.6177828944992,1,6.439980037384885e-05,0.7593861123559094,0.1675888641133785,0.07302502353071211,200.0,92.08150874034763,-209.98152274034763,-1.4,-1.0,-11.2,0.0,0.0,-29.5,-9.0,-3.5,-6.1,-5.5,-14.9
475,10796747.907563666,27,4.21847725965236,65.78150874034763,548.6177828944992,1,6.439980037384885e-05,0.7593508717507238,0.16762353875765723,0.07302558949161903,200.0,92.08150874034763,-209.98152274034763,-1.4,-1.0,-11.2,0.0,0.0,-29.5,-9.0,-3.5,-6.1,-5.5,-14.9
476,10796747.907563666,28,4.21847725965236,65.78150874034763,548.6177828944992,1,6.439980037384885e-05,0.7593100409449223,0.16766589889436226,0.07302406016071553,200.0,92.08150874034763,-209.98152274034763,-1.4,-1.0,-11.2,0.0,0.0,-29.5,-9.0,-3.5,-6.1,-5.5,-14.9
477,10796747.907563666,29,4.21847725965236,65.78150874034763,548.6177828944992,1,6.439980037384885e-05,0.7592601357662967,0.1677114931058264,0.07302837112787691,200.0,92.08150874034763,-209.98152274034763,-1.4,-1.0,-11.2,0.0,0.0,-29.5,-9.0,-3.5,-6.1,-5.5,-14.9
478,10796747.907563666,30,4.21847725965236,65.78150874034763,548.6177828944992,1,6.439980037384885e-05,0.7592158238218386,0.16775379821566835,0.073030377962493,200.0,92.08150874034763,-209.98152274034763,-1.4,-1.0,-11.2,0.0,0.0,-29.5,-9.0,-3.5,-6.1,-5.5,-14.9
479,10796747.907563666,31,4.21847725965236,65.78150874034763,548.6177828944992,1,6.439980037384885e-05,0.7591788840476464,0.16779091270960758,0.07303020324274602,200.0,92.08150874034763,-209.98152274034763,-1.4,-1.0,-11.2,0.0,0.0,-29.5,-9.0,-3.5,-6.1,-5.5,-14.9
480,10796747.907563666,32,4.21847725965236,65.78150874034763,548.6177828944992,1,6.439980037384885e-05,0.759130581480782,0.16783559536181547,0.07303382315740245,200.0,92.08150874034763,-209.98152274034763,-1.4,-1.0,-11.2,0.0,0.0,-29.5,-9.0,-3.5,-6.1,-5.5,-14.9
481,10796747.907563666,33,4.21847725965236,65.78150874034763,548.6177828944992,1,6.439980037384885e-05,0.7590797966931548,0.1678791773542537,0.0730410259525914,200.0,92.08150874034763,-209.98152274034763,-1.4,-1.0,-11.2,0.0,0.0,-29.5,-9.0,-3.5,-6.1,-5.5,-14.9
482,10796747.907563666,34,4.21847725965236,65.78150874034763,548.6177828944992,1,6.439980037384885e-05,0.7590307052223527,0.16791962038635,0.07304967439129731,200.0,92.08150874034763,-209.98152274034763,-1.4,-1.0,-11.2,0.0,0.0,-29.5,-9.0,-3.5,-6.1,-5.5,-14.9
483,10796747.907563666,35,4.21847725965236,65.78150874034763,548.6177828944992,1,6.439980037384885e-05,0.7589892195500095,0.1679549760368246,0.07305580441316595,200.0,92.08150874034763,-209.98152274034763,-1.4,-1.0,-11.2,0.0,0.0,-29.5,-9.0,-3.5,-6.1,-5.5,-14.9
484,10796747.907563666,36,4.21847725965236,65.78150874034763,548.6177828944992,1,6.439980037384885e-05,0.7589590388777757,0.16798141542812275,0.07305954569410152,200.0,92.08150874034763,-209.98152274034763,-1.4,-1.0,-11.2,0.0,0.0,-29.5,-9.0,-3.5,-6.1,-5.5,-14.9
485,10796747.907563666,37,4.21847725965236,65.78150874034763,548.6177828944992,1,6.439980037384885e-05,0.7589315446116062,0.16800356179873097,0.0730648935896629,200.0,92.08150874034763,-209.98152274034763,-1.4,-1.0,-11.2,0.0,0.0,-29.5,-9.0,-3.5,-6.1,-5.5,-14.9
486,10796747.907563666,38,4.21847725965236,65.78150874034763,548.6177828944992,1,6.439980037384885e-05,0.7589065946936028,0.1680216434606347,0.07307176184576247,200.0,92.08150874034763,-209.98152274034763,-1.4,-1.0,-11.2,0.0,0.0,-29.5,-9.0,-3.5,-6.1,-5.5,-14.9
487,10796747.907563666,39,4.21847725965236,65.78150874034763,548.6177828944992,1,6.439980037384885e-05,0.7588860072534492,0.16803585017305683,0.07307814257349401,200.0,92.08150874034763,-209.98152274034763,-1.4,-1.0,-11.2,0.0,0.0,-29.5,-9.0,-3.5,-6.1,-5.5,-14.9
488,10796747.907563666,40,4.21847725965236,65.78150874034763,548.6177828944992,1,6.439980037384885e-05,0.7588655703505036,0.16804844329650936,0.07308598635298709,200.0,92.08150874034763,-209.98152274034763,-1.4,-1.0,-11.2,0.0,0.0,-29.5,-9.0,-3.5,-6.1,-5.5,-14.9
489,10796747.907563666,41,4.21847725965236,65.78150874034763,548.6177828944992,1,6.439980037384885e-05,0.758849251094618,0.1680574581799646,0.07309329072541743,200.0,92.08150874034763,-209.98152274034763,-1.4,-1.0,-11.2,0.0,0.0,-29.5,-9.0,-3.5,-6.1,-5.5,-14.9
490,10796747.907563666,42,4.21847725965236,65.78150874034763,548.6177828944992,1,6.439980037384885e-05,0.7588408695814702,0.16805905564819973,0.07310007477033004,200.0,92.08150874034763,-209.98152274034763,-1.4,-1.0,-11.2,0.0,0.0,-29.5,-9.0,-3.5,-6.1,-5.5,-14.9
491,10796747.907563666,43,4.21847725965236,65.78150874034763,548.6177828944992,1,6.439980037384885e-05,0.7588279022836066,0.16806570795454714,0.07310638976184619,200.0,92.08150874034763,-209.98152274034763,-1.4,-1.0,-11.2,0.0,0.0,-29.5,-9.0,-3.5,-6.1,-5.5,-14.9
492,10796747.907563666,44,4.21847725965236,65.78150874034763,548.6177828944992,1,6.439980037384885e-05,0.7588219841563609,0.16808094447802935,0.0730970713656097,200.0,92.08150874034763,-209.98152274034763,-1.4,-1.0,-11.2,0.0,0.0,-29.5,-9.0,-3.5,-6.1,-5.5,-14.9
493,10796747.907563666,45,4.21847725965236,65.78150874034763,548.6177828944992,1,6.439980037384885e-05,0.7588171074020897,0.16810042862801414,0.07308246396989619,200.0,92.08150874034763,-209.98152274034763,-1.4,-1.0,-11.2,0.0,0.0,-29.5,-9.0,-3.5,-6.1,-5.5,-14.9
494,10796747.907563666,46,4.21847725965236,65.78150874034763,548.6177828944992,1,6.439980037384885e-05,0.7588016435101904,0.16812609144429497,0.07307226504551473,200.0,92.08150874034763,-209.98152274034763,-1.4,-1.0,-11.2,0.0,0.0,-29.5,-9.0,-3.5,-6.1,-5.5,-14.9
495,10796747.907563666,47,4.21847725965236,65.78150874034763,548.6177828944992,1,6.439980037384885e-05,0.75879421950409,0.16813956511093392,0.07306621538497612,200.0,92.08150874034763,-209.98152274034763,-1.4,-1.0,-11.2,0.0,0.0,-29.5,-9.0,-3.5,-6.1,-5.5,-14.9
496,10796747.907563666,48,4.21847725965236,65.78150874034763,548.6177828944992,1,6.439980037384885e-05,0.7587783832562826,0.16815748956932358,0.07306412717439384,200.0,92.08150874034763,-209.98152274034763,-1.4,-1.0,-11.2,0.0,0.0,-29.5,-9.0,-3.5,-6.1,-5.5,-14.9
497,10796747.907563666,49,4.21847725965236,65.78150874034763,548.6177828944992,1,6.439980037384885e-05,0.7587583964575534,0.1681795692245969,0.07306203431784972,200.0,92.08150874034763,-209.98152274034763,-1.4,-1.0,-11.2,0.0,0.0,-29.5,-9.0,-3.5,-6.1,-5.5,-14.9
498,10796747.907563666,0,4.21847725965236,65.78150874034763,548.6177828944992,1,6.439980037384885e-05,0.7587403769022051,0.1682015653205339,0.07305805777726104,200.0,92.08150874034763,-209.98152274034763,-1.4,-1.0,-11.2,0.0,0.0,-29.5,-9.0,-3.5,-6.1,-5.5,-14.9
499,10796747.907563666,1,4.21847725965236,65.78150874034763,548.6177828944992,1,6.439980037384885e-05,0.7587343572526642,0.16820962796772101,0.0730560147796147,200.0,92.08150874034763,-209.98152274034763,-1.4,-1.0,-11.2,0.0,0.0,-29.5,-9.0,-3.5,-6.1,-5.5,-14.9
500,10796747.907563666,2,4.21847725965236,65.78150874034763,548.6177828944992,1,6.439980037384885e-05,0.7587336361977312,0.16821241507030493,0.07305394873196396,200.0,92.08150874034763,-209.98152274034763,-1.4,-1.0,-11.2,0.0,0.0,-29.5,-9.0,-3.5,-6.1,-5.5,-14.9
501,10796747.907563666,3,4.21847725965236,65.78150874034763,548.6177828944992,1,6.439980037384885e-05,0.7587395443091524,0.16821601942288733,0.0730444362679604,200.0,92.08150874034763,-209.98152274034763,-1.4,-1.0,-11.2,0.0,0.0,-29.5,-9.0,-3.5,-6.1,-5.5,-14.9
502,10796747.907563666,4,4.21847725965236,65.78150874034763,548.6177828944992,1,6.439980037384885e-05,0.7587522592935662,0.16820875609937647,0.0730389846070574,200.0,92.08150874034763,-209.98152274034763,-1.4,-1.0,-11.2,0.0,0.0,-29.5,-9.0,-3.5,-6.1,-5.5,-14.9
503,10796747.907563666,5,4.21847725965236,65.78150874034763,548.6177828944992,1,6.439980037384885e-05,0.7587789107114644,0.16819111503458387,0.0730299742539518,200.0,92.08150874034763,-209.98152274034763,-1.4,-1.0,-11.2,0.0,0.0,-29.5,-9.0,-3.5,-6.1,-5.5,-14.9
504,10796747.907563666,6,4.21847725965236,65.78150874034763,548.6177828944992,1,6.439980037384885e-05,0.7587975945171985,0.16817554641193072,0.07302685907087075,200.0,92.08150874034763,-209.98152274034763,-1.4,-1.0,-11.2,0.0,0.0,-29.5,-9.0,-3.5,-6.1,-5.5,-14.9
505,10796747.907563666,7,4.21847725965236,65.78150874034763,548.6177828944992,1,6.439980037384885e-05,0.758824128679247,0.16815210292530794,0.07302376839544505,200.0,92.08150874034763,-209.98152274034763,-1.4,-1.0,-11.2,0.0,0.0,-29.5,-9.0,-3.5,-6.1,-5.5,-14.9
506,10796747.907563666,8,4.21847725965236,65.78150874034763,548.6177828944992,1,6.439980037384885e-05,0.7588445095539386,0.16813291694338514,0.07302257350267627,200.0,92.08150874034763,-209.98152274034763,-1.4,-1.0,-11.2,0.0,0.0,-29.5,-9.0,-3.5,-6.1,-5.5,-14.9
507,10796747.907563666,9,4.21847725965236,65.78150874034763,548.6177828944992,1,6.439980037384885e-05,0.7588572662908972,0.16811587758775456,0.07302685612134828,200.0,92.08150874034763,-209.98152274034763,-1.4,-1.0,-11.2,0.0,0.0,-29.5,-9.0,-3.5,-6.1,-5.5,-14.9
508,10796747.907563666,10,4.21847725965236,65.78150874034763,548.6177828944992,1,6.439980037384885e-05,0.7588645183379263,0.1681046686133791,0.0730308130486946,200.0,92.08150874034763,-209.98152274034763,-1.4,-1.0,-11.2,0.0,0.0,-29.5,-9.0,-3.5,-6.1,-5.5,-14.9
509,10796747.907563666,11,4.21847725965236,65.78150874034763,548.6177828944992,1,6.439980037384885e-05,0.7588759466094313,0.1680969342089377,0.0730271191816311,200.0,92.08150874034763,-209.98152274034763,-1.4,-1.0,-11.2,0.0,0.0,-29.5,-9.0,-3.5,-6.1,-5.5,-14.9
510,10796747.907563666,12,4.21847725965236,65.78150874034763,548.6177828944992,1,6.439980037384885e-05,0.758889784077959,0.16808489665994586,0.07302531926209514,200.0,92.08150874034763,-209.98152274034763,-1.4,-1.0,-11.2,0.0,0.0,-29.5,-9.0,-3.5,-6.1,-5.5,-14.9
511,10796747.907563666,13,4.21847725965236,65.78150874034763,548.6177828944992,1,6.439980037384885e-05,0.7589058160254093,0.16807069230411265,0.07302349167047814,200.0,92.08150874034763,-209.98152274034763,-1.4,-1.0,-11.2,0.0,0.0,-29.5,-9.0,-3.5,-6.1,-5.5,-14.9
512,10796747.907563666,14,4.21847725965236,65.78150874034763,548.6177828944992,1,6.439980037384885e-05,0.7589278489501722,0.16804870539408173,0.0730234456557461,200.0,92.08150874034763,-209.98152274034763,-1.4,-1.0,-11.2,0.0,0.0,-29.5,-9.0,-3.5,-6.1,-5.5,-14.9
513,10796747.907563666,15,4.21847725965236,65.78150874034763,548.6177828944992,1,6.439980037384885e-05,0.7589382469508967,0.1680366221205879,0.07302513092851544,200.0,92.08150874034763,-209.98152274034763,-1.4,-1.0,-11.2,0.0,0.0,-29.5,-9.0,-3.5,-6.1,-5.5,-14.9
514,10796747.907563666,16,4.21847725965236,65.78150874034763,548.6177828944992,1,6.439980037384885e-05,0.7589565245207051,0.1680223125926261,0.07302116288666892,200.0,92.08150874034763,-209.98152274034763,-1.4,-1.0,-11.2,0.0,0.0,-29.5,-9.0,-3.5,-6.1,-5.5,-14.9
515,10796747.907563666,17,4.21847725965236,65.78150874034763,548.6177828944992,1,6.439980037384885e-05,0.7589671503252089,0.16801554530709006,0.07301730436770101,200.0,92.08150874034763,-209.98152274034763,-1.4,-1.0,-11.2,0.0,0.0,-29.5,-9.0,-3.5,-6.1,-5.5,-14.9
516,10796747.907563666,18,4.21847725965236,65.78150874034763,548.6177828944992,1,6.439980037384885e-05,0.7589743579446906,0.1680121014598135,0.07301354059549593,200.0,92.08150874034763,-209.98152274034763,-1.4,-1.0,-11.2,0.0,0.0,-29.5,-9.0,-3.5,-6.1,-5.5,-14.9
517,10796747.907563666,19,4.21847725965236,65.78150874034763,548.6177828944992,1,6.439980037384885e-05,0.7589898728697596,0.1679984893195567,0.0730116378106837,200.0,92.08150874034763,-209.98152274034763,-1.4,-1.0,-11.2,0.0,0.0,-29.5,-9.0,-3.5,-6.1,-5.5,-14.9
518,10796747.907563666,20,4.21847725965236,65.78150874034763,548.6177828944992,1,6.439980037384885e-05,0.759009347860384,0.16798094179690404,0.07300971034271204,200.0,92.08150874034763,-209.98152274034763,-1.4,-1.0,-11.2,0.0,0.0,-29.5,-9.0,-3.5,-6.1,-5.5,-14.9
519,10796747.907563666,21,4.21847725965236,65.78150874034763,548.6177828944992,1,6.439980037384885e-05,0.7590344612461452,0.16795778451814747,0.07300775423570736,200.0,92.08150874034763,-209.98152274034763,-1.4,-1.0,-11.2,0.0,0.0,-29.5,-9.0,-3.5,-6.1,-5.5,-14.9
520,10796747.907563666,22,4.21847725965236,65.78150874034763,548.6177828944992,1,6.439980037384885e-05,0.759061184549573,0.16793124579988183,0.07300756965054507,200.0,92.08150874034763,-209.98152274034763,-1.4,-1.0,-11.2,0.0,0.0,-29.5,-9.0,-3.5,-6.1,-5.5,-14.9
521,10796747.907563666,23,4.21847725965236,65.78150874034763,548.6177828944992,1,6.439980037384885e-05,0.7590874646157867,0.167905253541564,0.07300728184264937,200.0,92.08150874034763,-209.98152274034763,-1.4,-1.0,-11.2,0.0,0.0,-29.5,-9.0,-3.5,-6.1,-5.5,-14.9
522,10796747.907563666,24,4.21847725965236,65.78150874034763,548.6177828944992,1,6.439980037384885e-05,0.7591206449264288,0.1678778192893429,0.07300153578422834,200.0,92.08150874034763,-209.98152274034763,-1.4,-1.0,-11.2,0.0,0.0,-29.5,-9.0,-3.5,-6.1,-5.5,-14.9
523,10796747.907563666,25,4.21847725965236,65.78150874034763,548.6177828944992,1,6.439980037384885e-05,0.759156725412015,0.1678490826793184,0.07299419190866666,200.0,92.08150874034763,-209.98152274034763,-1.4,-1.0,-11.2,0.0,0.0,-29.5,-9.0,-3.5,-6.1,-5.5,-14.9
524,10796747.907563666,26,4.21847725965236,65.78150874034763,548.6177828944992,1,6.439980037384885e-05,0.7591900587246309,0.16782104843734977,0.07298889283801936,200.0,92.08150874034763,-209.98152274034763,-1.4,-1.0,-11.2,0.0,0.0,-29.5,-9.0,-3.5,-6.1,-5.5,-14.9
525,10796747.907563666,27,4.21847725965236,65.78150874034763,548.6177828944992,1,6.439980037384885e-05,0.75922618572248,0.16779359726124776,0.07298021701627216,200.0,92.08150874034763,-209.98152274034763,-1.4,-1.0,-11.2,0.0,0.0,-29.5,-9.0,-3.5,-6.1,-5.5,-14.9
526,10796747.907563666,28,4.21847725965236,65.78150874034763,548.6177828944992,1,6.439980037384885e-05,0.759265093110029,0.16776303665253922,0.07297187023743183,200.0,92.08150874034763,-209.98152274034763,-1.4,-1.0,-11.2,0.0,0.0,-29.5,-9.0,-3.5,-6.1,-5.5,-14.9
527,10796747.907563666,29,4.21847725965236,65.78150874034763,548.6177828944992,1,6.439980037384885e-05,0.7593063224929055,0.16773685432174504,0.07295682318534945,200.0,92.08150874034763,-209.98152274034763,-1.4,-1.0,-11.2,0.0,0.0,-29.5,-9.0,-3.5,-6.1,-5.5,-14.9
528,10796747.907563666,30,4.21847725965236,65.78150874034763,548.6177828944992,1,6.439980037384885e-05,0.759339177905939,0.16771134959815306,0.07294947249590798,200.0,92.08150874034763,-209.98152274034763,-1.4,-1.0,-11.2,0.0,0.0,-29.5,-9.0,-3.5,-6.1,-5.5,-14.9
529,10796747.907563666,31,4.21847725965236,65.78150874034763,548.6177828944992,1,6.439980037384885e-05,0.7593677284641538,0.16768460689959747,0.07294766463624877,200.0,92.08150874034763,-209.98152274034763,-1.4,-1.0,-11.2,0.0,0.0,-29.5,-9.0,-3.5,-6.1,-5.5,-14.9
530,10796747.907563666,32,4.21847725965236,65.78150874034763,548.6177828944992,1,6.439980037384885e-05,0.7593958275241186,0.1676548226583295,0.07294934981755187,200.0,92.08150874034763,-209.98152274034763,-1.4,-1.0,-11.2,0.0,0.0,-29.5,-9.0,-3.5,-6.1,-5.5,-14.9
531,10796747.907563666,33,4.21847725965236,65.78150874034763,548.6177828944992,1,6.439980037384885e-05,0.7594104785090845,0.16763688743258773,0.07295263405832786,200.0,92.08150874034763,-209.98152274034763,-1.4,-1.0,-11.2,0.0,0.0,-29.5,-9.0,-3.5,-6.1,-5.5,-14.9
532,10796747.907563666,34,4.21847725965236,65.78150874034763,548.6177828944992,1,6.439980037384885e-05,0.7594233438006996,0.16762275608455382,0.07295390011474653,200.0,92.08150874034763,-209.98152274034763,-1.4,-1.0,-11.2,0.0,0.0,-29.5,-9.0,-3.5,-6.1,-5.5,-14.9
533,10796747.907563666,35,4.21847725965236,65.78150874034763,548.6177828944992,1,6.439980037384885e-05,0.7594456478291959,0.16759938493409324,0.07295496723671097,200.0,92.08150874034763,-209.98152274034763,-1.4,-1.0,-11.2,0.0,0.0,-29.5,-9.0,-3.5,-6.1,-5.5,-14.9
534,10796747.907563666,36,4.21847725965236,65.78150874034763,548.6177828944992,1,6.439980037384885e-05,0.7594713542743751,0.16757278369523215,0.07295586203039264,200.0,92.08150874034763,-209.98152274034763,-1.4,-1.0,-11.2,0.0,0.0,-29.5,-9.0,-3.5,-6.1,-5.5,-14.9
535,10796747.907563666,37,4.21847725965236,65.78150874034763,548.6177828944992,1,6.439980037384885e-05,0.759492937211353,0.16755044566894753,0.0729566171196995,200.0,92.08150874034763,-209.98152274034763,-1.4,-1.0,-11.2,0.0,0.0,-29.5,-9.0,-3.5,-6.1,-5.5,-14.9
536,10796747.907563666,38,4.21847725965236,65.78150874034763,548.6177828944992,1,6.439980037384885e-05,0.759523486336475,0.1675175817279102,0.07295893193561478,200.0,92.08150874034763,-209.98152274034763,-1.4,-1.0,-11.2,0.0,0.0,-29.5,-9.0,-3.5,-6.1,-5.5,-14.9
537,10796747.907563666,39,4.21847725965236,65.78150874034763,548.6177828944992,1,6.439980037384885e-05,0.759556969008764,0.16748202214030652,0.07296100885092942,200.0,92.08150874034763,-209.98152274034763,-1.4,-1.0,-11.2,0.0,0.0,-29.5,-9.0,-3.5,-6.1,-5.5,-14.9
538,10796747.907563666,40,4.21847725965236,65.78150874034763,548.6177828944992,1,6.439980037384885e-05,0.7596002571526717,0.16744380900044864,0.07295593384687973,200.0,92.08150874034763,-209.98152274034763,-1.4,-1.0,-11.2,0.0,0.0,-29.5,-9.0,-3.5,-6.1,-5.5,-14.9
539,10796747.907563666,41,4.21847725965236,65.78150874034763,548.6177828944992,1,6.439980037384885e-05,0.75963683487868,0.1674086880271683,0.07295447709415179,200.0,92.08150874034763,-209.98152274034763,-1.4,-1.0,-11.2,0.0,0.0,-29.5,-9.0,-3.5,-6.1,-5.5,-14.9
540,10796747.907563666,42,4.21847725965236,65.78150874034763,548.6177828944992,1,6.439980037384885e-05,0.7596704974120363,0.167378222225317,0.07295128036264666,200.0,92.08150874034763,-209.98152274034763,-1.4,-1.0,-11.2,0.0,0.0,-29.5,-9.0,-3.5,-6.1,-5.5,-14.9
541,10796747.907563666,43,4.21847725965236,65.78150874034763,548.6177828944992,1,6.439980037384885e-05,0.7597013916544668,0.16735216948444634,0.07294643886108688,200.0,92.08150874034763,-209.98152274034763,-1.4,-1.0,-11.2,0.0,0.0,-29.5,-9.0,-3.5,-6.1,-5.5,-14.9
542,10796747.907563666,44,4.21847725965236,65.78150874034763,548.6177828944992,1,6.439980037384885e-05,0.7597334585201866,0.16732138201871372,0.07294515946109967,200.0,92.08150874034763,-209.98152274034763,-1.4,-1.0,-11.2,0.0,0.0,-29.5,-9.0,-3.5,-6.1,-5.5,-14.9
543,10796747.907563666,45,4.21847725965236,65.78150874034763,548.6177828944992,1,6.439980037384885e-05,0.7597665625674316,0.16728789133601643,0.07294554609655203,200.0,92.08150874034763,-209.98152274034763,-1.4,-1.0,-11.2,0.0,0.0,-29.5,-9.0,-3.5,-6.1,-5.5,-14.9
544,10796747.907563666,46,4.21847725965236,65.78150874034763,548.6177828944992,1,6.439980037384885e-05,0.759796809557555,0.16726248769912716,0.07294070274331783,200.0,92.08150874034763,-209.98152274034763,-1.4,-1.0,-11.2,0.0,0.0,-29.5,-9.0,-3.5,-6.1,-5.5,-14.9
545,10796747.907563666,47,4.21847725965236,65.78150874034763,548.6177828944992,1,6.439980037384885e-05,0.7598317655000855,0.1672305462342208,0.07293768826569381,200.0,92.08150874034763,-209.98152274034763,-1.4,-1.0,-11.2,0.0,0.0,-29.5,-9.0,-3.5,-6.1,-5.5,-14.9
546,10796747.907563666,48,4.21847725965236,65.78150874034763,548.6177828944992,1,6.439980037384885e-05,0.7598586294694938,0.16720491768738394,0.07293645284312233,200.0,92.08150874034763,-209.98152274034763,-1.4,-1.0,-11.2,0.0,0.0,-29.5,-9.0,-3.5,-6.1,-5.5,-14.9
547,10796747.907563666,49,4.21847725965236,65.78150874034763,548.6177828944992,1,6.439980037384885e-05,0.7598795552410381,0.1671852453634038,0.07293519939555815,200.0,92.08150874034763,-209.98152274034763,-1.4,-1.0,-11.2,0.0,0.0,-29.5,-9.0,-3.5,-6.1,-5.5,-14.9
548,10796747.907563666,0,4.21847725965236,65.78150874034763,548.6177828944992,1,6.439980037384885e-05,0.7599019414355909,0.1671658469740145,0.07293221159039467,200.0,92.08150874034763,-209.98152274034763,-1.4,-1.0,-11.2,0.0,0.0,-29.5,-9.0,-3.5,-6.1,-5.5,-14.9
549,10796747.907563666,1,4.21847725965236,65.78150874034763,548.6177828944992,1,6.439980037384885e-05,0.7599327104151234,0.16714310136602367,0.07292418821885288,200.0,92.08150874034763,-209.98152274034763,-1.4,-1.0,-11.2,0.0,0.0,-29.5,-9.0,-3.5,-6.1,-5.5,-14.9
550,10796747.907563666,2,4.21847725965236,65.78150874034763,548.6177828944992,1,6.439980037384885e-05,0.7599539233470789,0.16712619990758565,0.07291987674533551,200.0,92.08150874034763,-209.98152274034763,-1.4,-1.0,-11.2,0.0,0.0,-29.5,-9.0,-3.5,-6.1,-5.5,-14.9
551,10796747.907563666,3,4.21847725965236,65.78150874034763,548.6177828944992,1,6.439980037384885e-05,0.7599696948713994,0.16710954913883305,0.07292075598976763,200.0,92.08150874034763,-209.98152274034763,-1.4,-1.0,-11.2,0.0,0.0,-29.5,-9.0,-3.5,-6.1,-5.5,-14.9
552,10796747.907563666,4,4.21847725965236,65.78150874034763,548.6177828944992,1,6.439980037384885e-05,0.7599801306930681,0.16709835976952825,0.07292150953740362,200.0,92.08150874034763,-209.98152274034763,-1.4,-1.0,-11.2,0.0,0.0,-29.5,-9.0,-3.5,-6.1,-5.5,-14.9
553,10796747.907563666,5,4.21847725965236,65.78150874034763,548.6177828944992,1,6.439980037384885e-05,0.7599889945814403,0.1670905518236194,0.07292045359494029,200.0,92.08150874034763,-209.98152274034763,-1.4,-1.0,-11.2,0.0,0.0,-29.5,-9.0,-3.5,-6.1,-5.5,-14.9
554,10796747.907563666,6,4.21847725965236,65.78150874034763,548.6177828944992,1,6.439980037384885e-05,0.7599929512941394,0.16708600202935736,0.07292104667650337,200.0,92.08150874034763,-209.98152274034763,-1.4,-1.0,-11.2,0.0,0.0,-29.5,-9.0,-3.5,-6.1,-5.5,-14.9
555,10796747.907563666,7,4.21847725965236,65.78150874034763,548.6177828944992,1,6.439980037384885e-05,0.7599956062201878,0.16708621943035235,0.07291817434945995,200.0,92.08150874034763,-209.98152274034763,-1.4,-1.0,-11.2,0.0,0.0,-29.5,-9.0,-3.5,-6.1,-5.5,-14.9
556,10796747.907563666,8,4.21847725965236,65.78150874034763,548.6177828944992,1,6.439980037384885e-05,0.7600007486594477,0.16708223682168766,0.07291701451886466,200.0,92.08150874034763,-209.98152274034763,-1.4,-1.0,-11.2,0.0,0.0,-29.5,-9.0,-3.5,-6.1,-5.5,-14.9
557,10796747.907563666,9,4.21847725965236,65.78150874034763,548.6177828944992,1,6.439980037384885e-05,0.7600186103579822,0.16706894163454952,0.07291244800746821,200.0,92.08150874034763,-209.98152274034763,-1.4,-1.0,-11.2,0.0,0.0,-29.5,-9.0,-3.5,-6.1,-5.5,-14.9
558,10796747.907563666,10,4.21847725965236,65.78150874034763,548.6177828944992,1,6.439980037384885e-05,0.7600346447391259,0.16705566880287198,0.07290968645800215,200.0,92.08150874034763,-209.98152274034763,-1.4,-1.0,-11.2,0.0,0.0,-29.5,-9.0,-3.5,-6.1,-5.5,-14.9
559,10796747.907563666,11,4.21847725965236,65.78150874034763,548.6177828944992,1,6.439980037384885e-05,0.7600473102011523,0.16704072857011154,0.07291196122873612,200.0,92.08150874034763,-209.98152274034763,-1.4,-1.0,-11.2,0.0,0.0,-29.5,-9.0,-3.5,-6.1,-5.5,-14.9
560,10796747.907563666,12,4.21847725965236,65.78150874034763,548.6177828944992,1,6.439980037384885e-05,0.7600532786052235,0.16702769386220295,0.0729190275325735,200.0,92.08150874034763,-209.98152274034763,-1.4,-1.0,-11.2,0.0,0.0,-29.5,-9.0,-3.5,-6.1,-5.5,-14.9
561,10796747.907563666,13,4.21847725965236,65.78150874034763,548.6177828944992,1,6.439980037384885e-05,0.7600544846987456,0.16701986583370773,0.07292564946754662,200.0,92.08150874034763,-209.98152274034763,-1.4,-1.0,-11.2,0.0,0.0,-29.5,-9.0,-3.5,-6.1,-5.5,-14.9
562,10796747.907563666,14,4.21847725965236,65.78150874034763,548.6177828944992,1,6.439980037384885e-05,0.7600494343517512,0.16701871068514432,0.07293185496310456,200.0,92.08150874034763,-209.98152274034763,-1.4,-1.0,-11.2,0.0,0.0,-29.5,-9.0,-3.5,-6.1,-5.5,-14.9
563,10796747.907563666,15,4.21847725965236,65.78150874034763,548.6177828944992,1,6.439980037384885e-05,0.7600420538677523,0.16701698291894473,0.07294096321330301,200.0,92.08150874034763,-209.98152274034763,-1.4,-1.0,-11.2,0.0,0.0,-29.5,-9.0,-3.5,-6.1,-5.5,-14.9
564,10796747.907563666,16,4.21847725965236,65.78150874034763,548.6177828944992,1,6.439980037384885e-05,0.7600375190799682,0.16701463757133791,0.07294784334869385,200.0,92.08150874034763,-209.98152274034763,-1.4,-1.0,-11.2,0.0,0.0,-29.5,-9.0,-3.5,-6.1,-5.5,-14.9
565,10796747.907563666,17,4.21847725965236,65.78150874034763,548.6177828944992,1,6.439980037384885e-05,0.7600323703632827,0.1670100545894988,0.0729575750472184,200.0,92.08150874034763,-209.98152274034763,-1.4,-1.0,-11.2,0.0,0.0,-29.5,-9.0,-3.5,-6.1,-5.5,-14.9
566,10796747.907563666,18,4.21847725965236,65.78150874034763,548.6177828944992,1,6.439980037384885e-05,0.7600246363254428,0.1670135885176871,0.07296177515687005,200.0,92.08150874034763,-209.98152274034763,-1.4,-1.0,-11.2,0.0,0.0,-29.5,-9.0,-3.5,-6.1,-5.5,-14.9
567,10796747.907563666,19,4.21847725965236,65.78150874034763,548.6177828944992,1,6.439980037384885e-05,0.7600196317304206,0.1670196347834631,0.07296073348611626,200.0,92.08150874034763,-209.98152274034763,-1.4,-1.0,-11.2,0.0,0.0,-29.5,-9.0,-3.5,-6.1,-5.5,-14.9
568,10796747.907563666,20,4.21847725965236,65.78150874034763,548.6177828944992,1,6.439980037384885e-05,0.7600070151287772,0.1670333117898918,0.07295967308133101,200.0,92.08150874034763,-209.98152274034763,-1.4,-1.0,-11.2,0.0,0.0,-29.5,-9.0,-3.5,-6.1,-5.5,-14.9
569,10796747.907563666,21,4.21847725965236,65.78150874034763,548.6177828944992,1,6.439980037384885e-05,0.7599976801695514,0.16704049003144625,0.07296182979900233,200.0,92.08150874034763,-209.98152274034763,-1.4,-1.0,-11.2,0.0,0.0,-29.5,-9.0,-3.5,-6.1,-5.5,-14.9
570,10796747.907563666,22,4.21847725965236,65.78150874034763,548.6177828944992,1,6.439980037384885e-05,0.7599862183291184,0.1670483627617169,0.07296541890916472,200.0,92.08150874034763,-209.98152274034763,-1.4,-1.0,-11.2,0.0,0.0,-29.5,-9.0,-3.5,-6.1,-5.5,-14.9
571,10796747.907563666,23,4.21847725965236,65.78150874034763,548.6177828944992,1,6.439980037384885e-05,0.7599675188590086,0.16706373200938943,0.07296874913160194,200.0,92.08150874034763,-209.98152274034763,-1.4,-1.0,-11.2,0.0,0.0,-29.5,-9.0,-3.5,-6.1,-5.5,-14.9
572,10796747.907563666,24,4.21847725965236,65.78150874034763,548.6177828944992,1,6.439980037384885e-05,0.7599522826413677,0.16707591460168747,0.07297180275694479,200.0,92.08150874034763,-209.98152274034763,-1.4,-1.0,-11.2,0.0,0.0,-29.5,-9.0,-3.5,-6.1,-5.5,-14.9
573,10796747.907563666,25,4.21847725965236,65.78150874034763,548.6177828944992,1,6.439980037384885e-05,0.7599368953673656,0.16708850047013504,0.0729746041624994,200.0,92.08150874034763,-209.98152274034763,-1.4,-1.0,-11.2,0.0,0.0,-29.5,-9.0,-3.5,-6.1,-5.5,-14.9
574,10796747.907563666,26,4.21847725965236,65.78150874034763,548.6177828944992,1,6.439980037384885e-05,0.7599195908161922,0.1671048588545753,0.07297555032923252,200.0,92.08150874034763,-209.98152274034763,-1.4,-1.0,-11.2,0.0,0.0,-29.5,-9.0,-3.5,-6.1,-5.5,-14.9
575,10796747.907563666,27,4.21847725965236,65.78150874034763,548.6177828944992,1,6.439980037384885e-05,0.7599003338672414,0.16712815495248573,0.07297151118027292,200.0,92.08150874034763,-209.98152274034763,-1.4,-1.0,-11.2,0.0,0.0,-29.5,-9.0,-3.5,-6.1,-5.5,-14.9
576,10796747.907563666,28,4.21847725965236,65.78150874034763,548.6177828944992,1,6.439980037384885e-05,0.7598811402294208,0.16715127300628768,0.07296758676429159,200.0,92.08150874034763,-209.98152274034763,-1.4,-1.0,-11.2,0.0,0.0,-29.5,-9.0,-3.5,-6.1,-5.5,-14.9
577,10796747.907563666,29,4.21847725965236,65.78150874034763,548.6177828944992,1,6.439980037384885e-05,0.7598654256213875,0.16717081201036546,0.07296376236824709,200.0,92.08150874034763,-209.98152274034763,-1.4,-1.0,-11.2,0.0,0.0,-29.5,-9.0,-3.5,-6.1,-5.5,-14.9
578,10796747.907563666,30,4.21847725965236,65.78150874034763,548.6177828944992,1,6.439980037384885e-05,0.7598463905242315,0.16718873644784935,0.07296487302791911,200.0,92.08150874034763,-209.98152274034763,-1.4,-1.0,-11.2,0.0,0.0,-29.5,-9.0,-3.5,-6.1,-5.5,-14.9
579,10796747.907563666,31,4.21847725965236,65.78150874034763,548.6177828944992,1,6.439980037384885e-05,0.7598225664357031,0.16720515137071662,0.07297228219358032,200.0,92.08150874034763,-209.98152274034763,-1.4,-1.0,-11.2,0.0,0.0,-29.5,-9.0,-3.5,-6.1,-5.5,-14.9
580,10796747.907563666,32,4.21847725965236,65.78150874034763,548.6177828944992,1,6.439980037384885e-05,0.7598006920941127,0.16722170542639372,0.07297760247949356,200.0,92.08150874034763,-209.98152274034763,-1.4,-1.0,-11.2,0.0,0.0,-29.5,-9.0,-3.5,-6.1,-5.5,-14.9
581,10796747.907563666,33,4.21847725965236,65.78150874034763,548.6177828944992,1,6.439980037384885e-05,0.7597788388515728,0.1672434145977607,0.07297774655066655,200.0,92.08150874034763,-209.98152274034763,-1.4,-1.0,-11.2,0.0,0.0,-29.5,-9.0,-3.5,-6.1,-5.5,-14.9
582,10796747.907563666,34,4.21847725965236,65.78150874034763,548.6177828944992,1,6.439980037384885e-05,0.7597621489188412,0.16726326792878637,0.07297458315237246,200.0,92.08150874034763,-209.98152274034763,-1.4,-1.0,-11.2,0.0,0.0,-29.5,-9.0,-3.5,-6.1,-5.5,-14.9
583,10796747.907563666,35,4.21847725965236,65.78150874034763,548.6177828944992,1,6.439980037384885e-05,0.75974378909085,0.16728312350679933,0.0729730874023506,200.0,92.08150874034763,-209.98152274034763,-1.4,-1.0,-11.2,0.0,0.0,-29.5,-9.0,-3.5,-6.1,-5.5,-14.9
584,10796747.907563666,36,4.21847725965236,65.78150874034763,548.6177828944992,1,6.439980037384885e-05,0.7597289148576356,0.16729792666410365,0.0729731584782607,200.0,92.08150874034763,-209.98152274034763,-1.4,-1.0,-11.2,0.0,0.0,-29.5,-9.0,-3.5,-6.1,-5.5,-14.9
585,10796747.907563666,37,4.21847725965236,65.78150874034763,548.6177828944992,1,6.439980037384885e-05,0.759718893293439,0.16730957590308942,0.07297153080347157,200.0,92.08150874034763,-209.98152274034763,-1.4,-1.0,-11.2,0.0,0.0,-29.5,-9.0,-3.5,-6.1,-5.5,-14.9
586,10796747.907563666,38,4.21847725965236,65.78150874034763,548.6177828944992,1,6.439980037384885e-05,0.7597070632369742,0.16731668684088413,0.07297624992214165,200.0,92.08150874034763,-209.98152274034763,-1.4,-1.0,-11.2,0.0,0.0,-29.5,-9.0,-3.5,-6.1,-5.5,-14.9
587,10796747.907563666,39,4.21847725965236,65.78150874034763,548.6177828944992,1,6.439980037384885e-05,0.7596866187122548,0.16733113776930691,0.07298224351843831,200.0,92.08150874034763,-209.98152274034763,-1.4,-1.0,-11.2,0.0,0.0,-29.5,-9.0,-3.5,-6.1,-5.5,-14.9
588,10796747.907563666,40,4.21847725965236,65.78150874034763,548.6177828944992,1,6.439980037384885e-05,0.7596663355717057,0.1673458301131446,0.0729878343151497,200.0,92.08150874034763,-209.98152274034763,-1.4,-1.0,-11.2,0.0,0.0,-29.5,-9.0,-3.5,-6.1,-5.5,-14.9
589,10796747.907563666,41,4.21847725965236,65.78150874034763,548.6177828944992,1,6.439980037384885e-05,0.7596429224641984,0.16736244212455995,0.07299463541124165,200.0,92.08150874034763,-209.98152274034763,-1.4,-1.0,-11.2,0.0,0.0,-29.5,-9.0,-3.5,-6.1,-5.5,-14.9
590,10796747.907563666,42,4.21847725965236,65.78150874034763,548.6177828944992,1,6.439980037384885e-05,0.7596247188638374,0.16737746401675557,0.07299781711940696,200.0,92.08150874034763,-209.98152274034763,-1.4,-1.0,-11.2,0.0,0.0,-29.5,-9.0,-3.5,-6.1,-5.5,-14.9
591,10796747.907563666,43,4.21847725965236,65.78150874034763,548.6177828944992,1,6.439980037384885e-05,0.7596162504993635,0.1673909022355221,0.0729928472651144,200.0,92.08150874034763,-209.98152274034763,-1.4,-1.0,-11.2,0.0,0.0,-29.5,-9.0,-3.5,-6.1,-5.5,-14.9
592,10796747.907563666,44,4.21847725965236,65.78150874034763,548.6177828944992,1,6.439980037384885e-05,0.7596057387961925,0.1674046480236401,0.07298961318016738,200.0,92.08150874034763,-209.98152274034763,-1.4,-1.0,-11.2,0.0,0.0,-29.5,-9.0,-3.5,-6.1,-5.5,-14.9
593,10796747.907563666,45,4.21847725965236,65.78150874034763,548.6177828944992,1,6.439980037384885e-05,0.759600069892523,0.1674087868976185,0.0729911432098585,200.0,92.08150874034763,-209.98152274034763,-1.4,-1.0,-11.2,0.0,0.0,-29.5,-9.0,-3.5,-6.1,-5.5,-14.9
594,10796747.907563666,46,4.21847725965236,65.78150874034763,548.6177828944992,1,6.439980037384885e-05,0.7595921584871932,0.1674153355836856,0.07299250592912121,200.0,92.08150874034763,-209.98152274034763,-1.4,-1.0,-11.2,0.0,0.0,-29.5,-9.0,-3.5,-6.1,-5.5,-14.9
595,10796747.907563666,47,4.21847725965236,65.78150874034763,548.6177828944992,1,6.439980037384885e-05,0.7595969530712361,0.1674109425332039,0.07299210439556,200.0,92.08150874034763,-209.98152274034763,-1.4,-1.0,-11.2,0.0,0.0,-29.5,-9.0,-3.5,-6.1,-5.5,-14.9
596,10796747.907563666,48,4.21847725965236,65.78150874034763,548.6177828944992,1,6.439980037384885e-05,0.7596038047408538,0.16740769137291245,0.07298850388623375,200.0,92.08150874034763,-209.98152274034763,-1.4,-1.0,-11.2,0.0,0.0,-29.5,-9.0,-3.5,-6.1,-5.5,-14.9
597,10796747.907563666,49,4.21847725965236,65.78150874034763,548.6177828944992,1,6.439980037384885e-05,0.7596095543378037,0.1674023362626592,0.07298810939953711,200.0,92.08150874034763,-209.98152274034763,-1.4,-1.0,-11.2,0.0,0.0,-29.5,-9.0,-3.5,-6.1,-5.5,-14.9
598,10796747.907563666,0,4.21847725965236,65.78150874034763,548.6177828944992,1,6.439980037384885e-05,0.7596143114642249,0.1673933759660554,0.07299231256971975,200.0,92.08150874034763,-209.98152274034763,-1.4,-1.0,-11.2,0.0,0.0,-29.5,-9.0,-3.5,-6.1,-5.5,-14.9
599,10796747.907563666,1,4.21847725965236,65.78150874034763,548.6177828944992,1,6.439980037384885e-05,0.7596099159590719,0.16738918052585122,0.07300090351507686,200.0,92.08150874034763,-209.98152274034763,-1.4,-1.0,-11.2,0.0,0.0,-29.5,-9.0,-3.5,-6.1,-5.5,-14.9
600,10796747.907563666,2,4.21847725965236,65.78150874034763,548.6177828944992,1,6.439980037384885e-05,0.7595918689232641,0.16739601977954705,0.0730121112971889,200.0,92.08150874034763,-209.98152274034763,-1.4,-1.0,-11.2,0.0,0.0,-29.5,-9.0,-3.5,-6.1,-5.5,-14.9
601,10796747.907563666,3,4.21847725965236,65.78150874034763,548.6177828944992,1,6.439980037384885e-05,0.7595690244440075,0.16740675837377525,0.07302421718221709,200.0,92.08150874034763,-209.98152274034763,-1.4,-1.0,-11.2,0.0,0.0,-29.5,-9.0,-3.5,-6.1,-5.5,-14.9
602,10796747.907563666,4,4.21847725965236,65.78150874034763,548.6177828944992,1,6.439980037384885e-05,0.7595482399981275,0.16741304786098715,0.07303871214088538,200.0,92.08150874034763,-209.98152274034763,-1.4,-1.0,-11.2,0.0,0.0,-29.5,-9.0,-3.5,-6.1,-5.5,-14.9
603,10796747.907563666,5,4.21847725965236,65.78150874034763,548.6177828944992,1,6.439980037384885e-05,0.7595276685712439,0.1674199682795153,0.07305236314924086,200.0,92.08150874034763,-209.98152274034763,-1.4,-1.0,-11.2,0.0,0.0,-29.5,-9.0,-3.5,-6.1,-5.5,-14.9
604,10796747.907563666,6,4.21847725965236,65.78150874034763,548.6177828944992,1,6.439980037384885e-05,0.7595089329280169,0.16742585863595907,0.07306520843602403,200.0,92.08150874034763,-209.98152274034763,-1.4,-1.0,-11.2,0.0,0.0,-29.5,-9.0,-3.5,-6.1,-5.5,-14.9
605,10796747.907563666,7,4.21847725965236,65.78150874034763,548.6177828944992,1,6.439980037384885e-05,0.7594936664820395,0.16742594774075814,0.07308038577720229,200.0,92.08150874034763,-209.98152274034763,-1.4,-1.0,-11.2,0.0,0.0,-29.5,-9.0,-3.5,-6.1,-5.5,-14.9
606,10796747.907563666,8,4.21847725965236,65.78150874034763,548.6177828944992,1,6.439980037384885e-05,0.7594767627172884,0.16742700182273607,0.07309623545997565,200.0,92.08150874034763,-209.98152274034763,-1.4,-1.0,-11.2,0.0,0.0,-29.5,-9.0,-3.5,-6.1,-5.5,-14.9
607,10796747.907563666,9,4.21847725965236,65.78150874034763,548.6177828944992,1,6.439980037384885e-05,0.7594694115278132,0.16742563015059728,0.07310495832158953,200.0,92.08150874034763,-209.98152274034763,-1.4,-1.0,-11.2,0.0,0.0,-29.5,-9.0,-3.5,-6.1,-5.5,-14.9
608,10796747.907563666,10,4.21847725965236,65.78150874034763,548.6177828944992,1,6.439980037384885e-05,0.7594694725056399,0.16742357167632518,0.0731069558180349,200.0,92.08150874034763,-209.98152274034763,-1.4,-1.0,-11.2,0.0,0.0,-29.5,-9.0,-3.5,-6.1,-5.5,-14.9
609,10796747.907563666,11,4.21847725965236,65.78150874034763,548.6177828944992,1,6.439980037384885e-05,0.7594703023942967,0.16742095230058715,0.07310874530511623,200.0,92.08150874034763,-209.98152274034763,-1.4,-1.0,-11.2,0.0,0.0,-29.5,-9.0,-3.5,-6.1,-5.5,-14.9
610,10796747.907563666,12,4.21847725965236,65.78150874034763,548.6177828944992,1,6.439980037384885e-05,0.7594687427677406,0.16741784737963197,0.07311340985262742,200.0,92.08150874034763,-209.98152274034763,-1.4,-1.0,-11.2,0.0,0.0,-29.5,-9.0,-3.5,-6.1,-5.5,-14.9
611,10796747.907563666,13,4.21847725965236,65.78150874034763,548.6177828944992,1,6.439980037384885e-05,0.7594745174815909,0.16740624272775942,0.07311923979064973,200.0,92.08150874034763,-209.98152274034763,-1.4,-1.0,-11.2,0.0,0.0,-29.5,-9.0,-3.5,-6.1,-5.5,-14.9
612,10796747.907563666,14,4.21847725965236,65.78150874034763,548.6177828944992,1,6.439980037384885e-05,0.7594808097319155,0.1673929979947468,0.07312619227333772,200.0,92.08150874034763,-209.98152274034763,-1.4,-1.0,-11.2,0.0,0.0,-29.5,-9.0,-3.5,-6.1,-5.5,-14.9
613,10796747.907563666,15,4.21847725965236,65.78150874034763,548.6177828944992,1,6.439980037384885e-05,0.7594813196608748,0.16737986313922537,0.07313881719989986,200.0,92.08150874034763,-209.98152274034763,-1.4,-1.0,-11.2,0.0,0.0,-29.5,-9.0,-3.5,-6.1,-5.5,-14.9
614,10796747.907563666,16,4.21847725965236,65.78150874034763,548.6177828944992,1,6.439980037384885e-05,0.7594794960146396,0.16736521778682217,0.07315528619853827,200.0,92.08150874034763,-209.98152274034763,-1.4,-1.0,-11.2,0.0,0.0,-29.5,-9.0,-3.5,-6.1,-5.5,-14.9
615,10796747.907563666,17,4.21847725965236,65.78150874034763,548.6177828944992,1,6.439980037384885e-05,0.7594786059935545,0.16734753461702292,0.07317385938942256,200.0,92.08150874034763,-209.98152274034763,-1.4,-1.0,-11.2,0.0,0.0,-29.5,-9.0,-3.5,-6.1,-5.5,-14.9
616,10796747.907563666,18,4.21847725965236,65.78150874034763,548.6177828944992,1,6.439980037384885e-05,0.7594785231774843,0.16733011217830612,0.0731913646442095,200.0,92.08150874034763,-209.98152274034763,-1.4,-1.0,-11.2,0.0,0.0,-29.5,-9.0,-3.5,-6.1,-5.5,-14.9
617,10796747.907563666,19,4.21847725965236,65.78150874034763,548.6177828944992,1,6.439980037384885e-05,0.7594837744408085,0.16731600570534616,0.07320021985384542,200.0,92.08150874034763,-209.98152274034763,-1.4,-1.0,-11.2,0.0,0.0,-29.5,-9.0,-3.5,-6.1,-5.5,-14.9
618,10796747.907563666,20,4.21847725965236,65.78150874034763,548.6177828944992,1,6.439980037384885e-05,0.7594863386166505,0.16730514444610986,0.07320851693723959,200.0,92.08150874034763,-209.98152274034763,-1.4,-1.0,-11.2,0.0,0.0,-29.5,-9.0,-3.5,-6.1,-5.5,-14.9
619,10796747.907563666,21,4.21847725965236,65.78150874034763,548.6177828944992,1,6.439980037384885e-05,0.7594926542931333,0.16729259729769216,0.07321474840917451,200.0,92.08150874034763,-209.98152274034763,-1.4,-1.0,-11.2,0.0,0.0,-29.5,-9.0,-3.5,-6.1,-5.5,-14.9
620,10796747.907563666,22,4.21847725965236,65.78150874034763,548.6177828944992,1,6.439980037384885e-05,0.7594978604808587,0.16728007525255245,0.07322206426658893,200.0,92.08150874034763,-209.98152274034763,-1.4,-1.0,-11.2,0.0,0.0,-29.5,-9.0,-3.5,-6.1,-5.5,-14.9
621,10796747.907563666,23,4.21847725965236,65.78150874034763,548.6177828944992,1,6.439980037384885e-05,0.7594972749071932,0.1672723032752768,0.07323042181752996,200.0,92.08150874034763,-209.98152274034763,-1.4,-1.0,-11.2,0.0,0.0,-29.5,-9.0,-3.5,-6.1,-5.5,-14.9
622,10796747.907563666,24,4.21847725965236,65.78150874034763,548.6177828944992,1,6.439980037384885e-05,0.7595036958698707,0.16726110622101195,0.07323519790911744,200.0,92.08150874034763,-209.98152274034763,-1.4,-1.0,-11.2,0.0,0.0,-29.5,-9.0,-3.5,-6.1,-5.5,-14.9
623,10796747.907563666,25,4.21847725965236,65.78150874034763,548.6177828944992,1,6.439980037384885e-05,0.7595027901009312,0.16725305067650117,0.07324415922256758,200.0,92.08150874034763,-209.98152274034763,-1.4,-1.0,-11.2,0.0,0.0,-29.5,-9.0,-3.5,-6.1,-5.5,-14.9
624,10796747.907563666,26,4.21847725965236,65.78150874034763,548.6177828944992,1,6.439980037384885e-05,0.7594994926606046,0.16724945850074557,0.0732510488386499,200.0,92.08150874034763,-209.98152274034763,-1.4,-1.0,-11.2,0.0,0.0,-29.5,-9.0,-3.5,-6.1,-5.5,-14.9
625,10796747.907563666,27,4.21847725965236,65.78150874034763,548.6177828944992,1,6.439980037384885e-05,0.7594924436280228,0.16724857023763473,0.07325898613434245,200.0,92.08150874034763,-209.98152274034763,-1.4,-1.0,-11.2,0.0,0.0,-29.5,-9.0,-3.5,-6.1,-5.5,-14.9
626,10796747.907563666,28,4.21847725965236,65.78150874034763,548.6177828944992,1,6.439980037384885e-05,0.7594896011192136,0.16724550949069292,0.07326488939009346,200.0,92.08150874034763,-209.98152274034763,-1.4,-1.0,-11.2,0.0,0.0,-29.5,-9.0,-3.5,-6.1,-5.5,-14.9
627,10796747.907563666,29,4.21847725965236,65.78150874034763,548.6177828944992,1,6.439980037384885e-05,0.7594767265100653,0.16725136970692842,0.07327190378300638,200.0,92.08150874034763,-209.98152274034763,-1.4,-1.0,-11.2,0.0,0.0,-29.5,-9.0,-3.5,-6.1,-5.5,-14.9
628,10796747.907563666,30,4.21847725965236,65.78150874034763,548.6177828944992,1,6.439980037384885e-05,0.7594698692161101,0.16725469346837074,0.0732754373155191,200.0,92.08150874034763,-209.98152274034763,-1.4,-1.0,-11.2,0.0,0.0,-29.5,-9.0,-3.5,-6.1,-5.5,-14.9
629,10796747.907563666,31,4.21847725965236,65.78150874034763,548.6177828944992,1,6.439980037384885e-05,0.7594733921210378,0.16725094341644375,0.0732756644625185,200.0,92.08150874034763,-209.98152274034763,-1.4,-1.0,-11.2,0.0,0.0,-29.5,-9.0,-3.5,-6.1,-5.5,-14.9
630,10796747.907563666,32,4.21847725965236,65.78150874034763,548.6177828944992,1,6.439980037384885e-05,0.7594791255078366,0.16724213959367704,0.0732787348984864,200.0,92.08150874034763,-209.98152274034763,-1.4,-1.0,-11.2,0.0,0.0,-29.5,-9.0,-3.5,-6.1,-5.5,-14.9
631,10796747.907563666,33,4.21847725965236,65.78150874034763,548.6177828944992,1,6.439980037384885e-05,0.7594822395088539,0.16723473228985034,0.07328302820129588,200.0,92.08150874034763,-209.98152274034763,-1.4,-1.0,-11.2,0.0,0.0,-29.5,-9.0,-3.5,-6.1,-5.5,-14.9
632,10796747.907563666,34,4.21847725965236,65.78150874034763,548.6177828944992,1,6.439980037384885e-05,0.7594890795136395,0.1672224606035197,0.07328845988284084,200.0,92.08150874034763,-209.98152274034763,-1.4,-1.0,-11.2,0.0,0.0,-29.5,-9.0,-3.5,-6.1,-5.5,-14.9
633,10796747.907563666,35,4.21847725965236,65.78150874034763,548.6177828944992,1,6.439980037384885e-05,0.7594995138450192,0.16720254599918682,0.07329794015579401,200.0,92.08150874034763,-209.98152274034763,-1.4,-1.0,-11.2,0.0,0.0,-29.5,-9.0,-3.5,-6.1,-5.5,-14.9
634,10796747.907563666,36,4.21847725965236,65.78150874034763,548.6177828944992,1,6.439980037384885e-05,0.7595071277287664,0.16718307619435616,0.0733097960768775,200.0,92.08150874034763,-209.98152274034763,-1.4,-1.0,-11.2,0.0,0.0,-29.5,-9.0,-3.5,-6.1,-5.5,-14.9
635,10796747.907563666,37,4.21847725965236,65.78150874034763,548.6177828944992,1,6.439980037384885e-05,0.7595181666471695,0.16716092083575027,0.07332091251708017,200.0,92.08150874034763,-209.98152274034763,-1.4,-1.0,-11.2,0.0,0.0,-29.5,-9.0,-3.5,-6.1,-5.5,-14.9
636,10796747.907563666,38,4.21847725965236,65.78150874034763,548.6177828944992,1,6.439980037384885e-05,0.7595294012454595,0.16713777925235176,0.07333281950218865,200.0,92.08150874034763,-209.98152274034763,-1.4,-1.0,-11.2,0.0,0.0,-29.5,-9.0,-3.5,-6.1,-5.5,-14.9
637,10796747.907563666,39,4.21847725965236,65.78150874034763,548.6177828944992,1,6.439980037384885e-05,0.7595376179827545,0.16712281292777506,0.07333956908947042,200.0,92.08150874034763,-209.98152274034763,-1.4,-1.0,-11.2,0.0,0.0,-29.5,-9.0,-3.5,-6.1,-5.5,-14.9
638,10796747.907563666,40,4.21847725965236,65.78150874034763,548.6177828944992,1,6.439980037384885e-05,0.7595385695023434,0.16711112456561647,0.07335030593204012,200.0,92.08150874034763,-209.98152274034763,-1.4,-1.0,-11.2,0.0,0.0,-29.5,-9.0,-3.5,-6.1,-5.5,-14.9
639,10796747.907563666,41,4.21847725965236,65.78150874034763,548.6177828944992,1,6.439980037384885e-05,0.7595341013260307,0.16710403296008686,0.07336186571388241,200.0,92.08150874034763,-209.98152274034763,-1.4,-1.0,-11.2,0.0,0.0,-29.5,-9.0,-3.5,-6.1,-5.5,-14.9
640,10796747.907563666,42,4.21847725965236,65.78150874034763,548.6177828944992,1,6.439980037384885e-05,0.7595305915544213,0.16709669947592995,0.07337270896964877,200.0,92.08150874034763,-209.98152274034763,-1.4,-1.0,-11.2,0.0,0.0,-29.5,-9.0,-3.5,-6.1,-5.5,-14.9
641,10796747.907563666,43,4.21847725965236,65.78150874034763,548.6177828944992,1,6.439980037384885e-05,0.759526493951624,0.1670891567235278,0.07338434932484819,200.0,92.08150874034763,-209.98152274034763,-1.4,-1.0,-11.2,0.0,0.0,-29.5,-9.0,-3.5,-6.1,-5.5,-14.9
642,10796747.907563666,44,4.21847725965236,65.78150874034763,548.6177828944992,1,6.439980037384885e-05,0.7595218394993719,0.16708141686093425,0.0733967436396939,200.0,92.08150874034763,-209.98152274034763,-1.4,-1.0,-11.2,0.0,0.0,-29.5,-9.0,-3.5,-6.1,-5.5,-14.9
643,10796747.907563666,45,4.21847725965236,65.78150874034763,548.6177828944992,1,6.439980037384885e-05,0.759515133918779,0.16707501012750128,0.07340985595371965,200.0,92.08150874034763,-209.98152274034763,-1.4,-1.0,-11.2,0.0,0.0,-29.5,-9.0,-3.5,-6.1,-5.5,-14.9
644,10796747.907563666,46,4.21847725965236,65.78150874034763,548.6177828944992,1,6.439980037384885e-05,0.7595003959754822,0.16707593759379002,0.07342366643072767,200.0,92.08150874034763,-209.98152274034763,-1.4,-1.0,-11.2,0.0,0.0,-29.5,-9.0,-3.5,-6.1,-5.5,-14.9
645,10796747.907563666,47,4.21847725965236,65.78150874034763,548.6177828944992,1,6.439980037384885e-05,0.759482641695931,0.16707776784363998,0.07343959046042901,200.0,92.08150874034763,-209.98152274034763,-1.4,-1.0,-11.2,0.0,0.0,-29.5,-9.0,-3.5,-6.1,-5.5,-14.9
646,10796747.907563666,48,4.21847725965236,65.78150874034763,548.6177828944992,1,6.439980037384885e-05,0.7594620583839229,0.1670789547871246,0.07345898682895248,200.0,92.08150874034763,-209.98152274034763,-1.4,-1.0,-11.2,0.0,0.0,-29.5,-9.0,-3.5,-6.1,-5.5,-14.9
647,10796747.907563666,49,4.21847725965236,65.78150874034763,548.6177828944992,1,6.439980037384885e-05,0.7594416875708802,0.16708398405565913,0.0734743283734608,200.0,92.08150874034763,-209.98152274034763,-1.4,-1.0,-11.2,0.0,0.0,-29.5,-9.0,-3.5,-6.1,-5.5,-14.9
648,10796747.907563666,0,4.21847725965236,65.78150874034763,548.6177828944992,1,6.439980037384885e-05,0.7594215782086069,0.16708966593981714,0.07348875585157595,200.0,92.08150874034763,-209.98152274034763,-1.4,-1.0,-11.2,0.0,0.0,-29.5,-9.0,-3.5,-6.1,-5.5,-14.9
649,10796747.907563666,1,4.21847725965236,65.78150874034763,548.6177828944992,1,6.439980037384885e-05,0.7594002062040072,0.16709747391723756,0.07350231987875532,200.0,92.08150874034763,-209.98152274034763,-1.4,-1.0,-11.2,0.0,0.0,-29.5,-9.0,-3.5,-6.1,-5.5,-14.9
650,10796747.907563666,2,4.21847725965236,65.78150874034763,548.6177828944992,1,6.439980037384885e-05,0.75937770200924,0.16710431507114631,0.07351798291961362,200.0,92.08150874034763,-209.98152274034763,-1.4,-1.0,-11.2,0.0,0.0,-29.5,-9.0,-3.5,-6.1,-5.5,-14.9
651,10796747.907563666,3,4.21847725965236,65.78150874034763,548.6177828944992,1,6.439980037384885e-05,0.7593646230442009,0.16710269182403462,0.07353268513176452,200.0,92.08150874034763,-209.98152274034763,-1.4,-1.0,-11.2,0.0,0.0,-29.5,-9.0,-3.5,-6.1,-5.5,-14.9
652,10796747.907563666,4,4.21847725965236,65.78150874034763,548.6177828944992,1,6.439980037384885e-05,0.759351468763161,0.1671005725895736,0.07354795864726546,200.0,92.08150874034763,-209.98152274034763,-1.4,-1.0,-11.2,0.0,0.0,-29.5,-9.0,-3.5,-6.1,-5.5,-14.9
653,10796747.907563666,5,4.21847725965236,65.78150874034763,548.6177828944992,1,6.439980037384885e-05,0.7593442232872887,0.16709347884718928,0.07356229786552204,200.0,92.08150874034763,-209.98152274034763,-1.4,-1.0,-11.2,0.0,0.0,-29.5,-9.0,-3.5,-6.1,-5.5,-14.9
654,10796747.907563666,6,4.21847725965236,65.78150874034763,548.6177828944992,1,6.439980037384885e-05,0.7593440436445212,0.16708166304985592,0.07357429330562287,200.0,92.08150874034763,-209.98152274034763,-1.4,-1.0,-11.2,0.0,0.0,-29.5,-9.0,-3.5,-6.1,-5.5,-14.9
655,10796747.907563666,7,4.21847725965236,65.78150874034763,548.6177828944992,1,6.439980037384885e-05,0.7593490322631458,0.1670683414218344,0.07358262631501991,200.0,92.08150874034763,-209.98152274034763,-1.4,-1.0,-11.2,0.0,0.0,-29.5,-9.0,-3.5,-6.1,-5.5,-14.9
656,10796747.907563666,8,4.21847725965236,65.78150874034763,548.6177828944992,1,6.439980037384885e-05,0.7593544623082007,0.1670565862752426,0.07358895141655677,200.0,92.08150874034763,-209.98152274034763,-1.4,-1.0,-11.2,0.0,0.0,-29.5,-9.0,-3.5,-6.1,-5.5,-14.9
657,10796747.907563666,9,4.21847725965236,65.78150874034763,548.6177828944992,1,6.439980037384885e-05,0.7593559432686642,0.16704490027362537,0.07359915645771052,200.0,92.08150874034763,-209.98152274034763,-1.4,-1.0,-11.2,0.0,0.0,-29.5,-9.0,-3.5,-6.1,-5.5,-14.9
658,10796747.907563666,10,4.21847725965236,65.78150874034763,548.6177828944992,1,6.439980037384885e-05,0.7593477249964038,0.16703921179407857,0.0736130632095177,200.0,92.08150874034763,-209.98152274034763,-1.4,-1.0,-11.2,0.0,0.0,-29.5,-9.0,-3.5,-6.1,-5.5,-14.9
659,10796747.907563666,11,4.21847725965236,65.78150874034763,548.6177828944992,1,6.439980037384885e-05,0.7593406278690843,0.16703469733019558,0.07362467480072021,200.0,92.08150874034763,-209.98152274034763,-1.4,-1.0,-11.2,0.0,0.0,-29.5,-9.0,-3.5,-6.1,-5.5,-14.9
660,10796747.907563666,12,4.21847725965236,65.78150874034763,548.6177828944992,1,6.439980037384885e-05,0.75932872634953,0.16703282384037973,0.07363844981009035,200.0,92.08150874034763,-209.98152274034763,-1.4,-1.0,-11.2,0.0,0.0,-29.5,-9.0,-3.5,-6.1,-5.5,-14.9
661,10796747.907563666,13,4.21847725965236,65.78150874034763,548.6177828944992,1,6.439980037384885e-05,0.7593211654044485,0.16702458795786324,0.0736542466376883,200.0,92.08150874034763,-209.98152274034763,-1.4,-1.0,-11.2,0.0,0.0,-29.5,-9.0,-3.5,-6.1,-5.5,-14.9
662,10796747.907563666,14,4.21847725965236,65.78150874034763,548.6177828944992,1,6.439980037384885e-05,0.7593088550453897,0.16701771520411224,0.07367342975049801,200.0,92.08150874034763,-209.98152274034763,-1.4,-1.0,-11.2,0.0,0.0,-29.5,-9.0,-3.5,-6.1,-5.5,-14.9
663,10796747.907563666,15,4.21847725965236,65.78150874034763,548.6177828944992,1,6.439980037384885e-05,0.7592964219385963,0.1670120893607525,0.07369148870065131,200.0,92.08150874034763,-209.98152274034763,-1.4,-1.0,-11.2,0.0,0.0,-29.5,-9.0,-3.5,-6.1,-5.5,-14.9
664,10796747.907563666,16,4.21847725965236,65.78150874034763,548.6177828944992,1,6.439980037384885e-05,0.759280923646893,0.16701058667793958,0.07370848967516737,200.0,92.08150874034763,-209.98152274034763,-1.4,-1.0,-11.2,0.0,0.0,-29.5,-9.0,-3.5,-6.1,-5.5,-14.9
665,10796747.907563666,17,4.21847725965236,65.78150874034763,548.6177828944992,1,6.439980037384885e-05,0.7592639314564855,0.16701588769545825,0.07372018084805625,200.0,92.08150874034763,-209.98152274034763,-1.4,-1.0,-11.2,0.0,0.0,-29.5,-9.0,-3.5,-6.1,-5.5,-14.9
666,10796747.907563666,18,4.21847725965236,65.78150874034763,548.6177828944992,1,6.439980037384885e-05,0.7592455884885867,0.1670232765110395,0.07373113500037379,200.0,92.08150874034763,-209.98152274034763,-1.4,-1.0,-11.2,0.0,0.0,-29.5,-9.0,-3.5,-6.1,-5.5,-14.9
667,10796747.907563666,19,4.21847725965236,65.78150874034763,548.6177828944992,1,6.439980037384885e-05,0.7592333231673329,0.16702530975025576,0.07374136708241136,200.0,92.08150874034763,-209.98152274034763,-1.4,-1.0,-11.2,0.0,0.0,-29.5,-9.0,-3.5,-6.1,-5.5,-14.9
668,10796747.907563666,20,4.21847725965236,65.78150874034763,548.6177828944992,1,6.439980037384885e-05,0.7592195185431398,0.16702669295121683,0.07375378850564336,200.0,92.08150874034763,-209.98152274034763,-1.4,-1.0,-11.2,0.0,0.0,-29.5,-9.0,-3.5,-6.1,-5.5,-14.9
669,10796747.907563666,21,4.21847725965236,65.78150874034763,548.6177828944992,1,6.439980037384885e-05,0.7592100547460382,0.1670259543785137,0.07376399087544815,200.0,92.08150874034763,-209.98152274034763,-1.4,-1.0,-11.2,0.0,0.0,-29.5,-9.0,-3.5,-6.1,-5.5,-14.9
670,10796747.907563666,22,4.21847725965236,65.78150874034763,548.6177828944992,1,6.439980037384885e-05,0.7591974708432562,0.16702472460947068,0.07377780454727323,200.0,92.08150874034763,-209.98152274034763,-1.4,-1.0,-11.2,0.0,0.0,-29.5,-9.0,-3.5,-6.1,-5.5,-14.9
671,10796747.907563666,23,4.21847725965236,65.78150874034763,548.6177828944992,1,6.439980037384885e-05,0.7591848130979838,0.16702299982700797,0.0737921870750081,200.0,92.08150874034763,-209.98152274034763,-1.4,-1.0,-11.2,0.0,0.0,-29.5,-9.0,-3.5,-6.1,-5.5,-14.9
672,10796747.907563666,24,4.21847725965236,65.78150874034763,548.6177828944992,1,6.439980037384885e-05,0.7591735271383937,0.16702079205857168,0.07380568080303469,200.0,92.08150874034763,-209.98152274034763,-1.4,-1.0,-11.2,0.0,0.0,-29.5,-9.0,-3.5,-6.1,-5.5,-14.9
673,10796747.907563666,25,4.21847725965236,65.78150874034763,548.6177828944992,1,6.439980037384885e-05,0.759164960374753,0.16701954932181914,0.07381549030342782,200.0,92.08150874034763,-209.98152274034763,-1.4,-1.0,-11.2,0.0,0.0,-29.5,-9.0,-3.5,-6.1,-5.5,-14.9
674,10796747.907563666,26,4.21847725965236,65.78150874034763,548.6177828944992,1,6.439980037384885e-05,0.7591574895089535,0.16702210498766804,0.07382040550337855,200.0,92.08150874034763,-209.98152274034763,-1.4,-1.0,-11.2,0.0,0.0,-29.5,-9.0,-3.5,-6.1,-5.5,-14.9
675,10796747.907563666,27,4.21847725965236,65.78150874034763,548.6177828944992,1,6.439980037384885e-05,0.7591453560524236,0.16702688698041476,0.07382775696716157,200.0,92.08150874034763,-209.98152274034763,-1.4,-1.0,-11.2,0.0,0.0,-29.5,-9.0,-3.5,-6.1,-5.5,-14.9
676,10796747.907563666,28,4.21847725965236,65.78150874034763,548.6177828944992,1,6.439980037384885e-05,0.7591360171749866,0.16702940737386815,0.07383457545114534,200.0,92.08150874034763,-209.98152274034763,-1.4,-1.0,-11.2,0.0,0.0,-29.5,-9.0,-3.5,-6.1,-5.5,-14.9
677,10796747.907563666,29,4.21847725965236,65.78150874034763,548.6177828944992,1,6.439980037384885e-05,0.7591306801080476,0.1670340571495622,0.07383526274239025,200.0,92.08150874034763,-209.98152274034763,-1.4,-1.0,-11.2,0.0,0.0,-29.5,-9.0,-3.5,-6.1,-5.5,-14.9
678,10796747.907563666,30,4.21847725965236,65.78150874034763,548.6177828944992,1,6.439980037384885e-05,0.7591248888846728,0.16703934227428435,0.07383576884104284,200.0,92.08150874034763,-209.98152274034763,-1.4,-1.0,-11.2,0.0,0.0,-29.5,-9.0,-3.5,-6.1,-5.5,-14.9
679,10796747.907563666,31,4.21847725965236,65.78150874034763,548.6177828944992,1,6.439980037384885e-05,0.7591129621402098,0.16704671588597075,0.07384032197381948,200.0,92.08150874034763,-209.98152274034763,-1.4,-1.0,-11.2,0.0,0.0,-29.5,-9.0,-3.5,-6.1,-5.5,-14.9
680,10796747.907563666,32,4.21847725965236,65.78150874034763,548.6177828944992,1,6.439980037384885e-05,0.75910084411984,0.16705885617912125,0.07384029970103878,200.0,92.08150874034763,-209.98152274034763,-1.4,-1.0,-11.2,0.0,0.0,-29.5,-9.0,-3.5,-6.1,-5.5,-14.9
681,10796747.907563666,33,4.21847725965236,65.78150874034763,548.6177828944992,1,6.439980037384885e-05,0.7590843773807217,0.16707128845218114,0.07384433416709725,200.0,92.08150874034763,-209.98152274034763,-1.4,-1.0,-11.2,0.0,0.0,-29.5,-9.0,-3.5,-6.1,-5.5,-14.9
682,10796747.907563666,34,4.21847725965236,65.78150874034763,548.6177828944992,1,6.439980037384885e-05,0.7590665938822552,0.16708538690393904,0.0738480192138058,200.0,92.08150874034763,-209.98152274034763,-1.4,-1.0,-11.2,0.0,0.0,-29.5,-9.0,-3.5,-6.1,-5.5,-14.9
683,10796747.907563666,35,4.21847725965236,65.78150874034763,548.6177828944992,1,6.439980037384885e-05,0.7590504695579685,0.1670967717803051,0.07385275866172646,200.0,92.08150874034763,-209.98152274034763,-1.4,-1.0,-11.2,0.0,0.0,-29.5,-9.0,-3.5,-6.1,-5.5,-14.9
684,10796747.907563666,36,4.21847725965236,65.78150874034763,548.6177828944992,1,6.439980037384885e-05,0.7590344303765384,0.16710985334328862,0.073855716280173,200.0,92.08150874034763,-209.98152274034763,-1.4,-1.0,-11.2,0.0,0.0,-29.5,-9.0,-3.5,-6.1,-5.5,-14.9
685,10796747.907563666,37,4.21847725965236,65.78150874034763,548.6177828944992,1,6.439980037384885e-05,0.7590213954673181,0.16711884728829896,0.07385975724438303,200.0,92.08150874034763,-209.98152274034763,-1.4,-1.0,-11.2,0.0,0.0,-29.5,-9.0,-3.5,-6.1,-5.5,-14.9
686,10796747.907563666,38,4.21847725965236,65.78150874034763,548.6177828944992,1,6.439980037384885e-05,0.7590083174335589,0.1671282384405799,0.0738634441258612,200.0,92.08150874034763,-209.98152274034763,-1.4,-1.0,-11.2,0.0,0.0,-29.5,-9.0,-3.5,-6.1,-5.5,-14.9
687,10796747.907563666,39,4.21847725965236,65.78150874034763,548.6177828944992,1,6.439980037384885e-05,0.7589965494740828,0.16714081303931774,0.07386263748659955,200.0,92.08150874034763,-209.98152274034763,-1.4,-1.0,-11.2,0.0,0.0,-29.5,-9.0,-3.5,-6.1,-5.5,-14.9
688,10796747.907563666,40,4.21847725965236,65.78150874034763,548.6177828944992,1,6.439980037384885e-05,0.7589832754821199,0.16715361273552973,0.07386311178235046,200.0,92.08150874034763,-209.98152274034763,-1.4,-1.0,-11.2,0.0,0.0,-29.5,-9.0,-3.5,-6.1,-5.5,-14.9
689,10796747.907563666,41,4.21847725965236,65.78150874034763,548.6177828944992,1,6.439980037384885e-05,0.758970030150747,0.167163792384864,0.0738661774643889,200.0,92.08150874034763,-209.98152274034763,-1.4,-1.0,-11.2,0.0,0.0,-29.5,-9.0,-3.5,-6.1,-5.5,-14.9
690,10796747.907563666,42,4.21847725965236,65.78150874034763,548.6177828944992,1,6.439980037384885e-05,0.7589595549502403,0.16717427077701622,0.07386617427274357,200.0,92.08150874034763,-209.98152274034763,-1.4,-1.0,-11.2,0.0,0.0,-29.5,-9.0,-3.5,-6.1,-5.5,-14.9
691,10796747.907563666,43,4.21847725965236,65.78150874034763,548.6177828944992,1,6.439980037384885e-05,0.7589545757530246,0.1671807897708196,0.07386463447615585,200.0,92.08150874034763,-209.98152274034763,-1.4,-1.0,-11.2,0.0,0.0,-29.5,-9.0,-3.5,-6.1,-5.5,-14.9
692,10796747.907563666,44,4.21847725965236,65.78150874034763,548.6177828944992,1,6.439980037384885e-05,0.7589604476994901,0.16717930001219763,0.07386025228831232,200.0,92.08150874034763,-209.98152274034763,-1.4,-1.0,-11.2,0.0,0.0,-29.5,-9.0,-3.5,-6.1,-5.5,-14.9
693,10796747.907563666,45,4.21847725965236,65.78150874034763,548.6177828944992,1,6.439980037384885e-05,0.7589625117323595,0.16718015994396387,0.07385732832367664,200.0,92.08150874034763,-209.98152274034763,-1.4,-1.0,-11.2,0.0,0.0,-29.5,-9.0,-3.5,-6.1,-5.5,-14.9
694,10796747.907563666,46,4.21847725965236,65.78150874034763,548.6177828944992,1,6.439980037384885e-05,0.7589693993258898,0.16717757393899413,0.07385302673511601,200.0,92.08150874034763,-209.98152274034763,-1.4,-1.0,-11.2,0.0,0.0,-29.5,-9.0,-3.5,-6.1,-5.5,-14.9
695,10796747.907563666,47,4.21847725965236,65.78150874034763,548.6177828944992,1,6.439980037384885e-05,0.7589766980319507,0.16717177328158486,0.07385152868646448,200.0,92.08150874034763,-209.98152274034763,-1.4,-1.0,-11.2,0.0,0.0,-29.5,-9.0,-3.5,-6.1,-5.5,-14.9
696,10796747.907563666,48,4.21847725965236,65.78150874034763,548.6177828944992,1,6.439980037384885e-05,0.758985741292747,0.1671643030820893,0.07384995562516382,200.0,92.08150874034763,-209.98152274034763,-1.4,-1.0,-11.2,0.0,0.0,-29.5,-9.0,-3.5,-6.1,-5.5,-14.9
697,10796747.907563666,49,4.21847725965236,65.78150874034763,548.6177828944992,1,6.439980037384885e-05,0.7589936700194663,0.16715528386942638,0.07385104611110731,200.0,92.08150874034763,-209.98152274034763,-1.4,-1.0,-11.2,0.0,0.0,-29.5,-9.0,-3.5,-6.1,-5.5,-14.9
698,10796747.907563666,0,4.21847725965236,65.78150874034763,548.6177828944992,1,6.439980037384885e-05,0.7589963265240808,0.16714899720361406,0.07385467627230519,200.0,92.08150874034763,-209.98152274034763,-1.4,-1.0,-11.2,0.0,0.0,-29.5,-9.0,-3.5,-6.1,-5.5,-14.9
699,10796747.907563666,1,4.21847725965236,65.78150874034763,548.6177828944992,1,6.439980037384885e-05,0.7590022642564311,0.16714521053715636,0.07385252520641258,200.0,92.08150874034763,-209.98152274034763,-1.4,-1.0,-11.2,0.0,0.0,-29.5,-9.0,-3.5,-6.1,-5.5,-14.9
700,10796747.907563666,2,4.21847725965236,65.78150874034763,548.6177828944992,1,6.439980037384885e-05,0.7590085760931486,0.1671424413048257,0.07384898260202574,200.0,92.08150874034763,-209.98152274034763,-1.4,-1.0,-11.2,0.0,0.0,-29.5,-9.0,-3.5,-6.1,-5.5,-14.9
701,10796747.907563666,3,4.21847725965236,65.78150874034763,548.6177828944992,1,6.439980037384885e-05,0.7590165833979834,0.16714199958481119,0.07384141701720542,200.0,92.08150874034763,-209.98152274034763,-1.4,-1.0,-11.2,0.0,0.0,-29.5,-9.0,-3.5,-6.1,-5.5,-14.9
702,10796747.907563666,4,4.21847725965236,65.78150874034763,548.6177828944992,1,6.439980037384885e-05,0.7590207448527961,0.16714244933435518,0.0738368058128487,200.0,92.08150874034763,-209.98152274034763,-1.4,-1.0,-11.2,0.0,0.0,-29.5,-9.0,-3.5,-6.1,-5.5,-14.9
703,10796747.907563666,5,4.21847725965236,65.78150874034763,548.6177828944992,1,6.439980037384885e-05,0.7590212598712218,0.16714374294507564,0.07383499718370252,200.0,92.08150874034763,-209.98152274034763,-1.4,-1.0,-11.2,0.0,0.0,-29.5,-9.0,-3.5,-6.1,-5.5,-14.9
704,10796747.907563666,6,4.21847725965236,65.78150874034763,548.6177828944992,1,6.439980037384885e-05,0.7590183428378425,0.1671444601433298,0.07383719701882765,200.0,92.08150874034763,-209.98152274034763,-1.4,-1.0,-11.2,0.0,0.0,-29.5,-9.0,-3.5,-6.1,-5.5,-14.9
705,10796747.907563666,7,4.21847725965236,65.78150874034763,548.6177828944992,1,6.439980037384885e-05,0.759020493645334,0.16713768146671343,0.07384182488795255,200.0,92.08150874034763,-209.98152274034763,-1.4,-1.0,-11.2,0.0,0.0,-29.5,-9.0,-3.5,-6.1,-5.5,-14.9
706,10796747.907563666,8,4.21847725965236,65.78150874034763,548.6177828944992,1,6.439980037384885e-05,0.7590217742952204,0.1671361918739043,0.07384203383087527,200.0,92.08150874034763,-209.98152274034763,-1.4,-1.0,-11.2,0.0,0.0,-29.5,-9.0,-3.5,-6.1,-5.5,-14.9
707,10796747.907563666,9,4.21847725965236,65.78150874034763,548.6177828944992,1,6.439980037384885e-05,0.7590250969235927,0.16713147600248102,0.07384342707392633,200.0,92.08150874034763,-209.98152274034763,-1.4,-1.0,-11.2,0.0,0.0,-29.5,-9.0,-3.5,-6.1,-5.5,-14.9
708,10796747.907563666,10,4.21847725965236,65.78150874034763,548.6177828944992,1,6.439980037384885e-05,0.7590248347283918,0.16712786153357692,0.07384730373803126,200.0,92.08150874034763,-209.98152274034763,-1.4,-1.0,-11.2,0.0,0.0,-29.5,-9.0,-3.5,-6.1,-5.5,-14.9
709,10796747.907563666,11,4.21847725965236,65.78150874034763,548.6177828944992,1,6.439980037384885e-05,0.7590224911209954,0.1671280056193654,0.07384950325963917,200.0,92.08150874034763,-209.98152274034763,-1.4,-1.0,-11.2,0.0,0.0,-29.5,-9.0,-3.5,-6.1,-5.5,-14.9
710,10796747.907563666,12,4.21847725965236,65.78150874034763,548.6177828944992,1,6.439980037384885e-05,0.7590223876128022,0.16712349097980814,0.07385412140738976,200.0,92.08150874034763,-209.98152274034763,-1.4,-1.0,-11.2,0.0,0.0,-29.5,-9.0,-3.5,-6.1,-5.5,-14.9
711,10796747.907563666,13,4.21847725965236,65.78150874034763,548.6177828944992,1,6.439980037384885e-05,0.7590230218515381,0.16711594078494924,0.07386103736351271,200.0,92.08150874034763,-209.98152274034763,-1.4,-1.0,-11.2,0.0,0.0,-29.5,-9.0,-3.5,-6.1,-5.5,-14.9
712,10796747.907563666,14,4.21847725965236,65.78150874034763,548.6177828944992,1,6.439980037384885e-05,0.7590188465009726,0.1671110037420279,0.07387014975699947,200.0,92.08150874034763,-209.98152274034763,-1.4,-1.0,-11.2,0.0,0.0,-29.5,-9.0,-3.5,-6.1,-5.5,-14.9
713,10796747.907563666,15,4.21847725965236,65.78150874034763,548.6177828944992,1,6.439980037384885e-05,0.7590182887395984,0.16710574725123478,0.07387596400916685,200.0,92.08150874034763,-209.98152274034763,-1.4,-1.0,-11.2,0.0,0.0,-29.5,-9.0,-3.5,-6.1,-5.5,-14.9
714,10796747.907563666,16,4.21847725965236,65.78150874034763,548.6177828944992,1,6.439980037384885e-05,0.7590211941742177,0.1670974809275045,0.07388132489827785,200.0,92.08150874034763,-209.98152274034763,-1.4,-1.0,-11.2,0.0,0.0,-29.5,-9.0,-3.5,-6.1,-5.5,-14.9
715,10796747.907563666,17,4.21847725965236,65.78150874034763,548.6177828944992,1,6.439980037384885e-05,0.7590218790782108,0.16709318029840242,0.07388494062338671,200.0,92.08150874034763,-209.98152274034763,-1.4,-1.0,-11.2,0.0,0.0,-29.5,-9.0,-3.5,-6.1,-5.5,-14.9
716,10796747.907563666,18,4.21847725965236,65.78150874034763,548.6177828944992,1,6.439980037384885e-05,0.7590217816189225,0.16709397606563903,0.07388424231543844,200.0,92.08150874034763,-209.98152274034763,-1.4,-1.0,-11.2,0.0,0.0,-29.5,-9.0,-3.5,-6.1,-5.5,-14.9
717,10796747.907563666,19,4.21847725965236,65.78150874034763,548.6177828944992,1,6.439980037384885e-05,0.7590223009484354,0.16709823785561728,0.07387946119594731,200.0,92.08150874034763,-209.98152274034763,-1.4,-1.0,-11.2,0.0,0.0,-29.5,-9.0,-3.5,-6.1,-5.5,-14.9
718,10796747.907563666,20,4.21847725965236,65.78150874034763,548.6177828944992,1,6.439980037384885e-05,0.7590207451650165,0.16710446596663542,0.07387478886834803,200.0,92.08150874034763,-209.98152274034763,-1.4,-1.0,-11.2,0.0,0.0,-29.5,-9.0,-3.5,-6.1,-5.5,-14.9
719,10796747.907563666,21,4.21847725965236,65.78150874034763,548.6177828944992,1,6.439980037384885e-05,0.7590240760242782,0.16710440459759082,0.07387151937813094,200.0,92.08150874034763,-209.98152274034763,-1.4,-1.0,-11.2,0.0,0.0,-29.5,-9.0,-3.5,-6.1,-5.5,-14.9
720,10796747.907563666,22,4.21847725965236,65.78150874034763,548.6177828944992,1,6.439980037384885e-05,0.7590251683125947,0.16710786728057292,0.07386696440683233,200.0,92.08150874034763,-209.98152274034763,-1.4,-1.0,-11.2,0.0,0.0,-29.5,-9.0,-3.5,-6.1,-5.5,-14.9
721,10796747.907563666,23,4.21847725965236,65.78150874034763,548.6177828944992,1,6.439980037384885e-05,0.7590255262498139,0.16711196973098735,0.0738625040191987,200.0,92.08150874034763,-209.98152274034763,-1.4,-1.0,-11.2,0.0,0.0,-29.5,-9.0,-3.5,-6.1,-5.5,-14.9
722,10796747.907563666,24,4.21847725965236,65.78150874034763,548.6177828944992,1,6.439980037384885e-05,0.7590279075313755,0.16711396678939283,0.07385812567923163,200.0,92.08150874034763,-209.98152274034763,-1.4,-1.0,-11.2,0.0,0.0,-29.5,-9.0,-3.5,-6.1,-5.5,-14.9
723,10796747.907563666,25,4.21847725965236,65.78150874034763,548.6177828944992,1,6.439980037384885e-05,0.7590281323815862,0.167118029665498,0.07385383795291578,200.0,92.08150874034763,-209.98152274034763,-1.4,-1.0,-11.2,0.0,0.0,-29.5,-9.0,-3.5,-6.1,-5.5,-14.9
724,10796747.907563666,26,4.21847725965236,65.78150874034763,548.6177828944992,1,6.439980037384885e-05,0.7590317371220867,0.1671186425748049,0.07384962030310839,200.0,92.08150874034763,-209.98152274034763,-1.4,-1.0,-11.2,0.0,0.0,-29.5,-9.0,-3.5,-6.1,-5.5,-14.9
725,10796747.907563666,27,4.21847725965236,65.78150874034763,548.6177828944992,1,6.439980037384885e-05,0.7590372142175741,0.16711600408600608,0.07384678169641984,200.0,92.08150874034763,-209.98152274034763,-1.4,-1.0,-11.2,0.0,0.0,-29.5,-9.0,-3.5,-6.1,-5.5,-14.9
726,10796747.907563666,28,4.21847725965236,65.78150874034763,548.6177828944992,1,6.439980037384885e-05,0.7590417109586101,0.16711564328430464,0.07384264575708524,200.0,92.08150874034763,-209.98152274034763,-1.4,-1.0,-11.2,0.0,0.0,-29.5,-9.0,-3.5,-6.1,-5.5,-14.9
727,10796747.907563666,29,4.21847725965236,65.78150874034763,548.6177828944992,1,6.439980037384885e-05,0.7590479759941519,0.16711475003243795,0.07383727397341017,200.0,92.08150874034763,-209.98152274034763,-1.4,-1.0,-11.2,0.0,0.0,-29.5,-9.0,-3.5,-6.1,-5.5,-14.9
728,10796747.907563666,30,4.21847725965236,65.78150874034763,548.6177828944992,1,6.439980037384885e-05,0.7590559414528428,0.16711202471810993,0.07383203382904724,200.0,92.08150874034763,-209.98152274034763,-1.4,-1.0,-11.2,0.0,0.0,-29.5,-9.0,-3.5,-6.1,-5.5,-14.9
729,10796747.907563666,31,4.21847725965236,65.78150874034763,548.6177828944992,1,6.439980037384885e-05,0.7590695738463354,0.16710222060681892,0.07382820554684572,200.0,92.08150874034763,-209.98152274034763,-1.4,-1.0,-11.2,0.0,0.0,-29.5,-9.0,-3.5,-6.1,-5.5,-14.9
730,10796747.907563666,32,4.21847725965236,65.78150874034763,548.6177828944992,1,6.439980037384885e-05,0.7590818355957282,0.16709372523736765,0.07382443916690422,200.0,92.08150874034763,-209.98152274034763,-1.4,-1.0,-11.2,0.0,0.0,-29.5,-9.0,-3.5,-6.1,-5.5,-14.9
731,10796747.907563666,33,4.21847725965236,65.78150874034763,548.6177828944992,1,6.439980037384885e-05,0.7590927720603872,0.1670877918284571,0.07381943611115574,200.0,92.08150874034763,-209.98152274034763,-1.4,-1.0,-11.2,0.0,0.0,-29.5,-9.0,-3.5,-6.1,-5.5,-14.9
732,10796747.907563666,34,4.21847725965236,65.78150874034763,548.6177828944992,1,6.439980037384885e-05,0.7591025011342661,0.16708164864011887,0.07381585022561495,200.0,92.08150874034763,-209.98152274034763,-1.4,-1.0,-11.2,0.0,0.0,-29.5,-9.0,-3.5,-6.1,-5.5,-14.9
733,10796747.907563666,35,4.21847725965236,65.78150874034763,548.6177828944992,1,6.439980037384885e-05,0.7591096971166721,0.16707927562112942,0.07381102726219856,200.0,92.08150874034763,-209.98152274034763,-1.4,-1.0,-11.2,0.0,0.0,-29.5,-9.0,-3.5,-6.1,-5.5,-14.9
734,10796747.907563666,36,4.21847725965236,65.78150874034763,548.6177828944992,1,6.439980037384885e-05,0.7591265067950924,0.16706849834799206,0.07380499485691548,200.0,92.08150874034763,-209.98152274034763,-1.4,-1.0,-11.2,0.0,0.0,-29.5,-9.0,-3.5,-6.1,-5.5,-14.9
735,10796747.907563666,37,4.21847725965236,65.78150874034763,548.6177828944992,1,6.439980037384885e-05,0.7591364781145725,0.16706307659502678,0.07380044529040071,200.0,92.08150874034763,-209.98152274034763,-1.4,-1.0,-11.2,0.0,0.0,-29.5,-9.0,-3.5,-6.1,-5.5,-14.9
736,10796747.907563666,38,4.21847725965236,65.78150874034763,548.6177828944992,1,6.439980037384885e-05,0.759149330092709,0.16705082339987265,0.07379984650741835,200.0,92.08150874034763,-209.98152274034763,-1.4,-1.0,-11.2,0.0,0.0,-29.5,-9.0,-3.5,-6.1,-5.5,-14.9
737,10796747.907563666,39,4.21847725965236,65.78150874034763,548.6177828944992,1,6.439980037384885e-05,0.7591595251197111,0.16704132329244228,0.07379915158784665,200.0,92.08150874034763,-209.98152274034763,-1.4,-1.0,-11.2,0.0,0.0,-29.5,-9.0,-3.5,-6.1,-5.5,-14.9
738,10796747.907563666,40,4.21847725965236,65.78150874034763,548.6177828944992,1,6.439980037384885e-05,0.759169916302276,0.16702786868497854,0.0738022150127454,200.0,92.08150874034763,-209.98152274034763,-1.4,-1.0,-11.2,0.0,0.0,-29.5,-9.0,-3.5,-6.1,-5.5,-14.9
739,10796747.907563666,41,4.21847725965236,65.78150874034763,548.6177828944992,1,6.439980037384885e-05,0.7591790860777234,0.1670172090120777,0.0738037049101989,200.0,92.08150874034763,-209.98152274034763,-1.4,-1.0,-11.2,0.0,0.0,-29.5,-9.0,-3.5,-6.1,-5.5,-14.9
740,10796747.907563666,42,4.21847725965236,65.78150874034763,548.6177828944992,1,6.439980037384885e-05,0.7591870957765112,0.16700919950185453,0.07380370472163432,200.0,92.08150874034763,-209.98152274034763,-1.4,-1.0,-11.2,0.0,0.0,-29.5,-9.0,-3.5,-6.1,-5.5,-14.9
741,10796747.907563666,43,4.21847725965236,65.78150874034763,548.6177828944992,1,6.439980037384885e-05,0.7591979887667446,0.16699845104867533,0.07380356018458008,200.0,92.08150874034763,-209.98152274034763,-1.4,-1.0,-11.2,0.0,0.0,-29.5,-9.0,-3.5,-6.1,-5.5,-14.9
742,10796747.907563666,44,4.21847725965236,65.78150874034763,548.6177828944992,1,6.439980037384885e-05,0.7592115679412856,0.16698770839484262,0.0738007236638718,200.0,92.08150874034763,-209.98152274034763,-1.4,-1.0,-11.2,0.0,0.0,-29.5,-9.0,-3.5,-6.1,-5.5,-14.9
743,10796747.907563666,45,4.21847725965236,65.78150874034763,548.6177828944992,1,6.439980037384885e-05,0.759221212691522,0.16697704733718716,0.07380173997129087,200.0,92.08150874034763,-209.98152274034763,-1.4,-1.0,-11.2,0.0,0.0,-29.5,-9.0,-3.5,-6.1,-5.5,-14.9
744,10796747.907563666,46,4.21847725965236,65.78150874034763,548.6177828944992,1,6.439980037384885e-05,0.7592323046191086,0.1669664057222265,0.07380128965866482,200.0,92.08150874034763,-209.98152274034763,-1.4,-1.0,-11.2,0.0,0.0,-29.5,-9.0,-3.5,-6.1,-5.5,-14.9
745,10796747.907563666,47,4.21847725965236,65.78150874034763,548.6177828944992,1,6.439980037384885e-05,0.7592474301948623,0.16695058249369993,0.07380198731143779,200.0,92.08150874034763,-209.98152274034763,-1.4,-1.0,-11.2,0.0,0.0,-29.5,-9.0,-3.5,-6.1,-5.5,-14.9
746,10796747.907563666,48,4.21847725965236,65.78150874034763,548.6177828944992,1,6.439980037384885e-05,0.7592624235118792,0.16693506181445877,0.07380251467366196,200.0,92.08150874034763,-209.98152274034763,-1.4,-1.0,-11.2,0.0,0.0,-29.5,-9.0,-3.5,-6.1,-5.5,-14.9
747,10796747.907563666,49,4.21847725965236,65.78150874034763,548.6177828944992,1,6.439980037384885e-05,0.7592695099060907,0.16692249477297666,0.07380799532093266,200.0,92.08150874034763,-209.98152274034763,-1.4,-1.0,-11.2,0.0,0.0,-29.5,-9.0,-3.5,-6.1,-5.5,-14.9
748,10796747.907563666,0,4.21847725965236,65.78150874034763,548.6177828944992,1,6.439980037384885e-05,0.7592781456745799,0.16691134028796467,0.07381051403745548,200.0,92.08150874034763,-209.98152274034763,-1.4,-1.0,-11.2,0.0,0.0,-29.5,-9.0,-3.5,-6.1,-5.5,-14.9
749,10796747.907563666,1,4.21847725965236,65.78150874034763,548.6177828944992,1,6.439980037384885e-05,0.7592882999729781,0.1668976671957272,0.07381403283129473,200.0,92.08150874034763,-209.98152274034763,-1.4,-1.0,-11.2,0.0,0.0,-29.5,-9.0,-3.5,-6.1,-5.5,-14.9
750,10796747.907563666,2,4.21847725965236,65.78150874034763,548.6177828944992,1,6.439980037384885e-05,0.7592933198452956,0.16689195819329902,0.07381472196140548,200.0,92.08150874034763,-209.98152274034763,-1.4,-1.0,-11.2,0.0,0.0,-29.5,-9.0,-3.5,-6.1,-5.5,-14.9
751,10796747.907563666,3,4.21847725965236,65.78150874034763,548.6177828944992,1,6.439980037384885e-05,0.7592922427892081,0.16688996427195654,0.07381779293883536,200.0,92.08150874034763,-209.98152274034763,-1.4,-1.0,-11.2,0.0,0.0,-29.5,-9.0,-3.5,-6.1,-5.5,-14.9
752,10796747.907563666,4,4.21847725965236,65.78150874034763,548.6177828944992,1,6.439980037384885e-05,0.7592931770773669,0.16688499124611594,0.07382183167651714,200.0,92.08150874034763,-209.98152274034763,-1.4,-1.0,-11.2,0.0,0.0,-29.5,-9.0,-3.5,-6.1,-5.5,-14.9
753,10796747.907563666,5,4.21847725965236,65.78150874034763,548.6177828944992,1,6.439980037384885e-05,0.759290818031185,0.1668823769311098,0.07382680503770511,200.0,92.08150874034763,-209.98152274034763,-1.4,-1.0,-11.2,0.0,0.0,-29.5,-9.0,-3.5,-6.1,-5.5,-14.9
754,10796747.907563666,6,4.21847725965236,65.78150874034763,548.6177828944992,1,6.439980037384885e-05,0.7592918097411897,0.1668768106123793,0.07383137964643101,200.0,92.08150874034763,-209.98152274034763,-1.4,-1.0,-11.2,0.0,0.0,-29.5,-9.0,-3.5,-6.1,-5.5,-14.9
755,10796747.907563666,7,4.21847725965236,65.78150874034763,548.6177828944992,1,6.439980037384885e-05,0.7592933663391844,0.1668723086665586,0.07383432499425699,200.0,92.08150874034763,-209.98152274034763,-1.4,-1.0,-11.2,0.0,0.0,-29.5,-9.0,-3.5,-6.1,-5.5,-14.9
756,10796747.907563666,8,4.21847725965236,65.78150874034763,548.6177828944992,1,6.439980037384885e-05,0.7592967320128943,0.1668688015237445,0.07383446646336125,200.0,92.08150874034763,-209.98152274034763,-1.4,-1.0,-11.2,0.0,0.0,-29.5,-9.0,-3.5,-6.1,-5.5,-14.9
757,10796747.907563666,9,4.21847725965236,65.78150874034763,548.6177828944992,1,6.439980037384885e-05,0.7593031010775646,0.1668649485891132,0.07383195033332215,200.0,92.08150874034763,-209.98152274034763,-1.4,-1.0,-11.2,0.0,0.0,-29.5,-9.0,-3.5,-6.1,-5.5,-14.9
758,10796747.907563666,10,4.21847725965236,65.78150874034763,548.6177828944992,1,6.439980037384885e-05,0.7593072125258219,0.16686209838455987,0.07383068908961825,200.0,92.08150874034763,-209.98152274034763,-1.4,-1.0,-11.2,0.0,0.0,-29.5,-9.0,-3.5,-6.1,-5.5,-14.9
759,10796747.907563666,11,4.21847725965236,65.78150874034763,548.6177828944992,1,6.439980037384885e-05,0.7593129891589216,0.16686015508172258,0.07382685575935576,200.0,92.08150874034763,-209.98152274034763,-1.4,-1.0,-11.2,0.0,0.0,-29.5,-9.0,-3.5,-6.1,-5.5,-14.9
760,10796747.907563666,12,4.21847725965236,65.78150874034763,548.6177828944992,1,6.439980037384885e-05,0.7593139443460807,0.16686295286964137,0.0738231027842779,200.0,92.08150874034763,-209.98152274034763,-1.4,-1.0,-11.2,0.0,0.0,-29.5,-9.0,-3.5,-6.1,-5.5,-14.9
761,10796747.907563666,13,4.21847725965236,65.78150874034763,548.6177828944992,1,6.439980037384885e-05,0.759314166812475,0.166867664427483,0.07381816876004205,200.0,92.08150874034763,-209.98152274034763,-1.4,-1.0,-11.2,0.0,0.0,-29.5,-9.0,-3.5,-6.1,-5.5,-14.9
762,10796747.907563666,14,4.21847725965236,65.78150874034763,548.6177828944992,1,6.439980037384885e-05,0.759312432162755,0.16687420421979557,0.07381336361744943,200.0,92.08150874034763,-209.98152274034763,-1.4,-1.0,-11.2,0.0,0.0,-29.5,-9.0,-3.5,-6.1,-5.5,-14.9
763,10796747.907563666,15,4.21847725965236,65.78150874034763,548.6177828944992,1,6.439980037384885e-05,0.7593037750844774,0.1668838010063154,0.07381242390920716,200.0,92.08150874034763,-209.98152274034763,-1.4,-1.0,-11.2,0.0,0.0,-29.5,-9.0,-3.5,-6.1,-5.5,-14.9
764,10796747.907563666,16,4.21847725965236,65.78150874034763,548.6177828944992,1,6.439980037384885e-05,0.7592898374705505,0.16689501344370128,0.07381514908574835,200.0,92.08150874034763,-209.98152274034763,-1.4,-1.0,-11.2,0.0,0.0,-29.5,-9.0,-3.5,-6.1,-5.5,-14.9
765,10796747.907563666,17,4.21847725965236,65.78150874034763,548.6177828944992,1,6.439980037384885e-05,0.7592683266026274,0.16691031299953243,0.07382136039784014,200.0,92.08150874034763,-209.98152274034763,-1.4,-1.0,-11.2,0.0,0.0,-29.5,-9.0,-3.5,-6.1,-5.5,-14.9
766,10796747.907563666,18,4.21847725965236,65.78150874034763,548.6177828944992,1,6.439980037384885e-05,0.7592460240734508,0.16692435962008434,0.07382961630646485,200.0,92.08150874034763,-209.98152274034763,-1.4,-1.0,-11.2,0.0,0.0,-29.5,-9.0,-3.5,-6.1,-5.5,-14.9
767,10796747.907563666,19,4.21847725965236,65.78150874034763,548.6177828944992,1,6.439980037384885e-05,0.7592254926388698,0.16693719105965085,0.07383731630147938,200.0,92.08150874034763,-209.98152274034763,-1.4,-1.0,-11.2,0.0,0.0,-29.5,-9.0,-3.5,-6.1,-5.5,-14.9
768,10796747.907563666,20,4.21847725965236,65.78150874034763,548.6177828944992,1,6.439980037384885e-05,0.759205343253,0.1669514052110346,0.07384325153596541,200.0,92.08150874034763,-209.98152274034763,-1.4,-1.0,-11.2,0.0,0.0,-29.5,-9.0,-3.5,-6.1,-5.5,-14.9
769,10796747.907563666,21,4.21847725965236,65.78150874034763,548.6177828944992,1,6.439980037384885e-05,0.7591804457702765,0.16697202503613287,0.07384752919359067,200.0,92.08150874034763,-209.98152274034763,-1.4,-1.0,-11.2,0.0,0.0,-29.5,-9.0,-3.5,-6.1,-5.5,-14.9
770,10796747.907563666,22,4.21847725965236,65.78150874034763,548.6177828944992,1,6.439980037384885e-05,0.7591523702222002,0.16699492444671388,0.07385270533108595,200.0,92.08150874034763,-209.98152274034763,-1.4,-1.0,-11.2,0.0,0.0,-29.5,-9.0,-3.5,-6.1,-5.5,-14.9
771,10796747.907563666,23,4.21847725965236,65.78150874034763,548.6177828944992,1,6.439980037384885e-05,0.7591276852438719,0.1670123628049619,0.07385995195116626,200.0,92.08150874034763,-209.98152274034763,-1.4,-1.0,-11.2,0.0,0.0,-29.5,-9.0,-3.5,-6.1,-5.5,-14.9
772,10796747.907563666,24,4.21847725965236,65.78150874034763,548.6177828944992,1,6.439980037384885e-05,0.7591099873272626,0.1670233338321693,0.07386667884056809,200.0,92.08150874034763,-209.98152274034763,-1.4,-1.0,-11.2,0.0,0.0,-29.5,-9.0,-3.5,-6.1,-5.5,-14.9
773,10796747.907563666,25,4.21847725965236,65.78150874034763,548.6177828944992,1,6.439980037384885e-05,0.7590887863969504,0.1670358034421622,0.07387541016088743,200.0,92.08150874034763,-209.98152274034763,-1.4,-1.0,-11.2,0.0,0.0,-29.5,-9.0,-3.5,-6.1,-5.5,-14.9
774,10796747.907563666,26,4.21847725965236,65.78150874034763,548.6177828944992,1,6.439980037384885e-05,0.7590705540726318,0.16704712318439485,0.07388232274297336,200.0,92.08150874034763,-209.98152274034763,-1.4,-1.0,-11.2,0.0,0.0,-29.5,-9.0,-3.5,-6.1,-5.5,-14.9
775,10796747.907563666,27,4.21847725965236,65.78150874034763,548.6177828944992,1,6.439980037384885e-05,0.7590500430931677,0.1670636604535158,0.07388629645331651,200.0,92.08150874034763,-209.98152274034763,-1.4,-1.0,-11.2,0.0,0.0,-29.5,-9.0,-3.5,-6.1,-5.5,-14.9
776,10796747.907563666,28,4.21847725965236,65.78150874034763,548.6177828944992,1,6.439980037384885e-05,0.7590362141646048,0.1670775484229822,0.07388623741241307,200.0,92.08150874034763,-209.98152274034763,-1.4,-1.0,-11.2,0.0,0.0,-29.5,-9.0,-3.5,-6.1,-5.5,-14.9
777,10796747.907563666,29,4.21847725965236,65.78150874034763,548.6177828944992,1,6.439980037384885e-05,0.7590187145762405,0.16709277488444532,0.07388851053931421,200.0,92.08150874034763,-209.98152274034763,-1.4,-1.0,-11.2,0.0,0.0,-29.5,-9.0,-3.5,-6.1,-5.5,-14.9
778,10796747.907563666,30,4.21847725965236,65.78150874034763,548.6177828944992,1,6.439980037384885e-05,0.7589989776229343,0.16710925503045845,0.07389176734660718,200.0,92.08150874034763,-209.98152274034763,-1.4,-1.0,-11.2,0.0,0.0,-29.5,-9.0,-3.5,-6.1,-5.5,-14.9
779,10796747.907563666,31,4.21847725965236,65.78150874034763,548.6177828944992,1,6.439980037384885e-05,0.7589796005767521,0.16712689589191704,0.07389350353133098,200.0,92.08150874034763,-209.98152274034763,-1.4,-1.0,-11.2,0.0,0.0,-29.5,-9.0,-3.5,-6.1,-5.5,-14.9
780,10796747.907563666,32,4.21847725965236,65.78150874034763,548.6177828944992,1,6.439980037384885e-05,0.7589543534796551,0.16714694486451742,0.07389870165582754,200.0,92.08150874034763,-209.98152274034763,-1.4,-1.0,-11.2,0.0,0.0,-29.5,-9.0,-3.5,-6.1,-5.5,-14.9
781,10796747.907563666,33,4.21847725965236,65.78150874034763,548.6177828944992,1,6.439980037384885e-05,0.758931059364674,0.16716422021477906,0.07390472042054705,200.0,92.08150874034763,-209.98152274034763,-1.4,-1.0,-11.2,0.0,0.0,-29.5,-9.0,-3.5,-6.1,-5.5,-14.9
782,10796747.907563666,34,4.21847725965236,65.78150874034763,548.6177828944992,1,6.439980037384885e-05,0.7589121120083218,0.16717759882994834,0.07391028916172997,200.0,92.08150874034763,-209.98152274034763,-1.4,-1.0,-11.2,0.0,0.0,-29.5,-9.0,-3.5,-6.1,-5.5,-14.9
783,10796747.907563666,35,4.21847725965236,65.78150874034763,548.6177828944992,1,6.439980037384885e-05,0.7589023599713725,0.1671785649803481,0.07391907504827946,200.0,92.08150874034763,-209.98152274034763,-1.4,-1.0,-11.2,0.0,0.0,-29.5,-9.0,-3.5,-6.1,-5.5,-14.9
784,10796747.907563666,36,4.21847725965236,65.78150874034763,548.6177828944992,1,6.439980037384885e-05,0.7588949960363214,0.16717773272930772,0.07392727123437084,200.0,92.08150874034763,-209.98152274034763,-1.4,-1.0,-11.2,0.0,0.0,-29.5,-9.0,-3.5,-6.1,-5.5,-14.9
785,10796747.907563666,37,4.21847725965236,65.78150874034763,548.6177828944992,1,6.439980037384885e-05,0.7588886620047742,0.16717520909237857,0.07393612890284719,200.0,92.08150874034763,-209.98152274034763,-1.4,-1.0,-11.2,0.0,0.0,-29.5,-9.0,-3.5,-6.1,-5.5,-14.9
786,10796747.907563666,38,4.21847725965236,65.78150874034763,548.6177828944992,1,6.439980037384885e-05,0.7588820706915349,0.16717109532985303,0.07394683397861215,200.0,92.08150874034763,-209.98152274034763,-1.4,-1.0,-11.2,0.0,0.0,-29.5,-9.0,-3.5,-6.1,-5.5,-14.9
787,10796747.907563666,39,4.21847725965236,65.78150874034763,548.6177828944992,1,6.439980037384885e-05,0.7588826792054575,0.1671604869326438,0.0739568338618987,200.0,92.08150874034763,-209.98152274034763,-1.4,-1.0,-11.2,0.0,0.0,-29.5,-9.0,-3.5,-6.1,-5.5,-14.9
788,10796747.907563666,40,4.21847725965236,65.78150874034763,548.6177828944992,1,6.439980037384885e-05,0.7588727351482245,0.16715739981123717,0.07396986504053842,200.0,92.08150874034763,-209.98152274034763,-1.4,-1.0,-11.2,0.0,0.0,-29.5,-9.0,-3.5,-6.1,-5.5,-14.9
789,10796747.907563666,41,4.21847725965236,65.78150874034763,548.6177828944992,1,6.439980037384885e-05,0.7588552429076171,0.16716142583586985,0.0739833312565131,200.0,92.08150874034763,-209.98152274034763,-1.4,-1.0,-11.2,0.0,0.0,-29.5,-9.0,-3.5,-6.1,-5.5,-14.9
790,10796747.907563666,42,4.21847725965236,65.78150874034763,548.6177828944992,1,6.439980037384885e-05,0.7588355923009994,0.167164782280182,0.07399962541881859,200.0,92.08150874034763,-209.98152274034763,-1.4,-1.0,-11.2,0.0,0.0,-29.5,-9.0,-3.5,-6.1,-5.5,-14.9
791,10796747.907563666,43,4.21847725965236,65.78150874034763,548.6177828944992,1,6.439980037384885e-05,0.7588187999880932,0.1671686873880887,0.07401251262381807,200.0,92.08150874034763,-209.98152274034763,-1.4,-1.0,-11.2,0.0,0.0,-29.5,-9.0,-3.5,-6.1,-5.5,-14.9
792,10796747.907563666,44,4.21847725965236,65.78150874034763,548.6177828944992,1,6.439980037384885e-05,0.7587998103103047,0.1671731550799156,0.07402703460977973,200.0,92.08150874034763,-209.98152274034763,-1.4,-1.0,-11.2,0.0,0.0,-29.5,-9.0,-3.5,-6.1,-5.5,-14.9
793,10796747.907563666,45,4.21847725965236,65.78150874034763,548.6177828944992,1,6.439980037384885e-05,0.7587836553927251,0.1671768884285358,0.07403945617873915,200.0,92.08150874034763,-209.98152274034763,-1.4,-1.0,-11.2,0.0,0.0,-29.5,-9.0,-3.5,-6.1,-5.5,-14.9
794,10796747.907563666,46,4.21847725965236,65.78150874034763,548.6177828944992,1,6.439980037384885e-05,0.7587652910080529,0.16717996789236567,0.07405474109958153,200.0,92.08150874034763,-209.98152274034763,-1.4,-1.0,-11.2,0.0,0.0,-29.5,-9.0,-3.5,-6.1,-5.5,-14.9
795,10796747.907563666,47,4.21847725965236,65.78150874034763,548.6177828944992,1,6.439980037384885e-05,0.7587448102031303,0.1671848691433795,0.07407032065349017,200.0,92.08150874034763,-209.98152274034763,-1.4,-1.0,-11.2,0.0,0.0,-29.5,-9.0,-3.5,-6.1,-5.5,-14.9
796,10796747.907563666,48,4.21847725965236,65.78150874034763,548.6177828944992,1,6.439980037384885e-05,0.7587235483759522,0.16719148659799474,0.0740849650260531,200.0,92.08150874034763,-209.98152274034763,-1.4,-1.0,-11.2,0.0,0.0,-29.5,-9.0,-3.5,-6.1,-5.5,-14.9
797,10796747.907563666,49,4.21847725965236,65.78150874034763,548.6177828944992,1,6.439980037384885e-05,0.7587015484484431,0.1671997302516168,0.07409872129994019,200.0,92.08150874034763,-209.98152274034763,-1.4,-1.0,-11.2,0.0,0.0,-29.5,-9.0,-3.5,-6.1,-5.5,-14.9
798,10796747.907563666,0,4.21847725965236,65.78150874034763,548.6177828944992,1,6.439980037384885e-05,0.7586825568188733,0.16720461277126905,0.07411283040985758,200.0,92.08150874034763,-209.98152274034763,-1.4,-1.0,-11.2,0.0,0.0,-29.5,-9.0,-3.5,-6.1,-5.5,-14.9
799,10796747.907563666,1,4.21847725965236,65.78150874034763,548.6177828944992,1,6.439980037384885e-05,0.7586627291906517,0.1672099880107462,0.07412728279860219,200.0,92.08150874034763,-209.98152274034763,-1.4,-1.0,-11.2,0.0,0.0,-29.5,-9.0,-3.5,-6.1,-5.5,-14.9
800,10796747.907563666,2,4.21847725965236,65.78150874034763,548.6177828944992,1,6.439980037384885e-05,0.7586457504706888,0.1672170140702124,0.07413723545909882,200.0,92.08150874034763,-209.98152274034763,-1.4,-1.0,-11.2,0.0,0.0,-29.5,-9.0,-3.5,-6.1,-5.5,-14.9
801,10796747.907563666,3,4.21847725965236,65.78150874034763,548.6177828944992,1,6.439980037384885e-05,0.7586302814787612,0.16722318740266506,0.07414653111857367,200.0,92.08150874034763,-209.98152274034763,-1.4,-1.0,-11.2,0.0,0.0,-29.5,-9.0,-3.5,-6.1,-5.5,-14.9
802,10796747.907563666,4,4.21847725965236,65.78150874034763,548.6177828944992,1,6.439980037384885e-05,0.7586138188698239,0.16722857237237665,0.0741576087577995,200.0,92.08150874034763,-209.98152274034763,-1.4,-1.0,-11.2,0.0,0.0,-29.5,-9.0,-3.5,-6.1,-5.5,-14.9
803,10796747.907563666,5,4.21847725965236,65.78150874034763,548.6177828944992,1,6.439980037384885e-05,0.7585975914705108,0.16723683031051573,0.07416557821897352,200.0,92.08150874034763,-209.98152274034763,-1.4,-1.0,-11.2,0.0,0.0,-29.5,-9.0,-3.5,-6.1,-5.5,-14.9
804,10796747.907563666,6,4.21847725965236,65.78150874034763,548.6177828944992,1,6.439980037384885e-05,0.7585828608669719,0.16724175534117783,0.07417538379185025,200.0,92.08150874034763,-209.98152274034763,-1.4,-1.0,-11.2,0.0,0.0,-29.5,-9.0,-3.5,-6.1,-5.5,-14.9
805,10796747.907563666,7,4.21847725965236,65.78150874034763,548.6177828944992,1,6.439980037384885e-05,0.7585707758738313,0.1672410999678382,0.07418812415833048,200.0,92.08150874034763,-209.98152274034763,-1.4,-1.0,-11.2,0.0,0.0,-29.5,-9.0,-3.5,-6.1,-5.5,-14.9
806,10796747.907563666,8,4.21847725965236,65.78150874034763,548.6177828944992,1,6.439980037384885e-05,0.7585611593273286,0.16723997747333585,0.0741988631993356,200.0,92.08150874034763,-209.98152274034763,-1.4,-1.0,-11.2,0.0,0.0,-29.5,-9.0,-3.5,-6.1,-5.5,-14.9
807,10796747.907563666,9,4.21847725965236,65.78150874034763,548.6177828944992,1,6.439980037384885e-05,0.7585550777525788,0.1672396048426558,0.07420531740476546,200.0,92.08150874034763,-209.98152274034763,-1.4,-1.0,-11.2,0.0,0.0,-29.5,-9.0,-3.5,-6.1,-5.5,-14.9
808,10796747.907563666,10,4.21847725965236,65.78150874034763,548.6177828944992,1,6.439980037384885e-05,0.7585487436698077,0.16723877184264138,0.07421248448755095,200.0,92.08150874034763,-209.98152274034763,-1.4,-1.0,-11.2,0.0,0.0,-29.5,-9.0,-3.5,-6.1,-5.5,-14.9
809,10796747.907563666,11,4.21847725965236,65.78150874034763,548.6177828944992,1,6.439980037384885e-05,0.7585421602011493,0.16723870243774172,0.07421913736110894,200.0,92.08150874034763,-209.98152274034763,-1.4,-1.0,-11.2,0.0,0.0,-29.5,-9.0,-3.5,-6.1,-5.5,-14.9
810,10796747.907563666,12,4.21847725965236,65.78150874034763,548.6177828944992,1,6.439980037384885e-05,0.7585341589757917,0.16723696978410352,0.07422887124010484,200.0,92.08150874034763,-209.98152274034763,-1.4,-1.0,-11.2,0.0,0.0,-29.5,-9.0,-3.5,-6.1,-5.5,-14.9
811,10796747.907563666,13,4.21847725965236,65.78150874034763,548.6177828944992,1,6.439980037384885e-05,0.7585235545206997,0.16724085475857534,0.07423559072072491,200.0,92.08150874034763,-209.98152274034763,-1.4,-1.0,-11.2,0.0,0.0,-29.5,-9.0,-3.5,-6.1,-5.5,-14.9
812,10796747.907563666,14,4.21847725965236,65.78150874034763,548.6177828944992,1,6.439980037384885e-05,0.7585105019534832,0.16724767354243492,0.0742418245040819,200.0,92.08150874034763,-209.98152274034763,-1.4,-1.0,-11.2,0.0,0.0,-29.5,-9.0,-3.5,-6.1,-5.5,-14.9
813,10796747.907563666,15,4.21847725965236,65.78150874034763,548.6177828944992,1,6.439980037384885e-05,0.7585011741902493,0.16725124502705888,0.07424758078269177,200.0,92.08150874034763,-209.98152274034763,-1.4,-1.0,-11.2,0.0,0.0,-29.5,-9.0,-3.5,-6.1,-5.5,-14.9
814,10796747.907563666,16,4.21847725965236,65.78150874034763,548.6177828944992,1,6.439980037384885e-05,0.758490570976985,0.16725416638600366,0.07425526263701127,200.0,92.08150874034763,-209.98152274034763,-1.4,-1.0,-11.2,0.0,0.0,-29.5,-9.0,-3.5,-6.1,-5.5,-14.9
815,10796747.907563666,17,4.21847725965236,65.78150874034763,548.6177828944992,1,6.439980037384885e-05,0.7584775700164968,0.1672552878901071,0.07426714209339608,200.0,92.08150874034763,-209.98152274034763,-1.4,-1.0,-11.2,0.0,0.0,-29.5,-9.0,-3.5,-6.1,-5.5,-14.9
816,10796747.907563666,18,4.21847725965236,65.78150874034763,548.6177828944992,1,6.439980037384885e-05,0.7584622894701191,0.16725470217999597,0.07428300834988492,200.0,92.08150874034763,-209.98152274034763,-1.4,-1.0,-11.2,0.0,0.0,-29.5,-9.0,-3.5,-6.1,-5.5,-14.9
817,10796747.907563666,19,4.21847725965236,65.78150874034763,548.6177828944992,1,6.439980037384885e-05,0.758442431271739,0.16725727378992405,0.07430029493833686,200.0,92.08150874034763,-209.98152274034763,-1.4,-1.0,-11.2,0.0,0.0,-29.5,-9.0,-3.5,-6.1,-5.5,-14.9
818,10796747.907563666,20,4.21847725965236,65.78150874034763,548.6177828944992,1,6.439980037384885e-05,0.7584170326816916,0.1672640366005488,0.07431893071775968,200.0,92.08150874034763,-209.98152274034763,-1.4,-1.0,-11.2,0.0,0.0,-29.5,-9.0,-3.5,-6.1,-5.5,-14.9
819,10796747.907563666,21,4.21847725965236,65.78150874034763,548.6177828944992,1,6.439980037384885e-05,0.758401956818939,0.16726515870364106,0.07433288447741997,200.0,92.08150874034763,-209.98152274034763,-1.4,-1.0,-11.2,0.0,0.0,-29.5,-9.0,-3.5,-6.1,-5.5,-14.9
820,10796747.907563666,22,4.21847725965236,65.78150874034763,548.6177828944992,1,6.439980037384885e-05,0.7583835124535543,0.16726814495012765,0.07434834259631803,200.0,92.08150874034763,-209.98152274034763,-1.4,-1.0,-11.2,0.0,0.0,-29.5,-9.0,-3.5,-6.1,-5.5,-14.9
821,10796747.907563666,23,4.21847725965236,65.78150874034763,548.6177828944992,1,6.439980037384885e-05,0.7583606742504791,0.16727527728514544,0.0743640484643755,200.0,92.08150874034763,-209.98152274034763,-1.4,-1.0,-11.2,0.0,0.0,-29.5,-9.0,-3.5,-6.1,-5.5,-14.9
822,10796747.907563666,24,4.21847725965236,65.78150874034763,548.6177828944992,1,6.439980037384885e-05,0.7583432233000511,0.16728035185800444,0.07437642484194447,200.0,92.08150874034763,-209.98152274034763,-1.4,-1.0,-11.2,0.0,0.0,-29.5,-9.0,-3.5,-6.1,-5.5,-14.9
823,10796747.907563666,25,4.21847725965236,65.78150874034763,548.6177828944992,1,6.439980037384885e-05,0.7583296896471816,0.16728348413953786,0.0743868262132806,200.0,92.08150874034763,-209.98152274034763,-1.4,-1.0,-11.2,0.0,0.0,-29.5,-9.0,-3.5,-6.1,-5.5,-14.9
824,10796747.907563666,26,4.21847725965236,65.78150874034763,548.6177828944992,1,6.439980037384885e-05,0.7583151122203544,0.1672871707260691,0.07439771705357653,200.0,92.08150874034763,-209.98152274034763,-1.4,-1.0,-11.2,0.0,0.0,-29.5,-9.0,-3.5,-6.1,-5.5,-14.9
825,10796747.907563666,27,4.21847725965236,65.78150874034763,548.6177828944992,1,6.439980037384885e-05,0.7583007378902702,0.1672901943652676,0.0744090677444622,200.0,92.08150874034763,-209.98152274034763,-1.4,-1.0,-11.2,0.0,0.0,-29.5,-9.0,-3.5,-6.1,-5.5,-14.9
826,10796747.907563666,28,4.21847725965236,65.78150874034763,548.6177828944992,1,6.439980037384885e-05,0.7582794277971264,0.16729735184389988,0.07442322035897374,200.0,92.08150874034763,-209.98152274034763,-1.4,-1.0,-11.2,0.0,0.0,-29.5,-9.0,-3.5,-6.1,-5.5,-14.9
827,10796747.907563666,29,4.21847725965236,65.78150874034763,548.6177828944992,1,6.439980037384885e-05,0.758257478438342,0.16730485431494307,0.07443766724671494,200.0,92.08150874034763,-209.98152274034763,-1.4,-1.0,-11.2,0.0,0.0,-29.5,-9.0,-3.5,-6.1,-5.5,-14.9
828,10796747.907563666,30,4.21847725965236,65.78150874034763,548.6177828944992,1,6.439980037384885e-05,0.7582313567057319,0.16731741558632238,0.07445122770794577,200.0,92.08150874034763,-209.98152274034763,-1.4,-1.0,-11.2,0.0,0.0,-29.5,-9.0,-3.5,-6.1,-5.5,-14.9
829,10796747.907563666,31,4.21847725965236,65.78150874034763,548.6177828944992,1,6.439980037384885e-05,0.7582024780689556,0.1673312351713101,0.07446628675973437,200.0,92.08150874034763,-209.98152274034763,-1.4,-1.0,-11.2,0.0,0.0,-29.5,-9.0,-3.5,-6.1,-5.5,-14.9
830,10796747.907563666,32,4.21847725965236,65.78150874034763,548.6177828944992,1,6.439980037384885e-05,0.7581816417845859,0.1673403013743545,0.07447805684105961,200.0,92.08150874034763,-209.98152274034763,-1.4,-1.0,-11.2,0.0,0.0,-29.5,-9.0,-3.5,-6.1,-5.5,-14.9
831,10796747.907563666,33,4.21847725965236,65.78150874034763,548.6177828944992,1,6.439980037384885e-05,0.7581542471442216,0.16735199407470763,0.07449375878107081,200.0,92.08150874034763,-209.98152274034763,-1.4,-1.0,-11.2,0.0,0.0,-29.5,-9.0,-3.5,-6.1,-5.5,-14.9
832,10796747.907563666,34,4.21847725965236,65.78150874034763,548.6177828944992,1,6.439980037384885e-05,0.7581253594692572,0.16736379961485437,0.07451084091588843,200.0,92.08150874034763,-209.98152274034763,-1.4,-1.0,-11.2,0.0,0.0,-29.5,-9.0,-3.5,-6.1,-5.5,-14.9
833,10796747.907563666,35,4.21847725965236,65.78150874034763,548.6177828944992,1,6.439980037384885e-05,0.7580974172179311,0.16737569674988204,0.07452688603218681,200.0,92.08150874034763,-209.98152274034763,-1.4,-1.0,-11.2,0.0,0.0,-29.5,-9.0,-3.5,-6.1,-5.5,-14.9
834,10796747.907563666,36,4.21847725965236,65.78150874034763,548.6177828944992,1,6.439980037384885e-05,0.7580703799721306,0.16738416765643396,0.07454545237143553,200.0,92.08150874034763,-209.98152274034763,-1.4,-1.0,-11.2,0.0,0.0,-29.5,-9.0,-3.5,-6.1,-5.5,-14.9
835,10796747.907563666,37,4.21847725965236,65.78150874034763,548.6177828944992,1,6.439980037384885e-05,0.7580489100440543,0.16738702927338606,0.07456406068255973,200.0,92.08150874034763,-209.98152274034763,-1.4,-1.0,-11.2,0.0,0.0,-29.5,-9.0,-3.5,-6.1,-5.5,-14.9
836,10796747.907563666,38,4.21847725965236,65.78150874034763,548.6177828944992,1,6.439980037384885e-05,0.7580303633633554,0.16739275484738902,0.07457688178925567,200.0,92.08150874034763,-209.98152274034763,-1.4,-1.0,-11.2,0.0,0.0,-29.5,-9.0,-3.5,-6.1,-5.5,-14.9
837,10796747.907563666,39,4.21847725965236,65.78150874034763,548.6177828944992,1,6.439980037384885e-05,0.7580145828661021,0.16740002830625123,0.07458538882764672,200.0,92.08150874034763,-209.98152274034763,-1.4,-1.0,-11.2,0.0,0.0,-29.5,-9.0,-3.5,-6.1,-5.5,-14.9
838,10796747.907563666,40,4.21847725965236,65.78150874034763,548.6177828944992,1,6.439980037384885e-05,0.7580002680413027,0.1674041199792013,0.07459561197949599,200.0,92.08150874034763,-209.98152274034763,-1.4,-1.0,-11.2,0.0,0.0,-29.5,-9.0,-3.5,-6.1,-5.5,-14.9
839,10796747.907563666,41,4.21847725965236,65.78150874034763,548.6177828944992,1,6.439980037384885e-05,0.757984989078659,0.1674110217505406,0.07460398917080042,200.0,92.08150874034763,-209.98152274034763,-1.4,-1.0,-11.2,0.0,0.0,-29.5,-9.0,-3.5,-6.1,-5.5,-14.9
840,10796747.907563666,42,4.21847725965236,65.78150874034763,548.6177828944992,1,6.439980037384885e-05,0.7579805043301635,0.16740890847787196,0.0746105871919645,200.0,92.08150874034763,-209.98152274034763,-1.4,-1.0,-11.2,0.0,0.0,-29.5,-9.0,-3.5,-6.1,-5.5,-14.9
841,10796747.907563666,43,4.21847725965236,65.78150874034763,548.6177828944992,1,6.439980037384885e-05,0.7579675570349226,0.1674122732059012,0.07462016975917625,200.0,92.08150874034763,-209.98152274034763,-1.4,-1.0,-11.2,0.0,0.0,-29.5,-9.0,-3.5,-6.1,-5.5,-14.9
842,10796747.907563666,44,4.21847725965236,65.78150874034763,548.6177828944992,1,6.439980037384885e-05,0.7579547587309946,0.1674138343293721,0.07463140693963337,200.0,92.08150874034763,-209.98152274034763,-1.4,-1.0,-11.2,0.0,0.0,-29.5,-9.0,-3.5,-6.1,-5.5,-14.9
843,10796747.907563666,45,4.21847725965236,65.78150874034763,548.6177828944992,1,6.439980037384885e-05,0.7579444326006424,0.1674125166412276,0.07464305075813008,200.0,92.08150874034763,-209.98152274034763,-1.4,-1.0,-11.2,0.0,0.0,-29.5,-9.0,-3.5,-6.1,-5.5,-14.9
844,10796747.907563666,46,4.21847725965236,65.78150874034763,548.6177828944992,1,6.439980037384885e-05,0.7579271291415536,0.1674200775703954,0.07465279328805098,200.0,92.08150874034763,-209.98152274034763,-1.4,-1.0,-11.2,0.0,0.0,-29.5,-9.0,-3.5,-6.1,-5.5,-14.9
845,10796747.907563666,47,4.21847725965236,65.78150874034763,548.6177828944992,1,6.439980037384885e-05,0.7579078705519117,0.1674291027225634,0.07466302672552493,200.0,92.08150874034763,-209.98152274034763,-1.4,-1.0,-11.2,0.0,0.0,-29.5,-9.0,-3.5,-6.1,-5.5,-14.9
846,10796747.907563666,48,4.21847725965236,65.78150874034763,548.6177828944992,1,6.439980037384885e-05,0.7578902521206407,0.16743487875391133,0.07467486912544796,200.0,92.08150874034763,-209.98152274034763,-1.4,-1.0,-11.2,0.0,0.0,-29.5,-9.0,-3.5,-6.1,-5.5,-14.9
847,10796747.907563666,49,4.21847725965236,65.78150874034763,548.6177828944992,1,6.439980037384885e-05,0.7578730243711349,0.16744219149684642,0.07468478413201865,200.0,92.08150874034763,-209.98152274034763,-1.4,-1.0,-11.2,0.0,0.0,-29.5,-9.0,-3.5,-6.1,-5.5,-14.9
848,10796747.907563666,0,4.21847725965236,65.78150874034763,548.6177828944992,1,6.439980037384885e-05,0.7578596511299762,0.167446335927779,0.07469401294224486,200.0,92.08150874034763,-209.98152274034763,-1.4,-1.0,-11.2,0.0,0.0,-29.5,-9.0,-3.5,-6.1,-5.5,-14.9
849,10796747.907563666,1,4.21847725965236,65.78150874034763,548.6177828944992,1,6.439980037384885e-05,0.7578499258260215,0.1674509250721881,0.07469914910179036,200.0,92.08150874034763,-209.98152274034763,-1.4,-1.0,-11.2,0.0,0.0,-29.5,-9.0,-3.5,-6.1,-5.5,-14.9
850,10796747.907563666,2,4.21847725965236,65.78150874034763,548.6177828944992,1,6.439980037384885e-05,0.7578425099518972,0.16745249913786692,0.07470499091023597,200.0,92.08150874034763,-209.98152274034763,-1.4,-1.0,-11.2,0.0,0.0,-29.5,-9.0,-3.5,-6.1,-5.5,-14.9
851,10796747.907563666,3,4.21847725965236,65.78150874034763,548.6177828944992,1,6.439980037384885e-05,0.7578361252845311,0.16745351471694445,0.07471035999852443,200.0,92.08150874034763,-209.98152274034763,-1.4,-1.0,-11.2,0.0,0.0,-29.5,-9.0,-3.5,-6.1,-5.5,-14.9
852,10796747.907563666,4,4.21847725965236,65.78150874034763,548.6177828944992,1,6.439980037384885e-05,0.7578261030385548,0.16745746239217918,0.074716434569266,200.0,92.08150874034763,-209.98152274034763,-1.4,-1.0,-11.2,0.0,0.0,-29.5,-9.0,-3.5,-6.1,-5.5,-14.9
853,10796747.907563666,5,4.21847725965236,65.78150874034763,548.6177828944992,1,6.439980037384885e-05,0.7578126344908034,0.1674630455966173,0.07472431991257929,200.0,92.08150874034763,-209.98152274034763,-1.4,-1.0,-11.2,0.0,0.0,-29.5,-9.0,-3.5,-6.1,-5.5,-14.9
854,10796747.907563666,6,4.21847725965236,65.78150874034763,548.6177828944992,1,6.439980037384885e-05,0.7577982030890681,0.16746902221433363,0.07473277469659828,200.0,92.08150874034763,-209.98152274034763,-1.4,-1.0,-11.2,0.0,0.0,-29.5,-9.0,-3.5,-6.1,-5.5,-14.9
855,10796747.907563666,7,4.21847725965236,65.78150874034763,548.6177828944992,1,6.439980037384885e-05,0.7577840061113198,0.16747764918563643,0.07473834470304379,200.0,92.08150874034763,-209.98152274034763,-1.4,-1.0,-11.2,0.0,0.0,-29.5,-9.0,-3.5,-6.1,-5.5,-14.9
856,10796747.907563666,8,4.21847725965236,65.78150874034763,548.6177828944992,1,6.439980037384885e-05,0.7577665924744018,0.16748652492054558,0.07474688260505265,200.0,92.08150874034763,-209.98152274034763,-1.4,-1.0,-11.2,0.0,0.0,-29.5,-9.0,-3.5,-6.1,-5.5,-14.9
857,10796747.907563666,9,4.21847725965236,65.78150874034763,548.6177828944992,1,6.439980037384885e-05,0.7577541683460153,0.16748989244859444,0.07475593920539023,200.0,92.08150874034763,-209.98152274034763,-1.4,-1.0,-11.2,0.0,0.0,-29.5,-9.0,-3.5,-6.1,-5.5,-14.9
858,10796747.907563666,10,4.21847725965236,65.78150874034763,548.6177828944992,1,6.439980037384885e-05,0.7577430317794093,0.16749261137653876,0.07476435684405203,200.0,92.08150874034763,-209.98152274034763,-1.4,-1.0,-11.2,0.0,0.0,-29.5,-9.0,-3.5,-6.1,-5.5,-14.9
859,10796747.907563666,11,4.21847725965236,65.78150874034763,548.6177828944992,1,6.439980037384885e-05,0.7577331167957415,0.16749471529073917,0.07477216791351929,200.0,92.08150874034763,-209.98152274034763,-1.4,-1.0,-11.2,0.0,0.0,-29.5,-9.0,-3.5,-6.1,-5.5,-14.9
860,10796747.907563666,12,4.21847725965236,65.78150874034763,548.6177828944992,1,6.439980037384885e-05,0.7577220707555037,0.16749511334010278,0.07478281590439359,200.0,92.08150874034763,-209.98152274034763,-1.4,-1.0,-11.2,0.0,0.0,-29.5,-9.0,-3.5,-6.1,-5.5,-14.9
861,10796747.907563666,13,4.21847725965236,65.78150874034763,548.6177828944992,1,6.439980037384885e-05,0.7577053836935697,0.1675007218715925,0.07479389443483785,200.0,92.08150874034763,-209.98152274034763,-1.4,-1.0,-11.2,0.0,0.0,-29.5,-9.0,-3.5,-6.1,-5.5,-14.9
862,10796747.907563666,14,4.21847725965236,65.78150874034763,548.6177828944992,1,6.439980037384885e-05,0.7576867749776426,0.16750785317885034,0.07480537184350707,200.0,92.08150874034763,-209.98152274034763,-1.4,-1.0,-11.2,0.0,0.0,-29.5,-9.0,-3.5,-6.1,-5.5,-14.9
863,10796747.907563666,15,4.21847725965236,65.78150874034763,548.6177828944992,1,6.439980037384885e-05,0.7576720470172741,0.16750960514164373,0.07481834784108224,200.0,92.08150874034763,-209.98152274034763,-1.4,-1.0,-11.2,0.0,0.0,-29.5,-9.0,-3.5,-6.1,-5.5,-14.9
864,10796747.907563666,16,4.21847725965236,65.78150874034763,548.6177828944992,1,6.439980037384885e-05,0.7576553054836563,0.16751307086413683,0.07483162365220683,200.0,92.08150874034763,-209.98152274034763,-1.4,-1.0,-11.2,0.0,0.0,-29.5,-9.0,-3.5,-6.1,-5.5,-14.9
865,10796747.907563666,17,4.21847725965236,65.78150874034763,548.6177828944992,1,6.439980037384885e-05,0.7576400730651299,0.16751588558482514,0.074844041350045,200.0,92.08150874034763,-209.98152274034763,-1.4,-1.0,-11.2,0.0,0.0,-29.5,-9.0,-3.5,-6.1,-5.5,-14.9
866,10796747.907563666,18,4.21847725965236,65.78150874034763,548.6177828944992,1,6.439980037384885e-05,0.7576274118142499,0.1675180776319056,0.07485451055384455,200.0,92.08150874034763,-209.98152274034763,-1.4,-1.0,-11.2,0.0,0.0,-29.5,-9.0,-3.5,-6.1,-5.5,-14.9
867,10796747.907563666,19,4.21847725965236,65.78150874034763,548.6177828944992,1,6.439980037384885e-05,0.7576126434372705,0.16752195456971555,0.07486540199301389,200.0,92.08150874034763,-209.98152274034763,-1.4,-1.0,-11.2,0.0,0.0,-29.5,-9.0,-3.5,-6.1,-5.5,-14.9
868,10796747.907563666,20,4.21847725965236,65.78150874034763,548.6177828944992,1,6.439980037384885e-05,0.7576038257261655,0.1675251382749288,0.07487103599890581,200.0,92.08150874034763,-209.98152274034763,-1.4,-1.0,-11.2,0.0,0.0,-29.5,-9.0,-3.5,-6.1,-5.5,-14.9
869,10796747.907563666,21,4.21847725965236,65.78150874034763,548.6177828944992,1,6.439980037384885e-05,0.7575995039010855,0.1675220524560257,0.07487844364288883,200.0,92.08150874034763,-209.98152274034763,-1.4,-1.0,-11.2,0.0,0.0,-29.5,-9.0,-3.5,-6.1,-5.5,-14.9
870,10796747.907563666,22,4.21847725965236,65.78150874034763,548.6177828944992,1,6.439980037384885e-05,0.7575926618847835,0.1675209133724655,0.07488642474275112,200.0,92.08150874034763,-209.98152274034763,-1.4,-1.0,-11.2,0.0,0.0,-29.5,-9.0,-3.5,-6.1,-5.5,-14.9
871,10796747.907563666,23,4.21847725965236,65.78150874034763,548.6177828944992,1,6.439980037384885e-05,0.7575845668425949,0.16752385725957605,0.07489157589782908,200.0,92.08150874034763,-209.98152274034763,-1.4,-1.0,-11.2,0.0,0.0,-29.5,-9.0,-3.5,-6.1,-5.5,-14.9
872,10796747.907563666,24,4.21847725965236,65.78150874034763,548.6177828944992,1,6.439980037384885e-05,0.7575786659029424,0.16752505421730457,0.07489627987975299,200.0,92.08150874034763,-209.98152274034763,-1.4,-1.0,-11.2,0.0,0.0,-29.5,-9.0,-3.5,-6.1,-5.5,-14.9
873,10796747.907563666,25,4.21847725965236,65.78150874034763,548.6177828944992,1,6.439980037384885e-05,0.7575714580361127,0.16752461256480056,0.07490392939908674,200.0,92.08150874034763,-209.98152274034763,-1.4,-1.0,-11.2,0.0,0.0,-29.5,-9.0,-3.5,-6.1,-5.5,-14.9
874,10796747.907563666,26,4.21847725965236,65.78150874034763,548.6177828944992,1,6.439980037384885e-05,0.7575630188002577,0.16752596955312715,0.0749110116466152,200.0,92.08150874034763,-209.98152274034763,-1.4,-1.0,-11.2,0.0,0.0,-29.5,-9.0,-3.5,-6.1,-5.5,-14.9
875,10796747.907563666,27,4.21847725965236,65.78150874034763,548.6177828944992,1,6.439980037384885e-05,0.7575534071219326,0.16752679869954018,0.07491979417852718,200.0,92.08150874034763,-209.98152274034763,-1.4,-1.0,-11.2,0.0,0.0,-29.5,-9.0,-3.5,-6.1,-5.5,-14.9
876,10796747.907563666,28,4.21847725965236,65.78150874034763,548.6177828944992,1,6.439980037384885e-05,0.7575449336167301,0.16752600196562145,0.07492906441764835,200.0,92.08150874034763,-209.98152274034763,-1.4,-1.0,-11.2,0.0,0.0,-29.5,-9.0,-3.5,-6.1,-5.5,-14.9
877,10796747.907563666,29,4.21847725965236,65.78150874034763,548.6177828944992,1,6.439980037384885e-05,0.7575386754055667,0.1675269999137481,0.07493432468068527,200.0,92.08150874034763,-209.98152274034763,-1.4,-1.0,-11.2,0.0,0.0,-29.5,-9.0,-3.5,-6.1,-5.5,-14.9
878,10796747.907563666,30,4.21847725965236,65.78150874034763,548.6177828944992,1,6.439980037384885e-05,0.7575322641446197,0.1675274847114521,0.0749402511439283,200.0,92.08150874034763,-209.98152274034763,-1.4,-1.0,-11.2,0.0,0.0,-29.5,-9.0,-3.5,-6.1,-5.5,-14.9
879,10796747.907563666,31,4.21847725965236,65.78150874034763,548.6177828944992,1,6.439980037384885e-05,0.757525715074591,0.16753081689579424,0.0749434680296148,200.0,92.08150874034763,-209.98152274034763,-1.4,-1.0,-11.2,0.0,0.0,-29.5,-9.0,-3.5,-6.1,-5.5,-14.9
880,10796747.907563666,32,4.21847725965236,65.78150874034763,548.6177828944992,1,6.439980037384885e-05,0.7575201510609347,0.16753462204823116,0.07494522689083413,200.0,92.08150874034763,-209.98152274034763,-1.4,-1.0,-11.2,0.0,0.0,-29.5,-9.0,-3.5,-6.1,-5.5,-14.9
881,10796747.907563666,33,4.21847725965236,65.78150874034763,548.6177828944992,1,6.439980037384885e-05,0.7575155206131488,0.16753887499623843,0.07494560439061283,200.0,92.08150874034763,-209.98152274034763,-1.4,-1.0,-11.2,0.0,0.0,-29.5,-9.0,-3.5,-6.1,-5.5,-14.9
882,10796747.907563666,34,4.21847725965236,65.78150874034763,548.6177828944992,1,6.439980037384885e-05,0.7575106591777896,0.1675435577543927,0.07494578306781767,200.0,92.08150874034763,-209.98152274034763,-1.4,-1.0,-11.2,0.0,0.0,-29.5,-9.0,-3.5,-6.1,-5.5,-14.9
883,10796747.907563666,35,4.21847725965236,65.78150874034763,548.6177828944992,1,6.439980037384885e-05,0.7575089234078289,0.16754420479346369,0.07494687179870743,200.0,92.08150874034763,-209.98152274034763,-1.4,-1.0,-11.2,0.0,0.0,-29.5,-9.0,-3.5,-6.1,-5.5,-14.9
884,10796747.907563666,36,4.21847725965236,65.78150874034763,548.6177828944992,1,6.439980037384885e-05,0.757512374856724,0.16754432906429947,0.07494329607897654,200.0,92.08150874034763,-209.98152274034763,-1.4,-1.0,-11.2,0.0,0.0,-29.5,-9.0,-3.5,-6.1,-5.5,-14.9
885,10796747.907563666,37,4.21847725965236,65.78150874034763,548.6177828944992,1,6.439980037384885e-05,0.7575185195505058,0.16754066227807085,0.07494081817142337,200.0,92.08150874034763,-209.98152274034763,-1.4,-1.0,-11.2,0.0,0.0,-29.5,-9.0,-3.5,-6.1,-5.5,-14.9
886,10796747.907563666,38,4.21847725965236,65.78150874034763,548.6177828944992,1,6.439980037384885e-05,0.7575327583579735,0.16752897585874446,0.07493826578328197,200.0,92.08150874034763,-209.98152274034763,-1.4,-1.0,-11.2,0.0,0.0,-29.5,-9.0,-3.5,-6.1,-5.5,-14.9
887,10796747.907563666,39,4.21847725965236,65.78150874034763,548.6177828944992,1,6.439980037384885e-05,0.757544696910637,0.1675185345145305,0.07493676857483263,200.0,92.08150874034763,-209.98152274034763,-1.4,-1.0,-11.2,0.0,0.0,-29.5,-9.0,-3.5,-6.1,-5.5,-14.9
888,10796747.907563666,40,4.21847725965236,65.78150874034763,548.6177828944992,1,6.439980037384885e-05,0.7575511301987238,0.16751038960008882,0.07493848020118743,200.0,92.08150874034763,-209.98152274034763,-1.4,-1.0,-11.2,0.0,0.0,-29.5,-9.0,-3.5,-6.1,-5.5,-14.9
889,10796747.907563666,41,4.21847725965236,65.78150874034763,548.6177828944992,1,6.439980037384885e-05,0.7575567729148064,0.16750439898486302,0.07493882810033063,200.0,92.08150874034763,-209.98152274034763,-1.4,-1.0,-11.2,0.0,0.0,-29.5,-9.0,-3.5,-6.1,-5.5,-14.9
890,10796747.907563666,42,4.21847725965236,65.78150874034763,548.6177828944992,1,6.439980037384885e-05,0.757558349677192,0.1675026610677549,0.07493898925505312,200.0,92.08150874034763,-209.98152274034763,-1.4,-1.0,-11.2,0.0,0.0,-29.5,-9.0,-3.5,-6.1,-5.5,-14.9
891,10796747.907563666,43,4.21847725965236,65.78150874034763,548.6177828944992,1,6.439980037384885e-05,0.7575582767860256,0.16750165938228312,0.07494006383169129,200.0,92.08150874034763,-209.98152274034763,-1.4,-1.0,-11.2,0.0,0.0,-29.5,-9.0,-3.5,-6.1,-5.5,-14.9
892,10796747.907563666,44,4.21847725965236,65.78150874034763,548.6177828944992,1,6.439980037384885e-05,0.7575577445810198,0.16750353812541366,0.0749387172935666,200.0,92.08150874034763,-209.98152274034763,-1.4,-1.0,-11.2,0.0,0.0,-29.5,-9.0,-3.5,-6.1,-5.5,-14.9
893,10796747.907563666,45,4.21847725965236,65.78150874034763,548.6177828944992,1,6.439980037384885e-05,0.7575589790089238,0.16750376354930988,0.0749372574417663,200.0,92.08150874034763,-209.98152274034763,-1.4,-1.0,-11.2,0.0,0.0,-29.5,-9.0,-3.5,-6.1,-5.5,-14.9
894,10796747.907563666,46,4.21847725965236,65.78150874034763,548.6177828944992,1,6.439980037384885e-05,0.7575695799522438,0.16749365817128242,0.07493676187647381,200.0,92.08150874034763,-209.98152274034763,-1.4,-1.0,-11.2,0.0,0.0,-29.5,-9.0,-3.5,-6.1,-5.5,-14.9
895,10796747.907563666,47,4.21847725965236,65.78150874034763,548.6177828944992,1,6.439980037384885e-05,0.7575813605776585,0.1674792562761098,0.07493938314623177,200.0,92.08150874034763,-209.98152274034763,-1.4,-1.0,-11.2,0.0,0.0,-29.5,-9.0,-3.5,-6.1,-5.5,-14.9
896,10796747.907563666,48,4.21847725965236,65.78150874034763,548.6177828944992,1,6.439980037384885e-05,0.7575964568537341,0.167461861175291,0.07494168197097498,200.0,92.08150874034763,-209.98152274034763,-1.4,-1.0,-11.2,0.0,0.0,-29.5,-9.0,-3.5,-6.1,-5.5,-14.9
897,10796747.907563666,49,4.21847725965236,65.78150874034763,548.6177828944992,1,6.439980037384885e-05,0.757605936804257,0.16744818367164713,0.07494587952409586,200.0,92.08150874034763,-209.98152274034763,-1.4,-1.0,-11.2,0.0,0.0,-29.5,-9.0,-3.5,-6.1,-5.5,-14.9
898,10796747.907563666,0,4.21847725965236,65.78150874034763,548.6177828944992,1,6.439980037384885e-05,0.7576122859142983,0.16743802170812597,0.07494969237757569,200.0,92.08150874034763,-209.98152274034763,-1.4,-1.0,-11.2,0.0,0.0,-29.5,-9.0,-3.5,-6.1,-5.5,-14.9
899,10796747.907563666,1,4.21847725965236,65.78150874034763,548.6177828944992,1,6.439980037384885e-05,0.7576233198032796,0.16742682240670032,0.07494985779002021,200.0,92.08150874034763,-209.98152274034763,-1.4,-1.0,-11.2,0.0,0.0,-29.5,-9.0,-3.5,-6.1,-5.5,-14.9
900,10796747.907563666,2,4.21847725965236,65.78150874034763,548.6177828944992,1,6.439980037384885e-05,0.7576311397677382,0.167416844362146,0.07495201587011589,200.0,92.08150874034763,-209.98152274034763,-1.4,-1.0,-11.2,0.0,0.0,-29.5,-9.0,-3.5,-6.1,-5.5,-14.9
901,10796747.907563666,3,4.21847725965236,65.78150874034763,548.6177828944992,1,6.439980037384885e-05,0.7576380987289641,0.1674080135332891,0.07495388773774664,200.0,92.08150874034763,-209.98152274034763,-1.4,-1.0,-11.2,0.0,0.0,-29.5,-9.0,-3.5,-6.1,-5.5,-14.9
902,10796747.907563666,4,4.21847725965236,65.78150874034763,548.6177828944992,1,6.439980037384885e-05,0.7576431560726133,0.16740243612639624,0.0749544078009905,200.0,92.08150874034763,-209.98152274034763,-1.4,-1.0,-11.2,0.0,0.0,-29.5,-9.0,-3.5,-6.1,-5.5,-14.9
903,10796747.907563666,5,4.21847725965236,65.78150874034763,548.6177828944992,1,6.439980037384885e-05,0.7576474933329559,0.16739778104623204,0.07495472562081207,200.0,92.08150874034763,-209.98152274034763,-1.4,-1.0,-11.2,0.0,0.0,-29.5,-9.0,-3.5,-6.1,-5.5,-14.9
904,10796747.907563666,6,4.21847725965236,65.78150874034763,548.6177828944992,1,6.439980037384885e-05,0.7576511404883628,0.167391845851442,0.07495701366019517,200.0,92.08150874034763,-209.98152274034763,-1.4,-1.0,-11.2,0.0,0.0,-29.5,-9.0,-3.5,-6.1,-5.5,-14.9
905,10796747.907563666,7,4.21847725965236,65.78150874034763,548.6177828944992,1,6.439980037384885e-05,0.7576541403782086,0.16738685032492856,0.07495900929686289,200.0,92.08150874034763,-209.98152274034763,-1.4,-1.0,-11.2,0.0,0.0,-29.5,-9.0,-3.5,-6.1,-5.5,-14.9
906,10796747.907563666,8,4.21847725965236,65.78150874034763,548.6177828944992,1,6.439980037384885e-05,0.7576543547629454,0.16738383265264498,0.07496181258440965,200.0,92.08150874034763,-209.98152274034763,-1.4,-1.0,-11.2,0.0,0.0,-29.5,-9.0,-3.5,-6.1,-5.5,-14.9
907,10796747.907563666,9,4.21847725965236,65.78150874034763,548.6177828944992,1,6.439980037384885e-05,0.757653006260311,0.16738053595159386,0.07496645778809524,200.0,92.08150874034763,-209.98152274034763,-1.4,-1.0,-11.2,0.0,0.0,-29.5,-9.0,-3.5,-6.1,-5.5,-14.9
908,10796747.907563666,10,4.21847725965236,65.78150874034763,548.6177828944992,1,6.439980037384885e-05,0.7576512669367124,0.16737804300086462,0.07497069006242299,200.0,92.08150874034763,-209.98152274034763,-1.4,-1.0,-11.2,0.0,0.0,-29.5,-9.0,-3.5,-6.1,-5.5,-14.9
909,10796747.907563666,11,4.21847725965236,65.78150874034763,548.6177828944992,1,6.439980037384885e-05,0.7576502376321866,0.16737523474811683,0.0749745276196966,200.0,92.08150874034763,-209.98152274034763,-1.4,-1.0,-11.2,0.0,0.0,-29.5,-9.0,-3.5,-6.1,-5.5,-14.9
910,10796747.907563666,12,4.21847725965236,65.78150874034763,548.6177828944992,1,6.439980037384885e-05,0.7576477183421844,0.1673732094806024,0.07497907217721325,200.0,92.08150874034763,-209.98152274034763,-1.4,-1.0,-11.2,0.0,0.0,-29.5,-9.0,-3.5,-6.1,-5.5,-14.9
911,10796747.907563666,13,4.21847725965236,65.78150874034763,548.6177828944992,1,6.439980037384885e-05,0.7576394678131305,0.16737515852336754,0.07498537366350203,200.0,92.08150874034763,-209.98152274034763,-1.4,-1.0,-11.2,0.0,0.0,-29.5,-9.0,-3.5,-6.1,-5.5,-14.9
912,10796747.907563666,14,4.21847725965236,65.78150874034763,548.6177828944992,1,6.439980037384885e-05,0.7576333303668599,0.1673744228823215,0.07499224675081867,200.0,92.08150874034763,-209.98152274034763,-1.4,-1.0,-11.2,0.0,0.0,-29.5,-9.0,-3.5,-6.1,-5.5,-14.9
913,10796747.907563666,15,4.21847725965236,65.78150874034763,548.6177828944992,1,6.439980037384885e-05,0.7576248921533778,0.16737543552115733,0.07499967232546485,200.0,92.08150874034763,-209.98152274034763,-1.4,-1.0,-11.2,0.0,0.0,-29.5,-9.0,-3.5,-6.1,-5.5,-14.9
914,10796747.907563666,16,4.21847725965236,65.78150874034763,548.6177828944992,1,6.439980037384885e-05,0.7576175101333826,0.16737702373833874,0.07500546612827869,200.0,92.08150874034763,-209.98152274034763,-1.4,-1.0,-11.2,0.0,0.0,-29.5,-9.0,-3.5,-6.1,-5.5,-14.9
915,10796747.907563666,17,4.21847725965236,65.78150874034763,548.6177828944992,1,6.439980037384885e-05,0.7576111186557443,0.16737702492239817,0.07501185642185758,200.0,92.08150874034763,-209.98152274034763,-1.4,-1.0,-11.2,0.0,0.0,-29.5,-9.0,-3.5,-6.1,-5.5,-14.9
916,10796747.907563666,18,4.21847725965236,65.78150874034763,548.6177828944992,1,6.439980037384885e-05,0.7576035147521851,0.16737659623911744,0.07501988900869742,200.0,92.08150874034763,-209.98152274034763,-1.4,-1.0,-11.2,0.0,0.0,-29.5,-9.0,-3.5,-6.1,-5.5,-14.9
917,10796747.907563666,19,4.21847725965236,65.78150874034763,548.6177828944992,1,6.439980037384885e-05,0.7576011926597225,0.1673704163733554,0.07502839096692214,200.0,92.08150874034763,-209.98152274034763,-1.4,-1.0,-11.2,0.0,0.0,-29.5,-9.0,-3.5,-6.1,-5.5,-14.9
918,10796747.907563666,20,4.21847725965236,65.78150874034763,548.6177828944992,1,6.439980037384885e-05,0.7575974766537484,0.1673673089662035,0.07503521438004807,200.0,92.08150874034763,-209.98152274034763,-1.4,-1.0,-11.2,0.0,0.0,-29.5,-9.0,-3.5,-6.1,-5.5,-14.9
919,10796747.907563666,21,4.21847725965236,65.78150874034763,548.6177828944992,1,6.439980037384885e-05,0.7575935064724324,0.16736604976531824,0.07504044376224937,200.0,92.08150874034763,-209.98152274034763,-1.4,-1.0,-11.2,0.0,0.0,-29.5,-9.0,-3.5,-6.1,-5.5,-14.9
920,10796747.907563666,22,4.21847725965236,65.78150874034763,548.6177828944992,1,6.439980037384885e-05,0.7575914486857657,0.16736865334510626,0.07503989796912805,200.0,92.08150874034763,-209.98152274034763,-1.4,-1.0,-11.2,0.0,0.0,-29.5,-9.0,-3.5,-6.1,-5.5,-14.9
921,10796747.907563666,23,4.21847725965236,65.78150874034763,548.6177828944992,1,6.439980037384885e-05,0.757592249615075,0.16736961785635693,0.07503813252856804,200.0,92.08150874034763,-209.98152274034763,-1.4,-1.0,-11.2,0.0,0.0,-29.5,-9.0,-3.5,-6.1,-5.5,-14.9
922,10796747.907563666,24,4.21847725965236,65.78150874034763,548.6177828944992,1,6.439980037384885e-05,0.7575946872207602,0.1673679771859767,0.07503733559326306,200.0,92.08150874034763,-209.98152274034763,-1.4,-1.0,-11.2,0.0,0.0,-29.5,-9.0,-3.5,-6.1,-5.5,-14.9
923,10796747.907563666,25,4.21847725965236,65.78150874034763,548.6177828944992,1,6.439980037384885e-05,0.7575976059243918,0.16736387356021715,0.07503852051539103,200.0,92.08150874034763,-209.98152274034763,-1.4,-1.0,-11.2,0.0,0.0,-29.5,-9.0,-3.5,-6.1,-5.5,-14.9
924,10796747.907563666,26,4.21847725965236,65.78150874034763,548.6177828944992,1,6.439980037384885e-05,0.7575988645686617,0.16736166431096358,0.07503947112037475,200.0,92.08150874034763,-209.98152274034763,-1.4,-1.0,-11.2,0.0,0.0,-29.5,-9.0,-3.5,-6.1,-5.5,-14.9
925,10796747.907563666,27,4.21847725965236,65.78150874034763,548.6177828944992,1,6.439980037384885e-05,0.7575996150926746,0.1673612463820271,0.07503913852529837,200.0,92.08150874034763,-209.98152274034763,-1.4,-1.0,-11.2,0.0,0.0,-29.5,-9.0,-3.5,-6.1,-5.5,-14.9
926,10796747.907563666,28,4.21847725965236,65.78150874034763,548.6177828944992,1,6.439980037384885e-05,0.7576009399605285,0.16736041614451624,0.07503864389495533,200.0,92.08150874034763,-209.98152274034763,-1.4,-1.0,-11.2,0.0,0.0,-29.5,-9.0,-3.5,-6.1,-5.5,-14.9
927,10796747.907563666,29,4.21847725965236,65.78150874034763,548.6177828944992,1,6.439980037384885e-05,0.7576049380655165,0.16736023553572124,0.07503482639876229,200.0,92.08150874034763,-209.98152274034763,-1.4,-1.0,-11.2,0.0,0.0,-29.5,-9.0,-3.5,-6.1,-5.5,-14.9
928,10796747.907563666,30,4.21847725965236,65.78150874034763,548.6177828944992,1,6.439980037384885e-05,0.7576082844512744,0.1673606871865,0.07503102836222567,200.0,92.08150874034763,-209.98152274034763,-1.4,-1.0,-11.2,0.0,0.0,-29.5,-9.0,-3.5,-6.1,-5.5,-14.9
929,10796747.907563666,31,4.21847725965236,65.78150874034763,548.6177828944992,1,6.439980037384885e-05,0.7576120741842185,0.1673638310107847,0.07502409480499682,200.0,92.08150874034763,-209.98152274034763,-1.4,-1.0,-11.2,0.0,0.0,-29.5,-9.0,-3.5,-6.1,-5.5,-14.9
930,10796747.907563666,32,4.21847725965236,65.78150874034763,548.6177828944992,1,6.439980037384885e-05,0.7576173364251758,0.16736532809777768,0.07501733547704648,200.0,92.08150874034763,-209.98152274034763,-1.4,-1.0,-11.2,0.0,0.0,-29.5,-9.0,-3.5,-6.1,-5.5,-14.9
931,10796747.907563666,33,4.21847725965236,65.78150874034763,548.6177828944992,1,6.439980037384885e-05,0.7576208265457585,0.16736737567453627,0.07501179777970525,200.0,92.08150874034763,-209.98152274034763,-1.4,-1.0,-11.2,0.0,0.0,-29.5,-9.0,-3.5,-6.1,-5.5,-14.9
932,10796747.907563666,34,4.21847725965236,65.78150874034763,548.6177828944992,1,6.439980037384885e-05,0.7576258010825407,0.16736992705885853,0.0750042718586007,200.0,92.08150874034763,-209.98152274034763,-1.4,-1.0,-11.2,0.0,0.0,-29.5,-9.0,-3.5,-6.1,-5.5,-14.9
933,10796747.907563666,35,4.21847725965236,65.78150874034763,548.6177828944992,1,6.439980037384885e-05,0.7576258585993566,0.1673729913141328,0.07500115008651068,200.0,92.08150874034763,-209.98152274034763,-1.4,-1.0,-11.2,0.0,0.0,-29.5,-9.0,-3.5,-6.1,-5.5,-14.9
934,10796747.907563666,36,4.21847725965236,65.78150874034763,548.6177828944992,1,6.439980037384885e-05,0.7576233602807357,0.1673775735883937,0.07499906613087058,200.0,92.08150874034763,-209.98152274034763,-1.4,-1.0,-11.2,0.0,0.0,-29.5,-9.0,-3.5,-6.1,-5.5,-14.9
935,10796747.907563666,37,4.21847725965236,65.78150874034763,548.6177828944992,1,6.439980037384885e-05,0.7576215966216078,0.16738357800362424,0.074994825374768,200.0,92.08150874034763,-209.98152274034763,-1.4,-1.0,-11.2,0.0,0.0,-29.5,-9.0,-3.5,-6.1,-5.5,-14.9
936,10796747.907563666,38,4.21847725965236,65.78150874034763,548.6177828944992,1,6.439980037384885e-05,0.7576184221355736,0.16738677184546233,0.07499480601896406,200.0,92.08150874034763,-209.98152274034763,-1.4,-1.0,-11.2,0.0,0.0,-29.5,-9.0,-3.5,-6.1,-5.5,-14.9
937,10796747.907563666,39,4.21847725965236,65.78150874034763,548.6177828944992,1,6.439980037384885e-05,0.7576170632072731,0.1673883261281562,0.07499461066457079,200.0,92.08150874034763,-209.98152274034763,-1.4,-1.0,-11.2,0.0,0.0,-29.5,-9.0,-3.5,-6.1,-5.5,-14.9
938,10796747.907563666,40,4.21847725965236,65.78150874034763,548.6177828944992,1,6.439980037384885e-05,0.7576100777346214,0.16739148244138224,0.07499843982399636,200.0,92.08150874034763,-209.98152274034763,-1.4,-1.0,-11.2,0.0,0.0,-29.5,-9.0,-3.5,-6.1,-5.5,-14.9
939,10796747.907563666,41,4.21847725965236,65.78150874034763,548.6177828944992,1,6.439980037384885e-05,0.7575956697752259,0.1674013673462953,0.07500296287847888,200.0,92.08150874034763,-209.98152274034763,-1.4,-1.0,-11.2,0.0,0.0,-29.5,-9.0,-3.5,-6.1,-5.5,-14.9
940,10796747.907563666,42,4.21847725965236,65.78150874034763,548.6177828944992,1,6.439980037384885e-05,0.7575836448058056,0.1674082341890357,0.0750081210051587,200.0,92.08150874034763,-209.98152274034763,-1.4,-1.0,-11.2,0.0,0.0,-29.5,-9.0,-3.5,-6.1,-5.5,-14.9
941,10796747.907563666,43,4.21847725965236,65.78150874034763,548.6177828944992,1,6.439980037384885e-05,0.757577012729803,0.16740911417178347,0.07501387309841352,200.0,92.08150874034763,-209.98152274034763,-1.4,-1.0,-11.2,0.0,0.0,-29.5,-9.0,-3.5,-6.1,-5.5,-14.9
942,10796747.907563666,44,4.21847725965236,65.78150874034763,548.6177828944992,1,6.439980037384885e-05,0.7575713278071536,0.1674105561951986,0.07501811599764771,200.0,92.08150874034763,-209.98152274034763,-1.4,-1.0,-11.2,0.0,0.0,-29.5,-9.0,-3.5,-6.1,-5.5,-14.9
943,10796747.907563666,45,4.21847725965236,65.78150874034763,548.6177828944992,1,6.439980037384885e-05,0.7575623661006752,0.16741565603592484,0.07502197786340006,200.0,92.08150874034763,-209.98152274034763,-1.4,-1.0,-11.2,0.0,0.0,-29.5,-9.0,-3.5,-6.1,-5.5,-14.9
944,10796747.907563666,46,4.21847725965236,65.78150874034763,548.6177828944992,1,6.439980037384885e-05,0.7575596832661305,0.16741797391513075,0.07502234281873878,200.0,92.08150874034763,-209.98152274034763,-1.4,-1.0,-11.2,0.0,0.0,-29.5,-9.0,-3.5,-6.1,-5.5,-14.9
945,10796747.907563666,47,4.21847725965236,65.78150874034763,548.6177828944992,1,6.439980037384885e-05,0.7575577368652243,0.16741871275986778,0.0750235503749079,200.0,92.08150874034763,-209.98152274034763,-1.4,-1.0,-11.2,0.0,0.0,-29.5,-9.0,-3.5,-6.1,-5.5,-14.9
946,10796747.907563666,48,4.21847725965236,65.78150874034763,548.6177828944992,1,6.439980037384885e-05,0.7575554529533306,0.1674200225070071,0.07502452453966227,200.0,92.08150874034763,-209.98152274034763,-1.4,-1.0,-11.2,0.0,0.0,-29.5,-9.0,-3.5,-6.1,-5.5,-14.9
947,10796747.907563666,49,4.21847725965236,65.78150874034763,548.6177828944992,1,6.439980037384885e-05,0.7575632260788071,0.16741255672655805,0.07502421719463488,200.0,92.08150874034763,-209.98152274034763,-1.4,-1.0,-11.2,0.0,0.0,-29.5,-9.0,-3.5,-6.1,-5.5,-14.9
948,10796747.907563666,0,4.21847725965236,65.78150874034763,548.6177828944992,1,6.439980037384885e-05,0.7575732776144298,0.1674040079649097,0.07502271442066041,200.0,92.08150874034763,-209.98152274034763,-1.4,-1.0,-11.2,0.0,0.0,-29.5,-9.0,-3.5,-6.1,-5.5,-14.9
949,10796747.907563666,1,4.21847725965236,65.78150874034763,548.6177828944992,1,6.439980037384885e-05,0.757583399820498,0.1673923934349416,0.07502420674456028,200.0,92.08150874034763,-209.98152274034763,-1.4,-1.0,-11.2,0.0,0.0,-29.5,-9.0,-3.5,-6.1,-5.5,-14.9
950,10796747.907563666,2,4.21847725965236,65.78150874034763,548.6177828944992,1,6.439980037384885e-05,0.7575936032628915,0.1673809476478325,0.07502544908927607,200.0,92.08150874034763,-209.98152274034763,-1.4,-1.0,-11.2,0.0,0.0,-29.5,-9.0,-3.5,-6.1,-5.5,-14.9
951,10796747.907563666,3,4.21847725965236,65.78150874034763,548.6177828944992,1,6.439980037384885e-05,0.7576018001852474,0.16736864996825537,0.07502954984649726,200.0,92.08150874034763,-209.98152274034763,-1.4,-1.0,-11.2,0.0,0.0,-29.5,-9.0,-3.5,-6.1,-5.5,-14.9
952,10796747.907563666,4,4.21847725965236,65.78150874034763,548.6177828944992,1,6.439980037384885e-05,0.7576080902844551,0.16735554560986604,0.07503636410567882,200.0,92.08150874034763,-209.98152274034763,-1.4,-1.0,-11.2,0.0,0.0,-29.5,-9.0,-3.5,-6.1,-5.5,-14.9
953,10796747.907563666,5,4.21847725965236,65.78150874034763,548.6177828944992,1,6.439980037384885e-05,0.7576167105154277,0.16734063905028265,0.07504265043428973,200.0,92.08150874034763,-209.98152274034763,-1.4,-1.0,-11.2,0.0,0.0,-29.5,-9.0,-3.5,-6.1,-5.5,-14.9
954,10796747.907563666,6,4.21847725965236,65.78150874034763,548.6177828944992,1,6.439980037384885e-05,0.757627527787055,0.16732300785786752,0.07504946435507748,200.0,92.08150874034763,-209.98152274034763,-1.4,-1.0,-11.2,0.0,0.0,-29.5,-9.0,-3.5,-6.1,-5.5,-14.9
955,10796747.907563666,7,4.21847725965236,65.78150874034763,548.6177828944992,1,6.439980037384885e-05,0.7576342730425678,0.16730893068116579,0.0750567962762664,200.0,92.08150874034763,-209.98152274034763,-1.4,-1.0,-11.2,0.0,0.0,-29.5,-9.0,-3.5,-6.1,-5.5,-14.9
956,10796747.907563666,8,4.21847725965236,65.78150874034763,548.6177828944992,1,6.439980037384885e-05,0.7576402304275032,0.16729515981106988,0.0750646097614269,200.0,92.08150874034763,-209.98152274034763,-1.4,-1.0,-11.2,0.0,0.0,-29.5,-9.0,-3.5,-6.1,-5.5,-14.9
957,10796747.907563666,9,4.21847725965236,65.78150874034763,548.6177828944992,1,6.439980037384885e-05,0.7576454399620876,0.16728168072908475,0.07507287930882775,200.0,92.08150874034763,-209.98152274034763,-1.4,-1.0,-11.2,0.0,0.0,-29.5,-9.0,-3.5,-6.1,-5.5,-14.9
958,10796747.907563666,10,4.21847725965236,65.78150874034763,548.6177828944992,1,6.439980037384885e-05,0.7576540712886946,0.16726846213650612,0.0750774665747993,200.0,92.08150874034763,-209.98152274034763,-1.4,-1.0,-11.2,0.0,0.0,-29.5,-9.0,-3.5,-6.1,-5.5,-14.9
959,10796747.907563666,11,4.21847725965236,65.78150874034763,548.6177828944992,1,6.439980037384885e-05,0.7576617978740078,0.16725348251377595,0.07508471961221633,200.0,92.08150874034763,-209.98152274034763,-1.4,-1.0,-11.2,0.0,0.0,-29.5,-9.0,-3.5,-6.1,-5.5,-14.9
960,10796747.907563666,12,4.21847725965236,65.78150874034763,548.6177828944992,1,6.439980037384885e-05,0.7576697580668853,0.16724290578265644,0.07508733615045832,200.0,92.08150874034763,-209.98152274034763,-1.4,-1.0,-11.2,0.0,0.0,-29.5,-9.0,-3.5,-6.1,-5.5,-14.9
961,10796747.907563666,13,4.21847725965236,65.78150874034763,548.6177828944992,1,6.439980037384885e-05,0.7576768789557377,0.167233474356901,0.07508964668736141,200.0,92.08150874034763,-209.98152274034763,-1.4,-1.0,-11.2,0.0,0.0,-29.5,-9.0,-3.5,-6.1,-5.5,-14.9
962,10796747.907563666,14,4.21847725965236,65.78150874034763,548.6177828944992,1,6.439980037384885e-05,0.75767808295546,0.16722717492690714,0.07509474211763287,200.0,92.08150874034763,-209.98152274034763,-1.4,-1.0,-11.2,0.0,0.0,-29.5,-9.0,-3.5,-6.1,-5.5,-14.9
963,10796747.907563666,15,4.21847725965236,65.78150874034763,548.6177828944992,1,6.439980037384885e-05,0.7576808372140293,0.1672207833098651,0.07509837947610558,200.0,92.08150874034763,-209.98152274034763,-1.4,-1.0,-11.2,0.0,0.0,-29.5,-9.0,-3.5,-6.1,-5.5,-14.9
964,10796747.907563666,16,4.21847725965236,65.78150874034763,548.6177828944992,1,6.439980037384885e-05,0.7576789496964746,0.16721938028026306,0.07510167002326225,200.0,92.08150874034763,-209.98152274034763,-1.4,-1.0,-11.2,0.0,0.0,-29.5,-9.0,-3.5,-6.1,-5.5,-14.9
965,10796747.907563666,17,4.21847725965236,65.78150874034763,548.6177828944992,1,6.439980037384885e-05,0.7576757090171785,0.16721966822218529,0.07510462276063629,200.0,92.08150874034763,-209.98152274034763,-1.4,-1.0,-11.2,0.0,0.0,-29.5,-9.0,-3.5,-6.1,-5.5,-14.9
966,10796747.907563666,18,4.21847725965236,65.78150874034763,548.6177828944992,1,6.439980037384885e-05,0.7576732168671241,0.16721953375459622,0.07510724937827973,200.0,92.08150874034763,-209.98152274034763,-1.4,-1.0,-11.2,0.0,0.0,-29.5,-9.0,-3.5,-6.1,-5.5,-14.9
967,10796747.907563666,19,4.21847725965236,65.78150874034763,548.6177828944992,1,6.439980037384885e-05,0.7576693977069363,0.16722001508729983,0.07511058720576387,200.0,92.08150874034763,-209.98152274034763,-1.4,-1.0,-11.2,0.0,0.0,-29.5,-9.0,-3.5,-6.1,-5.5,-14.9
968,10796747.907563666,20,4.21847725965236,65.78150874034763,548.6177828944992,1,6.439980037384885e-05,0.7576694036228951,0.16721803940873362,0.07511255696837119,200.0,92.08150874034763,-209.98152274034763,-1.4,-1.0,-11.2,0.0,0.0,-29.5,-9.0,-3.5,-6.1,-5.5,-14.9
969,10796747.907563666,21,4.21847725965236,65.78150874034763,548.6177828944992,1,6.439980037384885e-05,0.7576699984272491,0.1672167629626636,0.0751132386100873,200.0,92.08150874034763,-209.98152274034763,-1.4,-1.0,-11.2,0.0,0.0,-29.5,-9.0,-3.5,-6.1,-5.5,-14.9
970,10796747.907563666,22,4.21847725965236,65.78150874034763,548.6177828944992,1,6.439980037384885e-05,0.7576701253171579,0.16721515038819804,0.07511472429464411,200.0,92.08150874034763,-209.98152274034763,-1.4,-1.0,-11.2,0.0,0.0,-29.5,-9.0,-3.5,-6.1,-5.5,-14.9
971,10796747.907563666,23,4.21847725965236,65.78150874034763,548.6177828944992,1,6.439980037384885e-05,0.7576718360740602,0.16721220765109598,0.07511595627484383,200.0,92.08150874034763,-209.98152274034763,-1.4,-1.0,-11.2,0.0,0.0,-29.5,-9.0,-3.5,-6.1,-5.5,-14.9
972,10796747.907563666,24,4.21847725965236,65.78150874034763,548.6177828944992,1,6.439980037384885e-05,0.7576710122483157,0.16721202888846742,0.07511695886321687,200.0,92.08150874034763,-209.98152274034763,-1.4,-1.0,-11.2,0.0,0.0,-29.5,-9.0,-3.5,-6.1,-5.5,-14.9
973,10796747.907563666,25,4.21847725965236,65.78150874034763,548.6177828944992,1,6.439980037384885e-05,0.7576728255968623,0.16720944452681405,0.07511772987632359,200.0,92.08150874034763,-209.98152274034763,-1.4,-1.0,-11.2,0.0,0.0,-29.5,-9.0,-3.5,-6.1,-5.5,-14.9
974,10796747.907563666,26,4.21847725965236,65.78150874034763,548.6177828944992,1,6.439980037384885e-05,0.7576801721994182,0.16720356798665806,0.07511625981392371,200.0,92.08150874034763,-209.98152274034763,-1.4,-1.0,-11.2,0.0,0.0,-29.5,-9.0,-3.5,-6.1,-5.5,-14.9
975,10796747.907563666,27,4.21847725965236,65.78150874034763,548.6177828944992,1,6.439980037384885e-05,0.7576836925596317,0.16720060057991382,0.07511570686045449,200.0,92.08150874034763,-209.98152274034763,-1.4,-1.0,-11.2,0.0,0.0,-29.5,-9.0,-3.5,-6.1,-5.5,-14.9
976,10796747.907563666,28,4.21847725965236,65.78150874034763,548.6177828944992,1,6.439980037384885e-05,0.7576906302507698,0.1671953742963277,0.07511399545290258,200.0,92.08150874034763,-209.98152274034763,-1.4,-1.0,-11.2,0.0,0.0,-29.5,-9.0,-3.5,-6.1,-5.5,-14.9
977,10796747.907563666,29,4.21847725965236,65.78150874034763,548.6177828944992,1,6.439980037384885e-05,0.757700833830407,0.1671929834319617,0.07510618273763126,200.0,92.08150874034763,-209.98152274034763,-1.4,-1.0,-11.2,0.0,0.0,-29.5,-9.0,-3.5,-6.1,-5.5,-14.9
978,10796747.907563666,30,4.21847725965236,65.78150874034763,548.6177828944992,1,6.439980037384885e-05,0.7577110868449966,0.16718931894095218,0.07509959421405134,200.0,92.08150874034763,-209.98152274034763,-1.4,-1.0,-11.2,0.0,0.0,-29.5,-9.0,-3.5,-6.1,-5.5,-14.9
979,10796747.907563666,31,4.21847725965236,65.78150874034763,548.6177828944992,1,6.439980037384885e-05,0.757717368676166,0.1671864549138021,0.07509617641003198,200.0,92.08150874034763,-209.98152274034763,-1.4,-1.0,-11.2,0.0,0.0,-29.5,-9.0,-3.5,-6.1,-5.5,-14.9
980,10796747.907563666,32,4.21847725965236,65.78150874034763,548.6177828944992,1,6.439980037384885e-05,0.7577269192341048,0.16718332110699802,0.07508975965889714,200.0,92.08150874034763,-209.98152274034763,-1.4,-1.0,-11.2,0.0,0.0,-29.5,-9.0,-3.5,-6.1,-5.5,-14.9
981,10796747.907563666,33,4.21847725965236,65.78150874034763,548.6177828944992,1,6.439980037384885e-05,0.75773055111061,0.16718493746542168,0.07508451142396824,200.0,92.08150874034763,-209.98152274034763,-1.4,-1.0,-11.2,0.0,0.0,-29.5,-9.0,-3.5,-6.1,-5.5,-14.9
982,10796747.907563666,34,4.21847725965236,65.78150874034763,548.6177828944992,1,6.439980037384885e-05,0.7577285592590214,0.1671890770292777,0.07508236371170099,200.0,92.08150874034763,-209.98152274034763,-1.4,-1.0,-11.2,0.0,0.0,-29.5,-9.0,-3.5,-6.1,-5.5,-14.9
983,10796747.907563666,35,4.21847725965236,65.78150874034763,548.6177828944992,1,6.439980037384885e-05,0.7577252320309941,0.1671926159794659,0.07508215198954012,200.0,92.08150874034763,-209.98152274034763,-1.4,-1.0,-11.2,0.0,0.0,-29.5,-9.0,-3.5,-6.1,-5.5,-14.9
984,10796747.907563666,36,4.21847725965236,65.78150874034763,548.6177828944992,1,6.439980037384885e-05,0.7577226496341519,0.16719656533983276,0.07508078502601534,200.0,92.08150874034763,-209.98152274034763,-1.4,-1.0,-11.2,0.0,0.0,-29.5,-9.0,-3.5,-6.1,-5.5,-14.9
985,10796747.907563666,37,4.21847725965236,65.78150874034763,548.6177828944992,1,6.439980037384885e-05,0.7577187751375892,0.16720190231228935,0.07507932255012151,200.0,92.08150874034763,-209.98152274034763,-1.4,-1.0,-11.2,0.0,0.0,-29.5,-9.0,-3.5,-6.1,-5.5,-14.9
986,10796747.907563666,38,4.21847725965236,65.78150874034763,548.6177828944992,1,6.439980037384885e-05,0.7577136710242837,0.16720756630757866,0.07507876266813768,200.0,92.08150874034763,-209.98152274034763,-1.4,-1.0,-11.2,0.0,0.0,-29.5,-9.0,-3.5,-6.1,-5.5,-14.9
987,10796747.907563666,39,4.21847725965236,65.78150874034763,548.6177828944992,1,6.439980037384885e-05,0.7577123846877628,0.16721055400921625,0.07507706130302103,200.0,92.08150874034763,-209.98152274034763,-1.4,-1.0,-11.2,0.0,0.0,-29.5,-9.0,-3.5,-6.1,-5.5,-14.9
988,10796747.907563666,40,4.21847725965236,65.78150874034763,548.6177828944992,1,6.439980037384885e-05,0.7577077572971527,0.1672169552411484,0.07507528746169902,200.0,92.08150874034763,-209.98152274034763,-1.4,-1.0,-11.2,0.0,0.0,-29.5,-9.0,-3.5,-6.1,-5.5,-14.9
989,10796747.907563666,41,4.21847725965236,65.78150874034763,548.6177828944992,1,6.439980037384885e-05,0.7577039294541645,0.1672216462265652,0.07507442431927036,200.0,92.08150874034763,-209.98152274034763,-1.4,-1.0,-11.2,0.0,0.0,-29.5,-9.0,-3.5,-6.1,-5.5,-14.9
990,10796747.907563666,42,4.21847725965236,65.78150874034763,548.6177828944992,1,6.439980037384885e-05,0.7576998564923912,0.1672237361464016,0.07507640736120716,200.0,92.08150874034763,-209.98152274034763,-1.4,-1.0,-11.2,0.0,0.0,-29.5,-9.0,-3.5,-6.1,-5.5,-14.9
991,10796747.907563666,43,4.21847725965236,65.78150874034763,548.6177828944992,1,6.439980037384885e-05,0.7576965584375364,0.16722532172867605,0.0750781198337876,200.0,92.08150874034763,-209.98152274034763,-1.4,-1.0,-11.2,0.0,0.0,-29.5,-9.0,-3.5,-6.1,-5.5,-14.9
992,10796747.907563666,44,4.21847725965236,65.78150874034763,548.6177828944992,1,6.439980037384885e-05,0.7576930117850439,0.16722839786411084,0.07507859035084534,200.0,92.08150874034763,-209.98152274034763,-1.4,-1.0,-11.2,0.0,0.0,-29.5,-9.0,-3.5,-6.1,-5.5,-14.9
993,10796747.907563666,45,4.21847725965236,65.78150874034763,548.6177828944992,1,6.439980037384885e-05,0.7576882398827383,0.1672338735637579,0.07507788655350382,200.0,92.08150874034763,-209.98152274034763,-1.4,-1.0,-11.2,0.0,0.0,-29.5,-9.0,-3.5,-6.1,-5.5,-14.9
994,10796747.907563666,46,4.21847725965236,65.78150874034763,548.6177828944992,1,6.439980037384885e-05,0.7576803201945327,0.167241634386589,0.07507804541887828,200.0,92.08150874034763,-209.98152274034763,-1.4,-1.0,-11.2,0.0,0.0,-29.5,-9.0,-3.5,-6.1,-5.5,-14.9
995,10796747.907563666,47,4.21847725965236,65.78150874034763,548.6177828944992,1,6.439980037384885e-05,0.7576753448362247,0.16724663281460117,0.0750780223491741,200.0,92.08150874034763,-209.98152274034763,-1.4,-1.0,-11.2,0.0,0.0,-29.5,-9.0,-3.5,-6.1,-5.5,-14.9
996,10796747.907563666,48,4.21847725965236,65.78150874034763,548.6177828944992,1,6.439980037384885e-05,0.757667234325625,0.16725295561865783,0.07507981005571723,200.0,92.08150874034763,-209.98152274034763,-1.4,-1.0,-11.2,0.0,0.0,-29.5,-9.0,-3.5,-6.1,-5.5,-14.9
997,10796747.907563666,49,4.21847725965236,65.78150874034763,548.6177828944992,1,6.439980037384885e-05,0.7576610825025819,0.1672565984022352,0.07508231909518291,200.0,92.08150874034763,-209.98152274034763,-1.4,-1.0,-11.2,0.0,0.0,-29.5,-9.0,-3.5,-6.1,-5.5,-14.9
998,10796747.907563666,0,4.21847725965236,65.78150874034763,548.6177828944992,1,6.439980037384885e-05,0.7576548312351314,0.1672616170822914,0.07508355168257715,200.0,92.08150874034763,-209.98152274034763,-1.4,-1.0,-11.2,0.0,0.0,-29.5,-9.0,-3.5,-6.1,-5.5,-14.9
999,10796747.907563666,1,4.21847725965236,65.78150874034763,548.6177828944992,1,6.439980037384885e-05,0.7576514350407615,0.16726499805692385,0.07508356690231471,200.0,92.08150874034763,-209.98152274034763,-1.4,-1.0,-11.2,0.0,0.0,-29.5,-9.0,-3.5,-6.1,-5.5,-14.9
1000,10796747.907563666,2,4.21847725965236,65.78150874034763,548.6177828944992,1,6.439980037384885e-05,0.7576497531066035,0.16726585646109585,0.07508439043230064,200.0,92.08150874034763,-209.98152274034763,-1.4,-1.0,-11.2,0.0,0.0,-29.5,-9.0,-3.5,-6.1,-5.5,-14.9
1001,10796747.907563666,3,4.21847725965236,65.78150874034763,548.6177828944992,1,6.439980037384885e-05,0.7576467646967077,0.16726920507929355,0.07508403022399875,200.0,92.08150874034763,-209.98152274034763,-1.4,-1.0,-11.2,0.0,0.0,-29.5,-9.0,-3.5,-6.1,-5.5,-14.9
1002,10796747.907563666,4,4.21847725965236,65.78150874034763,548.6177828944992,1,6.439980037384885e-05,0.7576474368104528,0.16727002778857553,0.07508253540097178,200.0,92.08150874034763,-209.98152274034763,-1.4,-1.0,-11.2,0.0,0.0,-29.5,-9.0,-3.5,-6.1,-5.5,-14.9
1003,10796747.907563666,5,4.21847725965236,65.78150874034763,548.6177828944992,1,6.439980037384885e-05,0.7576407905848125,0.16727530940871888,0.07508390000646868,200.0,92.08150874034763,-209.98152274034763,-1.4,-1.0,-11.2,0.0,0.0,-29.5,-9.0,-3.5,-6.1,-5.5,-14.9
1004,10796747.907563666,6,4.21847725965236,65.78150874034763,548.6177828944992,1,6.439980037384885e-05,0.7576340677803637,0.167280902239874,0.07508502997976238,200.0,92.08150874034763,-209.98152274034763,-1.4,-1.0,-11.2,0.0,0.0,-29.5,-9.0,-3.5,-6.1,-5.5,-14.9
1005,10796747.907563666,7,4.21847725965236,65.78150874034763,548.6177828944992,1,6.439980037384885e-05,0.7576204171857057,0.1672916765543962,0.07508790625989815,200.0,92.08150874034763,-209.98152274034763,-1.4,-1.0,-11.2,0.0,0.0,-29.5,-9.0,-3.5,-6.1,-5.5,-14.9
1006,10796747.907563666,8,4.21847725965236,65.78150874034763,548.6177828944992,1,6.439980037384885e-05,0.757606070553851,0.1673034562728663,0.07509047317328266,200.0,92.08150874034763,-209.98152274034763,-1.4,-1.0,-11.2,0.0,0.0,-29.5,-9.0,-3.5,-6.1,-5.5,-14.9
1007,10796747.907563666,9,4.21847725965236,65.78150874034763,548.6177828944992,1,6.439980037384885e-05,0.7575969289115628,0.16731131288721018,0.07509175820122695,200.0,92.08150874034763,-209.98152274034763,-1.4,-1.0,-11.2,0.0,0.0,-29.5,-9.0,-3.5,-6.1,-5.5,-14.9
1008,10796747.907563666,10,4.21847725965236,65.78150874034763,548.6177828944992,1,6.439980037384885e-05,0.7575907615357298,0.16731545995018535,0.07509377851408486,200.0,92.08150874034763,-209.98152274034763,-1.4,-1.0,-11.2,0.0,0.0,-29.5,-9.0,-3.5,-6.1,-5.5,-14.9
1009,10796747.907563666,11,4.21847725965236,65.78150874034763,548.6177828944992,1,6.439980037384885e-05,0.7575825496871119,0.167321914397234,0.07509553591565404,200.0,92.08150874034763,-209.98152274034763,-1.4,-1.0,-11.2,0.0,0.0,-29.5,-9.0,-3.5,-6.1,-5.5,-14.9
1010,10796747.907563666,12,4.21847725965236,65.78150874034763,548.6177828944992,1,6.439980037384885e-05,0.7575753023777181,0.1673247456332015,0.07509995198908045,200.0,92.08150874034763,-209.98152274034763,-1.4,-1.0,-11.2,0.0,0.0,-29.5,-9.0,-3.5,-6.1,-5.5,-14.9
1011,10796747.907563666,13,4.21847725965236,65.78150874034763,548.6177828944992,1,6.439980037384885e-05,0.7575670372137685,0.16732801059581498,0.07510495219041649,200.0,92.08150874034763,-209.98152274034763,-1.4,-1.0,-11.2,0.0,0.0,-29.5,-9.0,-3.5,-6.1,-5.5,-14.9
1012,10796747.907563666,14,4.21847725965236,65.78150874034763,548.6177828944992,1,6.439980037384885e-05,0.7575587709968448,0.16732975387887972,0.07511147512427549,200.0,92.08150874034763,-209.98152274034763,-1.4,-1.0,-11.2,0.0,0.0,-29.5,-9.0,-3.5,-6.1,-5.5,-14.9
1013,10796747.907563666,15,4.21847725965236,65.78150874034763,548.6177828944992,1,6.439980037384885e-05,0.7575456617386912,0.16733585482284852,0.07511848343846034,200.0,92.08150874034763,-209.98152274034763,-1.4,-1.0,-11.2,0.0,0.0,-29.5,-9.0,-3.5,-6.1,-5.5,-14.9
1014,10796747.907563666,16,4.21847725965236,65.78150874034763,548.6177828944992,1,6.439980037384885e-05,0.7575357414572331,0.16734220541890035,0.07512205312386652,200.0,92.08150874034763,-209.98152274034763,-1.4,-1.0,-11.2,0.0,0.0,-29.5,-9.0,-3.5,-6.1,-5.5,-14.9
1015,10796747.907563666,17,4.21847725965236,65.78150874034763,548.6177828944992,1,6.439980037384885e-05,0.7575230029692194,0.1673497779443112,0.07512721908646952,200.0,92.08150874034763,-209.98152274034763,-1.4,-1.0,-11.2,0.0,0.0,-29.5,-9.0,-3.5,-6.1,-5.5,-14.9
1016,10796747.907563666,18,4.21847725965236,65.78150874034763,548.6177828944992,1,6.439980037384885e-05,0.7575085726367041,0.16735946667154333,0.07513196069175261,200.0,92.08150874034763,-209.98152274034763,-1.4,-1.0,-11.2,0.0,0.0,-29.5,-9.0,-3.5,-6.1,-5.5,-14.9
1017,10796747.907563666,19,4.21847725965236,65.78150874034763,548.6177828944992,1,6.439980037384885e-05,0.7574993082036682,0.16736440857207602,0.07513628322425588,200.0,92.08150874034763,-209.98152274034763,-1.4,-1.0,-11.2,0.0,0.0,-29.5,-9.0,-3.5,-6.1,-5.5,-14.9
1018,10796747.907563666,20,4.21847725965236,65.78150874034763,548.6177828944992,1,6.439980037384885e-05,0.7574891341548688,0.1673687115736833,0.07514215427144796,200.0,92.08150874034763,-209.98152274034763,-1.4,-1.0,-11.2,0.0,0.0,-29.5,-9.0,-3.5,-6.1,-5.5,-14.9
1019,10796747.907563666,21,4.21847725965236,65.78150874034763,548.6177828944992,1,6.439980037384885e-05,0.7574800414138517,0.16737240085565958,0.07514755773048874,200.0,92.08150874034763,-209.98152274034763,-1.4,-1.0,-11.2,0.0,0.0,-29.5,-9.0,-3.5,-6.1,-5.5,-14.9
1020,10796747.907563666,22,4.21847725965236,65.78150874034763,548.6177828944992,1,6.439980037384885e-05,0.7574729306126332,0.16737358976332256,0.07515347962404423,200.0,92.08150874034763,-209.98152274034763,-1.4,-1.0,-11.2,0.0,0.0,-29.5,-9.0,-3.5,-6.1,-5.5,-14.9
1021,10796747.907563666,23,4.21847725965236,65.78150874034763,548.6177828944992,1,6.439980037384885e-05,0.7574638416943108,0.1673752913021884,0.07516086700350082,200.0,92.08150874034763,-209.98152274034763,-1.4,-1.0,-11.2,0.0,0.0,-29.5,-9.0,-3.5,-6.1,-5.5,-14.9
1022,10796747.907563666,24,4.21847725965236,65.78150874034763,548.6177828944992,1,6.439980037384885e-05,0.7574567396110992,0.16737555386723563,0.07516770652166528,200.0,92.08150874034763,-209.98152274034763,-1.4,-1.0,-11.2,0.0,0.0,-29.5,-9.0,-3.5,-6.1,-5.5,-14.9
1023,10796747.907563666,25,4.21847725965236,65.78150874034763,548.6177828944992,1,6.439980037384885e-05,0.757453450179795,0.16737349134816393,0.07517305847204107,200.0,92.08150874034763,-209.98152274034763,-1.4,-1.0,-11.2,0.0,0.0,-29.5,-9.0,-3.5,-6.1,-5.5,-14.9
1024,10796747.907563666,26,4.21847725965236,65.78150874034763,548.6177828944992,1,6.439980037384885e-05,0.7574518572629778,0.16737113774321322,0.07517700499380899,200.0,92.08150874034763,-209.98152274034763,-1.4,-1.0,-11.2,0.0,0.0,-29.5,-9.0,-3.5,-6.1,-5.5,-14.9
1025,10796747.907563666,27,4.21847725965236,65.78150874034763,548.6177828944992,1,6.439980037384885e-05,0.7574499487669807,0.16736946753784085,0.07518058369517851,200.0,92.08150874034763,-209.98152274034763,-1.4,-1.0,-11.2,0.0,0.0,-29.5,-9.0,-3.5,-6.1,-5.5,-14.9
1026,10796747.907563666,28,4.21847725965236,65.78150874034763,548.6177828944992,1,6.439980037384885e-05,0.7574448532749737,0.16736940765179426,0.07518573907323213,200.0,92.08150874034763,-209.98152274034763,-1.4,-1.0,-11.2,0.0,0.0,-29.5,-9.0,-3.5,-6.1,-5.5,-14.9
1027,10796747.907563666,29,4.21847725965236,65.78150874034763,548.6177828944992,1,6.439980037384885e-05,0.75744347041931,0.1673689484443808,0.0751875811363092,200.0,92.08150874034763,-209.98152274034763,-1.4,-1.0,-11.2,0.0,0.0,-29.5,-9.0,-3.5,-6.1,-5.5,-14.9
1028,10796747.907563666,30,4.21847725965236,65.78150874034763,548.6177828944992,1,6.439980037384885e-05,0.7574446425171766,0.16736811386554803,0.07518724361727541,200.0,92.08150874034763,-209.98152274034763,-1.4,-1.0,-11.2,0.0,0.0,-29.5,-9.0,-3.5,-6.1,-5.5,-14.9
1029,10796747.907563666,31,4.21847725965236,65.78150874034763,548.6177828944992,1,6.439980037384885e-05,0.7574472615966518,0.167365031916399,0.07518770648694924,200.0,92.08150874034763,-209.98152274034763,-1.4,-1.0,-11.2,0.0,0.0,-29.5,-9.0,-3.5,-6.1,-5.5,-14.9
1030,10796747.907563666,32,4.21847725965236,65.78150874034763,548.6177828944992,1,6.439980037384885e-05,0.757447438879199,0.1673636226564145,0.07518893846438662,200.0,92.08150874034763,-209.98152274034763,-1.4,-1.0,-11.2,0.0,0.0,-29.5,-9.0,-3.5,-6.1,-5.5,-14.9
1031,10796747.907563666,33,4.21847725965236,65.78150874034763,548.6177828944992,1,6.439980037384885e-05,0.7574462529621723,0.16736284968587642,0.07519089735195134,200.0,92.08150874034763,-209.98152274034763,-1.4,-1.0,-11.2,0.0,0.0,-29.5,-9.0,-3.5,-6.1,-5.5,-14.9
1032,10796747.907563666,34,4.21847725965236,65.78150874034763,548.6177828944992,1,6.439980037384885e-05,0.7574466287721424,0.16735983307540425,0.07519353815245337,200.0,92.08150874034763,-209.98152274034763,-1.4,-1.0,-11.2,0.0,0.0,-29.5,-9.0,-3.5,-6.1,-5.5,-14.9
1033,10796747.907563666,35,4.21847725965236,65.78150874034763,548.6177828944992,1,6.439980037384885e-05,0.7574513333648991,0.16735184889668592,0.075196817738415,200.0,92.08150874034763,-209.98152274034763,-1.4,-1.0,-11.2,0.0,0.0,-29.5,-9.0,-3.5,-6.1,-5.5,-14.9
1034,10796747.907563666,36,4.21847725965236,65.78150874034763,548.6177828944992,1,6.439980037384885e-05,0.7574582605198411,0.167342934497914,0.07519880498224488,200.0,92.08150874034763,-209.98152274034763,-1.4,-1.0,-11.2,0.0,0.0,-29.5,-9.0,-3.5,-6.1,-5.5,-14.9
1035,10796747.907563666,37,4.21847725965236,65.78150874034763,548.6177828944992,1,6.439980037384885e-05,0.7574663462555286,0.16733408384790144,0.07519956989657009,200.0,92.08150874034763,-209.98152274034763,-1.4,-1.0,-11.2,0.0,0.0,-29.5,-9.0,-3.5,-6.1,-5.5,-14.9
1036,10796747.907563666,38,4.21847725965236,65.78150874034763,548.6177828944992,1,6.439980037384885e-05,0.7574774218821541,0.16732340708545615,0.07519917103238986,200.0,92.08150874034763,-209.98152274034763,-1.4,-1.0,-11.2,0.0,0.0,-29.5,-9.0,-3.5,-6.1,-5.5,-14.9
1037,10796747.907563666,39,4.21847725965236,65.78150874034763,548.6177828944992,1,6.439980037384885e-05,0.7574884773998896,0.16731195114332356,0.07519957145678688,200.0,92.08150874034763,-209.98152274034763,-1.4,-1.0,-11.2,0.0,0.0,-29.5,-9.0,-3.5,-6.1,-5.5,-14.9
1038,10796747.907563666,40,4.21847725965236,65.78150874034763,548.6177828944992,1,6.439980037384885e-05,0.757501456884852,0.16730443636643133,0.07519410674871663,200.0,92.08150874034763,-209.98152274034763,-1.4,-1.0,-11.2,0.0,0.0,-29.5,-9.0,-3.5,-6.1,-5.5,-14.9
1039,10796747.907563666,41,4.21847725965236,65.78150874034763,548.6177828944992,1,6.439980037384885e-05,0.7575124317278112,0.16729786685857795,0.07518970141361081,200.0,92.08150874034763,-209.98152274034763,-1.4,-1.0,-11.2,0.0,0.0,-29.5,-9.0,-3.5,-6.1,-5.5,-14.9
1040,10796747.907563666,42,4.21847725965236,65.78150874034763,548.6177828944992,1,6.439980037384885e-05,0.7575186680691152,0.16729407979256744,0.07518725213831742,200.0,92.08150874034763,-209.98152274034763,-1.4,-1.0,-11.2,0.0,0.0,-29.5,-9.0,-3.5,-6.1,-5.5,-14.9
1041,10796747.907563666,43,4.21847725965236,65.78150874034763,548.6177828944992,1,6.439980037384885e-05,0.75752322888174,0.16728917628909204,0.07518759482916801,200.0,92.08150874034763,-209.98152274034763,-1.4,-1.0,-11.2,0.0,0.0,-29.5,-9.0,-3.5,-6.1,-5.5,-14.9
1042,10796747.907563666,44,4.21847725965236,65.78150874034763,548.6177828944992,1,6.439980037384885e-05,0.7575309287026396,0.1672813260209748,0.07518774527638555,200.0,92.08150874034763,-209.98152274034763,-1.4,-1.0,-11.2,0.0,0.0,-29.5,-9.0,-3.5,-6.1,-5.5,-14.9
1043,10796747.907563666,45,4.21847725965236,65.78150874034763,548.6177828944992,1,6.439980037384885e-05,0.7575378435820048,0.16727443245853504,0.07518772395946022,200.0,92.08150874034763,-209.98152274034763,-1.4,-1.0,-11.2,0.0,0.0,-29.5,-9.0,-3.5,-6.1,-5.5,-14.9
1044,10796747.907563666,46,4.21847725965236,65.78150874034763,548.6177828944992,1,6.439980037384885e-05,0.757545899761942,0.16726750615425093,0.07518659408380715,200.0,92.08150874034763,-209.98152274034763,-1.4,-1.0,-11.2,0.0,0.0,-29.5,-9.0,-3.5,-6.1,-5.5,-14.9
1045,10796747.907563666,47,4.21847725965236,65.78150874034763,548.6177828944992,1,6.439980037384885e-05,0.7575475135692026,0.16726617329621826,0.07518631313457921,200.0,92.08150874034763,-209.98152274034763,-1.4,-1.0,-11.2,0.0,0.0,-29.5,-9.0,-3.5,-6.1,-5.5,-14.9
1046,10796747.907563666,48,4.21847725965236,65.78150874034763,548.6177828944992,1,6.439980037384885e-05,0.7575467606798691,0.16726547295001257,0.07518776637011823,200.0,92.08150874034763,-209.98152274034763,-1.4,-1.0,-11.2,0.0,0.0,-29.5,-9.0,-3.5,-6.1,-5.5,-14.9
1047,10796747.907563666,49,4.21847725965236,65.78150874034763,548.6177828944992,1,6.439980037384885e-05,0.7575428252348725,0.16726630705341256,0.07519086771171503,200.0,92.08150874034763,-209.98152274034763,-1.4,-1.0,-11.2,0.0,0.0,-29.5,-9.0,-3.5,-6.1,-5.5,-14.9
1048,10796747.907563666,0,4.21847725965236,65.78150874034763,548.6177828944992,1,6.439980037384885e-05,0.7575377350734833,0.1672657973619262,0.07519646756459052,200.0,92.08150874034763,-209.98152274034763,-1.4,-1.0,-11.2,0.0,0.0,-29.5,-9.0,-3.5,-6.1,-5.5,-14.9
1049,10796747.907563666,1,4.21847725965236,65.78150874034763,548.6177828944992,1,6.439980037384885e-05,0.7575325128307455,0.16726586893721285,0.07520161823204168,200.0,92.08150874034763,-209.98152274034763,-1.4,-1.0,-11.2,0.0,0.0,-29.5,-9.0,-3.5,-6.1,-5.5,-14.9
1050,10796747.907563666,2,4.21847725965236,65.78150874034763,548.6177828944992,1,6.439980037384885e-05,0.7575299875477812,0.1672655524141996,0.0752044600380192,200.0,92.08150874034763,-209.98152274034763,-1.4,-1.0,-11.2,0.0,0.0,-29.5,-9.0,-3.5,-6.1,-5.5,-14.9
1051,10796747.907563666,3,4.21847725965236,65.78150874034763,548.6177828944992,1,6.439980037384885e-05,0.7575328265947854,0.16726300163551275,0.07520417176970187,200.0,92.08150874034763,-209.98152274034763,-1.4,-1.0,-11.2,0.0,0.0,-29.5,-9.0,-3.5,-6.1,-5.5,-14.9
1052,10796747.907563666,4,4.21847725965236,65.78150874034763,548.6177828944992,1,6.439980037384885e-05,0.7575332498259425,0.16726114201696796,0.07520560815708961,200.0,92.08150874034763,-209.98152274034763,-1.4,-1.0,-11.2,0.0,0.0,-29.5,-9.0,-3.5,-6.1,-5.5,-14.9
1053,10796747.907563666,5,4.21847725965236,65.78150874034763,548.6177828944992,1,6.439980037384885e-05,0.7575304578938262,0.1672617928572008,0.07520774924897303,200.0,92.08150874034763,-209.98152274034763,-1.4,-1.0,-11.2,0.0,0.0,-29.5,-9.0,-3.5,-6.1,-5.5,-14.9
1054,10796747.907563666,6,4.21847725965236,65.78150874034763,548.6177828944992,1,6.439980037384885e-05,0.7575339430292534,0.16725738990496944,0.07520866706577724,200.0,92.08150874034763,-209.98152274034763,-1.4,-1.0,-11.2,0.0,0.0,-29.5,-9.0,-3.5,-6.1,-5.5,-14.9
1055,10796747.907563666,7,4.21847725965236,65.78150874034763,548.6177828944992,1,6.439980037384885e-05,0.7575396590218876,0.16725190549720823,0.07520843548090418,200.0,92.08150874034763,-209.98152274034763,-1.4,-1.0,-11.2,0.0,0.0,-29.5,-9.0,-3.5,-6.1,-5.5,-14.9
1056,10796747.907563666,8,4.21847725965236,65.78150874034763,548.6177828944992,1,6.439980037384885e-05,0.757543758493326,0.16724725580459385,0.0752089857020802,200.0,92.08150874034763,-209.98152274034763,-1.4,-1.0,-11.2,0.0,0.0,-29.5,-9.0,-3.5,-6.1,-5.5,-14.9
1057,10796747.907563666,9,4.21847725965236,65.78150874034763,548.6177828944992,1,6.439980037384885e-05,0.7575500343060523,0.1672396986980873,0.07521026699586045,200.0,92.08150874034763,-209.98152274034763,-1.4,-1.0,-11.2,0.0,0.0,-29.5,-9.0,-3.5,-6.1,-5.5,-14.9
1058,10796747.907563666,10,4.21847725965236,65.78150874034763,548.6177828944992,1,6.439980037384885e-05,0.7575574552144537,0.16723123003082846,0.07521131475471789,200.0,92.08150874034763,-209.98152274034763,-1.4,-1.0,-11.2,0.0,0.0,-29.5,-9.0,-3.5,-6.1,-5.5,-14.9
1059,10796747.907563666,11,4.21847725965236,65.78150874034763,548.6177828944992,1,6.439980037384885e-05,0.7575641106068469,0.16722374307638385,0.07521214631676922,200.0,92.08150874034763,-209.98152274034763,-1.4,-1.0,-11.2,0.0,0.0,-29.5,-9.0,-3.5,-6.1,-5.5,-14.9
1060,10796747.907563666,12,4.21847725965236,65.78150874034763,548.6177828944992,1,6.439980037384885e-05,0.7575728023518096,0.16721350540141755,0.07521369224677289,200.0,92.08150874034763,-209.98152274034763,-1.4,-1.0,-11.2,0.0,0.0,-29.5,-9.0,-3.5,-6.1,-5.5,-14.9
1061,10796747.907563666,13,4.21847725965236,65.78150874034763,548.6177828944992,1,6.439980037384885e-05,0.7575843557018678,0.16720065848179624,0.07521498581633598,200.0,92.08150874034763,-209.98152274034763,-1.4,-1.0,-11.2,0.0,0.0,-29.5,-9.0,-3.5,-6.1,-5.5,-14.9
1062,10796747.907563666,14,4.21847725965236,65.78150874034763,548.6177828944992,1,6.439980037384885e-05,0.7575949439178988,0.1671899306173849,0.07521512546471622,200.0,92.08150874034763,-209.98152274034763,-1.4,-1.0,-11.2,0.0,0.0,-29.5,-9.0,-3.5,-6.1,-5.5,-14.9
1063,10796747.907563666,15,4.21847725965236,65.78150874034763,548.6177828944992,1,6.439980037384885e-05,0.7576036742804516,0.16718030269886625,0.07521602302068212,200.0,92.08150874034763,-209.98152274034763,-1.4,-1.0,-11.2,0.0,0.0,-29.5,-9.0,-3.5,-6.1,-5.5,-14.9
1064,10796747.907563666,16,4.21847725965236,65.78150874034763,548.6177828944992,1,6.439980037384885e-05,0.7576180004766434,0.16716438246952137,0.07521761705383524,200.0,92.08150874034763,-209.98152274034763,-1.4,-1.0,-11.2,0.0,0.0,-29.5,-9.0,-3.5,-6.1,-5.5,-14.9
1065,10796747.907563666,17,4.21847725965236,65.78150874034763,548.6177828944992,1,6.439980037384885e-05,0.7576302800830321,0.16714982583793778,0.0752198940790302,200.0,92.08150874034763,-209.98152274034763,-1.4,-1.0,-11.2,0.0,0.0,-29.5,-9.0,-3.5,-6.1,-5.5,-14.9
1066,10796747.907563666,18,4.21847725965236,65.78150874034763,548.6177828944992,1,6.439980037384885e-05,0.7576406293694778,0.16713747479536348,0.07522189583515869,200.0,92.08150874034763,-209.98152274034763,-1.4,-1.0,-11.2,0.0,0.0,-29.5,-9.0,-3.5,-6.1,-5.5,-14.9
1067,10796747.907563666,19,4.21847725965236,65.78150874034763,548.6177828944992,1,6.439980037384885e-05,0.7576491682539208,0.16712903825440076,0.07522179349167848,200.0,92.08150874034763,-209.98152274034763,-1.4,-1.0,-11.2,0.0,0.0,-29.5,-9.0,-3.5,-6.1,-5.5,-14.9
1068,10796747.907563666,20,4.21847725965236,65.78150874034763,548.6177828944992,1,6.439980037384885e-05,0.7576577904686093,0.1671197575249785,0.0752224520064122,200.0,92.08150874034763,-209.98152274034763,-1.4,-1.0,-11.2,0.0,0.0,-29.5,-9.0,-3.5,-6.1,-5.5,-14.9
1069,10796747.907563666,21,4.21847725965236,65.78150874034763,548.6177828944992,1,6.439980037384885e-05,0.7576646699030678,0.1671124121387019,0.07522291795823036,200.0,92.08150874034763,-209.98152274034763,-1.4,-1.0,-11.2,0.0,0.0,-29.5,-9.0,-3.5,-6.1,-5.5,-14.9
1070,10796747.907563666,22,4.21847725965236,65.78150874034763,548.6177828944992,1,6.439980037384885e-05,0.7576671397708045,0.16710873200540408,0.07522412822379153,200.0,92.08150874034763,-209.98152274034763,-1.4,-1.0,-11.2,0.0,0.0,-29.5,-9.0,-3.5,-6.1,-5.5,-14.9
1071,10796747.907563666,23,4.21847725965236,65.78150874034763,548.6177828944992,1,6.439980037384885e-05,0.757668170818311,0.16710579290437513,0.07522603627731388,200.0,92.08150874034763,-209.98152274034763,-1.4,-1.0,-11.2,0.0,0.0,-29.5,-9.0,-3.5,-6.1,-5.5,-14.9
1072,10796747.907563666,24,4.21847725965236,65.78150874034763,548.6177828944992,1,6.439980037384885e-05,0.757666912693572,0.16710356026955736,0.07522952703687072,200.0,92.08150874034763,-209.98152274034763,-1.4,-1.0,-11.2,0.0,0.0,-29.5,-9.0,-3.5,-6.1,-5.5,-14.9
1073,10796747.907563666,25,4.21847725965236,65.78150874034763,548.6177828944992,1,6.439980037384885e-05,0.7576635044913291,0.16710381197175778,0.07523268353691308,200.0,92.08150874034763,-209.98152274034763,-1.4,-1.0,-11.2,0.0,0.0,-29.5,-9.0,-3.5,-6.1,-5.5,-14.9
1074,10796747.907563666,26,4.21847725965236,65.78150874034763,548.6177828944992,1,6.439980037384885e-05,0.7576598720317504,0.1671036935040085,0.07523643446424101,200.0,92.08150874034763,-209.98152274034763,-1.4,-1.0,-11.2,0.0,0.0,-29.5,-9.0,-3.5,-6.1,-5.5,-14.9
1075,10796747.907563666,27,4.21847725965236,65.78150874034763,548.6177828944992,1,6.439980037384885e-05,0.7576541813009531,0.1671032305398328,0.07524258815921418,200.0,92.08150874034763,-209.98152274034763,-1.4,-1.0,-11.2,0.0,0.0,-29.5,-9.0,-3.5,-6.1,-5.5,-14.9
1076,10796747.907563666,28,4.21847725965236,65.78150874034763,548.6177828944992,1,6.439980037384885e-05,0.757645638281659,0.16710425374404772,0.07525010797429339,200.0,92.08150874034763,-209.98152274034763,-1.4,-1.0,-11.2,0.0,0.0,-29.5,-9.0,-3.5,-6.1,-5.5,-14.9
1077,10796747.907563666,29,4.21847725965236,65.78150874034763,548.6177828944992,1,6.439980037384885e-05,0.7576389767598616,0.16710486203032804,0.07525616120981045,200.0,92.08150874034763,-209.98152274034763,-1.4,-1.0,-11.2,0.0,0.0,-29.5,-9.0,-3.5,-6.1,-5.5,-14.9
1078,10796747.907563666,30,4.21847725965236,65.78150874034763,548.6177828944992,1,6.439980037384885e-05,0.7576331789006986,0.16710507989129014,0.07526174120801131,200.0,92.08150874034763,-209.98152274034763,-1.4,-1.0,-11.2,0.0,0.0,-29.5,-9.0,-3.5,-6.1,-5.5,-14.9
1079,10796747.907563666,31,4.21847725965236,65.78150874034763,548.6177828944992,1,6.439980037384885e-05,0.7576263837793001,0.16710673915183807,0.07526687706886183,200.0,92.08150874034763,-209.98152274034763,-1.4,-1.0,-11.2,0.0,0.0,-29.5,-9.0,-3.5,-6.1,-5.5,-14.9
1080,10796747.907563666,32,4.21847725965236,65.78150874034763,548.6177828944992,1,6.439980037384885e-05,0.7576195724450269,0.16711066449486914,0.07526976306010397,200.0,92.08150874034763,-209.98152274034763,-1.4,-1.0,-11.2,0.0,0.0,-29.5,-9.0,-3.5,-6.1,-5.5,-14.9
1081,10796747.907563666,33,4.21847725965236,65.78150874034763,548.6177828944992,1,6.439980037384885e-05,0.7576181867708862,0.16711131105260205,0.07527050217651172,200.0,92.08150874034763,-209.98152274034763,-1.4,-1.0,-11.2,0.0,0.0,-29.5,-9.0,-3.5,-6.1,-5.5,-14.9
1082,10796747.907563666,34,4.21847725965236,65.78150874034763,548.6177828944992,1,6.439980037384885e-05,0.7576146671396383,0.16711337651566438,0.07527195634469724,200.0,92.08150874034763,-209.98152274034763,-1.4,-1.0,-11.2,0.0,0.0,-29.5,-9.0,-3.5,-6.1,-5.5,-14.9
1083,10796747.907563666,35,4.21847725965236,65.78150874034763,548.6177828944992,1,6.439980037384885e-05,0.7576109632737564,0.16711768035358618,0.0752713563726574,200.0,92.08150874034763,-209.98152274034763,-1.4,-1.0,-11.2,0.0,0.0,-29.5,-9.0,-3.5,-6.1,-5.5,-14.9
1084,10796747.907563666,36,4.21847725965236,65.78150874034763,548.6177828944992,1,6.439980037384885e-05,0.7576107103297773,0.16712139568264825,0.0752678939875745,200.0,92.08150874034763,-209.98152274034763,-1.4,-1.0,-11.2,0.0,0.0,-29.5,-9.0,-3.5,-6.1,-5.5,-14.9
1085,10796747.907563666,37,4.21847725965236,65.78150874034763,548.6177828944992,1,6.439980037384885e-05,0.7576100886154311,0.16712546515618992,0.07526444622837891,200.0,92.08150874034763,-209.98152274034763,-1.4,-1.0,-11.2,0.0,0.0,-29.5,-9.0,-3.5,-6.1,-5.5,-14.9
1086,10796747.907563666,38,4.21847725965236,65.78150874034763,548.6177828944992,1,6.439980037384885e-05,0.7576055028922722,0.1671334746996836,0.07526102240804418,200.0,92.08150874034763,-209.98152274034763,-1.4,-1.0,-11.2,0.0,0.0,-29.5,-9.0,-3.5,-6.1,-5.5,-14.9
1087,10796747.907563666,39,4.21847725965236,65.78150874034763,548.6177828944992,1,6.439980037384885e-05,0.757598059400998,0.16714432168191293,0.07525761891708903,200.0,92.08150874034763,-209.98152274034763,-1.4,-1.0,-11.2,0.0,0.0,-29.5,-9.0,-3.5,-6.1,-5.5,-14.9
1088,10796747.907563666,40,4.21847725965236,65.78150874034763,548.6177828944992,1,6.439980037384885e-05,0.7575915027919609,0.16715246510761134,0.07525603210042786,200.0,92.08150874034763,-209.98152274034763,-1.4,-1.0,-11.2,0.0,0.0,-29.5,-9.0,-3.5,-6.1,-5.5,-14.9
1089,10796747.907563666,41,4.21847725965236,65.78150874034763,548.6177828944992,1,6.439980037384885e-05,0.7575830736747818,0.16715984608757292,0.07525708023764528,200.0,92.08150874034763,-209.98152274034763,-1.4,-1.0,-11.2,0.0,0.0,-29.5,-9.0,-3.5,-6.1,-5.5,-14.9
1090,10796747.907563666,42,4.21847725965236,65.78150874034763,548.6177828944992,1,6.439980037384885e-05,0.757571082900443,0.16717009010781844,0.07525882699173855,200.0,92.08150874034763,-209.98152274034763,-1.4,-1.0,-11.2,0.0,0.0,-29.5,-9.0,-3.5,-6.1,-5.5,-14.9
1091,10796747.907563666,43,4.21847725965236,65.78150874034763,548.6177828944992,1,6.439980037384885e-05,0.7575629323824837,0.16717765505177415,0.07525941256574206,200.0,92.08150874034763,-209.98152274034763,-1.4,-1.0,-11.2,0.0,0.0,-29.5,-9.0,-3.5,-6.1,-5.5,-14.9
1092,10796747.907563666,44,4.21847725965236,65.78150874034763,548.6177828944992,1,6.439980037384885e-05,0.7575565906697801,0.16718090065977373,0.07526250867044623,200.0,92.08150874034763,-209.98152274034763,-1.4,-1.0,-11.2,0.0,0.0,-29.5,-9.0,-3.5,-6.1,-5.5,-14.9
1093,10796747.907563666,45,4.21847725965236,65.78150874034763,548.6177828944992,1,6.439980037384885e-05,0.7575483996035066,0.16718630895906791,0.07526529143742548,200.0,92.08150874034763,-209.98152274034763,-1.4,-1.0,-11.2,0.0,0.0,-29.5,-9.0,-3.5,-6.1,-5.5,-14.9
1094,10796747.907563666,46,4.21847725965236,65.78150874034763,548.6177828944992,1,6.439980037384885e-05,0.7575411640060657,0.16719286680536993,0.07526596918856426,200.0,92.08150874034763,-209.98152274034763,-1.4,-1.0,-11.2,0.0,0.0,-29.5,-9.0,-3.5,-6.1,-5.5,-14.9
1095,10796747.907563666,47,4.21847725965236,65.78150874034763,548.6177828944992,1,6.439980037384885e-05,0.7575348094101776,0.16719784163837018,0.07526734895145226,200.0,92.08150874034763,-209.98152274034763,-1.4,-1.0,-11.2,0.0,0.0,-29.5,-9.0,-3.5,-6.1,-5.5,-14.9
1096,10796747.907563666,48,4.21847725965236,65.78150874034763,548.6177828944992,1,6.439980037384885e-05,0.7575311146253425,0.16720308781602092,0.07526579755863652,200.0,92.08150874034763,-209.98152274034763,-1.4,-1.0,-11.2,0.0,0.0,-29.5,-9.0,-3.5,-6.1,-5.5,-14.9
1097,10796747.907563666,49,4.21847725965236,65.78150874034763,548.6177828944992,1,6.439980037384885e-05,0.7575254360425782,0.16720949746679767,0.07526506649062419,200.0,92.08150874034763,-209.98152274034763,-1.4,-1.0,-11.2,0.0,0.0,-29.5,-9.0,-3.5,-6.1,-5.5,-14.9
1098,10796747.907563666,0,4.21847725965236,65.78150874034763,548.6177828944992,1,6.439980037384885e-05,0.7575178762788887,0.16721701012942636,0.07526511359168495,200.0,92.08150874034763,-209.98152274034763,-1.4,-1.0,-11.2,0.0,0.0,-29.5,-9.0,-3.5,-6.1,-5.5,-14.9
1099,10796747.907563666,1,4.21847725965236,65.78150874034763,548.6177828944992,1,6.439980037384885e-05,0.7575147950372123,0.16722021796680822,0.07526498699597957,200.0,92.08150874034763,-209.98152274034763,-1.4,-1.0,-11.2,0.0,0.0,-29.5,-9.0,-3.5,-6.1,-5.5,-14.9
1100,10796747.907563666,2,4.21847725965236,65.78150874034763,548.6177828944992,1,6.439980037384885e-05,0.7575106058254394,0.1672246844677082,0.07526470970685246,200.0,92.08150874034763,-209.98152274034763,-1.4,-1.0,-11.2,0.0,0.0,-29.5,-9.0,-3.5,-6.1,-5.5,-14.9
1101,10796747.907563666,3,4.21847725965236,65.78150874034763,548.6177828944992,1,6.439980037384885e-05,0.7575026745448735,0.1672312409148353,0.07526608454029118,200.0,92.08150874034763,-209.98152274034763,-1.4,-1.0,-11.2,0.0,0.0,-29.5,-9.0,-3.5,-6.1,-5.5,-14.9
1102,10796747.907563666,4,4.21847725965236,65.78150874034763,548.6177828944992,1,6.439980037384885e-05,0.7574911851488548,0.16723889318291627,0.07526992166822888,200.0,92.08150874034763,-209.98152274034763,-1.4,-1.0,-11.2,0.0,0.0,-29.5,-9.0,-3.5,-6.1,-5.5,-14.9
1103,10796747.907563666,5,4.21847725965236,65.78150874034763,548.6177828944992,1,6.439980037384885e-05,0.757480800326527,0.16724579793051356,0.07527340174295952,200.0,92.08150874034763,-209.98152274034763,-1.4,-1.0,-11.2,0.0,0.0,-29.5,-9.0,-3.5,-6.1,-5.5,-14.9
1104,10796747.907563666,6,4.21847725965236,65.78150874034763,548.6177828944992,1,6.439980037384885e-05,0.7574696924804865,0.1672546529649745,0.07527565455453913,200.0,92.08150874034763,-209.98152274034763,-1.4,-1.0,-11.2,0.0,0.0,-29.5,-9.0,-3.5,-6.1,-5.5,-14.9
1105,10796747.907563666,7,4.21847725965236,65.78150874034763,548.6177828944992,1,6.439980037384885e-05,0.7574578911917641,0.16726447337044195,0.0752776354377939,200.0,92.08150874034763,-209.98152274034763,-1.4,-1.0,-11.2,0.0,0.0,-29.5,-9.0,-3.5,-6.1,-5.5,-14.9
1106,10796747.907563666,8,4.21847725965236,65.78150874034763,548.6177828944992,1,6.439980037384885e-05,0.7574480825233697,0.1672707831855453,0.07528113429108504,200.0,92.08150874034763,-209.98152274034763,-1.4,-1.0,-11.2,0.0,0.0,-29.5,-9.0,-3.5,-6.1,-5.5,-14.9
1107,10796747.907563666,9,4.21847725965236,65.78150874034763,548.6177828944992,1,6.439980037384885e-05,0.7574384139593286,0.1672781810492222,0.07528340499144917,200.0,92.08150874034763,-209.98152274034763,-1.4,-1.0,-11.2,0.0,0.0,-29.5,-9.0,-3.5,-6.1,-5.5,-14.9
1108,10796747.907563666,10,4.21847725965236,65.78150874034763,548.6177828944992,1,6.439980037384885e-05,0.757427967044954,0.16728485016139025,0.07528718279365586,200.0,92.08150874034763,-209.98152274034763,-1.4,-1.0,-11.2,0.0,0.0,-29.5,-9.0,-3.5,-6.1,-5.5,-14.9
1109,10796747.907563666,11,4.21847725965236,65.78150874034763,548.6177828944992,1,6.439980037384885e-05,0.7574230410949434,0.16729080570472432,0.07528615320033225,200.0,92.08150874034763,-209.98152274034763,-1.4,-1.0,-11.2,0.0,0.0,-29.5,-9.0,-3.5,-6.1,-5.5,-14.9
1110,10796747.907563666,12,4.21847725965236,65.78150874034763,548.6177828944992,1,6.439980037384885e-05,0.7574180071197589,0.16729786243765463,0.0752841304425864,200.0,92.08150874034763,-209.98152274034763,-1.4,-1.0,-11.2,0.0,0.0,-29.5,-9.0,-3.5,-6.1,-5.5,-14.9
1111,10796747.907563666,13,4.21847725965236,65.78150874034763,548.6177828944992,1,6.439980037384885e-05,0.7574084202004435,0.16730685919451516,0.07528472060504127,200.0,92.08150874034763,-209.98152274034763,-1.4,-1.0,-11.2,0.0,0.0,-29.5,-9.0,-3.5,-6.1,-5.5,-14.9
1112,10796747.907563666,14,4.21847725965236,65.78150874034763,548.6177828944992,1,6.439980037384885e-05,0.7573936362523915,0.16731945699468428,0.07528690675292428,200.0,92.08150874034763,-209.98152274034763,-1.4,-1.0,-11.2,0.0,0.0,-29.5,-9.0,-3.5,-6.1,-5.5,-14.9
1113,10796747.907563666,15,4.21847725965236,65.78150874034763,548.6177828944992,1,6.439980037384885e-05,0.7573810276183274,0.1673328091546521,0.07528616322702053,200.0,92.08150874034763,-209.98152274034763,-1.4,-1.0,-11.2,0.0,0.0,-29.5,-9.0,-3.5,-6.1,-5.5,-14.9
1114,10796747.907563666,16,4.21847725965236,65.78150874034763,548.6177828944992,1,6.439980037384885e-05,0.7573669246772536,0.1673468884900611,0.07528618683268531,200.0,92.08150874034763,-209.98152274034763,-1.4,-1.0,-11.2,0.0,0.0,-29.5,-9.0,-3.5,-6.1,-5.5,-14.9
1115,10796747.907563666,17,4.21847725965236,65.78150874034763,548.6177828944992,1,6.439980037384885e-05,0.7573531709891506,0.16735989489040906,0.07528693412044044,200.0,92.08150874034763,-209.98152274034763,-1.4,-1.0,-11.2,0.0,0.0,-29.5,-9.0,-3.5,-6.1,-5.5,-14.9
1116,10796747.907563666,18,4.21847725965236,65.78150874034763,548.6177828944992,1,6.439980037384885e-05,0.7573397357302272,0.16737012939107263,0.07529013487870029,200.0,92.08150874034763,-209.98152274034763,-1.4,-1.0,-11.2,0.0,0.0,-29.5,-9.0,-3.5,-6.1,-5.5,-14.9
1117,10796747.907563666,19,4.21847725965236,65.78150874034763,548.6177828944992,1,6.439980037384885e-05,0.7573266165313389,0.16737948606143635,0.07529389740722459,200.0,92.08150874034763,-209.98152274034763,-1.4,-1.0,-11.2,0.0,0.0,-29.5,-9.0,-3.5,-6.1,-5.5,-14.9
1118,10796747.907563666,20,4.21847725965236,65.78150874034763,548.6177828944992,1,6.439980037384885e-05,0.7573146777381052,0.16738713174184355,0.07529819052005123,200.0,92.08150874034763,-209.98152274034763,-1.4,-1.0,-11.2,0.0,0.0,-29.5,-9.0,-3.5,-6.1,-5.5,-14.9
1119,10796747.907563666,21,4.21847725965236,65.78150874034763,548.6177828944992,1,6.439980037384885e-05,0.7573047459942285,0.1673931516735577,0.07530210233221381,200.0,92.08150874034763,-209.98152274034763,-1.4,-1.0,-11.2,0.0,0.0,-29.5,-9.0,-3.5,-6.1,-5.5,-14.9
1120,10796747.907563666,22,4.21847725965236,65.78150874034763,548.6177828944992,1,6.439980037384885e-05,0.7572967005733573,0.1673958842302443,0.07530741519639848,200.0,92.08150874034763,-209.98152274034763,-1.4,-1.0,-11.2,0.0,0.0,-29.5,-9.0,-3.5,-6.1,-5.5,-14.9
1121,10796747.907563666,23,4.21847725965236,65.78150874034763,548.6177828944992,1,6.439980037384885e-05,0.7572878403479175,0.16740073952706946,0.0753114201250131,200.0,92.08150874034763,-209.98152274034763,-1.4,-1.0,-11.2,0.0,0.0,-29.5,-9.0,-3.5,-6.1,-5.5,-14.9
1122,10796747.907563666,24,4.21847725965236,65.78150874034763,548.6177828944992,1,6.439980037384885e-05,0.7572781904303455,0.16740586508453498,0.07531594448511957,200.0,92.08150874034763,-209.98152274034763,-1.4,-1.0,-11.2,0.0,0.0,-29.5,-9.0,-3.5,-6.1,-5.5,-14.9
1123,10796747.907563666,25,4.21847725965236,65.78150874034763,548.6177828944992,1,6.439980037384885e-05,0.7572721589486378,0.16740601049561823,0.075321830555744,200.0,92.08150874034763,-209.98152274034763,-1.4,-1.0,-11.2,0.0,0.0,-29.5,-9.0,-3.5,-6.1,-5.5,-14.9
1124,10796747.907563666,26,4.21847725965236,65.78150874034763,548.6177828944992,1,6.439980037384885e-05,0.7572696140711921,0.16740665030346788,0.07532373562534,200.0,92.08150874034763,-209.98152274034763,-1.4,-1.0,-11.2,0.0,0.0,-29.5,-9.0,-3.5,-6.1,-5.5,-14.9
1125,10796747.907563666,27,4.21847725965236,65.78150874034763,548.6177828944992,1,6.439980037384885e-05,0.7572677269745033,0.1674077669952099,0.0753245060302868,200.0,92.08150874034763,-209.98152274034763,-1.4,-1.0,-11.2,0.0,0.0,-29.5,-9.0,-3.5,-6.1,-5.5,-14.9
1126,10796747.907563666,28,4.21847725965236,65.78150874034763,548.6177828944992,1,6.439980037384885e-05,0.7572620662717011,0.1674102181841517,0.07532771554414727,200.0,92.08150874034763,-209.98152274034763,-1.4,-1.0,-11.2,0.0,0.0,-29.5,-9.0,-3.5,-6.1,-5.5,-14.9
1127,10796747.907563666,29,4.21847725965236,65.78150874034763,548.6177828944992,1,6.439980037384885e-05,0.7572554686594306,0.16741392639429736,0.07533060494627199,200.0,92.08150874034763,-209.98152274034763,-1.4,-1.0,-11.2,0.0,0.0,-29.5,-9.0,-3.5,-6.1,-5.5,-14.9
1128,10796747.907563666,30,4.21847725965236,65.78150874034763,548.6177828944992,1,6.439980037384885e-05,0.7572488703082064,0.1674196907348847,0.07533143895690893,200.0,92.08150874034763,-209.98152274034763,-1.4,-1.0,-11.2,0.0,0.0,-29.5,-9.0,-3.5,-6.1,-5.5,-14.9
1129,10796747.907563666,31,4.21847725965236,65.78150874034763,548.6177828944992,1,6.439980037384885e-05,0.7572396482998046,0.1674291472586164,0.075331204441579,200.0,92.08150874034763,-209.98152274034763,-1.4,-1.0,-11.2,0.0,0.0,-29.5,-9.0,-3.5,-6.1,-5.5,-14.9
1130,10796747.907563666,32,4.21847725965236,65.78150874034763,548.6177828944992,1,6.439980037384885e-05,0.7572287951943485,0.16743950505516655,0.07533169975048495,200.0,92.08150874034763,-209.98152274034763,-1.4,-1.0,-11.2,0.0,0.0,-29.5,-9.0,-3.5,-6.1,-5.5,-14.9
1131,10796747.907563666,33,4.21847725965236,65.78150874034763,548.6177828944992,1,6.439980037384885e-05,0.7572181365720865,0.16744897998154934,0.07533288344636424,200.0,92.08150874034763,-209.98152274034763,-1.4,-1.0,-11.2,0.0,0.0,-29.5,-9.0,-3.5,-6.1,-5.5,-14.9
1132,10796747.907563666,34,4.21847725965236,65.78150874034763,548.6177828944992,1,6.439980037384885e-05,0.7572085395132911,0.16745761399020506,0.07533384649650386,200.0,92.08150874034763,-209.98152274034763,-1.4,-1.0,-11.2,0.0,0.0,-29.5,-9.0,-3.5,-6.1,-5.5,-14.9
1133,10796747.907563666,35,4.21847725965236,65.78150874034763,548.6177828944992,1,6.439980037384885e-05,0.7571981908648082,0.16746459147876316,0.07533721765642869,200.0,92.08150874034763,-209.98152274034763,-1.4,-1.0,-11.2,0.0,0.0,-29.5,-9.0,-3.5,-6.1,-5.5,-14.9
1134,10796747.907563666,36,4.21847725965236,65.78150874034763,548.6177828944992,1,6.439980037384885e-05,0.757188027764728,0.16747258410192428,0.07533938813334765,200.0,92.08150874034763,-209.98152274034763,-1.4,-1.0,-11.2,0.0,0.0,-29.5,-9.0,-3.5,-6.1,-5.5,-14.9
1135,10796747.907563666,37,4.21847725965236,65.78150874034763,548.6177828944992,1,6.439980037384885e-05,0.7571797524035249,0.167477221660428,0.07534302593604716,200.0,92.08150874034763,-209.98152274034763,-1.4,-1.0,-11.2,0.0,0.0,-29.5,-9.0,-3.5,-6.1,-5.5,-14.9
1136,10796747.907563666,38,4.21847725965236,65.78150874034763,548.6177828944992,1,6.439980037384885e-05,0.7571776193269817,0.16747694407451622,0.07534543659850214,200.0,92.08150874034763,-209.98152274034763,-1.4,-1.0,-11.2,0.0,0.0,-29.5,-9.0,-3.5,-6.1,-5.5,-14.9
1137,10796747.907563666,39,4.21847725965236,65.78150874034763,548.6177828944992,1,6.439980037384885e-05,0.7571786875012707,0.1674720174985071,0.07534929500022221,200.0,92.08150874034763,-209.98152274034763,-1.4,-1.0,-11.2,0.0,0.0,-29.5,-9.0,-3.5,-6.1,-5.5,-14.9
1138,10796747.907563666,40,4.21847725965236,65.78150874034763,548.6177828944992,1,6.439980037384885e-05,0.7571793564263957,0.16746784485371877,0.07535279871988565,200.0,92.08150874034763,-209.98152274034763,-1.4,-1.0,-11.2,0.0,0.0,-29.5,-9.0,-3.5,-6.1,-5.5,-14.9
1139,10796747.907563666,41,4.21847725965236,65.78150874034763,548.6177828944992,1,6.439980037384885e-05,0.7571787642509775,0.16746353249942894,0.07535770324959362,200.0,92.08150874034763,-209.98152274034763,-1.4,-1.0,-11.2,0.0,0.0,-29.5,-9.0,-3.5,-6.1,-5.5,-14.9
1140,10796747.907563666,42,4.21847725965236,65.78150874034763,548.6177828944992,1,6.439980037384885e-05,0.757179619377892,0.16746165106498762,0.07535872955712038,200.0,92.08150874034763,-209.98152274034763,-1.4,-1.0,-11.2,0.0,0.0,-29.5,-9.0,-3.5,-6.1,-5.5,-14.9
1141,10796747.907563666,43,4.21847725965236,65.78150874034763,548.6177828944992,1,6.439980037384885e-05,0.7571783552899447,0.16746123006608707,0.0753604146439682,200.0,92.08150874034763,-209.98152274034763,-1.4,-1.0,-11.2,0.0,0.0,-29.5,-9.0,-3.5,-6.1,-5.5,-14.9
1142,10796747.907563666,44,4.21847725965236,65.78150874034763,548.6177828944992,1,6.439980037384885e-05,0.7571759505511069,0.16746219168528587,0.07536185776360729,200.0,92.08150874034763,-209.98152274034763,-1.4,-1.0,-11.2,0.0,0.0,-29.5,-9.0,-3.5,-6.1,-5.5,-14.9
1143,10796747.907563666,45,4.21847725965236,65.78150874034763,548.6177828944992,1,6.439980037384885e-05,0.7571750353754454,0.167461035727737,0.0753639288968177,200.0,92.08150874034763,-209.98152274034763,-1.4,-1.0,-11.2,0.0,0.0,-29.5,-9.0,-3.5,-6.1,-5.5,-14.9
1144,10796747.907563666,46,4.21847725965236,65.78150874034763,548.6177828944992,1,6.439980037384885e-05,0.7571703685008706,0.1674621595842396,0.0753674719148898,200.0,92.08150874034763,-209.98152274034763,-1.4,-1.0,-11.2,0.0,0.0,-29.5,-9.0,-3.5,-6.1,-5.5,-14.9
1145,10796747.907563666,47,4.21847725965236,65.78150874034763,548.6177828944992,1,6.439980037384885e-05,0.7571664450836402,0.1674620172910887,0.07537153762527118,200.0,92.08150874034763,-209.98152274034763,-1.4,-1.0,-11.2,0.0,0.0,-29.5,-9.0,-3.5,-6.1,-5.5,-14.9
1146,10796747.907563666,48,4.21847725965236,65.78150874034763,548.6177828944992,1,6.439980037384885e-05,0.7571632163124483,0.16745982161933307,0.07537696206821862,200.0,92.08150874034763,-209.98152274034763,-1.4,-1.0,-11.2,0.0,0.0,-29.5,-9.0,-3.5,-6.1,-5.5,-14.9
1147,10796747.907563666,49,4.21847725965236,65.78150874034763,548.6177828944992,1,6.439980037384885e-05,0.7571572188391807,0.16745909702209796,0.07538368413872125,200.0,92.08150874034763,-209.98152274034763,-1.4,-1.0,-11.2,0.0,0.0,-29.5,-9.0,-3.5,-6.1,-5.5,-14.9
1148,10796747.907563666,0,4.21847725965236,65.78150874034763,548.6177828944992,1,6.439980037384885e-05,0.7571494511166961,0.16745891358281018,0.07539163530049371,200.0,92.08150874034763,-209.98152274034763,-1.4,-1.0,-11.2,0.0,0.0,-29.5,-9.0,-3.5,-6.1,-5.5,-14.9
1149,10796747.907563666,1,4.21847725965236,65.78150874034763,548.6177828944992,1,6.439980037384885e-05,0.7571382933235169,0.1674609500708149,0.07540075660566818,200.0,92.08150874034763,-209.98152274034763,-1.4,-1.0,-11.2,0.0,0.0,-29.5,-9.0,-3.5,-6.1,-5.5,-14.9
1150,10796747.907563666,2,4.21847725965236,65.78150874034763,548.6177828944992,1,6.439980037384885e-05,0.7571230646475624,0.1674659455250491,0.07541098982738857,200.0,92.08150874034763,-209.98152274034763,-1.4,-1.0,-11.2,0.0,0.0,-29.5,-9.0,-3.5,-6.1,-5.5,-14.9
1151,10796747.907563666,3,4.21847725965236,65.78150874034763,548.6177828944992,1,6.439980037384885e-05,0.7571039502376896,0.16747204534918433,0.07542400441312608,200.0,92.08150874034763,-209.98152274034763,-1.4,-1.0,-11.2,0.0,0.0,-29.5,-9.0,-3.5,-6.1,-5.5,-14.9
1152,10796747.907563666,4,4.21847725965236,65.78150874034763,548.6177828944992,1,6.439980037384885e-05,0.7570871648049678,0.16747577938362063,0.07543705581141148,200.0,92.08150874034763,-209.98152274034763,-1.4,-1.0,-11.2,0.0,0.0,-29.5,-9.0,-3.5,-6.1,-5.5,-14.9
1153,10796747.907563666,5,4.21847725965236,65.78150874034763,548.6177828944992,1,6.439980037384885e-05,0.757070908840312,0.16748067101506747,0.07544842014462054,200.0,92.08150874034763,-209.98152274034763,-1.4,-1.0,-11.2,0.0,0.0,-29.5,-9.0,-3.5,-6.1,-5.5,-14.9
1154,10796747.907563666,6,4.21847725965236,65.78150874034763,548.6177828944992,1,6.439980037384885e-05,0.7570525736001109,0.16748751404567463,0.07545991235421451,200.0,92.08150874034763,-209.98152274034763,-1.4,-1.0,-11.2,0.0,0.0,-29.5,-9.0,-3.5,-6.1,-5.5,-14.9
1155,10796747.907563666,7,4.21847725965236,65.78150874034763,548.6177828944992,1,6.439980037384885e-05,0.7570339836125805,0.1674953561982034,0.07547066018921615,200.0,92.08150874034763,-209.98152274034763,-1.4,-1.0,-11.2,0.0,0.0,-29.5,-9.0,-3.5,-6.1,-5.5,-14.9
1156,10796747.907563666,8,4.21847725965236,65.78150874034763,548.6177828944992,1,6.439980037384885e-05,0.7570168680741771,0.1675032943655954,0.07547983756022751,200.0,92.08150874034763,-209.98152274034763,-1.4,-1.0,-11.2,0.0,0.0,-29.5,-9.0,-3.5,-6.1,-5.5,-14.9
1157,10796747.907563666,9,4.21847725965236,65.78150874034763,548.6177828944992,1,6.439980037384885e-05,0.7569994153398862,0.16751047842599448,0.07549010623411924,200.0,92.08150874034763,-209.98152274034763,-1.4,-1.0,-11.2,0.0,0.0,-29.5,-9.0,-3.5,-6.1,-5.5,-14.9
1158,10796747.907563666,10,4.21847725965236,65.78150874034763,548.6177828944992,1,6.439980037384885e-05,0.7569850675856281,0.16751524803885287,0.07549968437551903,200.0,92.08150874034763,-209.98152274034763,-1.4,-1.0,-11.2,0.0,0.0,-29.5,-9.0,-3.5,-6.1,-5.5,-14.9
1159,10796747.907563666,11,4.21847725965236,65.78150874034763,548.6177828944992,1,6.439980037384885e-05,0.7569711185877559,0.16752026898968442,0.07550861242255966,200.0,92.08150874034763,-209.98152274034763,-1.4,-1.0,-11.2,0.0,0.0,-29.5,-9.0,-3.5,-6.1,-5.5,-14.9
1160,10796747.907563666,12,4.21847725965236,65.78150874034763,548.6177828944992,1,6.439980037384885e-05,0.7569583971690577,0.16752468151576838,0.0755169213151739,200.0,92.08150874034763,-209.98152274034763,-1.4,-1.0,-11.2,0.0,0.0,-29.5,-9.0,-3.5,-6.1,-5.5,-14.9
1161,10796747.907563666,13,4.21847725965236,65.78150874034763,548.6177828944992,1,6.439980037384885e-05,0.7569459811860512,0.16752851809520503,0.07552550071874377,200.0,92.08150874034763,-209.98152274034763,-1.4,-1.0,-11.2,0.0,0.0,-29.5,-9.0,-3.5,-6.1,-5.5,-14.9
1162,10796747.907563666,14,4.21847725965236,65.78150874034763,548.6177828944992,1,6.439980037384885e-05,0.7569355354601933,0.16752927579682314,0.07553518874298355,200.0,92.08150874034763,-209.98152274034763,-1.4,-1.0,-11.2,0.0,0.0,-29.5,-9.0,-3.5,-6.1,-5.5,-14.9
1163,10796747.907563666,15,4.21847725965236,65.78150874034763,548.6177828944992,1,6.439980037384885e-05,0.7569210513737835,0.1675338632136165,0.07554508541260004,200.0,92.08150874034763,-209.98152274034763,-1.4,-1.0,-11.2,0.0,0.0,-29.5,-9.0,-3.5,-6.1,-5.5,-14.9
1164,10796747.907563666,16,4.21847725965236,65.78150874034763,548.6177828944992,1,6.439980037384885e-05,0.7569052731945944,0.16753955322408082,0.07555517358132473,200.0,92.08150874034763,-209.98152274034763,-1.4,-1.0,-11.2,0.0,0.0,-29.5,-9.0,-3.5,-6.1,-5.5,-14.9
1165,10796747.907563666,17,4.21847725965236,65.78150874034763,548.6177828944992,1,6.439980037384885e-05,0.7568899447182436,0.16754376076978722,0.07556629451196924,200.0,92.08150874034763,-209.98152274034763,-1.4,-1.0,-11.2,0.0,0.0,-29.5,-9.0,-3.5,-6.1,-5.5,-14.9
1166,10796747.907563666,18,4.21847725965236,65.78150874034763,548.6177828944992,1,6.439980037384885e-05,0.7568759009576232,0.16754656118588007,0.07557753785649672,200.0,92.08150874034763,-209.98152274034763,-1.4,-1.0,-11.2,0.0,0.0,-29.5,-9.0,-3.5,-6.1,-5.5,-14.9
1167,10796747.907563666,19,4.21847725965236,65.78150874034763,548.6177828944992,1,6.439980037384885e-05,0.7568597180733339,0.1675522325883902,0.07558804933827602,200.0,92.08150874034763,-209.98152274034763,-1.4,-1.0,-11.2,0.0,0.0,-29.5,-9.0,-3.5,-6.1,-5.5,-14.9
1168,10796747.907563666,20,4.21847725965236,65.78150874034763,548.6177828944992,1,6.439980037384885e-05,0.7568423358728693,0.16755894641609081,0.07559871771103986,200.0,92.08150874034763,-209.98152274034763,-1.4,-1.0,-11.2,0.0,0.0,-29.5,-9.0,-3.5,-6.1,-5.5,-14.9
1169,10796747.907563666,21,4.21847725965236,65.78150874034763,548.6177828944992,1,6.439980037384885e-05,0.7568229883575944,0.16756832915436926,0.0756086824880363,200.0,92.08150874034763,-209.98152274034763,-1.4,-1.0,-11.2,0.0,0.0,-29.5,-9.0,-3.5,-6.1,-5.5,-14.9
1170,10796747.907563666,22,4.21847725965236,65.78150874034763,548.6177828944992,1,6.439980037384885e-05,0.7568043287442289,0.16757940150837755,0.07561626974739366,200.0,92.08150874034763,-209.98152274034763,-1.4,-1.0,-11.2,0.0,0.0,-29.5,-9.0,-3.5,-6.1,-5.5,-14.9
1171,10796747.907563666,23,4.21847725965236,65.78150874034763,548.6177828944992,1,6.439980037384885e-05,0.756787173786084,0.1675920747369237,0.07562075147699238,200.0,92.08150874034763,-209.98152274034763,-1.4,-1.0,-11.2,0.0,0.0,-29.5,-9.0,-3.5,-6.1,-5.5,-14.9
1172,10796747.907563666,24,4.21847725965236,65.78150874034763,548.6177828944992,1,6.439980037384885e-05,0.7567697301559665,0.16760542962983394,0.07562484021419957,200.0,92.08150874034763,-209.98152274034763,-1.4,-1.0,-11.2,0.0,0.0,-29.5,-9.0,-3.5,-6.1,-5.5,-14.9
1173,10796747.907563666,25,4.21847725965236,65.78150874034763,548.6177828944992,1,6.439980037384885e-05,0.7567528749386591,0.16762026680877082,0.07562685825257012,200.0,92.08150874034763,-209.98152274034763,-1.4,-1.0,-11.2,0.0,0.0,-29.5,-9.0,-3.5,-6.1,-5.5,-14.9
1174,10796747.907563666,26,4.21847725965236,65.78150874034763,548.6177828944992,1,6.439980037384885e-05,0.7567340279694713,0.167636513261644,0.07562945876888473,200.0,92.08150874034763,-209.98152274034763,-1.4,-1.0,-11.2,0.0,0.0,-29.5,-9.0,-3.5,-6.1,-5.5,-14.9
1175,10796747.907563666,27,4.21847725965236,65.78150874034763,548.6177828944992,1,6.439980037384885e-05,0.7567149625302049,0.16765158191733529,0.07563345555245983,200.0,92.08150874034763,-209.98152274034763,-1.4,-1.0,-11.2,0.0,0.0,-29.5,-9.0,-3.5,-6.1,-5.5,-14.9
1176,10796747.907563666,28,4.21847725965236,65.78150874034763,548.6177828944992,1,6.439980037384885e-05,0.7566973993251866,0.1676663660914595,0.0756362345833538,200.0,92.08150874034763,-209.98152274034763,-1.4,-1.0,-11.2,0.0,0.0,-29.5,-9.0,-3.5,-6.1,-5.5,-14.9
1177,10796747.907563666,29,4.21847725965236,65.78150874034763,548.6177828944992,1,6.439980037384885e-05,0.7566795755483828,0.16768171734766277,0.07563870710395448,200.0,92.08150874034763,-209.98152274034763,-1.4,-1.0,-11.2,0.0,0.0,-29.5,-9.0,-3.5,-6.1,-5.5,-14.9
1178,10796747.907563666,30,4.21847725965236,65.78150874034763,548.6177828944992,1,6.439980037384885e-05,0.7566656735728696,0.16769175581995002,0.0756425706071803,200.0,92.08150874034763,-209.98152274034763,-1.4,-1.0,-11.2,0.0,0.0,-29.5,-9.0,-3.5,-6.1,-5.5,-14.9
1179,10796747.907563666,31,4.21847725965236,65.78150874034763,548.6177828944992,1,6.439980037384885e-05,0.7566580607245547,0.16769925405455513,0.0756426852208903,200.0,92.08150874034763,-209.98152274034763,-1.4,-1.0,-11.2,0.0,0.0,-29.5,-9.0,-3.5,-6.1,-5.5,-14.9
1180,10796747.907563666,32,4.21847725965236,65.78150874034763,548.6177828944992,1,6.439980037384885e-05,0.7566496873134962,0.16770768350560467,0.07564262918089915,200.0,92.08150874034763,-209.98152274034763,-1.4,-1.0,-11.2,0.0,0.0,-29.5,-9.0,-3.5,-6.1,-5.5,-14.9
1181,10796747.907563666,33,4.21847725965236,65.78150874034763,548.6177828944992,1,6.439980037384885e-05,0.7566439225553813,0.16771283115713678,0.0756432462874819,200.0,92.08150874034763,-209.98152274034763,-1.4,-1.0,-11.2,0.0,0.0,-29.5,-9.0,-3.5,-6.1,-5.5,-14.9
1182,10796747.907563666,34,4.21847725965236,65.78150874034763,548.6177828944992,1,6.439980037384885e-05,0.756635617803434,0.16771902898898325,0.07564535320758277,200.0,92.08150874034763,-209.98152274034763,-1.4,-1.0,-11.2,0.0,0.0,-29.5,-9.0,-3.5,-6.1,-5.5,-14.9
1183,10796747.907563666,35,4.21847725965236,65.78150874034763,548.6177828944992,1,6.439980037384885e-05,0.7566291120184959,0.16772538537419554,0.07564550260730855,200.0,92.08150874034763,-209.98152274034763,-1.4,-1.0,-11.2,0.0,0.0,-29.5,-9.0,-3.5,-6.1,-5.5,-14.9
1184,10796747.907563666,36,4.21847725965236,65.78150874034763,548.6177828944992,1,6.439980037384885e-05,0.7566268092711038,0.1677293985152442,0.07564379221365196,200.0,92.08150874034763,-209.98152274034763,-1.4,-1.0,-11.2,0.0,0.0,-29.5,-9.0,-3.5,-6.1,-5.5,-14.9
1185,10796747.907563666,37,4.21847725965236,65.78150874034763,548.6177828944992,1,6.439980037384885e-05,0.7566242949187143,0.16773202564719292,0.07564367943409274,200.0,92.08150874034763,-209.98152274034763,-1.4,-1.0,-11.2,0.0,0.0,-29.5,-9.0,-3.5,-6.1,-5.5,-14.9
1186,10796747.907563666,38,4.21847725965236,65.78150874034763,548.6177828944992,1,6.439980037384885e-05,0.7566249117118418,0.16773085047188707,0.07564423781627111,200.0,92.08150874034763,-209.98152274034763,-1.4,-1.0,-11.2,0.0,0.0,-29.5,-9.0,-3.5,-6.1,-5.5,-14.9
1187,10796747.907563666,39,4.21847725965236,65.78150874034763,548.6177828944992,1,6.439980037384885e-05,0.7566285070310478,0.16772689772189553,0.0756445952470567,200.0,92.08150874034763,-209.98152274034763,-1.4,-1.0,-11.2,0.0,0.0,-29.5,-9.0,-3.5,-6.1,-5.5,-14.9
1188,10796747.907563666,40,4.21847725965236,65.78150874034763,548.6177828944992,1,6.439980037384885e-05,0.7566316230316015,0.16772444407108344,0.07564393289731511,200.0,92.08150874034763,-209.98152274034763,-1.4,-1.0,-11.2,0.0,0.0,-29.5,-9.0,-3.5,-6.1,-5.5,-14.9
1189,10796747.907563666,41,4.21847725965236,65.78150874034763,548.6177828944992,1,6.439980037384885e-05,0.7566326061286952,0.16772341574384725,0.07564397812745756,200.0,92.08150874034763,-209.98152274034763,-1.4,-1.0,-11.2,0.0,0.0,-29.5,-9.0,-3.5,-6.1,-5.5,-14.9
1190,10796747.907563666,42,4.21847725965236,65.78150874034763,548.6177828944992,1,6.439980037384885e-05,0.7566365520239866,0.16772043376067391,0.07564301421533945,200.0,92.08150874034763,-209.98152274034763,-1.4,-1.0,-11.2,0.0,0.0,-29.5,-9.0,-3.5,-6.1,-5.5,-14.9
1191,10796747.907563666,43,4.21847725965236,65.78150874034763,548.6177828944992,1,6.439980037384885e-05,0.7566416431319959,0.16771642594452008,0.07564193092348406,200.0,92.08150874034763,-209.98152274034763,-1.4,-1.0,-11.2,0.0,0.0,-29.5,-9.0,-3.5,-6.1,-5.5,-14.9
1192,10796747.907563666,44,4.21847725965236,65.78150874034763,548.6177828944992,1,6.439980037384885e-05,0.7566453318685255,0.16771309503934126,0.07564157309213326,200.0,92.08150874034763,-209.98152274034763,-1.4,-1.0,-11.2,0.0,0.0,-29.5,-9.0,-3.5,-6.1,-5.5,-14.9
1193,10796747.907563666,45,4.21847725965236,65.78150874034763,548.6177828944992,1,6.439980037384885e-05,0.756644377930136,0.16771287837206988,0.07564274369779424,200.0,92.08150874034763,-209.98152274034763,-1.4,-1.0,-11.2,0.0,0.0,-29.5,-9.0,-3.5,-6.1,-5.5,-14.9
1194,10796747.907563666,46,4.21847725965236,65.78150874034763,548.6177828944992,1,6.439980037384885e-05,0.7566415458248447,0.16771725670587873,0.07564119746927671,200.0,92.08150874034763,-209.98152274034763,-1.4,-1.0,-11.2,0.0,0.0,-29.5,-9.0,-3.5,-6.1,-5.5,-14.9
1195,10796747.907563666,47,4.21847725965236,65.78150874034763,548.6177828944992,1,6.439980037384885e-05,0.7566352320237439,0.16772353341663465,0.07564123455962148,200.0,92.08150874034763,-209.98152274034763,-1.4,-1.0,-11.2,0.0,0.0,-29.5,-9.0,-3.5,-6.1,-5.5,-14.9
1196,10796747.907563666,48,4.21847725965236,65.78150874034763,548.6177828944992,1,6.439980037384885e-05,0.7566264587077769,0.16773243092888568,0.07564111036333751,200.0,92.08150874034763,-209.98152274034763,-1.4,-1.0,-11.2,0.0,0.0,-29.5,-9.0,-3.5,-6.1,-5.5,-14.9
1197,10796747.907563666,49,4.21847725965236,65.78150874034763,548.6177828944992,1,6.439980037384885e-05,0.7566186487784052,0.1677405243296654,0.0756408268919293,200.0,92.08150874034763,-209.98152274034763,-1.4,-1.0,-11.2,0.0,0.0,-29.5,-9.0,-3.5,-6.1,-5.5,-14.9
1198,10796747.907563666,0,4.21847725965236,65.78150874034763,548.6177828944992,1,6.439980037384885e-05,0.7566117438486336,0.16774703429485052,0.07564122185651595,200.0,92.08150874034763,-209.98152274034763,-1.4,-1.0,-11.2,0.0,0.0,-29.5,-9.0,-3.5,-6.1,-5.5,-14.9
1199,10796747.907563666,1,4.21847725965236,65.78150874034763,548.6177828944992,1,6.439980037384885e-05,0.7565974511118616,0.16775861392499422,0.07564393496314425,200.0,92.08150874034763,-209.98152274034763,-1.4,-1.0,-11.2,0.0,0.0,-29.5,-9.0,-3.5,-6.1,-5.5,-14.9
1200,10796747.907563666,2,4.21847725965236,65.78150874034763,548.6177828944992,1,6.439980037384885e-05,0.7565819253893371,0.16777089604406112,0.07564717856660186,200.0,92.08150874034763,-209.98152274034763,-1.4,-1.0,-11.2,0.0,0.0,-29.5,-9.0,-3.5,-6.1,-5.5,-14.9
1201,10796747.907563666,3,4.21847725965236,65.78150874034763,548.6177828944992,1,6.439980037384885e-05,0.756567696933271,0.16778138220801786,0.07565092085871127,200.0,92.08150874034763,-209.98152274034763,-1.4,-1.0,-11.2,0.0,0.0,-29.5,-9.0,-3.5,-6.1,-5.5,-14.9
1202,10796747.907563666,4,4.21847725965236,65.78150874034763,548.6177828944992,1,6.439980037384885e-05,0.7565538786290985,0.16779098389710811,0.07565513747379342,200.0,92.08150874034763,-209.98152274034763,-1.4,-1.0,-11.2,0.0,0.0,-29.5,-9.0,-3.5,-6.1,-5.5,-14.9
1203,10796747.907563666,5,4.21847725965236,65.78150874034763,548.6177828944992,1,6.439980037384885e-05,0.7565428996406726,0.16779647266707975,0.07566062769224778,200.0,92.08150874034763,-209.98152274034763,-1.4,-1.0,-11.2,0.0,0.0,-29.5,-9.0,-3.5,-6.1,-5.5,-14.9
1204,10796747.907563666,6,4.21847725965236,65.78150874034763,548.6177828944992,1,6.439980037384885e-05,0.7565362838048241,0.16779887690806436,0.07566483928711158,200.0,92.08150874034763,-209.98152274034763,-1.4,-1.0,-11.2,0.0,0.0,-29.5,-9.0,-3.5,-6.1,-5.5,-14.9
1205,10796747.907563666,7,4.21847725965236,65.78150874034763,548.6177828944992,1,6.439980037384885e-05,0.7565296927824815,0.16780080773955558,0.07566949947796286,200.0,92.08150874034763,-209.98152274034763,-1.4,-1.0,-11.2,0.0,0.0,-29.5,-9.0,-3.5,-6.1,-5.5,-14.9
1206,10796747.907563666,8,4.21847725965236,65.78150874034763,548.6177828944992,1,6.439980037384885e-05,0.756524794276818,0.16780310214670843,0.07567210357647361,200.0,92.08150874034763,-209.98152274034763,-1.4,-1.0,-11.2,0.0,0.0,-29.5,-9.0,-3.5,-6.1,-5.5,-14.9
1207,10796747.907563666,9,4.21847725965236,65.78150874034763,548.6177828944992,1,6.439980037384885e-05,0.7565206729382721,0.16780574214057437,0.07567358492115356,200.0,92.08150874034763,-209.98152274034763,-1.4,-1.0,-11.2,0.0,0.0,-29.5,-9.0,-3.5,-6.1,-5.5,-14.9
1208,10796747.907563666,10,4.21847725965236,65.78150874034763,548.6177828944992,1,6.439980037384885e-05,0.7565213788137274,0.16780545065787827,0.07567317052839437,200.0,92.08150874034763,-209.98152274034763,-1.4,-1.0,-11.2,0.0,0.0,-29.5,-9.0,-3.5,-6.1,-5.5,-14.9
1209,10796747.907563666,11,4.21847725965236,65.78150874034763,548.6177828944992,1,6.439980037384885e-05,0.7565209035385118,0.16780401307714043,0.07567508338434788,200.0,92.08150874034763,-209.98152274034763,-1.4,-1.0,-11.2,0.0,0.0,-29.5,-9.0,-3.5,-6.1,-5.5,-14.9
1210,10796747.907563666,12,4.21847725965236,65.78150874034763,548.6177828944992,1,6.439980037384885e-05,0.7565177110322112,0.167805548932281,0.07567674003550773,200.0,92.08150874034763,-209.98152274034763,-1.4,-1.0,-11.2,0.0,0.0,-29.5,-9.0,-3.5,-6.1,-5.5,-14.9
1211,10796747.907563666,13,4.21847725965236,65.78150874034763,548.6177828944992,1,6.439980037384885e-05,0.7565143829310939,0.16780746836463437,0.07567814870427182,200.0,92.08150874034763,-209.98152274034763,-1.4,-1.0,-11.2,0.0,0.0,-29.5,-9.0,-3.5,-6.1,-5.5,-14.9
1212,10796747.907563666,14,4.21847725965236,65.78150874034763,548.6177828944992,1,6.439980037384885e-05,0.756515003127663,0.1678065037226911,0.07567849314964595,200.0,92.08150874034763,-209.98152274034763,-1.4,-1.0,-11.2,0.0,0.0,-29.5,-9.0,-3.5,-6.1,-5.5,-14.9
1213,10796747.907563666,15,4.21847725965236,65.78150874034763,548.6177828944992,1,6.439980037384885e-05,0.7565153244734476,0.16780847745617064,0.07567619807038178,200.0,92.08150874034763,-209.98152274034763,-1.4,-1.0,-11.2,0.0,0.0,-29.5,-9.0,-3.5,-6.1,-5.5,-14.9
1214,10796747.907563666,16,4.21847725965236,65.78150874034763,548.6177828944992,1,6.439980037384885e-05,0.7565161349196294,0.1678091918120368,0.07567467326833378,200.0,92.08150874034763,-209.98152274034763,-1.4,-1.0,-11.2,0.0,0.0,-29.5,-9.0,-3.5,-6.1,-5.5,-14.9
1215,10796747.907563666,17,4.21847725965236,65.78150874034763,548.6177828944992,1,6.439980037384885e-05,0.7565182298022429,0.1678087104906285,0.07567305970712856,200.0,92.08150874034763,-209.98152274034763,-1.4,-1.0,-11.2,0.0,0.0,-29.5,-9.0,-3.5,-6.1,-5.5,-14.9
1216,10796747.907563666,18,4.21847725965236,65.78150874034763,548.6177828944992,1,6.439980037384885e-05,0.7565199216929087,0.1678087129649436,0.07567136534214772,200.0,92.08150874034763,-209.98152274034763,-1.4,-1.0,-11.2,0.0,0.0,-29.5,-9.0,-3.5,-6.1,-5.5,-14.9
1217,10796747.907563666,19,4.21847725965236,65.78150874034763,548.6177828944992,1,6.439980037384885e-05,0.7565212311841968,0.16780917432822073,0.07566959448758254,200.0,92.08150874034763,-209.98152274034763,-1.4,-1.0,-11.2,0.0,0.0,-29.5,-9.0,-3.5,-6.1,-5.5,-14.9
1218,10796747.907563666,20,4.21847725965236,65.78150874034763,548.6177828944992,1,6.439980037384885e-05,0.7565246052615722,0.16780764836074155,0.07566774637768627,200.0,92.08150874034763,-209.98152274034763,-1.4,-1.0,-11.2,0.0,0.0,-29.5,-9.0,-3.5,-6.1,-5.5,-14.9
1219,10796747.907563666,21,4.21847725965236,65.78150874034763,548.6177828944992,1,6.439980037384885e-05,0.7565258753747552,0.1678066608962583,0.07566746372898642,200.0,92.08150874034763,-209.98152274034763,-1.4,-1.0,-11.2,0.0,0.0,-29.5,-9.0,-3.5,-6.1,-5.5,-14.9
1220,10796747.907563666,22,4.21847725965236,65.78150874034763,548.6177828944992,1,6.439980037384885e-05,0.7565291973774423,0.16780295923316768,0.07566784338939007,200.0,92.08150874034763,-209.98152274034763,-1.4,-1.0,-11.2,0.0,0.0,-29.5,-9.0,-3.5,-6.1,-5.5,-14.9
1221,10796747.907563666,23,4.21847725965236,65.78150874034763,548.6177828944992,1,6.439980037384885e-05,0.7565345339755603,0.16780230962641451,0.07566315639802532,200.0,92.08150874034763,-209.98152274034763,-1.4,-1.0,-11.2,0.0,0.0,-29.5,-9.0,-3.5,-6.1,-5.5,-14.9
1222,10796747.907563666,24,4.21847725965236,65.78150874034763,548.6177828944992,1,6.439980037384885e-05,0.7565360597348387,0.1678037635442087,0.07566017672095254,200.0,92.08150874034763,-209.98152274034763,-1.4,-1.0,-11.2,0.0,0.0,-29.5,-9.0,-3.5,-6.1,-5.5,-14.9
1223,10796747.907563666,25,4.21847725965236,65.78150874034763,548.6177828944992,1,6.439980037384885e-05,0.7565420467951608,0.1678007757790924,0.07565717742574682,200.0,92.08150874034763,-209.98152274034763,-1.4,-1.0,-11.2,0.0,0.0,-29.5,-9.0,-3.5,-6.1,-5.5,-14.9
1224,10796747.907563666,26,4.21847725965236,65.78150874034763,548.6177828944992,1,6.439980037384885e-05,0.756553111573583,0.1677967809960201,0.07565010743039698,200.0,92.08150874034763,-209.98152274034763,-1.4,-1.0,-11.2,0.0,0.0,-29.5,-9.0,-3.5,-6.1,-5.5,-14.9
1225,10796747.907563666,27,4.21847725965236,65.78150874034763,548.6177828944992,1,6.439980037384885e-05,0.7565633264794122,0.1677942455701156,0.07564242795047221,200.0,92.08150874034763,-209.98152274034763,-1.4,-1.0,-11.2,0.0,0.0,-29.5,-9.0,-3.5,-6.1,-5.5,-14.9
1226,10796747.907563666,28,4.21847725965236,65.78150874034763,548.6177828944992,1,6.439980037384885e-05,0.7565719300513529,0.16779389683908305,0.07563417310956405,200.0,92.08150874034763,-209.98152274034763,-1.4,-1.0,-11.2,0.0,0.0,-29.5,-9.0,-3.5,-6.1,-5.5,-14.9
1227,10796747.907563666,29,4.21847725965236,65.78150874034763,548.6177828944992,1,6.439980037384885e-05,0.756579003535467,0.16779562285489416,0.07562537360963881,200.0,92.08150874034763,-209.98152274034763,-1.4,-1.0,-11.2,0.0,0.0,-29.5,-9.0,-3.5,-6.1,-5.5,-14.9
1228,10796747.907563666,30,4.21847725965236,65.78150874034763,548.6177828944992,1,6.439980037384885e-05,0.7565830118576915,0.1678001210152556,0.07561686712705291,200.0,92.08150874034763,-209.98152274034763,-1.4,-1.0,-11.2,0.0,0.0,-29.5,-9.0,-3.5,-6.1,-5.5,-14.9
1229,10796747.907563666,31,4.21847725965236,65.78150874034763,548.6177828944992,1,6.439980037384885e-05,0.756586525335919,0.1678056448515057,0.07560782981257534,200.0,92.08150874034763,-209.98152274034763,-1.4,-1.0,-11.2,0.0,0.0,-29.5,-9.0,-3.5,-6.1,-5.5,-14.9
1230,10796747.907563666,32,4.21847725965236,65.78150874034763,548.6177828944992,1,6.439980037384885e-05,0.7565903596467439,0.16780974407889465,0.07559989627436138,200.0,92.08150874034763,-209.98152274034763,-1.4,-1.0,-11.2,0.0,0.0,-29.5,-9.0,-3.5,-6.1,-5.5,-14.9
1231,10796747.907563666,33,4.21847725965236,65.78150874034763,548.6177828944992,1,6.439980037384885e-05,0.7565929010070593,0.16781488899816308,0.07559220999477759,200.0,92.08150874034763,-209.98152274034763,-1.4,-1.0,-11.2,0.0,0.0,-29.5,-9.0,-3.5,-6.1,-5.5,-14.9
1232,10796747.907563666,34,4.21847725965236,65.78150874034763,548.6177828944992,1,6.439980037384885e-05,0.7565966287642468,0.16782022177587247,0.07558314945988066,200.0,92.08150874034763,-209.98152274034763,-1.4,-1.0,-11.2,0.0,0.0,-29.5,-9.0,-3.5,-6.1,-5.5,-14.9
1233,10796747.907563666,35,4.21847725965236,65.78150874034763,548.6177828944992,1,6.439980037384885e-05,0.7566022651724119,0.16782254504599686,0.07557518978159129,200.0,92.08150874034763,-209.98152274034763,-1.4,-1.0,-11.2,0.0,0.0,-29.5,-9.0,-3.5,-6.1,-5.5,-14.9
1234,10796747.907563666,36,4.21847725965236,65.78150874034763,548.6177828944992,1,6.439980037384885e-05,0.7566073336738411,0.16782758918196966,0.07556507714418924,200.0,92.08150874034763,-209.98152274034763,-1.4,-1.0,-11.2,0.0,0.0,-29.5,-9.0,-3.5,-6.1,-5.5,-14.9
1235,10796747.907563666,37,4.21847725965236,65.78150874034763,548.6177828944992,1,6.439980037384885e-05,0.7566118384940227,0.16783123920431567,0.0755569223016616,200.0,92.08150874034763,-209.98152274034763,-1.4,-1.0,-11.2,0.0,0.0,-29.5,-9.0,-3.5,-6.1,-5.5,-14.9
1236,10796747.907563666,38,4.21847725965236,65.78150874034763,548.6177828944992,1,6.439980037384885e-05,0.7566198017578686,0.16783037983469837,0.07554981840743309,200.0,92.08150874034763,-209.98152274034763,-1.4,-1.0,-11.2,0.0,0.0,-29.5,-9.0,-3.5,-6.1,-5.5,-14.9
1237,10796747.907563666,39,4.21847725965236,65.78150874034763,548.6177828944992,1,6.439980037384885e-05,0.7566310271401602,0.16782366249815248,0.07554531036168743,200.0,92.08150874034763,-209.98152274034763,-1.4,-1.0,-11.2,0.0,0.0,-29.5,-9.0,-3.5,-6.1,-5.5,-14.9
1238,10796747.907563666,40,4.21847725965236,65.78150874034763,548.6177828944992,1,6.439980037384885e-05,0.7566397724117129,0.16781694872047156,0.07554327886781564,200.0,92.08150874034763,-209.98152274034763,-1.4,-1.0,-11.2,0.0,0.0,-29.5,-9.0,-3.5,-6.1,-5.5,-14.9
1239,10796747.907563666,41,4.21847725965236,65.78150874034763,548.6177828944992,1,6.439980037384885e-05,0.7566485804205737,0.16781102369174897,0.07554039588767733,200.0,92.08150874034763,-209.98152274034763,-1.4,-1.0,-11.2,0.0,0.0,-29.5,-9.0,-3.5,-6.1,-5.5,-14.9
1240,10796747.907563666,42,4.21847725965236,65.78150874034763,548.6177828944992,1,6.439980037384885e-05,0.7566550323021656,0.16780506275436902,0.07553990494346546,200.0,92.08150874034763,-209.98152274034763,-1.4,-1.0,-11.2,0.0,0.0,-29.5,-9.0,-3.5,-6.1,-5.5,-14.9
1241,10796747.907563666,43,4.21847725965236,65.78150874034763,548.6177828944992,1,6.439980037384885e-05,0.756664826875856,0.16779589646490353,0.07553927665924046,200.0,92.08150874034763,-209.98152274034763,-1.4,-1.0,-11.2,0.0,0.0,-29.5,-9.0,-3.5,-6.1,-5.5,-14.9
1242,10796747.907563666,44,4.21847725965236,65.78150874034763,548.6177828944992,1,6.439980037384885e-05,0.7566754303726523,0.16778764094140966,0.07553692868593814,200.0,92.08150874034763,-209.98152274034763,-1.4,-1.0,-11.2,0.0,0.0,-29.5,-9.0,-3.5,-6.1,-5.5,-14.9
1243,10796747.907563666,45,4.21847725965236,65.78150874034763,548.6177828944992,1,6.439980037384885e-05,0.7566820229608975,0.16778262680363193,0.07553535023547064,200.0,92.08150874034763,-209.98152274034763,-1.4,-1.0,-11.2,0.0,0.0,-29.5,-9.0,-3.5,-6.1,-5.5,-14.9
1244,10796747.907563666,46,4.21847725965236,65.78150874034763,548.6177828944992,1,6.439980037384885e-05,0.7566848171327739,0.167781477236595,0.07553370563063119,200.0,92.08150874034763,-209.98152274034763,-1.4,-1.0,-11.2,0.0,0.0,-29.5,-9.0,-3.5,-6.1,-5.5,-14.9
1245,10796747.907563666,47,4.21847725965236,65.78150874034763,548.6177828944992,1,6.439980037384885e-05,0.7566863812760236,0.16778162538391747,0.07553199334005894,200.0,92.08150874034763,-209.98152274034763,-1.4,-1.0,-11.2,0.0,0.0,-29.5,-9.0,-3.5,-6.1,-5.5,-14.9
1246,10796747.907563666,48,4.21847725965236,65.78150874034763,548.6177828944992,1,6.439980037384885e-05,0.7566867783729363,0.16778300465957602,0.07553021696748777,200.0,92.08150874034763,-209.98152274034763,-1.4,-1.0,-11.2,0.0,0.0,-29.5,-9.0,-3.5,-6.1,-5.5,-14.9
1247,10796747.907563666,49,4.21847725965236,65.78150874034763,548.6177828944992,1,6.439980037384885e-05,0.7566916145834808,0.16778160404719675,0.07552678136932246,200.0,92.08150874034763,-209.98152274034763,-1.4,-1.0,-11.2,0.0,0.0,-29.5,-9.0,-3.5,-6.1,-5.5,-14.9
1248,10796747.907563666,0,4.21847725965236,65.78150874034763,548.6177828944992,1,6.439980037384885e-05,0.7566935398923695,0.1677830870802637,0.0755233730273668,200.0,92.08150874034763,-209.98152274034763,-1.4,-1.0,-11.2,0.0,0.0,-29.5,-9.0,-3.5,-6.1,-5.5,-14.9
1249,10796747.907563666,1,4.21847725965236,65.78150874034763,548.6177828944992,1,6.439980037384885e-05,0.7566942684011354,0.16778415953462597,0.07552157206423864,200.0,92.08150874034763,-209.98152274034763,-1.4,-1.0,-11.2,0.0,0.0,-29.5,-9.0,-3.5,-6.1,-5.5,-14.9
1250,10796747.907563666,2,4.21847725965236,65.78150874034763,548.6177828944992,1,6.439980037384885e-05,0.756694663819337,0.16778562532849334,0.07551971085216957,200.0,92.08150874034763,-209.98152274034763,-1.4,-1.0,-11.2,0.0,0.0,-29.5,-9.0,-3.5,-6.1,-5.5,-14.9
1251,10796747.907563666,3,4.21847725965236,65.78150874034763,548.6177828944992,1,6.439980037384885e-05,0.7566955311818437,0.1677866777565526,0.07551779106160361,200.0,92.08150874034763,-209.98152274034763,-1.4,-1.0,-11.2,0.0,0.0,-29.5,-9.0,-3.5,-6.1,-5.5,-14.9
1252,10796747.907563666,4,4.21847725965236,65.78150874034763,548.6177828944992,1,6.439980037384885e-05,0.7566976260677724,0.1677857690427952,0.07551660488943238,200.0,92.08150874034763,-209.98152274034763,-1.4,-1.0,-11.2,0.0,0.0,-29.5,-9.0,-3.5,-6.1,-5.5,-14.9
1253,10796747.907563666,5,4.21847725965236,65.78150874034763,548.6177828944992,1,6.439980037384885e-05,0.7566969661868076,0.16778849118615727,0.07551454262703519,200.0,92.08150874034763,-209.98152274034763,-1.4,-1.0,-11.2,0.0,0.0,-29.5,-9.0,-3.5,-6.1,-5.5,-14.9
1254,10796747.907563666,6,4.21847725965236,65.78150874034763,548.6177828944992,1,6.439980037384885e-05,0.7566928856261729,0.16779309511214427,0.07551401926168289,200.0,92.08150874034763,-209.98152274034763,-1.4,-1.0,-11.2,0.0,0.0,-29.5,-9.0,-3.5,-6.1,-5.5,-14.9
1255,10796747.907563666,7,4.21847725965236,65.78150874034763,548.6177828944992,1,6.439980037384885e-05,0.7566887102830965,0.16779712886597417,0.07551416085092934,200.0,92.08150874034763,-209.98152274034763,-1.4,-1.0,-11.2,0.0,0.0,-29.5,-9.0,-3.5,-6.1,-5.5,-14.9
1256,10796747.907563666,8,4.21847725965236,65.78150874034763,548.6177828944992,1,6.439980037384885e-05,0.7566860224983821,0.16779983610296711,0.07551414139865081,200.0,92.08150874034763,-209.98152274034763,-1.4,-1.0,-11.2,0.0,0.0,-29.5,-9.0,-3.5,-6.1,-5.5,-14.9
1257,10796747.907563666,9,4.21847725965236,65.78150874034763,548.6177828944992,1,6.439980037384885e-05,0.7566816143198664,0.16780519823001974,0.0755131874501139,200.0,92.08150874034763,-209.98152274034763,-1.4,-1.0,-11.2,0.0,0.0,-29.5,-9.0,-3.5,-6.1,-5.5,-14.9
1258,10796747.907563666,10,4.21847725965236,65.78150874034763,548.6177828944992,1,6.439980037384885e-05,0.7566755474007448,0.1678099555900755,0.07551449700917975,200.0,92.08150874034763,-209.98152274034763,-1.4,-1.0,-11.2,0.0,0.0,-29.5,-9.0,-3.5,-6.1,-5.5,-14.9
1259,10796747.907563666,11,4.21847725965236,65.78150874034763,548.6177828944992,1,6.439980037384885e-05,0.7566687043037618,0.1678149172048788,0.07551637849135952,200.0,92.08150874034763,-209.98152274034763,-1.4,-1.0,-11.2,0.0,0.0,-29.5,-9.0,-3.5,-6.1,-5.5,-14.9
1260,10796747.907563666,12,4.21847725965236,65.78150874034763,548.6177828944992,1,6.439980037384885e-05,0.756661109880789,0.1678185126213801,0.07552037749783089,200.0,92.08150874034763,-209.98152274034763,-1.4,-1.0,-11.2,0.0,0.0,-29.5,-9.0,-3.5,-6.1,-5.5,-14.9
1261,10796747.907563666,13,4.21847725965236,65.78150874034763,548.6177828944992,1,6.439980037384885e-05,0.7566543825754928,0.1678208088652985,0.07552480855920868,200.0,92.08150874034763,-209.98152274034763,-1.4,-1.0,-11.2,0.0,0.0,-29.5,-9.0,-3.5,-6.1,-5.5,-14.9
1262,10796747.907563666,14,4.21847725965236,65.78150874034763,548.6177828944992,1,6.439980037384885e-05,0.756646133853063,0.16782421236651415,0.07552965378042292,200.0,92.08150874034763,-209.98152274034763,-1.4,-1.0,-11.2,0.0,0.0,-29.5,-9.0,-3.5,-6.1,-5.5,-14.9
1263,10796747.907563666,15,4.21847725965236,65.78150874034763,548.6177828944992,1,6.439980037384885e-05,0.756638036198743,0.16783021946218693,0.07553174433906992,200.0,92.08150874034763,-209.98152274034763,-1.4,-1.0,-11.2,0.0,0.0,-29.5,-9.0,-3.5,-6.1,-5.5,-14.9
1264,10796747.907563666,16,4.21847725965236,65.78150874034763,548.6177828944992,1,6.439980037384885e-05,0.756629291319616,0.1678386982890865,0.07553201039129752,200.0,92.08150874034763,-209.98152274034763,-1.4,-1.0,-11.2,0.0,0.0,-29.5,-9.0,-3.5,-6.1,-5.5,-14.9
1265,10796747.907563666,17,4.21847725965236,65.78150874034763,548.6177828944992,1,6.439980037384885e-05,0.7566175710230002,0.16784952733574854,0.07553290164125132,200.0,92.08150874034763,-209.98152274034763,-1.4,-1.0,-11.2,0.0,0.0,-29.5,-9.0,-3.5,-6.1,-5.5,-14.9
1266,10796747.907563666,18,4.21847725965236,65.78150874034763,548.6177828944992,1,6.439980037384885e-05,0.7566038085233648,0.1678618069562177,0.07553438452041754,200.0,92.08150874034763,-209.98152274034763,-1.4,-1.0,-11.2,0.0,0.0,-29.5,-9.0,-3.5,-6.1,-5.5,-14.9
1267,10796747.907563666,19,4.21847725965236,65.78150874034763,548.6177828944992,1,6.439980037384885e-05,0.7565865430973314,0.16787624244274443,0.0755372144599242,200.0,92.08150874034763,-209.98152274034763,-1.4,-1.0,-11.2,0.0,0.0,-29.5,-9.0,-3.5,-6.1,-5.5,-14.9
1268,10796747.907563666,20,4.21847725965236,65.78150874034763,548.6177828944992,1,6.439980037384885e-05,0.7565729948894648,0.16788882518561804,0.07553817992491711,200.0,92.08150874034763,-209.98152274034763,-1.4,-1.0,-11.2,0.0,0.0,-29.5,-9.0,-3.5,-6.1,-5.5,-14.9
1269,10796747.907563666,21,4.21847725965236,65.78150874034763,548.6177828944992,1,6.439980037384885e-05,0.7565575039733501,0.1679027645546922,0.07553973147195775,200.0,92.08150874034763,-209.98152274034763,-1.4,-1.0,-11.2,0.0,0.0,-29.5,-9.0,-3.5,-6.1,-5.5,-14.9
1270,10796747.907563666,22,4.21847725965236,65.78150874034763,548.6177828944992,1,6.439980037384885e-05,0.7565425002385917,0.16791488292525192,0.07554261683615646,200.0,92.08150874034763,-209.98152274034763,-1.4,-1.0,-11.2,0.0,0.0,-29.5,-9.0,-3.5,-6.1,-5.5,-14.9
1271,10796747.907563666,23,4.21847725965236,65.78150874034763,548.6177828944992,1,6.439980037384885e-05,0.7565311051464877,0.16792681680396776,0.07554207804954456,200.0,92.08150874034763,-209.98152274034763,-1.4,-1.0,-11.2,0.0,0.0,-29.5,-9.0,-3.5,-6.1,-5.5,-14.9
1272,10796747.907563666,24,4.21847725965236,65.78150874034763,548.6177828944992,1,6.439980037384885e-05,0.756520774359591,0.16793703107010055,0.07554219457030857,200.0,92.08150874034763,-209.98152274034763,-1.4,-1.0,-11.2,0.0,0.0,-29.5,-9.0,-3.5,-6.1,-5.5,-14.9
1273,10796747.907563666,25,4.21847725965236,65.78150874034763,548.6177828944992,1,6.439980037384885e-05,0.7565091244945956,0.1679479388454607,0.0755429366599437,200.0,92.08150874034763,-209.98152274034763,-1.4,-1.0,-11.2,0.0,0.0,-29.5,-9.0,-3.5,-6.1,-5.5,-14.9
1274,10796747.907563666,26,4.21847725965236,65.78150874034763,548.6177828944992,1,6.439980037384885e-05,0.7564962294032814,0.16796027708420827,0.07554349351251036,200.0,92.08150874034763,-209.98152274034763,-1.4,-1.0,-11.2,0.0,0.0,-29.5,-9.0,-3.5,-6.1,-5.5,-14.9
1275,10796747.907563666,27,4.21847725965236,65.78150874034763,548.6177828944992,1,6.439980037384885e-05,0.7564868214621143,0.16797164362556213,0.0755415349123235,200.0,92.08150874034763,-209.98152274034763,-1.4,-1.0,-11.2,0.0,0.0,-29.5,-9.0,-3.5,-6.1,-5.5,-14.9
1276,10796747.907563666,28,4.21847725965236,65.78150874034763,548.6177828944992,1,6.439980037384885e-05,0.7564822555375121,0.16797822597803103,0.0755395184844569,200.0,92.08150874034763,-209.98152274034763,-1.4,-1.0,-11.2,0.0,0.0,-29.5,-9.0,-3.5,-6.1,-5.5,-14.9
1277,10796747.907563666,29,4.21847725965236,65.78150874034763,548.6177828944992,1,6.439980037384885e-05,0.756479195659171,0.16798490253169546,0.07553590180913358,200.0,92.08150874034763,-209.98152274034763,-1.4,-1.0,-11.2,0.0,0.0,-29.5,-9.0,-3.5,-6.1,-5.5,-14.9
1278,10796747.907563666,30,4.21847725965236,65.78150874034763,548.6177828944992,1,6.439980037384885e-05,0.7564767772665636,0.16799012986172265,0.07553309287171374,200.0,92.08150874034763,-209.98152274034763,-1.4,-1.0,-11.2,0.0,0.0,-29.5,-9.0,-3.5,-6.1,-5.5,-14.9
1279,10796747.907563666,31,4.21847725965236,65.78150874034763,548.6177828944992,1,6.439980037384885e-05,0.7564780609723403,0.1679916680756249,0.0755302709520348,200.0,92.08150874034763,-209.98152274034763,-1.4,-1.0,-11.2,0.0,0.0,-29.5,-9.0,-3.5,-6.1,-5.5,-14.9
1280,10796747.907563666,32,4.21847725965236,65.78150874034763,548.6177828944992,1,6.439980037384885e-05,0.756477444389065,0.16799356203844512,0.0755289935724899,200.0,92.08150874034763,-209.98152274034763,-1.4,-1.0,-11.2,0.0,0.0,-29.5,-9.0,-3.5,-6.1,-5.5,-14.9
1281,10796747.907563666,33,4.21847725965236,65.78150874034763,548.6177828944992,1,6.439980037384885e-05,0.7564742536716891,0.16799656271914679,0.07552918360916408,200.0,92.08150874034763,-209.98152274034763,-1.4,-1.0,-11.2,0.0,0.0,-29.5,-9.0,-3.5,-6.1,-5.5,-14.9
1282,10796747.907563666,34,4.21847725965236,65.78150874034763,548.6177828944992,1,6.439980037384885e-05,0.7564724958290499,0.16799983699277382,0.07552766717817634,200.0,92.08150874034763,-209.98152274034763,-1.4,-1.0,-11.2,0.0,0.0,-29.5,-9.0,-3.5,-6.1,-5.5,-14.9
1283,10796747.907563666,35,4.21847725965236,65.78150874034763,548.6177828944992,1,6.439980037384885e-05,0.7564689900492317,0.16800261073727832,0.07552839921348989,200.0,92.08150874034763,-209.98152274034763,-1.4,-1.0,-11.2,0.0,0.0,-29.5,-9.0,-3.5,-6.1,-5.5,-14.9
1284,10796747.907563666,36,4.21847725965236,65.78150874034763,548.6177828944992,1,6.439980037384885e-05,0.7564677008853067,0.16800490089470227,0.07552739821999112,200.0,92.08150874034763,-209.98152274034763,-1.4,-1.0,-11.2,0.0,0.0,-29.5,-9.0,-3.5,-6.1,-5.5,-14.9
1285,10796747.907563666,37,4.21847725965236,65.78150874034763,548.6177828944992,1,6.439980037384885e-05,0.7564623573460182,0.16801210683171405,0.07552553582226777,200.0,92.08150874034763,-209.98152274034763,-1.4,-1.0,-11.2,0.0,0.0,-29.5,-9.0,-3.5,-6.1,-5.5,-14.9
1286,10796747.907563666,38,4.21847725965236,65.78150874034763,548.6177828944992,1,6.439980037384885e-05,0.7564616419886241,0.16802012827216875,0.07551822973920715,200.0,92.08150874034763,-209.98152274034763,-1.4,-1.0,-11.2,0.0,0.0,-29.5,-9.0,-3.5,-6.1,-5.5,-14.9
1287,10796747.907563666,39,4.21847725965236,65.78150874034763,548.6177828944992,1,6.439980037384885e-05,0.7564660641830717,0.16802433144420853,0.07550960437271975,200.0,92.08150874034763,-209.98152274034763,-1.4,-1.0,-11.2,0.0,0.0,-29.5,-9.0,-3.5,-6.1,-5.5,-14.9
1288,10796747.907563666,40,4.21847725965236,65.78150874034763,548.6177828944992,1,6.439980037384885e-05,0.7564738278526855,0.16802873513667144,0.07549743701064306,200.0,92.08150874034763,-209.98152274034763,-1.4,-1.0,-11.2,0.0,0.0,-29.5,-9.0,-3.5,-6.1,-5.5,-14.9
1289,10796747.907563666,41,4.21847725965236,65.78150874034763,548.6177828944992,1,6.439980037384885e-05,0.7564824490080376,0.16803104806616698,0.07548650292579535,200.0,92.08150874034763,-209.98152274034763,-1.4,-1.0,-11.2,0.0,0.0,-29.5,-9.0,-3.5,-6.1,-5.5,-14.9
1290,10796747.907563666,42,4.21847725965236,65.78150874034763,548.6177828944992,1,6.439980037384885e-05,0.7564880486642297,0.16803367662542526,0.0754782747103451,200.0,92.08150874034763,-209.98152274034763,-1.4,-1.0,-11.2,0.0,0.0,-29.5,-9.0,-3.5,-6.1,-5.5,-14.9
1291,10796747.907563666,43,4.21847725965236,65.78150874034763,548.6177828944992,1,6.439980037384885e-05,0.7564907853075047,0.168038127520069,0.07547108717242637,200.0,92.08150874034763,-209.98152274034763,-1.4,-1.0,-11.2,0.0,0.0,-29.5,-9.0,-3.5,-6.1,-5.5,-14.9
1292,10796747.907563666,44,4.21847725965236,65.78150874034763,548.6177828944992,1,6.439980037384885e-05,0.756496934826971,0.16804200342198633,0.07546106175104267,200.0,92.08150874034763,-209.98152274034763,-1.4,-1.0,-11.2,0.0,0.0,-29.5,-9.0,-3.5,-6.1,-5.5,-14.9
1293,10796747.907563666,45,4.21847725965236,65.78150874034763,548.6177828944992,1,6.439980037384885e-05,0.7565055470291392,0.16804229520205466,0.07545215776880611,200.0,92.08150874034763,-209.98152274034763,-1.4,-1.0,-11.2,0.0,0.0,-29.5,-9.0,-3.5,-6.1,-5.5,-14.9
1294,10796747.907563666,46,4.21847725965236,65.78150874034763,548.6177828944992,1,6.439980037384885e-05,0.7565080929175391,0.16804681226268206,0.07544509481977887,200.0,92.08150874034763,-209.98152274034763,-1.4,-1.0,-11.2,0.0,0.0,-29.5,-9.0,-3.5,-6.1,-5.5,-14.9
1295,10796747.907563666,47,4.21847725965236,65.78150874034763,548.6177828944992,1,6.439980037384885e-05,0.7565086963484275,0.16805076871320948,0.07544053493836302,200.0,92.08150874034763,-209.98152274034763,-1.4,-1.0,-11.2,0.0,0.0,-29.5,-9.0,-3.5,-6.1,-5.5,-14.9
1296,10796747.907563666,48,4.21847725965236,65.78150874034763,548.6177828944992,1,6.439980037384885e-05,0.756511279319114,0.16805342234932877,0.07543529833155721,200.0,92.08150874034763,-209.98152274034763,-1.4,-1.0,-11.2,0.0,0.0,-29.5,-9.0,-3.5,-6.1,-5.5,-14.9
1297,10796747.907563666,49,4.21847725965236,65.78150874034763,548.6177828944992,1,6.439980037384885e-05,0.7565119272681997,0.16805788519501444,0.07543018753678585,200.0,92.08150874034763,-209.98152274034763,-1.4,-1.0,-11.2,0.0,0.0,-29.5,-9.0,-3.5,-6.1,-5.5,-14.9
1298,10796747.907563666,0,4.21847725965236,65.78150874034763,548.6177828944992,1,6.439980037384885e-05,0.7565084495992742,0.1680648297721922,0.0754267206285336,200.0,92.08150874034763,-209.98152274034763,-1.4,-1.0,-11.2,0.0,0.0,-29.5,-9.0,-3.5,-6.1,-5.5,-14.9
1299,10796747.907563666,1,4.21847725965236,65.78150874034763,548.6177828944992,1,6.439980037384885e-05,0.756504110583038,0.1680741199171038,0.07542176949985825,200.0,92.08150874034763,-209.98152274034763,-1.4,-1.0,-11.2,0.0,0.0,-29.5,-9.0,-3.5,-6.1,-5.5,-14.9
1300,10796747.907563666,2,4.21847725965236,65.78150874034763,548.6177828944992,1,6.439980037384885e-05,0.7564989510137968,0.16808411988970376,0.07541692909649943,200.0,92.08150874034763,-209.98152274034763,-1.4,-1.0,-11.2,0.0,0.0,-29.5,-9.0,-3.5,-6.1,-5.5,-14.9
1301,10796747.907563666,3,4.21847725965236,65.78150874034763,548.6177828944992,1,6.439980037384885e-05,0.7564945355701936,0.1680940306618213,0.07541143376798506,200.0,92.08150874034763,-209.98152274034763,-1.4,-1.0,-11.2,0.0,0.0,-29.5,-9.0,-3.5,-6.1,-5.5,-14.9
1302,10796747.907563666,4,4.21847725965236,65.78150874034763,548.6177828944992,1,6.439980037384885e-05,0.7564923453235267,0.16810158193719968,0.07540607273927365,200.0,92.08150874034763,-209.98152274034763,-1.4,-1.0,-11.2,0.0,0.0,-29.5,-9.0,-3.5,-6.1,-5.5,-14.9
1303,10796747.907563666,5,4.21847725965236,65.78150874034763,548.6177828944992,1,6.439980037384885e-05,0.7564907482108664,0.16811143396204958,0.07539781782708405,200.0,92.08150874034763,-209.98152274034763,-1.4,-1.0,-11.2,0.0,0.0,-29.5,-9.0,-3.5,-6.1,-5.5,-14.9
1304,10796747.907563666,6,4.21847725965236,65.78150874034763,548.6177828944992,1,6.439980037384885e-05,0.7564897085446141,0.16812346811413925,0.07538682334124668,200.0,92.08150874034763,-209.98152274034763,-1.4,-1.0,-11.2,0.0,0.0,-29.5,-9.0,-3.5,-6.1,-5.5,-14.9
1305,10796747.907563666,7,4.21847725965236,65.78150874034763,548.6177828944992,1,6.439980037384885e-05,0.7564892033486963,0.16813379721044283,0.07537699944086082,200.0,92.08150874034763,-209.98152274034763,-1.4,-1.0,-11.2,0.0,0.0,-29.5,-9.0,-3.5,-6.1,-5.5,-14.9
1306,10796747.907563666,8,4.21847725965236,65.78150874034763,548.6177828944992,1,6.439980037384885e-05,0.7564876885990305,0.1681440223095971,0.07536828909137246,200.0,92.08150874034763,-209.98152274034763,-1.4,-1.0,-11.2,0.0,0.0,-29.5,-9.0,-3.5,-6.1,-5.5,-14.9
1307,10796747.907563666,9,4.21847725965236,65.78150874034763,548.6177828944992,1,6.439980037384885e-05,0.7564859737943823,0.16815339148407815,0.0753606347215396,200.0,92.08150874034763,-209.98152274034763,-1.4,-1.0,-11.2,0.0,0.0,-29.5,-9.0,-3.5,-6.1,-5.5,-14.9
1308,10796747.907563666,10,4.21847725965236,65.78150874034763,548.6177828944992,1,6.439980037384885e-05,0.7564870857089758,0.168164195753847,0.07534871853717724,200.0,92.08150874034763,-209.98152274034763,-1.4,-1.0,-11.2,0.0,0.0,-29.5,-9.0,-3.5,-6.1,-5.5,-14.9
1309,10796747.907563666,11,4.21847725965236,65.78150874034763,548.6177828944992,1,6.439980037384885e-05,0.7564878571643914,0.16817637236016236,0.07533577047544626,200.0,92.08150874034763,-209.98152274034763,-1.4,-1.0,-11.2,0.0,0.0,-29.5,-9.0,-3.5,-6.1,-5.5,-14.9
1310,10796747.907563666,12,4.21847725965236,65.78150874034763,548.6177828944992,1,6.439980037384885e-05,0.7564905833665662,0.16818532847374434,0.07532408815968951,200.0,92.08150874034763,-209.98152274034763,-1.4,-1.0,-11.2,0.0,0.0,-29.5,-9.0,-3.5,-6.1,-5.5,-14.9
1311,10796747.907563666,13,4.21847725965236,65.78150874034763,548.6177828944992,1,6.439980037384885e-05,0.7564936561484706,0.16819123650447107,0.07531510734705828,200.0,92.08150874034763,-209.98152274034763,-1.4,-1.0,-11.2,0.0,0.0,-29.5,-9.0,-3.5,-6.1,-5.5,-14.9
1312,10796747.907563666,14,4.21847725965236,65.78150874034763,548.6177828944992,1,6.439980037384885e-05,0.7564947901049784,0.16819726370244517,0.07530794619257643,200.0,92.08150874034763,-209.98152274034763,-1.4,-1.0,-11.2,0.0,0.0,-29.5,-9.0,-3.5,-6.1,-5.5,-14.9
1313,10796747.907563666,15,4.21847725965236,65.78150874034763,548.6177828944992,1,6.439980037384885e-05,0.7564970995479604,0.16820039256562744,0.07530250788641213,200.0,92.08150874034763,-209.98152274034763,-1.4,-1.0,-11.2,0.0,0.0,-29.5,-9.0,-3.5,-6.1,-5.5,-14.9
1314,10796747.907563666,16,4.21847725965236,65.78150874034763,548.6177828944992,1,6.439980037384885e-05,0.7564967569695067,0.1682045320672925,0.07529871096320077,200.0,92.08150874034763,-209.98152274034763,-1.4,-1.0,-11.2,0.0,0.0,-29.5,-9.0,-3.5,-6.1,-5.5,-14.9
1315,10796747.907563666,17,4.21847725965236,65.78150874034763,548.6177828944992,1,6.439980037384885e-05,0.7564954031002287,0.1682088757266193,0.07529572117315209,200.0,92.08150874034763,-209.98152274034763,-1.4,-1.0,-11.2,0.0,0.0,-29.5,-9.0,-3.5,-6.1,-5.5,-14.9
1316,10796747.907563666,18,4.21847725965236,65.78150874034763,548.6177828944992,1,6.439980037384885e-05,0.7564900809513487,0.1682156688046603,0.07529425024399093,200.0,92.08150874034763,-209.98152274034763,-1.4,-1.0,-11.2,0.0,0.0,-29.5,-9.0,-3.5,-6.1,-5.5,-14.9
1317,10796747.907563666,19,4.21847725965236,65.78150874034763,548.6177828944992,1,6.439980037384885e-05,0.7564832470243525,0.16822552696011087,0.07529122601553657,200.0,92.08150874034763,-209.98152274034763,-1.4,-1.0,-11.2,0.0,0.0,-29.5,-9.0,-3.5,-6.1,-5.5,-14.9
1318,10796747.907563666,20,4.21847725965236,65.78150874034763,548.6177828944992,1,6.439980037384885e-05,0.7564787398158574,0.16823229581477628,0.07528896436936623,200.0,92.08150874034763,-209.98152274034763,-1.4,-1.0,-11.2,0.0,0.0,-29.5,-9.0,-3.5,-6.1,-5.5,-14.9
1319,10796747.907563666,21,4.21847725965236,65.78150874034763,548.6177828944992,1,6.439980037384885e-05,0.7564794370261667,0.16823687093627024,0.075283692037563,200.0,92.08150874034763,-209.98152274034763,-1.4,-1.0,-11.2,0.0,0.0,-29.5,-9.0,-3.5,-6.1,-5.5,-14.9
1320,10796747.907563666,22,4.21847725965236,65.78150874034763,548.6177828944992,1,6.439980037384885e-05,0.7564760754476677,0.16824387582306286,0.07528004872926948,200.0,92.08150874034763,-209.98152274034763,-1.4,-1.0,-11.2,0.0,0.0,-29.5,-9.0,-3.5,-6.1,-5.5,-14.9
1321,10796747.907563666,23,4.21847725965236,65.78150874034763,548.6177828944992,1,6.439980037384885e-05,0.7564711123023404,0.16825093920836331,0.07527794848929627,200.0,92.08150874034763,-209.98152274034763,-1.4,-1.0,-11.2,0.0,0.0,-29.5,-9.0,-3.5,-6.1,-5.5,-14.9
1322,10796747.907563666,24,4.21847725965236,65.78150874034763,548.6177828944992,1,6.439980037384885e-05,0.7564638808184396,0.16825805987306947,0.07527805930849099,200.0,92.08150874034763,-209.98152274034763,-1.4,-1.0,-11.2,0.0,0.0,-29.5,-9.0,-3.5,-6.1,-5.5,-14.9
1323,10796747.907563666,25,4.21847725965236,65.78150874034763,548.6177828944992,1,6.439980037384885e-05,0.7564559938724719,0.16826373864608163,0.0752802674814465,200.0,92.08150874034763,-209.98152274034763,-1.4,-1.0,-11.2,0.0,0.0,-29.5,-9.0,-3.5,-6.1,-5.5,-14.9
1324,10796747.907563666,26,4.21847725965236,65.78150874034763,548.6177828944992,1,6.439980037384885e-05,0.7564467375341589,0.1682710304500613,0.07528223201577978,200.0,92.08150874034763,-209.98152274034763,-1.4,-1.0,-11.2,0.0,0.0,-29.5,-9.0,-3.5,-6.1,-5.5,-14.9
1325,10796747.907563666,27,4.21847725965236,65.78150874034763,548.6177828944992,1,6.439980037384885e-05,0.7564399208660746,0.16827611908934095,0.07528396004458444,200.0,92.08150874034763,-209.98152274034763,-1.4,-1.0,-11.2,0.0,0.0,-29.5,-9.0,-3.5,-6.1,-5.5,-14.9
1326,10796747.907563666,28,4.21847725965236,65.78150874034763,548.6177828944992,1,6.439980037384885e-05,0.7564301892694999,0.16828433981858448,0.07528547091191556,200.0,92.08150874034763,-209.98152274034763,-1.4,-1.0,-11.2,0.0,0.0,-29.5,-9.0,-3.5,-6.1,-5.5,-14.9
1327,10796747.907563666,29,4.21847725965236,65.78150874034763,548.6177828944992,1,6.439980037384885e-05,0.7564206794870264,0.16829106209973035,0.07528825841324334,200.0,92.08150874034763,-209.98152274034763,-1.4,-1.0,-11.2,0.0,0.0,-29.5,-9.0,-3.5,-6.1,-5.5,-14.9
1328,10796747.907563666,30,4.21847725965236,65.78150874034763,548.6177828944992,1,6.439980037384885e-05,0.7564098878721401,0.16829785252176588,0.07529225960609406,200.0,92.08150874034763,-209.98152274034763,-1.4,-1.0,-11.2,0.0,0.0,-29.5,-9.0,-3.5,-6.1,-5.5,-14.9
1329,10796747.907563666,31,4.21847725965236,65.78150874034763,548.6177828944992,1,6.439980037384885e-05,0.7564008642009428,0.16830321382825086,0.07529592197080646,200.0,92.08150874034763,-209.98152274034763,-1.4,-1.0,-11.2,0.0,0.0,-29.5,-9.0,-3.5,-6.1,-5.5,-14.9
1330,10796747.907563666,32,4.21847725965236,65.78150874034763,548.6177828944992,1,6.439980037384885e-05,0.7563927723274219,0.16830722144877042,0.07530000622380782,200.0,92.08150874034763,-209.98152274034763,-1.4,-1.0,-11.2,0.0,0.0,-29.5,-9.0,-3.5,-6.1,-5.5,-14.9
1331,10796747.907563666,33,4.21847725965236,65.78150874034763,548.6177828944992,1,6.439980037384885e-05,0.756382586642748,0.16831217619914712,0.0753052371581049,200.0,92.08150874034763,-209.98152274034763,-1.4,-1.0,-11.2,0.0,0.0,-29.5,-9.0,-3.5,-6.1,-5.5,-14.9
1332,10796747.907563666,34,4.21847725965236,65.78150874034763,548.6177828944992,1,6.439980037384885e-05,0.7563726437579871,0.16831506037159863,0.07531229587041438,200.0,92.08150874034763,-209.98152274034763,-1.4,-1.0,-11.2,0.0,0.0,-29.5,-9.0,-3.5,-6.1,-5.5,-14.9
1333,10796747.907563666,35,4.21847725965236,65.78150874034763,548.6177828944992,1,6.439980037384885e-05,0.7563607011822051,0.16831820574989514,0.07532109306789975,200.0,92.08150874034763,-209.98152274034763,-1.4,-1.0,-11.2,0.0,0.0,-29.5,-9.0,-3.5,-6.1,-5.5,-14.9
1334,10796747.907563666,36,4.21847725965236,65.78150874034763,548.6177828944992,1,6.439980037384885e-05,0.7563446387754655,0.168325303392778,0.07533005783175646,200.0,92.08150874034763,-209.98152274034763,-1.4,-1.0,-11.2,0.0,0.0,-29.5,-9.0,-3.5,-6.1,-5.5,-14.9
1335,10796747.907563666,37,4.21847725965236,65.78150874034763,548.6177828944992,1,6.439980037384885e-05,0.7563298642664443,0.16833096162969335,0.07533917410386229,200.0,92.08150874034763,-209.98152274034763,-1.4,-1.0,-11.2,0.0,0.0,-29.5,-9.0,-3.5,-6.1,-5.5,-14.9
1336,10796747.907563666,38,4.21847725965236,65.78150874034763,548.6177828944992,1,6.439980037384885e-05,0.756316312183353,0.16833525425157111,0.07534843356507578,200.0,92.08150874034763,-209.98152274034763,-1.4,-1.0,-11.2,0.0,0.0,-29.5,-9.0,-3.5,-6.1,-5.5,-14.9
1337,10796747.907563666,39,4.21847725965236,65.78150874034763,548.6177828944992,1,6.439980037384885e-05,0.7562987325073842,0.16834343240825356,0.07535783508436222,200.0,92.08150874034763,-209.98152274034763,-1.4,-1.0,-11.2,0.0,0.0,-29.5,-9.0,-3.5,-6.1,-5.5,-14.9
1338,10796747.907563666,40,4.21847725965236,65.78150874034763,548.6177828944992,1,6.439980037384885e-05,0.7562839995221696,0.1683486382292404,0.07536736224858999,200.0,92.08150874034763,-209.98152274034763,-1.4,-1.0,-11.2,0.0,0.0,-29.5,-9.0,-3.5,-6.1,-5.5,-14.9
1339,10796747.907563666,41,4.21847725965236,65.78150874034763,548.6177828944992,1,6.439980037384885e-05,0.7562675236313657,0.16835472145006755,0.07537775491856678,200.0,92.08150874034763,-209.98152274034763,-1.4,-1.0,-11.2,0.0,0.0,-29.5,-9.0,-3.5,-6.1,-5.5,-14.9
1340,10796747.907563666,42,4.21847725965236,65.78150874034763,548.6177828944992,1,6.439980037384885e-05,0.756253839365157,0.16835867960559003,0.07538748102925298,200.0,92.08150874034763,-209.98152274034763,-1.4,-1.0,-11.2,0.0,0.0,-29.5,-9.0,-3.5,-6.1,-5.5,-14.9
1341,10796747.907563666,43,4.21847725965236,65.78150874034763,548.6177828944992,1,6.439980037384885e-05,0.7562398485811792,0.16836357345148123,0.07539657796733962,200.0,92.08150874034763,-209.98152274034763,-1.4,-1.0,-11.2,0.0,0.0,-29.5,-9.0,-3.5,-6.1,-5.5,-14.9
1342,10796747.907563666,44,4.21847725965236,65.78150874034763,548.6177828944992,1,6.439980037384885e-05,0.7562255709561162,0.16837009103501502,0.07540433800886877,200.0,92.08150874034763,-209.98152274034763,-1.4,-1.0,-11.2,0.0,0.0,-29.5,-9.0,-3.5,-6.1,-5.5,-14.9
1343,10796747.907563666,45,4.21847725965236,65.78150874034763,548.6177828944992,1,6.439980037384885e-05,0.7562102805174595,0.16837815042324342,0.07541156905929705,200.0,92.08150874034763,-209.98152274034763,-1.4,-1.0,-11.2,0.0,0.0,-29.5,-9.0,-3.5,-6.1,-5.5,-14.9
1344,10796747.907563666,46,4.21847725965236,65.78150874034763,548.6177828944992,1,6.439980037384885e-05,0.7561918132623215,0.1683891482356248,0.07541903850205366,200.0,92.08150874034763,-209.98152274034763,-1.4,-1.0,-11.2,0.0,0.0,-29.5,-9.0,-3.5,-6.1,-5.5,-14.9
1345,10796747.907563666,47,4.21847725965236,65.78150874034763,548.6177828944992,1,6.439980037384885e-05,0.7561732833285117,0.16839998645085524,0.07542673022063304,200.0,92.08150874034763,-209.98152274034763,-1.4,-1.0,-11.2,0.0,0.0,-29.5,-9.0,-3.5,-6.1,-5.5,-14.9
1346,10796747.907563666,48,4.21847725965236,65.78150874034763,548.6177828944992,1,6.439980037384885e-05,0.756157636401386,0.16840625870414033,0.07543610489447371,200.0,92.08150874034763,-209.98152274034763,-1.4,-1.0,-11.2,0.0,0.0,-29.5,-9.0,-3.5,-6.1,-5.5,-14.9
1347,10796747.907563666,49,4.21847725965236,65.78150874034763,548.6177828944992,1,6.439980037384885e-05,0.7561417897418301,0.1684133434772136,0.0754448667809563,200.0,92.08150874034763,-209.98152274034763,-1.4,-1.0,-11.2,0.0,0.0,-29.5,-9.0,-3.5,-6.1,-5.5,-14.9
1348,10796747.907563666,0,4.21847725965236,65.78150874034763,548.6177828944992,1,6.439980037384885e-05,0.756123543677891,0.16842266992142663,0.07545378640068241,200.0,92.08150874034763,-209.98152274034763,-1.4,-1.0,-11.2,0.0,0.0,-29.5,-9.0,-3.5,-6.1,-5.5,-14.9
1349,10796747.907563666,1,4.21847725965236,65.78150874034763,548.6177828944992,1,6.439980037384885e-05,0.7561059672279725,0.16843191784252473,0.07546211492950278,200.0,92.08150874034763,-209.98152274034763,-1.4,-1.0,-11.2,0.0,0.0,-29.5,-9.0,-3.5,-6.1,-5.5,-14.9
1350,10796747.907563666,2,4.21847725965236,65.78150874034763,548.6177828944992,1,6.439980037384885e-05,0.7560846101721923,0.16844403014287135,0.07547135968493635,200.0,92.08150874034763,-209.98152274034763,-1.4,-1.0,-11.2,0.0,0.0,-29.5,-9.0,-3.5,-6.1,-5.5,-14.9
1351,10796747.907563666,3,4.21847725965236,65.78150874034763,548.6177828944992,1,6.439980037384885e-05,0.756064082095914,0.16845592159028552,0.0754799963138004,200.0,92.08150874034763,-209.98152274034763,-1.4,-1.0,-11.2,0.0,0.0,-29.5,-9.0,-3.5,-6.1,-5.5,-14.9
1352,10796747.907563666,4,4.21847725965236,65.78150874034763,548.6177828944992,1,6.439980037384885e-05,0.7560428730534329,0.16846907003010175,0.07548805691646547,200.0,92.08150874034763,-209.98152274034763,-1.4,-1.0,-11.2,0.0,0.0,-29.5,-9.0,-3.5,-6.1,-5.5,-14.9
1353,10796747.907563666,5,4.21847725965236,65.78150874034763,548.6177828944992,1,6.439980037384885e-05,0.7560254254040912,0.16847974330175502,0.07549483129415377,200.0,92.08150874034763,-209.98152274034763,-1.4,-1.0,-11.2,0.0,0.0,-29.5,-9.0,-3.5,-6.1,-5.5,-14.9
1354,10796747.907563666,6,4.21847725965236,65.78150874034763,548.6177828944992,1,6.439980037384885e-05,0.7560078688103371,0.16848880476100478,0.0755033264286582,200.0,92.08150874034763,-209.98152274034763,-1.4,-1.0,-11.2,0.0,0.0,-29.5,-9.0,-3.5,-6.1,-5.5,-14.9
1355,10796747.907563666,7,4.21847725965236,65.78150874034763,548.6177828944992,1,6.439980037384885e-05,0.755991684655243,0.16849706547465584,0.07551124987010116,200.0,92.08150874034763,-209.98152274034763,-1.4,-1.0,-11.2,0.0,0.0,-29.5,-9.0,-3.5,-6.1,-5.5,-14.9
1356,10796747.907563666,8,4.21847725965236,65.78150874034763,548.6177828944992,1,6.439980037384885e-05,0.7559760826765506,0.1685082186719653,0.07551569865148419,200.0,92.08150874034763,-209.98152274034763,-1.4,-1.0,-11.2,0.0,0.0,-29.5,-9.0,-3.5,-6.1,-5.5,-14.9
1357,10796747.907563666,9,4.21847725965236,65.78150874034763,548.6177828944992,1,6.439980037384885e-05,0.7559610261335014,0.1685206558258451,0.07551831804065365,200.0,92.08150874034763,-209.98152274034763,-1.4,-1.0,-11.2,0.0,0.0,-29.5,-9.0,-3.5,-6.1,-5.5,-14.9
1358,10796747.907563666,10,4.21847725965236,65.78150874034763,548.6177828944992,1,6.439980037384885e-05,0.7559486821812941,0.16853284711872743,0.07551847069997852,200.0,92.08150874034763,-209.98152274034763,-1.4,-1.0,-11.2,0.0,0.0,-29.5,-9.0,-3.5,-6.1,-5.5,-14.9
1359,10796747.907563666,11,4.21847725965236,65.78150874034763,548.6177828944992,1,6.439980037384885e-05,0.7559352530562026,0.16854554011848347,0.075519206825314,200.0,92.08150874034763,-209.98152274034763,-1.4,-1.0,-11.2,0.0,0.0,-29.5,-9.0,-3.5,-6.1,-5.5,-14.9
1360,10796747.907563666,12,4.21847725965236,65.78150874034763,548.6177828944992,1,6.439980037384885e-05,0.7559178716421207,0.16856235875774134,0.07551976960013802,200.0,92.08150874034763,-209.98152274034763,-1.4,-1.0,-11.2,0.0,0.0,-29.5,-9.0,-3.5,-6.1,-5.5,-14.9
1361,10796747.907563666,13,4.21847725965236,65.78150874034763,548.6177828944992,1,6.439980037384885e-05,0.7559040446151811,0.1685794342819623,0.07551652110285653,200.0,92.08150874034763,-209.98152274034763,-1.4,-1.0,-11.2,0.0,0.0,-29.5,-9.0,-3.5,-6.1,-5.5,-14.9
1362,10796747.907563666,14,4.21847725965236,65.78150874034763,548.6177828944992,1,6.439980037384885e-05,0.7558921335263414,0.16859384272785552,0.0755140237458031,200.0,92.08150874034763,-209.98152274034763,-1.4,-1.0,-11.2,0.0,0.0,-29.5,-9.0,-3.5,-6.1,-5.5,-14.9
1363,10796747.907563666,15,4.21847725965236,65.78150874034763,548.6177828944992,1,6.439980037384885e-05,0.7558798523983834,0.1686064523962746,0.07551369520534211,200.0,92.08150874034763,-209.98152274034763,-1.4,-1.0,-11.2,0.0,0.0,-29.5,-9.0,-3.5,-6.1,-5.5,-14.9
1364,10796747.907563666,16,4.21847725965236,65.78150874034763,548.6177828944992,1,6.439980037384885e-05,0.7558672192835129,0.1686173546546825,0.07551542606180461,200.0,92.08150874034763,-209.98152274034763,-1.4,-1.0,-11.2,0.0,0.0,-29.5,-9.0,-3.5,-6.1,-5.5,-14.9
1365,10796747.907563666,17,4.21847725965236,65.78150874034763,548.6177828944992,1,6.439980037384885e-05,0.7558535253109194,0.1686288165023535,0.07551765818672707,200.0,92.08150874034763,-209.98152274034763,-1.4,-1.0,-11.2,0.0,0.0,-29.5,-9.0,-3.5,-6.1,-5.5,-14.9
1366,10796747.907563666,18,4.21847725965236,65.78150874034763,548.6177828944992,1,6.439980037384885e-05,0.7558417382361238,0.1686393516302689,0.0755189101336074,200.0,92.08150874034763,-209.98152274034763,-1.4,-1.0,-11.2,0.0,0.0,-29.5,-9.0,-3.5,-6.1,-5.5,-14.9
1367,10796747.907563666,19,4.21847725965236,65.78150874034763,548.6177828944992,1,6.439980037384885e-05,0.755827395397294,0.16865119070130616,0.07552141390139984,200.0,92.08150874034763,-209.98152274034763,-1.4,-1.0,-11.2,0.0,0.0,-29.5,-9.0,-3.5,-6.1,-5.5,-14.9
1368,10796747.907563666,20,4.21847725965236,65.78150874034763,548.6177828944992,1,6.439980037384885e-05,0.7558149911318081,0.16866135862506465,0.07552365024312732,200.0,92.08150874034763,-209.98152274034763,-1.4,-1.0,-11.2,0.0,0.0,-29.5,-9.0,-3.5,-6.1,-5.5,-14.9
1369,10796747.907563666,21,4.21847725965236,65.78150874034763,548.6177828944992,1,6.439980037384885e-05,0.7558007935725178,0.1686721199062027,0.07552708652127943,200.0,92.08150874034763,-209.98152274034763,-1.4,-1.0,-11.2,0.0,0.0,-29.5,-9.0,-3.5,-6.1,-5.5,-14.9
1370,10796747.907563666,22,4.21847725965236,65.78150874034763,548.6177828944992,1,6.439980037384885e-05,0.7557834418413865,0.16868416968853345,0.07553238847008004,200.0,92.08150874034763,-209.98152274034763,-1.4,-1.0,-11.2,0.0,0.0,-29.5,-9.0,-3.5,-6.1,-5.5,-14.9
1371,10796747.907563666,23,4.21847725965236,65.78150874034763,548.6177828944992,1,6.439980037384885e-05,0.7557638209276485,0.16869599168429666,0.07554018738805487,200.0,92.08150874034763,-209.98152274034763,-1.4,-1.0,-11.2,0.0,0.0,-29.5,-9.0,-3.5,-6.1,-5.5,-14.9
1372,10796747.907563666,24,4.21847725965236,65.78150874034763,548.6177828944992,1,6.439980037384885e-05,0.7557449575225472,0.16870831712701906,0.07554672535043372,200.0,92.08150874034763,-209.98152274034763,-1.4,-1.0,-11.2,0.0,0.0,-29.5,-9.0,-3.5,-6.1,-5.5,-14.9
1373,10796747.907563666,25,4.21847725965236,65.78150874034763,548.6177828944992,1,6.439980037384885e-05,0.7557239114834297,0.16872256963409651,0.07555351888247387,200.0,92.08150874034763,-209.98152274034763,-1.4,-1.0,-11.2,0.0,0.0,-29.5,-9.0,-3.5,-6.1,-5.5,-14.9
1374,10796747.907563666,26,4.21847725965236,65.78150874034763,548.6177828944992,1,6.439980037384885e-05,0.7557073158178088,0.16873285899332513,0.07555982518886604,200.0,92.08150874034763,-209.98152274034763,-1.4,-1.0,-11.2,0.0,0.0,-29.5,-9.0,-3.5,-6.1,-5.5,-14.9
1375,10796747.907563666,27,4.21847725965236,65.78150874034763,548.6177828944992,1,6.439980037384885e-05,0.7556913279962737,0.16874444806530225,0.07556422393842405,200.0,92.08150874034763,-209.98152274034763,-1.4,-1.0,-11.2,0.0,0.0,-29.5,-9.0,-3.5,-6.1,-5.5,-14.9
1376,10796747.907563666,28,4.21847725965236,65.78150874034763,548.6177828944992,1,6.439980037384885e-05,0.7556751914544889,0.16875654867033693,0.07556825987517418,200.0,92.08150874034763,-209.98152274034763,-1.4,-1.0,-11.2,0.0,0.0,-29.5,-9.0,-3.5,-6.1,-5.5,-14.9
1377,10796747.907563666,29,4.21847725965236,65.78150874034763,548.6177828944992,1,6.439980037384885e-05,0.7556574680247277,0.16876985718177448,0.07557267479349786,200.0,92.08150874034763,-209.98152274034763,-1.4,-1.0,-11.2,0.0,0.0,-29.5,-9.0,-3.5,-6.1,-5.5,-14.9
1378,10796747.907563666,30,4.21847725965236,65.78150874034763,548.6177828944992,1,6.439980037384885e-05,0.755636070749845,0.16878575650728808,0.0755781727428669,200.0,92.08150874034763,-209.98152274034763,-1.4,-1.0,-11.2,0.0,0.0,-29.5,-9.0,-3.5,-6.1,-5.5,-14.9
1379,10796747.907563666,31,4.21847725965236,65.78150874034763,548.6177828944992,1,6.439980037384885e-05,0.7556162474867132,0.16880122355024738,0.07558252896303948,200.0,92.08150874034763,-209.98152274034763,-1.4,-1.0,-11.2,0.0,0.0,-29.5,-9.0,-3.5,-6.1,-5.5,-14.9
1380,10796747.907563666,32,4.21847725965236,65.78150874034763,548.6177828944992,1,6.439980037384885e-05,0.7556000837275666,0.16881411537991464,0.07558580089251873,200.0,92.08150874034763,-209.98152274034763,-1.4,-1.0,-11.2,0.0,0.0,-29.5,-9.0,-3.5,-6.1,-5.5,-14.9
1381,10796747.907563666,33,4.21847725965236,65.78150874034763,548.6177828944992,1,6.439980037384885e-05,0.7555852283282027,0.16882600578790782,0.07558876588388944,200.0,92.08150874034763,-209.98152274034763,-1.4,-1.0,-11.2,0.0,0.0,-29.5,-9.0,-3.5,-6.1,-5.5,-14.9
1382,10796747.907563666,34,4.21847725965236,65.78150874034763,548.6177828944992,1,6.439980037384885e-05,0.7555737774040684,0.16883622354097197,0.0755899990549596,200.0,92.08150874034763,-209.98152274034763,-1.4,-1.0,-11.2,0.0,0.0,-29.5,-9.0,-3.5,-6.1,-5.5,-14.9
1383,10796747.907563666,35,4.21847725965236,65.78150874034763,548.6177828944992,1,6.439980037384885e-05,0.75556267594354,0.16884773173909282,0.0755895923173672,200.0,92.08150874034763,-209.98152274034763,-1.4,-1.0,-11.2,0.0,0.0,-29.5,-9.0,-3.5,-6.1,-5.5,-14.9
1384,10796747.907563666,36,4.21847725965236,65.78150874034763,548.6177828944992,1,6.439980037384885e-05,0.7555504672916916,0.1688604659176245,0.07558906679068392,200.0,92.08150874034763,-209.98152274034763,-1.4,-1.0,-11.2,0.0,0.0,-29.5,-9.0,-3.5,-6.1,-5.5,-14.9
1385,10796747.907563666,37,4.21847725965236,65.78150874034763,548.6177828944992,1,6.439980037384885e-05,0.7555400864597234,0.1688707693969563,0.07558914414332032,200.0,92.08150874034763,-209.98152274034763,-1.4,-1.0,-11.2,0.0,0.0,-29.5,-9.0,-3.5,-6.1,-5.5,-14.9
1386,10796747.907563666,38,4.21847725965236,65.78150874034763,548.6177828944992,1,6.439980037384885e-05,0.755524971573703,0.16888451398263898,0.07559051444365802,200.0,92.08150874034763,-209.98152274034763,-1.4,-1.0,-11.2,0.0,0.0,-29.5,-9.0,-3.5,-6.1,-5.5,-14.9
1387,10796747.907563666,39,4.21847725965236,65.78150874034763,548.6177828944992,1,6.439980037384885e-05,0.7555154215744069,0.16889433904261703,0.07559023938297606,200.0,92.08150874034763,-209.98152274034763,-1.4,-1.0,-11.2,0.0,0.0,-29.5,-9.0,-3.5,-6.1,-5.5,-14.9
1388,10796747.907563666,40,4.21847725965236,65.78150874034763,548.6177828944992,1,6.439980037384885e-05,0.7555068451530901,0.1689033169024745,0.0755898379444355,200.0,92.08150874034763,-209.98152274034763,-1.4,-1.0,-11.2,0.0,0.0,-29.5,-9.0,-3.5,-6.1,-5.5,-14.9
1389,10796747.907563666,41,4.21847725965236,65.78150874034763,548.6177828944992,1,6.439980037384885e-05,0.7554984742065628,0.16891363839923468,0.07558788739420251,200.0,92.08150874034763,-209.98152274034763,-1.4,-1.0,-11.2,0.0,0.0,-29.5,-9.0,-3.5,-6.1,-5.5,-14.9
1390,10796747.907563666,42,4.21847725965236,65.78150874034763,548.6177828944992,1,6.439980037384885e-05,0.7554917325076319,0.1689230860275482,0.07558518146481986,200.0,92.08150874034763,-209.98152274034763,-1.4,-1.0,-11.2,0.0,0.0,-29.5,-9.0,-3.5,-6.1,-5.5,-14.9
1391,10796747.907563666,43,4.21847725965236,65.78150874034763,548.6177828944992,1,6.439980037384885e-05,0.7554865329725312,0.16893313300074633,0.07558033402672248,200.0,92.08150874034763,-209.98152274034763,-1.4,-1.0,-11.2,0.0,0.0,-29.5,-9.0,-3.5,-6.1,-5.5,-14.9
1392,10796747.907563666,44,4.21847725965236,65.78150874034763,548.6177828944992,1,6.439980037384885e-05,0.7554856602077185,0.16894017224862728,0.07557416754365429,200.0,92.08150874034763,-209.98152274034763,-1.4,-1.0,-11.2,0.0,0.0,-29.5,-9.0,-3.5,-6.1,-5.5,-14.9
1393,10796747.907563666,45,4.21847725965236,65.78150874034763,548.6177828944992,1,6.439980037384885e-05,0.755483894173918,0.16894650796495167,0.0755695978611303,200.0,92.08150874034763,-209.98152274034763,-1.4,-1.0,-11.2,0.0,0.0,-29.5,-9.0,-3.5,-6.1,-5.5,-14.9
1394,10796747.907563666,46,4.21847725965236,65.78150874034763,548.6177828944992,1,6.439980037384885e-05,0.7554827017559471,0.16895359819821174,0.0755637000458412,200.0,92.08150874034763,-209.98152274034763,-1.4,-1.0,-11.2,0.0,0.0,-29.5,-9.0,-3.5,-6.1,-5.5,-14.9
1395,10796747.907563666,47,4.21847725965236,65.78150874034763,548.6177828944992,1,6.439980037384885e-05,0.7554806293943259,0.16896140682871127,0.0755579637769629,200.0,92.08150874034763,-209.98152274034763,-1.4,-1.0,-11.2,0.0,0.0,-29.5,-9.0,-3.5,-6.1,-5.5,-14.9
1396,10796747.907563666,48,4.21847725965236,65.78150874034763,548.6177828944992,1,6.439980037384885e-05,0.7554784407347522,0.16896775962626226,0.07555379963898556,200.0,92.08150874034763,-209.98152274034763,-1.4,-1.0,-11.2,0.0,0.0,-29.5,-9.0,-3.5,-6.1,-5.5,-14.9
1397,10796747.907563666,49,4.21847725965236,65.78150874034763,548.6177828944992,1,6.439980037384885e-05,0.7554761424443254,0.1689720198531538,0.07555183770252077,200.0,92.08150874034763,-209.98152274034763,-1.4,-1.0,-11.2,0.0,0.0,-29.5,-9.0,-3.5,-6.1,-5.5,-14.9
1398,10796747.907563666,0,4.21847725965236,65.78150874034763,548.6177828944992,1,6.439980037384885e-05,0.7554744447487607,0.1689771358824404,0.07554841936879901,200.0,92.08150874034763,-209.98152274034763,-1.4,-1.0,-11.2,0.0,0.0,-29.5,-9.0,-3.5,-6.1,-5.5,-14.9
1399,10796747.907563666,1,4.21847725965236,65.78150874034763,548.6177828944992,1,6.439980037384885e-05,0.7554697592157541,0.16898520179352805,0.07554503899071772,200.0,92.08150874034763,-209.98152274034763,-1.4,-1.0,-11.2,0.0,0.0,-29.5,-9.0,-3.5,-6.1,-5.5,-14.9
1400,10796747.907563666,2,4.21847725965236,65.78150874034763,548.6177828944992,1,6.439980037384885e-05,0.7554686402240962,0.16899108362546736,0.07554027615043647,200.0,92.08150874034763,-209.98152274034763,-1.4,-1.0,-11.2,0.0,0.0,-29.5,-9.0,-3.5,-6.1,-5.5,-14.9
1401,10796747.907563666,3,4.21847725965236,65.78150874034763,548.6177828944992,1,6.439980037384885e-05,0.7554630845223991,0.1690012948313396,0.0755356206462613,200.0,92.08150874034763,-209.98152274034763,-1.4,-1.0,-11.2,0.0,0.0,-29.5,-9.0,-3.5,-6.1,-5.5,-14.9
1402,10796747.907563666,4,4.21847725965236,65.78150874034763,548.6177828944992,1,6.439980037384885e-05,0.755454746614586,0.16901277418738597,0.075532479198028,200.0,92.08150874034763,-209.98152274034763,-1.4,-1.0,-11.2,0.0,0.0,-29.5,-9.0,-3.5,-6.1,-5.5,-14.9
1403,10796747.907563666,5,4.21847725965236,65.78150874034763,548.6177828944992,1,6.439980037384885e-05,0.7554466069954294,0.1690240320671412,0.07552936093742942,200.0,92.08150874034763,-209.98152274034763,-1.4,-1.0,-11.2,0.0,0.0,-29.5,-9.0,-3.5,-6.1,-5.5,-14.9
1404,10796747.907563666,6,4.21847725965236,65.78150874034763,548.6177828944992,1,6.439980037384885e-05,0.7554379421721691,0.16903649812589722,0.0755255597019338,200.0,92.08150874034763,-209.98152274034763,-1.4,-1.0,-11.2,0.0,0.0,-29.5,-9.0,-3.5,-6.1,-5.5,-14.9
1405,10796747.907563666,7,4.21847725965236,65.78150874034763,548.6177828944992,1,6.439980037384885e-05,0.7554337457650233,0.1690458496964074,0.07552040453856937,200.0,92.08150874034763,-209.98152274034763,-1.4,-1.0,-11.2,0.0,0.0,-29.5,-9.0,-3.5,-6.1,-5.5,-14.9
1406,10796747.907563666,8,4.21847725965236,65.78150874034763,548.6177828944992,1,6.439980037384885e-05,0.7554302577571275,0.16905225471492413,0.07551748752794842,200.0,92.08150874034763,-209.98152274034763,-1.4,-1.0,-11.2,0.0,0.0,-29.5,-9.0,-3.5,-6.1,-5.5,-14.9
1407,10796747.907563666,9,4.21847725965236,65.78150874034763,548.6177828944992,1,6.439980037384885e-05,0.755425312033565,0.1690586955938361,0.07551599237259884,200.0,92.08150874034763,-209.98152274034763,-1.4,-1.0,-11.2,0.0,0.0,-29.5,-9.0,-3.5,-6.1,-5.5,-14.9
1408,10796747.907563666,10,4.21847725965236,65.78150874034763,548.6177828944992,1,6.439980037384885e-05,0.7554203991664573,0.16906375460408102,0.07551584622946172,200.0,92.08150874034763,-209.98152274034763,-1.4,-1.0,-11.2,0.0,0.0,-29.5,-9.0,-3.5,-6.1,-5.5,-14.9
1409,10796747.907563666,11,4.21847725965236,65.78150874034763,548.6177828944992,1,6.439980037384885e-05,0.7554176336151626,0.16906749864898835,0.07551486773584906,200.0,92.08150874034763,-209.98152274034763,-1.4,-1.0,-11.2,0.0,0.0,-29.5,-9.0,-3.5,-6.1,-5.5,-14.9
1410,10796747.907563666,12,4.21847725965236,65.78150874034763,548.6177828944992,1,6.439980037384885e-05,0.7554154970164555,0.1690692928536956,0.07551521012984899,200.0,92.08150874034763,-209.98152274034763,-1.4,-1.0,-11.2,0.0,0.0,-29.5,-9.0,-3.5,-6.1,-5.5,-14.9
1411,10796747.907563666,13,4.21847725965236,65.78150874034763,548.6177828944992,1,6.439980037384885e-05,0.7554181874037532,0.16906711802789404,0.0755146945683528,200.0,92.08150874034763,-209.98152274034763,-1.4,-1.0,-11.2,0.0,0.0,-29.5,-9.0,-3.5,-6.1,-5.5,-14.9
1412,10796747.907563666,14,4.21847725965236,65.78150874034763,548.6177828944992,1,6.439980037384885e-05,0.7554219280426886,0.1690654059998151,0.07551266595749632,200.0,92.08150874034763,-209.98152274034763,-1.4,-1.0,-11.2,0.0,0.0,-29.5,-9.0,-3.5,-6.1,-5.5,-14.9
1413,10796747.907563666,15,4.21847725965236,65.78150874034763,548.6177828944992,1,6.439980037384885e-05,0.7554259590055198,0.16906483725218838,0.07550920374229181,200.0,92.08150874034763,-209.98152274034763,-1.4,-1.0,-11.2,0.0,0.0,-29.5,-9.0,-3.5,-6.1,-5.5,-14.9
1414,10796747.907563666,16,4.21847725965236,65.78150874034763,548.6177828944992,1,6.439980037384885e-05,0.7554309752616326,0.1690625425263587,0.07550648221200867,200.0,92.08150874034763,-209.98152274034763,-1.4,-1.0,-11.2,0.0,0.0,-29.5,-9.0,-3.5,-6.1,-5.5,-14.9
1415,10796747.907563666,17,4.21847725965236,65.78150874034763,548.6177828944992,1,6.439980037384885e-05,0.7554341066525055,0.16906282726158944,0.07550306608590497,200.0,92.08150874034763,-209.98152274034763,-1.4,-1.0,-11.2,0.0,0.0,-29.5,-9.0,-3.5,-6.1,-5.5,-14.9
1416,10796747.907563666,18,4.21847725965236,65.78150874034763,548.6177828944992,1,6.439980037384885e-05,0.7554361572234142,0.1690634537244545,0.07550038905213127,200.0,92.08150874034763,-209.98152274034763,-1.4,-1.0,-11.2,0.0,0.0,-29.5,-9.0,-3.5,-6.1,-5.5,-14.9
1417,10796747.907563666,19,4.21847725965236,65.78150874034763,548.6177828944992,1,6.439980037384885e-05,0.7554364830937917,0.16906370463356782,0.07549981227264048,200.0,92.08150874034763,-209.98152274034763,-1.4,-1.0,-11.2,0.0,0.0,-29.5,-9.0,-3.5,-6.1,-5.5,-14.9
1418,10796747.907563666,20,4.21847725965236,65.78150874034763,548.6177828944992,1,6.439980037384885e-05,0.7554344675359013,0.16906500165613755,0.0755005308079612,200.0,92.08150874034763,-209.98152274034763,-1.4,-1.0,-11.2,0.0,0.0,-29.5,-9.0,-3.5,-6.1,-5.5,-14.9
1419,10796747.907563666,21,4.21847725965236,65.78150874034763,548.6177828944992,1,6.439980037384885e-05,0.7554330356598243,0.16906588526613384,0.0755010790740419,200.0,92.08150874034763,-209.98152274034763,-1.4,-1.0,-11.2,0.0,0.0,-29.5,-9.0,-3.5,-6.1,-5.5,-14.9
1420,10796747.907563666,22,4.21847725965236,65.78150874034763,548.6177828944992,1,6.439980037384885e-05,0.7554321588899662,0.16906567694882696,0.07550216416120682,200.0,92.08150874034763,-209.98152274034763,-1.4,-1.0,-11.2,0.0,0.0,-29.5,-9.0,-3.5,-6.1,-5.5,-14.9
1421,10796747.907563666,23,4.21847725965236,65.78150874034763,548.6177828944992,1,6.439980037384885e-05,0.755429003470435,0.16906793432674824,0.07550306220281683,200.0,92.08150874034763,-209.98152274034763,-1.4,-1.0,-11.2,0.0,0.0,-29.5,-9.0,-3.5,-6.1,-5.5,-14.9
1422,10796747.907563666,24,4.21847725965236,65.78150874034763,548.6177828944992,1,6.439980037384885e-05,0.7554236855892349,0.16907253179317444,0.07550378261759062,200.0,92.08150874034763,-209.98152274034763,-1.4,-1.0,-11.2,0.0,0.0,-29.5,-9.0,-3.5,-6.1,-5.5,-14.9
1423,10796747.907563666,25,4.21847725965236,65.78150874034763,548.6177828944992,1,6.439980037384885e-05,0.7554198090059544,0.16907864433374545,0.07550154666030019,200.0,92.08150874034763,-209.98152274034763,-1.4,-1.0,-11.2,0.0,0.0,-29.5,-9.0,-3.5,-6.1,-5.5,-14.9
1424,10796747.907563666,26,4.21847725965236,65.78150874034763,548.6177828944992,1,6.439980037384885e-05,0.7554173094947525,0.16908340008198078,0.0754992904232667,200.0,92.08150874034763,-209.98152274034763,-1.4,-1.0,-11.2,0.0,0.0,-29.5,-9.0,-3.5,-6.1,-5.5,-14.9
1425,10796747.907563666,27,4.21847725965236,65.78150874034763,548.6177828944992,1,6.439980037384885e-05,0.7554182117989889,0.16908546908801714,0.07549631911299401,200.0,92.08150874034763,-209.98152274034763,-1.4,-1.0,-11.2,0.0,0.0,-29.5,-9.0,-3.5,-6.1,-5.5,-14.9
1426,10796747.907563666,28,4.21847725965236,65.78150874034763,548.6177828944992,1,6.439980037384885e-05,0.7554188431090966,0.16908917878686716,0.07549197810403627,200.0,92.08150874034763,-209.98152274034763,-1.4,-1.0,-11.2,0.0,0.0,-29.5,-9.0,-3.5,-6.1,-5.5,-14.9
1427,10796747.907563666,29,4.21847725965236,65.78150874034763,548.6177828944992,1,6.439980037384885e-05,0.7554171306892729,0.16909444996656575,0.07548841934416148,200.0,92.08150874034763,-209.98152274034763,-1.4,-1.0,-11.2,0.0,0.0,-29.5,-9.0,-3.5,-6.1,-5.5,-14.9
1428,10796747.907563666,30,4.21847725965236,65.78150874034763,548.6177828944992,1,6.439980037384885e-05,0.7554166855768253,0.16909771316600464,0.07548560125717009,200.0,92.08150874034763,-209.98152274034763,-1.4,-1.0,-11.2,0.0,0.0,-29.5,-9.0,-3.5,-6.1,-5.5,-14.9
1429,10796747.907563666,31,4.21847725965236,65.78150874034763,548.6177828944992,1,6.439980037384885e-05,0.7554153549837964,0.16909977166115361,0.07548487335504991,200.0,92.08150874034763,-209.98152274034763,-1.4,-1.0,-11.2,0.0,0.0,-29.5,-9.0,-3.5,-6.1,-5.5,-14.9
1430,10796747.907563666,32,4.21847725965236,65.78150874034763,548.6177828944992,1,6.439980037384885e-05,0.7554152711878922,0.16909929310556812,0.07548543570653962,200.0,92.08150874034763,-209.98152274034763,-1.4,-1.0,-11.2,0.0,0.0,-29.5,-9.0,-3.5,-6.1,-5.5,-14.9
1431,10796747.907563666,33,4.21847725965236,65.78150874034763,548.6177828944992,1,6.439980037384885e-05,0.7554184503086673,0.16909709883331986,0.07548445085801295,200.0,92.08150874034763,-209.98152274034763,-1.4,-1.0,-11.2,0.0,0.0,-29.5,-9.0,-3.5,-6.1,-5.5,-14.9
1432,10796747.907563666,34,4.21847725965236,65.78150874034763,548.6177828944992,1,6.439980037384885e-05,0.7554177761268085,0.1690974535619221,0.07548477031126945,200.0,92.08150874034763,-209.98152274034763,-1.4,-1.0,-11.2,0.0,0.0,-29.5,-9.0,-3.5,-6.1,-5.5,-14.9
1433,10796747.907563666,35,4.21847725965236,65.78150874034763,548.6177828944992,1,6.439980037384885e-05,0.755419698823853,0.16909536081481166,0.07548494036133532,200.0,92.08150874034763,-209.98152274034763,-1.4,-1.0,-11.2,0.0,0.0,-29.5,-9.0,-3.5,-6.1,-5.5,-14.9
1434,10796747.907563666,36,4.21847725965236,65.78150874034763,548.6177828944992,1,6.439980037384885e-05,0.7554220024481976,0.16909233645320393,0.07548566109859857,200.0,92.08150874034763,-209.98152274034763,-1.4,-1.0,-11.2,0.0,0.0,-29.5,-9.0,-3.5,-6.1,-5.5,-14.9
1435,10796747.907563666,37,4.21847725965236,65.78150874034763,548.6177828944992,1,6.439980037384885e-05,0.7554246643496436,0.16908981277633914,0.07548552287401723,200.0,92.08150874034763,-209.98152274034763,-1.4,-1.0,-11.2,0.0,0.0,-29.5,-9.0,-3.5,-6.1,-5.5,-14.9
1436,10796747.907563666,38,4.21847725965236,65.78150874034763,548.6177828944992,1,6.439980037384885e-05,0.7554283572163566,0.1690877627678059,0.07548388001583749,200.0,92.08150874034763,-209.98152274034763,-1.4,-1.0,-11.2,0.0,0.0,-29.5,-9.0,-3.5,-6.1,-5.5,-14.9
1437,10796747.907563666,39,4.21847725965236,65.78150874034763,548.6177828944992,1,6.439980037384885e-05,0.755430949997937,0.16908754904256157,0.0754815009595014,200.0,92.08150874034763,-209.98152274034763,-1.4,-1.0,-11.2,0.0,0.0,-29.5,-9.0,-3.5,-6.1,-5.5,-14.9
1438,10796747.907563666,40,4.21847725965236,65.78150874034763,548.6177828944992,1,6.439980037384885e-05,0.7554318106548019,0.1690883884471136,0.07547980089808455,200.0,92.08150874034763,-209.98152274034763,-1.4,-1.0,-11.2,0.0,0.0,-29.5,-9.0,-3.5,-6.1,-5.5,-14.9
1439,10796747.907563666,41,4.21847725965236,65.78150874034763,548.6177828944992,1,6.439980037384885e-05,0.7554337923514328,0.16908884004145616,0.07547736760711105,200.0,92.08150874034763,-209.98152274034763,-1.4,-1.0,-11.2,0.0,0.0,-29.5,-9.0,-3.5,-6.1,-5.5,-14.9
1440,10796747.907563666,42,4.21847725965236,65.78150874034763,548.6177828944992,1,6.439980037384885e-05,0.7554375338690626,0.1690868529431295,0.07547561318780789,200.0,92.08150874034763,-209.98152274034763,-1.4,-1.0,-11.2,0.0,0.0,-29.5,-9.0,-3.5,-6.1,-5.5,-14.9
1441,10796747.907563666,43,4.21847725965236,65.78150874034763,548.6177828944992,1,6.439980037384885e-05,0.7554436325163547,0.16908255201444833,0.07547381546919693,200.0,92.08150874034763,-209.98152274034763,-1.4,-1.0,-11.2,0.0,0.0,-29.5,-9.0,-3.5,-6.1,-5.5,-14.9
1442,10796747.907563666,44,4.21847725965236,65.78150874034763,548.6177828944992,1,6.439980037384885e-05,0.755451271787192,0.16907812324800997,0.07547060496479804,200.0,92.08150874034763,-209.98152274034763,-1.4,-1.0,-11.2,0.0,0.0,-29.5,-9.0,-3.5,-6.1,-5.5,-14.9
1443,10796747.907563666,45,4.21847725965236,65.78150874034763,548.6177828944992,1,6.439980037384885e-05,0.755461067505862,0.1690708218161108,0.07546811067802732,200.0,92.08150874034763,-209.98152274034763,-1.4,-1.0,-11.2,0.0,0.0,-29.5,-9.0,-3.5,-6.1,-5.5,-14.9
1444,10796747.907563666,46,4.21847725965236,65.78150874034763,548.6177828944992,1,6.439980037384885e-05,0.7554722164444455,0.16906217212723312,0.07546561142832134,200.0,92.08150874034763,-209.98152274034763,-1.4,-1.0,-11.2,0.0,0.0,-29.5,-9.0,-3.5,-6.1,-5.5,-14.9
1445,10796747.907563666,47,4.21847725965236,65.78150874034763,548.6177828944992,1,6.439980037384885e-05,0.7554825831042368,0.1690543075641961,0.0754631093315672,200.0,92.08150874034763,-209.98152274034763,-1.4,-1.0,-11.2,0.0,0.0,-29.5,-9.0,-3.5,-6.1,-5.5,-14.9
1446,10796747.907563666,48,4.21847725965236,65.78150874034763,548.6177828944992,1,6.439980037384885e-05,0.7554963282530038,0.16904512145697767,0.0754585502900186,200.0,92.08150874034763,-209.98152274034763,-1.4,-1.0,-11.2,0.0,0.0,-29.5,-9.0,-3.5,-6.1,-5.5,-14.9
1447,10796747.907563666,49,4.21847725965236,65.78150874034763,548.6177828944992,1,6.439980037384885e-05,0.7555077883299492,0.16903675114811748,0.07545546052193335,200.0,92.08150874034763,-209.98152274034763,-1.4,-1.0,-11.2,0.0,0.0,-29.5,-9.0,-3.5,-6.1,-5.5,-14.9
1448,10796747.907563666,0,4.21847725965236,65.78150874034763,548.6177828944992,1,6.439980037384885e-05,0.7555205112564982,0.16902640921457843,0.07545307952892344,200.0,92.08150874034763,-209.98152274034763,-1.4,-1.0,-11.2,0.0,0.0,-29.5,-9.0,-3.5,-6.1,-5.5,-14.9
1449,10796747.907563666,1,4.21847725965236,65.78150874034763,548.6177828944992,1,6.439980037384885e-05,0.7555330600419317,0.16901420182907267,0.07545273812899564,200.0,92.08150874034763,-209.98152274034763,-1.4,-1.0,-11.2,0.0,0.0,-29.5,-9.0,-3.5,-6.1,-5.5,-14.9
1450,10796747.907563666,2,4.21847725965236,65.78150874034763,548.6177828944992,1,6.439980037384885e-05,0.7555474949629285,0.16899817373477155,0.07545433130229995,200.0,92.08150874034763,-209.98152274034763,-1.4,-1.0,-11.2,0.0,0.0,-29.5,-9.0,-3.5,-6.1,-5.5,-14.9
1451,10796747.907563666,3,4.21847725965236,65.78150874034763,548.6177828944992,1,6.439980037384885e-05,0.7555616628900719,0.1689812569450765,0.07545708016485156,200.0,92.08150874034763,-209.98152274034763,-1.4,-1.0,-11.2,0.0,0.0,-29.5,-9.0,-3.5,-6.1,-5.5,-14.9
1452,10796747.907563666,4,4.21847725965236,65.78150874034763,548.6177828944992,1,6.439980037384885e-05,0.7555735232240681,0.1689648654621366,0.07546161131379522,200.0,92.08150874034763,-209.98152274034763,-1.4,-1.0,-11.2,0.0,0.0,-29.5,-9.0,-3.5,-6.1,-5.5,-14.9
1453,10796747.907563666,5,4.21847725965236,65.78150874034763,548.6177828944992,1,6.439980037384885e-05,0.7555825164575931,0.16895306252650427,0.07546442101590264,200.0,92.08150874034763,-209.98152274034763,-1.4,-1.0,-11.2,0.0,0.0,-29.5,-9.0,-3.5,-6.1,-5.5,-14.9
1454,10796747.907563666,6,4.21847725965236,65.78150874034763,548.6177828944992,1,6.439980037384885e-05,0.7555894656526773,0.16894152692727377,0.07546900742004899,200.0,92.08150874034763,-209.98152274034763,-1.4,-1.0,-11.2,0.0,0.0,-29.5,-9.0,-3.5,-6.1,-5.5,-14.9
1455,10796747.907563666,7,4.21847725965236,65.78150874034763,548.6177828944992,1,6.439980037384885e-05,0.7555972119574244,0.1689316019494264,0.07547118609314925,200.0,92.08150874034763,-209.98152274034763,-1.4,-1.0,-11.2,0.0,0.0,-29.5,-9.0,-3.5,-6.1,-5.5,-14.9
1456,10796747.907563666,8,4.21847725965236,65.78150874034763,548.6177828944992,1,6.439980037384885e-05,0.7556036635254006,0.16892252937233354,0.07547380710226578,200.0,92.08150874034763,-209.98152274034763,-1.4,-1.0,-11.2,0.0,0.0,-29.5,-9.0,-3.5,-6.1,-5.5,-14.9
1457,10796747.907563666,9,4.21847725965236,65.78150874034763,548.6177828944992,1,6.439980037384885e-05,0.7556109335018776,0.16891426205647236,0.07547480444165003,200.0,92.08150874034763,-209.98152274034763,-1.4,-1.0,-11.2,0.0,0.0,-29.5,-9.0,-3.5,-6.1,-5.5,-14.9
1458,10796747.907563666,10,4.21847725965236,65.78150874034763,548.6177828944992,1,6.439980037384885e-05,0.7556162523499689,0.16890744418454423,0.07547630346548696,200.0,92.08150874034763,-209.98152274034763,-1.4,-1.0,-11.2,0.0,0.0,-29.5,-9.0,-3.5,-6.1,-5.5,-14.9
1459,10796747.907563666,11,4.21847725965236,65.78150874034763,548.6177828944992,1,6.439980037384885e-05,0.7556197182595258,0.16890064374904024,0.07547963799143406,200.0,92.08150874034763,-209.98152274034763,-1.4,-1.0,-11.2,0.0,0.0,-29.5,-9.0,-3.5,-6.1,-5.5,-14.9
1460,10796747.907563666,12,4.21847725965236,65.78150874034763,548.6177828944992,1,6.439980037384885e-05,0.755626189418731,0.16889045968730423,0.07548335089396457,200.0,92.08150874034763,-209.98152274034763,-1.4,-1.0,-11.2,0.0,0.0,-29.5,-9.0,-3.5,-6.1,-5.5,-14.9
1461,10796747.907563666,13,4.21847725965236,65.78150874034763,548.6177828944992,1,6.439980037384885e-05,0.7556341502181577,0.16887842593395816,0.07548742384788414,200.0,92.08150874034763,-209.98152274034763,-1.4,-1.0,-11.2,0.0,0.0,-29.5,-9.0,-3.5,-6.1,-5.5,-14.9
1462,10796747.907563666,14,4.21847725965236,65.78150874034763,548.6177828944992,1,6.439980037384885e-05,0.7556414884395102,0.1688673501274925,0.07549116143299729,200.0,92.08150874034763,-209.98152274034763,-1.4,-1.0,-11.2,0.0,0.0,-29.5,-9.0,-3.5,-6.1,-5.5,-14.9
1463,10796747.907563666,15,4.21847725965236,65.78150874034763,548.6177828944992,1,6.439980037384885e-05,0.7556468745928386,0.16885718623853865,0.07549593916862277,200.0,92.08150874034763,-209.98152274034763,-1.4,-1.0,-11.2,0.0,0.0,-29.5,-9.0,-3.5,-6.1,-5.5,-14.9
1464,10796747.907563666,16,4.21847725965236,65.78150874034763,548.6177828944992,1,6.439980037384885e-05,0.7556524442109689,0.16884653246710027,0.07550102332193084,200.0,92.08150874034763,-209.98152274034763,-1.4,-1.0,-11.2,0.0,0.0,-29.5,-9.0,-3.5,-6.1,-5.5,-14.9
1465,10796747.907563666,17,4.21847725965236,65.78150874034763,548.6177828944992,1,6.439980037384885e-05,0.7556547945639503,0.16883744697777667,0.07550775845827302,200.0,92.08150874034763,-209.98152274034763,-1.4,-1.0,-11.2,0.0,0.0,-29.5,-9.0,-3.5,-6.1,-5.5,-14.9
1466,10796747.907563666,18,4.21847725965236,65.78150874034763,548.6177828944992,1,6.439980037384885e-05,0.7556588344857883,0.16882646659370382,0.07551469892050794,200.0,92.08150874034763,-209.98152274034763,-1.4,-1.0,-11.2,0.0,0.0,-29.5,-9.0,-3.5,-6.1,-5.5,-14.9
1467,10796747.907563666,19,4.21847725965236,65.78150874034763,548.6177828944992,1,6.439980037384885e-05,0.7556624536758214,0.16881706603493662,0.07552048028924203,200.0,92.08150874034763,-209.98152274034763,-1.4,-1.0,-11.2,0.0,0.0,-29.5,-9.0,-3.5,-6.1,-5.5,-14.9
1468,10796747.907563666,20,4.21847725965236,65.78150874034763,548.6177828944992,1,6.439980037384885e-05,0.7556690555548131,0.16880646299177934,0.07552448145340754,200.0,92.08150874034763,-209.98152274034763,-1.4,-1.0,-11.2,0.0,0.0,-29.5,-9.0,-3.5,-6.1,-5.5,-14.9
1469,10796747.907563666,21,4.21847725965236,65.78150874034763,548.6177828944992,1,6.439980037384885e-05,0.7556737551101915,0.16879876933763105,0.07552747555217747,200.0,92.08150874034763,-209.98152274034763,-1.4,-1.0,-11.2,0.0,0.0,-29.5,-9.0,-3.5,-6.1,-5.5,-14.9
1470,10796747.907563666,22,4.21847725965236,65.78150874034763,548.6177828944992,1,6.439980037384885e-05,0.7556786761878741,0.1687924868202742,0.07552883699185167,200.0,92.08150874034763,-209.98152274034763,-1.4,-1.0,-11.2,0.0,0.0,-29.5,-9.0,-3.5,-6.1,-5.5,-14.9
1471,10796747.907563666,23,4.21847725965236,65.78150874034763,548.6177828944992,1,6.439980037384885e-05,0.7556817784459362,0.1687882203518445,0.07553000120221928,200.0,92.08150874034763,-209.98152274034763,-1.4,-1.0,-11.2,0.0,0.0,-29.5,-9.0,-3.5,-6.1,-5.5,-14.9
1472,10796747.907563666,24,4.21847725965236,65.78150874034763,548.6177828944992,1,6.439980037384885e-05,0.7556858554519224,0.16878451675007364,0.0755296277980041,200.0,92.08150874034763,-209.98152274034763,-1.4,-1.0,-11.2,0.0,0.0,-29.5,-9.0,-3.5,-6.1,-5.5,-14.9
1473,10796747.907563666,25,4.21847725965236,65.78150874034763,548.6177828944992,1,6.439980037384885e-05,0.7556922035706483,0.1687793283207957,0.07552846810855603,200.0,92.08150874034763,-209.98152274034763,-1.4,-1.0,-11.2,0.0,0.0,-29.5,-9.0,-3.5,-6.1,-5.5,-14.9
1474,10796747.907563666,26,4.21847725965236,65.78150874034763,548.6177828944992,1,6.439980037384885e-05,0.7556980081336201,0.16877340877999322,0.07552858308638667,200.0,92.08150874034763,-209.98152274034763,-1.4,-1.0,-11.2,0.0,0.0,-29.5,-9.0,-3.5,-6.1,-5.5,-14.9
1475,10796747.907563666,27,4.21847725965236,65.78150874034763,548.6177828944992,1,6.439980037384885e-05,0.7557046448833686,0.16876679355172408,0.07552856156490735,200.0,92.08150874034763,-209.98152274034763,-1.4,-1.0,-11.2,0.0,0.0,-29.5,-9.0,-3.5,-6.1,-5.5,-14.9
1476,10796747.907563666,28,4.21847725965236,65.78150874034763,548.6177828944992,1,6.439980037384885e-05,0.7557120740176446,0.1687615298322939,0.07552639615006149,200.0,92.08150874034763,-209.98152274034763,-1.4,-1.0,-11.2,0.0,0.0,-29.5,-9.0,-3.5,-6.1,-5.5,-14.9
1477,10796747.907563666,29,4.21847725965236,65.78150874034763,548.6177828944992,1,6.439980037384885e-05,0.7557175624895965,0.1687582245251727,0.07552421298523083,200.0,92.08150874034763,-209.98152274034763,-1.4,-1.0,-11.2,0.0,0.0,-29.5,-9.0,-3.5,-6.1,-5.5,-14.9
1478,10796747.907563666,30,4.21847725965236,65.78150874034763,548.6177828944992,1,6.439980037384885e-05,0.755723224659999,0.1687547643331346,0.07552201100686648,200.0,92.08150874034763,-209.98152274034763,-1.4,-1.0,-11.2,0.0,0.0,-29.5,-9.0,-3.5,-6.1,-5.5,-14.9
1479,10796747.907563666,31,4.21847725965236,65.78150874034763,548.6177828944992,1,6.439980037384885e-05,0.7557303942329299,0.1687504854155087,0.07551912035156151,200.0,92.08150874034763,-209.98152274034763,-1.4,-1.0,-11.2,0.0,0.0,-29.5,-9.0,-3.5,-6.1,-5.5,-14.9
1480,10796747.907563666,32,4.21847725965236,65.78150874034763,548.6177828944992,1,6.439980037384885e-05,0.7557369804451056,0.16874677173244915,0.07551624782244527,200.0,92.08150874034763,-209.98152274034763,-1.4,-1.0,-11.2,0.0,0.0,-29.5,-9.0,-3.5,-6.1,-5.5,-14.9
1481,10796747.907563666,33,4.21847725965236,65.78150874034763,548.6177828944992,1,6.439980037384885e-05,0.7557456942330573,0.16874158431790912,0.07551272144903372,200.0,92.08150874034763,-209.98152274034763,-1.4,-1.0,-11.2,0.0,0.0,-29.5,-9.0,-3.5,-6.1,-5.5,-14.9
1482,10796747.907563666,34,4.21847725965236,65.78150874034763,548.6177828944992,1,6.439980037384885e-05,0.7557524058339331,0.16873701095265595,0.07551058321341098,200.0,92.08150874034763,-209.98152274034763,-1.4,-1.0,-11.2,0.0,0.0,-29.5,-9.0,-3.5,-6.1,-5.5,-14.9
1483,10796747.907563666,35,4.21847725965236,65.78150874034763,548.6177828944992,1,6.439980037384885e-05,0.7557585542168271,0.16873101626349693,0.07551042951967596,200.0,92.08150874034763,-209.98152274034763,-1.4,-1.0,-11.2,0.0,0.0,-29.5,-9.0,-3.5,-6.1,-5.5,-14.9
1484,10796747.907563666,36,4.21847725965236,65.78150874034763,548.6177828944992,1,6.439980037384885e-05,0.7557648416980881,0.16872633839510293,0.07550881990680897,200.0,92.08150874034763,-209.98152274034763,-1.4,-1.0,-11.2,0.0,0.0,-29.5,-9.0,-3.5,-6.1,-5.5,-14.9
1485,10796747.907563666,37,4.21847725965236,65.78150874034763,548.6177828944992,1,6.439980037384885e-05,0.755770590217288,0.1687222454945388,0.07550716428817326,200.0,92.08150874034763,-209.98152274034763,-1.4,-1.0,-11.2,0.0,0.0,-29.5,-9.0,-3.5,-6.1,-5.5,-14.9
1486,10796747.907563666,38,4.21847725965236,65.78150874034763,548.6177828944992,1,6.439980037384885e-05,0.7557764949242564,0.16871804066962037,0.07550546440612327,200.0,92.08150874034763,-209.98152274034763,-1.4,-1.0,-11.2,0.0,0.0,-29.5,-9.0,-3.5,-6.1,-5.5,-14.9
1487,10796747.907563666,39,4.21847725965236,65.78150874034763,548.6177828944992,1,6.439980037384885e-05,0.7557845481661836,0.1687110654549536,0.07550438637886285,200.0,92.08150874034763,-209.98152274034763,-1.4,-1.0,-11.2,0.0,0.0,-29.5,-9.0,-3.5,-6.1,-5.5,-14.9
1488,10796747.907563666,40,4.21847725965236,65.78150874034763,548.6177828944992,1,6.439980037384885e-05,0.7557886365427879,0.16870679212844272,0.07550457132876928,200.0,92.08150874034763,-209.98152274034763,-1.4,-1.0,-11.2,0.0,0.0,-29.5,-9.0,-3.5,-6.1,-5.5,-14.9
1489,10796747.907563666,41,4.21847725965236,65.78150874034763,548.6177828944992,1,6.439980037384885e-05,0.7557922997078055,0.1687050763457186,0.075502623946476,200.0,92.08150874034763,-209.98152274034763,-1.4,-1.0,-11.2,0.0,0.0,-29.5,-9.0,-3.5,-6.1,-5.5,-14.9
1490,10796747.907563666,42,4.21847725965236,65.78150874034763,548.6177828944992,1,6.439980037384885e-05,0.7557915569032188,0.16870646121939825,0.075501981877383,200.0,92.08150874034763,-209.98152274034763,-1.4,-1.0,-11.2,0.0,0.0,-29.5,-9.0,-3.5,-6.1,-5.5,-14.9
1491,10796747.907563666,43,4.21847725965236,65.78150874034763,548.6177828944992,1,6.439980037384885e-05,0.7557879653429777,0.16871012201223037,0.075501912644792,200.0,92.08150874034763,-209.98152274034763,-1.4,-1.0,-11.2,0.0,0.0,-29.5,-9.0,-3.5,-6.1,-5.5,-14.9
1492,10796747.907563666,44,4.21847725965236,65.78150874034763,548.6177828944992,1,6.439980037384885e-05,0.7557816700854918,0.16871527845170403,0.0755030514628042,200.0,92.08150874034763,-209.98152274034763,-1.4,-1.0,-11.2,0.0,0.0,-29.5,-9.0,-3.5,-6.1,-5.5,-14.9
1493,10796747.907563666,45,4.21847725965236,65.78150874034763,548.6177828944992,1,6.439980037384885e-05,0.7557761376645292,0.16871852838548315,0.07550533394998768,200.0,92.08150874034763,-209.98152274034763,-1.4,-1.0,-11.2,0.0,0.0,-29.5,-9.0,-3.5,-6.1,-5.5,-14.9
1494,10796747.907563666,46,4.21847725965236,65.78150874034763,548.6177828944992,1,6.439980037384885e-05,0.7557699983900554,0.16872129837281857,0.07550870323712598,200.0,92.08150874034763,-209.98152274034763,-1.4,-1.0,-11.2,0.0,0.0,-29.5,-9.0,-3.5,-6.1,-5.5,-14.9
1495,10796747.907563666,47,4.21847725965236,65.78150874034763,548.6177828944992,1,6.439980037384885e-05,0.7557646137561218,0.168722947798692,0.07551243844518614,200.0,92.08150874034763,-209.98152274034763,-1.4,-1.0,-11.2,0.0,0.0,-29.5,-9.0,-3.5,-6.1,-5.5,-14.9
1496,10796747.907563666,48,4.21847725965236,65.78150874034763,548.6177828944992,1,6.439980037384885e-05,0.7557612746131496,0.1687228698749912,0.07551585551185919,200.0,92.08150874034763,-209.98152274034763,-1.4,-1.0,-11.2,0.0,0.0,-29.5,-9.0,-3.5,-6.1,-5.5,-14.9
1497,10796747.907563666,49,4.21847725965236,65.78150874034763,548.6177828944992,1,6.439980037384885e-05,0.75575721672095,0.16872181938066663,0.07552096389838335,200.0,92.08150874034763,-209.98152274034763,-1.4,-1.0,-11.2,0.0,0.0,-29.5,-9.0,-3.5,-6.1,-5.5,-14.9
1498,10796747.907563666,0,4.21847725965236,65.78150874034763,548.6177828944992,1,6.439980037384885e-05,0.7557511571615679,0.16872315454642894,0.07552568829200312,200.0,92.08150874034763,-209.98152274034763,-1.4,-1.0,-11.2,0.0,0.0,-29.5,-9.0,-3.5,-6.1,-5.5,-14.9
1499,10796747.907563666,1,4.21847725965236,65.78150874034763,548.6177828944992,1,6.439980037384885e-05,0.7557418721021711,0.1687280787602196,0.07553004913760919,200.0,92.08150874034763,-209.98152274034763,-1.4,-1.0,-11.2,0.0,0.0,-29.5,-9.0,-3.5,-6.1,-5.5,-14.9
1500,10796747.907563666,2,4.21847725965236,65.78150874034763,548.6177828944992,1,6.439980037384885e-05,0.7557335053859208,0.1687344200741146,0.0755320745399647,200.0,92.08150874034763,-209.98152274034763,-1.4,-1.0,-11.2,0.0,0.0,-29.5,-9.0,-3.5,-6.1,-5.5,-14.9
1501,10796747.907563666,3,4.21847725965236,65.78150874034763,548.6177828944992,1,6.439980037384885e-05,0.7557260062278207,0.16873946272962798,0.0755345310425514,200.0,92.08150874034763,-209.98152274034763,-1.4,-1.0,-11.2,0.0,0.0,-29.5,-9.0,-3.5,-6.1,-5.5,-14.9
1502,10796747.907563666,4,4.21847725965236,65.78150874034763,548.6177828944992,1,6.439980037384885e-05,0.755718667330708,0.16874327413788132,0.07553805853141074,200.0,92.08150874034763,-209.98152274034763,-1.4,-1.0,-11.2,0.0,0.0,-29.5,-9.0,-3.5,-6.1,-5.5,-14.9
1503,10796747.907563666,5,4.21847725965236,65.78150874034763,548.6177828944992,1,6.439980037384885e-05,0.7557141308562452,0.16874591322028099,0.0755399559234738,200.0,92.08150874034763,-209.98152274034763,-1.4,-1.0,-11.2,0.0,0.0,-29.5,-9.0,-3.5,-6.1,-5.5,-14.9
1504,10796747.907563666,6,4.21847725965236,65.78150874034763,548.6177828944992,1,6.439980037384885e-05,0.7557115897121047,0.16874678218107791,0.07554162810681737,200.0,92.08150874034763,-209.98152274034763,-1.4,-1.0,-11.2,0.0,0.0,-29.5,-9.0,-3.5,-6.1,-5.5,-14.9
1505,10796747.907563666,7,4.21847725965236,65.78150874034763,548.6177828944992,1,6.439980037384885e-05,0.755708963238803,0.16874926728431314,0.07554176947688394,200.0,92.08150874034763,-209.98152274034763,-1.4,-1.0,-11.2,0.0,0.0,-29.5,-9.0,-3.5,-6.1,-5.5,-14.9
1506,10796747.907563666,8,4.21847725965236,65.78150874034763,548.6177828944992,1,6.439980037384885e-05,0.7557095546025601,0.16875130520172232,0.07553914019571763,200.0,92.08150874034763,-209.98152274034763,-1.4,-1.0,-11.2,0.0,0.0,-29.5,-9.0,-3.5,-6.1,-5.5,-14.9
1507,10796747.907563666,9,4.21847725965236,65.78150874034763,548.6177828944992,1,6.439980037384885e-05,0.7557105595033189,0.1687529238253325,0.07553651667134868,200.0,92.08150874034763,-209.98152274034763,-1.4,-1.0,-11.2,0.0,0.0,-29.5,-9.0,-3.5,-6.1,-5.5,-14.9
1508,10796747.907563666,10,4.21847725965236,65.78150874034763,548.6177828944992,1,6.439980037384885e-05,0.7557106370825062,0.16875283340636907,0.0755365295111247,200.0,92.08150874034763,-209.98152274034763,-1.4,-1.0,-11.2,0.0,0.0,-29.5,-9.0,-3.5,-6.1,-5.5,-14.9
1509,10796747.907563666,11,4.21847725965236,65.78150874034763,548.6177828944992,1,6.439980037384885e-05,0.7557131268020278,0.16874980335658024,0.075537069841392,200.0,92.08150874034763,-209.98152274034763,-1.4,-1.0,-11.2,0.0,0.0,-29.5,-9.0,-3.5,-6.1,-5.5,-14.9
1510,10796747.907563666,12,4.21847725965236,65.78150874034763,548.6177828944992,1,6.439980037384885e-05,0.7557152738485349,0.16874661280144668,0.07553811335001852,200.0,92.08150874034763,-209.98152274034763,-1.4,-1.0,-11.2,0.0,0.0,-29.5,-9.0,-3.5,-6.1,-5.5,-14.9
1511,10796747.907563666,13,4.21847725965236,65.78150874034763,548.6177828944992,1,6.439980037384885e-05,0.7557164384543156,0.16874392655414225,0.07553963499154222,200.0,92.08150874034763,-209.98152274034763,-1.4,-1.0,-11.2,0.0,0.0,-29.5,-9.0,-3.5,-6.1,-5.5,-14.9
1512,10796747.907563666,14,4.21847725965236,65.78150874034763,548.6177828944992,1,6.439980037384885e-05,0.7557193006268541,0.16874040474542168,0.07554029462772419,200.0,92.08150874034763,-209.98152274034763,-1.4,-1.0,-11.2,0.0,0.0,-29.5,-9.0,-3.5,-6.1,-5.5,-14.9
1513,10796747.907563666,15,4.21847725965236,65.78150874034763,548.6177828944992,1,6.439980037384885e-05,0.7557191764516379,0.1687393705400122,0.07554145300834991,200.0,92.08150874034763,-209.98152274034763,-1.4,-1.0,-11.2,0.0,0.0,-29.5,-9.0,-3.5,-6.1,-5.5,-14.9
1514,10796747.907563666,16,4.21847725965236,65.78150874034763,548.6177828944992,1,6.439980037384885e-05,0.755716216610839,0.16874004300401035,0.0755437403851506,200.0,92.08150874034763,-209.98152274034763,-1.4,-1.0,-11.2,0.0,0.0,-29.5,-9.0,-3.5,-6.1,-5.5,-14.9
1515,10796747.907563666,17,4.21847725965236,65.78150874034763,548.6177828944992,1,6.439980037384885e-05,0.7557138440484384,0.16873905972907285,0.07554709622248873,200.0,92.08150874034763,-209.98152274034763,-1.4,-1.0,-11.2,0.0,0.0,-29.5,-9.0,-3.5,-6.1,-5.5,-14.9
1516,10796747.907563666,18,4.21847725965236,65.78150874034763,548.6177828944992,1,6.439980037384885e-05,0.7557139993278991,0.1687365030799978,0.07554949759210319,200.0,92.08150874034763,-209.98152274034763,-1.4,-1.0,-11.2,0.0,0.0,-29.5,-9.0,-3.5,-6.1,-5.5,-14.9
1517,10796747.907563666,19,4.21847725965236,65.78150874034763,548.6177828944992,1,6.439980037384885e-05,0.7557152452604677,0.16873441429700917,0.07555034044252316,200.0,92.08150874034763,-209.98152274034763,-1.4,-1.0,-11.2,0.0,0.0,-29.5,-9.0,-3.5,-6.1,-5.5,-14.9
1518,10796747.907563666,20,4.21847725965236,65.78150874034763,548.6177828944992,1,6.439980037384885e-05,0.7557175221361236,0.16873146499827935,0.07555101286559698,200.0,92.08150874034763,-209.98152274034763,-1.4,-1.0,-11.2,0.0,0.0,-29.5,-9.0,-3.5,-6.1,-5.5,-14.9
1519,10796747.907563666,21,4.21847725965236,65.78150874034763,548.6177828944992,1,6.439980037384885e-05,0.7557161961577431,0.16873031451320394,0.07555348932905304,200.0,92.08150874034763,-209.98152274034763,-1.4,-1.0,-11.2,0.0,0.0,-29.5,-9.0,-3.5,-6.1,-5.5,-14.9
1520,10796747.907563666,22,4.21847725965236,65.78150874034763,548.6177828944992,1,6.439980037384885e-05,0.7557147253247228,0.16873021415349684,0.07555506052178042,200.0,92.08150874034763,-209.98152274034763,-1.4,-1.0,-11.2,0.0,0.0,-29.5,-9.0,-3.5,-6.1,-5.5,-14.9
1521,10796747.907563666,23,4.21847725965236,65.78150874034763,548.6177828944992,1,6.439980037384885e-05,0.7557137644153611,0.16872850429574462,0.0755577312888944,200.0,92.08150874034763,-209.98152274034763,-1.4,-1.0,-11.2,0.0,0.0,-29.5,-9.0,-3.5,-6.1,-5.5,-14.9
1522,10796747.907563666,24,4.21847725965236,65.78150874034763,548.6177828944992,1,6.439980037384885e-05,0.755710679349614,0.1687285253871777,0.0755607952632084,200.0,92.08150874034763,-209.98152274034763,-1.4,-1.0,-11.2,0.0,0.0,-29.5,-9.0,-3.5,-6.1,-5.5,-14.9
1523,10796747.907563666,25,4.21847725965236,65.78150874034763,548.6177828944992,1,6.439980037384885e-05,0.7557114532733152,0.16872627771222332,0.07556226901446149,200.0,92.08150874034763,-209.98152274034763,-1.4,-1.0,-11.2,0.0,0.0,-29.5,-9.0,-3.5,-6.1,-5.5,-14.9
1524,10796747.907563666,26,4.21847725965236,65.78150874034763,548.6177828944992,1,6.439980037384885e-05,0.7557106679118727,0.168724485246235,0.07556484684189234,200.0,92.08150874034763,-209.98152274034763,-1.4,-1.0,-11.2,0.0,0.0,-29.5,-9.0,-3.5,-6.1,-5.5,-14.9
1525,10796747.907563666,27,4.21847725965236,65.78150874034763,548.6177828944992,1,6.439980037384885e-05,0.755711666728131,0.16872247033273363,0.07556586293913539,200.0,92.08150874034763,-209.98152274034763,-1.4,-1.0,-11.2,0.0,0.0,-29.5,-9.0,-3.5,-6.1,-5.5,-14.9
1526,10796747.907563666,28,4.21847725965236,65.78150874034763,548.6177828944992,1,6.439980037384885e-05,0.7557130484920203,0.1687189490713769,0.0755680024366029,200.0,92.08150874034763,-209.98152274034763,-1.4,-1.0,-11.2,0.0,0.0,-29.5,-9.0,-3.5,-6.1,-5.5,-14.9
1527,10796747.907563666,29,4.21847725965236,65.78150874034763,548.6177828944992,1,6.439980037384885e-05,0.755712201182402,0.16871919046334333,0.07556860835425469,200.0,92.08150874034763,-209.98152274034763,-1.4,-1.0,-11.2,0.0,0.0,-29.5,-9.0,-3.5,-6.1,-5.5,-14.9
1528,10796747.907563666,30,4.21847725965236,65.78150874034763,548.6177828944992,1,6.439980037384885e-05,0.755715084675182,0.16871651162183468,0.07556840370298337,200.0,92.08150874034763,-209.98152274034763,-1.4,-1.0,-11.2,0.0,0.0,-29.5,-9.0,-3.5,-6.1,-5.5,-14.9
1529,10796747.907563666,31,4.21847725965236,65.78150874034763,548.6177828944992,1,6.439980037384885e-05,0.7557189112959938,0.1687143045230922,0.07556678418091409,200.0,92.08150874034763,-209.98152274034763,-1.4,-1.0,-11.2,0.0,0.0,-29.5,-9.0,-3.5,-6.1,-5.5,-14.9
1530,10796747.907563666,32,4.21847725965236,65.78150874034763,548.6177828944992,1,6.439980037384885e-05,0.755722330291866,0.16871190058866808,0.07556576911946594,200.0,92.08150874034763,-209.98152274034763,-1.4,-1.0,-11.2,0.0,0.0,-29.5,-9.0,-3.5,-6.1,-5.5,-14.9
1531,10796747.907563666,33,4.21847725965236,65.78150874034763,548.6177828944992,1,6.439980037384885e-05,0.755726664872101,0.16871124706637308,0.07556208806152588,200.0,92.08150874034763,-209.98152274034763,-1.4,-1.0,-11.2,0.0,0.0,-29.5,-9.0,-3.5,-6.1,-5.5,-14.9
1532,10796747.907563666,34,4.21847725965236,65.78150874034763,548.6177828944992,1,6.439980037384885e-05,0.7557318641600481,0.1687103158487846,0.07555781999116723,200.0,92.08150874034763,-209.98152274034763,-1.4,-1.0,-11.2,0.0,0.0,-29.5,-9.0,-3.5,-6.1,-5.5,-14.9
1533,10796747.907563666,35,4.21847725965236,65.78150874034763,548.6177828944992,1,6.439980037384885e-05,0.7557365870104761,0.16870912402288746,0.07555428896663646,200.0,92.08150874034763,-209.98152274034763,-1.4,-1.0,-11.2,0.0,0.0,-29.5,-9.0,-3.5,-6.1,-5.5,-14.9
1534,10796747.907563666,36,4.21847725965236,65.78150874034763,548.6177828944992,1,6.439980037384885e-05,0.7557402093179723,0.16870768634014718,0.07555210434188053,200.0,92.08150874034763,-209.98152274034763,-1.4,-1.0,-11.2,0.0,0.0,-29.5,-9.0,-3.5,-6.1,-5.5,-14.9
1535,10796747.907563666,37,4.21847725965236,65.78150874034763,548.6177828944992,1,6.439980037384885e-05,0.755743436420413,0.16870730378810037,0.07554925979148665,200.0,92.08150874034763,-209.98152274034763,-1.4,-1.0,-11.2,0.0,0.0,-29.5,-9.0,-3.5,-6.1,-5.5,-14.9
1536,10796747.907563666,38,4.21847725965236,65.78150874034763,548.6177828944992,1,6.439980037384885e-05,0.755748874513355,0.16870662789141785,0.07554449759522708,200.0,92.08150874034763,-209.98152274034763,-1.4,-1.0,-11.2,0.0,0.0,-29.5,-9.0,-3.5,-6.1,-5.5,-14.9
1537,10796747.907563666,39,4.21847725965236,65.78150874034763,548.6177828944992,1,6.439980037384885e-05,0.7557505934802826,0.16870890699559277,0.0755404995241246,200.0,92.08150874034763,-209.98152274034763,-1.4,-1.0,-11.2,0.0,0.0,-29.5,-9.0,-3.5,-6.1,-5.5,-14.9
1538,10796747.907563666,40,4.21847725965236,65.78150874034763,548.6177828944992,1,6.439980037384885e-05,0.755758468830056,0.1687081743075703,0.0755333568623737,200.0,92.08150874034763,-209.98152274034763,-1.4,-1.0,-11.2,0.0,0.0,-29.5,-9.0,-3.5,-6.1,-5.5,-14.9
1539,10796747.907563666,41,4.21847725965236,65.78150874034763,548.6177828944992,1,6.439980037384885e-05,0.7557689560884809,0.1687065211188988,0.07552452279262022,200.0,92.08150874034763,-209.98152274034763,-1.4,-1.0,-11.2,0.0,0.0,-29.5,-9.0,-3.5,-6.1,-5.5,-14.9
1540,10796747.907563666,42,4.21847725965236,65.78150874034763,548.6177828944992,1,6.439980037384885e-05,0.7557806344298748,0.16870207220005137,0.07551729337007396,200.0,92.08150874034763,-209.98152274034763,-1.4,-1.0,-11.2,0.0,0.0,-29.5,-9.0,-3.5,-6.1,-5.5,-14.9
1541,10796747.907563666,43,4.21847725965236,65.78150874034763,548.6177828944992,1,6.439980037384885e-05,0.755789575260936,0.1687007566038461,0.07550966813521792,200.0,92.08150874034763,-209.98152274034763,-1.4,-1.0,-11.2,0.0,0.0,-29.5,-9.0,-3.5,-6.1,-5.5,-14.9
1542,10796747.907563666,44,4.21847725965236,65.78150874034763,548.6177828944992,1,6.439980037384885e-05,0.7557959197525497,0.16870049042501642,0.07550358982243387,200.0,92.08150874034763,-209.98152274034763,-1.4,-1.0,-11.2,0.0,0.0,-29.5,-9.0,-3.5,-6.1,-5.5,-14.9
1543,10796747.907563666,45,4.21847725965236,65.78150874034763,548.6177828944992,1,6.439980037384885e-05,0.7558004434718277,0.16870057699401111,0.07549897953416122,200.0,92.08150874034763,-209.98152274034763,-1.4,-1.0,-11.2,0.0,0.0,-29.5,-9.0,-3.5,-6.1,-5.5,-14.9
1544,10796747.907563666,46,4.21847725965236,65.78150874034763,548.6177828944992,1,6.439980037384885e-05,0.7558045219658202,0.16870291795108153,0.07549256008309835,200.0,92.08150874034763,-209.98152274034763,-1.4,-1.0,-11.2,0.0,0.0,-29.5,-9.0,-3.5,-6.1,-5.5,-14.9
1545,10796747.907563666,47,4.21847725965236,65.78150874034763,548.6177828944992,1,6.439980037384885e-05,0.7558088242691446,0.16870419310626203,0.07548698262459337,200.0,92.08150874034763,-209.98152274034763,-1.4,-1.0,-11.2,0.0,0.0,-29.5,-9.0,-3.5,-6.1,-5.5,-14.9
1546,10796747.907563666,48,4.21847725965236,65.78150874034763,548.6177828944992,1,6.439980037384885e-05,0.7558120512185302,0.16870702122105116,0.07548092756041869,200.0,92.08150874034763,-209.98152274034763,-1.4,-1.0,-11.2,0.0,0.0,-29.5,-9.0,-3.5,-6.1,-5.5,-14.9
1547,10796747.907563666,49,4.21847725965236,65.78150874034763,548.6177828944992,1,6.439980037384885e-05,0.7558129766059964,0.16871068636941366,0.07547633702458996,200.0,92.08150874034763,-209.98152274034763,-1.4,-1.0,-11.2,0.0,0.0,-29.5,-9.0,-3.5,-6.1,-5.5,-14.9
1548,10796747.907563666,0,4.21847725965236,65.78150874034763,548.6177828944992,1,6.439980037384885e-05,0.7558117176247727,0.16871514546103922,0.07547313691418814,200.0,92.08150874034763,-209.98152274034763,-1.4,-1.0,-11.2,0.0,0.0,-29.5,-9.0,-3.5,-6.1,-5.5,-14.9
1549,10796747.907563666,1,4.21847725965236,65.78150874034763,548.6177828944992,1,6.439980037384885e-05,0.755806461092375,0.16872164141601317,0.07547189749161184,200.0,92.08150874034763,-209.98152274034763,-1.4,-1.0,-11.2,0.0,0.0,-29.5,-9.0,-3.5,-6.1,-5.5,-14.9
1550,10796747.907563666,2,4.21847725965236,65.78150874034763,548.6177828944992,1,6.439980037384885e-05,0.7557986919417364,0.16873006732410242,0.07547124073416113,200.0,92.08150874034763,-209.98152274034763,-1.4,-1.0,-11.2,0.0,0.0,-29.5,-9.0,-3.5,-6.1,-5.5,-14.9
1551,10796747.907563666,3,4.21847725965236,65.78150874034763,548.6177828944992,1,6.439980037384885e-05,0.7557917455540895,0.16873648156063173,0.07547177288527888,200.0,92.08150874034763,-209.98152274034763,-1.4,-1.0,-11.2,0.0,0.0,-29.5,-9.0,-3.5,-6.1,-5.5,-14.9
1552,10796747.907563666,4,4.21847725965236,65.78150874034763,548.6177828944992,1,6.439980037384885e-05,0.7557907014819615,0.16873842269266334,0.07547087582537523,200.0,92.08150874034763,-209.98152274034763,-1.4,-1.0,-11.2,0.0,0.0,-29.5,-9.0,-3.5,-6.1,-5.5,-14.9
1553,10796747.907563666,5,4.21847725965236,65.78150874034763,548.6177828944992,1,6.439980037384885e-05,0.7557901374400103,0.16874059699226898,0.07546926556772066,200.0,92.08150874034763,-209.98152274034763,-1.4,-1.0,-11.2,0.0,0.0,-29.5,-9.0,-3.5,-6.1,-5.5,-14.9
1554,10796747.907563666,6,4.21847725965236,65.78150874034763,548.6177828944992,1,6.439980037384885e-05,0.7557868330661195,0.16874363705170425,0.0754695298821763,200.0,92.08150874034763,-209.98152274034763,-1.4,-1.0,-11.2,0.0,0.0,-29.5,-9.0,-3.5,-6.1,-5.5,-14.9
1555,10796747.907563666,7,4.21847725965236,65.78150874034763,548.6177828944992,1,6.439980037384885e-05,0.7557841215831341,0.1687481286303551,0.07546774978651077,200.0,92.08150874034763,-209.98152274034763,-1.4,-1.0,-11.2,0.0,0.0,-29.5,-9.0,-3.5,-6.1,-5.5,-14.9
1556,10796747.907563666,8,4.21847725965236,65.78150874034763,548.6177828944992,1,6.439980037384885e-05,0.755785167895553,0.1687488962106711,0.07546593589377594,200.0,92.08150874034763,-209.98152274034763,-1.4,-1.0,-11.2,0.0,0.0,-29.5,-9.0,-3.5,-6.1,-5.5,-14.9
1557,10796747.907563666,9,4.21847725965236,65.78150874034763,548.6177828944992,1,6.439980037384885e-05,0.7557865872288442,0.16874995504722196,0.07546345772393387,200.0,92.08150874034763,-209.98152274034763,-1.4,-1.0,-11.2,0.0,0.0,-29.5,-9.0,-3.5,-6.1,-5.5,-14.9
1558,10796747.907563666,10,4.21847725965236,65.78150874034763,548.6177828944992,1,6.439980037384885e-05,0.7557896334168307,0.1687512868408562,0.0754590797423131,200.0,92.08150874034763,-209.98152274034763,-1.4,-1.0,-11.2,0.0,0.0,-29.5,-9.0,-3.5,-6.1,-5.5,-14.9
1559,10796747.907563666,11,4.21847725965236,65.78150874034763,548.6177828944992,1,6.439980037384885e-05,0.755796131569495,0.16875160183929774,0.07545226659120731,200.0,92.08150874034763,-209.98152274034763,-1.4,-1.0,-11.2,0.0,0.0,-29.5,-9.0,-3.5,-6.1,-5.5,-14.9
1560,10796747.907563666,12,4.21847725965236,65.78150874034763,548.6177828944992,1,6.439980037384885e-05,0.7558033660390103,0.16874969080576394,0.07544694315522577,200.0,92.08150874034763,-209.98152274034763,-1.4,-1.0,-11.2,0.0,0.0,-29.5,-9.0,-3.5,-6.1,-5.5,-14.9
1561,10796747.907563666,13,4.21847725965236,65.78150874034763,548.6177828944992,1,6.439980037384885e-05,0.7558112952118198,0.16874693596096016,0.07544176882722012,200.0,92.08150874034763,-209.98152274034763,-1.4,-1.0,-11.2,0.0,0.0,-29.5,-9.0,-3.5,-6.1,-5.5,-14.9
1562,10796747.907563666,14,4.21847725965236,65.78150874034763,548.6177828944992,1,6.439980037384885e-05,0.755818611424394,0.16874465092090538,0.07543673765470058,200.0,92.08150874034763,-209.98152274034763,-1.4,-1.0,-11.2,0.0,0.0,-29.5,-9.0,-3.5,-6.1,-5.5,-14.9
1563,10796747.907563666,15,4.21847725965236,65.78150874034763,548.6177828944992,1,6.439980037384885e-05,0.7558253478933744,0.1687415460169164,0.07543310608970921,200.0,92.08150874034763,-209.98152274034763,-1.4,-1.0,-11.2,0.0,0.0,-29.5,-9.0,-3.5,-6.1,-5.5,-14.9
1564,10796747.907563666,16,4.21847725965236,65.78150874034763,548.6177828944992,1,6.439980037384885e-05,0.7558340688491453,0.16873765649226438,0.07542827465859031,200.0,92.08150874034763,-209.98152274034763,-1.4,-1.0,-11.2,0.0,0.0,-29.5,-9.0,-3.5,-6.1,-5.5,-14.9
1565,10796747.907563666,17,4.21847725965236,65.78150874034763,548.6177828944992,1,6.439980037384885e-05,0.7558427719494993,0.16873302831028542,0.07542419974021523,200.0,92.08150874034763,-209.98152274034763,-1.4,-1.0,-11.2,0.0,0.0,-29.5,-9.0,-3.5,-6.1,-5.5,-14.9
1566,10796747.907563666,18,4.21847725965236,65.78150874034763,548.6177828944992,1,6.439980037384885e-05,0.7558508201614611,0.16873022703194368,0.07541895280659522,200.0,92.08150874034763,-209.98152274034763,-1.4,-1.0,-11.2,0.0,0.0,-29.5,-9.0,-3.5,-6.1,-5.5,-14.9
1567,10796747.907563666,19,4.21847725965236,65.78150874034763,548.6177828944992,1,6.439980037384885e-05,0.7558607761534294,0.16872788948390743,0.07541133436266312,200.0,92.08150874034763,-209.98152274034763,-1.4,-1.0,-11.2,0.0,0.0,-29.5,-9.0,-3.5,-6.1,-5.5,-14.9
1568,10796747.907563666,20,4.21847725965236,65.78150874034763,548.6177828944992,1,6.439980037384885e-05,0.7558687550068498,0.16872537325353298,0.07540587173961716,200.0,92.08150874034763,-209.98152274034763,-1.4,-1.0,-11.2,0.0,0.0,-29.5,-9.0,-3.5,-6.1,-5.5,-14.9
1569,10796747.907563666,21,4.21847725965236,65.78150874034763,548.6177828944992,1,6.439980037384885e-05,0.7558767503065861,0.16872268174141916,0.07540056795199471,200.0,92.08150874034763,-209.98152274034763,-1.4,-1.0,-11.2,0.0,0.0,-29.5,-9.0,-3.5,-6.1,-5.5,-14.9
1570,10796747.907563666,22,4.21847725965236,65.78150874034763,548.6177828944992,1,6.439980037384885e-05,0.7558879217155822,0.16871666668980506,0.07539541159461285,200.0,92.08150874034763,-209.98152274034763,-1.4,-1.0,-11.2,0.0,0.0,-29.5,-9.0,-3.5,-6.1,-5.5,-14.9
1571,10796747.907563666,23,4.21847725965236,65.78150874034763,548.6177828944992,1,6.439980037384885e-05,0.7558964224388439,0.16871191998917967,0.07539165757197637,200.0,92.08150874034763,-209.98152274034763,-1.4,-1.0,-11.2,0.0,0.0,-29.5,-9.0,-3.5,-6.1,-5.5,-14.9
1572,10796747.907563666,24,4.21847725965236,65.78150874034763,548.6177828944992,1,6.439980037384885e-05,0.7559049132204633,0.16870585477722397,0.07538923200231276,200.0,92.08150874034763,-209.98152274034763,-1.4,-1.0,-11.2,0.0,0.0,-29.5,-9.0,-3.5,-6.1,-5.5,-14.9
1573,10796747.907563666,25,4.21847725965236,65.78150874034763,548.6177828944992,1,6.439980037384885e-05,0.7559108687827774,0.16870231602794228,0.07538681518928042,200.0,92.08150874034763,-209.98152274034763,-1.4,-1.0,-11.2,0.0,0.0,-29.5,-9.0,-3.5,-6.1,-5.5,-14.9
1574,10796747.907563666,26,4.21847725965236,65.78150874034763,548.6177828944992,1,6.439980037384885e-05,0.7559150495644502,0.16869991719225413,0.07538503324329561,200.0,92.08150874034763,-209.98152274034763,-1.4,-1.0,-11.2,0.0,0.0,-29.5,-9.0,-3.5,-6.1,-5.5,-14.9
1575,10796747.907563666,27,4.21847725965236,65.78150874034763,548.6177828944992,1,6.439980037384885e-05,0.7559200652373188,0.1686973373871439,0.07538259737553733,200.0,92.08150874034763,-209.98152274034763,-1.4,-1.0,-11.2,0.0,0.0,-29.5,-9.0,-3.5,-6.1,-5.5,-14.9
1576,10796747.907563666,28,4.21847725965236,65.78150874034763,548.6177828944992,1,6.439980037384885e-05,0.7559283913186925,0.1686920701067367,0.0753795385745709,200.0,92.08150874034763,-209.98152274034763,-1.4,-1.0,-11.2,0.0,0.0,-29.5,-9.0,-3.5,-6.1,-5.5,-14.9
1577,10796747.907563666,29,4.21847725965236,65.78150874034763,548.6177828944992,1,6.439980037384885e-05,0.7559367129384759,0.1686861431027405,0.07537714395878364,200.0,92.08150874034763,-209.98152274034763,-1.4,-1.0,-11.2,0.0,0.0,-29.5,-9.0,-3.5,-6.1,-5.5,-14.9
1578,10796747.907563666,30,4.21847725965236,65.78150874034763,548.6177828944992,1,6.439980037384885e-05,0.7559437715317523,0.1686814725873109,0.07537475588093685,200.0,92.08150874034763,-209.98152274034763,-1.4,-1.0,-11.2,0.0,0.0,-29.5,-9.0,-3.5,-6.1,-5.5,-14.9
1579,10796747.907563666,31,4.21847725965236,65.78150874034763,548.6177828944992,1,6.439980037384885e-05,0.7559496311620723,0.16867799469338404,0.07537237414454369,200.0,92.08150874034763,-209.98152274034763,-1.4,-1.0,-11.2,0.0,0.0,-29.5,-9.0,-3.5,-6.1,-5.5,-14.9
1580,10796747.907563666,32,4.21847725965236,65.78150874034763,548.6177828944992,1,6.439980037384885e-05,0.7559512123335297,0.16867816101079947,0.07537062665567087,200.0,92.08150874034763,-209.98152274034763,-1.4,-1.0,-11.2,0.0,0.0,-29.5,-9.0,-3.5,-6.1,-5.5,-14.9
1581,10796747.907563666,33,4.21847725965236,65.78150874034763,548.6177828944992,1,6.439980037384885e-05,0.7559512403315751,0.16868115397646805,0.07536760569195679,200.0,92.08150874034763,-209.98152274034763,-1.4,-1.0,-11.2,0.0,0.0,-29.5,-9.0,-3.5,-6.1,-5.5,-14.9
1582,10796747.907563666,34,4.21847725965236,65.78150874034763,548.6177828944992,1,6.439980037384885e-05,0.7559523026251455,0.16868494550410973,0.07536275187074488,200.0,92.08150874034763,-209.98152274034763,-1.4,-1.0,-11.2,0.0,0.0,-29.5,-9.0,-3.5,-6.1,-5.5,-14.9
1583,10796747.907563666,35,4.21847725965236,65.78150874034763,548.6177828944992,1,6.439980037384885e-05,0.7559530948135833,0.16868949840762915,0.07535740677878754,200.0,92.08150874034763,-209.98152274034763,-1.4,-1.0,-11.2,0.0,0.0,-29.5,-9.0,-3.5,-6.1,-5.5,-14.9
1584,10796747.907563666,36,4.21847725965236,65.78150874034763,548.6177828944992,1,6.439980037384885e-05,0.7559555177295122,0.1686916442219943,0.07535283804849356,200.0,92.08150874034763,-209.98152274034763,-1.4,-1.0,-11.2,0.0,0.0,-29.5,-9.0,-3.5,-6.1,-5.5,-14.9
1585,10796747.907563666,37,4.21847725965236,65.78150874034763,548.6177828944992,1,6.439980037384885e-05,0.7559613641229211,0.16869025340121907,0.07534838247585965,200.0,92.08150874034763,-209.98152274034763,-1.4,-1.0,-11.2,0.0,0.0,-29.5,-9.0,-3.5,-6.1,-5.5,-14.9
1586,10796747.907563666,38,4.21847725965236,65.78150874034763,548.6177828944992,1,6.439980037384885e-05,0.7559698267308592,0.1686873801586469,0.07534279311049395,200.0,92.08150874034763,-209.98152274034763,-1.4,-1.0,-11.2,0.0,0.0,-29.5,-9.0,-3.5,-6.1,-5.5,-14.9
1587,10796747.907563666,39,4.21847725965236,65.78150874034763,548.6177828944992,1,6.439980037384885e-05,0.7559795238944543,0.16868310514102122,0.07533737096452449,200.0,92.08150874034763,-209.98152274034763,-1.4,-1.0,-11.2,0.0,0.0,-29.5,-9.0,-3.5,-6.1,-5.5,-14.9
1588,10796747.907563666,40,4.21847725965236,65.78150874034763,548.6177828944992,1,6.439980037384885e-05,0.7559860189370332,0.16868124810892873,0.07533273295403806,200.0,92.08150874034763,-209.98152274034763,-1.4,-1.0,-11.2,0.0,0.0,-29.5,-9.0,-3.5,-6.1,-5.5,-14.9
1589,10796747.907563666,41,4.21847725965236,65.78150874034763,548.6177828944992,1,6.439980037384885e-05,0.7559913528460581,0.16867856983806734,0.07533007731587463,200.0,92.08150874034763,-209.98152274034763,-1.4,-1.0,-11.2,0.0,0.0,-29.5,-9.0,-3.5,-6.1,-5.5,-14.9
1590,10796747.907563666,42,4.21847725965236,65.78150874034763,548.6177828944992,1,6.439980037384885e-05,0.7559986871483039,0.16867758824380286,0.07532372460789324,200.0,92.08150874034763,-209.98152274034763,-1.4,-1.0,-11.2,0.0,0.0,-29.5,-9.0,-3.5,-6.1,-5.5,-14.9
1591,10796747.907563666,43,4.21847725965236,65.78150874034763,548.6177828944992,1,6.439980037384885e-05,0.7560085474279646,0.16867572929117172,0.07531572328086372,200.0,92.08150874034763,-209.98152274034763,-1.4,-1.0,-11.2,0.0,0.0,-29.5,-9.0,-3.5,-6.1,-5.5,-14.9
1592,10796747.907563666,44,4.21847725965236,65.78150874034763,548.6177828944992,1,6.439980037384885e-05,0.7560176913104205,0.16867491111348643,0.07530739757609316,200.0,92.08150874034763,-209.98152274034763,-1.4,-1.0,-11.2,0.0,0.0,-29.5,-9.0,-3.5,-6.1,-5.5,-14.9
1593,10796747.907563666,45,4.21847725965236,65.78150874034763,548.6177828944992,1,6.439980037384885e-05,0.756025541529204,0.16867384248052075,0.07530061599027525,200.0,92.08150874034763,-209.98152274034763,-1.4,-1.0,-11.2,0.0,0.0,-29.5,-9.0,-3.5,-6.1,-5.5,-14.9
1594,10796747.907563666,46,4.21847725965236,65.78150874034763,548.6177828944992,1,6.439980037384885e-05,0.756034025738886,0.1686719095812293,0.07529406467988473,200.0,92.08150874034763,-209.98152274034763,-1.4,-1.0,-11.2,0.0,0.0,-29.5,-9.0,-3.5,-6.1,-5.5,-14.9
1595,10796747.907563666,47,4.21847725965236,65.78150874034763,548.6177828944992,1,6.439980037384885e-05,0.7560400019144018,0.1686716459013528,0.07528835218424546,200.0,92.08150874034763,-209.98152274034763,-1.4,-1.0,-11.2,0.0,0.0,-29.5,-9.0,-3.5,-6.1,-5.5,-14.9
1596,10796747.907563666,48,4.21847725965236,65.78150874034763,548.6177828944992,1,6.439980037384885e-05,0.7560423494875461,0.16867482932657782,0.0752828211858761,200.0,92.08150874034763,-209.98152274034763,-1.4,-1.0,-11.2,0.0,0.0,-29.5,-9.0,-3.5,-6.1,-5.5,-14.9
1597,10796747.907563666,49,4.21847725965236,65.78150874034763,548.6177828944992,1,6.439980037384885e-05,0.756046854675655,0.16867507295498024,0.07527807236936479,200.0,92.08150874034763,-209.98152274034763,-1.4,-1.0,-11.2,0.0,0.0,-29.5,-9.0,-3.5,-6.1,-5.5,-14.9
1598,10796747.907563666,0,4.21847725965236,65.78150874034763,548.6177828944992,1,6.439980037384885e-05,0.756050304463637,0.168674394552266,0.07527530098409702,200.0,92.08150874034763,-209.98152274034763,-1.4,-1.0,-11.2,0.0,0.0,-29.5,-9.0,-3.5,-6.1,-5.5,-14.9
1599,10796747.907563666,1,4.21847725965236,65.78150874034763,548.6177828944992,1,6.439980037384885e-05,0.7560583110141641,0.1686734391971546,0.07526824978868125,200.0,92.08150874034763,-209.98152274034763,-1.4,-1.0,-11.2,0.0,0.0,-29.5,-9.0,-3.5,-6.1,-5.5,-14.9
1600,10796747.907563666,2,4.21847725965236,65.78150874034763,548.6177828944992,1,6.439980037384885e-05,0.7560632109260181,0.16867595457256654,0.07526083450141541,200.0,92.08150874034763,-209.98152274034763,-1.4,-1.0,-11.2,0.0,0.0,-29.5,-9.0,-3.5,-6.1,-5.5,-14.9
1601,10796747.907563666,3,4.21847725965236,65.78150874034763,548.6177828944992,1,6.439980037384885e-05,0.7560701333939782,0.1686755712325546,0.07525429537346724,200.0,92.08150874034763,-209.98152274034763,-1.4,-1.0,-11.2,0.0,0.0,-29.5,-9.0,-3.5,-6.1,-5.5,-14.9
1602,10796747.907563666,4,4.21847725965236,65.78150874034763,548.6177828944992,1,6.439980037384885e-05,0.7560777303224507,0.1686742933180694,0.07524797635947988,200.0,92.08150874034763,-209.98152274034763,-1.4,-1.0,-11.2,0.0,0.0,-29.5,-9.0,-3.5,-6.1,-5.5,-14.9
1603,10796747.907563666,5,4.21847725965236,65.78150874034763,548.6177828944992,1,6.439980037384885e-05,0.7560834890651488,0.1686746415120655,0.0752418694227858,200.0,92.08150874034763,-209.98152274034763,-1.4,-1.0,-11.2,0.0,0.0,-29.5,-9.0,-3.5,-6.1,-5.5,-14.9
1604,10796747.907563666,6,4.21847725965236,65.78150874034763,548.6177828944992,1,6.439980037384885e-05,0.7560924436936394,0.16867343343407679,0.07523412287228395,200.0,92.08150874034763,-209.98152274034763,-1.4,-1.0,-11.2,0.0,0.0,-29.5,-9.0,-3.5,-6.1,-5.5,-14.9
1605,10796747.907563666,7,4.21847725965236,65.78150874034763,548.6177828944992,1,6.439980037384885e-05,0.7561025966533063,0.16866891142945847,0.0752284919172353,200.0,92.08150874034763,-209.98152274034763,-1.4,-1.0,-11.2,0.0,0.0,-29.5,-9.0,-3.5,-6.1,-5.5,-14.9
1606,10796747.907563666,8,4.21847725965236,65.78150874034763,548.6177828944992,1,6.439980037384885e-05,0.7561089376600993,0.16866679804561938,0.07522426429428136,200.0,92.08150874034763,-209.98152274034763,-1.4,-1.0,-11.2,0.0,0.0,-29.5,-9.0,-3.5,-6.1,-5.5,-14.9
1607,10796747.907563666,9,4.21847725965236,65.78150874034763,548.6177828944992,1,6.439980037384885e-05,0.7561172186633909,0.16866141901391174,0.0752213623226974,200.0,92.08150874034763,-209.98152274034763,-1.4,-1.0,-11.2,0.0,0.0,-29.5,-9.0,-3.5,-6.1,-5.5,-14.9
1608,10796747.907563666,10,4.21847725965236,65.78150874034763,548.6177828944992,1,6.439980037384885e-05,0.756124868156917,0.16865602135937946,0.07521911048370356,200.0,92.08150874034763,-209.98152274034763,-1.4,-1.0,-11.2,0.0,0.0,-29.5,-9.0,-3.5,-6.1,-5.5,-14.9
1609,10796747.907563666,11,4.21847725965236,65.78150874034763,548.6177828944992,1,6.439980037384885e-05,0.7561306847692745,0.168651837929257,0.07521747730146852,200.0,92.08150874034763,-209.98152274034763,-1.4,-1.0,-11.2,0.0,0.0,-29.5,-9.0,-3.5,-6.1,-5.5,-14.9
1610,10796747.907563666,12,4.21847725965236,65.78150874034763,548.6177828944992,1,6.439980037384885e-05,0.7561359918014074,0.1686481891907459,0.07521581900784666,200.0,92.08150874034763,-209.98152274034763,-1.4,-1.0,-11.2,0.0,0.0,-29.5,-9.0,-3.5,-6.1,-5.5,-14.9
1611,10796747.907563666,13,4.21847725965236,65.78150874034763,548.6177828944992,1,6.439980037384885e-05,0.7561432730492449,0.1686438132255689,0.07521291372518629,200.0,92.08150874034763,-209.98152274034763,-1.4,-1.0,-11.2,0.0,0.0,-29.5,-9.0,-3.5,-6.1,-5.5,-14.9
1612,10796747.907563666,14,4.21847725965236,65.78150874034763,548.6177828944992,1,6.439980037384885e-05,0.7561505885378647,0.1686387545912206,0.07521065687091476,200.0,92.08150874034763,-209.98152274034763,-1.4,-1.0,-11.2,0.0,0.0,-29.5,-9.0,-3.5,-6.1,-5.5,-14.9
1613,10796747.907563666,15,4.21847725965236,65.78150874034763,548.6177828944992,1,6.439980037384885e-05,0.7561585506293605,0.16863243465597277,0.07520901471466668,200.0,92.08150874034763,-209.98152274034763,-1.4,-1.0,-11.2,0.0,0.0,-29.5,-9.0,-3.5,-6.1,-5.5,-14.9
1614,10796747.907563666,16,4.21847725965236,65.78150874034763,548.6177828944992,1,6.439980037384885e-05,0.7561689589314491,0.16862552289183835,0.0752055181767126,200.0,92.08150874034763,-209.98152274034763,-1.4,-1.0,-11.2,0.0,0.0,-29.5,-9.0,-3.5,-6.1,-5.5,-14.9
1615,10796747.907563666,17,4.21847725965236,65.78150874034763,548.6177828944992,1,6.439980037384885e-05,0.7561786249690771,0.1686192833877666,0.07520209164315633,200.0,92.08150874034763,-209.98152274034763,-1.4,-1.0,-11.2,0.0,0.0,-29.5,-9.0,-3.5,-6.1,-5.5,-14.9
1616,10796747.907563666,18,4.21847725965236,65.78150874034763,548.6177828944992,1,6.439980037384885e-05,0.7561882022746856,0.16861245903874436,0.07519933868656996,200.0,92.08150874034763,-209.98152274034763,-1.4,-1.0,-11.2,0.0,0.0,-29.5,-9.0,-3.5,-6.1,-5.5,-14.9
1617,10796747.907563666,19,4.21847725965236,65.78150874034763,548.6177828944992,1,6.439980037384885e-05,0.7561952393307312,0.16860813983696388,0.07519662083230488,200.0,92.08150874034763,-209.98152274034763,-1.4,-1.0,-11.2,0.0,0.0,-29.5,-9.0,-3.5,-6.1,-5.5,-14.9
1618,10796747.907563666,20,4.21847725965236,65.78150874034763,548.6177828944992,1,6.439980037384885e-05,0.7562017013016245,0.16860497162677868,0.07519332707159694,200.0,92.08150874034763,-209.98152274034763,-1.4,-1.0,-11.2,0.0,0.0,-29.5,-9.0,-3.5,-6.1,-5.5,-14.9
1619,10796747.907563666,21,4.21847725965236,65.78150874034763,548.6177828944992,1,6.439980037384885e-05,0.7562051652100055,0.16860534446950448,0.07518949032049008,200.0,92.08150874034763,-209.98152274034763,-1.4,-1.0,-11.2,0.0,0.0,-29.5,-9.0,-3.5,-6.1,-5.5,-14.9
1620,10796747.907563666,22,4.21847725965236,65.78150874034763,548.6177828944992,1,6.439980037384885e-05,0.7562082373366672,0.1686060210416322,0.07518574162170062,200.0,92.08150874034763,-209.98152274034763,-1.4,-1.0,-11.2,0.0,0.0,-29.5,-9.0,-3.5,-6.1,-5.5,-14.9
1621,10796747.907563666,23,4.21847725965236,65.78150874034763,548.6177828944992,1,6.439980037384885e-05,0.7562090962388062,0.16860943036979148,0.07518147339140241,200.0,92.08150874034763,-209.98152274034763,-1.4,-1.0,-11.2,0.0,0.0,-29.5,-9.0,-3.5,-6.1,-5.5,-14.9
1622,10796747.907563666,24,4.21847725965236,65.78150874034763,548.6177828944992,1,6.439980037384885e-05,0.7562078622502232,0.1686142152009644,0.07517792254881246,200.0,92.08150874034763,-209.98152274034763,-1.4,-1.0,-11.2,0.0,0.0,-29.5,-9.0,-3.5,-6.1,-5.5,-14.9
1623,10796747.907563666,25,4.21847725965236,65.78150874034763,548.6177828944992,1,6.439980037384885e-05,0.7562034257905073,0.16862030996943222,0.07517626424006052,200.0,92.08150874034763,-209.98152274034763,-1.4,-1.0,-11.2,0.0,0.0,-29.5,-9.0,-3.5,-6.1,-5.5,-14.9
1624,10796747.907563666,26,4.21847725965236,65.78150874034763,548.6177828944992,1,6.439980037384885e-05,0.7562020591952819,0.16862275482069786,0.07517518598402023,200.0,92.08150874034763,-209.98152274034763,-1.4,-1.0,-11.2,0.0,0.0,-29.5,-9.0,-3.5,-6.1,-5.5,-14.9
1625,10796747.907563666,27,4.21847725965236,65.78150874034763,548.6177828944992,1,6.439980037384885e-05,0.7562017678984438,0.16862417660706666,0.07517405549448956,200.0,92.08150874034763,-209.98152274034763,-1.4,-1.0,-11.2,0.0,0.0,-29.5,-9.0,-3.5,-6.1,-5.5,-14.9
1626,10796747.907563666,28,4.21847725965236,65.78150874034763,548.6177828944992,1,6.439980037384885e-05,0.7561994435469259,0.16862767747916815,0.07517287897390593,200.0,92.08150874034763,-209.98152274034763,-1.4,-1.0,-11.2,0.0,0.0,-29.5,-9.0,-3.5,-6.1,-5.5,-14.9
1627,10796747.907563666,29,4.21847725965236,65.78150874034763,548.6177828944992,1,6.439980037384885e-05,0.7561982419620246,0.1686301026111252,0.07517165542685025,200.0,92.08150874034763,-209.98152274034763,-1.4,-1.0,-11.2,0.0,0.0,-29.5,-9.0,-3.5,-6.1,-5.5,-14.9
1628,10796747.907563666,30,4.21847725965236,65.78150874034763,548.6177828944992,1,6.439980037384885e-05,0.7561987120240997,0.16863150470177302,0.07516978327412727,200.0,92.08150874034763,-209.98152274034763,-1.4,-1.0,-11.2,0.0,0.0,-29.5,-9.0,-3.5,-6.1,-5.5,-14.9
1629,10796747.907563666,31,4.21847725965236,65.78150874034763,548.6177828944992,1,6.439980037384885e-05,0.7562025922870612,0.16863071641042315,0.07516669130251569,200.0,92.08150874034763,-209.98152274034763,-1.4,-1.0,-11.2,0.0,0.0,-29.5,-9.0,-3.5,-6.1,-5.5,-14.9
1630,10796747.907563666,32,4.21847725965236,65.78150874034763,548.6177828944992,1,6.439980037384885e-05,0.7562072713341658,0.1686302828559967,0.07516244580983747,200.0,92.08150874034763,-209.98152274034763,-1.4,-1.0,-11.2,0.0,0.0,-29.5,-9.0,-3.5,-6.1,-5.5,-14.9
1631,10796747.907563666,33,4.21847725965236,65.78150874034763,548.6177828944992,1,6.439980037384885e-05,0.7562102810759395,0.16863140683259353,0.07515831209146695,200.0,92.08150874034763,-209.98152274034763,-1.4,-1.0,-11.2,0.0,0.0,-29.5,-9.0,-3.5,-6.1,-5.5,-14.9
1632,10796747.907563666,34,4.21847725965236,65.78150874034763,548.6177828944992,1,6.439980037384885e-05,0.756212323005314,0.16863219080141822,0.07515548619326781,200.0,92.08150874034763,-209.98152274034763,-1.4,-1.0,-11.2,0.0,0.0,-29.5,-9.0,-3.5,-6.1,-5.5,-14.9
1633,10796747.907563666,35,4.21847725965236,65.78150874034763,548.6177828944992,1,6.439980037384885e-05,0.756214046473275,0.16863325441593036,0.07515269911079472,200.0,92.08150874034763,-209.98152274034763,-1.4,-1.0,-11.2,0.0,0.0,-29.5,-9.0,-3.5,-6.1,-5.5,-14.9
1634,10796747.907563666,36,4.21847725965236,65.78150874034763,548.6177828944992,1,6.439980037384885e-05,0.7562130406838292,0.1686364069319259,0.07515055238424484,200.0,92.08150874034763,-209.98152274034763,-1.4,-1.0,-11.2,0.0,0.0,-29.5,-9.0,-3.5,-6.1,-5.5,-14.9
1635,10796747.907563666,37,4.21847725965236,65.78150874034763,548.6177828944992,1,6.439980037384885e-05,0.7562161054475767,0.16863788876148755,0.07514600579093586,200.0,92.08150874034763,-209.98152274034763,-1.4,-1.0,-11.2,0.0,0.0,-29.5,-9.0,-3.5,-6.1,-5.5,-14.9
1636,10796747.907563666,38,4.21847725965236,65.78150874034763,548.6177828944992,1,6.439980037384885e-05,0.7562200224014242,0.16863719469117658,0.07514278290739926,200.0,92.08150874034763,-209.98152274034763,-1.4,-1.0,-11.2,0.0,0.0,-29.5,-9.0,-3.5,-6.1,-5.5,-14.9
1637,10796747.907563666,39,4.21847725965236,65.78150874034763,548.6177828944992,1,6.439980037384885e-05,0.7562235375445756,0.1686350447078523,0.07514141774757215,200.0,92.08150874034763,-209.98152274034763,-1.4,-1.0,-11.2,0.0,0.0,-29.5,-9.0,-3.5,-6.1,-5.5,-14.9
1638,10796747.907563666,40,4.21847725965236,65.78150874034763,548.6177828944992,1,6.439980037384885e-05,0.7562242432878584,0.16863453671813555,0.0751412199940061,200.0,92.08150874034763,-209.98152274034763,-1.4,-1.0,-11.2,0.0,0.0,-29.5,-9.0,-3.5,-6.1,-5.5,-14.9
1639,10796747.907563666,41,4.21847725965236,65.78150874034763,548.6177828944992,1,6.439980037384885e-05,0.7562234968635291,0.16863377442904526,0.07514272870742565,200.0,92.08150874034763,-209.98152274034763,-1.4,-1.0,-11.2,0.0,0.0,-29.5,-9.0,-3.5,-6.1,-5.5,-14.9
1640,10796747.907563666,42,4.21847725965236,65.78150874034763,548.6177828944992,1,6.439980037384885e-05,0.7562249853259664,0.16863275712380005,0.07514225755023361,200.0,92.08150874034763,-209.98152274034763,-1.4,-1.0,-11.2,0.0,0.0,-29.5,-9.0,-3.5,-6.1,-5.5,-14.9
1641,10796747.907563666,43,4.21847725965236,65.78150874034763,548.6177828944992,1,6.439980037384885e-05,0.7562255825831335,0.16863211125234745,0.07514230616451908,200.0,92.08150874034763,-209.98152274034763,-1.4,-1.0,-11.2,0.0,0.0,-29.5,-9.0,-3.5,-6.1,-5.5,-14.9
1642,10796747.907563666,44,4.21847725965236,65.78150874034763,548.6177828944992,1,6.439980037384885e-05,0.7562241249532367,0.1686330255646751,0.0751428494820883,200.0,92.08150874034763,-209.98152274034763,-1.4,-1.0,-11.2,0.0,0.0,-29.5,-9.0,-3.5,-6.1,-5.5,-14.9
1643,10796747.907563666,45,4.21847725965236,65.78150874034763,548.6177828944992,1,6.439980037384885e-05,0.7562237321018025,0.16863360511777825,0.07514266278041923,200.0,92.08150874034763,-209.98152274034763,-1.4,-1.0,-11.2,0.0,0.0,-29.5,-9.0,-3.5,-6.1,-5.5,-14.9
1644,10796747.907563666,46,4.21847725965236,65.78150874034763,548.6177828944992,1,6.439980037384885e-05,0.7562207252411601,0.16863748701205541,0.07514178774678447,200.0,92.08150874034763,-209.98152274034763,-1.4,-1.0,-11.2,0.0,0.0,-29.5,-9.0,-3.5,-6.1,-5.5,-14.9
1645,10796747.907563666,47,4.21847725965236,65.78150874034763,548.6177828944992,1,6.439980037384885e-05,0.7562158595774394,0.1686408955486312,0.07514324487392939,200.0,92.08150874034763,-209.98152274034763,-1.4,-1.0,-11.2,0.0,0.0,-29.5,-9.0,-3.5,-6.1,-5.5,-14.9
1646,10796747.907563666,48,4.21847725965236,65.78150874034763,548.6177828944992,1,6.439980037384885e-05,0.7562092157745078,0.16864625712574846,0.0751445270997437,200.0,92.08150874034763,-209.98152274034763,-1.4,-1.0,-11.2,0.0,0.0,-29.5,-9.0,-3.5,-6.1,-5.5,-14.9
1647,10796747.907563666,49,4.21847725965236,65.78150874034763,548.6177828944992,1,6.439980037384885e-05,0.7562033013588723,0.16865046099829972,0.07514623764282796,200.0,92.08150874034763,-209.98152274034763,-1.4,-1.0,-11.2,0.0,0.0,-29.5,-9.0,-3.5,-6.1,-5.5,-14.9
1648,10796747.907563666,0,4.21847725965236,65.78150874034763,548.6177828944992,1,6.439980037384885e-05,0.7561974730759182,0.1686547683708137,0.0751477585532681,200.0,92.08150874034763,-209.98152274034763,-1.4,-1.0,-11.2,0.0,0.0,-29.5,-9.0,-3.5,-6.1,-5.5,-14.9
1649,10796747.907563666,1,4.21847725965236,65.78150874034763,548.6177828944992,1,6.439980037384885e-05,0.7561965352028338,0.168656158373918,0.07514730642324824,200.0,92.08150874034763,-209.98152274034763,-1.4,-1.0,-11.2,0.0,0.0,-29.5,-9.0,-3.5,-6.1,-5.5,-14.9
1650,10796747.907563666,2,4.21847725965236,65.78150874034763,548.6177828944992,1,6.439980037384885e-05,0.7561936300523743,0.16865899835104817,0.07514737159657763,200.0,92.08150874034763,-209.98152274034763,-1.4,-1.0,-11.2,0.0,0.0,-29.5,-9.0,-3.5,-6.1,-5.5,-14.9
1651,10796747.907563666,3,4.21847725965236,65.78150874034763,548.6177828944992,1,6.439980037384885e-05,0.7561900614310856,0.16866201217554352,0.07514792639337094,200.0,92.08150874034763,-209.98152274034763,-1.4,-1.0,-11.2,0.0,0.0,-29.5,-9.0,-3.5,-6.1,-5.5,-14.9
1652,10796747.907563666,4,4.21847725965236,65.78150874034763,548.6177828944992,1,6.439980037384885e-05,0.7561834611808668,0.16866699532765764,0.07514954349147561,200.0,92.08150874034763,-209.98152274034763,-1.4,-1.0,-11.2,0.0,0.0,-29.5,-9.0,-3.5,-6.1,-5.5,-14.9
1653,10796747.907563666,5,4.21847725965236,65.78150874034763,548.6177828944992,1,6.439980037384885e-05,0.7561781816016753,0.16867143849333943,0.07515037990498528,200.0,92.08150874034763,-209.98152274034763,-1.4,-1.0,-11.2,0.0,0.0,-29.5,-9.0,-3.5,-6.1,-5.5,-14.9
1654,10796747.907563666,6,4.21847725965236,65.78150874034763,548.6177828944992,1,6.439980037384885e-05,0.7561777475076482,0.16867356203902484,0.0751486904533269,200.0,92.08150874034763,-209.98152274034763,-1.4,-1.0,-11.2,0.0,0.0,-29.5,-9.0,-3.5,-6.1,-5.5,-14.9
1655,10796747.907563666,7,4.21847725965236,65.78150874034763,548.6177828944992,1,6.439980037384885e-05,0.7561783317570001,0.1686734990719564,0.07514816917104344,200.0,92.08150874034763,-209.98152274034763,-1.4,-1.0,-11.2,0.0,0.0,-29.5,-9.0,-3.5,-6.1,-5.5,-14.9
1656,10796747.907563666,8,4.21847725965236,65.78150874034763,548.6177828944992,1,6.439980037384885e-05,0.7561750872337542,0.16867555700369244,0.07514935576255337,200.0,92.08150874034763,-209.98152274034763,-1.4,-1.0,-11.2,0.0,0.0,-29.5,-9.0,-3.5,-6.1,-5.5,-14.9
1657,10796747.907563666,9,4.21847725965236,65.78150874034763,548.6177828944992,1,6.439980037384885e-05,0.756169997082249,0.16867962131311895,0.07515038160463203,200.0,92.08150874034763,-209.98152274034763,-1.4,-1.0,-11.2,0.0,0.0,-29.5,-9.0,-3.5,-6.1,-5.5,-14.9
1658,10796747.907563666,10,4.21847725965236,65.78150874034763,548.6177828944992,1,6.439980037384885e-05,0.7561667477609114,0.16868259394447013,0.07515065829461849,200.0,92.08150874034763,-209.98152274034763,-1.4,-1.0,-11.2,0.0,0.0,-29.5,-9.0,-3.5,-6.1,-5.5,-14.9
1659,10796747.907563666,11,4.21847725965236,65.78150874034763,548.6177828944992,1,6.439980037384885e-05,0.7561646566561041,0.1686833411914989,0.07515200215239708,200.0,92.08150874034763,-209.98152274034763,-1.4,-1.0,-11.2,0.0,0.0,-29.5,-9.0,-3.5,-6.1,-5.5,-14.9
1660,10796747.907563666,12,4.21847725965236,65.78150874034763,548.6177828944992,1,6.439980037384885e-05,0.7561648403609433,0.16868435437930052,0.07515080525975625,200.0,92.08150874034763,-209.98152274034763,-1.4,-1.0,-11.2,0.0,0.0,-29.5,-9.0,-3.5,-6.1,-5.5,-14.9
1661,10796747.907563666,13,4.21847725965236,65.78150874034763,548.6177828944992,1,6.439980037384885e-05,0.7561659926104065,0.1686856241329869,0.07514838325660658,200.0,92.08150874034763,-209.98152274034763,-1.4,-1.0,-11.2,0.0,0.0,-29.5,-9.0,-3.5,-6.1,-5.5,-14.9
1662,10796747.907563666,14,4.21847725965236,65.78150874034763,548.6177828944992,1,6.439980037384885e-05,0.756166286768737,0.16868654970342634,0.0751471635278367,200.0,92.08150874034763,-209.98152274034763,-1.4,-1.0,-11.2,0.0,0.0,-29.5,-9.0,-3.5,-6.1,-5.5,-14.9
1663,10796747.907563666,15,4.21847725965236,65.78150874034763,548.6177828944992,1,6.439980037384885e-05,0.756169938766491,0.16868416187178029,0.0751458993617287,200.0,92.08150874034763,-209.98152274034763,-1.4,-1.0,-11.2,0.0,0.0,-29.5,-9.0,-3.5,-6.1,-5.5,-14.9
1664,10796747.907563666,16,4.21847725965236,65.78150874034763,548.6177828944992,1,6.439980037384885e-05,0.7561737928388234,0.16868161067707002,0.07514459648410668,200.0,92.08150874034763,-209.98152274034763,-1.4,-1.0,-11.2,0.0,0.0,-29.5,-9.0,-3.5,-6.1,-5.5,-14.9
1665,10796747.907563666,17,4.21847725965236,65.78150874034763,548.6177828944992,1,6.439980037384885e-05,0.7561790306327193,0.16867771383767205,0.07514325552960871,200.0,92.08150874034763,-209.98152274034763,-1.4,-1.0,-11.2,0.0,0.0,-29.5,-9.0,-3.5,-6.1,-5.5,-14.9
1666,10796747.907563666,18,4.21847725965236,65.78150874034763,548.6177828944992,1,6.439980037384885e-05,0.7561831980259066,0.16867492059388342,0.07514188138021002,200.0,92.08150874034763,-209.98152274034763,-1.4,-1.0,-11.2,0.0,0.0,-29.5,-9.0,-3.5,-6.1,-5.5,-14.9
1667,10796747.907563666,19,4.21847725965236,65.78150874034763,548.6177828944992,1,6.439980037384885e-05,0.7561875436770464,0.16867139301889658,0.07514106330405705,200.0,92.08150874034763,-209.98152274034763,-1.4,-1.0,-11.2,0.0,0.0,-29.5,-9.0,-3.5,-6.1,-5.5,-14.9
1668,10796747.907563666,20,4.21847725965236,65.78150874034763,548.6177828944992,1,6.439980037384885e-05,0.7561896779334487,0.1686695461980647,0.0751407758684866,200.0,92.08150874034763,-209.98152274034763,-1.4,-1.0,-11.2,0.0,0.0,-29.5,-9.0,-3.5,-6.1,-5.5,-14.9
1669,10796747.907563666,21,4.21847725965236,65.78150874034763,548.6177828944992,1,6.439980037384885e-05,0.7561909118391819,0.16866633101082332,0.07514275714999478,200.0,92.08150874034763,-209.98152274034763,-1.4,-1.0,-11.2,0.0,0.0,-29.5,-9.0,-3.5,-6.1,-5.5,-14.9
1670,10796747.907563666,22,4.21847725965236,65.78150874034763,548.6177828944992,1,6.439980037384885e-05,0.7561895041686948,0.16866418952487666,0.0751463063064285,200.0,92.08150874034763,-209.98152274034763,-1.4,-1.0,-11.2,0.0,0.0,-29.5,-9.0,-3.5,-6.1,-5.5,-14.9
1671,10796747.907563666,23,4.21847725965236,65.78150874034763,548.6177828944992,1,6.439980037384885e-05,0.7561897422510339,0.1686600967245223,0.07515016102444386,200.0,92.08150874034763,-209.98152274034763,-1.4,-1.0,-11.2,0.0,0.0,-29.5,-9.0,-3.5,-6.1,-5.5,-14.9
1672,10796747.907563666,24,4.21847725965236,65.78150874034763,548.6177828944992,1,6.439980037384885e-05,0.7561891657756493,0.16865711452046345,0.07515371970388726,200.0,92.08150874034763,-209.98152274034763,-1.4,-1.0,-11.2,0.0,0.0,-29.5,-9.0,-3.5,-6.1,-5.5,-14.9
1673,10796747.907563666,25,4.21847725965236,65.78150874034763,548.6177828944992,1,6.439980037384885e-05,0.7561895994437429,0.16865222865103238,0.07515817190522482,200.0,92.08150874034763,-209.98152274034763,-1.4,-1.0,-11.2,0.0,0.0,-29.5,-9.0,-3.5,-6.1,-5.5,-14.9
1674,10796747.907563666,26,4.21847725965236,65.78150874034763,548.6177828944992,1,6.439980037384885e-05,0.7561909859329901,0.16864730663104494,0.07516170743596504,200.0,92.08150874034763,-209.98152274034763,-1.4,-1.0,-11.2,0.0,0.0,-29.5,-9.0,-3.5,-6.1,-5.5,-14.9
1675,10796747.907563666,27,4.21847725965236,65.78150874034763,548.6177828944992,1,6.439980037384885e-05,0.7561920872716458,0.16864471265113198,0.07516320007722228,200.0,92.08150874034763,-209.98152274034763,-1.4,-1.0,-11.2,0.0,0.0,-29.5,-9.0,-3.5,-6.1,-5.5,-14.9
1676,10796747.907563666,28,4.21847725965236,65.78150874034763,548.6177828944992,1,6.439980037384885e-05,0.7561941082951874,0.16864137779196364,0.075164513912849,200.0,92.08150874034763,-209.98152274034763,-1.4,-1.0,-11.2,0.0,0.0,-29.5,-9.0,-3.5,-6.1,-5.5,-14.9
1677,10796747.907563666,29,4.21847725965236,65.78150874034763,548.6177828944992,1,6.439980037384885e-05,0.7561970039340136,0.16863675164064545,0.07516624442534107,200.0,92.08150874034763,-209.98152274034763,-1.4,-1.0,-11.2,0.0,0.0,-29.5,-9.0,-3.5,-6.1,-5.5,-14.9
1678,10796747.907563666,30,4.21847725965236,65.78150874034763,548.6177828944992,1,6.439980037384885e-05,0.7561983663886459,0.1686326739630839,0.07516895964827024,200.0,92.08150874034763,-209.98152274034763,-1.4,-1.0,-11.2,0.0,0.0,-29.5,-9.0,-3.5,-6.1,-5.5,-14.9
1679,10796747.907563666,31,4.21847725965236,65.78150874034763,548.6177828944992,1,6.439980037384885e-05,0.7561994550663778,0.16862793678276003,0.07517260815086223,200.0,92.08150874034763,-209.98152274034763,-1.4,-1.0,-11.2,0.0,0.0,-29.5,-9.0,-3.5,-6.1,-5.5,-14.9
1680,10796747.907563666,32,4.21847725965236,65.78150874034763,548.6177828944992,1,6.439980037384885e-05,0.7561973296249603,0.16862611048915407,0.07517655988588558,200.0,92.08150874034763,-209.98152274034763,-1.4,-1.0,-11.2,0.0,0.0,-29.5,-9.0,-3.5,-6.1,-5.5,-14.9
1681,10796747.907563666,33,4.21847725965236,65.78150874034763,548.6177828944992,1,6.439980037384885e-05,0.7561956920181722,0.16862468480817755,0.07517962317365033,200.0,92.08150874034763,-209.98152274034763,-1.4,-1.0,-11.2,0.0,0.0,-29.5,-9.0,-3.5,-6.1,-5.5,-14.9
1682,10796747.907563666,34,4.21847725965236,65.78150874034763,548.6177828944992,1,6.439980037384885e-05,0.7561962929443049,0.16861952386688356,0.07518418318881151,200.0,92.08150874034763,-209.98152274034763,-1.4,-1.0,-11.2,0.0,0.0,-29.5,-9.0,-3.5,-6.1,-5.5,-14.9
1683,10796747.907563666,35,4.21847725965236,65.78150874034763,548.6177828944992,1,6.439980037384885e-05,0.7561972438987349,0.16861493181764867,0.07518782428361646,200.0,92.08150874034763,-209.98152274034763,-1.4,-1.0,-11.2,0.0,0.0,-29.5,-9.0,-3.5,-6.1,-5.5,-14.9
1684,10796747.907563666,36,4.21847725965236,65.78150874034763,548.6177828944992,1,6.439980037384885e-05,0.7562026479071448,0.16860676402936764,0.07519058806348762,200.0,92.08150874034763,-209.98152274034763,-1.4,-1.0,-11.2,0.0,0.0,-29.5,-9.0,-3.5,-6.1,-5.5,-14.9
1685,10796747.907563666,37,4.21847725965236,65.78150874034763,548.6177828944992,1,6.439980037384885e-05,0.7562063975334505,0.16859873743958056,0.0751948650269689,200.0,92.08150874034763,-209.98152274034763,-1.4,-1.0,-11.2,0.0,0.0,-29.5,-9.0,-3.5,-6.1,-5.5,-14.9
1686,10796747.907563666,38,4.21847725965236,65.78150874034763,548.6177828944992,1,6.439980037384885e-05,0.7562097484318361,0.16859259672204116,0.07519765484612276,200.0,92.08150874034763,-209.98152274034763,-1.4,-1.0,-11.2,0.0,0.0,-29.5,-9.0,-3.5,-6.1,-5.5,-14.9
1687,10796747.907563666,39,4.21847725965236,65.78150874034763,548.6177828944992,1,6.439980037384885e-05,0.7562109605322568,0.16858825212788092,0.07520078733986231,200.0,92.08150874034763,-209.98152274034763,-1.4,-1.0,-11.2,0.0,0.0,-29.5,-9.0,-3.5,-6.1,-5.5,-14.9
1688,10796747.907563666,40,4.21847725965236,65.78150874034763,548.6177828944992,1,6.439980037384885e-05,0.7562136648646843,0.1685832618352278,0.07520307330008784,200.0,92.08150874034763,-209.98152274034763,-1.4,-1.0,-11.2,0.0,0.0,-29.5,-9.0,-3.5,-6.1,-5.5,-14.9
1689,10796747.907563666,41,4.21847725965236,65.78150874034763,548.6177828944992,1,6.439980037384885e-05,0.756217199012033,0.16857766125618728,0.0752051397317797,200.0,92.08150874034763,-209.98152274034763,-1.4,-1.0,-11.2,0.0,0.0,-29.5,-9.0,-3.5,-6.1,-5.5,-14.9
1690,10796747.907563666,42,4.21847725965236,65.78150874034763,548.6177828944992,1,6.439980037384885e-05,0.7562203491980265,0.16857148602339353,0.07520816477858006,200.0,92.08150874034763,-209.98152274034763,-1.4,-1.0,-11.2,0.0,0.0,-29.5,-9.0,-3.5,-6.1,-5.5,-14.9
1691,10796747.907563666,43,4.21847725965236,65.78150874034763,548.6177828944992,1,6.439980037384885e-05,0.7562225476037164,0.1685659345870389,0.07521151780924473,200.0,92.08150874034763,-209.98152274034763,-1.4,-1.0,-11.2,0.0,0.0,-29.5,-9.0,-3.5,-6.1,-5.5,-14.9
1692,10796747.907563666,44,4.21847725965236,65.78150874034763,548.6177828944992,1,6.439980037384885e-05,0.7562255975465609,0.1685609695620856,0.07521343289135352,200.0,92.08150874034763,-209.98152274034763,-1.4,-1.0,-11.2,0.0,0.0,-29.5,-9.0,-3.5,-6.1,-5.5,-14.9
1693,10796747.907563666,45,4.21847725965236,65.78150874034763,548.6177828944992,1,6.439980037384885e-05,0.756228872579854,0.16855539782165033,0.07521572959849569,200.0,92.08150874034763,-209.98152274034763,-1.4,-1.0,-11.2,0.0,0.0,-29.5,-9.0,-3.5,-6.1,-5.5,-14.9
1694,10796747.907563666,46,4.21847725965236,65.78150874034763,548.6177828944992,1,6.439980037384885e-05,0.7562317749727984,0.16855041733343834,0.0752178076937634,200.0,92.08150874034763,-209.98152274034763,-1.4,-1.0,-11.2,0.0,0.0,-29.5,-9.0,-3.5,-6.1,-5.5,-14.9
1695,10796747.907563666,47,4.21847725965236,65.78150874034763,548.6177828944992,1,6.439980037384885e-05,0.7562319851815936,0.16854775236631062,0.07522026245209583,200.0,92.08150874034763,-209.98152274034763,-1.4,-1.0,-11.2,0.0,0.0,-29.5,-9.0,-3.5,-6.1,-5.5,-14.9
1696,10796747.907563666,48,4.21847725965236,65.78150874034763,548.6177828944992,1,6.439980037384885e-05,0.7562349008113275,0.1685420315962208,0.07522306759245175,200.0,92.08150874034763,-209.98152274034763,-1.4,-1.0,-11.2,0.0,0.0,-29.5,-9.0,-3.5,-6.1,-5.5,-14.9
1697,10796747.907563666,49,4.21847725965236,65.78150874034763,548.6177828944992,1,6.439980037384885e-05,0.7562380446424175,0.16853748871043112,0.07522446664715142,200.0,92.08150874034763,-209.98152274034763,-1.4,-1.0,-11.2,0.0,0.0,-29.5,-9.0,-3.5,-6.1,-5.5,-14.9
1698,10796747.907563666,0,4.21847725965236,65.78150874034763,548.6177828944992,1,6.439980037384885e-05,0.7562396524519801,0.168535813056376,0.07522453449164386,200.0,92.08150874034763,-209.98152274034763,-1.4,-1.0,-11.2,0.0,0.0,-29.5,-9.0,-3.5,-6.1,-5.5,-14.9
1699,10796747.907563666,1,4.21847725965236,65.78150874034763,548.6177828944992,1,6.439980037384885e-05,0.7562421416933423,0.16853220451266807,0.07522565379398966,200.0,92.08150874034763,-209.98152274034763,-1.4,-1.0,-11.2,0.0,0.0,-29.5,-9.0,-3.5,-6.1,-5.5,-14.9
1700,10796747.907563666,2,4.21847725965236,65.78150874034763,548.6177828944992,1,6.439980037384885e-05,0.7562419687426376,0.16852967574367905,0.07522835551368336,200.0,92.08150874034763,-209.98152274034763,-1.4,-1.0,-11.2,0.0,0.0,-29.5,-9.0,-3.5,-6.1,-5.5,-14.9
1701,10796747.907563666,3,4.21847725965236,65.78150874034763,548.6177828944992,1,6.439980037384885e-05,0.7562427647667546,0.16852410012901917,0.07523313510422631,200.0,92.08150874034763,-209.98152274034763,-1.4,-1.0,-11.2,0.0,0.0,-29.5,-9.0,-3.5,-6.1,-5.5,-14.9
1702,10796747.907563666,4,4.21847725965236,65.78150874034763,548.6177828944992,1,6.439980037384885e-05,0.7562409852187495,0.16852144128028246,0.07523757350096813,200.0,92.08150874034763,-209.98152274034763,-1.4,-1.0,-11.2,0.0,0.0,-29.5,-9.0,-3.5,-6.1,-5.5,-14.9
1703,10796747.907563666,5,4.21847725965236,65.78150874034763,548.6177828944992,1,6.439980037384885e-05,0.756240835148933,0.16851806156713653,0.07524110328393048,200.0,92.08150874034763,-209.98152274034763,-1.4,-1.0,-11.2,0.0,0.0,-29.5,-9.0,-3.5,-6.1,-5.5,-14.9
1704,10796747.907563666,6,4.21847725965236,65.78150874034763,548.6177828944992,1,6.439980037384885e-05,0.7562399052281424,0.1685151633737178,0.07524493139813973,200.0,92.08150874034763,-209.98152274034763,-1.4,-1.0,-11.2,0.0,0.0,-29.5,-9.0,-3.5,-6.1,-5.5,-14.9
1705,10796747.907563666,7,4.21847725965236,65.78150874034763,548.6177828944992,1,6.439980037384885e-05,0.7562370721285729,0.16851446245958485,0.0752484654118423,200.0,92.08150874034763,-209.98152274034763,-1.4,-1.0,-11.2,0.0,0.0,-29.5,-9.0,-3.5,-6.1,-5.5,-14.9
1706,10796747.907563666,8,4.21847725965236,65.78150874034763,548.6177828944992,1,6.439980037384885e-05,0.7562353374879824,0.1685141020897081,0.07525056042230951,200.0,92.08150874034763,-209.98152274034763,-1.4,-1.0,-11.2,0.0,0.0,-29.5,-9.0,-3.5,-6.1,-5.5,-14.9
1707,10796747.907563666,9,4.21847725965236,65.78150874034763,548.6177828944992,1,6.439980037384885e-05,0.7562329053095067,0.1685134920369628,0.07525360265353054,200.0,92.08150874034763,-209.98152274034763,-1.4,-1.0,-11.2,0.0,0.0,-29.5,-9.0,-3.5,-6.1,-5.5,-14.9
1708,10796747.907563666,10,4.21847725965236,65.78150874034763,548.6177828944992,1,6.439980037384885e-05,0.7562315509649419,0.16851263967742244,0.07525580935763575,200.0,92.08150874034763,-209.98152274034763,-1.4,-1.0,-11.2,0.0,0.0,-29.5,-9.0,-3.5,-6.1,-5.5,-14.9
1709,10796747.907563666,11,4.21847725965236,65.78150874034763,548.6177828944992,1,6.439980037384885e-05,0.7562312204300135,0.16851040251639546,0.07525837705359106,200.0,92.08150874034763,-209.98152274034763,-1.4,-1.0,-11.2,0.0,0.0,-29.5,-9.0,-3.5,-6.1,-5.5,-14.9
1710,10796747.907563666,12,4.21847725965236,65.78150874034763,548.6177828944992,1,6.439980037384885e-05,0.7562278038521532,0.16850917239341365,0.07526302375443326,200.0,92.08150874034763,-209.98152274034763,-1.4,-1.0,-11.2,0.0,0.0,-29.5,-9.0,-3.5,-6.1,-5.5,-14.9
1711,10796747.907563666,13,4.21847725965236,65.78150874034763,548.6177828944992,1,6.439980037384885e-05,0.7562266723563619,0.16850715178999195,0.0752661758536462,200.0,92.08150874034763,-209.98152274034763,-1.4,-1.0,-11.2,0.0,0.0,-29.5,-9.0,-3.5,-6.1,-5.5,-14.9
1712,10796747.907563666,14,4.21847725965236,65.78150874034763,548.6177828944992,1,6.439980037384885e-05,0.7562294446832887,0.16850091899973668,0.07526963631697468,200.0,92.08150874034763,-209.98152274034763,-1.4,-1.0,-11.2,0.0,0.0,-29.5,-9.0,-3.5,-6.1,-5.5,-14.9
1713,10796747.907563666,15,4.21847725965236,65.78150874034763,548.6177828944992,1,6.439980037384885e-05,0.7562318720155231,0.1684947331700935,0.07527339481438343,200.0,92.08150874034763,-209.98152274034763,-1.4,-1.0,-11.2,0.0,0.0,-29.5,-9.0,-3.5,-6.1,-5.5,-14.9
1714,10796747.907563666,16,4.21847725965236,65.78150874034763,548.6177828944992,1,6.439980037384885e-05,0.7562316595336507,0.1684903251846747,0.0752780152816746,200.0,92.08150874034763,-209.98152274034763,-1.4,-1.0,-11.2,0.0,0.0,-29.5,-9.0,-3.5,-6.1,-5.5,-14.9
1715,10796747.907563666,17,4.21847725965236,65.78150874034763,548.6177828944992,1,6.439980037384885e-05,0.7562312535464971,0.16848644759996087,0.075282298853542,200.0,92.08150874034763,-209.98152274034763,-1.4,-1.0,-11.2,0.0,0.0,-29.5,-9.0,-3.5,-6.1,-5.5,-14.9
1716,10796747.907563666,18,4.21847725965236,65.78150874034763,548.6177828944992,1,6.439980037384885e-05,0.7562271975052864,0.16848480835204857,0.07528799414266506,200.0,92.08150874034763,-209.98152274034763,-1.4,-1.0,-11.2,0.0,0.0,-29.5,-9.0,-3.5,-6.1,-5.5,-14.9
1717,10796747.907563666,19,4.21847725965236,65.78150874034763,548.6177828944992,1,6.439980037384885e-05,0.7562237179511042,0.16848183347343668,0.0752944485754592,200.0,92.08150874034763,-209.98152274034763,-1.4,-1.0,-11.2,0.0,0.0,-29.5,-9.0,-3.5,-6.1,-5.5,-14.9
1718,10796747.907563666,20,4.21847725965236,65.78150874034763,548.6177828944992,1,6.439980037384885e-05,0.7562236714052748,0.1684764357939345,0.07529989280079073,200.0,92.08150874034763,-209.98152274034763,-1.4,-1.0,-11.2,0.0,0.0,-29.5,-9.0,-3.5,-6.1,-5.5,-14.9
1719,10796747.907563666,21,4.21847725965236,65.78150874034763,548.6177828944992,1,6.439980037384885e-05,0.7562263039376842,0.16846874218884875,0.07530495387346708,200.0,92.08150874034763,-209.98152274034763,-1.4,-1.0,-11.2,0.0,0.0,-29.5,-9.0,-3.5,-6.1,-5.5,-14.9
1720,10796747.907563666,22,4.21847725965236,65.78150874034763,548.6177828944992,1,6.439980037384885e-05,0.7562280231699304,0.1684617461242537,0.07531023070581593,200.0,92.08150874034763,-209.98152274034763,-1.4,-1.0,-11.2,0.0,0.0,-29.5,-9.0,-3.5,-6.1,-5.5,-14.9
1721,10796747.907563666,23,4.21847725965236,65.78150874034763,548.6177828944992,1,6.439980037384885e-05,0.7562288770728216,0.16845598529361788,0.07531513763356047,200.0,92.08150874034763,-209.98152274034763,-1.4,-1.0,-11.2,0.0,0.0,-29.5,-9.0,-3.5,-6.1,-5.5,-14.9
1722,10796747.907563666,24,4.21847725965236,65.78150874034763,548.6177828944992,1,6.439980037384885e-05,0.7562300565376555,0.16844910355436168,0.07532083990798288,200.0,92.08150874034763,-209.98152274034763,-1.4,-1.0,-11.2,0.0,0.0,-29.5,-9.0,-3.5,-6.1,-5.5,-14.9
1723,10796747.907563666,25,4.21847725965236,65.78150874034763,548.6177828944992,1,6.439980037384885e-05,0.7562315461413215,0.16844173097926718,0.07532672287941135,200.0,92.08150874034763,-209.98152274034763,-1.4,-1.0,-11.2,0.0,0.0,-29.5,-9.0,-3.5,-6.1,-5.5,-14.9
1724,10796747.907563666,26,4.21847725965236,65.78150874034763,548.6177828944992,1,6.439980037384885e-05,0.7562321835535314,0.16843561148694935,0.07533220495951926,200.0,92.08150874034763,-209.98152274034763,-1.4,-1.0,-11.2,0.0,0.0,-29.5,-9.0,-3.5,-6.1,-5.5,-14.9
1725,10796747.907563666,27,4.21847725965236,65.78150874034763,548.6177828944992,1,6.439980037384885e-05,0.7562314397749981,0.16843182640474075,0.07533673382026124,200.0,92.08150874034763,-209.98152274034763,-1.4,-1.0,-11.2,0.0,0.0,-29.5,-9.0,-3.5,-6.1,-5.5,-14.9
1726,10796747.907563666,28,4.21847725965236,65.78150874034763,548.6177828944992,1,6.439980037384885e-05,0.7562293855637963,0.16843082903535472,0.07533978540084897,200.0,92.08150874034763,-209.98152274034763,-1.4,-1.0,-11.2,0.0,0.0,-29.5,-9.0,-3.5,-6.1,-5.5,-14.9
1727,10796747.907563666,29,4.21847725965236,65.78150874034763,548.6177828944992,1,6.439980037384885e-05,0.7562272324893559,0.1684301892558015,0.07534257825484268,200.0,92.08150874034763,-209.98152274034763,-1.4,-1.0,-11.2,0.0,0.0,-29.5,-9.0,-3.5,-6.1,-5.5,-14.9
1728,10796747.907563666,30,4.21847725965236,65.78150874034763,548.6177828944992,1,6.439980037384885e-05,0.7562255580691352,0.1684287453351055,0.07534569659575929,200.0,92.08150874034763,-209.98152274034763,-1.4,-1.0,-11.2,0.0,0.0,-29.5,-9.0,-3.5,-6.1,-5.5,-14.9
1729,10796747.907563666,31,4.21847725965236,65.78150874034763,548.6177828944992,1,6.439980037384885e-05,0.7562243398815789,0.16842767970603553,0.0753479804123856,200.0,92.08150874034763,-209.98152274034763,-1.4,-1.0,-11.2,0.0,0.0,-29.5,-9.0,-3.5,-6.1,-5.5,-14.9
1730,10796747.907563666,32,4.21847725965236,65.78150874034763,548.6177828944992,1,6.439980037384885e-05,0.7562258436645326,0.16842411606743266,0.07535004026803473,200.0,92.08150874034763,-209.98152274034763,-1.4,-1.0,-11.2,0.0,0.0,-29.5,-9.0,-3.5,-6.1,-5.5,-14.9
1731,10796747.907563666,33,4.21847725965236,65.78150874034763,548.6177828944992,1,6.439980037384885e-05,0.7562270694261894,0.16842103905709996,0.07535189151671066,200.0,92.08150874034763,-209.98152274034763,-1.4,-1.0,-11.2,0.0,0.0,-29.5,-9.0,-3.5,-6.1,-5.5,-14.9
1732,10796747.907563666,34,4.21847725965236,65.78150874034763,548.6177828944992,1,6.439980037384885e-05,0.7562291721125143,0.16841614374151237,0.07535468414597343,200.0,92.08150874034763,-209.98152274034763,-1.4,-1.0,-11.2,0.0,0.0,-29.5,-9.0,-3.5,-6.1,-5.5,-14.9
1733,10796747.907563666,35,4.21847725965236,65.78150874034763,548.6177828944992,1,6.439980037384885e-05,0.7562309667716374,0.16841180215104212,0.07535723107732054,200.0,92.08150874034763,-209.98152274034763,-1.4,-1.0,-11.2,0.0,0.0,-29.5,-9.0,-3.5,-6.1,-5.5,-14.9
1734,10796747.907563666,36,4.21847725965236,65.78150874034763,548.6177828944992,1,6.439980037384885e-05,0.7562290383157045,0.16840970138442468,0.07536126029987086,200.0,92.08150874034763,-209.98152274034763,-1.4,-1.0,-11.2,0.0,0.0,-29.5,-9.0,-3.5,-6.1,-5.5,-14.9
1735,10796747.907563666,37,4.21847725965236,65.78150874034763,548.6177828944992,1,6.439980037384885e-05,0.756225864051972,0.16840915320532576,0.07536498274270229,200.0,92.08150874034763,-209.98152274034763,-1.4,-1.0,-11.2,0.0,0.0,-29.5,-9.0,-3.5,-6.1,-5.5,-14.9
1736,10796747.907563666,38,4.21847725965236,65.78150874034763,548.6177828944992,1,6.439980037384885e-05,0.756223789937625,0.1684077993637712,0.07536841069860382,200.0,92.08150874034763,-209.98152274034763,-1.4,-1.0,-11.2,0.0,0.0,-29.5,-9.0,-3.5,-6.1,-5.5,-14.9
1737,10796747.907563666,39,4.21847725965236,65.78150874034763,548.6177828944992,1,6.439980037384885e-05,0.7562239028270903,0.16840567825666203,0.07537041891624764,200.0,92.08150874034763,-209.98152274034763,-1.4,-1.0,-11.2,0.0,0.0,-29.5,-9.0,-3.5,-6.1,-5.5,-14.9
1738,10796747.907563666,40,4.21847725965236,65.78150874034763,548.6177828944992,1,6.439980037384885e-05,0.7562243808942044,0.168404536123314,0.07537108298248166,200.0,92.08150874034763,-209.98152274034763,-1.4,-1.0,-11.2,0.0,0.0,-29.5,-9.0,-3.5,-6.1,-5.5,-14.9
1739,10796747.907563666,41,4.21847725965236,65.78150874034763,548.6177828944992,1,6.439980037384885e-05,0.7562246315787846,0.16840262311558465,0.07537274530563076,200.0,92.08150874034763,-209.98152274034763,-1.4,-1.0,-11.2,0.0,0.0,-29.5,-9.0,-3.5,-6.1,-5.5,-14.9
1740,10796747.907563666,42,4.21847725965236,65.78150874034763,548.6177828944992,1,6.439980037384885e-05,0.7562246673978869,0.16840054554718903,0.07537478705492408,200.0,92.08150874034763,-209.98152274034763,-1.4,-1.0,-11.2,0.0,0.0,-29.5,-9.0,-3.5,-6.1,-5.5,-14.9
1741,10796747.907563666,43,4.21847725965236,65.78150874034763,548.6177828944992,1,6.439980037384885e-05,0.7562244992299311,0.16839831193902083,0.07537718883104817,200.0,92.08150874034763,-209.98152274034763,-1.4,-1.0,-11.2,0.0,0.0,-29.5,-9.0,-3.5,-6.1,-5.5,-14.9
1742,10796747.907563666,44,4.21847725965236,65.78150874034763,548.6177828944992,1,6.439980037384885e-05,0.756226984914693,0.16839535675654807,0.07537765832875905,200.0,92.08150874034763,-209.98152274034763,-1.4,-1.0,-11.2,0.0,0.0,-29.5,-9.0,-3.5,-6.1,-5.5,-14.9
1743,10796747.907563666,45,4.21847725965236,65.78150874034763,548.6177828944992,1,6.439980037384885e-05,0.7562297134693444,0.16839285449690708,0.0753774320337485,200.0,92.08150874034763,-209.98152274034763,-1.4,-1.0,-11.2,0.0,0.0,-29.5,-9.0,-3.5,-6.1,-5.5,-14.9
1744,10796747.907563666,46,4.21847725965236,65.78150874034763,548.6177828944992,1,6.439980037384885e-05,0.7562338039912238,0.16838795296273393,0.0753782430460423,200.0,92.08150874034763,-209.98152274034763,-1.4,-1.0,-11.2,0.0,0.0,-29.5,-9.0,-3.5,-6.1,-5.5,-14.9
1745,10796747.907563666,47,4.21847725965236,65.78150874034763,548.6177828944992,1,6.439980037384885e-05,0.756237488644068,0.16838416886119592,0.07537834249473604,200.0,92.08150874034763,-209.98152274034763,-1.4,-1.0,-11.2,0.0,0.0,-29.5,-9.0,-3.5,-6.1,-5.5,-14.9
1746,10796747.907563666,48,4.21847725965236,65.78150874034763,548.6177828944992,1,6.439980037384885e-05,0.756241923416843,0.16838144209682998,0.07537663448632698,200.0,92.08150874034763,-209.98152274034763,-1.4,-1.0,-11.2,0.0,0.0,-29.5,-9.0,-3.5,-6.1,-5.5,-14.9
1747,10796747.907563666,49,4.21847725965236,65.78150874034763,548.6177828944992,1,6.439980037384885e-05,0.7562487653443843,0.16837576531532908,0.07537546934028656,200.0,92.08150874034763,-209.98152274034763,-1.4,-1.0,-11.2,0.0,0.0,-29.5,-9.0,-3.5,-6.1,-5.5,-14.9
1748,10796747.907563666,0,4.21847725965236,65.78150874034763,548.6177828944992,1,6.439980037384885e-05,0.7562567561195601,0.1683678579173367,0.07537538596310317,200.0,92.08150874034763,-209.98152274034763,-1.4,-1.0,-11.2,0.0,0.0,-29.5,-9.0,-3.5,-6.1,-5.5,-14.9
1749,10796747.907563666,1,4.21847725965236,65.78150874034763,548.6177828944992,1,6.439980037384885e-05,0.7562624469614215,0.16836291217083543,0.075374640867743,200.0,92.08150874034763,-209.98152274034763,-1.4,-1.0,-11.2,0.0,0.0,-29.5,-9.0,-3.5,-6.1,-5.5,-14.9
1750,10796747.907563666,2,4.21847725965236,65.78150874034763,548.6177828944992,1,6.439980037384885e-05,0.7562676482132915,0.16835795811809684,0.07537439366861168,200.0,92.08150874034763,-209.98152274034763,-1.4,-1.0,-11.2,0.0,0.0,-29.5,-9.0,-3.5,-6.1,-5.5,-14.9
1751,10796747.907563666,3,4.21847725965236,65.78150874034763,548.6177828944992,1,6.439980037384885e-05,0.7562712493085596,0.16835243700704683,0.07537631368439354,200.0,92.08150874034763,-209.98152274034763,-1.4,-1.0,-11.2,0.0,0.0,-29.5,-9.0,-3.5,-6.1,-5.5,-14.9
1752,10796747.907563666,4,4.21847725965236,65.78150874034763,548.6177828944992,1,6.439980037384885e-05,0.7562733344485595,0.16834750248931252,0.07537916306212798,200.0,92.08150874034763,-209.98152274034763,-1.4,-1.0,-11.2,0.0,0.0,-29.5,-9.0,-3.5,-6.1,-5.5,-14.9
1753,10796747.907563666,5,4.21847725965236,65.78150874034763,548.6177828944992,1,6.439980037384885e-05,0.7562756801573756,0.16834312043401678,0.0753811994086076,200.0,92.08150874034763,-209.98152274034763,-1.4,-1.0,-11.2,0.0,0.0,-29.5,-9.0,-3.5,-6.1,-5.5,-14.9
1754,10796747.907563666,6,4.21847725965236,65.78150874034763,548.6177828944992,1,6.439980037384885e-05,0.7562782689105847,0.16833813946101728,0.07538359162839804,200.0,92.08150874034763,-209.98152274034763,-1.4,-1.0,-11.2,0.0,0.0,-29.5,-9.0,-3.5,-6.1,-5.5,-14.9
1755,10796747.907563666,7,4.21847725965236,65.78150874034763,548.6177828944992,1,6.439980037384885e-05,0.7562839053302592,0.1683297776744061,0.07538631699533471,200.0,92.08150874034763,-209.98152274034763,-1.4,-1.0,-11.2,0.0,0.0,-29.5,-9.0,-3.5,-6.1,-5.5,-14.9
1756,10796747.907563666,8,4.21847725965236,65.78150874034763,548.6177828944992,1,6.439980037384885e-05,0.7562896197188148,0.16832158067759398,0.07538879960359127,200.0,92.08150874034763,-209.98152274034763,-1.4,-1.0,-11.2,0.0,0.0,-29.5,-9.0,-3.5,-6.1,-5.5,-14.9
1757,10796747.907563666,9,4.21847725965236,65.78150874034763,548.6177828944992,1,6.439980037384885e-05,0.7562982203941501,0.16831073259230794,0.07539104701354206,200.0,92.08150874034763,-209.98152274034763,-1.4,-1.0,-11.2,0.0,0.0,-29.5,-9.0,-3.5,-6.1,-5.5,-14.9
1758,10796747.907563666,10,4.21847725965236,65.78150874034763,548.6177828944992,1,6.439980037384885e-05,0.7563067452979325,0.1682996163607616,0.07539363834130586,200.0,92.08150874034763,-209.98152274034763,-1.4,-1.0,-11.2,0.0,0.0,-29.5,-9.0,-3.5,-6.1,-5.5,-14.9
1759,10796747.907563666,11,4.21847725965236,65.78150874034763,548.6177828944992,1,6.439980037384885e-05,0.7563163172664207,0.16828656625645552,0.07539711647712377,200.0,92.08150874034763,-209.98152274034763,-1.4,-1.0,-11.2,0.0,0.0,-29.5,-9.0,-3.5,-6.1,-5.5,-14.9
1760,10796747.907563666,12,4.21847725965236,65.78150874034763,548.6177828944992,1,6.439980037384885e-05,0.7563263342352032,0.1682744772170894,0.07539918854770741,200.0,92.08150874034763,-209.98152274034763,-1.4,-1.0,-11.2,0.0,0.0,-29.5,-9.0,-3.5,-6.1,-5.5,-14.9
1761,10796747.907563666,13,4.21847725965236,65.78150874034763,548.6177828944992,1,6.439980037384885e-05,0.7563339517930795,0.16826330812624746,0.07540274008067312,200.0,92.08150874034763,-209.98152274034763,-1.4,-1.0,-11.2,0.0,0.0,-29.5,-9.0,-3.5,-6.1,-5.5,-14.9
1762,10796747.907563666,14,4.21847725965236,65.78150874034763,548.6177828944992,1,6.439980037384885e-05,0.7563449206086298,0.16825132389543415,0.07540375549593613,200.0,92.08150874034763,-209.98152274034763,-1.4,-1.0,-11.2,0.0,0.0,-29.5,-9.0,-3.5,-6.1,-5.5,-14.9
1763,10796747.907563666,15,4.21847725965236,65.78150874034763,548.6177828944992,1,6.439980037384885e-05,0.7563568075950972,0.16823745829486253,0.07540573411004033,200.0,92.08150874034763,-209.98152274034763,-1.4,-1.0,-11.2,0.0,0.0,-29.5,-9.0,-3.5,-6.1,-5.5,-14.9
1764,10796747.907563666,16,4.21847725965236,65.78150874034763,548.6177828944992,1,6.439980037384885e-05,0.7563662105312589,0.16822571709171955,0.07540807237702164,200.0,92.08150874034763,-209.98152274034763,-1.4,-1.0,-11.2,0.0,0.0,-29.5,-9.0,-3.5,-6.1,-5.5,-14.9
1765,10796747.907563666,17,4.21847725965236,65.78150874034763,548.6177828944992,1,6.439980037384885e-05,0.7563771705670492,0.1682120847247835,0.0754107447081673,200.0,92.08150874034763,-209.98152274034763,-1.4,-1.0,-11.2,0.0,0.0,-29.5,-9.0,-3.5,-6.1,-5.5,-14.9
1766,10796747.907563666,18,4.21847725965236,65.78150874034763,548.6177828944992,1,6.439980037384885e-05,0.7563868240451996,0.16820111730783927,0.07541205864696106,200.0,92.08150874034763,-209.98152274034763,-1.4,-1.0,-11.2,0.0,0.0,-29.5,-9.0,-3.5,-6.1,-5.5,-14.9
1767,10796747.907563666,19,4.21847725965236,65.78150874034763,548.6177828944992,1,6.439980037384885e-05,0.7563963357807416,0.1681887837298899,0.07541488048936852,200.0,92.08150874034763,-209.98152274034763,-1.4,-1.0,-11.2,0.0,0.0,-29.5,-9.0,-3.5,-6.1,-5.5,-14.9
1768,10796747.907563666,20,4.21847725965236,65.78150874034763,548.6177828944992,1,6.439980037384885e-05,0.7564074019885492,0.168175706299689,0.07541689171176184,200.0,92.08150874034763,-209.98152274034763,-1.4,-1.0,-11.2,0.0,0.0,-29.5,-9.0,-3.5,-6.1,-5.5,-14.9
1769,10796747.907563666,21,4.21847725965236,65.78150874034763,548.6177828944992,1,6.439980037384885e-05,0.7564188305952337,0.16816359244604587,0.07541757695872048,200.0,92.08150874034763,-209.98152274034763,-1.4,-1.0,-11.2,0.0,0.0,-29.5,-9.0,-3.5,-6.1,-5.5,-14.9
1770,10796747.907563666,22,4.21847725965236,65.78150874034763,548.6177828944992,1,6.439980037384885e-05,0.7564294798308165,0.16815239665769616,0.0754181235114874,200.0,92.08150874034763,-209.98152274034763,-1.4,-1.0,-11.2,0.0,0.0,-29.5,-9.0,-3.5,-6.1,-5.5,-14.9
1771,10796747.907563666,23,4.21847725965236,65.78150874034763,548.6177828944992,1,6.439980037384885e-05,0.7564399529491906,0.16814262575694378,0.07541742129386564,200.0,92.08150874034763,-209.98152274034763,-1.4,-1.0,-11.2,0.0,0.0,-29.5,-9.0,-3.5,-6.1,-5.5,-14.9
1772,10796747.907563666,24,4.21847725965236,65.78150874034763,548.6177828944992,1,6.439980037384885e-05,0.7564485772275577,0.1681342123870168,0.07541721038542555,200.0,92.08150874034763,-209.98152274034763,-1.4,-1.0,-11.2,0.0,0.0,-29.5,-9.0,-3.5,-6.1,-5.5,-14.9
1773,10796747.907563666,25,4.21847725965236,65.78150874034763,548.6177828944992,1,6.439980037384885e-05,0.7564615853625426,0.1681237459744575,0.07541466866299987,200.0,92.08150874034763,-209.98152274034763,-1.4,-1.0,-11.2,0.0,0.0,-29.5,-9.0,-3.5,-6.1,-5.5,-14.9
1774,10796747.907563666,26,4.21847725965236,65.78150874034763,548.6177828944992,1,6.439980037384885e-05,0.756474851545654,0.16811411125603648,0.07541103719830962,200.0,92.08150874034763,-209.98152274034763,-1.4,-1.0,-11.2,0.0,0.0,-29.5,-9.0,-3.5,-6.1,-5.5,-14.9
1775,10796747.907563666,27,4.21847725965236,65.78150874034763,548.6177828944992,1,6.439980037384885e-05,0.7564878095656827,0.16810692742425642,0.0754052630100609,200.0,92.08150874034763,-209.98152274034763,-1.4,-1.0,-11.2,0.0,0.0,-29.5,-9.0,-3.5,-6.1,-5.5,-14.9
1776,10796747.907563666,28,4.21847725965236,65.78150874034763,548.6177828944992,1,6.439980037384885e-05,0.7565004630447316,0.16809930551871202,0.07540023143655644,200.0,92.08150874034763,-209.98152274034763,-1.4,-1.0,-11.2,0.0,0.0,-29.5,-9.0,-3.5,-6.1,-5.5,-14.9
1777,10796747.907563666,29,4.21847725965236,65.78150874034763,548.6177828944992,1,6.439980037384885e-05,0.7565106048397947,0.16809348604847213,0.07539590911173324,200.0,92.08150874034763,-209.98152274034763,-1.4,-1.0,-11.2,0.0,0.0,-29.5,-9.0,-3.5,-6.1,-5.5,-14.9
1778,10796747.907563666,30,4.21847725965236,65.78150874034763,548.6177828944992,1,6.439980037384885e-05,0.7565205854999184,0.16808771302397055,0.07539170147611109,200.0,92.08150874034763,-209.98152274034763,-1.4,-1.0,-11.2,0.0,0.0,-29.5,-9.0,-3.5,-6.1,-5.5,-14.9
1779,10796747.907563666,31,4.21847725965236,65.78150874034763,548.6177828944992,1,6.439980037384885e-05,0.7565281907648091,0.16808364801982795,0.07538816121536285,200.0,92.08150874034763,-209.98152274034763,-1.4,-1.0,-11.2,0.0,0.0,-29.5,-9.0,-3.5,-6.1,-5.5,-14.9
1780,10796747.907563666,32,4.21847725965236,65.78150874034763,548.6177828944992,1,6.439980037384885e-05,0.7565335411147666,0.1680812043864356,0.07538525449879782,200.0,92.08150874034763,-209.98152274034763,-1.4,-1.0,-11.2,0.0,0.0,-29.5,-9.0,-3.5,-6.1,-5.5,-14.9
1781,10796747.907563666,33,4.21847725965236,65.78150874034763,548.6177828944992,1,6.439980037384885e-05,0.7565384204215573,0.16808029444314246,0.07538128513530032,200.0,92.08150874034763,-209.98152274034763,-1.4,-1.0,-11.2,0.0,0.0,-29.5,-9.0,-3.5,-6.1,-5.5,-14.9
1782,10796747.907563666,34,4.21847725965236,65.78150874034763,548.6177828944992,1,6.439980037384885e-05,0.7565428487445325,0.16807973696816608,0.07537741428730152,200.0,92.08150874034763,-209.98152274034763,-1.4,-1.0,-11.2,0.0,0.0,-29.5,-9.0,-3.5,-6.1,-5.5,-14.9
1783,10796747.907563666,35,4.21847725965236,65.78150874034763,548.6177828944992,1,6.439980037384885e-05,0.7565462947106536,0.1680800671736967,0.07537363811564982,200.0,92.08150874034763,-209.98152274034763,-1.4,-1.0,-11.2,0.0,0.0,-29.5,-9.0,-3.5,-6.1,-5.5,-14.9
1784,10796747.907563666,36,4.21847725965236,65.78150874034763,548.6177828944992,1,6.439980037384885e-05,0.7565477002032387,0.1680823459087868,0.0753699538879746,200.0,92.08150874034763,-209.98152274034763,-1.4,-1.0,-11.2,0.0,0.0,-29.5,-9.0,-3.5,-6.1,-5.5,-14.9
1785,10796747.907563666,37,4.21847725965236,65.78150874034763,548.6177828944992,1,6.439980037384885e-05,0.7565499361728261,0.16808315924903972,0.07536690457813426,200.0,92.08150874034763,-209.98152274034763,-1.4,-1.0,-11.2,0.0,0.0,-29.5,-9.0,-3.5,-6.1,-5.5,-14.9
1786,10796747.907563666,38,4.21847725965236,65.78150874034763,548.6177828944992,1,6.439980037384885e-05,0.7565540705511812,0.1680831290142048,0.07536280043461405,200.0,92.08150874034763,-209.98152274034763,-1.4,-1.0,-11.2,0.0,0.0,-29.5,-9.0,-3.5,-6.1,-5.5,-14.9
1787,10796747.907563666,39,4.21847725965236,65.78150874034763,548.6177828944992,1,6.439980037384885e-05,0.7565577888144421,0.16808230579894679,0.07535990538661116,200.0,92.08150874034763,-209.98152274034763,-1.4,-1.0,-11.2,0.0,0.0,-29.5,-9.0,-3.5,-6.1,-5.5,-14.9
1788,10796747.907563666,40,4.21847725965236,65.78150874034763,548.6177828944992,1,6.439980037384885e-05,0.756561665750758,0.16808072838288549,0.07535760586635658,200.0,92.08150874034763,-209.98152274034763,-1.4,-1.0,-11.2,0.0,0.0,-29.5,-9.0,-3.5,-6.1,-5.5,-14.9
1789,10796747.907563666,41,4.21847725965236,65.78150874034763,548.6177828944992,1,6.439980037384885e-05,0.7565673526487771,0.1680778807983927,0.0753547665528303,200.0,92.08150874034763,-209.98152274034763,-1.4,-1.0,-11.2,0.0,0.0,-29.5,-9.0,-3.5,-6.1,-5.5,-14.9
1790,10796747.907563666,42,4.21847725965236,65.78150874034763,548.6177828944992,1,6.439980037384885e-05,0.7565736530514366,0.16807492959466797,0.07535141735389535,200.0,92.08150874034763,-209.98152274034763,-1.4,-1.0,-11.2,0.0,0.0,-29.5,-9.0,-3.5,-6.1,-5.5,-14.9
1791,10796747.907563666,43,4.21847725965236,65.78150874034763,548.6177828944992,1,6.439980037384885e-05,0.7565799821791039,0.1680718820985598,0.07534813572233634,200.0,92.08150874034763,-209.98152274034763,-1.4,-1.0,-11.2,0.0,0.0,-29.5,-9.0,-3.5,-6.1,-5.5,-14.9
1792,10796747.907563666,44,4.21847725965236,65.78150874034763,548.6177828944992,1,6.439980037384885e-05,0.7565857854776751,0.16806874528668306,0.0753454692356419,200.0,92.08150874034763,-209.98152274034763,-1.4,-1.0,-11.2,0.0,0.0,-29.5,-9.0,-3.5,-6.1,-5.5,-14.9
1793,10796747.907563666,45,4.21847725965236,65.78150874034763,548.6177828944992,1,6.439980037384885e-05,0.7565932937563701,0.168063873235701,0.07534283300792895,200.0,92.08150874034763,-209.98152274034763,-1.4,-1.0,-11.2,0.0,0.0,-29.5,-9.0,-3.5,-6.1,-5.5,-14.9
1794,10796747.907563666,46,4.21847725965236,65.78150874034763,548.6177828944992,1,6.439980037384885e-05,0.7566013166539943,0.16805790640022822,0.07534077694577743,200.0,92.08150874034763,-209.98152274034763,-1.4,-1.0,-11.2,0.0,0.0,-29.5,-9.0,-3.5,-6.1,-5.5,-14.9
1795,10796747.907563666,47,4.21847725965236,65.78150874034763,548.6177828944992,1,6.439980037384885e-05,0.7566065236038777,0.16805309987376665,0.07534037652235566,200.0,92.08150874034763,-209.98152274034763,-1.4,-1.0,-11.2,0.0,0.0,-29.5,-9.0,-3.5,-6.1,-5.5,-14.9
1796,10796747.907563666,48,4.21847725965236,65.78150874034763,548.6177828944992,1,6.439980037384885e-05,0.7566096140360822,0.16805048674281994,0.0753398992210979,200.0,92.08150874034763,-209.98152274034763,-1.4,-1.0,-11.2,0.0,0.0,-29.5,-9.0,-3.5,-6.1,-5.5,-14.9
1797,10796747.907563666,49,4.21847725965236,65.78150874034763,548.6177828944992,1,6.439980037384885e-05,0.7566117943409593,0.16804885872740752,0.07533934693163316,200.0,92.08150874034763,-209.98152274034763,-1.4,-1.0,-11.2,0.0,0.0,-29.5,-9.0,-3.5,-6.1,-5.5,-14.9
1798,10796747.907563666,0,4.21847725965236,65.78150874034763,548.6177828944992,1,6.439980037384885e-05,0.7566120100968423,0.16804871584126707,0.07533927406189071,200.0,92.08150874034763,-209.98152274034763,-1.4,-1.0,-11.2,0.0,0.0,-29.5,-9.0,-3.5,-6.1,-5.5,-14.9
1799,10796747.907563666,1,4.21847725965236,65.78150874034763,548.6177828944992,1,6.439980037384885e-05,0.7566087115755358,0.16805108079378037,0.07534020763068389,200.0,92.08150874034763,-209.98152274034763,-1.4,-1.0,-11.2,0.0,0.0,-29.5,-9.0,-3.5,-6.1,-5.5,-14.9
1800,10796747.907563666,2,4.21847725965236,65.78150874034763,548.6177828944992,1,6.439980037384885e-05,0.7566059263039334,0.16805362891202477,0.07534044478404178,200.0,92.08150874034763,-209.98152274034763,-1.4,-1.0,-11.2,0.0,0.0,-29.5,-9.0,-3.5,-6.1,-5.5,-14.9
1801,10796747.907563666,3,4.21847725965236,65.78150874034763,548.6177828944992,1,6.439980037384885e-05,0.7566036280488171,0.16805635068233266,0.07534002126885028,200.0,92.08150874034763,-209.98152274034763,-1.4,-1.0,-11.2,0.0,0.0,-29.5,-9.0,-3.5,-6.1,-5.5,-14.9
1802,10796747.907563666,4,4.21847725965236,65.78150874034763,548.6177828944992,1,6.439980037384885e-05,0.7565984976774438,0.16806143095619197,0.07534007136636425,200.0,92.08150874034763,-209.98152274034763,-1.4,-1.0,-11.2,0.0,0.0,-29.5,-9.0,-3.5,-6.1,-5.5,-14.9
1803,10796747.907563666,5,4.21847725965236,65.78150874034763,548.6177828944992,1,6.439980037384885e-05,0.7565961703087977,0.16806654940583857,0.07533728028536374,200.0,92.08150874034763,-209.98152274034763,-1.4,-1.0,-11.2,0.0,0.0,-29.5,-9.0,-3.5,-6.1,-5.5,-14.9
1804,10796747.907563666,6,4.21847725965236,65.78150874034763,548.6177828944992,1,6.439980037384885e-05,0.7565959514235582,0.16807170502135688,0.07533234355508503,200.0,92.08150874034763,-209.98152274034763,-1.4,-1.0,-11.2,0.0,0.0,-29.5,-9.0,-3.5,-6.1,-5.5,-14.9
1805,10796747.907563666,7,4.21847725965236,65.78150874034763,548.6177828944992,1,6.439980037384885e-05,0.7565988267563262,0.16807471197808113,0.07532646126559273,200.0,92.08150874034763,-209.98152274034763,-1.4,-1.0,-11.2,0.0,0.0,-29.5,-9.0,-3.5,-6.1,-5.5,-14.9
1806,10796747.907563666,8,4.21847725965236,65.78150874034763,548.6177828944992,1,6.439980037384885e-05,0.7566008056454393,0.16807950517225753,0.07531968918230311,200.0,92.08150874034763,-209.98152274034763,-1.4,-1.0,-11.2,0.0,0.0,-29.5,-9.0,-3.5,-6.1,-5.5,-14.9
1807,10796747.907563666,9,4.21847725965236,65.78150874034763,548.6177828944992,1,6.439980037384885e-05,0.756600839059402,0.16808545358496682,0.07531370735563118,200.0,92.08150874034763,-209.98152274034763,-1.4,-1.0,-11.2,0.0,0.0,-29.5,-9.0,-3.5,-6.1,-5.5,-14.9
1808,10796747.907563666,10,4.21847725965236,65.78150874034763,548.6177828944992,1,6.439980037384885e-05,0.7566001195033788,0.16809249413282254,0.07530738636379869,200.0,92.08150874034763,-209.98152274034763,-1.4,-1.0,-11.2,0.0,0.0,-29.5,-9.0,-3.5,-6.1,-5.5,-14.9
1809,10796747.907563666,11,4.21847725965236,65.78150874034763,548.6177828944992,1,6.439980037384885e-05,0.7566003268074851,0.168097301468864,0.07530237172365087,200.0,92.08150874034763,-209.98152274034763,-1.4,-1.0,-11.2,0.0,0.0,-29.5,-9.0,-3.5,-6.1,-5.5,-14.9
1810,10796747.907563666,12,4.21847725965236,65.78150874034763,548.6177828944992,1,6.439980037384885e-05,0.756598134352875,0.1681038063485376,0.07529805929858732,200.0,92.08150874034763,-209.98152274034763,-1.4,-1.0,-11.2,0.0,0.0,-29.5,-9.0,-3.5,-6.1,-5.5,-14.9
1811,10796747.907563666,13,4.21847725965236,65.78150874034763,548.6177828944992,1,6.439980037384885e-05,0.756594210638886,0.1681108333378672,0.0752949560232468,200.0,92.08150874034763,-209.98152274034763,-1.4,-1.0,-11.2,0.0,0.0,-29.5,-9.0,-3.5,-6.1,-5.5,-14.9
1812,10796747.907563666,14,4.21847725965236,65.78150874034763,548.6177828944992,1,6.439980037384885e-05,0.756590282006494,0.16811726312889727,0.07529245486460873,200.0,92.08150874034763,-209.98152274034763,-1.4,-1.0,-11.2,0.0,0.0,-29.5,-9.0,-3.5,-6.1,-5.5,-14.9
1813,10796747.907563666,15,4.21847725965236,65.78150874034763,548.6177828944992,1,6.439980037384885e-05,0.7565852573800576,0.1681242155754387,0.07529052704450376,200.0,92.08150874034763,-209.98152274034763,-1.4,-1.0,-11.2,0.0,0.0,-29.5,-9.0,-3.5,-6.1,-5.5,-14.9
1814,10796747.907563666,16,4.21847725965236,65.78150874034763,548.6177828944992,1,6.439980037384885e-05,0.7565819195846178,0.16813165402840907,0.07528642638697308,200.0,92.08150874034763,-209.98152274034763,-1.4,-1.0,-11.2,0.0,0.0,-29.5,-9.0,-3.5,-6.1,-5.5,-14.9
1815,10796747.907563666,17,4.21847725965236,65.78150874034763,548.6177828944992,1,6.439980037384885e-05,0.7565780033258184,0.16813847628521952,0.07528352038896208,200.0,92.08150874034763,-209.98152274034763,-1.4,-1.0,-11.2,0.0,0.0,-29.5,-9.0,-3.5,-6.1,-5.5,-14.9
1816,10796747.907563666,18,4.21847725965236,65.78150874034763,548.6177828944992,1,6.439980037384885e-05,0.7565740827848256,0.1681447114241081,0.07528120579106634,200.0,92.08150874034763,-209.98152274034763,-1.4,-1.0,-11.2,0.0,0.0,-29.5,-9.0,-3.5,-6.1,-5.5,-14.9
1817,10796747.907563666,19,4.21847725965236,65.78150874034763,548.6177828944992,1,6.439980037384885e-05,0.7565685243272148,0.16815202051363415,0.07527945515915112,200.0,92.08150874034763,-209.98152274034763,-1.4,-1.0,-11.2,0.0,0.0,-29.5,-9.0,-3.5,-6.1,-5.5,-14.9
1818,10796747.907563666,20,4.21847725965236,65.78150874034763,548.6177828944992,1,6.439980037384885e-05,0.7565641334182409,0.1681587138760515,0.07527715270570767,200.0,92.08150874034763,-209.98152274034763,-1.4,-1.0,-11.2,0.0,0.0,-29.5,-9.0,-3.5,-6.1,-5.5,-14.9
1819,10796747.907563666,21,4.21847725965236,65.78150874034763,548.6177828944992,1,6.439980037384885e-05,0.7565586746358691,0.16816591304098327,0.0752754123231476,200.0,92.08150874034763,-209.98152274034763,-1.4,-1.0,-11.2,0.0,0.0,-29.5,-9.0,-3.5,-6.1,-5.5,-14.9
1820,10796747.907563666,22,4.21847725965236,65.78150874034763,548.6177828944992,1,6.439980037384885e-05,0.7565570945286445,0.16817195086320447,0.07527095460815109,200.0,92.08150874034763,-209.98152274034763,-1.4,-1.0,-11.2,0.0,0.0,-29.5,-9.0,-3.5,-6.1,-5.5,-14.9
1821,10796747.907563666,23,4.21847725965236,65.78150874034763,548.6177828944992,1,6.439980037384885e-05,0.7565559344884683,0.16817852022360574,0.07526554528792599,200.0,92.08150874034763,-209.98152274034763,-1.4,-1.0,-11.2,0.0,0.0,-29.5,-9.0,-3.5,-6.1,-5.5,-14.9
1822,10796747.907563666,24,4.21847725965236,65.78150874034763,548.6177828944992,1,6.439980037384885e-05,0.7565540883654444,0.16818559793697813,0.07526031369757753,200.0,92.08150874034763,-209.98152274034763,-1.4,-1.0,-11.2,0.0,0.0,-29.5,-9.0,-3.5,-6.1,-5.5,-14.9
1823,10796747.907563666,25,4.21847725965236,65.78150874034763,548.6177828944992,1,6.439980037384885e-05,0.756550503175011,0.16819478302056406,0.07525471380442485,200.0,92.08150874034763,-209.98152274034763,-1.4,-1.0,-11.2,0.0,0.0,-29.5,-9.0,-3.5,-6.1,-5.5,-14.9
1824,10796747.907563666,26,4.21847725965236,65.78150874034763,548.6177828944992,1,6.439980037384885e-05,0.7565436439194957,0.16820543449075834,0.07525092158974604,200.0,92.08150874034763,-209.98152274034763,-1.4,-1.0,-11.2,0.0,0.0,-29.5,-9.0,-3.5,-6.1,-5.5,-14.9
1825,10796747.907563666,27,4.21847725965236,65.78150874034763,548.6177828944992,1,6.439980037384885e-05,0.7565396414760832,0.16821421421158148,0.0752461443123354,200.0,92.08150874034763,-209.98152274034763,-1.4,-1.0,-11.2,0.0,0.0,-29.5,-9.0,-3.5,-6.1,-5.5,-14.9
1826,10796747.907563666,28,4.21847725965236,65.78150874034763,548.6177828944992,1,6.439980037384885e-05,0.7565356406017394,0.16822284666004314,0.07524151273821751,200.0,92.08150874034763,-209.98152274034763,-1.4,-1.0,-11.2,0.0,0.0,-29.5,-9.0,-3.5,-6.1,-5.5,-14.9
1827,10796747.907563666,29,4.21847725965236,65.78150874034763,548.6177828944992,1,6.439980037384885e-05,0.7565327286347332,0.16822917768251072,0.07523809368275605,200.0,92.08150874034763,-209.98152274034763,-1.4,-1.0,-11.2,0.0,0.0,-29.5,-9.0,-3.5,-6.1,-5.5,-14.9
1828,10796747.907563666,30,4.21847725965236,65.78150874034763,548.6177828944992,1,6.439980037384885e-05,0.7565308471118591,0.16823440249342897,0.07523475039471186,200.0,92.08150874034763,-209.98152274034763,-1.4,-1.0,-11.2,0.0,0.0,-29.5,-9.0,-3.5,-6.1,-5.5,-14.9
1829,10796747.907563666,31,4.21847725965236,65.78150874034763,548.6177828944992,1,6.439980037384885e-05,0.7565283146710554,0.16824181494970458,0.07522987037924002,200.0,92.08150874034763,-209.98152274034763,-1.4,-1.0,-11.2,0.0,0.0,-29.5,-9.0,-3.5,-6.1,-5.5,-14.9
1830,10796747.907563666,32,4.21847725965236,65.78150874034763,548.6177828944992,1,6.439980037384885e-05,0.7565257119966198,0.16824860943058736,0.07522567857279285,200.0,92.08150874034763,-209.98152274034763,-1.4,-1.0,-11.2,0.0,0.0,-29.5,-9.0,-3.5,-6.1,-5.5,-14.9
1831,10796747.907563666,33,4.21847725965236,65.78150874034763,548.6177828944992,1,6.439980037384885e-05,0.7565225032546797,0.1682548191961708,0.07522267754914952,200.0,92.08150874034763,-209.98152274034763,-1.4,-1.0,-11.2,0.0,0.0,-29.5,-9.0,-3.5,-6.1,-5.5,-14.9
1832,10796747.907563666,34,4.21847725965236,65.78150874034763,548.6177828944992,1,6.439980037384885e-05,0.7565176363969623,0.16826209143616136,0.07522027216687632,200.0,92.08150874034763,-209.98152274034763,-1.4,-1.0,-11.2,0.0,0.0,-29.5,-9.0,-3.5,-6.1,-5.5,-14.9
1833,10796747.907563666,35,4.21847725965236,65.78150874034763,548.6177828944992,1,6.439980037384885e-05,0.7565111925884568,0.1682714475954032,0.07521735981614,200.0,92.08150874034763,-209.98152274034763,-1.4,-1.0,-11.2,0.0,0.0,-29.5,-9.0,-3.5,-6.1,-5.5,-14.9
1834,10796747.907563666,36,4.21847725965236,65.78150874034763,548.6177828944992,1,6.439980037384885e-05,0.7565064903404846,0.16828061836713015,0.07521289129238531,200.0,92.08150874034763,-209.98152274034763,-1.4,-1.0,-11.2,0.0,0.0,-29.5,-9.0,-3.5,-6.1,-5.5,-14.9
1835,10796747.907563666,37,4.21847725965236,65.78150874034763,548.6177828944992,1,6.439980037384885e-05,0.7565012907750649,0.1682890839124288,0.0752096253125063,200.0,92.08150874034763,-209.98152274034763,-1.4,-1.0,-11.2,0.0,0.0,-29.5,-9.0,-3.5,-6.1,-5.5,-14.9
1836,10796747.907563666,38,4.21847725965236,65.78150874034763,548.6177828944992,1,6.439980037384885e-05,0.7564966986966456,0.1682958016503639,0.07520749965299048,200.0,92.08150874034763,-209.98152274034763,-1.4,-1.0,-11.2,0.0,0.0,-29.5,-9.0,-3.5,-6.1,-5.5,-14.9
1837,10796747.907563666,39,4.21847725965236,65.78150874034763,548.6177828944992,1,6.439980037384885e-05,0.7564916024542085,0.16830247448463925,0.0752059230611523,200.0,92.08150874034763,-209.98152274034763,-1.4,-1.0,-11.2,0.0,0.0,-29.5,-9.0,-3.5,-6.1,-5.5,-14.9
1838,10796747.907563666,40,4.21847725965236,65.78150874034763,548.6177828944992,1,6.439980037384885e-05,0.756485490262341,0.16830910633374307,0.07520540340391596,200.0,92.08150874034763,-209.98152274034763,-1.4,-1.0,-11.2,0.0,0.0,-29.5,-9.0,-3.5,-6.1,-5.5,-14.9
1839,10796747.907563666,41,4.21847725965236,65.78150874034763,548.6177828944992,1,6.439980037384885e-05,0.7564800303989525,0.1683140846136579,0.07520588498738957,200.0,92.08150874034763,-209.98152274034763,-1.4,-1.0,-11.2,0.0,0.0,-29.5,-9.0,-3.5,-6.1,-5.5,-14.9
1840,10796747.907563666,42,4.21847725965236,65.78150874034763,548.6177828944992,1,6.439980037384885e-05,0.7564719571704542,0.1683212560977608,0.07520678673178498,200.0,92.08150874034763,-209.98152274034763,-1.4,-1.0,-11.2,0.0,0.0,-29.5,-9.0,-3.5,-6.1,-5.5,-14.9
1841,10796747.907563666,43,4.21847725965236,65.78150874034763,548.6177828944992,1,6.439980037384885e-05,0.7564635593052274,0.1683272868325823,0.07520915386219033,200.0,92.08150874034763,-209.98152274034763,-1.4,-1.0,-11.2,0.0,0.0,-29.5,-9.0,-3.5,-6.1,-5.5,-14.9
1842,10796747.907563666,44,4.21847725965236,65.78150874034763,548.6177828944992,1,6.439980037384885e-05,0.7564596904201702,0.16833007715839357,0.07521023242143615,200.0,92.08150874034763,-209.98152274034763,-1.4,-1.0,-11.2,0.0,0.0,-29.5,-9.0,-3.5,-6.1,-5.5,-14.9
1843,10796747.907563666,45,4.21847725965236,65.78150874034763,548.6177828944992,1,6.439980037384885e-05,0.7564547462735296,0.1683335555992172,0.07521169812725319,200.0,92.08150874034763,-209.98152274034763,-1.4,-1.0,-11.2,0.0,0.0,-29.5,-9.0,-3.5,-6.1,-5.5,-14.9
1844,10796747.907563666,46,4.21847725965236,65.78150874034763,548.6177828944992,1,6.439980037384885e-05,0.7564471704868101,0.16833876201625672,0.07521406749693318,200.0,92.08150874034763,-209.98152274034763,-1.4,-1.0,-11.2,0.0,0.0,-29.5,-9.0,-3.5,-6.1,-5.5,-14.9
1845,10796747.907563666,47,4.21847725965236,65.78150874034763,548.6177828944992,1,6.439980037384885e-05,0.7564397813972203,0.16834399547616147,0.07521622312661819,200.0,92.08150874034763,-209.98152274034763,-1.4,-1.0,-11.2,0.0,0.0,-29.5,-9.0,-3.5,-6.1,-5.5,-14.9
1846,10796747.907563666,48,4.21847725965236,65.78150874034763,548.6177828944992,1,6.439980037384885e-05,0.7564325706083843,0.16834872000942377,0.07521870938219187,200.0,92.08150874034763,-209.98152274034763,-1.4,-1.0,-11.2,0.0,0.0,-29.5,-9.0,-3.5,-6.1,-5.5,-14.9
1847,10796747.907563666,49,4.21847725965236,65.78150874034763,548.6177828944992,1,6.439980037384885e-05,0.7564223101828325,0.16835564261351021,0.07522204720365741,200.0,92.08150874034763,-209.98152274034763,-1.4,-1.0,-11.2,0.0,0.0,-29.5,-9.0,-3.5,-6.1,-5.5,-14.9
1848,10796747.907563666,0,4.21847725965236,65.78150874034763,548.6177828944992,1,6.439980037384885e-05,0.7564134464001474,0.16836089940677856,0.07522565419307405,200.0,92.08150874034763,-209.98152274034763,-1.4,-1.0,-11.2,0.0,0.0,-29.5,-9.0,-3.5,-6.1,-5.5,-14.9
1849,10796747.907563666,1,4.21847725965236,65.78150874034763,548.6177828944992,1,6.439980037384885e-05,0.7564053721477411,0.16836511064579107,0.0752295172064679,200.0,92.08150874034763,-209.98152274034763,-1.4,-1.0,-11.2,0.0,0.0,-29.5,-9.0,-3.5,-6.1,-5.5,-14.9
1850,10796747.907563666,2,4.21847725965236,65.78150874034763,548.6177828944992,1,6.439980037384885e-05,0.7563991183995717,0.16836779302500474,0.07523308857542353,200.0,92.08150874034763,-209.98152274034763,-1.4,-1.0,-11.2,0.0,0.0,-29.5,-9.0,-3.5,-6.1,-5.5,-14.9
1851,10796747.907563666,3,4.21847725965236,65.78150874034763,548.6177828944992,1,6.439980037384885e-05,0.7563924509193456,0.16837169572282096,0.07523585335783341,200.0,92.08150874034763,-209.98152274034763,-1.4,-1.0,-11.2,0.0,0.0,-29.5,-9.0,-3.5,-6.1,-5.5,-14.9
1852,10796747.907563666,4,4.21847725965236,65.78150874034763,548.6177828944992,1,6.439980037384885e-05,0.7563837869619546,0.16837622885820144,0.07523998417984389,200.0,92.08150874034763,-209.98152274034763,-1.4,-1.0,-11.2,0.0,0.0,-29.5,-9.0,-3.5,-6.1,-5.5,-14.9
1853,10796747.907563666,5,4.21847725965236,65.78150874034763,548.6177828944992,1,6.439980037384885e-05,0.756374832635181,0.16838028993577503,0.07524487742904395,200.0,92.08150874034763,-209.98152274034763,-1.4,-1.0,-11.2,0.0,0.0,-29.5,-9.0,-3.5,-6.1,-5.5,-14.9
1854,10796747.907563666,6,4.21847725965236,65.78150874034763,548.6177828944992,1,6.439980037384885e-05,0.7563666719120574,0.16838496415660215,0.07524836393134048,200.0,92.08150874034763,-209.98152274034763,-1.4,-1.0,-11.2,0.0,0.0,-29.5,-9.0,-3.5,-6.1,-5.5,-14.9
1855,10796747.907563666,7,4.21847725965236,65.78150874034763,548.6177828944992,1,6.439980037384885e-05,0.7563581962544668,0.1683902233373035,0.07525158040822968,200.0,92.08150874034763,-209.98152274034763,-1.4,-1.0,-11.2,0.0,0.0,-29.5,-9.0,-3.5,-6.1,-5.5,-14.9
1856,10796747.907563666,8,4.21847725965236,65.78150874034763,548.6177828944992,1,6.439980037384885e-05,0.7563520922350436,0.16839390209819793,0.07525400566675838,200.0,92.08150874034763,-209.98152274034763,-1.4,-1.0,-11.2,0.0,0.0,-29.5,-9.0,-3.5,-6.1,-5.5,-14.9
1857,10796747.907563666,9,4.21847725965236,65.78150874034763,548.6177828944992,1,6.439980037384885e-05,0.7563477029279991,0.16839820794771782,0.07525408912428301,200.0,92.08150874034763,-209.98152274034763,-1.4,-1.0,-11.2,0.0,0.0,-29.5,-9.0,-3.5,-6.1,-5.5,-14.9
1858,10796747.907563666,10,4.21847725965236,65.78150874034763,548.6177828944992,1,6.439980037384885e-05,0.7563422779471047,0.16840258636983513,0.0752551356830602,200.0,92.08150874034763,-209.98152274034763,-1.4,-1.0,-11.2,0.0,0.0,-29.5,-9.0,-3.5,-6.1,-5.5,-14.9
1859,10796747.907563666,11,4.21847725965236,65.78150874034763,548.6177828944992,1,6.439980037384885e-05,0.7563353350880339,0.1684086279732744,0.0752560369386917,200.0,92.08150874034763,-209.98152274034763,-1.4,-1.0,-11.2,0.0,0.0,-29.5,-9.0,-3.5,-6.1,-5.5,-14.9
1860,10796747.907563666,12,4.21847725965236,65.78150874034763,548.6177828944992,1,6.439980037384885e-05,0.7563269526789016,0.16841571731975205,0.07525733000134636,200.0,92.08150874034763,-209.98152274034763,-1.4,-1.0,-11.2,0.0,0.0,-29.5,-9.0,-3.5,-6.1,-5.5,-14.9
1861,10796747.907563666,13,4.21847725965236,65.78150874034763,548.6177828944992,1,6.439980037384885e-05,0.7563182712450315,0.16842220541420744,0.07525952334076104,200.0,92.08150874034763,-209.98152274034763,-1.4,-1.0,-11.2,0.0,0.0,-29.5,-9.0,-3.5,-6.1,-5.5,-14.9
1862,10796747.907563666,14,4.21847725965236,65.78150874034763,548.6177828944992,1,6.439980037384885e-05,0.7563087708827042,0.1684302459494824,0.07526098316781335,200.0,92.08150874034763,-209.98152274034763,-1.4,-1.0,-11.2,0.0,0.0,-29.5,-9.0,-3.5,-6.1,-5.5,-14.9
1863,10796747.907563666,15,4.21847725965236,65.78150874034763,548.6177828944992,1,6.439980037384885e-05,0.756299560778436,0.16843763529879224,0.07526280392277188,200.0,92.08150874034763,-209.98152274034763,-1.4,-1.0,-11.2,0.0,0.0,-29.5,-9.0,-3.5,-6.1,-5.5,-14.9
1864,10796747.907563666,16,4.21847725965236,65.78150874034763,548.6177828944992,1,6.439980037384885e-05,0.7562884990983179,0.1684454727473608,0.07526602815432129,200.0,92.08150874034763,-209.98152274034763,-1.4,-1.0,-11.2,0.0,0.0,-29.5,-9.0,-3.5,-6.1,-5.5,-14.9
1865,10796747.907563666,17,4.21847725965236,65.78150874034763,548.6177828944992,1,6.439980037384885e-05,0.7562809971254998,0.16845054080119748,0.0752684620733028,200.0,92.08150874034763,-209.98152274034763,-1.4,-1.0,-11.2,0.0,0.0,-29.5,-9.0,-3.5,-6.1,-5.5,-14.9
1866,10796747.907563666,18,4.21847725965236,65.78150874034763,548.6177828944992,1,6.439980037384885e-05,0.7562747469231783,0.1684551044579433,0.07527014861887846,200.0,92.08150874034763,-209.98152274034763,-1.4,-1.0,-11.2,0.0,0.0,-29.5,-9.0,-3.5,-6.1,-5.5,-14.9
1867,10796747.907563666,19,4.21847725965236,65.78150874034763,548.6177828944992,1,6.439980037384885e-05,0.7562686239120326,0.1684591924869115,0.07527218360105592,200.0,92.08150874034763,-209.98152274034763,-1.4,-1.0,-11.2,0.0,0.0,-29.5,-9.0,-3.5,-6.1,-5.5,-14.9
1868,10796747.907563666,20,4.21847725965236,65.78150874034763,548.6177828944992,1,6.439980037384885e-05,0.7562620917693289,0.1684623018856757,0.07527560634499539,200.0,92.08150874034763,-209.98152274034763,-1.4,-1.0,-11.2,0.0,0.0,-29.5,-9.0,-3.5,-6.1,-5.5,-14.9
1869,10796747.907563666,21,4.21847725965236,65.78150874034763,548.6177828944992,1,6.439980037384885e-05,0.7562557012187732,0.16846500915514287,0.07527928962608393,200.0,92.08150874034763,-209.98152274034763,-1.4,-1.0,-11.2,0.0,0.0,-29.5,-9.0,-3.5,-6.1,-5.5,-14.9
1870,10796747.907563666,22,4.21847725965236,65.78150874034763,548.6177828944992,1,6.439980037384885e-05,0.756251035675132,0.16846680205765166,0.07528216226721637,200.0,92.08150874034763,-209.98152274034763,-1.4,-1.0,-11.2,0.0,0.0,-29.5,-9.0,-3.5,-6.1,-5.5,-14.9
1871,10796747.907563666,23,4.21847725965236,65.78150874034763,548.6177828944992,1,6.439980037384885e-05,0.7562485355992457,0.168468780698899,0.0752826837018554,200.0,92.08150874034763,-209.98152274034763,-1.4,-1.0,-11.2,0.0,0.0,-29.5,-9.0,-3.5,-6.1,-5.5,-14.9
1872,10796747.907563666,24,4.21847725965236,65.78150874034763,548.6177828944992,1,6.439980037384885e-05,0.7562454432583181,0.16847199841553565,0.07528255832614619,200.0,92.08150874034763,-209.98152274034763,-1.4,-1.0,-11.2,0.0,0.0,-29.5,-9.0,-3.5,-6.1,-5.5,-14.9
1873,10796747.907563666,25,4.21847725965236,65.78150874034763,548.6177828944992,1,6.439980037384885e-05,0.7562417896932104,0.16847586491532213,0.07528234539146739,200.0,92.08150874034763,-209.98152274034763,-1.4,-1.0,-11.2,0.0,0.0,-29.5,-9.0,-3.5,-6.1,-5.5,-14.9
1874,10796747.907563666,26,4.21847725965236,65.78150874034763,548.6177828944992,1,6.439980037384885e-05,0.7562402512929404,0.1684766507190392,0.07528309798802046,200.0,92.08150874034763,-209.98152274034763,-1.4,-1.0,-11.2,0.0,0.0,-29.5,-9.0,-3.5,-6.1,-5.5,-14.9
1875,10796747.907563666,27,4.21847725965236,65.78150874034763,548.6177828944992,1,6.439980037384885e-05,0.756237546209664,0.16847820848341988,0.07528424530691613,200.0,92.08150874034763,-209.98152274034763,-1.4,-1.0,-11.2,0.0,0.0,-29.5,-9.0,-3.5,-6.1,-5.5,-14.9
1876,10796747.907563666,28,4.21847725965236,65.78150874034763,548.6177828944992,1,6.439980037384885e-05,0.7562337333066903,0.1684810251778791,0.07528524151543065,200.0,92.08150874034763,-209.98152274034763,-1.4,-1.0,-11.2,0.0,0.0,-29.5,-9.0,-3.5,-6.1,-5.5,-14.9
1877,10796747.907563666,29,4.21847725965236,65.78150874034763,548.6177828944992,1,6.439980037384885e-05,0.7562309831335654,0.16848239986644356,0.07528661699999102,200.0,92.08150874034763,-209.98152274034763,-1.4,-1.0,-11.2,0.0,0.0,-29.5,-9.0,-3.5,-6.1,-5.5,-14.9
1878,10796747.907563666,30,4.21847725965236,65.78150874034763,548.6177828944992,1,6.439980037384885e-05,0.7562281850058038,0.1684839864568681,0.07528782853732817,200.0,92.08150874034763,-209.98152274034763,-1.4,-1.0,-11.2,0.0,0.0,-29.5,-9.0,-3.5,-6.1,-5.5,-14.9
1879,10796747.907563666,31,4.21847725965236,65.78150874034763,548.6177828944992,1,6.439980037384885e-05,0.7562242865371325,0.16848630277463525,0.07528941068823226,200.0,92.08150874034763,-209.98152274034763,-1.4,-1.0,-11.2,0.0,0.0,-29.5,-9.0,-3.5,-6.1,-5.5,-14.9
1880,10796747.907563666,32,4.21847725965236,65.78150874034763,548.6177828944992,1,6.439980037384885e-05,0.7562182879800573,0.16849089097769535,0.0752908210422473,200.0,92.08150874034763,-209.98152274034763,-1.4,-1.0,-11.2,0.0,0.0,-29.5,-9.0,-3.5,-6.1,-5.5,-14.9
1881,10796747.907563666,33,4.21847725965236,65.78150874034763,548.6177828944992,1,6.439980037384885e-05,0.7562124028473832,0.16849710412355018,0.07529049302906668,200.0,92.08150874034763,-209.98152274034763,-1.4,-1.0,-11.2,0.0,0.0,-29.5,-9.0,-3.5,-6.1,-5.5,-14.9
1882,10796747.907563666,34,4.21847725965236,65.78150874034763,548.6177828944992,1,6.439980037384885e-05,0.756206628667436,0.16850328409289128,0.07529008723967268,200.0,92.08150874034763,-209.98152274034763,-1.4,-1.0,-11.2,0.0,0.0,-29.5,-9.0,-3.5,-6.1,-5.5,-14.9
1883,10796747.907563666,35,4.21847725965236,65.78150874034763,548.6177828944992,1,6.439980037384885e-05,0.7562014904212916,0.16850733167288773,0.07529117790582074,200.0,92.08150874034763,-209.98152274034763,-1.4,-1.0,-11.2,0.0,0.0,-29.5,-9.0,-3.5,-6.1,-5.5,-14.9
1884,10796747.907563666,36,4.21847725965236,65.78150874034763,548.6177828944992,1,6.439980037384885e-05,0.7561958993551805,0.16851198084966998,0.07529211979514952,200.0,92.08150874034763,-209.98152274034763,-1.4,-1.0,-11.2,0.0,0.0,-29.5,-9.0,-3.5,-6.1,-5.5,-14.9
1885,10796747.907563666,37,4.21847725965236,65.78150874034763,548.6177828944992,1,6.439980037384885e-05,0.7561904061226896,0.16851615077160087,0.07529344310570955,200.0,92.08150874034763,-209.98152274034763,-1.4,-1.0,-11.2,0.0,0.0,-29.5,-9.0,-3.5,-6.1,-5.5,-14.9
1886,10796747.907563666,38,4.21847725965236,65.78150874034763,548.6177828944992,1,6.439980037384885e-05,0.7561871065208381,0.16851985921482154,0.07529303426434036,200.0,92.08150874034763,-209.98152274034763,-1.4,-1.0,-11.2,0.0,0.0,-29.5,-9.0,-3.5,-6.1,-5.5,-14.9
1887,10796747.907563666,39,4.21847725965236,65.78150874034763,548.6177828944992,1,6.439980037384885e-05,0.7561853646864506,0.16852260756005125,0.07529202775349815,200.0,92.08150874034763,-209.98152274034763,-1.4,-1.0,-11.2,0.0,0.0,-29.5,-9.0,-3.5,-6.1,-5.5,-14.9
1888,10796747.907563666,40,4.21847725965236,65.78150874034763,548.6177828944992,1,6.439980037384885e-05,0.7561819517286937,0.16852602428029867,0.07529202399100758,200.0,92.08150874034763,-209.98152274034763,-1.4,-1.0,-11.2,0.0,0.0,-29.5,-9.0,-3.5,-6.1,-5.5,-14.9
1889,10796747.907563666,41,4.21847725965236,65.78150874034763,548.6177828944992,1,6.439980037384885e-05,0.7561816773118106,0.16852640015923903,0.07529192252895042,200.0,92.08150874034763,-209.98152274034763,-1.4,-1.0,-11.2,0.0,0.0,-29.5,-9.0,-3.5,-6.1,-5.5,-14.9
1890,10796747.907563666,42,4.21847725965236,65.78150874034763,548.6177828944992,1,6.439980037384885e-05,0.7561796587652713,0.16852808544958858,0.07529225578514014,200.0,92.08150874034763,-209.98152274034763,-1.4,-1.0,-11.2,0.0,0.0,-29.5,-9.0,-3.5,-6.1,-5.5,-14.9
1891,10796747.907563666,43,4.21847725965236,65.78150874034763,548.6177828944992,1,6.439980037384885e-05,0.756176511341088,0.16852892249871387,0.0752945661601981,200.0,92.08150874034763,-209.98152274034763,-1.4,-1.0,-11.2,0.0,0.0,-29.5,-9.0,-3.5,-6.1,-5.5,-14.9
1892,10796747.907563666,44,4.21847725965236,65.78150874034763,548.6177828944992,1,6.439980037384885e-05,0.7561722888612311,0.16853208706901748,0.07529562406975136,200.0,92.08150874034763,-209.98152274034763,-1.4,-1.0,-11.2,0.0,0.0,-29.5,-9.0,-3.5,-6.1,-5.5,-14.9
1893,10796747.907563666,45,4.21847725965236,65.78150874034763,548.6177828944992,1,6.439980037384885e-05,0.7561675722784736,0.16853537140544048,0.07529705631608596,200.0,92.08150874034763,-209.98152274034763,-1.4,-1.0,-11.2,0.0,0.0,-29.5,-9.0,-3.5,-6.1,-5.5,-14.9
1894,10796747.907563666,46,4.21847725965236,65.78150874034763,548.6177828944992,1,6.439980037384885e-05,0.7561629081261662,0.16853981121700254,0.07529728065683138,200.0,92.08150874034763,-209.98152274034763,-1.4,-1.0,-11.2,0.0,0.0,-29.5,-9.0,-3.5,-6.1,-5.5,-14.9
1895,10796747.907563666,47,4.21847725965236,65.78150874034763,548.6177828944992,1,6.439980037384885e-05,0.756156725611583,0.16854535242352822,0.07529792196488874,200.0,92.08150874034763,-209.98152274034763,-1.4,-1.0,-11.2,0.0,0.0,-29.5,-9.0,-3.5,-6.1,-5.5,-14.9
1896,10796747.907563666,48,4.21847725965236,65.78150874034763,548.6177828944992,1,6.439980037384885e-05,0.756149623173845,0.16855245884695966,0.07529791797919526,200.0,92.08150874034763,-209.98152274034763,-1.4,-1.0,-11.2,0.0,0.0,-29.5,-9.0,-3.5,-6.1,-5.5,-14.9
1897,10796747.907563666,49,4.21847725965236,65.78150874034763,548.6177828944992,1,6.439980037384885e-05,0.7561432222221977,0.1685579181636048,0.07529885961419758,200.0,92.08150874034763,-209.98152274034763,-1.4,-1.0,-11.2,0.0,0.0,-29.5,-9.0,-3.5,-6.1,-5.5,-14.9
1898,10796747.907563666,0,4.21847725965236,65.78150874034763,548.6177828944992,1,6.439980037384885e-05,0.7561353921211935,0.16856494633481126,0.07529966154399517,200.0,92.08150874034763,-209.98152274034763,-1.4,-1.0,-11.2,0.0,0.0,-29.5,-9.0,-3.5,-6.1,-5.5,-14.9
1899,10796747.907563666,1,4.21847725965236,65.78150874034763,548.6177828944992,1,6.439980037384885e-05,0.7561288192135794,0.16857137216214968,0.07529980862427095,200.0,92.08150874034763,-209.98152274034763,-1.4,-1.0,-11.2,0.0,0.0,-29.5,-9.0,-3.5,-6.1,-5.5,-14.9
1900,10796747.907563666,2,4.21847725965236,65.78150874034763,548.6177828944992,1,6.439980037384885e-05,0.7561223957815015,0.1685777496999879,0.07529985451851068,200.0,92.08150874034763,-209.98152274034763,-1.4,-1.0,-11.2,0.0,0.0,-29.5,-9.0,-3.5,-6.1,-5.5,-14.9
1901,10796747.907563666,3,4.21847725965236,65.78150874034763,548.6177828944992,1,6.439980037384885e-05,0.756113501800523,0.16858669110361252,0.07529980709586456,200.0,92.08150874034763,-209.98152274034763,-1.4,-1.0,-11.2,0.0,0.0,-29.5,-9.0,-3.5,-6.1,-5.5,-14.9
1902,10796747.907563666,4,4.21847725965236,65.78150874034763,548.6177828944992,1,6.439980037384885e-05,0.7561069624977198,0.16859388963295252,0.07529914786932763,200.0,92.08150874034763,-209.98152274034763,-1.4,-1.0,-11.2,0.0,0.0,-29.5,-9.0,-3.5,-6.1,-5.5,-14.9
1903,10796747.907563666,5,4.21847725965236,65.78150874034763,548.6177828944992,1,6.439980037384885e-05,0.7560995275729334,0.16860204299358467,0.07529842943348196,200.0,92.08150874034763,-209.98152274034763,-1.4,-1.0,-11.2,0.0,0.0,-29.5,-9.0,-3.5,-6.1,-5.5,-14.9
1904,10796747.907563666,6,4.21847725965236,65.78150874034763,548.6177828944992,1,6.439980037384885e-05,0.7560928084597694,0.16860953829086522,0.07529765324936537,200.0,92.08150874034763,-209.98152274034763,-1.4,-1.0,-11.2,0.0,0.0,-29.5,-9.0,-3.5,-6.1,-5.5,-14.9
1905,10796747.907563666,7,4.21847725965236,65.78150874034763,548.6177828944992,1,6.439980037384885e-05,0.7560862510774667,0.16861589093447005,0.07529785798806322,200.0,92.08150874034763,-209.98152274034763,-1.4,-1.0,-11.2,0.0,0.0,-29.5,-9.0,-3.5,-6.1,-5.5,-14.9
1906,10796747.907563666,8,4.21847725965236,65.78150874034763,548.6177828944992,1,6.439980037384885e-05,0.7560814089139613,0.16862011628884876,0.07529847479719004,200.0,92.08150874034763,-209.98152274034763,-1.4,-1.0,-11.2,0.0,0.0,-29.5,-9.0,-3.5,-6.1,-5.5,-14.9
1907,10796747.907563666,9,4.21847725965236,65.78150874034763,548.6177828944992,1,6.439980037384885e-05,0.7560761146472825,0.16862284779244538,0.07530103756027208,200.0,92.08150874034763,-209.98152274034763,-1.4,-1.0,-11.2,0.0,0.0,-29.5,-9.0,-3.5,-6.1,-5.5,-14.9
1908,10796747.907563666,10,4.21847725965236,65.78150874034763,548.6177828944992,1,6.439980037384885e-05,0.7560688266548693,0.16862727620138557,0.07530389714374519,200.0,92.08150874034763,-209.98152274034763,-1.4,-1.0,-11.2,0.0,0.0,-29.5,-9.0,-3.5,-6.1,-5.5,-14.9
1909,10796747.907563666,11,4.21847725965236,65.78150874034763,548.6177828944992,1,6.439980037384885e-05,0.7560617284196556,0.16863071795832557,0.07530755362201881,200.0,92.08150874034763,-209.98152274034763,-1.4,-1.0,-11.2,0.0,0.0,-29.5,-9.0,-3.5,-6.1,-5.5,-14.9
1910,10796747.907563666,12,4.21847725965236,65.78150874034763,548.6177828944992,1,6.439980037384885e-05,0.7560548090257431,0.1686342591626724,0.07531093181158457,200.0,92.08150874034763,-209.98152274034763,-1.4,-1.0,-11.2,0.0,0.0,-29.5,-9.0,-3.5,-6.1,-5.5,-14.9
1911,10796747.907563666,13,4.21847725965236,65.78150874034763,548.6177828944992,1,6.439980037384885e-05,0.756048573779117,0.16863996428413927,0.07531146193674368,200.0,92.08150874034763,-209.98152274034763,-1.4,-1.0,-11.2,0.0,0.0,-29.5,-9.0,-3.5,-6.1,-5.5,-14.9
1912,10796747.907563666,14,4.21847725965236,65.78150874034763,548.6177828944992,1,6.439980037384885e-05,0.7560414347394676,0.16864669246748323,0.07531187279304916,200.0,92.08150874034763,-209.98152274034763,-1.4,-1.0,-11.2,0.0,0.0,-29.5,-9.0,-3.5,-6.1,-5.5,-14.9
1913,10796747.907563666,15,4.21847725965236,65.78150874034763,548.6177828944992,1,6.439980037384885e-05,0.7560334427309691,0.16865283898177216,0.07531371828725872,200.0,92.08150874034763,-209.98152274034763,-1.4,-1.0,-11.2,0.0,0.0,-29.5,-9.0,-3.5,-6.1,-5.5,-14.9
1914,10796747.907563666,16,4.21847725965236,65.78150874034763,548.6177828944992,1,6.439980037384885e-05,0.7560267138283416,0.16865791017373247,0.07531537599792593,200.0,92.08150874034763,-209.98152274034763,-1.4,-1.0,-11.2,0.0,0.0,-29.5,-9.0,-3.5,-6.1,-5.5,-14.9
1915,10796747.907563666,17,4.21847725965236,65.78150874034763,548.6177828944992,1,6.439980037384885e-05,0.756018590971274,0.1686640354209559,0.0753173736077701,200.0,92.08150874034763,-209.98152274034763,-1.4,-1.0,-11.2,0.0,0.0,-29.5,-9.0,-3.5,-6.1,-5.5,-14.9
1916,10796747.907563666,18,4.21847725965236,65.78150874034763,548.6177828944992,1,6.439980037384885e-05,0.7560106987134263,0.16867063986450123,0.07531866142207254,200.0,92.08150874034763,-209.98152274034763,-1.4,-1.0,-11.2,0.0,0.0,-29.5,-9.0,-3.5,-6.1,-5.5,-14.9
1917,10796747.907563666,19,4.21847725965236,65.78150874034763,548.6177828944992,1,6.439980037384885e-05,0.7560035439480723,0.16867718080477992,0.07531927524714772,200.0,92.08150874034763,-209.98152274034763,-1.4,-1.0,-11.2,0.0,0.0,-29.5,-9.0,-3.5,-6.1,-5.5,-14.9
1918,10796747.907563666,20,4.21847725965236,65.78150874034763,548.6177828944992,1,6.439980037384885e-05,0.7559981238824769,0.16868314188299677,0.07531873423452631,200.0,92.08150874034763,-209.98152274034763,-1.4,-1.0,-11.2,0.0,0.0,-29.5,-9.0,-3.5,-6.1,-5.5,-14.9
1919,10796747.907563666,21,4.21847725965236,65.78150874034763,548.6177828944992,1,6.439980037384885e-05,0.7559953874733929,0.16868700183247778,0.07531761069412937,200.0,92.08150874034763,-209.98152274034763,-1.4,-1.0,-11.2,0.0,0.0,-29.5,-9.0,-3.5,-6.1,-5.5,-14.9
1920,10796747.907563666,22,4.21847725965236,65.78150874034763,548.6177828944992,1,6.439980037384885e-05,0.7559931294957202,0.16869042038648172,0.07531645011779807,200.0,92.08150874034763,-209.98152274034763,-1.4,-1.0,-11.2,0.0,0.0,-29.5,-9.0,-3.5,-6.1,-5.5,-14.9
1921,10796747.907563666,23,4.21847725965236,65.78150874034763,548.6177828944992,1,6.439980037384885e-05,0.7559902911874066,0.16869445331643218,0.07531525549616133,200.0,92.08150874034763,-209.98152274034763,-1.4,-1.0,-11.2,0.0,0.0,-29.5,-9.0,-3.5,-6.1,-5.5,-14.9
1922,10796747.907563666,24,4.21847725965236,65.78150874034763,548.6177828944992,1,6.439980037384885e-05,0.7559884566051104,0.16869649008085313,0.07531505331403654,200.0,92.08150874034763,-209.98152274034763,-1.4,-1.0,-11.2,0.0,0.0,-29.5,-9.0,-3.5,-6.1,-5.5,-14.9
1923,10796747.907563666,25,4.21847725965236,65.78150874034763,548.6177828944992,1,6.439980037384885e-05,0.7559870559992993,0.16869766324415472,0.07531528075654603,200.0,92.08150874034763,-209.98152274034763,-1.4,-1.0,-11.2,0.0,0.0,-29.5,-9.0,-3.5,-6.1,-5.5,-14.9
1924,10796747.907563666,26,4.21847725965236,65.78150874034763,548.6177828944992,1,6.439980037384885e-05,0.7559845197022886,0.1686990497184316,0.0753164305792798,200.0,92.08150874034763,-209.98152274034763,-1.4,-1.0,-11.2,0.0,0.0,-29.5,-9.0,-3.5,-6.1,-5.5,-14.9
1925,10796747.907563666,27,4.21847725965236,65.78150874034763,548.6177828944992,1,6.439980037384885e-05,0.7559798691804881,0.1687032121768223,0.07531691864268965,200.0,92.08150874034763,-209.98152274034763,-1.4,-1.0,-11.2,0.0,0.0,-29.5,-9.0,-3.5,-6.1,-5.5,-14.9
1926,10796747.907563666,28,4.21847725965236,65.78150874034763,548.6177828944992,1,6.439980037384885e-05,0.7559732128547689,0.16870949614543437,0.07531729099979668,200.0,92.08150874034763,-209.98152274034763,-1.4,-1.0,-11.2,0.0,0.0,-29.5,-9.0,-3.5,-6.1,-5.5,-14.9
1927,10796747.907563666,29,4.21847725965236,65.78150874034763,548.6177828944992,1,6.439980037384885e-05,0.7559641419583856,0.16871676725340218,0.07531909078821222,200.0,92.08150874034763,-209.98152274034763,-1.4,-1.0,-11.2,0.0,0.0,-29.5,-9.0,-3.5,-6.1,-5.5,-14.9
1928,10796747.907563666,30,4.21847725965236,65.78150874034763,548.6177828944992,1,6.439980037384885e-05,0.7559563830309419,0.16872342338582447,0.07532019358323365,200.0,92.08150874034763,-209.98152274034763,-1.4,-1.0,-11.2,0.0,0.0,-29.5,-9.0,-3.5,-6.1,-5.5,-14.9
1929,10796747.907563666,31,4.21847725965236,65.78150874034763,548.6177828944992,1,6.439980037384885e-05,0.7559493558038419,0.16872949697258072,0.07532114722357738,200.0,92.08150874034763,-209.98152274034763,-1.4,-1.0,-11.2,0.0,0.0,-29.5,-9.0,-3.5,-6.1,-5.5,-14.9
1930,10796747.907563666,32,4.21847725965236,65.78150874034763,548.6177828944992,1,6.439980037384885e-05,0.7559455932871084,0.16873398370391435,0.07532042300897726,200.0,92.08150874034763,-209.98152274034763,-1.4,-1.0,-11.2,0.0,0.0,-29.5,-9.0,-3.5,-6.1,-5.5,-14.9
1931,10796747.907563666,33,4.21847725965236,65.78150874034763,548.6177828944992,1,6.439980037384885e-05,0.7559397901290692,0.168739543560764,0.07532066631016686,200.0,92.08150874034763,-209.98152274034763,-1.4,-1.0,-11.2,0.0,0.0,-29.5,-9.0,-3.5,-6.1,-5.5,-14.9
1932,10796747.907563666,34,4.21847725965236,65.78150874034763,548.6177828944992,1,6.439980037384885e-05,0.7559346197813408,0.16874457619702876,0.0753208040216305,200.0,92.08150874034763,-209.98152274034763,-1.4,-1.0,-11.2,0.0,0.0,-29.5,-9.0,-3.5,-6.1,-5.5,-14.9
1933,10796747.907563666,35,4.21847725965236,65.78150874034763,548.6177828944992,1,6.439980037384885e-05,0.7559295394432609,0.16874859731661113,0.07532186324012796,200.0,92.08150874034763,-209.98152274034763,-1.4,-1.0,-11.2,0.0,0.0,-29.5,-9.0,-3.5,-6.1,-5.5,-14.9
1934,10796747.907563666,36,4.21847725965236,65.78150874034763,548.6177828944992,1,6.439980037384885e-05,0.7559260859785927,0.16875011815097243,0.07532379587043486,200.0,92.08150874034763,-209.98152274034763,-1.4,-1.0,-11.2,0.0,0.0,-29.5,-9.0,-3.5,-6.1,-5.5,-14.9
1935,10796747.907563666,37,4.21847725965236,65.78150874034763,548.6177828944992,1,6.439980037384885e-05,0.7559221225626387,0.1687508070649066,0.07532707037245479,200.0,92.08150874034763,-209.98152274034763,-1.4,-1.0,-11.2,0.0,0.0,-29.5,-9.0,-3.5,-6.1,-5.5,-14.9
1936,10796747.907563666,38,4.21847725965236,65.78150874034763,548.6177828944992,1,6.439980037384885e-05,0.7559161322707417,0.16875377916597223,0.07533008856328602,200.0,92.08150874034763,-209.98152274034763,-1.4,-1.0,-11.2,0.0,0.0,-29.5,-9.0,-3.5,-6.1,-5.5,-14.9
1937,10796747.907563666,39,4.21847725965236,65.78150874034763,548.6177828944992,1,6.439980037384885e-05,0.7559092431309412,0.16875840472438114,0.07533235214467762,200.0,92.08150874034763,-209.98152274034763,-1.4,-1.0,-11.2,0.0,0.0,-29.5,-9.0,-3.5,-6.1,-5.5,-14.9
1938,10796747.907563666,40,4.21847725965236,65.78150874034763,548.6177828944992,1,6.439980037384885e-05,0.7559004741458161,0.16876562540014897,0.07533390045403493,200.0,92.08150874034763,-209.98152274034763,-1.4,-1.0,-11.2,0.0,0.0,-29.5,-9.0,-3.5,-6.1,-5.5,-14.9
1939,10796747.907563666,41,4.21847725965236,65.78150874034763,548.6177828944992,1,6.439980037384885e-05,0.7558924858361642,0.16877274633339648,0.0753347678304393,200.0,92.08150874034763,-209.98152274034763,-1.4,-1.0,-11.2,0.0,0.0,-29.5,-9.0,-3.5,-6.1,-5.5,-14.9
1940,10796747.907563666,42,4.21847725965236,65.78150874034763,548.6177828944992,1,6.439980037384885e-05,0.7558857493547101,0.16877977079736664,0.07533447984792323,200.0,92.08150874034763,-209.98152274034763,-1.4,-1.0,-11.2,0.0,0.0,-29.5,-9.0,-3.5,-6.1,-5.5,-14.9
1941,10796747.907563666,43,4.21847725965236,65.78150874034763,548.6177828944992,1,6.439980037384885e-05,0.7558786697977532,0.168786707602304,0.07533462259994277,200.0,92.08150874034763,-209.98152274034763,-1.4,-1.0,-11.2,0.0,0.0,-29.5,-9.0,-3.5,-6.1,-5.5,-14.9
1942,10796747.907563666,44,4.21847725965236,65.78150874034763,548.6177828944992,1,6.439980037384885e-05,0.7558712628331558,0.16879407137396177,0.07533466579288252,200.0,92.08150874034763,-209.98152274034763,-1.4,-1.0,-11.2,0.0,0.0,-29.5,-9.0,-3.5,-6.1,-5.5,-14.9
1943,10796747.907563666,45,4.21847725965236,65.78150874034763,548.6177828944992,1,6.439980037384885e-05,0.7558635496759574,0.16880081944621203,0.07533563087783055,200.0,92.08150874034763,-209.98152274034763,-1.4,-1.0,-11.2,0.0,0.0,-29.5,-9.0,-3.5,-6.1,-5.5,-14.9
1944,10796747.907563666,46,4.21847725965236,65.78150874034763,548.6177828944992,1,6.439980037384885e-05,0.7558581027441224,0.16880493637229446,0.07533696088358321,200.0,92.08150874034763,-209.98152274034763,-1.4,-1.0,-11.2,0.0,0.0,-29.5,-9.0,-3.5,-6.1,-5.5,-14.9
1945,10796747.907563666,47,4.21847725965236,65.78150874034763,548.6177828944992,1,6.439980037384885e-05,0.7558522395722846,0.16881165944835727,0.07533610097935806,200.0,92.08150874034763,-209.98152274034763,-1.4,-1.0,-11.2,0.0,0.0,-29.5,-9.0,-3.5,-6.1,-5.5,-14.9
1946,10796747.907563666,48,4.21847725965236,65.78150874034763,548.6177828944992,1,6.439980037384885e-05,0.7558454827629701,0.16881831008012937,0.0753362071569005,200.0,92.08150874034763,-209.98152274034763,-1.4,-1.0,-11.2,0.0,0.0,-29.5,-9.0,-3.5,-6.1,-5.5,-14.9
1947,10796747.907563666,49,4.21847725965236,65.78150874034763,548.6177828944992,1,6.439980037384885e-05,0.7558414465276964,0.16882335399688744,0.07533519947541627,200.0,92.08150874034763,-209.98152274034763,-1.4,-1.0,-11.2,0.0,0.0,-29.5,-9.0,-3.5,-6.1,-5.5,-14.9
1948,10796747.907563666,0,4.21847725965236,65.78150874034763,548.6177828944992,1,6.439980037384885e-05,0.7558364260100112,0.16882840965138074,0.07533516433860814,200.0,92.08150874034763,-209.98152274034763,-1.4,-1.0,-11.2,0.0,0.0,-29.5,-9.0,-3.5,-6.1,-5.5,-14.9
1949,10796747.907563666,1,4.21847725965236,65.78150874034763,548.6177828944992,1,6.439980037384885e-05,0.7558304713068832,0.16883347611062383,0.07533605258249304,200.0,92.08150874034763,-209.98152274034763,-1.4,-1.0,-11.2,0.0,0.0,-29.5,-9.0,-3.5,-6.1,-5.5,-14.9
1950,10796747.907563666,2,4.21847725965236,65.78150874034763,548.6177828944992,1,6.439980037384885e-05,0.7558256629547694,0.16883854700962025,0.07533579003561033,200.0,92.08150874034763,-209.98152274034763,-1.4,-1.0,-11.2,0.0,0.0,-29.5,-9.0,-3.5,-6.1,-5.5,-14.9
1951,10796747.907563666,3,4.21847725965236,65.78150874034763,548.6177828944992,1,6.439980037384885e-05,0.755821950982391,0.16884158938631372,0.07533645963129533,200.0,92.08150874034763,-209.98152274034763,-1.4,-1.0,-11.2,0.0,0.0,-29.5,-9.0,-3.5,-6.1,-5.5,-14.9
1952,10796747.907563666,4,4.21847725965236,65.78150874034763,548.6177828944992,1,6.439980037384885e-05,0.7558167311083642,0.1688452525525362,0.07533801633909959,200.0,92.08150874034763,-209.98152274034763,-1.4,-1.0,-11.2,0.0,0.0,-29.5,-9.0,-3.5,-6.1,-5.5,-14.9
1953,10796747.907563666,5,4.21847725965236,65.78150874034763,548.6177828944992,1,6.439980037384885e-05,0.7558080436896165,0.1688510332815363,0.07534092302884723,200.0,92.08150874034763,-209.98152274034763,-1.4,-1.0,-11.2,0.0,0.0,-29.5,-9.0,-3.5,-6.1,-5.5,-14.9
1954,10796747.907563666,6,4.21847725965236,65.78150874034763,548.6177828944992,1,6.439980037384885e-05,0.7557996268941457,0.16885627661097372,0.07534409649488065,200.0,92.08150874034763,-209.98152274034763,-1.4,-1.0,-11.2,0.0,0.0,-29.5,-9.0,-3.5,-6.1,-5.5,-14.9
1955,10796747.907563666,7,4.21847725965236,65.78150874034763,548.6177828944992,1,6.439980037384885e-05,0.7557914686716773,0.16886050227724658,0.07534802905107608,200.0,92.08150874034763,-209.98152274034763,-1.4,-1.0,-11.2,0.0,0.0,-29.5,-9.0,-3.5,-6.1,-5.5,-14.9
1956,10796747.907563666,8,4.21847725965236,65.78150874034763,548.6177828944992,1,6.439980037384885e-05,0.7557850732828864,0.16886527957921893,0.07534964713789467,200.0,92.08150874034763,-209.98152274034763,-1.4,-1.0,-11.2,0.0,0.0,-29.5,-9.0,-3.5,-6.1,-5.5,-14.9
1957,10796747.907563666,9,4.21847725965236,65.78150874034763,548.6177828944992,1,6.439980037384885e-05,0.7557798429993693,0.16887058122954943,0.07534957577108135,200.0,92.08150874034763,-209.98152274034763,-1.4,-1.0,-11.2,0.0,0.0,-29.5,-9.0,-3.5,-6.1,-5.5,-14.9
1958,10796747.907563666,10,4.21847725965236,65.78150874034763,548.6177828944992,1,6.439980037384885e-05,0.755776228436365,0.16887536559567182,0.07534840596796323,200.0,92.08150874034763,-209.98152274034763,-1.4,-1.0,-11.2,0.0,0.0,-29.5,-9.0,-3.5,-6.1,-5.5,-14.9
1959,10796747.907563666,11,4.21847725965236,65.78150874034763,548.6177828944992,1,6.439980037384885e-05,0.7557721171635556,0.16888118328960774,0.07534669954683665,200.0,92.08150874034763,-209.98152274034763,-1.4,-1.0,-11.2,0.0,0.0,-29.5,-9.0,-3.5,-6.1,-5.5,-14.9
1960,10796747.907563666,12,4.21847725965236,65.78150874034763,548.6177828944992,1,6.439980037384885e-05,0.7557670317935926,0.1688874768878089,0.07534549131859852,200.0,92.08150874034763,-209.98152274034763,-1.4,-1.0,-11.2,0.0,0.0,-29.5,-9.0,-3.5,-6.1,-5.5,-14.9
1961,10796747.907563666,13,4.21847725965236,65.78150874034763,548.6177828944992,1,6.439980037384885e-05,0.7557610220797789,0.16889422190035105,0.07534475601987004,200.0,92.08150874034763,-209.98152274034763,-1.4,-1.0,-11.2,0.0,0.0,-29.5,-9.0,-3.5,-6.1,-5.5,-14.9
1962,10796747.907563666,14,4.21847725965236,65.78150874034763,548.6177828944992,1,6.439980037384885e-05,0.7557551527793391,0.1688998749757894,0.07534497224487147,200.0,92.08150874034763,-209.98152274034763,-1.4,-1.0,-11.2,0.0,0.0,-29.5,-9.0,-3.5,-6.1,-5.5,-14.9
1963,10796747.907563666,15,4.21847725965236,65.78150874034763,548.6177828944992,1,6.439980037384885e-05,0.7557488996858414,0.16890702043872052,0.07534407987543812,200.0,92.08150874034763,-209.98152274034763,-1.4,-1.0,-11.2,0.0,0.0,-29.5,-9.0,-3.5,-6.1,-5.5,-14.9
1964,10796747.907563666,16,4.21847725965236,65.78150874034763,548.6177828944992,1,6.439980037384885e-05,0.755746343394094,0.1689105185905512,0.0753431380153549,200.0,92.08150874034763,-209.98152274034763,-1.4,-1.0,-11.2,0.0,0.0,-29.5,-9.0,-3.5,-6.1,-5.5,-14.9
1965,10796747.907563666,17,4.21847725965236,65.78150874034763,548.6177828944992,1,6.439980037384885e-05,0.7557457791628778,0.1689110658511295,0.07534315498599278,200.0,92.08150874034763,-209.98152274034763,-1.4,-1.0,-11.2,0.0,0.0,-29.5,-9.0,-3.5,-6.1,-5.5,-14.9
1966,10796747.907563666,18,4.21847725965236,65.78150874034763,548.6177828944992,1,6.439980037384885e-05,0.7557455824525334,0.16891133872874284,0.07534307881872383,200.0,92.08150874034763,-209.98152274034763,-1.4,-1.0,-11.2,0.0,0.0,-29.5,-9.0,-3.5,-6.1,-5.5,-14.9
1967,10796747.907563666,19,4.21847725965236,65.78150874034763,548.6177828944992,1,6.439980037384885e-05,0.7557482627766079,0.1689088251248563,0.07534291209853591,200.0,92.08150874034763,-209.98152274034763,-1.4,-1.0,-11.2,0.0,0.0,-29.5,-9.0,-3.5,-6.1,-5.5,-14.9
1968,10796747.907563666,20,4.21847725965236,65.78150874034763,548.6177828944992,1,6.439980037384885e-05,0.7557506427601338,0.16890619349595684,0.0753431637439092,200.0,92.08150874034763,-209.98152274034763,-1.4,-1.0,-11.2,0.0,0.0,-29.5,-9.0,-3.5,-6.1,-5.5,-14.9
1969,10796747.907563666,21,4.21847725965236,65.78150874034763,548.6177828944992,1,6.439980037384885e-05,0.7557522289720444,0.16890496104054134,0.07534280998741426,200.0,92.08150874034763,-209.98152274034763,-1.4,-1.0,-11.2,0.0,0.0,-29.5,-9.0,-3.5,-6.1,-5.5,-14.9
1970,10796747.907563666,22,4.21847725965236,65.78150874034763,548.6177828944992,1,6.439980037384885e-05,0.7557510492840213,0.16890506230833097,0.0753438884076478,200.0,92.08150874034763,-209.98152274034763,-1.4,-1.0,-11.2,0.0,0.0,-29.5,-9.0,-3.5,-6.1,-5.5,-14.9
1971,10796747.907563666,23,4.21847725965236,65.78150874034763,548.6177828944992,1,6.439980037384885e-05,0.7557497642051171,0.16890491385303755,0.07534532194184536,200.0,92.08150874034763,-209.98152274034763,-1.4,-1.0,-11.2,0.0,0.0,-29.5,-9.0,-3.5,-6.1,-5.5,-14.9
1972,10796747.907563666,24,4.21847725965236,65.78150874034763,548.6177828944992,1,6.439980037384885e-05,0.7557503987656925,0.16890150795896453,0.075348093275343,200.0,92.08150874034763,-209.98152274034763,-1.4,-1.0,-11.2,0.0,0.0,-29.5,-9.0,-3.5,-6.1,-5.5,-14.9
1973,10796747.907563666,25,4.21847725965236,65.78150874034763,548.6177828944992,1,6.439980037384885e-05,0.7557488162296635,0.16890155107557803,0.07534963269475849,200.0,92.08150874034763,-209.98152274034763,-1.4,-1.0,-11.2,0.0,0.0,-29.5,-9.0,-3.5,-6.1,-5.5,-14.9
1974,10796747.907563666,26,4.21847725965236,65.78150874034763,548.6177828944992,1,6.439980037384885e-05,0.7557491640311937,0.1688993343661048,0.0753515016027014,200.0,92.08150874034763,-209.98152274034763,-1.4,-1.0,-11.2,0.0,0.0,-29.5,-9.0,-3.5,-6.1,-5.5,-14.9
1975,10796747.907563666,27,4.21847725965236,65.78150874034763,548.6177828944992,1,6.439980037384885e-05,0.7557493294168284,0.16889698566788527,0.0753536849152864,200.0,92.08150874034763,-209.98152274034763,-1.4,-1.0,-11.2,0.0,0.0,-29.5,-9.0,-3.5,-6.1,-5.5,-14.9
1976,10796747.907563666,28,4.21847725965236,65.78150874034763,548.6177828944992,1,6.439980037384885e-05,0.7557483125559008,0.16889652055344792,0.07535516689065136,200.0,92.08150874034763,-209.98152274034763,-1.4,-1.0,-11.2,0.0,0.0,-29.5,-9.0,-3.5,-6.1,-5.5,-14.9
1977,10796747.907563666,29,4.21847725965236,65.78150874034763,548.6177828944992,1,6.439980037384885e-05,0.7557466807034442,0.1688958365280813,0.07535748276847452,200.0,92.08150874034763,-209.98152274034763,-1.4,-1.0,-11.2,0.0,0.0,-29.5,-9.0,-3.5,-6.1,-5.5,-14.9
1978,10796747.907563666,30,4.21847725965236,65.78150874034763,548.6177828944992,1,6.439980037384885e-05,0.7557459709649131,0.16889443994984804,0.07535958908523883,200.0,92.08150874034763,-209.98152274034763,-1.4,-1.0,-11.2,0.0,0.0,-29.5,-9.0,-3.5,-6.1,-5.5,-14.9
1979,10796747.907563666,31,4.21847725965236,65.78150874034763,548.6177828944992,1,6.439980037384885e-05,0.7557461350604733,0.16889286804594394,0.07536099689358272,200.0,92.08150874034763,-209.98152274034763,-1.4,-1.0,-11.2,0.0,0.0,-29.5,-9.0,-3.5,-6.1,-5.5,-14.9
1980,10796747.907563666,32,4.21847725965236,65.78150874034763,548.6177828944992,1,6.439980037384885e-05,0.755749640850999,0.16888762124890747,0.07536273790009353,200.0,92.08150874034763,-209.98152274034763,-1.4,-1.0,-11.2,0.0,0.0,-29.5,-9.0,-3.5,-6.1,-5.5,-14.9
1981,10796747.907563666,33,4.21847725965236,65.78150874034763,548.6177828944992,1,6.439980037384885e-05,0.7557482908309193,0.16888590819853166,0.07536580097054899,200.0,92.08150874034763,-209.98152274034763,-1.4,-1.0,-11.2,0.0,0.0,-29.5,-9.0,-3.5,-6.1,-5.5,-14.9
1982,10796747.907563666,34,4.21847725965236,65.78150874034763,548.6177828944992,1,6.439980037384885e-05,0.7557443357022907,0.1688865454250566,0.07536911887265273,200.0,92.08150874034763,-209.98152274034763,-1.4,-1.0,-11.2,0.0,0.0,-29.5,-9.0,-3.5,-6.1,-5.5,-14.9
1983,10796747.907563666,35,4.21847725965236,65.78150874034763,548.6177828944992,1,6.439980037384885e-05,0.7557404174237035,0.16888590773895926,0.07537367483733728,200.0,92.08150874034763,-209.98152274034763,-1.4,-1.0,-11.2,0.0,0.0,-29.5,-9.0,-3.5,-6.1,-5.5,-14.9
1984,10796747.907563666,36,4.21847725965236,65.78150874034763,548.6177828944992,1,6.439980037384885e-05,0.7557365324963096,0.16888505961810912,0.07537840788558127,200.0,92.08150874034763,-209.98152274034763,-1.4,-1.0,-11.2,0.0,0.0,-29.5,-9.0,-3.5,-6.1,-5.5,-14.9
1985,10796747.907563666,37,4.21847725965236,65.78150874034763,548.6177828944992,1,6.439980037384885e-05,0.7557306758248382,0.16888551456577233,0.07538380960938953,200.0,92.08150874034763,-209.98152274034763,-1.4,-1.0,-11.2,0.0,0.0,-29.5,-9.0,-3.5,-6.1,-5.5,-14.9
1986,10796747.907563666,38,4.21847725965236,65.78150874034763,548.6177828944992,1,6.439980037384885e-05,0.7557244493362223,0.16888670388318772,0.07538884678058995,200.0,92.08150874034763,-209.98152274034763,-1.4,-1.0,-11.2,0.0,0.0,-29.5,-9.0,-3.5,-6.1,-5.5,-14.9
1987,10796747.907563666,39,4.21847725965236,65.78150874034763,548.6177828944992,1,6.439980037384885e-05,0.7557193696549652,0.1688895854414312,0.07539104490360363,200.0,92.08150874034763,-209.98152274034763,-1.4,-1.0,-11.2,0.0,0.0,-29.5,-9.0,-3.5,-6.1,-5.5,-14.9
1988,10796747.907563666,40,4.21847725965236,65.78150874034763,548.6177828944992,1,6.439980037384885e-05,0.7557143820056453,0.16889257818959585,0.07539303980475875,200.0,92.08150874034763,-209.98152274034763,-1.4,-1.0,-11.2,0.0,0.0,-29.5,-9.0,-3.5,-6.1,-5.5,-14.9
1989,10796747.907563666,41,4.21847725965236,65.78150874034763,548.6177828944992,1,6.439980037384885e-05,0.7557089816045529,0.16889617627306333,0.07539484212238381,200.0,92.08150874034763,-209.98152274034763,-1.4,-1.0,-11.2,0.0,0.0,-29.5,-9.0,-3.5,-6.1,-5.5,-14.9
1990,10796747.907563666,42,4.21847725965236,65.78150874034763,548.6177828944992,1,6.439980037384885e-05,0.7557026908679698,0.16890034990706276,0.07539695922496753,200.0,92.08150874034763,-209.98152274034763,-1.4,-1.0,-11.2,0.0,0.0,-29.5,-9.0,-3.5,-6.1,-5.5,-14.9
1991,10796747.907563666,43,4.21847725965236,65.78150874034763,548.6177828944992,1,6.439980037384885e-05,0.7556970524061402,0.1689045678063476,0.07539837978751213,200.0,92.08150874034763,-209.98152274034763,-1.4,-1.0,-11.2,0.0,0.0,-29.5,-9.0,-3.5,-6.1,-5.5,-14.9
1992,10796747.907563666,44,4.21847725965236,65.78150874034763,548.6177828944992,1,6.439980037384885e-05,0.755691033620989,0.16890982626112985,0.07539914011788122,200.0,92.08150874034763,-209.98152274034763,-1.4,-1.0,-11.2,0.0,0.0,-29.5,-9.0,-3.5,-6.1,-5.5,-14.9
1993,10796747.907563666,45,4.21847725965236,65.78150874034763,548.6177828944992,1,6.439980037384885e-05,0.7556841608236993,0.16891457916642372,0.07540126000987707,200.0,92.08150874034763,-209.98152274034763,-1.4,-1.0,-11.2,0.0,0.0,-29.5,-9.0,-3.5,-6.1,-5.5,-14.9
1994,10796747.907563666,46,4.21847725965236,65.78150874034763,548.6177828944992,1,6.439980037384885e-05,0.7556754773062689,0.1689203476646584,0.07540417502907266,200.0,92.08150874034763,-209.98152274034763,-1.4,-1.0,-11.2,0.0,0.0,-29.5,-9.0,-3.5,-6.1,-5.5,-14.9
1995,10796747.907563666,47,4.21847725965236,65.78150874034763,548.6177828944992,1,6.439980037384885e-05,0.7556685651603972,0.16892508161665293,0.07540635322294992,200.0,92.08150874034763,-209.98152274034763,-1.4,-1.0,-11.2,0.0,0.0,-29.5,-9.0,-3.5,-6.1,-5.5,-14.9
1996,10796747.907563666,48,4.21847725965236,65.78150874034763,548.6177828944992,1,6.439980037384885e-05,0.7556593489901472,0.16893083170582102,0.07540981930403182,200.0,92.08150874034763,-209.98152274034763,-1.4,-1.0,-11.2,0.0,0.0,-29.5,-9.0,-3.5,-6.1,-5.5,-14.9
1997,10796747.907563666,49,4.21847725965236,65.78150874034763,548.6177828944992,1,6.439980037384885e-05,0.7556509284462379,0.16893803725100529,0.07541103430275672,200.0,92.08150874034763,-209.98152274034763,-1.4,-1.0,-11.2,0.0,0.0,-29.5,-9.0,-3.5,-6.1,-5.5,-14.9
1998,10796747.907563666,0,4.21847725965236,65.78150874034763,548.6177828944992,1,6.439980037384885e-05,0.7556412785181752,0.1689456339988512,0.07541308748297362,200.0,92.08150874034763,-209.98152274034763,-1.4,-1.0,-11.2,0.0,0.0,-29.5,-9.0,-3.5,-6.1,-5.5,-14.9
1999,10796747.907563666,1,4.21847725965236,65.78150874034763,548.6177828944992,1,6.439980037384885e-05,0.7556319538759302,0.168953101486443,0.07541494463762685,200.0,92.08150874034763,-209.98152274034763,-1.4,-1.0,-11.2,0.0,0.0,-29.5,-9.0,-3.5,-6.1,-5.5,-14.9
