Iteration,Best_Fitness,Stagnation_Counter,Total_Load_Shed,Gen_Deviation_Sum,Gen_Rescheduling_Cost,Num_Line_Violations,Max_Line_Violation_Pct,Prob_OOA,Prob_KHA,Prob_SHO,B_1,B_2,B_3,B_4,B_5,B_6,B_7,B_8,B_9,B_10,B_11,B_12,B_13,B_14
0,4518242.1589747155,0,24.830953666869966,45.182044571495425,376.81825172627185,0,0.0,0.3333333333333333,0.3333333333333333,0.3333333333333333,199.9935008808173,71.47554545231272,-194.53117163005976,-1.2456772006270778,-0.9150994308407827,-10.65596286660864,0.0,0.0,-27.19559279238473,-8.54099042703214,-3.274979702162268,-5.681279558222234,-5.280574254463175,-14.147718470729213
1,4020459.6861342713,0,40.20426115780468,40.20426115780466,335.3035380560908,0,0.0,0.356140350877193,0.3271929824561403,0.31666666666666665,199.6993833298042,56.396355512391146,-182.7270047210768,-1.0132188404038005,-0.8504555203047791,-9.741231608010054,0.0,0.0,-24.54492174847736,-7.76922251153647,-3.5,-5.711212257680729,-5.5,-14.738471634705308
2,3777417.3638975085,0,37.77385830499678,37.77385830499682,315.0339782636735,0,0.0,0.3803787878787879,0.3187878787878788,0.30083333333333334,198.59914290228903,59.926998792714144,-184.30468038527698,-1.0644226646995534,-0.8775761008184056,-9.827647956701632,0.0,0.0,-25.064521347138722,-7.814213087091781,-3.4292590550361792,-5.785975642496004,-5.457845455743953,-14.9
3,3502814.8322743243,0,34.976258228823795,35.027855890425116,292.13231812614544,0,0.0,0.4044449548678273,0.3097633784655061,0.28579166666666667,199.99794294037554,61.32579883080065,-184.30468038527698,-1.0644226646995534,-0.8775761008184056,-9.827647956701632,0.0,0.0,-27.86212142331171,-7.814213087091781,-3.4292590550361792,-5.785975642496004,-5.457845455743953,-14.9
4,3502814.8322743243,1,34.976258228823795,35.027855890425116,292.13231812614544,0,0.0,0.4270663982732118,0.3014315183934549,0.2715020833333333,199.99794294037554,61.32579883080065,-184.30468038527698,-1.0644226646995534,-0.8775761008184056,-9.827647956701632,0.0,0.0,-27.86212142331171,-7.814213087091781,-3.4292590550361792,-5.785975642496004,-5.457845455743953,-14.9
5,3502814.8322743243,2,34.976258228823795,35.027855890425116,292.13231812614544,0,0.0,0.4480386597549,0.29403436107843334,0.2579269791666666,199.99794294037554,61.32579883080065,-184.30468038527698,-1.0644226646995534,-0.8775761008184056,-9.827647956701632,0.0,0.0,-27.86212142331171,-7.814213087091781,-3.4292590550361792,-5.785975642496004,-5.457845455743953,-14.9
6,3502814.8322743243,3,34.976258228823795,35.027855890425116,292.13231812614544,0,0.0,0.4681683723367753,0.28680099745489146,0.24503063020833332,199.99794294037554,61.32579883080065,-184.30468038527698,-1.0644226646995534,-0.8775761008184056,-9.827647956701632,0.0,0.0,-27.86212142331171,-7.814213087091781,-3.4292590550361792,-5.785975642496004,-5.457845455743953,-14.9
7,3502814.8322743243,4,34.976258228823795,35.027855890425116,292.13231812614544,0,0.0,0.48719599376443035,0.280024907537653,0.23277909869791666,199.99794294037554,61.32579883080065,-184.30468038527698,-1.0644226646995534,-0.8775761008184056,-9.827647956701632,0.0,0.0,-27.86212142331171,-7.814213087091781,-3.4292590550361792,-5.785975642496004,-5.457845455743953,-14.9
8,3502814.8322743243,5,34.976258228823795,35.027855890425116,292.13231812614544,0,0.0,0.5057136869537017,0.27314616928327745,0.22114014376302082,199.99794294037554,61.32579883080065,-184.30468038527698,-1.0644226646995534,-0.8775761008184056,-9.827647956701632,0.0,0.0,-27.86212142331171,-7.814213087091781,-3.4292590550361792,-5.785975642496004,-5.457845455743953,-14.9
9,3502814.8322743243,6,34.976258228823795,35.027855890425116,292.13231812614544,0,0.0,0.522951367091998,0.26696549633313227,0.21008313657486982,199.99794294037554,61.32579883080065,-184.30468038527698,-1.0644226646995534,-0.8775761008184056,-9.827647956701632,0.0,0.0,-27.86212142331171,-7.814213087091781,-3.4292590550361792,-5.785975642496004,-5.457845455743953,-14.9
10,3502814.8322743243,7,34.976258228823795,35.027855890425116,292.13231812614544,0,0.0,0.5393246795270715,0.26109634072680216,0.19957897974612632,199.99794294037554,61.32579883080065,-184.30468038527698,-1.0644226646995534,-0.8775761008184056,-9.827647956701632,0.0,0.0,-27.86212142331171,-7.814213087091781,-3.4292590550361792,-5.785975642496004,-5.457845455743953,-14.9
11,3502814.8322743243,8,34.976258228823795,35.027855890425116,292.13231812614544,0,0.0,0.554518103426698,0.25588186581448197,0.18960003075881998,199.99794294037554,61.32579883080065,-184.30468038527698,-1.0644226646995534,-0.8775761008184056,-9.827647956701632,0.0,0.0,-27.86212142331171,-7.814213087091781,-3.4292590550361792,-5.785975642496004,-5.457845455743953,-14.9
12,3502814.8322743243,9,34.976258228823795,35.027855890425116,292.13231812614544,0,0.0,0.568727682126331,0.2511522886527901,0.18012002922087897,199.99794294037554,61.32579883080065,-184.30468038527698,-1.0644226646995534,-0.8775761008184056,-9.827647956701632,0.0,0.0,-27.86212142331171,-7.814213087091781,-3.4292590550361792,-5.785975642496004,-5.457845455743953,-14.9
13,3502814.8322743243,10,34.976258228823795,35.027855890425116,292.13231812614544,0,0.0,0.5821391241069709,0.24674684813319406,0.171114027759835,199.99794294037554,61.32579883080065,-184.30468038527698,-1.0644226646995534,-0.8775761008184056,-9.827647956701632,0.0,0.0,-27.86212142331171,-7.814213087091781,-3.4292590550361792,-5.785975642496004,-5.457845455743953,-14.9
14,3502649.5477038464,0,34.975521736353386,35.026203058504954,292.1185335079313,0,0.0,0.5945909748796753,0.24285069874848145,0.16255832637184325,199.9991376025708,61.325340661075764,-184.3000420152075,-1.0663705288847143,-0.8793588232312881,-9.830218384239252,0.0,0.0,-27.864001052952172,-7.81781048900676,-3.429885033402752,-5.781015068219789,-5.455776868502351,-14.9
15,3501738.808162625,0,34.98289125207957,35.01709573904779,292.0425784636585,0,0.0,0.6000349277129786,0.24553466223377032,0.15443041005325112,200.0,61.31709573904779,-184.29190990799262,-1.068760308854949,-0.8805900945732921,-9.831813063739363,0.0,0.0,-27.86014409838051,-7.820175289366485,-3.431085859008442,-5.778266475818725,-5.4543636501860355,-14.9
16,3501738.808162625,1,34.98289125207957,35.01709573904779,292.0425784636585,0,0.0,0.606101292782438,0.24718981766697343,0.14670888955058856,200.0,61.31709573904779,-184.29190990799262,-1.068760308854949,-0.8805900945732921,-9.831813063739363,0.0,0.0,-27.86014409838051,-7.820175289366485,-3.431085859008442,-5.778266475818725,-5.4543636501860355,-14.9
17,3501738.808162625,2,34.98289125207957,35.01709573904779,292.0425784636585,0,0.0,0.6114687427631992,0.24915781216374175,0.13937344507305915,200.0,61.31709573904779,-184.29190990799262,-1.068760308854949,-0.8805900945732921,-9.831813063739363,0.0,0.0,-27.86014409838051,-7.820175289366485,-3.431085859008442,-5.778266475818725,-5.4543636501860355,-14.9
18,3500199.019192658,0,35.0004726485304,35.00169807776461,291.9141619685568,0,0.0,0.6162703916539449,0.2513248355266489,0.13240477281940619,199.99891463685248,61.30061271461708,-184.2418254857949,-1.0733906179379107,-0.8864248169914104,-9.89015711298169,0.0,0.0,-27.827024021881247,-7.856377909991807,-3.4297397748740845,-5.773539313558496,-5.455286804988337,-14.865761492469709
19,3500199.019192658,1,35.0004726485304,35.00169807776461,291.9141619685568,0,0.0,0.6243970762520935,0.24981838956947058,0.12578453417843588,199.99891463685248,61.30061271461708,-184.2418254857949,-1.0733906179379107,-0.8864248169914104,-9.89015711298169,0.0,0.0,-27.827024021881247,-7.856377909991807,-3.4297397748740845,-5.773539313558496,-5.455286804988337,-14.865761492469709
20,3500199.019192658,2,35.0004726485304,35.00169807776461,291.9141619685568,0,0.0,0.6321221765679292,0.24838251596255673,0.11949530746951409,199.99891463685248,61.30061271461708,-184.2418254857949,-1.0733906179379107,-0.8864248169914104,-9.89015711298169,0.0,0.0,-27.827024021881247,-7.856377909991807,-3.4297397748740845,-5.773539313558496,-5.455286804988337,-14.865761492469709
21,3500199.019192658,3,35.0004726485304,35.00169807776461,291.9141619685568,0,0.0,0.6392257451588875,0.24725371274507404,0.11352054209603837,199.99891463685248,61.30061271461708,-184.2418254857949,-1.0733906179379107,-0.8864248169914104,-9.89015711298169,0.0,0.0,-27.827024021881247,-7.856377909991807,-3.4297397748740845,-5.773539313558496,-5.455286804988337,-14.865761492469709
22,3500199.019192658,4,35.0004726485304,35.00169807776461,291.9141619685568,0,0.0,0.6460348468595379,0.24612063814922563,0.10784451499123647,199.99891463685248,61.30061271461708,-184.2418254857949,-1.0733906179379107,-0.8864248169914104,-9.89015711298169,0.0,0.0,-27.827024021881247,-7.856377909991807,-3.4297397748740845,-5.773539313558496,-5.455286804988337,-14.865761492469709
23,3500199.019192658,5,35.0004726485304,35.00169807776461,291.9141619685568,0,0.0,0.6523302989053386,0.2452174118529868,0.10245228924167464,199.99891463685248,61.30061271461708,-184.2418254857949,-1.0733906179379107,-0.8864248169914104,-9.89015711298169,0.0,0.0,-27.827024021881247,-7.856377909991807,-3.4297397748740845,-5.773539313558496,-5.455286804988337,-14.865761492469709
24,3500188.0833146544,0,35.00090843407156,35.00158871989662,291.9132499239378,0,0.0,0.65805355229984,0.2446167729205691,0.09732967477959091,199.9987514230159,61.30034014291252,-184.24068358899189,-1.0734983100966873,-0.886567425555583,-9.891607136140562,0.0,0.0,-27.826150772726304,-7.857251538641601,-3.4297036641251513,-5.7734153686986165,-5.455321178825758,-14.864892582126286
25,3500188.0833146544,1,35.00090843407156,35.00158871989662,291.9132499239378,0,0.0,0.6646670037171061,0.24286980524228258,0.09246319104061136,199.9987514230159,61.30034014291252,-184.24068358899189,-1.0734983100966873,-0.886567425555583,-9.891607136140562,0.0,0.0,-27.826150772726304,-7.857251538641601,-3.4297036641251513,-5.7734153686986165,-5.455321178825758,-14.864892582126286
26,3500188.0833146544,2,35.00090843407156,35.00158871989662,291.9132499239378,0,0.0,0.6709106541613705,0.24124931435004873,0.0878400314885808,199.9987514230159,61.30034014291252,-184.24068358899189,-1.0734983100966873,-0.886567425555583,-9.891607136140562,0.0,0.0,-27.826150772726304,-7.857251538641601,-3.4297036641251513,-5.7734153686986165,-5.455321178825758,-14.864892582126286
27,3500188.0833146544,3,35.00090843407156,35.00158871989662,291.9132499239378,0,0.0,0.6767823919847029,0.23976957810114533,0.08344802991415176,199.9987514230159,61.30034014291252,-184.24068358899189,-1.0734983100966873,-0.886567425555583,-9.891607136140562,0.0,0.0,-27.826150772726304,-7.857251538641601,-3.4297036641251513,-5.7734153686986165,-5.455321178825758,-14.864892582126286
28,3500186.4006683403,4,35.000920513926445,35.00157189357381,291.9131095924056,0,0.0,0.6823157420210954,0.23840862956046052,0.07927562841844417,199.99875379624984,61.30032568982365,-184.24075627069345,-1.0734906379846743,-0.8865563079098152,-9.89148262952332,0.0,0.0,-27.82620469091298,-7.857172958546959,-3.4297098698111523,-5.7734192201859535,-5.45531712073732,-14.86496977976791
29,3500117.309863663,0,35.000880991289186,35.00088099128916,291.9073474673516,0,0.0,0.6879983099213672,0.23668984308111088,0.07531184699752197,199.99938012612895,61.299738882581885,-184.24080004204086,-1.0734890333732545,-0.8865717261426509,-9.891422516526108,0.0,0.0,-27.82622302205761,-7.857173401794144,-3.4297073338228476,-5.773438256457042,-5.4553182541843315,-14.864975422311954
30,3500103.0237850645,0,35.00073813169468,35.000738131694625,291.9061560183332,0,0.0,0.6942066442505144,0.23424710110183972,0.07154625464764586,199.99972937723345,61.29953249107192,-184.2423102150366,-1.0730664984007452,-0.886757545466469,-9.892726361530643,0.0,0.0,-27.82541795830433,-7.857741379917337,-3.4327052793930166,-5.7706342740385335,-5.453536223997683,-14.864366132219939
31,3500067.067286199,0,35.00032178864616,35.000341136412146,291.9028450776773,0,0.0,0.7005194780611548,0.23151158002358171,0.06796894191526358,200.0,61.29965886358785,-184.24500234648616,-1.072555637235043,-0.8867584662574521,-9.893025012739587,0.0,0.0,-27.825033341899104,-7.857564322018423,-3.435591159076058,-5.768130801327281,-5.451759505779014,-14.864257618535701
32,3500067.067286199,1,35.00032178864616,35.000341136412146,291.9028450776773,0,0.0,0.7074549189490938,0.22797458623140585,0.06457049481950039,200.0,61.29965886358785,-184.24500234648616,-1.072555637235043,-0.8867584662574521,-9.893025012739587,0.0,0.0,-27.825033341899104,-7.857564322018423,-3.435591159076058,-5.768130801327281,-5.451759505779014,-14.864257618535701
33,3500060.9837549315,0,35.000317734899426,35.000317734899404,291.902649909061,0,0.0,0.7139774348470256,0.224680595074449,0.06134197007852537,199.9999706405614,61.29971162453919,-184.24452478474106,-1.0723633670053823,-0.886906097647314,-9.893049396658364,0.0,0.0,-27.825265264594396,-7.857431253309989,-3.436570143735836,-5.768047417541192,-5.451236773153716,-14.864287766713318
34,3500046.167615694,0,35.00016957474267,35.000169574742685,291.90141425335395,0,0.0,0.7206659396404489,0.22105918878495207,0.0582748715745991,199.99997436042915,61.29985606482816,-184.24507643891206,-1.0721709932173433,-0.8869175478949237,-9.892802445482914,0.0,0.0,-27.825439050452207,-7.8571184213600676,-3.437423435330763,-5.767717259061337,-5.450728602166445,-14.864436231379246
35,3500034.3153967303,0,35.0000400480825,35.00005105354152,291.9004257865363,0,0.0,0.7272506489923127,0.21738822301181815,0.05536112799586915,199.999955049039,61.300006102580504,-184.24521935665462,-1.0718668662999036,-0.8870345168816356,-9.892626819776696,0.0,0.0,-27.82574133540055,-7.856766477800872,-3.4388754368348335,-5.767346522751589,-5.449906849877595,-14.864575769639195
36,3500033.4939885275,1,35.00004283952798,35.00004283952799,291.90035728166345,0,0.0,0.7337668937491492,0.21364003465477516,0.05259307159607569,199.99997719480547,61.29997996566654,-184.24521709914333,-1.071873659363873,-0.8870318065575062,-9.892630746500826,0.0,0.0,-27.825734378464105,-7.856774345751733,-3.438843040805953,-5.767354318596948,-5.449925131098513,-14.864572634189214
37,3500033.4939885275,2,35.00004283952798,35.00004283952799,291.90035728166345,0,0.0,0.740094527756765,0.2099420542269632,0.04996341801627191,199.99997719480547,61.29997996566654,-184.24521709914333,-1.071873659363873,-0.8870318065575062,-9.892630746500826,0.0,0.0,-27.825734378464105,-7.856774345751733,-3.438843040805953,-5.767354318596948,-5.449925131098513,-14.864572634189214
38,3500033.4588121935,3,35.00004259350353,35.00004248776759,291.90035434798165,0,0.0,0.7460047283000332,0.20653002458450856,0.04746524711545831,199.999975242985,61.29998226924742,-184.24521729810942,-1.071873060656148,-0.8870320454323352,-9.892630400418398,0.0,0.0,-27.825734991614755,-7.856773652308688,-3.4388458960348807,-5.767353631508933,-5.44992351988033,-14.864572910532575
39,3500033.4588121935,4,35.00004259350353,35.00004248776759,291.90035434798165,0,0.0,0.7517913680402996,0.2031166472000151,0.04509198475968539,199.999975242985,61.29998226924742,-184.24521729810942,-1.071873060656148,-0.8870320454323352,-9.892630400418398,0.0,0.0,-27.825734991614755,-7.856773652308688,-3.4388458960348807,-5.767353631508933,-5.44992351988033,-14.864572910532575
40,3500033.37224315,5,35.00004163599321,35.000041622084375,291.9003471281836,0,0.0,0.7571933557299613,0.19996925874833762,0.04283738552170112,199.99997526680616,61.29998311110946,-184.24520299367768,-1.0718748652391894,-0.8870343467972187,-9.892657167532887,0.0,0.0,-27.825722220613198,-7.856790868401989,-3.4388449639642604,-5.767350204113449,-5.449924120169227,-14.864556613497676
41,3500031.9279725165,6,35.00002719039312,35.00002717949849,291.9002266770174,0,0.0,0.7623919683820091,0.19691251537237486,0.04069551624561606,199.999975696669,61.29999712383251,-184.24518379805076,-1.0718615859875267,-0.8870473124295741,-9.89267127705047,0.0,0.0,-27.825731961757253,-7.856788251987393,-3.438918447120605,-5.7673350551473055,-5.449883418397889,-14.864551701678092
42,3500031.9279725165,7,35.00002719039312,35.00002717949849,291.9002266770174,0,0.0,0.7676720082992559,0.19366725126740894,0.03866074043333526,199.999975696669,61.29999712383251,-184.24518379805076,-1.0718615859875267,-0.8870473124295741,-9.89267127705047,0.0,0.0,-27.825731961757253,-7.856788251987393,-3.438918447120605,-5.7673350551473055,-5.449883418397889,-14.864551701678092
43,3500031.695004933,8,35.00002349555457,35.000024849842085,291.900207247683,0,0.0,0.7727139419951404,0.19055835459319112,0.0367277034116685,199.9999758242264,61.30000067406848,-184.24518116033656,-1.0718580736171812,-0.8870504393677883,-9.892678569329567,0.0,0.0,-27.825731907388363,-7.856789806706021,-3.4389391000024028,-5.7673275002066005,-5.449871760014873,-14.864548187476064
44,3500031.432962931,9,34.999971629934564,35.00002222944392,291.90018539356225,0,0.0,0.777739810012334,0.18736887174658096,0.03489131824108507,200.0,61.30002222944392,-184.2451498273948,-1.0719313613596548,-0.8870623946954638,-9.892676787049618,0.0,0.0,-27.825707286414787,-7.856778571927019,-3.4389898267991446,-5.767296104033601,-5.449846145507332,-14.864590064883991
45,3500030.22375148,0,34.99998317635044,35.00001013743026,291.90008454616833,0,0.0,0.7826097255890654,0.18424352208190384,0.03314675232903082,199.99999941652393,61.30000955395419,-184.24208238901358,-1.0717008679978706,-0.887071699015248,-9.89269974210173,0.0,0.0,-27.82923086251389,-7.856819315908381,-3.439221842972674,-5.766775840837996,-5.449879677729092,-14.864534585559102
46,3500029.699190052,1,34.999995691210266,35.000004891859724,291.90004079811007,0,0.0,0.7876124717093094,0.18089811357811145,0.031489414712579274,200.0,61.29999510814027,-184.24123529744818,-1.0716302666823123,-0.8870789432969826,-9.892704477078212,0.0,0.0,-27.830193680737953,-7.856818215282455,-3.4393378148361866,-5.766621858599419,-5.449859710384689,-14.86452404444333
47,3500029.699190052,2,34.999995691210266,35.000004891859724,291.90004079811007,0,0.0,0.7925421110316676,0.17754294499138196,0.0299149439769503,200.0,61.29999510814027,-184.24123529744818,-1.0716302666823123,-0.8870789432969826,-9.892704477078212,0.0,0.0,-27.830193680737953,-7.856818215282455,-3.4393378148361866,-5.766621858599419,-5.449859710384689,-14.86452404444333
48,3500029.228530916,3,34.99999050354237,35.00000018530761,291.90000154546544,0,0.0,0.7971390154777411,0.17444178774415606,0.02841919677810279,200.0,61.299999814692384,-184.2396634144802,-1.0714996886553707,-0.8870894220634968,-9.892725555213161,0.0,0.0,-27.832028259029542,-7.856825891950804,-3.4395615222675837,-5.766298084827553,-5.449817934128602,-14.864499723841313
49,3500029.22503503,4,34.999990464601076,35.000000150349045,291.900001253911,0,0.0,0.8017281363154818,0.1712736267453205,0.026998236939197652,200.0,61.29999984965095,-184.23965297471656,-1.0714988438236799,-0.8870894933679535,-9.892725696506744,0.0,0.0,-27.832040446148543,-7.8568259459840375,-3.4395630211431656,-5.766295890549954,-5.4498176610787965,-14.864499562079475
50,3500029.22503503,5,34.999990464601076,35.000000150349045,291.900001253911,0,0.0,0.8062810184130957,0.16807065649466651,0.025648325092237773,200.0,61.29999984965095,-184.23965297471656,-1.0714988438236799,-0.8870894933679535,-9.892725696506744,0.0,0.0,-27.832040446148543,-7.8568259459840375,-3.4395630211431656,-5.766295890549954,-5.4498176610787965,-14.864499562079475
51,3500029.22503503,6,34.999990464601076,35.000000150349045,291.900001253911,0,0.0,0.8105215240923592,0.16511256707001495,0.024365908837625887,200.0,61.29999984965095,-184.23965297471656,-1.0714988438236799,-0.8870894933679535,-9.892725696506744,0.0,0.0,-27.832040446148543,-7.8568259459840375,-3.4395630211431656,-5.766295890549954,-5.4498176610787965,-14.864499562079475
52,3500029.22503503,7,34.999990464601076,35.000000150349045,291.900001253911,0,0.0,0.8144887659993523,0.16236362060490317,0.02314761339574459,200.0,61.29999984965095,-184.23965297471656,-1.0714988438236799,-0.8870894933679535,-9.892725696506744,0.0,0.0,-27.832040446148543,-7.8568259459840375,-3.4395630211431656,-5.766295890549954,-5.4498176610787965,-14.864499562079475
53,3500029.217331851,8,34.9999903668466,35.0000000733179,291.9000006114713,0,0.0,0.8181796275200899,0.15983013975395277,0.02199023272595736,200.0,61.2999999266821,-184.2396257545247,-1.0714966054250166,-0.8870896852422308,-9.89272605023244,0.0,0.0,-27.832072146353156,-7.856826075103045,-3.4395668768449754,-5.76629033994659,-5.449816947515469,-14.864499151965768
54,3500029.2171131615,9,34.99999036047262,35.00000007113102,291.9000005932327,0,0.0,0.8218126549880526,0.15729662392228796,0.02089072108965949,200.0,61.29999992886898,-184.23962450673787,-1.0714965127657134,-0.8870896944395504,-9.892726064611,0.0,0.0,-27.832073585048047,-7.8568260822548455,-3.439567038813205,-5.766290095084619,-5.449816923238753,-14.86449913653376
55,3500029.210922578,10,34.999990227104576,35.0000000092257,291.9000000769423,0,0.0,0.8253064513255559,0.15484736363926754,0.019846185035176513,200.0,61.3000000092257,-184.23959661545015,-1.0714943074014274,-0.8870899099230551,-9.892726428205144,0.0,0.0,-27.832105939383727,-7.856826216386736,-3.4395710035752582,-5.76628441497206,-5.449816186015273,-14.86449875158258
56,3500029.2100107116,11,34.99999022971673,35.000000000107114,291.90000000089333,0,0.0,0.8288900962773394,0.15225602793924284,0.018853875783417687,200.0,61.30000000010711,-184.23959771970317,-1.071494370861326,-0.8870899017742063,-9.892726421901141,0.0,0.0,-27.832104700214774,-7.856826208951942,-3.4395708970699843,-5.7662846048955965,-5.449816186586357,-14.864498758324762
57,3500029.2100107116,12,34.99999022971673,35.000000000107114,291.90000000089333,0,0.0,0.8323019745895285,0.14978684341622467,0.0179111819942468,200.0,61.30000000010711,-184.23959771970317,-1.071494370861326,-0.8870899017742063,-9.892726421901141,0.0,0.0,-27.832104700214774,-7.856826208951942,-3.4395708970699843,-5.7662846048955965,-5.449816186586357,-14.864498758324762
58,3500029.2100107116,13,34.99999022971673,35.000000000107114,291.90000000089333,0,0.0,0.8355538011700171,0.14743057593544845,0.017015622894534465,200.0,61.30000000010711,-184.23959771970317,-1.071494370861326,-0.8870899017742063,-9.892726421901141,0.0,0.0,-27.832104700214774,-7.856826208951942,-3.4395708970699843,-5.7662846048955965,-5.449816186586357,-14.864498758324762
59,3500029.2100107116,14,34.99999022971673,35.000000000107114,291.90000000089333,0,0.0,0.8385823522157942,0.145252806034398,0.01616484174980774,200.0,61.30000000010711,-184.23959771970317,-1.071494370861326,-0.8870899017742063,-9.892726421901141,0.0,0.0,-27.832104700214774,-7.856826208951942,-3.4395708970699843,-5.7662846048955965,-5.449816186586357,-14.864498758324762
60,3500029.2100107116,15,34.99999022971673,35.000000000107114,291.90000000089333,0,0.0,0.8414160359096636,0.14322736442801898,0.015356599662317352,200.0,61.30000000010711,-184.23959771970317,-1.071494370861326,-0.8870899017742063,-9.892726421901141,0.0,0.0,-27.832104700214774,-7.856826208951942,-3.4395708970699843,-5.7662846048955965,-5.449816186586357,-14.864498758324762
61,3500029.2100107116,16,34.99999022971673,35.000000000107114,291.90000000089333,0,0.0,0.8440382211817864,0.1413730091390121,0.014588769679201485,200.0,61.30000000010711,-184.23959771970317,-1.071494370861326,-0.8870899017742063,-9.892726421901141,0.0,0.0,-27.832104700214774,-7.856826208951942,-3.4395708970699843,-5.7662846048955965,-5.449816186586357,-14.864498758324762
62,3500029.2100107116,17,34.99999022971673,35.000000000107114,291.90000000089333,0,0.0,0.8464698724795574,0.1396707963252012,0.01385933119524141,200.0,61.30000000010711,-184.23959771970317,-1.071494370861326,-0.8870899017742063,-9.892726421901141,0.0,0.0,-27.832104700214774,-7.856826208951942,-3.4395708970699843,-5.7662846048955965,-5.449816186586357,-14.864498758324762
63,3500029.2100107116,18,34.99999022971673,35.000000000107114,291.90000000089333,0,0.0,0.8487671427071126,0.13806649265740806,0.01316636463547934,200.0,61.30000000010711,-184.23959771970317,-1.071494370861326,-0.8870899017742063,-9.892726421901141,0.0,0.0,-27.832104700214774,-7.856826208951942,-3.4395708970699843,-5.7662846048955965,-5.449816186586357,-14.864498758324762
64,3500029.210005025,19,34.99999022973008,35.00000000005025,291.9000000004191,0,0.0,0.8509103157010814,0.13658163789521313,0.012508046403705371,200.0,61.30000000005025,-184.23959771031065,-1.0714943702151054,-0.8870899018279136,-9.892726421965202,0.0,0.0,-27.83210471091395,-7.856826209040045,-3.4395708979348663,-5.766284603252135,-5.449816186604243,-14.864498758205798
65,3500029.210005025,20,34.99999022973008,35.00000000005025,291.9000000004191,0,0.0,0.8529900707452573,0.13512728517122263,0.011882644083520104,200.0,61.30000000005025,-184.23959771031065,-1.0714943702151054,-0.8870899018279136,-9.892726421965202,0.0,0.0,-27.83210471091395,-7.856826209040045,-3.4395708979348663,-5.766284603252135,-5.449816186604243,-14.864498758205798
66,3500029.2100007334,21,34.99999022980044,35.00000000000733,291.90000000006114,0,0.0,0.8549115637447487,0.1337999243759072,0.011288511879344099,200.0,61.30000000000733,-184.23959771940446,-1.0714943709293525,-0.8870899017401076,-9.892726421776077,0.0,0.0,-27.83210470037477,-7.856826208974508,-3.439570896471529,-5.766284605192131,-5.449816186947481,-14.864498758389132
67,3500029.2100007334,22,34.99999022980044,35.00000000000733,291.90000000006114,0,0.0,0.8567709860328416,0.1325049276817815,0.010724086285376893,200.0,61.30000000000733,-184.23959771940446,-1.0714943709293525,-0.8870899017401076,-9.892726421776077,0.0,0.0,-27.83210470037477,-7.856826208974508,-3.439570896471529,-5.766284605192131,-5.449816186947481,-14.864498758389132
68,3500029.2100000517,23,34.99999022981331,35.00000000000052,291.9000000000043,0,0.0,0.8584752339306998,0.13133688409819216,0.010187881971108047,200.0,61.29999999999948,-184.23959772106818,-1.0714943710600244,-0.8870899017240435,-9.892726421741477,0.0,0.0,-27.83210469844662,-7.856826208962518,-3.43957089620381,-5.766284605547054,-5.449816187010277,-14.864498758422673
69,3500029.2100000517,24,34.99999022981331,35.00000000000052,291.9000000000043,0,0.0,0.8601700911272684,0.13015142100017893,0.009678487872552644,200.0,61.29999999999948,-184.23959772106818,-1.0714943710600244,-0.8870899017240435,-9.892726421741477,0.0,0.0,-27.83210469844662,-7.856826208962518,-3.43957089620381,-5.766284605547054,-5.449816187010277,-14.864498758422673
70,3500029.2100000093,25,34.99999022981328,35.00000000000009,291.9000000000008,0,0.0,0.8617124467225096,0.12909298979856543,0.009194563478925012,200.0,61.30000000000009,-184.23959772119784,-1.071494371069101,-0.8870899017232392,-9.89272642174037,0.0,0.0,-27.8321046982986,-7.856826208961337,-3.439570896190772,-5.7662846055703545,-5.449816187010662,-14.864498758424435
71,3500029.2100000093,26,34.99999022981328,35.00000000000009,291.9000000000008,0,0.0,0.863230552960337,0.12803461173468417,0.00873483530497876,200.0,61.30000000000009,-184.23959772119784,-1.071494371069101,-0.8870899017232392,-9.89272642174037,0.0,0.0,-27.8321046982986,-7.856826208961337,-3.439570896190772,-5.7662846055703545,-5.449816187010662,-14.864498758424435
72,3500029.2100000093,27,34.99999022981328,35.00000000000009,291.9000000000008,0,0.0,0.864601459466484,0.12710044699378611,0.008298093539729823,200.0,61.30000000000009,-184.23959772119784,-1.071494371069101,-0.8870899017232392,-9.89272642174037,0.0,0.0,-27.8321046982986,-7.856826208961337,-3.439570896190772,-5.7662846055703545,-5.449816187010662,-14.864498758424435
73,3500029.2100000093,28,34.99999022981328,35.00000000000009,291.9000000000008,0,0.0,0.8658416538144911,0.12627515732276567,0.007883188862743333,200.0,61.30000000000009,-184.23959772119784,-1.071494371069101,-0.8870899017232392,-9.89272642174037,0.0,0.0,-27.8321046982986,-7.856826208961337,-3.439570896190772,-5.7662846055703545,-5.449816187010662,-14.864498758424435
74,3500029.2100000093,29,34.99999022981328,35.00000000000009,291.9000000000008,0,0.0,0.8669732262469523,0.12553774433344164,0.007489029419606165,200.0,61.30000000000009,-184.23959772119784,-1.071494371069101,-0.8870899017232392,-9.89272642174037,0.0,0.0,-27.8321046982986,-7.856826208961337,-3.439570896190772,-5.7662846055703545,-5.449816187010662,-14.864498758424435
75,3500029.2100000093,30,34.99999022981328,35.00000000000009,291.9000000000008,0,0.0,0.8679793689447591,0.12490605310661508,0.007114577948625857,200.0,61.30000000000009,-184.23959772119784,-1.071494371069101,-0.8870899017232392,-9.89272642174037,0.0,0.0,-27.8321046982986,-7.856826208961337,-3.439570896190772,-5.7662846055703545,-5.449816187010662,-14.864498758424435
76,3500029.2100000093,31,34.99999022981328,35.00000000000009,291.9000000000008,0,0.0,0.8689480584507437,0.12429309249806177,0.006758849051194564,200.0,61.30000000000009,-184.23959772119784,-1.071494371069101,-0.8870899017232392,-9.89272642174037,0.0,0.0,-27.8321046982986,-7.856826208961337,-3.439570896190772,-5.7662846055703545,-5.449816187010662,-14.864498758424435
77,3500029.2100000093,32,34.99999022981328,35.00000000000009,291.9000000000008,0,0.0,0.869840278169716,0.12373881523164924,0.006420906598634836,200.0,61.30000000000009,-184.23959772119784,-1.071494371069101,-0.8870899017232392,-9.89272642174037,0.0,0.0,-27.8321046982986,-7.856826208961337,-3.439570896190772,-5.7662846055703545,-5.449816187010662,-14.864498758424435
78,3500029.2100000093,33,34.99999022981328,35.00000000000009,291.9000000000008,0,0.0,0.8706523505503818,0.12324778818091515,0.0060998612687030935,200.0,61.30000000000009,-184.23959772119784,-1.071494371069101,-0.8870899017232392,-9.89272642174037,0.0,0.0,-27.8321046982986,-7.856826208961337,-3.439570896190772,-5.7662846055703545,-5.449816187010662,-14.864498758424435
79,3500029.2100000093,34,34.99999022981328,35.00000000000009,291.9000000000008,0,0.0,0.8713970022046846,0.12280812959004749,0.005794868205267939,200.0,61.30000000000009,-184.23959772119784,-1.071494371069101,-0.8870899017232392,-9.89272642174037,0.0,0.0,-27.8321046982986,-7.856826208961337,-3.439570896190772,-5.7662846055703545,-5.449816187010662,-14.864498758424435
80,3500029.2100000093,35,34.99999022981328,35.00000000000009,291.9000000000008,0,0.0,0.8720781576606146,0.12241671754438088,0.0055051247950045415,200.0,61.30000000000009,-184.23959772119784,-1.071494371069101,-0.8870899017232392,-9.89272642174037,0.0,0.0,-27.8321046982986,-7.856826208961337,-3.439570896190772,-5.7662846055703545,-5.449816187010662,-14.864498758424435
81,3500029.2100000093,36,34.99999022981328,35.00000000000009,291.9000000000008,0,0.0,0.8726774406446849,0.12209269080006085,0.005229868555254315,200.0,61.30000000000009,-184.23959772119784,-1.071494371069101,-0.8870899017232392,-9.89272642174037,0.0,0.0,-27.8321046982986,-7.856826208961337,-3.439570896190772,-5.7662846055703545,-5.449816187010662,-14.864498758424435
82,3500029.2100000093,37,34.99999022981328,35.00000000000009,291.9000000000008,0,0.0,0.873213766070281,0.12181785880222744,0.0049683751274915994,200.0,61.30000000000009,-184.23959772119784,-1.071494371069101,-0.8870899017232392,-9.89272642174037,0.0,0.0,-27.8321046982986,-7.856826208961337,-3.439570896190772,-5.7662846055703545,-5.449816187010662,-14.864498758424435
83,3500029.2100000037,38,34.999990229813335,35.000000000000036,291.90000000000026,0,0.0,0.8736908790461522,0.1215891645827308,0.004719956371117019,200.0,61.30000000000003,-184.2395977211991,-1.0714943710693048,-0.8870899017231972,-9.892726421740285,0.0,0.0,-27.83210469829689,-7.856826208961355,-3.4395708961900153,-5.766284605571021,-5.449816187011022,-14.864498758424475
84,3500029.2100000037,39,34.999990229813335,35.000000000000036,291.90000000000026,0,0.0,0.8742010554587037,0.12131498598873515,0.004483958552561168,200.0,61.30000000000003,-184.2395977211991,-1.0714943710693048,-0.8870899017231972,-9.892726421740285,0.0,0.0,-27.83210469829689,-7.856826208961355,-3.4395708961900153,-5.766284605571021,-5.449816187011022,-14.864498758424475
85,3500029.2100000023,40,34.99999022981336,35.00000000000002,291.90000000000015,0,0.0,0.8746317027280323,0.12110853664703458,0.00425976062493311,200.0,61.30000000000002,-184.23959772120335,-1.0714943710696276,-0.8870899017231599,-9.892726421740205,0.0,0.0,-27.832104698291975,-7.856826208961321,-3.439570896189399,-5.766284605571884,-5.449816187011144,-14.864498758424556
86,3500029.210000001,41,34.99999022981336,35.00000000000001,291.90000000000003,0,0.0,0.8750747470401297,0.12087848036618387,0.004046772593686455,200.0,61.300000000000004,-184.23959772120517,-1.0714943710697196,-0.8870899017231478,-9.892726421740203,0.0,0.0,-27.83210469828996,-7.856826208961309,-3.439570896189261,-5.766284605572171,-5.449816187011123,-14.86449875842456
87,3500029.210000001,42,34.99999022981336,35.00000000000001,291.90000000000003,0,0.0,0.8755288210366862,0.12062674499931167,0.003844433964002132,200.0,61.300000000000004,-184.23959772120517,-1.0714943710697196,-0.8870899017231478,-9.892726421740203,0.0,0.0,-27.83210469828996,-7.856826208961309,-3.439570896189261,-5.766284605572171,-5.449816187011123,-14.86449875842456
88,3500029.210000001,43,34.99999022981336,35.00000000000001,291.90000000000003,0,0.0,0.8759170643398382,0.12043072339435981,0.003652212265802025,200.0,61.300000000000004,-184.23959772120517,-1.0714943710697196,-0.8870899017231478,-9.892726421740203,0.0,0.0,-27.83210469828996,-7.856826208961309,-3.439570896189261,-5.766284605572171,-5.449816187011123,-14.86449875842456
89,3500029.21,44,34.999990229813335,35.0,291.9,0,0.0,0.8762357546588503,0.12029464368863774,0.0034696016525119235,200.0,61.3,-184.23959772120577,-1.0714943710697487,-0.887089901723144,-9.892726421740203,0.0,0.0,-27.832104698289324,-7.856826208961305,-3.4395708961892173,-5.766284605572261,-5.449816187011117,-14.864498758424562
90,3500029.21,45,34.999990229813335,35.0,291.9,0,0.0,0.8765883948441386,0.12011548358597503,0.0032961215698863277,200.0,61.3,-184.23959772120577,-1.0714943710697487,-0.887089901723144,-9.892726421740203,0.0,0.0,-27.832104698289324,-7.856826208961305,-3.4395708961892173,-5.766284605572261,-5.449816187011117,-14.864498758424562
91,3500029.21,46,34.999990229813335,35.0,291.9,0,0.0,0.8768900201784718,0.11997866433013621,0.0031313154913920117,200.0,61.3,-184.23959772120577,-1.0714943710697487,-0.887089901723144,-9.892726421740203,0.0,0.0,-27.832104698289324,-7.856826208961305,-3.4395708961892173,-5.766284605572261,-5.449816187011117,-14.864498758424562
92,3500029.21,47,34.999990229813335,35.0,291.9,0,0.0,0.8771436844840031,0.11988156579917446,0.002974749716822411,200.0,61.3,-184.23959772120577,-1.0714943710697487,-0.887089901723144,-9.892726421740203,0.0,0.0,-27.832104698289324,-7.856826208961305,-3.4395708961892173,-5.766284605572261,-5.449816187011117,-14.864498758424562
93,3500029.21,48,34.999990229813335,35.0,291.9,0,0.0,0.8773744611352495,0.11979952663376917,0.0028260122309812902,200.0,61.3,-184.23959772120577,-1.0714943710697487,-0.887089901723144,-9.892726421740203,0.0,0.0,-27.832104698289324,-7.856826208961305,-3.4395708961892173,-5.766284605572261,-5.449816187011117,-14.864498758424562
94,3500029.21,49,34.999990229813335,35.0,291.9,0,0.0,0.8775469922608196,0.11976829611974826,0.002684711619432226,200.0,61.3,-184.23959772120577,-1.0714943710697487,-0.887089901723144,-9.892726421740203,0.0,0.0,-27.832104698289324,-7.856826208961305,-3.4395708961892173,-5.766284605572261,-5.449816187011117,-14.864498758424562
95,3500029.21,0,34.999990229813335,35.0,291.9,0,0.0,0.8776573158326636,0.1197922081288758,0.0025504760384606148,200.0,61.3,-184.23959772120577,-1.0714943710697487,-0.887089901723144,-9.892726421740203,0.0,0.0,-27.832104698289324,-7.856826208961305,-3.4395708961892173,-5.766284605572261,-5.449816187011117,-14.864498758424562
96,3500029.21,1,34.999990229813335,35.0,291.9,0,0.0,0.8777400553534772,0.11983699240998522,0.002422952236537584,200.0,61.3,-184.23959772120577,-1.0714943710697487,-0.887089901723144,-9.892726421740203,0.0,0.0,-27.832104698289324,-7.856826208961305,-3.4395708961892173,-5.766284605572261,-5.449816187011117,-14.864498758424562
97,3500029.21,2,34.999990229813335,35.0,291.9,0,0.0,0.8777896292111118,0.11990856616417744,0.002301804624710705,200.0,61.3,-184.23959772120577,-1.0714943710697487,-0.887089901723144,-9.892726421740203,0.0,0.0,-27.832104698289324,-7.856826208961305,-3.4395708961892173,-5.766284605572261,-5.449816187011117,-14.864498758424562
98,3500029.21,3,34.999990229813335,35.0,291.9,0,0.0,0.8778139347834016,0.11999935082312314,0.0021867143934751693,200.0,61.3,-184.23959772120577,-1.0714943710697487,-0.887089901723144,-9.892726421740203,0.0,0.0,-27.832104698289324,-7.856826208961305,-3.4395708961892173,-5.766284605572261,-5.449816187011117,-14.864498758424562
99,3500029.21,4,34.999990229813335,35.0,291.9,0,0.0,0.8778073457132343,0.12011527561296427,0.002077378673801411,200.0,61.3,-184.23959772120577,-1.0714943710697487,-0.887089901723144,-9.892726421740203,0.0,0.0,-27.832104698289324,-7.856826208961305,-3.4395708961892173,-5.766284605572261,-5.449816187011117,-14.864498758424562
100,3500029.21,5,34.999990229813335,35.0,291.9,0,0.0,0.8777573241630056,0.12026916609688315,0.0019735097401113407,200.0,61.3,-184.23959772120577,-1.0714943710697487,-0.887089901723144,-9.892726421740203,0.0,0.0,-27.832104698289324,-7.856826208961305,-3.4395708961892173,-5.766284605572261,-5.449816187011117,-14.864498758424562
101,3500029.21,6,34.999990229813335,35.0,291.9,0,0.0,0.8776446445836457,0.1204805211632486,0.0018748342531057737,200.0,61.3,-184.23959772120577,-1.0714943710697487,-0.887089901723144,-9.892726421740203,0.0,0.0,-27.832104698289324,-7.856826208961305,-3.4395708961892173,-5.766284605572261,-5.449816187011117,-14.864498758424562
102,3500029.21,7,34.999990229813335,35.0,291.9,0,0.0,0.8775166109027897,0.12070229655675985,0.0017810925404504849,200.0,61.3,-184.23959772120577,-1.0714943710697487,-0.887089901723144,-9.892726421740203,0.0,0.0,-27.832104698289324,-7.856826208961305,-3.4395708961892173,-5.766284605572261,-5.449816187011117,-14.864498758424562
103,3500029.21,8,34.999990229813335,35.0,291.9,0,0.0,0.8773887520588249,0.12091921002774705,0.0016920379134279606,200.0,61.3,-184.23959772120577,-1.0714943710697487,-0.887089901723144,-9.892726421740203,0.0,0.0,-27.832104698289324,-7.856826208961305,-3.4395708961892173,-5.766284605572261,-5.449816187011117,-14.864498758424562
104,3500029.21,9,34.999990229813335,35.0,291.9,0,0.0,0.8772325218813309,0.12116004210091257,0.0016074360177565628,200.0,61.3,-184.23959772120577,-1.0714943710697487,-0.887089901723144,-9.892726421740203,0.0,0.0,-27.832104698289324,-7.856826208961305,-3.4395708961892173,-5.766284605572261,-5.449816187011117,-14.864498758424562
105,3500029.21,10,34.999990229813335,35.0,291.9,0,0.0,0.8770783624794909,0.12139457330364034,0.0015270642168687346,200.0,61.3,-184.23959772120577,-1.0714943710697487,-0.887089901723144,-9.892726421740203,0.0,0.0,-27.832104698289324,-7.856826208961305,-3.4395708961892173,-5.766284605572261,-5.449816187011117,-14.864498758424562
106,3500029.21,11,34.999990229813335,35.0,291.9,0,0.0,0.8768979234656112,0.12165136552836353,0.001450711006025298,200.0,61.3,-184.23959772120577,-1.0714943710697487,-0.887089901723144,-9.892726421740203,0.0,0.0,-27.832104698289324,-7.856826208961305,-3.4395708961892173,-5.766284605572261,-5.449816187011117,-14.864498758424562
107,3500029.21,12,34.999990229813335,35.0,291.9,0,0.0,0.876707097701105,0.12191472684317105,0.001378175455724033,200.0,61.3,-184.23959772120577,-1.0714943710697487,-0.887089901723144,-9.892726421740203,0.0,0.0,-27.832104698289324,-7.856826208961305,-3.4395708961892173,-5.766284605572261,-5.449816187011117,-14.864498758424562
108,3500029.21,13,34.999990229813335,35.0,291.9,0,0.0,0.8764925972330441,0.12219813608401815,0.0013092666829378314,200.0,61.3,-184.23959772120577,-1.0714943710697487,-0.887089901723144,-9.892726421740203,0.0,0.0,-27.832104698289324,-7.856826208961305,-3.4395708961892173,-5.766284605572261,-5.449816187011117,-14.864498758424562
109,3500029.21,14,34.999990229813335,35.0,291.9,0,0.0,0.876270069426804,0.12248612722440508,0.0012438033487909398,200.0,61.3,-184.23959772120577,-1.0714943710697487,-0.887089901723144,-9.892726421740203,0.0,0.0,-27.832104698289324,-7.856826208961305,-3.4395708961892173,-5.766284605572261,-5.449816187011117,-14.864498758424562
110,3500029.21,15,34.999990229813335,35.0,291.9,0,0.0,0.8760332015272189,0.12278518529142972,0.001181613181351393,200.0,61.3,-184.23959772120577,-1.0714943710697487,-0.887089901723144,-9.892726421740203,0.0,0.0,-27.832104698289324,-7.856826208961305,-3.4395708961892173,-5.766284605572261,-5.449816187011117,-14.864498758424562
111,3500029.21,16,34.999990229813335,35.0,291.9,0,0.0,0.8757760648911171,0.12310140258659903,0.0011225325222838237,200.0,61.3,-184.23959772120577,-1.0714943710697487,-0.887089901723144,-9.892726421740203,0.0,0.0,-27.832104698289324,-7.856826208961305,-3.4395708961892173,-5.766284605572261,-5.449816187011117,-14.864498758424562
112,3500029.21,17,34.999990229813335,35.0,291.9,0,0.0,0.8755000406627145,0.12343355344111592,0.0010664058961696327,200.0,61.3,-184.23959772120577,-1.0714943710697487,-0.887089901723144,-9.892726421740203,0.0,0.0,-27.832104698289324,-7.856826208961305,-3.4395708961892173,-5.766284605572261,-5.449816187011117,-14.864498758424562
113,3500029.21,18,34.999990229813335,35.0,291.9,0,0.0,0.8752133895578641,0.12377352484077472,0.0010130856013611511,200.0,61.3,-184.23959772120577,-1.0714943710697487,-0.887089901723144,-9.892726421740203,0.0,0.0,-27.832104698289324,-7.856826208961305,-3.4395708961892173,-5.766284605572261,-5.449816187011117,-14.864498758424562
114,3500029.21,19,34.999990229813335,35.0,291.9,0,0.0,0.8749307847125761,0.12410678396613083,0.0009624313212930936,200.0,61.3,-184.23959772120577,-1.0714943710697487,-0.887089901723144,-9.892726421740203,0.0,0.0,-27.832104698289324,-7.856826208961305,-3.4395708961892173,-5.766284605572261,-5.449816187011117,-14.864498758424562
115,3500029.21,20,34.999990229813335,35.0,291.9,0,0.0,0.8746384593547911,0.1244472308899804,0.0009143097552284389,200.0,61.3,-184.23959772120577,-1.0714943710697487,-0.887089901723144,-9.892726421740203,0.0,0.0,-27.832104698289324,-7.856826208961305,-3.4395708961892173,-5.766284605572261,-5.449816187011117,-14.864498758424562
116,3500029.21,21,34.999990229813335,35.0,291.9,0,0.0,0.8743303468310634,0.1248010589014697,0.0008685942674670172,200.0,61.3,-184.23959772120577,-1.0714943710697487,-0.887089901723144,-9.892726421740203,0.0,0.0,-27.832104698289324,-7.856826208961305,-3.4395708961892173,-5.766284605572261,-5.449816187011117,-14.864498758424562
117,3500029.21,22,34.999990229813335,35.0,291.9,0,0.0,0.8740144173512001,0.12516041809470618,0.0008251645540936662,200.0,61.3,-184.23959772120577,-1.0714943710697487,-0.887089901723144,-9.892726421740203,0.0,0.0,-27.832104698289324,-7.856826208961305,-3.4395708961892173,-5.766284605572261,-5.449816187011117,-14.864498758424562
118,3500029.21,23,34.999990229813335,35.0,291.9,0,0.0,0.8736708645627362,0.12554522911087485,0.000783906326388983,200.0,61.3,-184.23959772120577,-1.0714943710697487,-0.887089901723144,-9.892726421740203,0.0,0.0,-27.832104698289324,-7.856826208961305,-3.4395708961892173,-5.766284605572261,-5.449816187011117,-14.864498758424562
119,3500029.21,24,34.999990229813335,35.0,291.9,0,0.0,0.8732945465392109,0.12596074245071964,0.0007447110100695339,200.0,61.3,-184.23959772120577,-1.0714943710697487,-0.887089901723144,-9.892726421740203,0.0,0.0,-27.832104698289324,-7.856826208961305,-3.4395708961892173,-5.766284605572261,-5.449816187011117,-14.864498758424562
120,3500029.21,25,34.999990229813335,35.0,291.9,0,0.0,0.8729216940210993,0.12637083051933465,0.0007074754595660571,200.0,61.3,-184.23959772120577,-1.0714943710697487,-0.887089901723144,-9.892726421740203,0.0,0.0,-27.832104698289324,-7.856826208961305,-3.4395708961892173,-5.766284605572261,-5.449816187011117,-14.864498758424562
121,3500029.21,26,34.999990229813335,35.0,291.9,0,0.0,0.8725250870359218,0.1268028112774905,0.0006721016865877544,200.0,61.3,-184.23959772120577,-1.0714943710697487,-0.887089901723144,-9.892726421740203,0.0,0.0,-27.832104698289324,-7.856826208961305,-3.4395708961892173,-5.766284605572261,-5.449816187011117,-14.864498758424562
122,3500029.21,27,34.999990229813335,35.0,291.9,0,0.0,0.8721335293547782,0.1272279740429635,0.0006384966022583666,200.0,61.3,-184.23959772120577,-1.0714943710697487,-0.887089901723144,-9.892726421740203,0.0,0.0,-27.832104698289324,-7.856826208961305,-3.4395708961892173,-5.766284605572261,-5.449816187011117,-14.864498758424562
123,3500029.21,28,34.999990229813335,35.0,291.9,0,0.0,0.8717266291766008,0.1276667990512537,0.0006065717721454483,200.0,61.3,-184.23959772120577,-1.0714943710697487,-0.887089901723144,-9.892726421740203,0.0,0.0,-27.832104698289324,-7.856826208961305,-3.4395708961892173,-5.766284605572261,-5.449816187011117,-14.864498758424562
124,3500029.21,29,34.999990229813335,35.0,291.9,0,0.0,0.8712986736713695,0.12812508314509233,0.0005762431835381758,200.0,61.3,-184.23959772120577,-1.0714943710697487,-0.887089901723144,-9.892726421740203,0.0,0.0,-27.832104698289324,-7.856826208961305,-3.4395708961892173,-5.766284605572261,-5.449816187011117,-14.864498758424562
125,3500029.21,30,34.999990229813335,35.0,291.9,0,0.0,0.8708442117289131,0.1286083572467256,0.000547431024361267,200.0,61.3,-184.23959772120577,-1.0714943710697487,-0.887089901723144,-9.892726421740203,0.0,0.0,-27.832104698289324,-7.856826208961305,-3.4395708961892173,-5.766284605572261,-5.449816187011117,-14.864498758424562
126,3500029.21,31,34.999990229813335,35.0,291.9,0,0.0,0.8703853214887265,0.1290946190381303,0.0005200594731432037,200.0,61.3,-184.23959772120577,-1.0714943710697487,-0.887089901723144,-9.892726421740203,0.0,0.0,-27.832104698289324,-7.856826208961305,-3.4395708961892173,-5.766284605572261,-5.449816187011117,-14.864498758424562
127,3500029.21,32,34.999990229813335,35.0,291.9,0,0.0,0.8699292973559065,0.12957664614460745,0.0004940564994860434,200.0,61.3,-184.23959772120577,-1.0714943710697487,-0.887089901723144,-9.892726421740203,0.0,0.0,-27.832104698289324,-7.856826208961305,-3.4395708961892173,-5.766284605572261,-5.449816187011117,-14.864498758424562
128,3500029.21,33,34.999990229813335,35.0,291.9,0,0.0,0.8694829877372091,0.1300476585882792,0.0004693536745117413,200.0,61.3,-184.23959772120577,-1.0714943710697487,-0.887089901723144,-9.892726421740203,0.0,0.0,-27.832104698289324,-7.856826208961305,-3.4395708961892173,-5.766284605572261,-5.449816187011117,-14.864498758424562
129,3500029.21,34,34.999990229813335,35.0,291.9,0,0.0,0.8690271072597839,0.13052700674943002,0.0004458859907861542,200.0,61.3,-184.23959772120577,-1.0714943710697487,-0.887089901723144,-9.892726421740203,0.0,0.0,-27.832104698289324,-7.856826208961305,-3.4395708961892173,-5.766284605572261,-5.449816187011117,-14.864498758424562
130,3500029.21,35,34.999990229813335,35.0,291.9,0,0.0,0.8685612237832314,0.13101518452552177,0.0004235916912468465,200.0,61.3,-184.23959772120577,-1.0714943710697487,-0.887089901723144,-9.892726421740203,0.0,0.0,-27.832104698289324,-7.856826208961305,-3.4395708961892173,-5.766284605572261,-5.449816187011117,-14.864498758424562
131,3500029.21,36,34.999990229813335,35.0,291.9,0,0.0,0.8680995655927193,0.13149802230059618,0.00040241210668450416,200.0,61.3,-184.23959772120577,-1.0714943710697487,-0.887089901723144,-9.892726421740203,0.0,0.0,-27.832104698289324,-7.856826208961305,-3.4395708961892173,-5.766284605572261,-5.449816187011117,-14.864498758424562
132,3500029.21,37,34.999990229813335,35.0,291.9,0,0.0,0.8676421460834269,0.1319755624152228,0.00038229150135027894,200.0,61.3,-184.23959772120577,-1.0714943710697487,-0.887089901723144,-9.892726421740203,0.0,0.0,-27.832104698289324,-7.856826208961305,-3.4395708961892173,-5.766284605572261,-5.449816187011117,-14.864498758424562
133,3500029.21,38,34.999990229813335,35.0,291.9,0,0.0,0.8671823105214971,0.13245451255222015,0.00036317692628276495,200.0,61.3,-184.23959772120577,-1.0714943710697487,-0.887089901723144,-9.892726421740203,0.0,0.0,-27.832104698289324,-7.856826208961305,-3.4395708961892173,-5.766284605572261,-5.449816187011117,-14.864498758424562
134,3500029.21,39,34.999990229813335,35.0,291.9,0,0.0,0.8667469707842982,0.13290801113573317,0.00034501807996862666,200.0,61.3,-184.23959772120577,-1.0714943710697487,-0.887089901723144,-9.892726421740203,0.0,0.0,-27.832104698289324,-7.856826208961305,-3.4395708961892173,-5.766284605572261,-5.449816187011117,-14.864498758424562
135,3500029.21,40,34.999990229813335,35.0,291.9,0,0.0,0.8663283133572085,0.1333439194668213,0.0003277671759701953,200.0,61.3,-184.23959772120577,-1.0714943710697487,-0.887089901723144,-9.892726421740203,0.0,0.0,-27.832104698289324,-7.856826208961305,-3.4395708961892173,-5.766284605572261,-5.449816187011117,-14.864498758424562
136,3500029.21,41,34.999990229813335,35.0,291.9,0,0.0,0.8659125062086178,0.13377611497421046,0.00031137881717168553,200.0,61.3,-184.23959772120577,-1.0714943710697487,-0.887089901723144,-9.892726421740203,0.0,0.0,-27.832104698289324,-7.856826208961305,-3.4395708961892173,-5.766284605572261,-5.449816187011117,-14.864498758424562
137,3500029.21,42,34.999990229813335,35.0,291.9,0,0.0,0.8654865524193945,0.13421763770429235,0.0002958098763131013,200.0,61.3,-184.23959772120577,-1.0714943710697487,-0.887089901723144,-9.892726421740203,0.0,0.0,-27.832104698289324,-7.856826208961305,-3.4395708961892173,-5.766284605572261,-5.449816187011117,-14.864498758424562
138,3500029.21,43,34.999990229813335,35.0,291.9,0,0.0,0.8650642714120654,0.13465470920543715,0.00028101938249744623,200.0,61.3,-184.23959772120577,-1.0714943710697487,-0.887089901723144,-9.892726421740203,0.0,0.0,-27.832104698289324,-7.856826208961305,-3.4395708961892173,-5.766284605572261,-5.449816187011117,-14.864498758424562
139,3500029.21,44,34.999990229813335,35.0,291.9,0,0.0,0.8646715692646438,0.13506146232198357,0.00026696841337257393,200.0,61.3,-184.23959772120577,-1.0714943710697487,-0.887089901723144,-9.892726421740203,0.0,0.0,-27.832104698289324,-7.856826208961305,-3.4395708961892173,-5.766284605572261,-5.449816187011117,-14.864498758424562
140,3500029.21,45,34.999990229813335,35.0,291.9,0,0.0,0.8642940186904797,0.1354523613168163,0.0002536199927039452,200.0,61.3,-184.23959772120577,-1.0714943710697487,-0.887089901723144,-9.892726421740203,0.0,0.0,-27.832104698289324,-7.856826208961305,-3.4395708961892173,-5.766284605572261,-5.449816187011117,-14.864498758424562
141,3500029.21,46,34.999990229813335,35.0,291.9,0,0.0,0.8639309246589215,0.1358281363480097,0.00024093899306874792,200.0,61.3,-184.23959772120577,-1.0714943710697487,-0.887089901723144,-9.892726421740203,0.0,0.0,-27.832104698289324,-7.856826208961305,-3.4395708961892173,-5.766284605572261,-5.449816187011117,-14.864498758424562
142,3500029.21,47,34.999990229813335,35.0,291.9,0,0.0,0.8635689492452854,0.1362021587112993,0.0002288920434153105,200.0,61.3,-184.23959772120577,-1.0714943710697487,-0.887089901723144,-9.892726421740203,0.0,0.0,-27.832104698289324,-7.856826208961305,-3.4395708961892173,-5.766284605572261,-5.449816187011117,-14.864498758424562
143,3500029.21,48,34.999990229813335,35.0,291.9,0,0.0,0.8632397334923565,0.136542819066399,0.000217447441244545,200.0,61.3,-184.23959772120577,-1.0714943710697487,-0.887089901723144,-9.892726421740203,0.0,0.0,-27.832104698289324,-7.856826208961305,-3.4395708961892173,-5.766284605572261,-5.449816187011117,-14.864498758424562
144,3500029.21,49,34.999990229813335,35.0,291.9,0,0.0,0.862898753804007,0.1368946711268107,0.00020657506918231777,200.0,61.3,-184.23959772120577,-1.0714943710697487,-0.887089901723144,-9.892726421740203,0.0,0.0,-27.832104698289324,-7.856826208961305,-3.4395708961892173,-5.766284605572261,-5.449816187011117,-14.864498758424562
145,3500029.21,0,34.999990229813335,35.0,291.9,0,0.0,0.8625520090369302,0.13725174464734663,0.0001962463157232019,200.0,61.3,-184.23959772120577,-1.0714943710697487,-0.887089901723144,-9.892726421740203,0.0,0.0,-27.832104698289324,-7.856826208961305,-3.4395708961892173,-5.766284605572261,-5.449816187011117,-14.864498758424562
146,3500029.21,1,34.999990229813335,35.0,291.9,0,0.0,0.8621874920096017,0.1376260739904613,0.0001864339999370418,200.0,61.3,-184.23959772120577,-1.0714943710697487,-0.887089901723144,-9.892726421740203,0.0,0.0,-27.832104698289324,-7.856826208961305,-3.4395708961892173,-5.766284605572261,-5.449816187011117,-14.864498758424562
147,3500029.21,2,34.999990229813335,35.0,291.9,0,0.0,0.8618437720580779,0.1379791156419819,0.0001771122999401897,200.0,61.3,-184.23959772120577,-1.0714943710697487,-0.887089901723144,-9.892726421740203,0.0,0.0,-27.832104698289324,-7.856826208961305,-3.4395708961892173,-5.766284605572261,-5.449816187011117,-14.864498758424562
148,3500029.21,3,34.999990229813335,35.0,291.9,0,0.0,0.8615259351900726,0.13830580812498422,0.0001682566849431802,200.0,61.3,-184.23959772120577,-1.0714943710697487,-0.887089901723144,-9.892726421740203,0.0,0.0,-27.832104698289324,-7.856826208961305,-3.4395708961892173,-5.766284605572261,-5.449816187011117,-14.864498758424562
149,3500029.21,4,34.999990229813335,35.0,291.9,0,0.0,0.8612203226139036,0.13861983353540047,0.0001598438506960212,200.0,61.3,-184.23959772120577,-1.0714943710697487,-0.887089901723144,-9.892726421740203,0.0,0.0,-27.832104698289324,-7.856826208961305,-3.4395708961892173,-5.766284605572261,-5.449816187011117,-14.864498758424562
150,3500029.21,5,34.999990229813335,35.0,291.9,0,0.0,0.8609141887699295,0.1389339595719093,0.00015185165816122012,200.0,61.3,-184.23959772120577,-1.0714943710697487,-0.887089901723144,-9.892726421740203,0.0,0.0,-27.832104698289324,-7.856826208961305,-3.4395708961892173,-5.766284605572261,-5.449816187011117,-14.864498758424562
151,3500029.21,6,34.999990229813335,35.0,291.9,0,0.0,0.8605894540963406,0.13926628682840633,0.0001442590752531591,200.0,61.3,-184.23959772120577,-1.0714943710697487,-0.887089901723144,-9.892726421740203,0.0,0.0,-27.832104698289324,-7.856826208961305,-3.4395708961892173,-5.766284605572261,-5.449816187011117,-14.864498758424562
152,3500029.21,7,34.999990229813335,35.0,291.9,0,0.0,0.8602716238485403,0.13959133002996924,0.00013704612149050113,200.0,61.3,-184.23959772120577,-1.0714943710697487,-0.887089901723144,-9.892726421740203,0.0,0.0,-27.832104698289324,-7.856826208961305,-3.4395708961892173,-5.766284605572261,-5.449816187011117,-14.864498758424562
153,3500029.21,8,34.999990229813335,35.0,291.9,0,0.0,0.8599845721888079,0.13988523399577624,0.0001301938154159761,200.0,61.3,-184.23959772120577,-1.0714943710697487,-0.887089901723144,-9.892726421740203,0.0,0.0,-27.832104698289324,-7.856826208961305,-3.4395708961892173,-5.766284605572261,-5.449816187011117,-14.864498758424562
154,3500029.21,9,34.999990229813335,35.0,291.9,0,0.0,0.8597265099519771,0.1401498059233776,0.00012368412464517728,200.0,61.3,-184.23959772120577,-1.0714943710697487,-0.887089901723144,-9.892726421740203,0.0,0.0,-27.832104698289324,-7.856826208961305,-3.4395708961892173,-5.766284605572261,-5.449816187011117,-14.864498758424562
155,3500029.21,10,34.999990229813335,35.0,291.9,0,0.0,0.8594780315120871,0.14040446856950003,0.00011749991841291844,200.0,61.3,-184.23959772120577,-1.0714943710697487,-0.887089901723144,-9.892726421740203,0.0,0.0,-27.832104698289324,-7.856826208961305,-3.4395708961892173,-5.766284605572261,-5.449816187011117,-14.864498758424562
156,3500029.21,11,34.999990229813335,35.0,291.9,0,0.0,0.8592504449093299,0.14063793016817788,0.00011162492249227251,200.0,61.3,-184.23959772120577,-1.0714943710697487,-0.887089901723144,-9.892726421740203,0.0,0.0,-27.832104698289324,-7.856826208961305,-3.4395708961892173,-5.766284605572261,-5.449816187011117,-14.864498758424562
157,3500029.21,12,34.999990229813335,35.0,291.9,0,0.0,0.8590309319847689,0.14086302433886352,0.00010604367636765888,200.0,61.3,-184.23959772120577,-1.0714943710697487,-0.887089901723144,-9.892726421740203,0.0,0.0,-27.832104698289324,-7.856826208961305,-3.4395708961892173,-5.766284605572261,-5.449816187011117,-14.864498758424562
158,3500029.21,13,34.999990229813335,35.0,291.9,0,0.0,0.8588307069101525,0.14106855159729825,0.00010074149254927593,200.0,61.3,-184.23959772120577,-1.0714943710697487,-0.887089901723144,-9.892726421740203,0.0,0.0,-27.832104698289324,-7.856826208961305,-3.4395708961892173,-5.766284605572261,-5.449816187011117,-14.864498758424562
159,3500029.21,14,34.999990229813335,35.0,291.9,0,0.0,0.8586199279214818,0.14128436766059635,9.570441792181214e-05,200.0,61.3,-184.23959772120577,-1.0714943710697487,-0.887089901723144,-9.892726421740203,0.0,0.0,-27.832104698289324,-7.856826208961305,-3.4395708961892173,-5.766284605572261,-5.449816187011117,-14.864498758424562
160,3500029.21,15,34.999990229813335,35.0,291.9,0,0.0,0.8584050532219932,0.1415040275809811,9.091919702572154e-05,200.0,61.3,-184.23959772120577,-1.0714943710697487,-0.887089901723144,-9.892726421740203,0.0,0.0,-27.832104698289324,-7.856826208961305,-3.4395708961892173,-5.766284605572261,-5.449816187011117,-14.864498758424562
161,3500029.21,16,34.999990229813335,35.0,291.9,0,0.0,0.8581921583058281,0.14172146845699748,8.637323717443547e-05,200.0,61.3,-184.23959772120577,-1.0714943710697487,-0.887089901723144,-9.892726421740203,0.0,0.0,-27.832104698289324,-7.856826208961305,-3.4395708961892173,-5.766284605572261,-5.449816187011117,-14.864498758424562
162,3500029.21,17,34.999990229813335,35.0,291.9,0,0.0,0.8579926208394357,0.14192532458524856,8.205457531571369e-05,200.0,61.3,-184.23959772120577,-1.0714943710697487,-0.887089901723144,-9.892726421740203,0.0,0.0,-27.832104698289324,-7.856826208961305,-3.4395708961892173,-5.766284605572261,-5.449816187011117,-14.864498758424562
163,3500029.21,18,34.999990229813335,35.0,291.9,0,0.0,0.8578057365747108,0.14211631157873922,7.7951846549928e-05,200.0,61.3,-184.23959772120577,-1.0714943710697487,-0.887089901723144,-9.892726421740203,0.0,0.0,-27.832104698289324,-7.856826208961305,-3.4395708961892173,-5.766284605572261,-5.449816187011117,-14.864498758424562
164,3500029.21,19,34.999990229813335,35.0,291.9,0,0.0,0.8576027308022943,0.1423232149434832,7.40542542224316e-05,200.0,61.3,-184.23959772120577,-1.0714943710697487,-0.887089901723144,-9.892726421740203,0.0,0.0,-27.832104698289324,-7.856826208961305,-3.4395708961892173,-5.766284605572261,-5.449816187011117,-14.864498758424562
165,3500029.21,20,34.999990229813335,35.0,291.9,0,0.0,0.8574014628145923,0.14252818564389644,7.035154151131004e-05,200.0,61.3,-184.23959772120577,-1.0714943710697487,-0.887089901723144,-9.892726421740203,0.0,0.0,-27.832104698289324,-7.856826208961305,-3.4395708961892173,-5.766284605572261,-5.449816187011117,-14.864498758424562
166,3500029.21,21,34.999990229813335,35.0,291.9,0,0.0,0.8572075210550524,0.1427256449805119,6.683396443574454e-05,200.0,61.3,-184.23959772120577,-1.0714943710697487,-0.887089901723144,-9.892726421740203,0.0,0.0,-27.832104698289324,-7.856826208961305,-3.4395708961892173,-5.766284605572261,-5.449816187011117,-14.864498758424562
167,3500029.21,22,34.999990229813335,35.0,291.9,0,0.0,0.857020571830357,0.14291593590342908,6.349226621395731e-05,200.0,61.3,-184.23959772120577,-1.0714943710697487,-0.887089901723144,-9.892726421740203,0.0,0.0,-27.832104698289324,-7.856826208961305,-3.4395708961892173,-5.766284605572261,-5.449816187011117,-14.864498758424562
168,3500029.21,23,34.999990229813335,35.0,291.9,0,0.0,0.8568347758046359,0.14310490654246094,6.031765290325945e-05,200.0,61.3,-184.23959772120577,-1.0714943710697487,-0.887089901723144,-9.892726421740203,0.0,0.0,-27.832104698289324,-7.856826208961305,-3.4395708961892173,-5.766284605572261,-5.449816187011117,-14.864498758424562
169,3500029.21,24,34.999990229813335,35.0,291.9,0,0.0,0.8566446580927926,0.14329804013694936,5.7301770258096474e-05,200.0,61.3,-184.23959772120577,-1.0714943710697487,-0.887089901723144,-9.892726421740203,0.0,0.0,-27.832104698289324,-7.856826208961305,-3.4395708961892173,-5.766284605572261,-5.449816187011117,-14.864498758424562
170,3500029.21,25,34.999990229813335,35.0,291.9,0,0.0,0.8564615281810725,0.14348403513718241,5.443668174519166e-05,200.0,61.3,-184.23959772120577,-1.0714943710697487,-0.887089901723144,-9.892726421740203,0.0,0.0,-27.832104698289324,-7.856826208961305,-3.4395708961892173,-5.766284605572261,-5.449816187011117,-14.864498758424562
171,3500029.21,26,34.999990229813335,35.0,291.9,0,0.0,0.856285066040459,0.14366321911188315,5.171484765793207e-05,200.0,61.3,-184.23959772120577,-1.0714943710697487,-0.887089901723144,-9.892726421740203,0.0,0.0,-27.832104698289324,-7.856826208961305,-3.4395708961892173,-5.766284605572261,-5.449816187011117,-14.864498758424562
172,3500029.21,27,34.999990229813335,35.0,291.9,0,0.0,0.8561041224295831,0.14384674846514192,4.9129105275035464e-05,200.0,61.3,-184.23959772120577,-1.0714943710697487,-0.887089901723144,-9.892726421740203,0.0,0.0,-27.832104698289324,-7.856826208961305,-3.4395708961892173,-5.766284605572261,-5.449816187011117,-14.864498758424562
173,3500029.21,28,34.999990229813335,35.0,291.9,0,0.0,0.8559567692734066,0.14399655807658213,4.6672650011283686e-05,200.0,61.3,-184.23959772120577,-1.0714943710697487,-0.887089901723144,-9.892726421740203,0.0,0.0,-27.832104698289324,-7.856826208961305,-3.4395708961892173,-5.766284605572261,-5.449816187011117,-14.864498758424562
174,3500029.21,29,34.999990229813335,35.0,291.9,0,0.0,0.8558089509466674,0.1441467100358219,4.433901751071951e-05,200.0,61.3,-184.23959772120577,-1.0714943710697487,-0.887089901723144,-9.892726421740203,0.0,0.0,-27.832104698289324,-7.856826208961305,-3.4395708961892173,-5.766284605572261,-5.449816187011117,-14.864498758424562
175,3500029.21,30,34.999990229813335,35.0,291.9,0,0.0,0.8556714012708229,0.1442864766625419,4.212206663518353e-05,200.0,61.3,-184.23959772120577,-1.0714943710697487,-0.887089901723144,-9.892726421740203,0.0,0.0,-27.832104698289324,-7.856826208961305,-3.4395708961892173,-5.766284605572261,-5.449816187011117,-14.864498758424562
176,3500029.21,31,34.999990229813335,35.0,291.9,0,0.0,0.8555382935642024,0.14442169047249412,4.001596330342435e-05,200.0,61.3,-184.23959772120577,-1.0714943710697487,-0.887089901723144,-9.892726421740203,0.0,0.0,-27.832104698289324,-7.856826208961305,-3.4395708961892173,-5.766284605572261,-5.449816187011117,-14.864498758424562
177,3500029.21,32,34.999990229813335,35.0,291.9,0,0.0,0.8553830970387588,0.14457888779610298,3.801516513825314e-05,200.0,61.3,-184.23959772120577,-1.0714943710697487,-0.887089901723144,-9.892726421740203,0.0,0.0,-27.832104698289324,-7.856826208961305,-3.4395708961892173,-5.766284605572261,-5.449816187011117,-14.864498758424562
178,3500029.21,33,34.999990229813335,35.0,291.9,0,0.0,0.8552123559095762,0.14475152968354246,3.6114406881340476e-05,200.0,61.3,-184.23959772120577,-1.0714943710697487,-0.887089901723144,-9.892726421740203,0.0,0.0,-27.832104698289324,-7.856826208961305,-3.4395708961892173,-5.766284605572261,-5.449816187011117,-14.864498758424562
179,3500029.21,34,34.999990229813335,35.0,291.9,0,0.0,0.8550532960075276,0.14491239530593517,3.430868653727345e-05,200.0,61.3,-184.23959772120577,-1.0714943710697487,-0.887089901723144,-9.892726421740203,0.0,0.0,-27.832104698289324,-7.856826208961305,-3.4395708961892173,-5.766284605572261,-5.449816187011117,-14.864498758424562
180,3500029.21,35,34.999990229813335,35.0,291.9,0,0.0,0.8549105018387853,0.1450569049090043,3.259325221040978e-05,200.0,61.3,-184.23959772120577,-1.0714943710697487,-0.887089901723144,-9.892726421740203,0.0,0.0,-27.832104698289324,-7.856826208961305,-3.4395708961892173,-5.766284605572261,-5.449816187011117,-14.864498758424562
181,3500029.21,36,34.999990229813335,35.0,291.9,0,0.0,0.8547623434718253,0.14520669293857483,3.09635895998893e-05,200.0,61.3,-184.23959772120577,-1.0714943710697487,-0.887089901723144,-9.892726421740203,0.0,0.0,-27.832104698289324,-7.856826208961305,-3.4395708961892173,-5.766284605572261,-5.449816187011117,-14.864498758424562
182,3500029.21,37,34.999990229813335,35.0,291.9,0,0.0,0.8546040232897957,0.14536656130008438,2.941541011989483e-05,200.0,61.3,-184.23959772120577,-1.0714943710697487,-0.887089901723144,-9.892726421740203,0.0,0.0,-27.832104698289324,-7.856826208961305,-3.4395708961892173,-5.766284605572261,-5.449816187011117,-14.864498758424562
183,3500029.21,38,34.999990229813335,35.0,291.9,0,0.0,0.854451662066926,0.14552039329346014,2.794463961390009e-05,200.0,61.3,-184.23959772120577,-1.0714943710697487,-0.887089901723144,-9.892726421740203,0.0,0.0,-27.832104698289324,-7.856826208961305,-3.4395708961892173,-5.766284605572261,-5.449816187011117,-14.864498758424562
184,3500029.21,39,34.999990229813335,35.0,291.9,0,0.0,0.854289585430729,0.14568386716163784,2.6547407633205086e-05,200.0,61.3,-184.23959772120577,-1.0714943710697487,-0.887089901723144,-9.892726421740203,0.0,0.0,-27.832104698289324,-7.856826208961305,-3.4395708961892173,-5.766284605572261,-5.449816187011117,-14.864498758424562
185,3500029.21,40,34.999990229813335,35.0,291.9,0,0.0,0.8541337781683511,0.1458410017943974,2.5220037251544835e-05,200.0,61.3,-184.23959772120577,-1.0714943710697487,-0.887089901723144,-9.892726421740203,0.0,0.0,-27.832104698289324,-7.856826208961305,-3.4395708961892173,-5.766284605572261,-5.449816187011117,-14.864498758424562
186,3500029.21,41,34.999990229813335,35.0,291.9,0,0.0,0.8539788561291373,0.14599718483547383,2.3959035388967593e-05,200.0,61.3,-184.23959772120577,-1.0714943710697487,-0.887089901723144,-9.892726421740203,0.0,0.0,-27.832104698289324,-7.856826208961305,-3.4395708961892173,-5.766284605572261,-5.449816187011117,-14.864498758424562
187,3500029.21,42,34.999990229813335,35.0,291.9,0,0.0,0.8538501346985432,0.14612710421783723,2.276108361951921e-05,200.0,61.3,-184.23959772120577,-1.0714943710697487,-0.887089901723144,-9.892726421740203,0.0,0.0,-27.832104698289324,-7.856826208961305,-3.4395708961892173,-5.766284605572261,-5.449816187011117,-14.864498758424562
188,3500029.21,43,34.999990229813335,35.0,291.9,0,0.0,0.8537058760060111,0.14627250096455038,2.1623029438543254e-05,200.0,61.3,-184.23959772120577,-1.0714943710697487,-0.887089901723144,-9.892726421740203,0.0,0.0,-27.832104698289324,-7.856826208961305,-3.4395708961892173,-5.766284605572261,-5.449816187011117,-14.864498758424562
189,3500029.21,44,34.999990229813335,35.0,291.9,0,0.0,0.8535620811873005,0.14641737693473297,2.0541877966616094e-05,200.0,61.3,-184.23959772120577,-1.0714943710697487,-0.887089901723144,-9.892726421740203,0.0,0.0,-27.832104698289324,-7.856826208961305,-3.4395708961892173,-5.766284605572261,-5.449816187011117,-14.864498758424562
190,3500029.21,45,34.999990229813335,35.0,291.9,0,0.0,0.8534237886167431,0.14655669659918852,1.9514784068285287e-05,200.0,61.3,-184.23959772120577,-1.0714943710697487,-0.887089901723144,-9.892726421740203,0.0,0.0,-27.832104698289324,-7.856826208961305,-3.4395708961892173,-5.766284605572261,-5.449816187011117,-14.864498758424562
191,3500029.21,46,34.999990229813335,35.0,291.9,0,0.0,0.8532758087349777,0.1467056522201575,1.8539044864871024e-05,200.0,61.3,-184.23959772120577,-1.0714943710697487,-0.887089901723144,-9.892726421740203,0.0,0.0,-27.832104698289324,-7.856826208961305,-3.4395708961892173,-5.766284605572261,-5.449816187011117,-14.864498758424562
192,3500029.21,47,34.999990229813335,35.0,291.9,0,0.0,0.8531137681815699,0.14686861972580853,1.7612092621627477e-05,200.0,61.3,-184.23959772120577,-1.0714943710697487,-0.887089901723144,-9.892726421740203,0.0,0.0,-27.832104698289324,-7.856826208961305,-3.4395708961892173,-5.766284605572261,-5.449816187011117,-14.864498758424562
193,3500029.21,48,34.999990229813335,35.0,291.9,0,0.0,0.8529385030939366,0.14704476541807293,1.67314879905461e-05,200.0,61.3,-184.23959772120577,-1.0714943710697487,-0.887089901723144,-9.892726421740203,0.0,0.0,-27.832104698289324,-7.856826208961305,-3.4395708961892173,-5.766284605572261,-5.449816187011117,-14.864498758424562
194,3500029.21,49,34.999990229813335,35.0,291.9,0,0.0,0.8527458307594699,0.147238274326939,1.5894913591018792e-05,200.0,61.3,-184.23959772120577,-1.0714943710697487,-0.887089901723144,-9.892726421740203,0.0,0.0,-27.832104698289324,-7.856826208961305,-3.4395708961892173,-5.766284605572261,-5.449816187011117,-14.864498758424562
195,3500029.21,0,34.999990229813335,35.0,291.9,0,0.0,0.8525714831498723,0.14741341668221622,1.5100167911467853e-05,200.0,61.3,-184.23959772120577,-1.0714943710697487,-0.887089901723144,-9.892726421740203,0.0,0.0,-27.832104698289324,-7.856826208961305,-3.4395708961892173,-5.766284605572261,-5.449816187011117,-14.864498758424562
196,3500029.21,1,34.999990229813335,35.0,291.9,0,0.0,0.852394764458326,0.1475908903821582,1.4345159515894462e-05,200.0,61.3,-184.23959772120577,-1.0714943710697487,-0.887089901723144,-9.892726421740203,0.0,0.0,-27.832104698289324,-7.856826208961305,-3.4395708961892173,-5.766284605572261,-5.449816187011117,-14.864498758424562
197,3500029.21,2,34.999990229813335,35.0,291.9,0,0.0,0.852206046083,0.14778032601545993,1.3627901540099739e-05,200.0,61.3,-184.23959772120577,-1.0714943710697487,-0.887089901723144,-9.892726421740203,0.0,0.0,-27.832104698289324,-7.856826208961305,-3.4395708961892173,-5.766284605572261,-5.449816187011117,-14.864498758424562
198,3500029.21,3,34.999990229813335,35.0,291.9,0,0.0,0.8520207917215845,0.1479662617719524,1.2946506463094752e-05,200.0,61.3,-184.23959772120577,-1.0714943710697487,-0.887089901723144,-9.892726421740203,0.0,0.0,-27.832104698289324,-7.856826208961305,-3.4395708961892173,-5.766284605572261,-5.449816187011117,-14.864498758424562
199,3500029.21,4,34.999990229813335,35.0,291.9,0,0.0,0.8518388829154219,0.14814881790343815,1.2299181139940015e-05,200.0,61.3,-184.23959772120577,-1.0714943710697487,-0.887089901723144,-9.892726421740203,0.0,0.0,-27.832104698289324,-7.856826208961305,-3.4395708961892173,-5.766284605572261,-5.449816187011117,-14.864498758424562
200,3500029.21,5,34.999990229813335,35.0,291.9,0,0.0,0.8516796299941636,0.14830868578375347,1.1684222082943015e-05,200.0,61.3,-184.23959772120577,-1.0714943710697487,-0.887089901723144,-9.892726421740203,0.0,0.0,-27.832104698289324,-7.856826208961305,-3.4395708961892173,-5.766284605572261,-5.449816187011117,-14.864498758424562
201,3500029.21,6,34.999990229813335,35.0,291.9,0,0.0,0.8515224537164461,0.14846644627257513,1.1100010978795864e-05,200.0,61.3,-184.23959772120577,-1.0714943710697487,-0.887089901723144,-9.892726421740203,0.0,0.0,-27.832104698289324,-7.856826208961305,-3.4395708961892173,-5.766284605572261,-5.449816187011117,-14.864498758424562
202,3500029.21,7,34.999990229813335,35.0,291.9,0,0.0,0.8513576772274501,0.14863177776212005,1.0545010429856072e-05,200.0,61.3,-184.23959772120577,-1.0714943710697487,-0.887089901723144,-9.892726421740203,0.0,0.0,-27.832104698289324,-7.856826208961305,-3.4395708961892173,-5.766284605572261,-5.449816187011117,-14.864498758424562
203,3500029.21,8,34.999990229813335,35.0,291.9,0,0.0,0.8512145544425979,0.14877542779749375,1.0017759908363268e-05,200.0,61.3,-184.23959772120577,-1.0714943710697487,-0.887089901723144,-9.892726421740203,0.0,0.0,-27.832104698289324,-7.856826208961305,-3.4395708961892173,-5.766284605572261,-5.449816187011117,-14.864498758424562
204,3500029.21,9,34.999990229813335,35.0,291.9,0,0.0,0.8510728220600521,0.14891766106803503,9.516871912945105e-06,200.0,61.3,-184.23959772120577,-1.0714943710697487,-0.887089901723144,-9.892726421740203,0.0,0.0,-27.832104698289324,-7.856826208961305,-3.4395708961892173,-5.766284605572261,-5.449816187011117,-14.864498758424562
205,3500029.21,10,34.999990229813335,35.0,291.9,0,0.0,0.8509372024758279,0.14905375649585473,9.04102831729785e-06,200.0,61.3,-184.23959772120577,-1.0714943710697487,-0.887089901723144,-9.892726421740203,0.0,0.0,-27.832104698289324,-7.856826208961305,-3.4395708961892173,-5.766284605572261,-5.449816187011117,-14.864498758424562
206,3500029.21,11,34.999990229813335,35.0,291.9,0,0.0,0.8507979593826361,0.1491934516404624,8.588976901432957e-06,200.0,61.3,-184.23959772120577,-1.0714943710697487,-0.887089901723144,-9.892726421740203,0.0,0.0,-27.832104698289324,-7.856826208961305,-3.4395708961892173,-5.766284605572261,-5.449816187011117,-14.864498758424562
207,3500029.21,12,34.999990229813335,35.0,291.9,0,0.0,0.8506506414042247,0.14934119906771884,8.159528056361308e-06,200.0,61.3,-184.23959772120577,-1.0714943710697487,-0.887089901723144,-9.892726421740203,0.0,0.0,-27.832104698289324,-7.856826208961305,-3.4395708961892173,-5.766284605572261,-5.449816187011117,-14.864498758424562
208,3500029.21,13,34.999990229813335,35.0,291.9,0,0.0,0.8505192344233243,0.14947301402502217,7.751551653543244e-06,200.0,61.3,-184.23959772120577,-1.0714943710697487,-0.887089901723144,-9.892726421740203,0.0,0.0,-27.832104698289324,-7.856826208961305,-3.4395708961892173,-5.766284605572261,-5.449816187011117,-14.864498758424562
209,3500029.21,14,34.999990229813335,35.0,291.9,0,0.0,0.850407493454535,0.14958514257139405,7.363974070866081e-06,200.0,61.3,-184.23959772120577,-1.0714943710697487,-0.887089901723144,-9.892726421740203,0.0,0.0,-27.832104698289324,-7.856826208961305,-3.4395708961892173,-5.766284605572261,-5.449816187011117,-14.864498758424562
210,3500029.21,15,34.999990229813335,35.0,291.9,0,0.0,0.8502957838557621,0.14969722036887056,6.995775367322777e-06,200.0,61.3,-184.23959772120577,-1.0714943710697487,-0.887089901723144,-9.892726421740203,0.0,0.0,-27.832104698289324,-7.856826208961305,-3.4395708961892173,-5.766284605572261,-5.449816187011117,-14.864498758424562
211,3500029.21,16,34.999990229813335,35.0,291.9,0,0.0,0.850170291498242,0.1498230625151591,6.645986598956639e-06,200.0,61.3,-184.23959772120577,-1.0714943710697487,-0.887089901723144,-9.892726421740203,0.0,0.0,-27.832104698289324,-7.856826208961305,-3.4395708961892173,-5.766284605572261,-5.449816187011117,-14.864498758424562
212,3500029.21,17,34.999990229813335,35.0,291.9,0,0.0,0.8500318158026793,0.14996187051005166,6.313687269008807e-06,200.0,61.3,-184.23959772120577,-1.0714943710697487,-0.887089901723144,-9.892726421740203,0.0,0.0,-27.832104698289324,-7.856826208961305,-3.4395708961892173,-5.766284605572261,-5.449816187011117,-14.864498758424562
213,3500029.21,18,34.999990229813335,35.0,291.9,0,0.0,0.8499041563717326,0.15008984562536187,5.998002905558367e-06,200.0,61.3,-184.23959772120577,-1.0714943710697487,-0.887089901723144,-9.892726421740203,0.0,0.0,-27.832104698289324,-7.856826208961305,-3.4395708961892173,-5.766284605572261,-5.449816187011117,-14.864498758424562
214,3500029.21,19,34.999990229813335,35.0,291.9,0,0.0,0.8497821583405224,0.1502121435567173,5.698102760280449e-06,200.0,61.3,-184.23959772120577,-1.0714943710697487,-0.887089901723144,-9.892726421740203,0.0,0.0,-27.832104698289324,-7.856826208961305,-3.4395708961892173,-5.766284605572261,-5.449816187011117,-14.864498758424562
215,3500029.21,20,34.999990229813335,35.0,291.9,0,0.0,0.8496518631599789,0.1503427236423988,5.413197622266426e-06,200.0,61.3,-184.23959772120577,-1.0714943710697487,-0.887089901723144,-9.892726421740203,0.0,0.0,-27.832104698289324,-7.856826208961305,-3.4395708961892173,-5.766284605572261,-5.449816187011117,-14.864498758424562
216,3500029.21,21,34.999990229813335,35.0,291.9,0,0.0,0.8495183372493759,0.150476520212883,5.142537741153105e-06,200.0,61.3,-184.23959772120577,-1.0714943710697487,-0.887089901723144,-9.892726421740203,0.0,0.0,-27.832104698289324,-7.856826208961305,-3.4395708961892173,-5.766284605572261,-5.449816187011117,-14.864498758424562
217,3500029.21,22,34.999990229813335,35.0,291.9,0,0.0,0.849386355452747,0.15060875913639896,4.885410854095451e-06,200.0,61.3,-184.23959772120577,-1.0714943710697487,-0.887089901723144,-9.892726421740203,0.0,0.0,-27.832104698289324,-7.856826208961305,-3.4395708961892173,-5.766284605572261,-5.449816187011117,-14.864498758424562
218,3500029.21,23,34.999990229813335,35.0,291.9,0,0.0,0.8492604030280518,0.15073495583163685,4.641140311390679e-06,200.0,61.3,-184.23959772120577,-1.0714943710697487,-0.887089901723144,-9.892726421740203,0.0,0.0,-27.832104698289324,-7.856826208961305,-3.4395708961892173,-5.766284605572261,-5.449816187011117,-14.864498758424562
219,3500029.21,24,34.999990229813335,35.0,291.9,0,0.0,0.8491401838153572,0.15085540710134712,4.409083295821145e-06,200.0,61.3,-184.23959772120577,-1.0714943710697487,-0.887089901723144,-9.892726421740203,0.0,0.0,-27.832104698289324,-7.856826208961305,-3.4395708961892173,-5.766284605572261,-5.449816187011117,-14.864498758424562
220,3500029.21,25,34.999990229813335,35.0,291.9,0,0.0,0.8490254163888709,0.1509703949819982,4.188629131030087e-06,200.0,61.3,-184.23959772120577,-1.0714943710697487,-0.887089901723144,-9.892726421740203,0.0,0.0,-27.832104698289324,-7.856826208961305,-3.4395708961892173,-5.766284605572261,-5.449816187011117,-14.864498758424562
221,3500029.21,26,34.999990229813335,35.0,291.9,0,0.0,0.8489069141920466,0.15108910661027905,3.979197674478583e-06,200.0,61.3,-184.23959772120577,-1.0714943710697487,-0.887089901723144,-9.892726421740203,0.0,0.0,-27.832104698289324,-7.856826208961305,-3.4395708961892173,-5.766284605572261,-5.449816187011117,-14.864498758424562
222,3500029.21,27,34.999990229813335,35.0,291.9,0,0.0,0.8487804795179328,0.1512157402442765,3.7802377907546533e-06,200.0,61.3,-184.23959772120577,-1.0714943710697487,-0.887089901723144,-9.892726421740203,0.0,0.0,-27.832104698289324,-7.856826208961305,-3.4395708961892173,-5.766284605572261,-5.449816187011117,-14.864498758424562
223,3500029.21,28,34.999990229813335,35.0,291.9,0,0.0,0.8486510434889085,0.15134536528519024,3.5912259012169203e-06,200.0,61.3,-184.23959772120577,-1.0714943710697487,-0.887089901723144,-9.892726421740203,0.0,0.0,-27.832104698289324,-7.856826208961305,-3.4395708961892173,-5.766284605572261,-5.449816187011117,-14.864498758424562
224,3500029.21,29,34.999990229813335,35.0,291.9,0,0.0,0.8485188240579459,0.15147776427744802,3.4116646061560747e-06,200.0,61.3,-184.23959772120577,-1.0714943710697487,-0.887089901723144,-9.892726421740203,0.0,0.0,-27.832104698289324,-7.856826208961305,-3.4395708961892173,-5.766284605572261,-5.449816187011117,-14.864498758424562
225,3500029.21,30,34.999990229813335,35.0,291.9,0,0.0,0.8483796051129061,0.151617153805718,3.241081375848271e-06,200.0,61.3,-184.23959772120577,-1.0714943710697487,-0.887089901723144,-9.892726421740203,0.0,0.0,-27.832104698289324,-7.856826208961305,-3.4395708961892173,-5.766284605572261,-5.449816187011117,-14.864498758424562
226,3500029.21,31,34.999990229813335,35.0,291.9,0,0.0,0.8482602498226519,0.15173667115004102,3.0790273070558577e-06,200.0,61.3,-184.23959772120577,-1.0714943710697487,-0.887089901723144,-9.892726421740203,0.0,0.0,-27.832104698289324,-7.856826208961305,-3.4395708961892173,-5.766284605572261,-5.449816187011117,-14.864498758424562
227,3500029.21,32,34.999990229813335,35.0,291.9,0,0.0,0.8481377597401668,0.1518593151838915,2.925075941703065e-06,200.0,61.3,-184.23959772120577,-1.0714943710697487,-0.887089901723144,-9.892726421740203,0.0,0.0,-27.832104698289324,-7.856826208961305,-3.4395708961892173,-5.766284605572261,-5.449816187011117,-14.864498758424562
228,3500029.21,33,34.999990229813335,35.0,291.9,0,0.0,0.8480254464283211,0.15197177474953433,2.778822144617912e-06,200.0,61.3,-184.23959772120577,-1.0714943710697487,-0.887089901723144,-9.892726421740203,0.0,0.0,-27.832104698289324,-7.856826208961305,-3.4395708961892173,-5.766284605572261,-5.449816187011117,-14.864498758424562
229,3500029.21,34,34.999990229813335,35.0,291.9,0,0.0,0.8479270930902251,0.1520702670287375,2.639881037387016e-06,200.0,61.3,-184.23959772120577,-1.0714943710697487,-0.887089901723144,-9.892726421740203,0.0,0.0,-27.832104698289324,-7.856826208961305,-3.4395708961892173,-5.766284605572261,-5.449816187011117,-14.864498758424562
230,3500029.21,35,34.999990229813335,35.0,291.9,0,0.0,0.8478289856400584,0.15216850647295616,2.5078869855176657e-06,200.0,61.3,-184.23959772120577,-1.0714943710697487,-0.887089901723144,-9.892726421740203,0.0,0.0,-27.832104698289324,-7.856826208961305,-3.4395708961892173,-5.766284605572261,-5.449816187011117,-14.864498758424562
231,3500029.21,36,34.999990229813335,35.0,291.9,0,0.0,0.8477311489785062,0.15226646852885758,2.382492636241782e-06,200.0,61.3,-184.23959772120577,-1.0714943710697487,-0.887089901723144,-9.892726421740203,0.0,0.0,-27.832104698289324,-7.856826208961305,-3.4395708961892173,-5.766284605572261,-5.449816187011117,-14.864498758424562
232,3500029.21,37,34.999990229813335,35.0,291.9,0,0.0,0.8476207347586197,0.15237700187337597,2.2633680044296932e-06,200.0,61.3,-184.23959772120577,-1.0714943710697487,-0.887089901723144,-9.892726421740203,0.0,0.0,-27.832104698289324,-7.856826208961305,-3.4395708961892173,-5.766284605572261,-5.449816187011117,-14.864498758424562
233,3500029.21,38,34.999990229813335,35.0,291.9,0,0.0,0.8475156039329582,0.1524822458674376,2.1501996042082083e-06,200.0,61.3,-184.23959772120577,-1.0714943710697487,-0.887089901723144,-9.892726421740203,0.0,0.0,-27.832104698289324,-7.856826208961305,-3.4395708961892173,-5.766284605572261,-5.449816187011117,-14.864498758424562
234,3500029.21,39,34.999990229813335,35.0,291.9,0,0.0,0.8474027006590122,0.1525952566513638,2.0426896239977977e-06,200.0,61.3,-184.23959772120577,-1.0714943710697487,-0.887089901723144,-9.892726421740203,0.0,0.0,-27.832104698289324,-7.856826208961305,-3.4395708961892173,-5.766284605572261,-5.449816187011117,-14.864498758424562
235,3500029.21,40,34.999990229813335,35.0,291.9,0,0.0,0.8473080031169725,0.15269005632788477,1.940555142797908e-06,200.0,61.3,-184.23959772120577,-1.0714943710697487,-0.887089901723144,-9.892726421740203,0.0,0.0,-27.832104698289324,-7.856826208961305,-3.4395708961892173,-5.766284605572261,-5.449816187011117,-14.864498758424562
236,3500029.21,41,34.999990229813335,35.0,291.9,0,0.0,0.8472135853446937,0.1527845711279207,1.8435273856580124e-06,200.0,61.3,-184.23959772120577,-1.0714943710697487,-0.887089901723144,-9.892726421740203,0.0,0.0,-27.832104698289324,-7.856826208961305,-3.4395708961892173,-5.766284605572261,-5.449816187011117,-14.864498758424562
237,3500029.21,42,34.999990229813335,35.0,291.9,0,0.0,0.8470941329490329,0.15290411569995074,1.7513510163751118e-06,200.0,61.3,-184.23959772120577,-1.0714943710697487,-0.887089901723144,-9.892726421740203,0.0,0.0,-27.832104698289324,-7.856826208961305,-3.4395708961892173,-5.766284605572261,-5.449816187011117,-14.864498758424562
238,3500029.21,43,34.999990229813335,35.0,291.9,0,0.0,0.8469679079786522,0.1530304282378823,1.6637834655563561e-06,200.0,61.3,-184.23959772120577,-1.0714943710697487,-0.887089901723144,-9.892726421740203,0.0,0.0,-27.832104698289324,-7.856826208961305,-3.4395708961892173,-5.766284605572261,-5.449816187011117,-14.864498758424562
239,3500029.21,44,34.999990229813335,35.0,291.9,0,0.0,0.8468521738443148,0.15314624556139303,1.5805942922785385e-06,200.0,61.3,-184.23959772120577,-1.0714943710697487,-0.887089901723144,-9.892726421740203,0.0,0.0,-27.832104698289324,-7.856826208961305,-3.4395708961892173,-5.766284605572261,-5.449816187011117,-14.864498758424562
240,3500029.21,45,34.999990229813335,35.0,291.9,0,0.0,0.846750547744098,0.1532479506913244,1.5015645776646116e-06,200.0,61.3,-184.23959772120577,-1.0714943710697487,-0.887089901723144,-9.892726421740203,0.0,0.0,-27.832104698289324,-7.856826208961305,-3.4395708961892173,-5.766284605572261,-5.449816187011117,-14.864498758424562
241,3500029.21,46,34.999990229813335,35.0,291.9,0,0.0,0.8466580827043806,0.15334049080927062,1.426486348781381e-06,200.0,61.3,-184.23959772120577,-1.0714943710697487,-0.887089901723144,-9.892726421740203,0.0,0.0,-27.832104698289324,-7.856826208961305,-3.4395708961892173,-5.766284605572261,-5.449816187011117,-14.864498758424562
242,3500029.21,47,34.999990229813335,35.0,291.9,0,0.0,0.8465535537434441,0.1534450910945245,1.3551620313423118e-06,200.0,61.3,-184.23959772120577,-1.0714943710697487,-0.887089901723144,-9.892726421740203,0.0,0.0,-27.832104698289324,-7.856826208961305,-3.4395708961892173,-5.766284605572261,-5.449816187011117,-14.864498758424562
243,3500029.21,48,34.999990229813335,35.0,291.9,0,0.0,0.8464376479724495,0.15356106462362076,1.2874039297751964e-06,200.0,61.3,-184.23959772120577,-1.0714943710697487,-0.887089901723144,-9.892726421740203,0.0,0.0,-27.832104698289324,-7.856826208961305,-3.4395708961892173,-5.766284605572261,-5.449816187011117,-14.864498758424562
244,3500029.21,49,34.999990229813335,35.0,291.9,0,0.0,0.8463110175156088,0.1536877594506579,1.2230337332864365e-06,200.0,61.3,-184.23959772120577,-1.0714943710697487,-0.887089901723144,-9.892726421740203,0.0,0.0,-27.832104698289324,-7.856826208961305,-3.4395708961892173,-5.766284605572261,-5.449816187011117,-14.864498758424562
245,3500029.21,0,34.999990229813335,35.0,291.9,0,0.0,0.8462155524259547,0.1537832856919987,1.1618820466221147e-06,200.0,61.3,-184.23959772120577,-1.0714943710697487,-0.887089901723144,-9.892726421740203,0.0,0.0,-27.832104698289324,-7.856826208961305,-3.4395708961892173,-5.766284605572261,-5.449816187011117,-14.864498758424562
246,3500029.21,1,34.999990229813335,35.0,291.9,0,0.0,0.8461207755491662,0.1538781206628895,1.103787944291009e-06,200.0,61.3,-184.23959772120577,-1.0714943710697487,-0.887089901723144,-9.892726421740203,0.0,0.0,-27.832104698289324,-7.856826208961305,-3.4395708961892173,-5.766284605572261,-5.449816187011117,-14.864498758424562
247,3500029.21,2,34.999990229813335,35.0,291.9,0,0.0,0.8460389138169415,0.15396003758451143,1.0485985470764584e-06,200.0,61.3,-184.23959772120577,-1.0714943710697487,-0.887089901723144,-9.892726421740203,0.0,0.0,-27.832104698289324,-7.856826208961305,-3.4395708961892173,-5.766284605572261,-5.449816187011117,-14.864498758424562
248,3500029.21,3,34.999990229813335,35.0,291.9,0,0.0,0.845948957138859,0.15405004669252126,9.961686197226354e-07,200.0,61.3,-184.23959772120577,-1.0714943710697487,-0.887089901723144,-9.892726421740203,0.0,0.0,-27.832104698289324,-7.856826208961305,-3.4395708961892173,-5.766284605572261,-5.449816187011117,-14.864498758424562
249,3500029.21,4,34.999990229813335,35.0,291.9,0,0.0,0.8458594906393294,0.15413956300048187,9.463601887365037e-07,200.0,61.3,-184.23959772120577,-1.0714943710697487,-0.887089901723144,-9.892726421740203,0.0,0.0,-27.832104698289324,-7.856826208961305,-3.4395708961892173,-5.766284605572261,-5.449816187011117,-14.864498758424562
250,3500029.21,5,34.999990229813335,35.0,291.9,0,0.0,0.8457624359722247,0.154236664985596,8.990421792996785e-07,200.0,61.3,-184.23959772120577,-1.0714943710697487,-0.887089901723144,-9.892726421740203,0.0,0.0,-27.832104698289324,-7.856826208961305,-3.4395708961892173,-5.766284605572261,-5.449816187011117,-14.864498758424562
251,3500029.21,6,34.999990229813335,35.0,291.9,0,0.0,0.8456824124599881,0.1543167334499416,8.540900703346946e-07,200.0,61.3,-184.23959772120577,-1.0714943710697487,-0.887089901723144,-9.892726421740203,0.0,0.0,-27.832104698289324,-7.856826208961305,-3.4395708961892173,-5.766284605572261,-5.449816187011117,-14.864498758424562
252,3500029.21,7,34.999990229813335,35.0,291.9,0,0.0,0.8456064478707274,0.15439274074370588,8.113855668179599e-07,200.0,61.3,-184.23959772120577,-1.0714943710697487,-0.887089901723144,-9.892726421740203,0.0,0.0,-27.832104698289324,-7.856826208961305,-3.4395708961892173,-5.766284605572261,-5.449816187011117,-14.864498758424562
253,3500029.21,8,34.999990229813335,35.0,291.9,0,0.0,0.8455423034103455,0.15445692577336606,7.708162884770619e-07,200.0,61.3,-184.23959772120577,-1.0714943710697487,-0.887089901723144,-9.892726421740203,0.0,0.0,-27.832104698289324,-7.856826208961305,-3.4395708961892173,-5.766284605572261,-5.449816187011117,-14.864498758424562
254,3500029.21,9,34.999990229813335,35.0,291.9,0,0.0,0.845477426151681,0.15452184157284493,7.322754740532087e-07,200.0,61.3,-184.23959772120577,-1.0714943710697487,-0.887089901723144,-9.892726421740203,0.0,0.0,-27.832104698289324,-7.856826208961305,-3.4395708961892173,-5.766284605572261,-5.449816187011117,-14.864498758424562
255,3500029.21,10,34.999990229813335,35.0,291.9,0,0.0,0.8454039680672375,0.1545953362710622,6.956617003505483e-07,200.0,61.3,-184.23959772120577,-1.0714943710697487,-0.887089901723144,-9.892726421740203,0.0,0.0,-27.832104698289324,-7.856826208961305,-3.4395708961892173,-5.766284605572261,-5.449816187011117,-14.864498758424562
256,3500029.21,11,34.999990229813335,35.0,291.9,0,0.0,0.8453263764064548,0.15467296271492995,6.608786153330209e-07,200.0,61.3,-184.23959772120577,-1.0714943710697487,-0.887089901723144,-9.892726421740203,0.0,0.0,-27.832104698289324,-7.856826208961305,-3.4395708961892173,-5.766284605572261,-5.449816187011117,-14.864498758424562
257,3500029.21,12,34.999990229813335,35.0,291.9,0,0.0,0.8452606457165901,0.1547387264487254,6.278346845663698e-07,200.0,61.3,-184.23959772120577,-1.0714943710697487,-0.887089901723144,-9.892726421740203,0.0,0.0,-27.832104698289324,-7.856826208961305,-3.4395708961892173,-5.766284605572261,-5.449816187011117,-14.864498758424562
258,3500029.21,13,34.999990229813335,35.0,291.9,0,0.0,0.8452100106561223,0.15478939290092736,5.964429503380513e-07,200.0,61.3,-184.23959772120577,-1.0714943710697487,-0.887089901723144,-9.892726421740203,0.0,0.0,-27.832104698289324,-7.856826208961305,-3.4395708961892173,-5.766284605572261,-5.449816187011117,-14.864498758424562
259,3500029.21,14,34.999990229813335,35.0,291.9,0,0.0,0.8451502703779131,0.15484916300128412,5.666208028211489e-07,200.0,61.3,-184.23959772120577,-1.0714943710697487,-0.887089901723144,-9.892726421740203,0.0,0.0,-27.832104698289324,-7.856826208961305,-3.4395708961892173,-5.766284605572261,-5.449816187011117,-14.864498758424562
260,3500029.21,15,34.999990229813335,35.0,291.9,0,0.0,0.8450936021526689,0.15490585955756841,5.382897626800914e-07,200.0,61.3,-184.23959772120577,-1.0714943710697487,-0.887089901723144,-9.892726421740203,0.0,0.0,-27.832104698289324,-7.856826208961305,-3.4395708961892173,-5.766284605572261,-5.449816187011117,-14.864498758424562
261,3500029.21,16,34.999990229813335,35.0,291.9,0,0.0,0.8450475773096155,0.15495191131510996,5.113752745460868e-07,200.0,61.3,-184.23959772120577,-1.0714943710697487,-0.887089901723144,-9.892726421740203,0.0,0.0,-27.832104698289324,-7.856826208961305,-3.4395708961892173,-5.766284605572261,-5.449816187011117,-14.864498758424562
262,3500029.21,17,34.999990229813335,35.0,291.9,0,0.0,0.8449962118100821,0.15500330238340707,4.858065108187824e-07,200.0,61.3,-184.23959772120577,-1.0714943710697487,-0.887089901723144,-9.892726421740203,0.0,0.0,-27.832104698289324,-7.856826208961305,-3.4395708961892173,-5.766284605572261,-5.449816187011117,-14.864498758424562
263,3500029.21,18,34.999990229813335,35.0,291.9,0,0.0,0.8449436605395586,0.15505587794425615,4.6151618527784327e-07,200.0,61.3,-184.23959772120577,-1.0714943710697487,-0.887089901723144,-9.892726421740203,0.0,0.0,-27.832104698289324,-7.856826208961305,-3.4395708961892173,-5.766284605572261,-5.449816187011117,-14.864498758424562
264,3500029.21,19,34.999990229813335,35.0,291.9,0,0.0,0.8448823497200121,0.1551172118396119,4.384403760139511e-07,200.0,61.3,-184.23959772120577,-1.0714943710697487,-0.887089901723144,-9.892726421740203,0.0,0.0,-27.832104698289324,-7.856826208961305,-3.4395708961892173,-5.766284605572261,-5.449816187011117,-14.864498758424562
265,3500029.21,20,34.999990229813335,35.0,291.9,0,0.0,0.8448280621564285,0.15517152132521436,4.1651835721325356e-07,200.0,61.3,-184.23959772120577,-1.0714943710697487,-0.887089901723144,-9.892726421740203,0.0,0.0,-27.832104698289324,-7.856826208961305,-3.4395708961892173,-5.766284605572261,-5.449816187011117,-14.864498758424562
266,3500029.21,21,34.999990229813335,35.0,291.9,0,0.0,0.8447690086525539,0.15523059565500674,3.956924393525909e-07,200.0,61.3,-184.23959772120577,-1.0714943710697487,-0.887089901723144,-9.892726421740203,0.0,0.0,-27.832104698289324,-7.856826208961305,-3.4395708961892173,-5.766284605572261,-5.449816187011117,-14.864498758424562
267,3500029.21,22,34.999990229813335,35.0,291.9,0,0.0,0.8447357552310382,0.1552638688611444,3.7590781738496134e-07,200.0,61.3,-184.23959772120577,-1.0714943710697487,-0.887089901723144,-9.892726421740203,0.0,0.0,-27.832104698289324,-7.856826208961305,-3.4395708961892173,-5.766284605572261,-5.449816187011117,-14.864498758424562
268,3500029.21,23,34.999990229813335,35.0,291.9,0,0.0,0.8446853989716518,0.15531424391592172,3.571124265157133e-07,200.0,61.3,-184.23959772120577,-1.0714943710697487,-0.887089901723144,-9.892726421740203,0.0,0.0,-27.832104698289324,-7.856826208961305,-3.4395708961892173,-5.766284605572261,-5.449816187011117,-14.864498758424562
269,3500029.21,24,34.999990229813335,35.0,291.9,0,0.0,0.8446264073356461,0.15537325340754882,3.3925680518992764e-07,200.0,61.3,-184.23959772120577,-1.0714943710697487,-0.887089901723144,-9.892726421740203,0.0,0.0,-27.832104698289324,-7.856826208961305,-3.4395708961892173,-5.766284605572261,-5.449816187011117,-14.864498758424562
270,3500029.21,25,34.999990229813335,35.0,291.9,0,0.0,0.8445742966127365,0.15542538109329854,3.2229396493043127e-07,200.0,61.3,-184.23959772120577,-1.0714943710697487,-0.887089901723144,-9.892726421740203,0.0,0.0,-27.832104698289324,-7.856826208961305,-3.4395708961892173,-5.766284605572261,-5.449816187011117,-14.864498758424562
271,3500029.21,26,34.999990229813335,35.0,291.9,0,0.0,0.8445249551171244,0.15547473870360887,3.061792666839097e-07,200.0,61.3,-184.23959772120577,-1.0714943710697487,-0.887089901723144,-9.892726421740203,0.0,0.0,-27.832104698289324,-7.856826208961305,-3.4395708961892173,-5.766284605572261,-5.449816187011117,-14.864498758424562
272,3500029.21,27,34.999990229813335,35.0,291.9,0,0.0,0.844481963612628,0.15551774551706868,2.9087030334971417e-07,200.0,61.3,-184.23959772120577,-1.0714943710697487,-0.887089901723144,-9.892726421740203,0.0,0.0,-27.832104698289324,-7.856826208961305,-3.4395708961892173,-5.766284605572261,-5.449816187011117,-14.864498758424562
273,3500029.21,28,34.999990229813335,35.0,291.9,0,0.0,0.8444375624398441,0.15556216123336766,2.7632678818222843e-07,200.0,61.3,-184.23959772120577,-1.0714943710697487,-0.887089901723144,-9.892726421740203,0.0,0.0,-27.832104698289324,-7.856826208961305,-3.4395708961892173,-5.766284605572261,-5.449816187011117,-14.864498758424562
274,3500029.21,29,34.999990229813335,35.0,291.9,0,0.0,0.844399233691324,0.1556005037982273,2.6251044877311706e-07,200.0,61.3,-184.23959772120577,-1.0714943710697487,-0.887089901723144,-9.892726421740203,0.0,0.0,-27.832104698289324,-7.856826208961305,-3.4395708961892173,-5.766284605572261,-5.449816187011117,-14.864498758424562
275,3500029.21,30,34.999990229813335,35.0,291.9,0,0.0,0.8443556065646366,0.15564414405043706,2.493849263344612e-07,200.0,61.3,-184.23959772120577,-1.0714943710697487,-0.887089901723144,-9.892726421740203,0.0,0.0,-27.832104698289324,-7.856826208961305,-3.4395708961892173,-5.766284605572261,-5.449816187011117,-14.864498758424562
276,3500029.21,31,34.999990229813335,35.0,291.9,0,0.0,0.8443472392016406,0.1556525238826795,2.3691568001773815e-07,200.0,61.3,-184.23959772120577,-1.0714943710697487,-0.887089901723144,-9.892726421740203,0.0,0.0,-27.832104698289324,-7.856826208961305,-3.4395708961892173,-5.766284605572261,-5.449816187011117,-14.864498758424562
277,3500029.21,32,34.999990229813335,35.0,291.9,0,0.0,0.8443393377221389,0.1556604372079652,2.2506989601685123e-07,200.0,61.3,-184.23959772120577,-1.0714943710697487,-0.887089901723144,-9.892726421740203,0.0,0.0,-27.832104698289324,-7.856826208961305,-3.4395708961892173,-5.766284605572261,-5.449816187011117,-14.864498758424562
278,3500029.21,33,34.999990229813335,35.0,291.9,0,0.0,0.8443354940016826,0.15566429218191624,2.1381640121600866e-07,200.0,61.3,-184.23959772120577,-1.0714943710697487,-0.887089901723144,-9.892726421740203,0.0,0.0,-27.832104698289324,-7.856826208961305,-3.4395708961892173,-5.766284605572261,-5.449816187011117,-14.864498758424562
279,3500029.21,34,34.999990229813335,35.0,291.9,0,0.0,0.8443210612603276,0.15567873561409132,2.0312558115520823e-07,200.0,61.3,-184.23959772120577,-1.0714943710697487,-0.887089901723144,-9.892726421740203,0.0,0.0,-27.832104698289324,-7.856826208961305,-3.4395708961892173,-5.766284605572261,-5.449816187011117,-14.864498758424562
280,3500029.21,35,34.999990229813335,35.0,291.9,0,0.0,0.8442894110608958,0.15571039596980207,1.929693020974478e-07,200.0,61.3,-184.23959772120577,-1.0714943710697487,-0.887089901723144,-9.892726421740203,0.0,0.0,-27.832104698289324,-7.856826208961305,-3.4395708961892173,-5.766284605572261,-5.449816187011117,-14.864498758424562
281,3500029.21,36,34.999990229813335,35.0,291.9,0,0.0,0.8442450769187557,0.15575473976040727,1.833208369925754e-07,200.0,61.3,-184.23959772120577,-1.0714943710697487,-0.887089901723144,-9.892726421740203,0.0,0.0,-27.832104698289324,-7.856826208961305,-3.4395708961892173,-5.766284605572261,-5.449816187011117,-14.864498758424562
282,3500029.21,37,34.999990229813335,35.0,291.9,0,0.0,0.8441887549543499,0.155811070890855,1.7415479514294667e-07,200.0,61.3,-184.23959772120577,-1.0714943710697487,-0.887089901723144,-9.892726421740203,0.0,0.0,-27.832104698289324,-7.856826208961305,-3.4395708961892173,-5.766284605572261,-5.449816187011117,-14.864498758424562
283,3500029.21,38,34.999990229813335,35.0,291.9,0,0.0,0.8441354909763045,0.1558643435766402,1.6544705538579934e-07,200.0,61.3,-184.23959772120577,-1.0714943710697487,-0.887089901723144,-9.892726421740203,0.0,0.0,-27.832104698289324,-7.856826208961305,-3.4395708961892173,-5.766284605572261,-5.449816187011117,-14.864498758424562
284,3500029.21,39,34.999990229813335,35.0,291.9,0,0.0,0.8440922804988298,0.15590756232646755,1.5717470261650936e-07,200.0,61.3,-184.23959772120577,-1.0714943710697487,-0.887089901723144,-9.892726421740203,0.0,0.0,-27.832104698289324,-7.856826208961305,-3.4395708961892173,-5.766284605572261,-5.449816187011117,-14.864498758424562
285,3500029.21,40,34.999990229813335,35.0,291.9,0,0.0,0.8440656596331464,0.1559341910508861,1.4931596748568393e-07,200.0,61.3,-184.23959772120577,-1.0714943710697487,-0.887089901723144,-9.892726421740203,0.0,0.0,-27.832104698289324,-7.856826208961305,-3.4395708961892173,-5.766284605572261,-5.449816187011117,-14.864498758424562
286,3500029.21,41,34.999990229813335,35.0,291.9,0,0.0,0.8440475961464541,0.1559522620033768,1.4185016911139973e-07,200.0,61.3,-184.23959772120577,-1.0714943710697487,-0.887089901723144,-9.892726421740203,0.0,0.0,-27.832104698289324,-7.856826208961305,-3.4395708961892173,-5.766284605572261,-5.449816187011117,-14.864498758424562
287,3500029.21,42,34.999990229813335,35.0,291.9,0,0.0,0.8440340854610346,0.15596577978130466,1.3475766065582974e-07,200.0,61.3,-184.23959772120577,-1.0714943710697487,-0.887089901723144,-9.892726421740203,0.0,0.0,-27.832104698289324,-7.856826208961305,-3.4395708961892173,-5.766284605572261,-5.449816187011117,-14.864498758424562
288,3500029.21,43,34.999990229813335,35.0,291.9,0,0.0,0.8440108487980188,0.15598902318220362,1.2801977762303828e-07,200.0,61.3,-184.23959772120577,-1.0714943710697487,-0.887089901723144,-9.892726421740203,0.0,0.0,-27.832104698289324,-7.856826208961305,-3.4395708961892173,-5.766284605572261,-5.449816187011117,-14.864498758424562
289,3500029.21,44,34.999990229813335,35.0,291.9,0,0.0,0.8439959210849243,0.15600395729628705,1.2161878874188638e-07,200.0,61.3,-184.23959772120577,-1.0714943710697487,-0.887089901723144,-9.892726421740203,0.0,0.0,-27.832104698289324,-7.856826208961305,-3.4395708961892173,-5.766284605572261,-5.449816187011117,-14.864498758424562
290,3500029.21,45,34.999990229813335,35.0,291.9,0,0.0,0.8439749033263934,0.1560249811357574,1.1553784930479207e-07,200.0,61.3,-184.23959772120577,-1.0714943710697487,-0.887089901723144,-9.892726421740203,0.0,0.0,-27.832104698289324,-7.856826208961305,-3.4395708961892173,-5.766284605572261,-5.449816187011117,-14.864498758424562
291,3500029.21,46,34.999990229813335,35.0,291.9,0,0.0,0.8439654987532519,0.15603439148579135,1.0976095683955245e-07,200.0,61.3,-184.23959772120577,-1.0714943710697487,-0.887089901723144,-9.892726421740203,0.0,0.0,-27.832104698289324,-7.856826208961305,-3.4395708961892173,-5.766284605572261,-5.449816187011117,-14.864498758424562
292,3500029.21,47,34.999990229813335,35.0,291.9,0,0.0,0.8439497681595338,0.1560501275675572,1.0427290899757482e-07,200.0,61.3,-184.23959772120577,-1.0714943710697487,-0.887089901723144,-9.892726421740203,0.0,0.0,-27.832104698289324,-7.856826208961305,-3.4395708961892173,-5.766284605572261,-5.449816187011117,-14.864498758424562
293,3500029.21,48,34.999990229813335,35.0,291.9,0,0.0,0.8439280658823359,0.1560718350584005,9.905926354769607e-08,200.0,61.3,-184.23959772120577,-1.0714943710697487,-0.887089901723144,-9.892726421740203,0.0,0.0,-27.832104698289324,-7.856826208961305,-3.4395708961892173,-5.766284605572261,-5.449816187011117,-14.864498758424562
294,3500029.21,49,34.999990229813335,35.0,291.9,0,0.0,0.8439144846264011,0.15608542126729857,9.410630037031126e-08,200.0,61.3,-184.23959772120577,-1.0714943710697487,-0.887089901723144,-9.892726421740203,0.0,0.0,-27.832104698289324,-7.856826208961305,-3.4395708961892173,-5.766284605572261,-5.449816187011117,-14.864498758424562
295,3500029.21,0,34.999990229813335,35.0,291.9,0,0.0,0.8438914423569529,0.1561084682420618,8.940098535179571e-08,200.0,61.3,-184.23959772120577,-1.0714943710697487,-0.887089901723144,-9.892726421740203,0.0,0.0,-27.832104698289324,-7.856826208961305,-3.4395708961892173,-5.766284605572261,-5.449816187011117,-14.864498758424562
296,3500029.21,1,34.999990229813335,35.0,291.9,0,0.0,0.8438765546712182,0.15612336039784572,8.493093608420594e-08,200.0,61.3,-184.23959772120577,-1.0714943710697487,-0.887089901723144,-9.892726421740203,0.0,0.0,-27.832104698289324,-7.856826208961305,-3.4395708961892173,-5.766284605572261,-5.449816187011117,-14.864498758424562
297,3500029.21,2,34.999990229813335,35.0,291.9,0,0.0,0.8438557523791764,0.15614416693643426,8.068438927999564e-08,200.0,61.3,-184.23959772120577,-1.0714943710697487,-0.887089901723144,-9.892726421740203,0.0,0.0,-27.832104698289324,-7.856826208961305,-3.4395708961892173,-5.766284605572261,-5.449816187011117,-14.864498758424562
298,3500029.21,3,34.999990229813335,35.0,291.9,0,0.0,0.843839552721641,0.15616037062818922,7.665016981599587e-08,200.0,61.3,-184.23959772120577,-1.0714943710697487,-0.887089901723144,-9.892726421740203,0.0,0.0,-27.832104698289324,-7.856826208961305,-3.4395708961892173,-5.766284605572261,-5.449816187011117,-14.864498758424562
299,3500029.21,4,34.999990229813335,35.0,291.9,0,0.0,0.8438276985572936,0.1561722286250451,7.281766132519606e-08,200.0,61.3,-184.23959772120577,-1.0714943710697487,-0.887089901723144,-9.892726421740203,0.0,0.0,-27.832104698289324,-7.856826208961305,-3.4395708961892173,-5.766284605572261,-5.449816187011117,-14.864498758424562
300,3500029.21,5,34.999990229813335,35.0,291.9,0,0.0,0.8438199459078858,0.15617998491533594,6.917677825893625e-08,200.0,61.3,-184.23959772120577,-1.0714943710697487,-0.887089901723144,-9.892726421740203,0.0,0.0,-27.832104698289324,-7.856826208961305,-3.4395708961892173,-5.766284605572261,-5.449816187011117,-14.864498758424562
301,3500029.21,6,34.999990229813335,35.0,291.9,0,0.0,0.8438093597768244,0.15619057450523627,6.571793934598944e-08,200.0,61.3,-184.23959772120577,-1.0714943710697487,-0.887089901723144,-9.892726421740203,0.0,0.0,-27.832104698289324,-7.856826208961305,-3.4395708961892173,-5.766284605572261,-5.449816187011117,-14.864498758424562
302,3500029.21,7,34.999990229813335,35.0,291.9,0,0.0,0.8437927554458595,0.15620718212209816,6.243204237868997e-08,200.0,61.3,-184.23959772120577,-1.0714943710697487,-0.887089901723144,-9.892726421740203,0.0,0.0,-27.832104698289324,-7.856826208961305,-3.4395708961892173,-5.766284605572261,-5.449816187011117,-14.864498758424562
303,3500029.21,8,34.999990229813335,35.0,291.9,0,0.0,0.8437738085652711,0.15622613212428874,5.931044025975547e-08,200.0,61.3,-184.23959772120577,-1.0714943710697487,-0.887089901723144,-9.892726421740203,0.0,0.0,-27.832104698289324,-7.856826208961305,-3.4395708961892173,-5.766284605572261,-5.449816187011117,-14.864498758424562
304,3500029.21,9,34.999990229813335,35.0,291.9,0,0.0,0.8437659535424654,0.15623399011261643,5.6344918246767696e-08,200.0,61.3,-184.23959772120577,-1.0714943710697487,-0.887089901723144,-9.892726421740203,0.0,0.0,-27.832104698289324,-7.856826208961305,-3.4395708961892173,-5.766284605572261,-5.449816187011117,-14.864498758424562
305,3500029.21,10,34.999990229813335,35.0,291.9,0,0.0,0.8437553209667509,0.15624462550557688,5.352767233442931e-08,200.0,61.3,-184.23959772120577,-1.0714943710697487,-0.887089901723144,-9.892726421740203,0.0,0.0,-27.832104698289324,-7.856826208961305,-3.4395708961892173,-5.766284605572261,-5.449816187011117,-14.864498758424562
306,3500029.21,11,34.999990229813335,35.0,291.9,0,0.0,0.8437354602754115,0.1562644888732998,5.085128871770784e-08,200.0,61.3,-184.23959772120577,-1.0714943710697487,-0.887089901723144,-9.892726421740203,0.0,0.0,-27.832104698289324,-7.856826208961305,-3.4395708961892173,-5.766284605572261,-5.449816187011117,-14.864498758424562
307,3500029.21,12,34.999990229813335,35.0,291.9,0,0.0,0.8437167747326919,0.15628317695858385,4.830872428182245e-08,200.0,61.3,-184.23959772120577,-1.0714943710697487,-0.887089901723144,-9.892726421740203,0.0,0.0,-27.832104698289324,-7.856826208961305,-3.4395708961892173,-5.766284605572261,-5.449816187011117,-14.864498758424562
308,3500029.21,13,34.999990229813335,35.0,291.9,0,0.0,0.8436926312198806,0.15630732288683136,4.589328806773133e-08,200.0,61.3,-184.23959772120577,-1.0714943710697487,-0.887089901723144,-9.892726421740203,0.0,0.0,-27.832104698289324,-7.856826208961305,-3.4395708961892173,-5.766284605572261,-5.449816187011117,-14.864498758424562
309,3500029.21,14,34.999990229813335,35.0,291.9,0,0.0,0.8436698966032607,0.15633005979811565,4.359862366434476e-08,200.0,61.3,-184.23959772120577,-1.0714943710697487,-0.887089901723144,-9.892726421740203,0.0,0.0,-27.832104698289324,-7.856826208961305,-3.4395708961892173,-5.766284605572261,-5.449816187011117,-14.864498758424562
310,3500029.21,15,34.999990229813335,35.0,291.9,0,0.0,0.8436484990979259,0.15635145948338164,4.141869248112752e-08,200.0,61.3,-184.23959772120577,-1.0714943710697487,-0.887089901723144,-9.892726421740203,0.0,0.0,-27.832104698289324,-7.856826208961305,-3.4395708961892173,-5.766284605572261,-5.449816187011117,-14.864498758424562
311,3500029.21,16,34.999990229813335,35.0,291.9,0,0.0,0.843625113479691,0.15637484717255107,3.934775785707114e-08,200.0,61.3,-184.23959772120577,-1.0714943710697487,-0.887089901723144,-9.892726421740203,0.0,0.0,-27.832104698289324,-7.856826208961305,-3.4395708961892173,-5.766284605572261,-5.449816187011117,-14.864498758424562
312,3500029.21,17,34.999990229813335,35.0,291.9,0,0.0,0.8435966066985645,0.1564033559210655,3.738036996421758e-08,200.0,61.3,-184.23959772120577,-1.0714943710697487,-0.887089901723144,-9.892726421740203,0.0,0.0,-27.832104698289324,-7.856826208961305,-3.4395708961892173,-5.766284605572261,-5.449816187011117,-14.864498758424562
313,3500029.21,18,34.999990229813335,35.0,291.9,0,0.0,0.8435632678164714,0.15643669667217722,3.5511351466006706e-08,200.0,61.3,-184.23959772120577,-1.0714943710697487,-0.887089901723144,-9.892726421740203,0.0,0.0,-27.832104698289324,-7.856826208961305,-3.4395708961892173,-5.766284605572261,-5.449816187011117,-14.864498758424562
314,3500029.21,19,34.999990229813335,35.0,291.9,0,0.0,0.8435318445475056,0.15646812171671057,3.373578389270637e-08,200.0,61.3,-184.23959772120577,-1.0714943710697487,-0.887089901723144,-9.892726421740203,0.0,0.0,-27.832104698289324,-7.856826208961305,-3.4395708961892173,-5.766284605572261,-5.449816187011117,-14.864498758424562
315,3500029.21,20,34.999990229813335,35.0,291.9,0,0.0,0.8435086828851075,0.1564912850658978,3.204899469807105e-08,200.0,61.3,-184.23959772120577,-1.0714943710697487,-0.887089901723144,-9.892726421740203,0.0,0.0,-27.832104698289324,-7.856826208961305,-3.4395708961892173,-5.766284605572261,-5.449816187011117,-14.864498758424562
316,3500029.21,21,34.999990229813335,35.0,291.9,0,0.0,0.8434804813335521,0.1565194882199029,3.044654496316749e-08,200.0,61.3,-184.23959772120577,-1.0714943710697487,-0.887089901723144,-9.892726421740203,0.0,0.0,-27.832104698289324,-7.856826208961305,-3.4395708961892173,-5.766284605572261,-5.449816187011117,-14.864498758424562
317,3500029.21,22,34.999990229813335,35.0,291.9,0,0.0,0.8434443159725505,0.1565556551032318,2.892421771500912e-08,200.0,61.3,-184.23959772120577,-1.0714943710697487,-0.887089901723144,-9.892726421740203,0.0,0.0,-27.832104698289324,-7.856826208961305,-3.4395708961892173,-5.766284605572261,-5.449816187011117,-14.864498758424562
318,3500029.21,23,34.999990229813335,35.0,291.9,0,0.0,0.8434134301119426,0.15658654241005068,2.747800682925866e-08,200.0,61.3,-184.23959772120577,-1.0714943710697487,-0.887089901723144,-9.892726421740203,0.0,0.0,-27.832104698289324,-7.856826208961305,-3.4395708961892173,-5.766284605572261,-5.449816187011117,-14.864498758424562
319,3500029.21,24,34.999990229813335,35.0,291.9,0,0.0,0.8433619960912697,0.15663797780462382,2.6104106487795727e-08,200.0,61.3,-184.23959772120577,-1.0714943710697487,-0.887089901723144,-9.892726421740203,0.0,0.0,-27.832104698289324,-7.856826208961305,-3.4395708961892173,-5.766284605572261,-5.449816187011117,-14.864498758424562
320,3500029.21,25,34.999990229813335,35.0,291.9,0,0.0,0.8433038858696654,0.15669608933143347,2.479890116340594e-08,200.0,61.3,-184.23959772120577,-1.0714943710697487,-0.887089901723144,-9.892726421740203,0.0,0.0,-27.832104698289324,-7.856826208961305,-3.4395708961892173,-5.766284605572261,-5.449816187011117,-14.864498758424562
321,3500029.21,26,34.999990229813335,35.0,291.9,0,0.0,0.8432362811169162,0.1567636953241278,2.3558956105235643e-08,200.0,61.3,-184.23959772120577,-1.0714943710697487,-0.887089901723144,-9.892726421740203,0.0,0.0,-27.832104698289324,-7.856826208961305,-3.4395708961892173,-5.766284605572261,-5.449816187011117,-14.864498758424562
322,3500029.21,27,34.999990229813335,35.0,291.9,0,0.0,0.8431724574597743,0.15682752015921744,2.238100829997386e-08,200.0,61.3,-184.23959772120577,-1.0714943710697487,-0.887089901723144,-9.892726421740203,0.0,0.0,-27.832104698289324,-7.856826208961305,-3.4395708961892173,-5.766284605572261,-5.449816187011117,-14.864498758424562
323,3500029.21,28,34.999990229813335,35.0,291.9,0,0.0,0.8431217355826397,0.1568782431554025,2.1261957884975168e-08,200.0,61.3,-184.23959772120577,-1.0714943710697487,-0.887089901723144,-9.892726421740203,0.0,0.0,-27.832104698289324,-7.856826208961305,-3.4395708961892173,-5.766284605572261,-5.449816187011117,-14.864498758424562
324,3500029.21,29,34.999990229813335,35.0,291.9,0,0.0,0.84307075632403,0.15692922347711002,2.0198859990726408e-08,200.0,61.3,-184.23959772120577,-1.0714943710697487,-0.887089901723144,-9.892726421740203,0.0,0.0,-27.832104698289324,-7.856826208961305,-3.4395708961892173,-5.766284605572261,-5.449816187011117,-14.864498758424562
325,3500029.21,30,34.999990229813335,35.0,291.9,0,0.0,0.843019548532774,0.15698043227830893,1.918891699119009e-08,200.0,61.3,-184.23959772120577,-1.0714943710697487,-0.887089901723144,-9.892726421740203,0.0,0.0,-27.832104698289324,-7.856826208961305,-3.4395708961892173,-5.766284605572261,-5.449816187011117,-14.864498758424562
326,3500029.21,31,34.999990229813335,35.0,291.9,0,0.0,0.8429649952027477,0.15703498656778117,1.8229471141630588e-08,200.0,61.3,-184.23959772120577,-1.0714943710697487,-0.887089901723144,-9.892726421740203,0.0,0.0,-27.832104698289324,-7.856826208961305,-3.4395708961892173,-5.766284605572261,-5.449816187011117,-14.864498758424562
327,3500029.21,32,34.999990229813335,35.0,291.9,0,0.0,0.8429041531456636,0.15709582953633883,1.7317997584549056e-08,200.0,61.3,-184.23959772120577,-1.0714943710697487,-0.887089901723144,-9.892726421740203,0.0,0.0,-27.832104698289324,-7.856826208961305,-3.4395708961892173,-5.766284605572261,-5.449816187011117,-14.864498758424562
328,3500029.21,33,34.999990229813335,35.0,291.9,0,0.0,0.8428686484055019,0.15713133514240035,1.6452097705321604e-08,200.0,61.3,-184.23959772120577,-1.0714943710697487,-0.887089901723144,-9.892726421740203,0.0,0.0,-27.832104698289324,-7.856826208961305,-3.4395708961892173,-5.766284605572261,-5.449816187011117,-14.864498758424562
329,3500029.21,34,34.999990229813335,35.0,291.9,0,0.0,0.8428321642458332,0.15716782012467403,1.5629492820055525e-08,200.0,61.3,-184.23959772120577,-1.0714943710697487,-0.887089901723144,-9.892726421740203,0.0,0.0,-27.832104698289324,-7.856826208961305,-3.4395708961892173,-5.766284605572261,-5.449816187011117,-14.864498758424562
330,3500029.21,35,34.999990229813335,35.0,291.9,0,0.0,0.842794765148356,0.15720522000362572,1.4848018179052749e-08,200.0,61.3,-184.23959772120577,-1.0714943710697487,-0.887089901723144,-9.892726421740203,0.0,0.0,-27.832104698289324,-7.856826208961305,-3.4395708961892173,-5.766284605572261,-5.449816187011117,-14.864498758424562
331,3500029.21,36,34.999990229813335,35.0,291.9,0,0.0,0.8427596047775068,0.15724038111687602,1.4105617270100112e-08,200.0,61.3,-184.23959772120577,-1.0714943710697487,-0.887089901723144,-9.892726421740203,0.0,0.0,-27.832104698289324,-7.856826208961305,-3.4395708961892173,-5.766284605572261,-5.449816187011117,-14.864498758424562
332,3500029.21,37,34.999990229813335,35.0,291.9,0,0.0,0.842732728603569,0.15726725799609467,1.3400336406595105e-08,200.0,61.3,-184.23959772120577,-1.0714943710697487,-0.887089901723144,-9.892726421740203,0.0,0.0,-27.832104698289324,-7.856826208961305,-3.4395708961892173,-5.766284605572261,-5.449816187011117,-14.864498758424562
333,3500029.21,38,34.999990229813335,35.0,291.9,0,0.0,0.8427136736884184,0.157286313581262,1.2730319586265349e-08,200.0,61.3,-184.23959772120577,-1.0714943710697487,-0.887089901723144,-9.892726421740203,0.0,0.0,-27.832104698289324,-7.856826208961305,-3.4395708961892173,-5.766284605572261,-5.449816187011117,-14.864498758424562
334,3500029.21,39,34.999990229813335,35.0,291.9,0,0.0,0.842686722036734,0.15731326586946237,1.2093803606952082e-08,200.0,61.3,-184.23959772120577,-1.0714943710697487,-0.887089901723144,-9.892726421740203,0.0,0.0,-27.832104698289324,-7.856826208961305,-3.4395708961892173,-5.766284605572261,-5.449816187011117,-14.864498758424562
335,3500029.21,40,34.999990229813335,35.0,291.9,0,0.0,0.8426675663110664,0.15733242219982013,1.1489113426604477e-08,200.0,61.3,-184.23959772120577,-1.0714943710697487,-0.887089901723144,-9.892726421740203,0.0,0.0,-27.832104698289324,-7.856826208961305,-3.4395708961892173,-5.766284605572261,-5.449816187011117,-14.864498758424562
336,3500029.21,41,34.999990229813335,35.0,291.9,0,0.0,0.8426466587418446,0.15735333034349758,1.0914657755274252e-08,200.0,61.3,-184.23959772120577,-1.0714943710697487,-0.887089901723144,-9.892726421740203,0.0,0.0,-27.832104698289324,-7.856826208961305,-3.4395708961892173,-5.766284605572261,-5.449816187011117,-14.864498758424562
337,3500029.21,42,34.999990229813335,35.0,291.9,0,0.0,0.8426392386345111,0.15736075099656407,1.036892486751054e-08,200.0,61.3,-184.23959772120577,-1.0714943710697487,-0.887089901723144,-9.892726421740203,0.0,0.0,-27.832104698289324,-7.856826208961305,-3.4395708961892173,-5.766284605572261,-5.449816187011117,-14.864498758424562
338,3500029.21,43,34.999990229813335,35.0,291.9,0,0.0,0.8426445248525436,0.1573554652969778,9.850478624135014e-09,200.0,61.3,-184.23959772120577,-1.0714943710697487,-0.887089901723144,-9.892726421740203,0.0,0.0,-27.832104698289324,-7.856826208961305,-3.4395708961892173,-5.766284605572261,-5.449816187011117,-14.864498758424562
339,3500029.21,44,34.999990229813335,35.0,291.9,0,0.0,0.8426438080513167,0.1573561825907287,9.357954692928265e-09,200.0,61.3,-184.23959772120577,-1.0714943710697487,-0.887089901723144,-9.892726421740203,0.0,0.0,-27.832104698289324,-7.856826208961305,-3.4395708961892173,-5.766284605572261,-5.449816187011117,-14.864498758424562
340,3500029.21,45,34.999990229813335,35.0,291.9,0,0.0,0.8426374161082927,0.15736257500165035,8.890056958281851e-09,200.0,61.3,-184.23959772120577,-1.0714943710697487,-0.887089901723144,-9.892726421740203,0.0,0.0,-27.832104698289324,-7.856826208961305,-3.4395708961892173,-5.766284605572261,-5.449816187011117,-14.864498758424562
341,3500029.21,46,34.999990229813335,35.0,291.9,0,0.0,0.8426286487743377,0.15737134278010823,8.44555411036776e-09,200.0,61.3,-184.23959772120577,-1.0714943710697487,-0.887089901723144,-9.892726421740203,0.0,0.0,-27.832104698289324,-7.856826208961305,-3.4395708961892173,-5.766284605572261,-5.449816187011117,-14.864498758424562
342,3500029.21,47,34.999990229813335,35.0,291.9,0,0.0,0.8426146582350809,0.15738533374164274,8.023276404849372e-09,200.0,61.3,-184.23959772120577,-1.0714943710697487,-0.887089901723144,-9.892726421740203,0.0,0.0,-27.832104698289324,-7.856826208961305,-3.4395708961892173,-5.766284605572261,-5.449816187011117,-14.864498758424562
343,3500029.21,48,34.999990229813335,35.0,291.9,0,0.0,0.8425987085718399,0.1574012838060475,7.622112584606905e-09,200.0,61.3,-184.23959772120577,-1.0714943710697487,-0.887089901723144,-9.892726421740203,0.0,0.0,-27.832104698289324,-7.856826208961305,-3.4395708961892173,-5.766284605572261,-5.449816187011117,-14.864498758424562
344,3500029.21,49,34.999990229813335,35.0,291.9,0,0.0,0.8425809120772276,0.15741908068176544,7.241006955376559e-09,200.0,61.3,-184.23959772120577,-1.0714943710697487,-0.887089901723144,-9.892726421740203,0.0,0.0,-27.832104698289324,-7.856826208961305,-3.4395708961892173,-5.766284605572261,-5.449816187011117,-14.864498758424562
345,3500029.21,0,34.999990229813335,35.0,291.9,0,0.0,0.8425702486063716,0.15742974451467176,6.878956607607731e-09,200.0,61.3,-184.23959772120577,-1.0714943710697487,-0.887089901723144,-9.892726421740203,0.0,0.0,-27.832104698289324,-7.856826208961305,-3.4395708961892173,-5.766284605572261,-5.449816187011117,-14.864498758424562
346,3500029.21,1,34.999990229813335,35.0,291.9,0,0.0,0.8425633732413491,0.15743662022364216,6.535008777227344e-09,200.0,61.3,-184.23959772120577,-1.0714943710697487,-0.887089901723144,-9.892726421740203,0.0,0.0,-27.832104698289324,-7.856826208961305,-3.4395708961892173,-5.766284605572261,-5.449816187011117,-14.864498758424562
347,3500029.21,2,34.999990229813335,35.0,291.9,0,0.0,0.8425512660248723,0.15744872776686936,6.2082583383659765e-09,200.0,61.3,-184.23959772120577,-1.0714943710697487,-0.887089901723144,-9.892726421740203,0.0,0.0,-27.832104698289324,-7.856826208961305,-3.4395708961892173,-5.766284605572261,-5.449816187011117,-14.864498758424562
348,3500029.21,3,34.999990229813335,35.0,291.9,0,0.0,0.8425342148974414,0.1574657792047132,5.897845421447678e-09,200.0,61.3,-184.23959772120577,-1.0714943710697487,-0.887089901723144,-9.892726421740203,0.0,0.0,-27.832104698289324,-7.856826208961305,-3.4395708961892173,-5.766284605572261,-5.449816187011117,-14.864498758424562
349,3500029.21,4,34.999990229813335,35.0,291.9,0,0.0,0.8425124932162086,0.15748750118083832,5.602953150375294e-09,200.0,61.3,-184.23959772120577,-1.0714943710697487,-0.887089901723144,-9.892726421740203,0.0,0.0,-27.832104698289324,-7.856826208961305,-3.4395708961892173,-5.766284605572261,-5.449816187011117,-14.864498758424562
350,3500029.21,5,34.999990229813335,35.0,291.9,0,0.0,0.8424951225687523,0.15750487210844222,5.322805492856529e-09,200.0,61.3,-184.23959772120577,-1.0714943710697487,-0.887089901723144,-9.892726421740203,0.0,0.0,-27.832104698289324,-7.856826208961305,-3.4395708961892173,-5.766284605572261,-5.449816187011117,-14.864498758424562
351,3500029.21,6,34.999990229813335,35.0,291.9,0,0.0,0.8424673042696317,0.15753269067370315,5.056665218213703e-09,200.0,61.3,-184.23959772120577,-1.0714943710697487,-0.887089901723144,-9.892726421740203,0.0,0.0,-27.832104698289324,-7.856826208961305,-3.4395708961892173,-5.766284605572261,-5.449816187011117,-14.864498758424562
352,3500029.21,7,34.999990229813335,35.0,291.9,0,0.0,0.8424383362620973,0.15756165893407081,4.803831957303018e-09,200.0,61.3,-184.23959772120577,-1.0714943710697487,-0.887089901723144,-9.892726421740203,0.0,0.0,-27.832104698289324,-7.856826208961305,-3.4395708961892173,-5.766284605572261,-5.449816187011117,-14.864498758424562
353,3500029.21,8,34.999990229813335,35.0,291.9,0,0.0,0.8424198856647692,0.15758010977159048,4.563640359437868e-09,200.0,61.3,-184.23959772120577,-1.0714943710697487,-0.887089901723144,-9.892726421740203,0.0,0.0,-27.832104698289324,-7.856826208961305,-3.4395708961892173,-5.766284605572261,-5.449816187011117,-14.864498758424562
354,3500029.21,9,34.999990229813335,35.0,291.9,0,0.0,0.8424055903157298,0.15759440534881186,4.3354583414659744e-09,200.0,61.3,-184.23959772120577,-1.0714943710697487,-0.887089901723144,-9.892726421740203,0.0,0.0,-27.832104698289324,-7.856826208961305,-3.4395708961892173,-5.766284605572261,-5.449816187011117,-14.864498758424562
355,3500029.21,10,34.999990229813335,35.0,291.9,0,0.0,0.8423980960332169,0.1576018998480977,4.118685424392676e-09,200.0,61.3,-184.23959772120577,-1.0714943710697487,-0.887089901723144,-9.892726421740203,0.0,0.0,-27.832104698289324,-7.856826208961305,-3.4395708961892173,-5.766284605572261,-5.449816187011117,-14.864498758424562
356,3500029.21,11,34.999990229813335,35.0,291.9,0,0.0,0.8423970203208656,0.15760297576638324,3.912751153173043e-09,200.0,61.3,-184.23959772120577,-1.0714943710697487,-0.887089901723144,-9.892726421740203,0.0,0.0,-27.832104698289324,-7.856826208961305,-3.4395708961892173,-5.766284605572261,-5.449816187011117,-14.864498758424562
357,3500029.21,12,34.999990229813335,35.0,291.9,0,0.0,0.8424020002495539,0.15759799603333247,3.7171135955143903e-09,200.0,61.3,-184.23959772120577,-1.0714943710697487,-0.887089901723144,-9.892726421740203,0.0,0.0,-27.832104698289324,-7.856826208961305,-3.4395708961892173,-5.766284605572261,-5.449816187011117,-14.864498758424562
358,3500029.21,13,34.999990229813335,35.0,291.9,0,0.0,0.8424070115057254,0.15759298496301669,3.5312579157386706e-09,200.0,61.3,-184.23959772120577,-1.0714943710697487,-0.887089901723144,-9.892726421740203,0.0,0.0,-27.832104698289324,-7.856826208961305,-3.4395708961892173,-5.766284605572261,-5.449816187011117,-14.864498758424562
359,3500029.21,14,34.999990229813335,35.0,291.9,0,0.0,0.8424148834974409,0.15758511314786408,3.354695019951737e-09,200.0,61.3,-184.23959772120577,-1.0714943710697487,-0.887089901723144,-9.892726421740203,0.0,0.0,-27.832104698289324,-7.856826208961305,-3.4395708961892173,-5.766284605572261,-5.449816187011117,-14.864498758424562
360,3500029.21,15,34.999990229813335,35.0,291.9,0,0.0,0.8424254535774113,0.15757454323562844,3.1869602689541506e-09,200.0,61.3,-184.23959772120577,-1.0714943710697487,-0.887089901723144,-9.892726421740203,0.0,0.0,-27.832104698289324,-7.856826208961305,-3.4395708961892173,-5.766284605572261,-5.449816187011117,-14.864498758424562
361,3500029.21,16,34.999990229813335,35.0,291.9,0,0.0,0.8424329398005082,0.1575670571718796,3.027612255506443e-09,200.0,61.3,-184.23959772120577,-1.0714943710697487,-0.887089901723144,-9.892726421740203,0.0,0.0,-27.832104698289324,-7.856826208961305,-3.4395708961892173,-5.766284605572261,-5.449816187011117,-14.864498758424562
362,3500029.21,17,34.999990229813335,35.0,291.9,0,0.0,0.8424599293103329,0.15754006781343546,2.8762316427311204e-09,200.0,61.3,-184.23959772120577,-1.0714943710697487,-0.887089901723144,-9.892726421740203,0.0,0.0,-27.832104698289324,-7.856826208961305,-3.4395708961892173,-5.766284605572261,-5.449816187011117,-14.864498758424562
363,3500029.21,18,34.999990229813335,35.0,291.9,0,0.0,0.8424857776618271,0.15751421960575282,2.7324200605945644e-09,200.0,61.3,-184.23959772120577,-1.0714943710697487,-0.887089901723144,-9.892726421740203,0.0,0.0,-27.832104698289324,-7.856826208961305,-3.4395708961892173,-5.766284605572261,-5.449816187011117,-14.864498758424562
364,3500029.21,19,34.999990229813335,35.0,291.9,0,0.0,0.8425105407367679,0.1574894566674331,2.5957990575648365e-09,200.0,61.3,-184.23959772120577,-1.0714943710697487,-0.887089901723144,-9.892726421740203,0.0,0.0,-27.832104698289324,-7.856826208961305,-3.4395708961892173,-5.766284605572261,-5.449816187011117,-14.864498758424562
365,3500029.21,20,34.999990229813335,35.0,291.9,0,0.0,0.8425342716327759,0.15746572590121502,2.4660091046865952e-09,200.0,61.3,-184.23959772120577,-1.0714943710697487,-0.887089901723144,-9.892726421740203,0.0,0.0,-27.832104698289324,-7.856826208961305,-3.4395708961892173,-5.766284605572261,-5.449816187011117,-14.864498758424562
366,3500029.21,21,34.999990229813335,35.0,291.9,0,0.0,0.8425542556394562,0.15744574201783515,2.3427086494522655e-09,200.0,61.3,-184.23959772120577,-1.0714943710697487,-0.887089901723144,-9.892726421740203,0.0,0.0,-27.832104698289324,-7.856826208961305,-3.4395708961892173,-5.766284605572261,-5.449816187011117,-14.864498758424562
367,3500029.21,22,34.999990229813335,35.0,291.9,0,0.0,0.8425651703868182,0.15743482738760856,2.2255732169796522e-09,200.0,61.3,-184.23959772120577,-1.0714943710697487,-0.887089901723144,-9.892726421740203,0.0,0.0,-27.832104698289324,-7.856826208961305,-3.4395708961892173,-5.766284605572261,-5.449816187011117,-14.864498758424562
368,3500029.21,23,34.999990229813335,35.0,291.9,0,0.0,0.8425702596996429,0.15742973818606246,2.1142945561306693e-09,200.0,61.3,-184.23959772120577,-1.0714943710697487,-0.887089901723144,-9.892726421740203,0.0,0.0,-27.832104698289324,-7.856826208961305,-3.4395708961892173,-5.766284605572261,-5.449816187011117,-14.864498758424562
369,3500029.21,24,34.999990229813335,35.0,291.9,0,0.0,0.8425725911187021,0.1574274068727181,2.008579828324136e-09,200.0,61.3,-184.23959772120577,-1.0714943710697487,-0.887089901723144,-9.892726421740203,0.0,0.0,-27.832104698289324,-7.856826208961305,-3.4395708961892173,-5.766284605572261,-5.449816187011117,-14.864498758424562
370,3500029.21,25,34.999990229813335,35.0,291.9,0,0.0,0.842580545622812,0.1574194524690371,1.9081508369079293e-09,200.0,61.3,-184.23959772120577,-1.0714943710697487,-0.887089901723144,-9.892726421740203,0.0,0.0,-27.832104698289324,-7.856826208961305,-3.4395708961892173,-5.766284605572261,-5.449816187011117,-14.864498758424562
371,3500029.21,26,34.999990229813335,35.0,291.9,0,0.0,0.8425801322686813,0.15741986591857543,1.812743295062533e-09,200.0,61.3,-184.23959772120577,-1.0714943710697487,-0.887089901723144,-9.892726421740203,0.0,0.0,-27.832104698289324,-7.856826208961305,-3.4395708961892173,-5.766284605572261,-5.449816187011117,-14.864498758424562
372,3500029.21,27,34.999990229813335,35.0,291.9,0,0.0,0.842579998580763,0.15741999969713083,1.7221061303094062e-09,200.0,61.3,-184.23959772120577,-1.0714943710697487,-0.887089901723144,-9.892726421740203,0.0,0.0,-27.832104698289324,-7.856826208961305,-3.4395708961892173,-5.766284605572261,-5.449816187011117,-14.864498758424562
373,3500029.21,28,34.999990229813335,35.0,291.9,0,0.0,0.8425828512906166,0.15741714707338256,1.6360008237939357e-09,200.0,61.3,-184.23959772120577,-1.0714943710697487,-0.887089901723144,-9.892726421740203,0.0,0.0,-27.832104698289324,-7.856826208961305,-3.4395708961892173,-5.766284605572261,-5.449816187011117,-14.864498758424562
374,3500029.21,29,34.999990229813335,35.0,291.9,0,0.0,0.8425803792664693,0.15741961917932992,1.5542007826042388e-09,200.0,61.3,-184.23959772120577,-1.0714943710697487,-0.887089901723144,-9.892726421740203,0.0,0.0,-27.832104698289324,-7.856826208961305,-3.4395708961892173,-5.766284605572261,-5.449816187011117,-14.864498758424562
375,3500029.21,30,34.999990229813335,35.0,291.9,0,0.0,0.8425755830213821,0.1574244155021271,1.4764907434740268e-09,200.0,61.3,-184.23959772120577,-1.0714943710697487,-0.887089901723144,-9.892726421740203,0.0,0.0,-27.832104698289324,-7.856826208961305,-3.4395708961892173,-5.766284605572261,-5.449816187011117,-14.864498758424562
376,3500029.21,31,34.999990229813335,35.0,291.9,0,0.0,0.8425766986146233,0.15742329998271049,1.4026662063003253e-09,200.0,61.3,-184.23959772120577,-1.0714943710697487,-0.887089901723144,-9.892726421740203,0.0,0.0,-27.832104698289324,-7.856826208961305,-3.4395708961892173,-5.766284605572261,-5.449816187011117,-14.864498758424562
377,3500029.21,32,34.999990229813335,35.0,291.9,0,0.0,0.8425699249471948,0.15743007372027223,1.332532895985309e-09,200.0,61.3,-184.23959772120577,-1.0714943710697487,-0.887089901723144,-9.892726421740203,0.0,0.0,-27.832104698289324,-7.856826208961305,-3.4395708961892173,-5.766284605572261,-5.449816187011117,-14.864498758424562
378,3500029.21,33,34.999990229813335,35.0,291.9,0,0.0,0.8425475960250369,0.15745240270905678,1.2659062511860435e-09,200.0,61.3,-184.23959772120577,-1.0714943710697487,-0.887089901723144,-9.892726421740203,0.0,0.0,-27.832104698289324,-7.856826208961305,-3.4395708961892173,-5.766284605572261,-5.449816187011117,-14.864498758424562
379,3500029.21,34,34.999990229813335,35.0,291.9,0,0.0,0.8425240070695051,0.15747599172788398,1.2026109386267415e-09,200.0,61.3,-184.23959772120577,-1.0714943710697487,-0.887089901723144,-9.892726421740203,0.0,0.0,-27.832104698289324,-7.856826208961305,-3.4395708961892173,-5.766284605572261,-5.449816187011117,-14.864498758424562
380,3500029.21,35,34.999990229813335,35.0,291.9,0,0.0,0.8424911646737491,0.1575088341837706,1.1424803916954043e-09,200.0,61.3,-184.23959772120577,-1.0714943710697487,-0.887089901723144,-9.892726421740203,0.0,0.0,-27.832104698289324,-7.856826208961305,-3.4395708961892173,-5.766284605572261,-5.449816187011117,-14.864498758424562
381,3500029.21,36,34.999990229813335,35.0,291.9,0,0.0,0.8424656790140324,0.15753431990061117,1.0853563721106339e-09,200.0,61.3,-184.23959772120577,-1.0714943710697487,-0.887089901723144,-9.892726421740203,0.0,0.0,-27.832104698289324,-7.856826208961305,-3.4395708961892173,-5.766284605572261,-5.449816187011117,-14.864498758424562
382,3500029.21,37,34.999990229813335,35.0,291.9,0,0.0,0.8424444734374381,0.15755552553147328,1.0310885535051021e-09,200.0,61.3,-184.23959772120577,-1.0714943710697487,-0.887089901723144,-9.892726421740203,0.0,0.0,-27.832104698289324,-7.856826208961305,-3.4395708961892173,-5.766284605572261,-5.449816187011117,-14.864498758424562
383,3500029.21,38,34.999990229813335,35.0,291.9,0,0.0,0.8424219858580386,0.1575780131624272,9.79534125829847e-10,200.0,61.3,-184.23959772120577,-1.0714943710697487,-0.887089901723144,-9.892726421740203,0.0,0.0,-27.832104698289324,-7.856826208961305,-3.4395708961892173,-5.766284605572261,-5.449816187011117,-14.864498758424562
384,3500029.21,39,34.999990229813335,35.0,291.9,0,0.0,0.8424062674969166,0.157593731572526,9.305574195383547e-10,200.0,61.3,-184.23959772120577,-1.0714943710697487,-0.887089901723144,-9.892726421740203,0.0,0.0,-27.832104698289324,-7.856826208961305,-3.4395708961892173,-5.766284605572261,-5.449816187011117,-14.864498758424562
385,3500029.21,40,34.999990229813335,35.0,291.9,0,0.0,0.8423889980144431,0.1576110011015273,8.840295485614369e-10,200.0,61.3,-184.23959772120577,-1.0714943710697487,-0.887089901723144,-9.892726421740203,0.0,0.0,-27.832104698289324,-7.856826208961305,-3.4395708961892173,-5.766284605572261,-5.449816187011117,-14.864498758424562
386,3500029.21,41,34.999990229813335,35.0,291.9,0,0.0,0.8423729104061751,0.15762708875399678,8.39828071133365e-10,200.0,61.3,-184.23959772120577,-1.0714943710697487,-0.887089901723144,-9.892726421740203,0.0,0.0,-27.832104698289324,-7.856826208961305,-3.4395708961892173,-5.766284605572261,-5.449816187011117,-14.864498758424562
387,3500029.21,42,34.999990229813335,35.0,291.9,0,0.0,0.8423526682745923,0.15764733092757097,7.978366675766967e-10,200.0,61.3,-184.23959772120577,-1.0714943710697487,-0.887089901723144,-9.892726421740203,0.0,0.0,-27.832104698289324,-7.856826208961305,-3.4395708961892173,-5.766284605572261,-5.449816187011117,-14.864498758424562
388,3500029.21,43,34.999990229813335,35.0,291.9,0,0.0,0.8423258646584767,0.15767413458357848,7.57944834197862e-10,200.0,61.3,-184.23959772120577,-1.0714943710697487,-0.887089901723144,-9.892726421740203,0.0,0.0,-27.832104698289324,-7.856826208961305,-3.4395708961892173,-5.766284605572261,-5.449816187011117,-14.864498758424562
389,3500029.21,44,34.999990229813335,35.0,291.9,0,0.0,0.8422928555714624,0.15770714370848998,7.200475924879689e-10,200.0,61.3,-184.23959772120577,-1.0714943710697487,-0.887089901723144,-9.892726421740203,0.0,0.0,-27.832104698289324,-7.856826208961305,-3.4395708961892173,-5.766284605572261,-5.449816187011117,-14.864498758424562
390,3500029.21,45,34.999990229813335,35.0,291.9,0,0.0,0.8422566091332154,0.1577433901827394,6.840452128635704e-10,200.0,61.3,-184.23959772120577,-1.0714943710697487,-0.887089901723144,-9.892726421740203,0.0,0.0,-27.832104698289324,-7.856826208961305,-3.4395708961892173,-5.766284605572261,-5.449816187011117,-14.864498758424562
391,3500029.21,46,34.999990229813335,35.0,291.9,0,0.0,0.8422408767763206,0.15775912257383648,6.49842952220392e-10,200.0,61.3,-184.23959772120577,-1.0714943710697487,-0.887089901723144,-9.892726421740203,0.0,0.0,-27.832104698289324,-7.856826208961305,-3.4395708961892173,-5.766284605572261,-5.449816187011117,-14.864498758424562
392,3500029.21,47,34.999990229813335,35.0,291.9,0,0.0,0.8422262603128816,0.15777373906976758,6.173508046093724e-10,200.0,61.3,-184.23959772120577,-1.0714943710697487,-0.887089901723144,-9.892726421740203,0.0,0.0,-27.832104698289324,-7.856826208961305,-3.4395708961892173,-5.766284605572261,-5.449816187011117,-14.864498758424562
393,3500029.21,48,34.999990229813335,35.0,291.9,0,0.0,0.8422075023356805,0.15779249707783619,5.864832643789038e-10,200.0,61.3,-184.23959772120577,-1.0714943710697487,-0.887089901723144,-9.892726421740203,0.0,0.0,-27.832104698289324,-7.856826208961305,-3.4395708961892173,-5.766284605572261,-5.449816187011117,-14.864498758424562
394,3500029.21,49,34.999990229813335,35.0,291.9,0,0.0,0.8422029767470979,0.157797022695743,5.571591011599586e-10,200.0,61.3,-184.23959772120577,-1.0714943710697487,-0.887089901723144,-9.892726421740203,0.0,0.0,-27.832104698289324,-7.856826208961305,-3.4395708961892173,-5.766284605572261,-5.449816187011117,-14.864498758424562
395,3500029.21,0,34.999990229813335,35.0,291.9,0,0.0,0.8422144405360008,0.15778555893469812,5.293011461019608e-10,200.0,61.3,-184.23959772120577,-1.0714943710697487,-0.887089901723144,-9.892726421740203,0.0,0.0,-27.832104698289324,-7.856826208961305,-3.4395708961892173,-5.766284605572261,-5.449816187011117,-14.864498758424562
396,3500029.21,1,34.999990229813335,35.0,291.9,0,0.0,0.8422255925169176,0.15777440698024625,5.028360887968627e-10,200.0,61.3,-184.23959772120577,-1.0714943710697487,-0.887089901723144,-9.892726421740203,0.0,0.0,-27.832104698289324,-7.856826208961305,-3.4395708961892173,-5.766284605572261,-5.449816187011117,-14.864498758424562
397,3500029.21,2,34.999990229813335,35.0,291.9,0,0.0,0.8422185006906381,0.1577814988316676,4.776942843570196e-10,200.0,61.3,-184.23959772120577,-1.0714943710697487,-0.887089901723144,-9.892726421740203,0.0,0.0,-27.832104698289324,-7.856826208961305,-3.4395708961892173,-5.766284605572261,-5.449816187011117,-14.864498758424562
398,3500029.21,3,34.999990229813335,35.0,291.9,0,0.0,0.8422069428570619,0.15779305668912855,4.5380957013916865e-10,200.0,61.3,-184.23959772120577,-1.0714943710697487,-0.887089901723144,-9.892726421740203,0.0,0.0,-27.832104698289324,-7.856826208961305,-3.4395708961892173,-5.766284605572261,-5.449816187011117,-14.864498758424562
399,3500029.21,4,34.999990229813335,35.0,291.9,0,0.0,0.8421988374547869,0.157801162114094,4.311190916322102e-10,200.0,61.3,-184.23959772120577,-1.0714943710697487,-0.887089901723144,-9.892726421740203,0.0,0.0,-27.832104698289324,-7.856826208961305,-3.4395708961892173,-5.766284605572261,-5.449816187011117,-14.864498758424562
400,3500029.21,5,34.999990229813335,35.0,291.9,0,0.0,0.8421863443083203,0.15781365528211655,4.095631370505997e-10,200.0,61.3,-184.23959772120577,-1.0714943710697487,-0.887089901723144,-9.892726421740203,0.0,0.0,-27.832104698289324,-7.856826208961305,-3.4395708961892173,-5.766284605572261,-5.449816187011117,-14.864498758424562
401,3500029.21,6,34.999990229813335,35.0,291.9,0,0.0,0.8421875088813854,0.15781249072952971,3.8908498019806976e-10,200.0,61.3,-184.23959772120577,-1.0714943710697487,-0.887089901723144,-9.892726421740203,0.0,0.0,-27.832104698289324,-7.856826208961305,-3.4395708961892173,-5.766284605572261,-5.449816187011117,-14.864498758424562
402,3500029.21,7,34.999990229813335,35.0,291.9,0,0.0,0.8422040729397527,0.15779592669061657,3.6963073118816625e-10,200.0,61.3,-184.23959772120577,-1.0714943710697487,-0.887089901723144,-9.892726421740203,0.0,0.0,-27.832104698289324,-7.856826208961305,-3.4395708961892173,-5.766284605572261,-5.449816187011117,-14.864498758424562
403,3500029.21,8,34.999990229813335,35.0,291.9,0,0.0,0.8422074473907151,0.15779255225813574,3.5114919462875793e-10,200.0,61.3,-184.23959772120577,-1.0714943710697487,-0.887089901723144,-9.892726421740203,0.0,0.0,-27.832104698289324,-7.856826208961305,-3.4395708961892173,-5.766284605572261,-5.449816187011117,-14.864498758424562
404,3500029.21,9,34.999990229813335,35.0,291.9,0,0.0,0.8422134474393314,0.15778655222707688,3.3359173489732e-10,200.0,61.3,-184.23959772120577,-1.0714943710697487,-0.887089901723144,-9.892726421740203,0.0,0.0,-27.832104698289324,-7.856826208961305,-3.4395708961892173,-5.766284605572261,-5.449816187011117,-14.864498758424562
405,3500029.21,10,34.999990229813335,35.0,291.9,0,0.0,0.8422194164065384,0.1577805832765495,3.1691214815245406e-10,200.0,61.3,-184.23959772120577,-1.0714943710697487,-0.887089901723144,-9.892726421740203,0.0,0.0,-27.832104698289324,-7.856826208961305,-3.4395708961892173,-5.766284605572261,-5.449816187011117,-14.864498758424562
406,3500029.21,11,34.999990229813335,35.0,291.9,0,0.0,0.8422228498597076,0.15777714983922578,3.0106654074483134e-10,200.0,61.3,-184.23959772120577,-1.0714943710697487,-0.887089901723144,-9.892726421740203,0.0,0.0,-27.832104698289324,-7.856826208961305,-3.4395708961892173,-5.766284605572261,-5.449816187011117,-14.864498758424562
407,3500029.21,12,34.999990229813335,35.0,291.9,0,0.0,0.8422263842468669,0.1577736154671199,2.8601321370758983e-10,200.0,61.3,-184.23959772120577,-1.0714943710697487,-0.887089901723144,-9.892726421740203,0.0,0.0,-27.832104698289324,-7.856826208961305,-3.4395708961892173,-5.766284605572261,-5.449816187011117,-14.864498758424562
408,3500029.21,13,34.999990229813335,35.0,291.9,0,0.0,0.8422275200118896,0.15777247971639785,2.717125530222103e-10,200.0,61.3,-184.23959772120577,-1.0714943710697487,-0.887089901723144,-9.892726421740203,0.0,0.0,-27.832104698289324,-7.856826208961305,-3.4395708961892173,-5.766284605572261,-5.449816187011117,-14.864498758424562
409,3500029.21,14,34.999990229813335,35.0,291.9,0,0.0,0.8422313619899957,0.15776863775187733,2.581269253710998e-10,200.0,61.3,-184.23959772120577,-1.0714943710697487,-0.887089901723144,-9.892726421740203,0.0,0.0,-27.832104698289324,-7.856826208961305,-3.4395708961892173,-5.766284605572261,-5.449816187011117,-14.864498758424562
410,3500029.21,15,34.999990229813335,35.0,291.9,0,0.0,0.8422402375422627,0.15775976221251667,2.452205791025448e-10,200.0,61.3,-184.23959772120577,-1.0714943710697487,-0.887089901723144,-9.892726421740203,0.0,0.0,-27.832104698289324,-7.856826208961305,-3.4395708961892173,-5.766284605572261,-5.449816187011117,-14.864498758424562
411,3500029.21,16,34.999990229813335,35.0,291.9,0,0.0,0.8422439793247489,0.15775602044229153,2.329595501474176e-10,200.0,61.3,-184.23959772120577,-1.0714943710697487,-0.887089901723144,-9.892726421740203,0.0,0.0,-27.832104698289324,-7.856826208961305,-3.4395708961892173,-5.766284605572261,-5.449816187011117,-14.864498758424562
412,3500029.21,17,34.999990229813335,35.0,291.9,0,0.0,0.8422551961939201,0.1577448035847684,2.2131157264004673e-10,200.0,61.3,-184.23959772120577,-1.0714943710697487,-0.887089901723144,-9.892726421740203,0.0,0.0,-27.832104698289324,-7.856826208961305,-3.4395708961892173,-5.766284605572261,-5.449816187011117,-14.864498758424562
413,3500029.21,18,34.999990229813335,35.0,291.9,0,0.0,0.8422710103792215,0.15772898941053254,2.1024599400804438e-10,200.0,61.3,-184.23959772120577,-1.0714943710697487,-0.887089901723144,-9.892726421740203,0.0,0.0,-27.832104698289324,-7.856826208961305,-3.4395708961892173,-5.766284605572261,-5.449816187011117,-14.864498758424562
414,3500029.21,19,34.999990229813335,35.0,291.9,0,0.0,0.8422838168698296,0.15771618293043677,1.997336943076422e-10,200.0,61.3,-184.23959772120577,-1.0714943710697487,-0.887089901723144,-9.892726421740203,0.0,0.0,-27.832104698289324,-7.856826208961305,-3.4395708961892173,-5.766284605572261,-5.449816187011117,-14.864498758424562
415,3500029.21,20,34.999990229813335,35.0,291.9,0,0.0,0.8423059859153155,0.15769401389493748,1.8974700959226007e-10,200.0,61.3,-184.23959772120577,-1.0714943710697487,-0.887089901723144,-9.892726421740203,0.0,0.0,-27.832104698289324,-7.856826208961305,-3.4395708961892173,-5.766284605572261,-5.449816187011117,-14.864498758424562
416,3500029.21,21,34.999990229813335,35.0,291.9,0,0.0,0.8423345514107513,0.15766544840898905,1.8025965911264708e-10,200.0,61.3,-184.23959772120577,-1.0714943710697487,-0.887089901723144,-9.892726421740203,0.0,0.0,-27.832104698289324,-7.856826208961305,-3.4395708961892173,-5.766284605572261,-5.449816187011117,-14.864498758424562
417,3500029.21,22,34.999990229813335,35.0,291.9,0,0.0,0.8423643038933931,0.15763569593536025,1.7124667615701475e-10,200.0,61.3,-184.23959772120577,-1.0714943710697487,-0.887089901723144,-9.892726421740203,0.0,0.0,-27.832104698289324,-7.856826208961305,-3.4395708961892173,-5.766284605572261,-5.449816187011117,-14.864498758424562
418,3500029.21,23,34.999990229813335,35.0,291.9,0,0.0,0.8424024087437337,0.15759759109358196,1.6268434234916404e-10,200.0,61.3,-184.23959772120577,-1.0714943710697487,-0.887089901723144,-9.892726421740203,0.0,0.0,-27.832104698289324,-7.856826208961305,-3.4395708961892173,-5.766284605572261,-5.449816187011117,-14.864498758424562
419,3500029.21,24,34.999990229813335,35.0,291.9,0,0.0,0.8424363636147474,0.15756363623070244,1.5455012523170584e-10,200.0,61.3,-184.23959772120577,-1.0714943710697487,-0.887089901723144,-9.892726421740203,0.0,0.0,-27.832104698289324,-7.856826208961305,-3.4395708961892173,-5.766284605572261,-5.449816187011117,-14.864498758424562
420,3500029.21,25,34.999990229813335,35.0,291.9,0,0.0,0.8424591753826084,0.15754082447056902,1.4682261897012057e-10,200.0,61.3,-184.23959772120577,-1.0714943710697487,-0.887089901723144,-9.892726421740203,0.0,0.0,-27.832104698289324,-7.856826208961305,-3.4395708961892173,-5.766284605572261,-5.449816187011117,-14.864498758424562
421,3500029.21,26,34.999990229813335,35.0,291.9,0,0.0,0.8424834343019637,0.15751656555855487,1.3948148802161454e-10,200.0,61.3,-184.23959772120577,-1.0714943710697487,-0.887089901723144,-9.892726421740203,0.0,0.0,-27.832104698289324,-7.856826208961305,-3.4395708961892173,-5.766284605572261,-5.449816187011117,-14.864498758424562
422,3500029.21,27,34.999990229813335,35.0,291.9,0,0.0,0.8425090541682837,0.157490945699209,1.325074136205338e-10,200.0,61.3,-184.23959772120577,-1.0714943710697487,-0.887089901723144,-9.892726421740203,0.0,0.0,-27.832104698289324,-7.856826208961305,-3.4395708961892173,-5.766284605572261,-5.449816187011117,-14.864498758424562
423,3500029.21,28,34.999990229813335,35.0,291.9,0,0.0,0.8425359531981108,0.15746404667600722,1.258820429395071e-10,200.0,61.3,-184.23959772120577,-1.0714943710697487,-0.887089901723144,-9.892726421740203,0.0,0.0,-27.832104698289324,-7.856826208961305,-3.4395708961892173,-5.766284605572261,-5.449816187011117,-14.864498758424562
424,3500029.21,29,34.999990229813335,35.0,291.9,0,0.0,0.8425616760729129,0.15743832380749917,1.1958794079253175e-10,200.0,61.3,-184.23959772120577,-1.0714943710697487,-0.887089901723144,-9.892726421740203,0.0,0.0,-27.832104698289324,-7.856826208961305,-3.4395708961892173,-5.766284605572261,-5.449816187011117,-14.864498758424562
425,3500029.21,30,34.999990229813335,35.0,291.9,0,0.0,0.8425886527505294,0.15741134713586202,1.1360854375290516e-10,200.0,61.3,-184.23959772120577,-1.0714943710697487,-0.887089901723144,-9.892726421740203,0.0,0.0,-27.832104698289324,-7.856826208961305,-3.4395708961892173,-5.766284605572261,-5.449816187011117,-14.864498758424562
426,3500029.21,31,34.999990229813335,35.0,291.9,0,0.0,0.8426073398845781,0.15739266000749375,1.0792811656525991e-10,200.0,61.3,-184.23959772120577,-1.0714943710697487,-0.887089901723144,-9.892726421740203,0.0,0.0,-27.832104698289324,-7.856826208961305,-3.4395708961892173,-5.766284605572261,-5.449816187011117,-14.864498758424562
427,3500029.21,32,34.999990229813335,35.0,291.9,0,0.0,0.8426347148172406,0.15736528508022762,1.0253171073699691e-10,200.0,61.3,-184.23959772120577,-1.0714943710697487,-0.887089901723144,-9.892726421740203,0.0,0.0,-27.832104698289324,-7.856826208961305,-3.4395708961892173,-5.766284605572261,-5.449816187011117,-14.864498758424562
428,3500029.21,33,34.999990229813335,35.0,291.9,0,0.0,0.8426585215391343,0.1573414783634606,9.740512520014708e-11,200.0,61.3,-184.23959772120577,-1.0714943710697487,-0.887089901723144,-9.892726421740203,0.0,0.0,-27.832104698289324,-7.856826208961305,-3.4395708961892173,-5.766284605572261,-5.449816187011117,-14.864498758424562
429,3500029.21,34,34.999990229813335,35.0,291.9,0,0.0,0.8426836450702789,0.15731635483718626,9.253486894013972e-11,200.0,61.3,-184.23959772120577,-1.0714943710697487,-0.887089901723144,-9.892726421740203,0.0,0.0,-27.832104698289324,-7.856826208961305,-3.4395708961892173,-5.766284605572261,-5.449816187011117,-14.864498758424562
430,3500029.21,35,34.999990229813335,35.0,291.9,0,0.0,0.8427100064229149,0.157289993489177,8.790812549313272e-11,200.0,61.3,-184.23959772120577,-1.0714943710697487,-0.887089901723144,-9.892726421740203,0.0,0.0,-27.832104698289324,-7.856826208961305,-3.4395708961892173,-5.766284605572261,-5.449816187011117,-14.864498758424562
431,3500029.21,36,34.999990229813335,35.0,291.9,0,0.0,0.8427305236774975,0.1572694762389899,8.351271921847608e-11,200.0,61.3,-184.23959772120577,-1.0714943710697487,-0.887089901723144,-9.892726421740203,0.0,0.0,-27.832104698289324,-7.856826208961305,-3.4395708961892173,-5.766284605572261,-5.449816187011117,-14.864498758424562
432,3500029.21,37,34.999990229813335,35.0,291.9,0,0.0,0.8427408358054563,0.15725916411520666,7.933708325755227e-11,200.0,61.3,-184.23959772120577,-1.0714943710697487,-0.887089901723144,-9.892726421740203,0.0,0.0,-27.832104698289324,-7.856826208961305,-3.4395708961892173,-5.766284605572261,-5.449816187011117,-14.864498758424562
433,3500029.21,38,34.999990229813335,35.0,291.9,0,0.0,0.8427601245892098,0.15723987533542,7.537022909467465e-11,200.0,61.3,-184.23959772120577,-1.0714943710697487,-0.887089901723144,-9.892726421740203,0.0,0.0,-27.832104698289324,-7.856826208961305,-3.4395708961892173,-5.766284605572261,-5.449816187011117,-14.864498758424562
434,3500029.21,39,34.999990229813335,35.0,291.9,0,0.0,0.8427878782452637,0.15721212168313467,7.160171763994093e-11,200.0,61.3,-184.23959772120577,-1.0714943710697487,-0.887089901723144,-9.892726421740203,0.0,0.0,-27.832104698289324,-7.856826208961305,-3.4395708961892173,-5.766284605572261,-5.449816187011117,-14.864498758424562
435,3500029.21,40,34.999990229813335,35.0,291.9,0,0.0,0.8428143769328637,0.1571856229991146,6.802163175794387e-11,200.0,61.3,-184.23959772120577,-1.0714943710697487,-0.887089901723144,-9.892726421740203,0.0,0.0,-27.832104698289324,-7.856826208961305,-3.4395708961892173,-5.766284605572261,-5.449816187011117,-14.864498758424562
436,3500029.21,41,34.999990229813335,35.0,291.9,0,0.0,0.8428396827780075,0.15716031715737197,6.462055017004668e-11,200.0,61.3,-184.23959772120577,-1.0714943710697487,-0.887089901723144,-9.892726421740203,0.0,0.0,-27.832104698289324,-7.856826208961305,-3.4395708961892173,-5.766284605572261,-5.449816187011117,-14.864498758424562
437,3500029.21,42,34.999990229813335,35.0,291.9,0,0.0,0.8428592528047444,0.15714074713386614,6.138952266154435e-11,200.0,61.3,-184.23959772120577,-1.0714943710697487,-0.887089901723144,-9.892726421740203,0.0,0.0,-27.832104698289324,-7.856826208961305,-3.4395708961892173,-5.766284605572261,-5.449816187011117,-14.864498758424562
438,3500029.21,43,34.999990229813335,35.0,291.9,0,0.0,0.8428733904375031,0.1571266095041769,5.832004652846713e-11,200.0,61.3,-184.23959772120577,-1.0714943710697487,-0.887089901723144,-9.892726421740203,0.0,0.0,-27.832104698289324,-7.856826208961305,-3.4395708961892173,-5.766284605572261,-5.449816187011117,-14.864498758424562
439,3500029.21,44,34.999990229813335,35.0,291.9,0,0.0,0.8428892659111832,0.1571107340334128,5.5404044202043775e-11,200.0,61.3,-184.23959772120577,-1.0714943710697487,-0.887089901723144,-9.892726421740203,0.0,0.0,-27.832104698289324,-7.856826208961305,-3.4395708961892173,-5.766284605572261,-5.449816187011117,-14.864498758424562
440,3500029.21,45,34.999990229813335,35.0,291.9,0,0.0,0.8428999171036583,0.15710008284370786,5.2633841991941585e-11,200.0,61.3,-184.23959772120577,-1.0714943710697487,-0.887089901723144,-9.892726421740203,0.0,0.0,-27.832104698289324,-7.856826208961305,-3.4395708961892173,-5.766284605572261,-5.449816187011117,-14.864498758424562
441,3500029.21,46,34.999990229813335,35.0,291.9,0,0.0,0.8429101914629968,0.157089808487001,5.00021498923445e-11,200.0,61.3,-184.23959772120577,-1.0714943710697487,-0.887089901723144,-9.892726421740203,0.0,0.0,-27.832104698289324,-7.856826208961305,-3.4395708961892173,-5.766284605572261,-5.449816187011117,-14.864498758424562
442,3500029.21,47,34.999990229813335,35.0,291.9,0,0.0,0.8429064166073822,0.15709358334511572,4.7502042397727276e-11,200.0,61.3,-184.23959772120577,-1.0714943710697487,-0.887089901723144,-9.892726421740203,0.0,0.0,-27.832104698289324,-7.856826208961305,-3.4395708961892173,-5.766284605572261,-5.449816187011117,-14.864498758424562
443,3500029.21,48,34.999990229813335,35.0,291.9,0,0.0,0.8428984552120103,0.15710154474286267,4.512694027784091e-11,200.0,61.3,-184.23959772120577,-1.0714943710697487,-0.887089901723144,-9.892726421740203,0.0,0.0,-27.832104698289324,-7.856826208961305,-3.4395708961892173,-5.766284605572261,-5.449816187011117,-14.864498758424562
444,3500029.21,49,34.999990229813335,35.0,291.9,0,0.0,0.8428888107958411,0.15711118916128836,4.287059326394887e-11,200.0,61.3,-184.23959772120577,-1.0714943710697487,-0.887089901723144,-9.892726421740203,0.0,0.0,-27.832104698289324,-7.856826208961305,-3.4395708961892173,-5.766284605572261,-5.449816187011117,-14.864498758424562
445,3500029.21,0,34.999990229813335,35.0,291.9,0,0.0,0.8428775761250966,0.1571224238341764,4.0727063600751425e-11,200.0,61.3,-184.23959772120577,-1.0714943710697487,-0.887089901723144,-9.892726421740203,0.0,0.0,-27.832104698289324,-7.856826208961305,-3.4395708961892173,-5.766284605572261,-5.449816187011117,-14.864498758424562
446,3500029.21,1,34.999990229813335,35.0,291.9,0,0.0,0.8428693753899246,0.1571306245713847,3.869071042071385e-11,200.0,61.3,-184.23959772120577,-1.0714943710697487,-0.887089901723144,-9.892726421740203,0.0,0.0,-27.832104698289324,-7.856826208961305,-3.4395708961892173,-5.766284605572261,-5.449816187011117,-14.864498758424562
447,3500029.21,2,34.999990229813335,35.0,291.9,0,0.0,0.8428527277181672,0.15714727224507669,3.6756174899678165e-11,200.0,61.3,-184.23959772120577,-1.0714943710697487,-0.887089901723144,-9.892726421740203,0.0,0.0,-27.832104698289324,-7.856826208961305,-3.4395708961892173,-5.766284605572261,-5.449816187011117,-14.864498758424562
448,3500029.21,3,34.999990229813335,35.0,291.9,0,0.0,0.8428439084166977,0.15715609154838397,3.491836615469425e-11,200.0,61.3,-184.23959772120577,-1.0714943710697487,-0.887089901723144,-9.892726421740203,0.0,0.0,-27.832104698289324,-7.856826208961305,-3.4395708961892173,-5.766284605572261,-5.449816187011117,-14.864498758424562
449,3500029.21,4,34.999990229813335,35.0,291.9,0,0.0,0.8428379838125492,0.15716201615427847,3.3172447846959545e-11,200.0,61.3,-184.23959772120577,-1.0714943710697487,-0.887089901723144,-9.892726421740203,0.0,0.0,-27.832104698289324,-7.856826208961305,-3.4395708961892173,-5.766284605572261,-5.449816187011117,-14.864498758424562
450,3500029.21,5,34.999990229813335,35.0,291.9,0,0.0,0.8428370414519951,0.15716295851649104,3.1513825454611564e-11,200.0,61.3,-184.23959772120577,-1.0714943710697487,-0.887089901723144,-9.892726421740203,0.0,0.0,-27.832104698289324,-7.856826208961305,-3.4395708961892173,-5.766284605572261,-5.449816187011117,-14.864498758424562
451,3500029.21,6,34.999990229813335,35.0,291.9,0,0.0,0.8428452782677239,0.157154721702338,2.993813418188099e-11,200.0,61.3,-184.23959772120577,-1.0714943710697487,-0.887089901723144,-9.892726421740203,0.0,0.0,-27.832104698289324,-7.856826208961305,-3.4395708961892173,-5.766284605572261,-5.449816187011117,-14.864498758424562
452,3500029.21,7,34.999990229813335,35.0,291.9,0,0.0,0.8428554957616003,0.15714450420995837,2.8441227472786936e-11,200.0,61.3,-184.23959772120577,-1.0714943710697487,-0.887089901723144,-9.892726421740203,0.0,0.0,-27.832104698289324,-7.856826208961305,-3.4395708961892173,-5.766284605572261,-5.449816187011117,-14.864498758424562
453,3500029.21,8,34.999990229813335,35.0,291.9,0,0.0,0.8428653599053992,0.15713464006758165,2.701916609914759e-11,200.0,61.3,-184.23959772120577,-1.0714943710697487,-0.887089901723144,-9.892726421740203,0.0,0.0,-27.832104698289324,-7.856826208961305,-3.4395708961892173,-5.766284605572261,-5.449816187011117,-14.864498758424562
454,3500029.21,9,34.999990229813335,35.0,291.9,0,0.0,0.8428771056999811,0.15712289427435075,2.566820779419021e-11,200.0,61.3,-184.23959772120577,-1.0714943710697487,-0.887089901723144,-9.892726421740203,0.0,0.0,-27.832104698289324,-7.856826208961305,-3.4395708961892173,-5.766284605572261,-5.449816187011117,-14.864498758424562
455,3500029.21,10,34.999990229813335,35.0,291.9,0,0.0,0.8428839882356309,0.15711601173998424,2.4384797404480696e-11,200.0,61.3,-184.23959772120577,-1.0714943710697487,-0.887089901723144,-9.892726421740203,0.0,0.0,-27.832104698289324,-7.856826208961305,-3.4395708961892173,-5.766284605572261,-5.449816187011117,-14.864498758424562
456,3500029.21,11,34.999990229813335,35.0,291.9,0,0.0,0.84290172212785,0.15709827784898442,2.316555753425666e-11,200.0,61.3,-184.23959772120577,-1.0714943710697487,-0.887089901723144,-9.892726421740203,0.0,0.0,-27.832104698289324,-7.856826208961305,-3.4395708961892173,-5.766284605572261,-5.449816187011117,-14.864498758424562
457,3500029.21,12,34.999990229813335,35.0,291.9,0,0.0,0.8429187041586597,0.1570812958193331,2.200727965754383e-11,200.0,61.3,-184.23959772120577,-1.0714943710697487,-0.887089901723144,-9.892726421740203,0.0,0.0,-27.832104698289324,-7.856826208961305,-3.4395708961892173,-5.766284605572261,-5.449816187011117,-14.864498758424562
458,3500029.21,13,34.999990229813335,35.0,291.9,0,0.0,0.8429503090841541,0.15704969089493903,2.090691567466664e-11,200.0,61.3,-184.23959772120577,-1.0714943710697487,-0.887089901723144,-9.892726421740203,0.0,0.0,-27.832104698289324,-7.856826208961305,-3.4395708961892173,-5.766284605572261,-5.449816187011117,-14.864498758424562
459,3500029.21,14,34.999990229813335,35.0,291.9,0,0.0,0.8429826153392651,0.15701738464087336,1.9861569890933307e-11,200.0,61.3,-184.23959772120577,-1.0714943710697487,-0.887089901723144,-9.892726421740203,0.0,0.0,-27.832104698289324,-7.856826208961305,-3.4395708961892173,-5.766284605572261,-5.449816187011117,-14.864498758424562
460,3500029.21,15,34.999990229813335,35.0,291.9,0,0.0,0.8430090445466655,0.1569909554344661,1.886849139638664e-11,200.0,61.3,-184.23959772120577,-1.0714943710697487,-0.887089901723144,-9.892726421740203,0.0,0.0,-27.832104698289324,-7.856826208961305,-3.4395708961892173,-5.766284605572261,-5.449816187011117,-14.864498758424562
461,3500029.21,16,34.999990229813335,35.0,291.9,0,0.0,0.8430320810785629,0.15696791890351214,1.7925066826567308e-11,200.0,61.3,-184.23959772120577,-1.0714943710697487,-0.887089901723144,-9.892726421740203,0.0,0.0,-27.832104698289324,-7.856826208961305,-3.4395708961892173,-5.766284605572261,-5.449816187011117,-14.864498758424562
462,3500029.21,17,34.999990229813335,35.0,291.9,0,0.0,0.843056243127938,0.15694375685503323,1.702881348523894e-11,200.0,61.3,-184.23959772120577,-1.0714943710697487,-0.887089901723144,-9.892726421740203,0.0,0.0,-27.832104698289324,-7.856826208961305,-3.4395708961892173,-5.766284605572261,-5.449816187011117,-14.864498758424562
463,3500029.21,18,34.999990229813335,35.0,291.9,0,0.0,0.8430792994578934,0.15692070052592919,1.6177372810976992e-11,200.0,61.3,-184.23959772120577,-1.0714943710697487,-0.887089901723144,-9.892726421740203,0.0,0.0,-27.832104698289324,-7.856826208961305,-3.4395708961892173,-5.766284605572261,-5.449816187011117,-14.864498758424562
464,3500029.21,19,34.999990229813335,35.0,291.9,0,0.0,0.8430969837553305,0.15690301622930103,1.5368504170428145e-11,200.0,61.3,-184.23959772120577,-1.0714943710697487,-0.887089901723144,-9.892726421740203,0.0,0.0,-27.832104698289324,-7.856826208961305,-3.4395708961892173,-5.766284605572261,-5.449816187011117,-14.864498758424562
465,3500029.21,20,34.999990229813335,35.0,291.9,0,0.0,0.8431138948544002,0.15688610513099974,1.460007896190674e-11,200.0,61.3,-184.23959772120577,-1.0714943710697487,-0.887089901723144,-9.892726421740203,0.0,0.0,-27.832104698289324,-7.856826208961305,-3.4395708961892173,-5.766284605572261,-5.449816187011117,-14.864498758424562
466,3500029.21,21,34.999990229813335,35.0,291.9,0,0.0,0.8431279184243965,0.15687208156173343,1.3870075013811402e-11,200.0,61.3,-184.23959772120577,-1.0714943710697487,-0.887089901723144,-9.892726421740203,0.0,0.0,-27.832104698289324,-7.856826208961305,-3.4395708961892173,-5.766284605572261,-5.449816187011117,-14.864498758424562
467,3500029.21,22,34.999990229813335,35.0,291.9,0,0.0,0.8431392068620306,0.15686079312479287,1.3176571263120832e-11,200.0,61.3,-184.23959772120577,-1.0714943710697487,-0.887089901723144,-9.892726421740203,0.0,0.0,-27.832104698289324,-7.856826208961305,-3.4395708961892173,-5.766284605572261,-5.449816187011117,-14.864498758424562
468,3500029.21,23,34.999990229813335,35.0,291.9,0,0.0,0.8431457589727477,0.15685424101473464,1.2517742699964791e-11,200.0,61.3,-184.23959772120577,-1.0714943710697487,-0.887089901723144,-9.892726421740203,0.0,0.0,-27.832104698289324,-7.856826208961305,-3.4395708961892173,-5.766284605572261,-5.449816187011117,-14.864498758424562
469,3500029.21,24,34.999990229813335,35.0,291.9,0,0.0,0.8431563928444326,0.15684360714367568,1.1891855564966551e-11,200.0,61.3,-184.23959772120577,-1.0714943710697487,-0.887089901723144,-9.892726421740203,0.0,0.0,-27.832104698289324,-7.856826208961305,-3.4395708961892173,-5.766284605572261,-5.449816187011117,-14.864498758424562
470,3500029.21,25,34.999990229813335,35.0,291.9,0,0.0,0.8431623408398712,0.1568376591488316,1.1297262786718223e-11,200.0,61.3,-184.23959772120577,-1.0714943710697487,-0.887089901723144,-9.892726421740203,0.0,0.0,-27.832104698289324,-7.856826208961305,-3.4395708961892173,-5.766284605572261,-5.449816187011117,-14.864498758424562
471,3500029.21,26,34.999990229813335,35.0,291.9,0,0.0,0.8431681181973892,0.15683188179187835,1.0732399647382311e-11,200.0,61.3,-184.23959772120577,-1.0714943710697487,-0.887089901723144,-9.892726421740203,0.0,0.0,-27.832104698289324,-7.856826208961305,-3.4395708961892173,-5.766284605572261,-5.449816187011117,-14.864498758424562
472,3500029.21,27,34.999990229813335,35.0,291.9,0,0.0,0.8431801118165905,0.15681988817321377,1.0195779665013197e-11,200.0,61.3,-184.23959772120577,-1.0714943710697487,-0.887089901723144,-9.892726421740203,0.0,0.0,-27.832104698289324,-7.856826208961305,-3.4395708961892173,-5.766284605572261,-5.449816187011117,-14.864498758424562
473,3500029.21,28,34.999990229813335,35.0,291.9,0,0.0,0.8432064368141652,0.1567935631761488,9.685990681762537e-12,200.0,61.3,-184.23959772120577,-1.0714943710697487,-0.887089901723144,-9.892726421740203,0.0,0.0,-27.832104698289324,-7.856826208961305,-3.4395708961892173,-5.766284605572261,-5.449816187011117,-14.864498758424562
474,3500029.21,29,34.999990229813335,35.0,291.9,0,0.0,0.8432441635910289,0.15675583639976937,9.20169114767441e-12,200.0,61.3,-184.23959772120577,-1.0714943710697487,-0.887089901723144,-9.892726421740203,0.0,0.0,-27.832104698289324,-7.856826208961305,-3.4395708961892173,-5.766284605572261,-5.449816187011117,-14.864498758424562
475,3500029.21,30,34.999990229813335,35.0,291.9,0,0.0,0.8432716517987803,0.15672834819247816,8.741606590290692e-12,200.0,61.3,-184.23959772120577,-1.0714943710697487,-0.887089901723144,-9.892726421740203,0.0,0.0,-27.832104698289324,-7.856826208961305,-3.4395708961892173,-5.766284605572261,-5.449816187011117,-14.864498758424562
476,3500029.21,31,34.999990229813335,35.0,291.9,0,0.0,0.8433083154001977,0.15669168459149788,8.304526260776157e-12,200.0,61.3,-184.23959772120577,-1.0714943710697487,-0.887089901723144,-9.892726421740203,0.0,0.0,-27.832104698289324,-7.856826208961305,-3.4395708961892173,-5.766284605572261,-5.449816187011117,-14.864498758424562
477,3500029.21,32,34.999990229813335,35.0,291.9,0,0.0,0.8433494564637093,0.15665054352840152,7.889299947737349e-12,200.0,61.3,-184.23959772120577,-1.0714943710697487,-0.887089901723144,-9.892726421740203,0.0,0.0,-27.832104698289324,-7.856826208961305,-3.4395708961892173,-5.766284605572261,-5.449816187011117,-14.864498758424562
478,3500029.21,33,34.999990229813335,35.0,291.9,0,0.0,0.843390655460456,0.15660934453204906,7.49483495035048e-12,200.0,61.3,-184.23959772120577,-1.0714943710697487,-0.887089901723144,-9.892726421740203,0.0,0.0,-27.832104698289324,-7.856826208961305,-3.4395708961892173,-5.766284605572261,-5.449816187011117,-14.864498758424562
479,3500029.21,34,34.999990229813335,35.0,291.9,0,0.0,0.8434298232599532,0.15657017673292678,7.120093202832957e-12,200.0,61.3,-184.23959772120577,-1.0714943710697487,-0.887089901723144,-9.892726421740203,0.0,0.0,-27.832104698289324,-7.856826208961305,-3.4395708961892173,-5.766284605572261,-5.449816187011117,-14.864498758424562
480,3500029.21,35,34.999990229813335,35.0,291.9,0,0.0,0.8434608401012245,0.1565391598920115,6.764088542691309e-12,200.0,61.3,-184.23959772120577,-1.0714943710697487,-0.887089901723144,-9.892726421740203,0.0,0.0,-27.832104698289324,-7.856826208961305,-3.4395708961892173,-5.766284605572261,-5.449816187011117,-14.864498758424562
481,3500029.21,36,34.999990229813335,35.0,291.9,0,0.0,0.8434903477821509,0.1565096522114232,6.425884115556743e-12,200.0,61.3,-184.23959772120577,-1.0714943710697487,-0.887089901723144,-9.892726421740203,0.0,0.0,-27.832104698289324,-7.856826208961305,-3.4395708961892173,-5.766284605572261,-5.449816187011117,-14.864498758424562
482,3500029.21,37,34.999990229813335,35.0,291.9,0,0.0,0.8435225524126173,0.15647744758127805,6.104589909778906e-12,200.0,61.3,-184.23959772120577,-1.0714943710697487,-0.887089901723144,-9.892726421740203,0.0,0.0,-27.832104698289324,-7.856826208961305,-3.4395708961892173,-5.766284605572261,-5.449816187011117,-14.864498758424562
483,3500029.21,38,34.999990229813335,35.0,291.9,0,0.0,0.8435572980156215,0.15644270197857918,5.799360414289961e-12,200.0,61.3,-184.23959772120577,-1.0714943710697487,-0.887089901723144,-9.892726421740203,0.0,0.0,-27.832104698289324,-7.856826208961305,-3.4395708961892173,-5.766284605572261,-5.449816187011117,-14.864498758424562
484,3500029.21,39,34.999990229813335,35.0,291.9,0,0.0,0.8435882756392097,0.15641172435528097,5.509392393575463e-12,200.0,61.3,-184.23959772120577,-1.0714943710697487,-0.887089901723144,-9.892726421740203,0.0,0.0,-27.832104698289324,-7.856826208961305,-3.4395708961892173,-5.766284605572261,-5.449816187011117,-14.864498758424562
485,3500029.21,40,34.999990229813335,35.0,291.9,0,0.0,0.8436136293627515,0.15638637063201463,5.23392277389669e-12,200.0,61.3,-184.23959772120577,-1.0714943710697487,-0.887089901723144,-9.892726421740203,0.0,0.0,-27.832104698289324,-7.856826208961305,-3.4395708961892173,-5.766284605572261,-5.449816187011117,-14.864498758424562
486,3500029.21,41,34.999990229813335,35.0,291.9,0,0.0,0.8436438922900243,0.1563561077050035,4.972226635201855e-12,200.0,61.3,-184.23959772120577,-1.0714943710697487,-0.887089901723144,-9.892726421740203,0.0,0.0,-27.832104698289324,-7.856826208961305,-3.4395708961892173,-5.766284605572261,-5.449816187011117,-14.864498758424562
487,3500029.21,42,34.999990229813335,35.0,291.9,0,0.0,0.8436665380498578,0.15633346194541867,4.7236153034417626e-12,200.0,61.3,-184.23959772120577,-1.0714943710697487,-0.887089901723144,-9.892726421740203,0.0,0.0,-27.832104698289324,-7.856826208961305,-3.4395708961892173,-5.766284605572261,-5.449816187011117,-14.864498758424562
488,3500029.21,43,34.999990229813335,35.0,291.9,0,0.0,0.8436880877284348,0.15631191226707775,4.487434538269674e-12,200.0,61.3,-184.23959772120577,-1.0714943710697487,-0.887089901723144,-9.892726421740203,0.0,0.0,-27.832104698289324,-7.856826208961305,-3.4395708961892173,-5.766284605572261,-5.449816187011117,-14.864498758424562
489,3500029.21,44,34.999990229813335,35.0,291.9,0,0.0,0.8436984086641661,0.15630159133157082,4.26306281135619e-12,200.0,61.3,-184.23959772120577,-1.0714943710697487,-0.887089901723144,-9.892726421740203,0.0,0.0,-27.832104698289324,-7.856826208961305,-3.4395708961892173,-5.766284605572261,-5.449816187011117,-14.864498758424562
490,3500029.21,45,34.999990229813335,35.0,291.9,0,0.0,0.8437184367748597,0.15628156322109038,4.04990967078838e-12,200.0,61.3,-184.23959772120577,-1.0714943710697487,-0.887089901723144,-9.892726421740203,0.0,0.0,-27.832104698289324,-7.856826208961305,-3.4395708961892173,-5.766284605572261,-5.449816187011117,-14.864498758424562
491,3500029.21,46,34.999990229813335,35.0,291.9,0,0.0,0.8437374992379809,0.15626250075817164,3.847414187248961e-12,200.0,61.3,-184.23959772120577,-1.0714943710697487,-0.887089901723144,-9.892726421740203,0.0,0.0,-27.832104698289324,-7.856826208961305,-3.4395708961892173,-5.766284605572261,-5.449816187011117,-14.864498758424562
492,3500029.21,47,34.999990229813335,35.0,291.9,0,0.0,0.8437495723456288,0.15625042765071623,3.655043477886513e-12,200.0,61.3,-184.23959772120577,-1.0714943710697487,-0.887089901723144,-9.892726421740203,0.0,0.0,-27.832104698289324,-7.856826208961305,-3.4395708961892173,-5.766284605572261,-5.449816187011117,-14.864498758424562
493,3500029.21,48,34.999990229813335,35.0,291.9,0,0.0,0.8437590683461627,0.15624093165036512,3.472291303992187e-12,200.0,61.3,-184.23959772120577,-1.0714943710697487,-0.887089901723144,-9.892726421740203,0.0,0.0,-27.832104698289324,-7.856826208961305,-3.4395708961892173,-5.766284605572261,-5.449816187011117,-14.864498758424562
494,3500029.21,49,34.999990229813335,35.0,291.9,0,0.0,0.8437641044119347,0.1562358955847666,3.2986767387925775e-12,200.0,61.3,-184.23959772120577,-1.0714943710697487,-0.887089901723144,-9.892726421740203,0.0,0.0,-27.832104698289324,-7.856826208961305,-3.4395708961892173,-5.766284605572261,-5.449816187011117,-14.864498758424562
495,3500029.21,0,34.999990229813335,35.0,291.9,0,0.0,0.8437729775668265,0.1562270224300398,3.1337429018529484e-12,200.0,61.3,-184.23959772120577,-1.0714943710697487,-0.887089901723144,-9.892726421740203,0.0,0.0,-27.832104698289324,-7.856826208961305,-3.4395708961892173,-5.766284605572261,-5.449816187011117,-14.864498758424562
496,3500029.21,1,34.999990229813335,35.0,291.9,0,0.0,0.8437894895822509,0.1562105104147721,2.9770557567603014e-12,200.0,61.3,-184.23959772120577,-1.0714943710697487,-0.887089901723144,-9.892726421740203,0.0,0.0,-27.832104698289324,-7.856826208961305,-3.4395708961892173,-5.766284605572261,-5.449816187011117,-14.864498758424562
497,3500029.21,2,34.999990229813335,35.0,291.9,0,0.0,0.843807212419855,0.15619278757731675,2.828202968922286e-12,200.0,61.3,-184.23959772120577,-1.0714943710697487,-0.887089901723144,-9.892726421740203,0.0,0.0,-27.832104698289324,-7.856826208961305,-3.4395708961892173,-5.766284605572261,-5.449816187011117,-14.864498758424562
498,3500029.21,3,34.999990229813335,35.0,291.9,0,0.0,0.8438240797677622,0.15617592022955099,2.6867928204761716e-12,200.0,61.3,-184.23959772120577,-1.0714943710697487,-0.887089901723144,-9.892726421740203,0.0,0.0,-27.832104698289324,-7.856826208961305,-3.4395708961892173,-5.766284605572261,-5.449816187011117,-14.864498758424562
499,3500029.21,4,34.999990229813335,35.0,291.9,0,0.0,0.8438341516735752,0.1561658483238723,2.552453179452363e-12,200.0,61.3,-184.23959772120577,-1.0714943710697487,-0.887089901723144,-9.892726421740203,0.0,0.0,-27.832104698289324,-7.856826208961305,-3.4395708961892173,-5.766284605572261,-5.449816187011117,-14.864498758424562
500,3500029.21,5,34.999990229813335,35.0,291.9,0,0.0,0.843847743673291,0.15615225632428423,2.4248305204797453e-12,200.0,61.3,-184.23959772120577,-1.0714943710697487,-0.887089901723144,-9.892726421740203,0.0,0.0,-27.832104698289324,-7.856826208961305,-3.4395708961892173,-5.766284605572261,-5.449816187011117,-14.864498758424562
501,3500029.21,6,34.999990229813335,35.0,291.9,0,0.0,0.8438527410836145,0.1561472589140819,2.303588994455758e-12,200.0,61.3,-184.23959772120577,-1.0714943710697487,-0.887089901723144,-9.892726421740203,0.0,0.0,-27.832104698289324,-7.856826208961305,-3.4395708961892173,-5.766284605572261,-5.449816187011117,-14.864498758424562
502,3500029.21,7,34.999990229813335,35.0,291.9,0,0.0,0.8438535674341826,0.15614643256362906,2.1884095447329704e-12,200.0,61.3,-184.23959772120577,-1.0714943710697487,-0.887089901723144,-9.892726421740203,0.0,0.0,-27.832104698289324,-7.856826208961305,-3.4395708961892173,-5.766284605572261,-5.449816187011117,-14.864498758424562
503,3500029.21,8,34.999990229813335,35.0,291.9,0,0.0,0.8438524276796135,0.15614757231830756,2.0789890674963216e-12,200.0,61.3,-184.23959772120577,-1.0714943710697487,-0.887089901723144,-9.892726421740203,0.0,0.0,-27.832104698289324,-7.856826208961305,-3.4395708961892173,-5.766284605572261,-5.449816187011117,-14.864498758424562
504,3500029.21,9,34.999990229813335,35.0,291.9,0,0.0,0.8438494271063598,0.15615057289166526,1.9750396141215056e-12,200.0,61.3,-184.23959772120577,-1.0714943710697487,-0.887089901723144,-9.892726421740203,0.0,0.0,-27.832104698289324,-7.856826208961305,-3.4395708961892173,-5.766284605572261,-5.449816187011117,-14.864498758424562
505,3500029.21,10,34.999990229813335,35.0,291.9,0,0.0,0.8438466422563277,0.15615335774179614,1.8762876334154303e-12,200.0,61.3,-184.23959772120577,-1.0714943710697487,-0.887089901723144,-9.892726421740203,0.0,0.0,-27.832104698289324,-7.856826208961305,-3.4395708961892173,-5.766284605572261,-5.449816187011117,-14.864498758424562
506,3500029.21,11,34.999990229813335,35.0,291.9,0,0.0,0.8438440620791283,0.15615593791908908,1.7824732517446582e-12,200.0,61.3,-184.23959772120577,-1.0714943710697487,-0.887089901723144,-9.892726421740203,0.0,0.0,-27.832104698289324,-7.856826208961305,-3.4395708961892173,-5.766284605572261,-5.449816187011117,-14.864498758424562
507,3500029.21,12,34.999990229813335,35.0,291.9,0,0.0,0.8438475770389405,0.15615242295936618,1.6933495891574256e-12,200.0,61.3,-184.23959772120577,-1.0714943710697487,-0.887089901723144,-9.892726421740203,0.0,0.0,-27.832104698289324,-7.856826208961305,-3.4395708961892173,-5.766284605572261,-5.449816187011117,-14.864498758424562
508,3500029.21,13,34.999990229813335,35.0,291.9,0,0.0,0.8438548913771489,0.15614510862124245,1.6086821096995542e-12,200.0,61.3,-184.23959772120577,-1.0714943710697487,-0.887089901723144,-9.892726421740203,0.0,0.0,-27.832104698289324,-7.856826208961305,-3.4395708961892173,-5.766284605572261,-5.449816187011117,-14.864498758424562
509,3500029.21,14,34.999990229813335,35.0,291.9,0,0.0,0.8438599282766354,0.1561400717218364,1.5282480042145764e-12,200.0,61.3,-184.23959772120577,-1.0714943710697487,-0.887089901723144,-9.892726421740203,0.0,0.0,-27.832104698289324,-7.856826208961305,-3.4395708961892173,-5.766284605572261,-5.449816187011117,-14.864498758424562
510,3500029.21,15,34.999990229813335,35.0,291.9,0,0.0,0.8438628084559716,0.15613719154257655,1.4518356040038475e-12,200.0,61.3,-184.23959772120577,-1.0714943710697487,-0.887089901723144,-9.892726421740203,0.0,0.0,-27.832104698289324,-7.856826208961305,-3.4395708961892173,-5.766284605572261,-5.449816187011117,-14.864498758424562
511,3500029.21,16,34.999990229813335,35.0,291.9,0,0.0,0.843869495653673,0.15613050434494782,1.3792438238036552e-12,200.0,61.3,-184.23959772120577,-1.0714943710697487,-0.887089901723144,-9.892726421740203,0.0,0.0,-27.832104698289324,-7.856826208961305,-3.4395708961892173,-5.766284605572261,-5.449816187011117,-14.864498758424562
512,3500029.21,17,34.999990229813335,35.0,291.9,0,0.0,0.8438720021010389,0.15612799789765086,1.3102816326134724e-12,200.0,61.3,-184.23959772120577,-1.0714943710697487,-0.887089901723144,-9.892726421740203,0.0,0.0,-27.832104698289324,-7.856826208961305,-3.4395708961892173,-5.766284605572261,-5.449816187011117,-14.864498758424562
513,3500029.21,18,34.999990229813335,35.0,291.9,0,0.0,0.8438744352334054,0.1561255647653498,1.244767550982799e-12,200.0,61.3,-184.23959772120577,-1.0714943710697487,-0.887089901723144,-9.892726421740203,0.0,0.0,-27.832104698289324,-7.856826208961305,-3.4395708961892173,-5.766284605572261,-5.449816187011117,-14.864498758424562
514,3500029.21,19,34.999990229813335,35.0,291.9,0,0.0,0.8438845462243484,0.15611545377446912,1.1825291734336591e-12,200.0,61.3,-184.23959772120577,-1.0714943710697487,-0.887089901723144,-9.892726421740203,0.0,0.0,-27.832104698289324,-7.856826208961305,-3.4395708961892173,-5.766284605572261,-5.449816187011117,-14.864498758424562
515,3500029.21,20,34.999990229813335,35.0,291.9,0,0.0,0.8438941879390073,0.1561058120598694,1.1234027147619763e-12,200.0,61.3,-184.23959772120577,-1.0714943710697487,-0.887089901723144,-9.892726421740203,0.0,0.0,-27.832104698289324,-7.856826208961305,-3.4395708961892173,-5.766284605572261,-5.449816187011117,-14.864498758424562
516,3500029.21,21,34.999990229813335,35.0,291.9,0,0.0,0.8438995266831539,0.1561004733157787,1.0672325790238772e-12,200.0,61.3,-184.23959772120577,-1.0714943710697487,-0.887089901723144,-9.892726421740203,0.0,0.0,-27.832104698289324,-7.856826208961305,-3.4395708961892173,-5.766284605572261,-5.449816187011117,-14.864498758424562
517,3500029.21,22,34.999990229813335,35.0,291.9,0,0.0,0.8439046420740832,0.15609535792490298,1.0138709500726836e-12,200.0,61.3,-184.23959772120577,-1.0714943710697487,-0.887089901723144,-9.892726421740203,0.0,0.0,-27.832104698289324,-7.856826208961305,-3.4395708961892173,-5.766284605572261,-5.449816187011117,-14.864498758424562
518,3500029.21,23,34.999990229813335,35.0,291.9,0,0.0,0.8439057001827615,0.1560942998162754,9.631774025690494e-13,200.0,61.3,-184.23959772120577,-1.0714943710697487,-0.887089901723144,-9.892726421740203,0.0,0.0,-27.832104698289324,-7.856826208961305,-3.4395708961892173,-5.766284605572261,-5.449816187011117,-14.864498758424562
519,3500029.21,24,34.999990229813335,35.0,291.9,0,0.0,0.8439086752485438,0.15609132475054116,9.15018532440597e-13,200.0,61.3,-184.23959772120577,-1.0714943710697487,-0.887089901723144,-9.892726421740203,0.0,0.0,-27.832104698289324,-7.856826208961305,-3.4395708961892173,-5.766284605572261,-5.449816187011117,-14.864498758424562
520,3500029.21,25,34.999990229813335,35.0,291.9,0,0.0,0.8439153767277332,0.1560846232713975,8.692676058185672e-13,200.0,61.3,-184.23959772120577,-1.0714943710697487,-0.887089901723144,-9.892726421740203,0.0,0.0,-27.832104698289324,-7.856826208961305,-3.4395708961892173,-5.766284605572261,-5.449816187011117,-14.864498758424562
521,3500029.21,26,34.999990229813335,35.0,291.9,0,0.0,0.8439256001168293,0.15607439988234498,8.258042255276388e-13,200.0,61.3,-184.23959772120577,-1.0714943710697487,-0.887089901723144,-9.892726421740203,0.0,0.0,-27.832104698289324,-7.856826208961305,-3.4395708961892173,-5.766284605572261,-5.449816187011117,-14.864498758424562
522,3500029.21,27,34.999990229813335,35.0,291.9,0,0.0,0.8439372479636389,0.1560627520355766,7.845140142512568e-13,200.0,61.3,-184.23959772120577,-1.0714943710697487,-0.887089901723144,-9.892726421740203,0.0,0.0,-27.832104698289324,-7.856826208961305,-3.4395708961892173,-5.766284605572261,-5.449816187011117,-14.864498758424562
523,3500029.21,28,34.999990229813335,35.0,291.9,0,0.0,0.8439483411647869,0.1560516588344678,7.45288313538694e-13,200.0,61.3,-184.23959772120577,-1.0714943710697487,-0.887089901723144,-9.892726421740203,0.0,0.0,-27.832104698289324,-7.856826208961305,-3.4395708961892173,-5.766284605572261,-5.449816187011117,-14.864498758424562
524,3500029.21,29,34.999990229813335,35.0,291.9,0,0.0,0.843957010679271,0.15604298932002097,7.080238978617593e-13,200.0,61.3,-184.23959772120577,-1.0714943710697487,-0.887089901723144,-9.892726421740203,0.0,0.0,-27.832104698289324,-7.856826208961305,-3.4395708961892173,-5.766284605572261,-5.449816187011117,-14.864498758424562
525,3500029.21,30,34.999990229813335,35.0,291.9,0,0.0,0.8439652779238254,0.156034722075502,6.726227029686714e-13,200.0,61.3,-184.23959772120577,-1.0714943710697487,-0.887089901723144,-9.892726421740203,0.0,0.0,-27.832104698289324,-7.856826208961305,-3.4395708961892173,-5.766284605572261,-5.449816187011117,-14.864498758424562
526,3500029.21,31,34.999990229813335,35.0,291.9,0,0.0,0.8439731628914776,0.15602683710788337,6.389915678202378e-13,200.0,61.3,-184.23959772120577,-1.0714943710697487,-0.887089901723144,-9.892726421740203,0.0,0.0,-27.832104698289324,-7.856826208961305,-3.4395708961892173,-5.766284605572261,-5.449816187011117,-14.864498758424562
527,3500029.21,32,34.999990229813335,35.0,291.9,0,0.0,0.8439825702640713,0.15601742973532162,6.070419894292259e-13,200.0,61.3,-184.23959772120577,-1.0714943710697487,-0.887089901723144,-9.892726421740203,0.0,0.0,-27.832104698289324,-7.856826208961305,-3.4395708961892173,-5.766284605572261,-5.449816187011117,-14.864498758424562
528,3500029.21,33,34.999990229813335,35.0,291.9,0,0.0,0.8439915344833576,0.15600846551606573,5.766898899577646e-13,200.0,61.3,-184.23959772120577,-1.0714943710697487,-0.887089901723144,-9.892726421740203,0.0,0.0,-27.832104698289324,-7.856826208961305,-3.4395708961892173,-5.766284605572261,-5.449816187011117,-14.864498758424562
529,3500029.21,34,34.999990229813335,35.0,291.9,0,0.0,0.8440000776025632,0.15599992239688887,5.478553954598763e-13,200.0,61.3,-184.23959772120577,-1.0714943710697487,-0.887089901723144,-9.892726421740203,0.0,0.0,-27.832104698289324,-7.856826208961305,-3.4395708961892173,-5.766284605572261,-5.449816187011117,-14.864498758424562
530,3500029.21,35,34.999990229813335,35.0,291.9,0,0.0,0.8440119680517838,0.15598803194769575,5.204626256868826e-13,200.0,61.3,-184.23959772120577,-1.0714943710697487,-0.887089901723144,-9.892726421740203,0.0,0.0,-27.832104698289324,-7.856826208961305,-3.4395708961892173,-5.766284605572261,-5.449816187011117,-14.864498758424562
531,3500029.21,36,34.999990229813335,35.0,291.9,0,0.0,0.844021413921567,0.15597858607793857,4.944394944025385e-13,200.0,61.3,-184.23959772120577,-1.0714943710697487,-0.887089901723144,-9.892726421740203,0.0,0.0,-27.832104698289324,-7.856826208961305,-3.4395708961892173,-5.766284605572261,-5.449816187011117,-14.864498758424562
532,3500029.21,37,34.999990229813335,35.0,291.9,0,0.0,0.8440322769458769,0.15596772305365345,4.697175196824116e-13,200.0,61.3,-184.23959772120577,-1.0714943710697487,-0.887089901723144,-9.892726421740203,0.0,0.0,-27.832104698289324,-7.856826208961305,-3.4395708961892173,-5.766284605572261,-5.449816187011117,-14.864498758424562
533,3500029.21,38,34.999990229813335,35.0,291.9,0,0.0,0.8440407537387756,0.15595924626077812,4.46231643698291e-13,200.0,61.3,-184.23959772120577,-1.0714943710697487,-0.887089901723144,-9.892726421740203,0.0,0.0,-27.832104698289324,-7.856826208961305,-3.4395708961892173,-5.766284605572261,-5.449816187011117,-14.864498758424562
534,3500029.21,39,34.999990229813335,35.0,291.9,0,0.0,0.8440506888639279,0.1559493111356482,4.239200615133765e-13,200.0,61.3,-184.23959772120577,-1.0714943710697487,-0.887089901723144,-9.892726421740203,0.0,0.0,-27.832104698289324,-7.856826208961305,-3.4395708961892173,-5.766284605572261,-5.449816187011117,-14.864498758424562
535,3500029.21,40,34.999990229813335,35.0,291.9,0,0.0,0.8440620015413857,0.15593799845821166,4.0272405843770773e-13,200.0,61.3,-184.23959772120577,-1.0714943710697487,-0.887089901723144,-9.892726421740203,0.0,0.0,-27.832104698289324,-7.856826208961305,-3.4395708961892173,-5.766284605572261,-5.449816187011117,-14.864498758424562
536,3500029.21,41,34.999990229813335,35.0,291.9,0,0.0,0.8440727644325096,0.1559272355671079,3.8258785551582234e-13,200.0,61.3,-184.23959772120577,-1.0714943710697487,-0.887089901723144,-9.892726421740203,0.0,0.0,-27.832104698289324,-7.856826208961305,-3.4395708961892173,-5.766284605572261,-5.449816187011117,-14.864498758424562
537,3500029.21,42,34.999990229813335,35.0,291.9,0,0.0,0.8440811571066946,0.15591884289294192,3.634584627400312e-13,200.0,61.3,-184.23959772120577,-1.0714943710697487,-0.887089901723144,-9.892726421740203,0.0,0.0,-27.832104698289324,-7.856826208961305,-3.4395708961892173,-5.766284605572261,-5.449816187011117,-14.864498758424562
538,3500029.21,43,34.999990229813335,35.0,291.9,0,0.0,0.8440873042808867,0.15591269571876792,3.452855396030296e-13,200.0,61.3,-184.23959772120577,-1.0714943710697487,-0.887089901723144,-9.892726421740203,0.0,0.0,-27.832104698289324,-7.856826208961305,-3.4395708961892173,-5.766284605572261,-5.449816187011117,-14.864498758424562
539,3500029.21,44,34.999990229813335,35.0,291.9,0,0.0,0.8440913244047034,0.15590867559496863,3.2802126262287815e-13,200.0,61.3,-184.23959772120577,-1.0714943710697487,-0.887089901723144,-9.892726421740203,0.0,0.0,-27.832104698289324,-7.856826208961305,-3.4395708961892173,-5.766284605572261,-5.449816187011117,-14.864498758424562
540,3500029.21,45,34.999990229813335,35.0,291.9,0,0.0,0.8440914897206161,0.15590851027907224,3.116201994917342e-13,200.0,61.3,-184.23959772120577,-1.0714943710697487,-0.887089901723144,-9.892726421740203,0.0,0.0,-27.832104698289324,-7.856826208961305,-3.4395708961892173,-5.766284605572261,-5.449816187011117,-14.864498758424562
541,3500029.21,46,34.999990229813335,35.0,291.9,0,0.0,0.8440935163830643,0.1559064836166397,2.9603918951714753e-13,200.0,61.3,-184.23959772120577,-1.0714943710697487,-0.887089901723144,-9.892726421740203,0.0,0.0,-27.832104698289324,-7.856826208961305,-3.4395708961892173,-5.766284605572261,-5.449816187011117,-14.864498758424562
542,3500029.21,47,34.999990229813335,35.0,291.9,0,0.0,0.8440918035628462,0.15590819643687262,2.8123723004129014e-13,200.0,61.3,-184.23959772120577,-1.0714943710697487,-0.887089901723144,-9.892726421740203,0.0,0.0,-27.832104698289324,-7.856826208961305,-3.4395708961892173,-5.766284605572261,-5.449816187011117,-14.864498758424562
543,3500029.21,48,34.999990229813335,35.0,291.9,0,0.0,0.8440938729218379,0.15590612707789486,2.6717536853922564e-13,200.0,61.3,-184.23959772120577,-1.0714943710697487,-0.887089901723144,-9.892726421740203,0.0,0.0,-27.832104698289324,-7.856826208961305,-3.4395708961892173,-5.766284605572261,-5.449816187011117,-14.864498758424562
544,3500029.21,49,34.999990229813335,35.0,291.9,0,0.0,0.8440940413466179,0.15590595865312834,2.538166001122644e-13,200.0,61.3,-184.23959772120577,-1.0714943710697487,-0.887089901723144,-9.892726421740203,0.0,0.0,-27.832104698289324,-7.856826208961305,-3.4395708961892173,-5.766284605572261,-5.449816187011117,-14.864498758424562
545,3500029.21,0,34.999990229813335,35.0,291.9,0,0.0,0.8440960567702099,0.1559039432295489,2.4112577010665116e-13,200.0,61.3,-184.23959772120577,-1.0714943710697487,-0.887089901723144,-9.892726421740203,0.0,0.0,-27.832104698289324,-7.856826208961305,-3.4395708961892173,-5.766284605572261,-5.449816187011117,-14.864498758424562
546,3500029.21,1,34.999990229813335,35.0,291.9,0,0.0,0.8440943601568888,0.1559056398428822,2.2906948160131867e-13,200.0,61.3,-184.23959772120577,-1.0714943710697487,-0.887089901723144,-9.892726421740203,0.0,0.0,-27.832104698289324,-7.856826208961305,-3.4395708961892173,-5.766284605572261,-5.449816187011117,-14.864498758424562
547,3500029.21,2,34.999990229813335,35.0,291.9,0,0.0,0.8440927838485588,0.1559072161512237,2.1761600752125273e-13,200.0,61.3,-184.23959772120577,-1.0714943710697487,-0.887089901723144,-9.892726421740203,0.0,0.0,-27.832104698289324,-7.856826208961305,-3.4395708961892173,-5.766284605572261,-5.449816187011117,-14.864498758424562
548,3500029.21,3,34.999990229813335,35.0,291.9,0,0.0,0.8440895073848819,0.15591049261491138,2.0673520714519009e-13,200.0,61.3,-184.23959772120577,-1.0714943710697487,-0.887089901723144,-9.892726421740203,0.0,0.0,-27.832104698289324,-7.856826208961305,-3.4395708961892173,-5.766284605572261,-5.449816187011117,-14.864498758424562
549,3500029.21,4,34.999990229813335,35.0,291.9,0,0.0,0.844090054540319,0.15590994545948453,1.9639844678793057e-13,200.0,61.3,-184.23959772120577,-1.0714943710697487,-0.887089901723144,-9.892726421740203,0.0,0.0,-27.832104698289324,-7.856826208961305,-3.4395708961892173,-5.766284605572261,-5.449816187011117,-14.864498758424562
550,3500029.21,5,34.999990229813335,35.0,291.9,0,0.0,0.8440942178833777,0.1559057821164358,1.8657852444853405e-13,200.0,61.3,-184.23959772120577,-1.0714943710697487,-0.887089901723144,-9.892726421740203,0.0,0.0,-27.832104698289324,-7.856826208961305,-3.4395708961892173,-5.766284605572261,-5.449816187011117,-14.864498758424562
551,3500029.21,6,34.999990229813335,35.0,291.9,0,0.0,0.8440927892791024,0.15590721072072045,1.7724959822610734e-13,200.0,61.3,-184.23959772120577,-1.0714943710697487,-0.887089901723144,-9.892726421740203,0.0,0.0,-27.832104698289324,-7.856826208961305,-3.4395708961892173,-5.766284605572261,-5.449816187011117,-14.864498758424562
552,3500029.21,7,34.999990229813335,35.0,291.9,0,0.0,0.8440986639538772,0.1559013360459544,1.6838711831480195e-13,200.0,61.3,-184.23959772120577,-1.0714943710697487,-0.887089901723144,-9.892726421740203,0.0,0.0,-27.832104698289324,-7.856826208961305,-3.4395708961892173,-5.766284605572261,-5.449816187011117,-14.864498758424562
553,3500029.21,8,34.999990229813335,35.0,291.9,0,0.0,0.8441006758093363,0.1558993241905037,1.5996776239906185e-13,200.0,61.3,-184.23959772120577,-1.0714943710697487,-0.887089901723144,-9.892726421740203,0.0,0.0,-27.832104698289324,-7.856826208961305,-3.4395708961892173,-5.766284605572261,-5.449816187011117,-14.864498758424562
554,3500029.21,9,34.999990229813335,35.0,291.9,0,0.0,0.844102615048485,0.155897384951363,1.5196937427910874e-13,200.0,61.3,-184.23959772120577,-1.0714943710697487,-0.887089901723144,-9.892726421740203,0.0,0.0,-27.832104698289324,-7.856826208961305,-3.4395708961892173,-5.766284605572261,-5.449816187011117,-14.864498758424562
555,3500029.21,10,34.999990229813335,35.0,291.9,0,0.0,0.8441026954930922,0.1558973045067634,1.4437090556515328e-13,200.0,61.3,-184.23959772120577,-1.0714943710697487,-0.887089901723144,-9.892726421740203,0.0,0.0,-27.832104698289324,-7.856826208961305,-3.4395708961892173,-5.766284605572261,-5.449816187011117,-14.864498758424562
556,3500029.21,11,34.999990229813335,35.0,291.9,0,0.0,0.8441028029591644,0.1558971970406985,1.3715236028689562e-13,200.0,61.3,-184.23959772120577,-1.0714943710697487,-0.887089901723144,-9.892726421740203,0.0,0.0,-27.832104698289324,-7.856826208961305,-3.4395708961892173,-5.766284605572261,-5.449816187011117,-14.864498758424562
557,3500029.21,12,34.999990229813335,35.0,291.9,0,0.0,0.8440940101669389,0.15590598983293086,1.3029474227255082e-13,200.0,61.3,-184.23959772120577,-1.0714943710697487,-0.887089901723144,-9.892726421740203,0.0,0.0,-27.832104698289324,-7.856826208961305,-3.4395708961892173,-5.766284605572261,-5.449816187011117,-14.864498758424562
558,3500029.21,13,34.999990229813335,35.0,291.9,0,0.0,0.8440857041056764,0.15591429589419978,1.2378000515892328e-13,200.0,61.3,-184.23959772120577,-1.0714943710697487,-0.887089901723144,-9.892726421740203,0.0,0.0,-27.832104698289324,-7.856826208961305,-3.4395708961892173,-5.766284605572261,-5.449816187011117,-14.864498758424562
559,3500029.21,14,34.999990229813335,35.0,291.9,0,0.0,0.8440742983271929,0.15592570167268954,1.1759100490097713e-13,200.0,61.3,-184.23959772120577,-1.0714943710697487,-0.887089901723144,-9.892726421740203,0.0,0.0,-27.832104698289324,-7.856826208961305,-3.4395708961892173,-5.766284605572261,-5.449816187011117,-14.864498758424562
560,3500029.21,15,34.999990229813335,35.0,291.9,0,0.0,0.8440635160664791,0.15593648393340923,1.1171145465592826e-13,200.0,61.3,-184.23959772120577,-1.0714943710697487,-0.887089901723144,-9.892726421740203,0.0,0.0,-27.832104698289324,-7.856826208961305,-3.4395708961892173,-5.766284605572261,-5.449816187011117,-14.864498758424562
561,3500029.21,16,34.999990229813335,35.0,291.9,0,0.0,0.8440568749614245,0.1559431250384694,1.0612588192313185e-13,200.0,61.3,-184.23959772120577,-1.0714943710697487,-0.887089901723144,-9.892726421740203,0.0,0.0,-27.832104698289324,-7.856826208961305,-3.4395708961892173,-5.766284605572261,-5.449816187011117,-14.864498758424562
562,3500029.21,17,34.999990229813335,35.0,291.9,0,0.0,0.8440576896561579,0.1559423103437413,1.0081958782697527e-13,200.0,61.3,-184.23959772120577,-1.0714943710697487,-0.887089901723144,-9.892726421740203,0.0,0.0,-27.832104698289324,-7.856826208961305,-3.4395708961892173,-5.766284605572261,-5.449816187011117,-14.864498758424562
563,3500029.21,18,34.999990229813335,35.0,291.9,0,0.0,0.8440584970723317,0.1559415029275725,9.577860843562649e-14,200.0,61.3,-184.23959772120577,-1.0714943710697487,-0.887089901723144,-9.892726421740203,0.0,0.0,-27.832104698289324,-7.856826208961305,-3.4395708961892173,-5.766284605572261,-5.449816187011117,-14.864498758424562
564,3500029.21,19,34.999990229813335,35.0,291.9,0,0.0,0.8440628194787633,0.15593718052114575,9.098967801384517e-14,200.0,61.3,-184.23959772120577,-1.0714943710697487,-0.887089901723144,-9.892726421740203,0.0,0.0,-27.832104698289324,-7.856826208961305,-3.4395708961892173,-5.766284605572261,-5.449816187011117,-14.864498758424562
565,3500029.21,20,34.999990229813335,35.0,291.9,0,0.0,0.8440651951225054,0.15593480487740816,8.644019411315291e-14,200.0,61.3,-184.23959772120577,-1.0714943710697487,-0.887089901723144,-9.892726421740203,0.0,0.0,-27.832104698289324,-7.856826208961305,-3.4395708961892173,-5.766284605572261,-5.449816187011117,-14.864498758424562
566,3500029.21,21,34.999990229813335,35.0,291.9,0,0.0,0.8440762473708633,0.15592375262905467,8.211818440749526e-14,200.0,61.3,-184.23959772120577,-1.0714943710697487,-0.887089901723144,-9.892726421740203,0.0,0.0,-27.832104698289324,-7.856826208961305,-3.4395708961892173,-5.766284605572261,-5.449816187011117,-14.864498758424562
567,3500029.21,22,34.999990229813335,35.0,291.9,0,0.0,0.8440885091847448,0.15591149081517724,7.80122751871205e-14,200.0,61.3,-184.23959772120577,-1.0714943710697487,-0.887089901723144,-9.892726421740203,0.0,0.0,-27.832104698289324,-7.856826208961305,-3.4395708961892173,-5.766284605572261,-5.449816187011117,-14.864498758424562
568,3500029.21,23,34.999990229813335,35.0,291.9,0,0.0,0.8440966784037008,0.1559033215962251,7.411166142776448e-14,200.0,61.3,-184.23959772120577,-1.0714943710697487,-0.887089901723144,-9.892726421740203,0.0,0.0,-27.832104698289324,-7.856826208961305,-3.4395708961892173,-5.766284605572261,-5.449816187011117,-14.864498758424562
569,3500029.21,24,34.999990229813335,35.0,291.9,0,0.0,0.8440992251930699,0.1559007748068597,7.040607835637626e-14,200.0,61.3,-184.23959772120577,-1.0714943710697487,-0.887089901723144,-9.892726421740203,0.0,0.0,-27.832104698289324,-7.856826208961305,-3.4395708961892173,-5.766284605572261,-5.449816187011117,-14.864498758424562
570,3500029.21,25,34.999990229813335,35.0,291.9,0,0.0,0.844103412279454,0.1558965877204792,6.688577443855745e-14,200.0,61.3,-184.23959772120577,-1.0714943710697487,-0.887089901723144,-9.892726421740203,0.0,0.0,-27.832104698289324,-7.856826208961305,-3.4395708961892173,-5.766284605572261,-5.449816187011117,-14.864498758424562
571,3500029.21,26,34.999990229813335,35.0,291.9,0,0.0,0.8441108876105743,0.15588911238936215,6.354148571662957e-14,200.0,61.3,-184.23959772120577,-1.0714943710697487,-0.887089901723144,-9.892726421740203,0.0,0.0,-27.832104698289324,-7.856826208961305,-3.4395708961892173,-5.766284605572261,-5.449816187011117,-14.864498758424562
572,3500029.21,27,34.999990229813335,35.0,291.9,0,0.0,0.8441128028737083,0.15588719712623136,6.036441143079809e-14,200.0,61.3,-184.23959772120577,-1.0714943710697487,-0.887089901723144,-9.892726421740203,0.0,0.0,-27.832104698289324,-7.856826208961305,-3.4395708961892173,-5.766284605572261,-5.449816187011117,-14.864498758424562
573,3500029.21,28,34.999990229813335,35.0,291.9,0,0.0,0.8441198425507916,0.15588015744915099,5.734619085925818e-14,200.0,61.3,-184.23959772120577,-1.0714943710697487,-0.887089901723144,-9.892726421740203,0.0,0.0,-27.832104698289324,-7.856826208961305,-3.4395708961892173,-5.766284605572261,-5.449816187011117,-14.864498758424562
574,3500029.21,29,34.999990229813335,35.0,291.9,0,0.0,0.8441230911357669,0.15587690886417865,5.447888131629527e-14,200.0,61.3,-184.23959772120577,-1.0714943710697487,-0.887089901723144,-9.892726421740203,0.0,0.0,-27.832104698289324,-7.856826208961305,-3.4395708961892173,-5.766284605572261,-5.449816187011117,-14.864498758424562
575,3500029.21,30,34.999990229813335,35.0,291.9,0,0.0,0.8441210207450762,0.155878979254872,5.1754937250480504e-14,200.0,61.3,-184.23959772120577,-1.0714943710697487,-0.887089901723144,-9.892726421740203,0.0,0.0,-27.832104698289324,-7.856826208961305,-3.4395708961892173,-5.766284605572261,-5.449816187011117,-14.864498758424562
576,3500029.21,31,34.999990229813335,35.0,291.9,0,0.0,0.844117361144054,0.1558826388558968,4.9167190387956474e-14,200.0,61.3,-184.23959772120577,-1.0714943710697487,-0.887089901723144,-9.892726421740203,0.0,0.0,-27.832104698289324,-7.856826208961305,-3.4395708961892173,-5.766284605572261,-5.449816187011117,-14.864498758424562
577,3500029.21,32,34.999990229813335,35.0,291.9,0,0.0,0.8441139193893773,0.15588608061057604,4.670883086855866e-14,200.0,61.3,-184.23959772120577,-1.0714943710697487,-0.887089901723144,-9.892726421740203,0.0,0.0,-27.832104698289324,-7.856826208961305,-3.4395708961892173,-5.766284605572261,-5.449816187011117,-14.864498758424562
578,3500029.21,33,34.999990229813335,35.0,291.9,0,0.0,0.8441106844663406,0.15588931553361499,4.437338932513072e-14,200.0,61.3,-184.23959772120577,-1.0714943710697487,-0.887089901723144,-9.892726421740203,0.0,0.0,-27.832104698289324,-7.856826208961305,-3.4395708961892173,-5.766284605572261,-5.449816187011117,-14.864498758424562
579,3500029.21,34,34.999990229813335,35.0,291.9,0,0.0,0.8440973395091108,0.155902660490847,4.215471985887418e-14,200.0,61.3,-184.23959772120577,-1.0714943710697487,-0.887089901723144,-9.892726421740203,0.0,0.0,-27.832104698289324,-7.856826208961305,-3.4395708961892173,-5.766284605572261,-5.449816187011117,-14.864498758424562
580,3500029.21,35,34.999990229813335,35.0,291.9,0,0.0,0.8440864306312892,0.1559135693686708,4.0046983865930474e-14,200.0,61.3,-184.23959772120577,-1.0714943710697487,-0.887089901723144,-9.892726421740203,0.0,0.0,-27.832104698289324,-7.856826208961305,-3.4395708961892173,-5.766284605572261,-5.449816187011117,-14.864498758424562
581,3500029.21,36,34.999990229813335,35.0,291.9,0,0.0,0.8440761165879375,0.15592388341202457,3.804463467263396e-14,200.0,61.3,-184.23959772120577,-1.0714943710697487,-0.887089901723144,-9.892726421740203,0.0,0.0,-27.832104698289324,-7.856826208961305,-3.4395708961892173,-5.766284605572261,-5.449816187011117,-14.864498758424562
582,3500029.21,37,34.999990229813335,35.0,291.9,0,0.0,0.8440629463721635,0.15593705362780041,3.614240293900226e-14,200.0,61.3,-184.23959772120577,-1.0714943710697487,-0.887089901723144,-9.892726421740203,0.0,0.0,-27.832104698289324,-7.856826208961305,-3.4395708961892173,-5.766284605572261,-5.449816187011117,-14.864498758424562
583,3500029.21,38,34.999990229813335,35.0,291.9,0,0.0,0.8440521975518329,0.15594780244813272,3.4335282792052144e-14,200.0,61.3,-184.23959772120577,-1.0714943710697487,-0.887089901723144,-9.892726421740203,0.0,0.0,-27.832104698289324,-7.856826208961305,-3.4395708961892173,-5.766284605572261,-5.449816187011117,-14.864498758424562
584,3500029.21,39,34.999990229813335,35.0,291.9,0,0.0,0.8440352148732722,0.1559647851266953,3.2618518652449543e-14,200.0,61.3,-184.23959772120577,-1.0714943710697487,-0.887089901723144,-9.892726421740203,0.0,0.0,-27.832104698289324,-7.856826208961305,-3.4395708961892173,-5.766284605572261,-5.449816187011117,-14.864498758424562
585,3500029.21,40,34.999990229813335,35.0,291.9,0,0.0,0.8440225517265012,0.15597744827346777,3.098759271982706e-14,200.0,61.3,-184.23959772120577,-1.0714943710697487,-0.887089901723144,-9.892726421740203,0.0,0.0,-27.832104698289324,-7.856826208961305,-3.4395708961892173,-5.766284605572261,-5.449816187011117,-14.864498758424562
586,3500029.21,41,34.999990229813335,35.0,291.9,0,0.0,0.8440071782404318,0.15599282175953882,2.943821308383571e-14,200.0,61.3,-184.23959772120577,-1.0714943710697487,-0.887089901723144,-9.892726421740203,0.0,0.0,-27.832104698289324,-7.856826208961305,-3.4395708961892173,-5.766284605572261,-5.449816187011117,-14.864498758424562
587,3500029.21,42,34.999990229813335,35.0,291.9,0,0.0,0.8439960315529322,0.15600396844703976,2.7966302429643925e-14,200.0,61.3,-184.23959772120577,-1.0714943710697487,-0.887089901723144,-9.892726421740203,0.0,0.0,-27.832104698289324,-7.856826208961305,-3.4395708961892173,-5.766284605572261,-5.449816187011117,-14.864498758424562
588,3500029.21,43,34.999990229813335,35.0,291.9,0,0.0,0.8439787185961541,0.15602128140381932,2.6567987308161732e-14,200.0,61.3,-184.23959772120577,-1.0714943710697487,-0.887089901723144,-9.892726421740203,0.0,0.0,-27.832104698289324,-7.856826208961305,-3.4395708961892173,-5.766284605572261,-5.449816187011117,-14.864498758424562
589,3500029.21,44,34.999990229813335,35.0,291.9,0,0.0,0.8439606461398634,0.15603935386011136,2.5239587942753645e-14,200.0,61.3,-184.23959772120577,-1.0714943710697487,-0.887089901723144,-9.892726421740203,0.0,0.0,-27.832104698289324,-7.856826208961305,-3.4395708961892173,-5.766284605572261,-5.449816187011117,-14.864498758424562
590,3500029.21,45,34.999990229813335,35.0,291.9,0,0.0,0.8439418571892636,0.15605814281071237,2.397760854561596e-14,200.0,61.3,-184.23959772120577,-1.0714943710697487,-0.887089901723144,-9.892726421740203,0.0,0.0,-27.832104698289324,-7.856826208961305,-3.4395708961892173,-5.766284605572261,-5.449816187011117,-14.864498758424562
591,3500029.21,46,34.999990229813335,35.0,291.9,0,0.0,0.8439274579234878,0.15607254207648946,2.2778728118335166e-14,200.0,61.3,-184.23959772120577,-1.0714943710697487,-0.887089901723144,-9.892726421740203,0.0,0.0,-27.832104698289324,-7.856826208961305,-3.4395708961892173,-5.766284605572261,-5.449816187011117,-14.864498758424562
592,3500029.21,47,34.999990229813335,35.0,291.9,0,0.0,0.8439188977864567,0.1560811022135217,2.1639791712418406e-14,200.0,61.3,-184.23959772120577,-1.0714943710697487,-0.887089901723144,-9.892726421740203,0.0,0.0,-27.832104698289324,-7.856826208961305,-3.4395708961892173,-5.766284605572261,-5.449816187011117,-14.864498758424562
593,3500029.21,48,34.999990229813335,35.0,291.9,0,0.0,0.8439108245917282,0.1560891754082513,2.0557802126797483e-14,200.0,61.3,-184.23959772120577,-1.0714943710697487,-0.887089901723144,-9.892726421740203,0.0,0.0,-27.832104698289324,-7.856826208961305,-3.4395708961892173,-5.766284605572261,-5.449816187011117,-14.864498758424562
594,3500029.21,49,34.999990229813335,35.0,291.9,0,0.0,0.8439065668467222,0.15609343315325833,1.9529912020457612e-14,200.0,61.3,-184.23959772120577,-1.0714943710697487,-0.887089901723144,-9.892726421740203,0.0,0.0,-27.832104698289324,-7.856826208961305,-3.4395708961892173,-5.766284605572261,-5.449816187011117,-14.864498758424562
595,3500029.21,0,34.999990229813335,35.0,291.9,0,0.0,0.843900901414371,0.15609909858561039,1.855341641943473e-14,200.0,61.3,-184.23959772120577,-1.0714943710697487,-0.887089901723144,-9.892726421740203,0.0,0.0,-27.832104698289324,-7.856826208961305,-3.4395708961892173,-5.766284605572261,-5.449816187011117,-14.864498758424562
596,3500029.21,1,34.999990229813335,35.0,291.9,0,0.0,0.8438939036394786,0.15610609636050377,1.7625745598462995e-14,200.0,61.3,-184.23959772120577,-1.0714943710697487,-0.887089901723144,-9.892726421740203,0.0,0.0,-27.832104698289324,-7.856826208961305,-3.4395708961892173,-5.766284605572261,-5.449816187011117,-14.864498758424562
597,3500029.21,2,34.999990229813335,35.0,291.9,0,0.0,0.8438806351690195,0.15611936483096384,1.674445831853985e-14,200.0,61.3,-184.23959772120577,-1.0714943710697487,-0.887089901723144,-9.892726421740203,0.0,0.0,-27.832104698289324,-7.856826208961305,-3.4395708961892173,-5.766284605572261,-5.449816187011117,-14.864498758424562
598,3500029.21,3,34.999990229813335,35.0,291.9,0,0.0,0.8438597522936617,0.15614024770632232,1.5907235402612857e-14,200.0,61.3,-184.23959772120577,-1.0714943710697487,-0.887089901723144,-9.892726421740203,0.0,0.0,-27.832104698289324,-7.856826208961305,-3.4395708961892173,-5.766284605572261,-5.449816187011117,-14.864498758424562
599,3500029.21,4,34.999990229813335,35.0,291.9,0,0.0,0.8438466643785802,0.15615333562140465,1.5111873632482217e-14,200.0,61.3,-184.23959772120577,-1.0714943710697487,-0.887089901723144,-9.892726421740203,0.0,0.0,-27.832104698289324,-7.856826208961305,-3.4395708961892173,-5.766284605572261,-5.449816187011117,-14.864498758424562
600,3500029.21,5,34.999990229813335,35.0,291.9,0,0.0,0.8438376271765096,0.15616237282347617,1.4356279950858105e-14,200.0,61.3,-184.23959772120577,-1.0714943710697487,-0.887089901723144,-9.892726421740203,0.0,0.0,-27.832104698289324,-7.856826208961305,-3.4395708961892173,-5.766284605572261,-5.449816187011117,-14.864498758424562
601,3500029.21,6,34.999990229813335,35.0,291.9,0,0.0,0.8438274484343244,0.15617255156566195,1.3638465953315198e-14,200.0,61.3,-184.23959772120577,-1.0714943710697487,-0.887089901723144,-9.892726421740203,0.0,0.0,-27.832104698289324,-7.856826208961305,-3.4395708961892173,-5.766284605572261,-5.449816187011117,-14.864498758424562
602,3500029.21,7,34.999990229813335,35.0,291.9,0,0.0,0.8438195034160848,0.15618049658390232,1.2956542655649438e-14,200.0,61.3,-184.23959772120577,-1.0714943710697487,-0.887089901723144,-9.892726421740203,0.0,0.0,-27.832104698289324,-7.856826208961305,-3.4395708961892173,-5.766284605572261,-5.449816187011117,-14.864498758424562
603,3500029.21,8,34.999990229813335,35.0,291.9,0,0.0,0.8438103674197147,0.15618963258027302,1.2308715522866966e-14,200.0,61.3,-184.23959772120577,-1.0714943710697487,-0.887089901723144,-9.892726421740203,0.0,0.0,-27.832104698289324,-7.856826208961305,-3.4395708961892173,-5.766284605572261,-5.449816187011117,-14.864498758424562
604,3500029.21,9,34.999990229813335,35.0,291.9,0,0.0,0.8438017561574739,0.1561982438425145,1.1693279746723618e-14,200.0,61.3,-184.23959772120577,-1.0714943710697487,-0.887089901723144,-9.892726421740203,0.0,0.0,-27.832104698289324,-7.856826208961305,-3.4395708961892173,-5.766284605572261,-5.449816187011117,-14.864498758424562
605,3500029.21,10,34.999990229813335,35.0,291.9,0,0.0,0.8437952911783841,0.15620470882160462,1.1108615759387433e-14,200.0,61.3,-184.23959772120577,-1.0714943710697487,-0.887089901723144,-9.892726421740203,0.0,0.0,-27.832104698289324,-7.856826208961305,-3.4395708961892173,-5.766284605572261,-5.449816187011117,-14.864498758424562
606,3500029.21,11,34.999990229813335,35.0,291.9,0,0.0,0.843785923111652,0.1562140768883375,1.0553184971418062e-14,200.0,61.3,-184.23959772120577,-1.0714943710697487,-0.887089901723144,-9.892726421740203,0.0,0.0,-27.832104698289324,-7.856826208961305,-3.4395708961892173,-5.766284605572261,-5.449816187011117,-14.864498758424562
607,3500029.21,12,34.999990229813335,35.0,291.9,0,0.0,0.8437705157208673,0.15622948427912275,1.0025525722847159e-14,200.0,61.3,-184.23959772120577,-1.0714943710697487,-0.887089901723144,-9.892726421740203,0.0,0.0,-27.832104698289324,-7.856826208961305,-3.4395708961892173,-5.766284605572261,-5.449816187011117,-14.864498758424562
608,3500029.21,13,34.999990229813335,35.0,291.9,0,0.0,0.8437543164606317,0.15624568353935883,9.5242494367048e-15,200.0,61.3,-184.23959772120577,-1.0714943710697487,-0.887089901723144,-9.892726421740203,0.0,0.0,-27.832104698289324,-7.856826208961305,-3.4395708961892173,-5.766284605572261,-5.449816187011117,-14.864498758424562
609,3500029.21,14,34.999990229813335,35.0,291.9,0,0.0,0.8437390104851736,0.15626098951481737,9.04803696486956e-15,200.0,61.3,-184.23959772120577,-1.0714943710697487,-0.887089901723144,-9.892726421740203,0.0,0.0,-27.832104698289324,-7.856826208961305,-3.4395708961892173,-5.766284605572261,-5.449816187011117,-14.864498758424562
610,3500029.21,15,34.999990229813335,35.0,291.9,0,0.0,0.8437294638871787,0.15627053611281275,8.595635116626081e-15,200.0,61.3,-184.23959772120577,-1.0714943710697487,-0.887089901723144,-9.892726421740203,0.0,0.0,-27.832104698289324,-7.856826208961305,-3.4395708961892173,-5.766284605572261,-5.449816187011117,-14.864498758424562
611,3500029.21,16,34.999990229813335,35.0,291.9,0,0.0,0.843718835454481,0.1562811645455109,8.165853360794776e-15,200.0,61.3,-184.23959772120577,-1.0714943710697487,-0.887089901723144,-9.892726421740203,0.0,0.0,-27.832104698289324,-7.856826208961305,-3.4395708961892173,-5.766284605572261,-5.449816187011117,-14.864498758424562
612,3500029.21,17,34.999990229813335,35.0,291.9,0,0.0,0.8437071839316923,0.15629281606829995,7.757560692755037e-15,200.0,61.3,-184.23959772120577,-1.0714943710697487,-0.887089901723144,-9.892726421740203,0.0,0.0,-27.832104698289324,-7.856826208961305,-3.4395708961892173,-5.766284605572261,-5.449816187011117,-14.864498758424562
613,3500029.21,18,34.999990229813335,35.0,291.9,0,0.0,0.8437010793145538,0.1562989206854388,7.369682658117285e-15,200.0,61.3,-184.23959772120577,-1.0714943710697487,-0.887089901723144,-9.892726421740203,0.0,0.0,-27.832104698289324,-7.856826208961305,-3.4395708961892173,-5.766284605572261,-5.449816187011117,-14.864498758424562
614,3500029.21,19,34.999990229813335,35.0,291.9,0,0.0,0.8436937260176712,0.1563062739823218,7.001198525211421e-15,200.0,61.3,-184.23959772120577,-1.0714943710697487,-0.887089901723144,-9.892726421740203,0.0,0.0,-27.832104698289324,-7.856826208961305,-3.4395708961892173,-5.766284605572261,-5.449816187011117,-14.864498758424562
615,3500029.21,20,34.999990229813335,35.0,291.9,0,0.0,0.843688436281964,0.15631156371802943,6.6511385989508494e-15,200.0,61.3,-184.23959772120577,-1.0714943710697487,-0.887089901723144,-9.892726421740203,0.0,0.0,-27.832104698289324,-7.856826208961305,-3.4395708961892173,-5.766284605572261,-5.449816187011117,-14.864498758424562
616,3500029.21,21,34.999990229813335,35.0,291.9,0,0.0,0.8436851007657548,0.15631489923423897,6.3185816690033065e-15,200.0,61.3,-184.23959772120577,-1.0714943710697487,-0.887089901723144,-9.892726421740203,0.0,0.0,-27.832104698289324,-7.856826208961305,-3.4395708961892173,-5.766284605572261,-5.449816187011117,-14.864498758424562
617,3500029.21,22,34.999990229813335,35.0,291.9,0,0.0,0.843683615627991,0.15631638437200296,6.002652585553141e-15,200.0,61.3,-184.23959772120577,-1.0714943710697487,-0.887089901723144,-9.892726421740203,0.0,0.0,-27.832104698289324,-7.856826208961305,-3.4395708961892173,-5.766284605572261,-5.449816187011117,-14.864498758424562
618,3500029.21,23,34.999990229813335,35.0,291.9,0,0.0,0.8436822695886013,0.15631773041139302,5.702519956275484e-15,200.0,61.3,-184.23959772120577,-1.0714943710697487,-0.887089901723144,-9.892726421740203,0.0,0.0,-27.832104698289324,-7.856826208961305,-3.4395708961892173,-5.766284605572261,-5.449816187011117,-14.864498758424562
619,3500029.21,24,34.999990229813335,35.0,291.9,0,0.0,0.8436826654877599,0.15631733451223462,5.41739395846171e-15,200.0,61.3,-184.23959772120577,-1.0714943710697487,-0.887089901723144,-9.892726421740203,0.0,0.0,-27.832104698289324,-7.856826208961305,-3.4395708961892173,-5.766284605572261,-5.449816187011117,-14.864498758424562
620,3500029.21,25,34.999990229813335,35.0,291.9,0,0.0,0.8436766707007792,0.1563233292992157,5.146524260538625e-15,200.0,61.3,-184.23959772120577,-1.0714943710697487,-0.887089901723144,-9.892726421740203,0.0,0.0,-27.832104698289324,-7.856826208961305,-3.4395708961892173,-5.766284605572261,-5.449816187011117,-14.864498758424562
621,3500029.21,26,34.999990229813335,35.0,291.9,0,0.0,0.8436662255949913,0.15633377440500393,4.889198047511693e-15,200.0,61.3,-184.23959772120577,-1.0714943710697487,-0.887089901723144,-9.892726421740203,0.0,0.0,-27.832104698289324,-7.856826208961305,-3.4395708961892173,-5.766284605572261,-5.449816187011117,-14.864498758424562
622,3500029.21,27,34.999990229813335,35.0,291.9,0,0.0,0.8436595926107887,0.15634040738920668,4.644738145136108e-15,200.0,61.3,-184.23959772120577,-1.0714943710697487,-0.887089901723144,-9.892726421740203,0.0,0.0,-27.832104698289324,-7.856826208961305,-3.4395708961892173,-5.766284605572261,-5.449816187011117,-14.864498758424562
623,3500029.21,28,34.999990229813335,35.0,291.9,0,0.0,0.8436517634406945,0.15634823655930116,4.412501237879303e-15,200.0,61.3,-184.23959772120577,-1.0714943710697487,-0.887089901723144,-9.892726421740203,0.0,0.0,-27.832104698289324,-7.856826208961305,-3.4395708961892173,-5.766284605572261,-5.449816187011117,-14.864498758424562
624,3500029.21,29,34.999990229813335,35.0,291.9,0,0.0,0.8436460019072586,0.15635399809273717,4.191876175985338e-15,200.0,61.3,-184.23959772120577,-1.0714943710697487,-0.887089901723144,-9.892726421740203,0.0,0.0,-27.832104698289324,-7.856826208961305,-3.4395708961892173,-5.766284605572261,-5.449816187011117,-14.864498758424562
625,3500029.21,30,34.999990229813335,35.0,291.9,0,0.0,0.8436390053678368,0.1563609946321593,3.982282367186072e-15,200.0,61.3,-184.23959772120577,-1.0714943710697487,-0.887089901723144,-9.892726421740203,0.0,0.0,-27.832104698289324,-7.856826208961305,-3.4395708961892173,-5.766284605572261,-5.449816187011117,-14.864498758424562
626,3500029.21,31,34.999990229813335,35.0,291.9,0,0.0,0.843630840015352,0.1563691599846442,3.783168248826768e-15,200.0,61.3,-184.23959772120577,-1.0714943710697487,-0.887089901723144,-9.892726421740203,0.0,0.0,-27.832104698289324,-7.856826208961305,-3.4395708961892173,-5.766284605572261,-5.449816187011117,-14.864498758424562
627,3500029.21,32,34.999990229813335,35.0,291.9,0,0.0,0.8436247536733986,0.15637524632659777,3.594009836385429e-15,200.0,61.3,-184.23959772120577,-1.0714943710697487,-0.887089901723144,-9.892726421740203,0.0,0.0,-27.832104698289324,-7.856826208961305,-3.4395708961892173,-5.766284605572261,-5.449816187011117,-14.864498758424562
628,3500029.21,33,34.999990229813335,35.0,291.9,0,0.0,0.8436238130701453,0.1563761869298513,3.4143093445661582e-15,200.0,61.3,-184.23959772120577,-1.0714943710697487,-0.887089901723144,-9.892726421740203,0.0,0.0,-27.832104698289324,-7.856826208961305,-3.4395708961892173,-5.766284605572261,-5.449816187011117,-14.864498758424562
629,3500029.21,34,34.999990229813335,35.0,291.9,0,0.0,0.8436229872013647,0.15637701279863198,3.24359387733785e-15,200.0,61.3,-184.23959772120577,-1.0714943710697487,-0.887089901723144,-9.892726421740203,0.0,0.0,-27.832104698289324,-7.856826208961305,-3.4395708961892173,-5.766284605572261,-5.449816187011117,-14.864498758424562
630,3500029.21,35,34.999990229813335,35.0,291.9,0,0.0,0.8436191037670654,0.15638089623293153,3.0814141834709574e-15,200.0,61.3,-184.23959772120577,-1.0714943710697487,-0.887089901723144,-9.892726421740203,0.0,0.0,-27.832104698289324,-7.856826208961305,-3.4395708961892173,-5.766284605572261,-5.449816187011117,-14.864498758424562
631,3500029.21,36,34.999990229813335,35.0,291.9,0,0.0,0.843610741166885,0.15638925883311214,2.9273434742974094e-15,200.0,61.3,-184.23959772120577,-1.0714943710697487,-0.887089901723144,-9.892726421740203,0.0,0.0,-27.832104698289324,-7.856826208961305,-3.4395708961892173,-5.766284605572261,-5.449816187011117,-14.864498758424562
632,3500029.21,37,34.999990229813335,35.0,291.9,0,0.0,0.8436076145801408,0.15639238541985642,2.780976300582539e-15,200.0,61.3,-184.23959772120577,-1.0714943710697487,-0.887089901723144,-9.892726421740203,0.0,0.0,-27.832104698289324,-7.856826208961305,-3.4395708961892173,-5.766284605572261,-5.449816187011117,-14.864498758424562
633,3500029.21,38,34.999990229813335,35.0,291.9,0,0.0,0.8436078672804412,0.15639213271955613,2.6419274855534123e-15,200.0,61.3,-184.23959772120577,-1.0714943710697487,-0.887089901723144,-9.892726421740203,0.0,0.0,-27.832104698289324,-7.856826208961305,-3.4395708961892173,-5.766284605572261,-5.449816187011117,-14.864498758424562
634,3500029.21,39,34.999990229813335,35.0,291.9,0,0.0,0.8436034542561991,0.15639654574379847,2.509831111275742e-15,200.0,61.3,-184.23959772120577,-1.0714943710697487,-0.887089901723144,-9.892726421740203,0.0,0.0,-27.832104698289324,-7.856826208961305,-3.4395708961892173,-5.766284605572261,-5.449816187011117,-14.864498758424562
635,3500029.21,40,34.999990229813335,35.0,291.9,0,0.0,0.8436024778085044,0.15639752219149333,2.384339555711955e-15,200.0,61.3,-184.23959772120577,-1.0714943710697487,-0.887089901723144,-9.892726421740203,0.0,0.0,-27.832104698289324,-7.856826208961305,-3.4395708961892173,-5.766284605572261,-5.449816187011117,-14.864498758424562
636,3500029.21,41,34.999990229813335,35.0,291.9,0,0.0,0.8435953430803608,0.15640465691963698,2.265122577926357e-15,200.0,61.3,-184.23959772120577,-1.0714943710697487,-0.887089901723144,-9.892726421740203,0.0,0.0,-27.832104698289324,-7.856826208961305,-3.4395708961892173,-5.766284605572261,-5.449816187011117,-14.864498758424562
637,3500029.21,42,34.999990229813335,35.0,291.9,0,0.0,0.8435917775426762,0.15640822245732167,2.1518664490300394e-15,200.0,61.3,-184.23959772120577,-1.0714943710697487,-0.887089901723144,-9.892726421740203,0.0,0.0,-27.832104698289324,-7.856826208961305,-3.4395708961892173,-5.766284605572261,-5.449816187011117,-14.864498758424562
638,3500029.21,43,34.999990229813335,35.0,291.9,0,0.0,0.8435837694857384,0.15641623051425962,2.0442731265785373e-15,200.0,61.3,-184.23959772120577,-1.0714943710697487,-0.887089901723144,-9.892726421740203,0.0,0.0,-27.832104698289324,-7.856826208961305,-3.4395708961892173,-5.766284605572261,-5.449816187011117,-14.864498758424562
639,3500029.21,44,34.999990229813335,35.0,291.9,0,0.0,0.8435840508319581,0.15641594916804,1.9420594702496105e-15,200.0,61.3,-184.23959772120577,-1.0714943710697487,-0.887089901723144,-9.892726421740203,0.0,0.0,-27.832104698289324,-7.856826208961305,-3.4395708961892173,-5.766284605572261,-5.449816187011117,-14.864498758424562
640,3500029.21,45,34.999990229813335,35.0,291.9,0,0.0,0.8435843859570641,0.1564156140429341,1.84495649673713e-15,200.0,61.3,-184.23959772120577,-1.0714943710697487,-0.887089901723144,-9.892726421740203,0.0,0.0,-27.832104698289324,-7.856826208961305,-3.4395708961892173,-5.766284605572261,-5.449816187011117,-14.864498758424562
641,3500029.21,46,34.999990229813335,35.0,291.9,0,0.0,0.8435816600376272,0.15641833996237095,1.7527086719002733e-15,200.0,61.3,-184.23959772120577,-1.0714943710697487,-0.887089901723144,-9.892726421740203,0.0,0.0,-27.832104698289324,-7.856826208961305,-3.4395708961892173,-5.766284605572261,-5.449816187011117,-14.864498758424562
642,3500029.21,47,34.999990229813335,35.0,291.9,0,0.0,0.8435791427775612,0.1564208572224372,1.6650732383052598e-15,200.0,61.3,-184.23959772120577,-1.0714943710697487,-0.887089901723144,-9.892726421740203,0.0,0.0,-27.832104698289324,-7.856826208961305,-3.4395708961892173,-5.766284605572261,-5.449816187011117,-14.864498758424562
643,3500029.21,48,34.999990229813335,35.0,291.9,0,0.0,0.843569059665429,0.15643094033456934,1.5818195763899968e-15,200.0,61.3,-184.23959772120577,-1.0714943710697487,-0.887089901723144,-9.892726421740203,0.0,0.0,-27.832104698289324,-7.856826208961305,-3.4395708961892173,-5.766284605572261,-5.449816187011117,-14.864498758424562
644,3500029.21,49,34.999990229813335,35.0,291.9,0,0.0,0.8435580131278847,0.15644198687211375,1.5027285975704969e-15,200.0,61.3,-184.23959772120577,-1.0714943710697487,-0.887089901723144,-9.892726421740203,0.0,0.0,-27.832104698289324,-7.856826208961305,-3.4395708961892173,-5.766284605572261,-5.449816187011117,-14.864498758424562
645,3500029.21,0,34.999990229813335,35.0,291.9,0,0.0,0.8435460554928145,0.15645394450718414,1.4275921676919723e-15,200.0,61.3,-184.23959772120577,-1.0714943710697487,-0.887089901723144,-9.892726421740203,0.0,0.0,-27.832104698289324,-7.856826208961305,-3.4395708961892173,-5.766284605572261,-5.449816187011117,-14.864498758424562
646,3500029.21,1,34.999990229813335,35.0,291.9,0,0.0,0.8435301391975498,0.15646986080244885,1.3562125593073736e-15,200.0,61.3,-184.23959772120577,-1.0714943710697487,-0.887089901723144,-9.892726421740203,0.0,0.0,-27.832104698289324,-7.856826208961305,-3.4395708961892173,-5.766284605572261,-5.449816187011117,-14.864498758424562
647,3500029.21,2,34.999990229813335,35.0,291.9,0,0.0,0.8435182067404438,0.15648179325955497,1.2884019313420049e-15,200.0,61.3,-184.23959772120577,-1.0714943710697487,-0.887089901723144,-9.892726421740203,0.0,0.0,-27.832104698289324,-7.856826208961305,-3.4395708961892173,-5.766284605572261,-5.449816187011117,-14.864498758424562
648,3500029.21,3,34.999990229813335,35.0,291.9,0,0.0,0.8435069613881329,0.15649303861186595,1.2239818347749045e-15,200.0,61.3,-184.23959772120577,-1.0714943710697487,-0.887089901723144,-9.892726421740203,0.0,0.0,-27.832104698289324,-7.856826208961305,-3.4395708961892173,-5.766284605572261,-5.449816187011117,-14.864498758424562
649,3500029.21,4,34.999990229813335,35.0,291.9,0,0.0,0.8434979090658703,0.15650209093412853,1.1627827430361592e-15,200.0,61.3,-184.23959772120577,-1.0714943710697487,-0.887089901723144,-9.892726421740203,0.0,0.0,-27.832104698289324,-7.856826208961305,-3.4395708961892173,-5.766284605572261,-5.449816187011117,-14.864498758424562
650,3500029.21,5,34.999990229813335,35.0,291.9,0,0.0,0.8434924716607625,0.1565075283392364,1.1046436058843512e-15,200.0,61.3,-184.23959772120577,-1.0714943710697487,-0.887089901723144,-9.892726421740203,0.0,0.0,-27.832104698289324,-7.856826208961305,-3.4395708961892173,-5.766284605572261,-5.449816187011117,-14.864498758424562
651,3500029.21,6,34.999990229813335,35.0,291.9,0,0.0,0.8434812466003323,0.15651875339966664,1.0494114255901336e-15,200.0,61.3,-184.23959772120577,-1.0714943710697487,-0.887089901723144,-9.892726421740203,0.0,0.0,-27.832104698289324,-7.856826208961305,-3.4395708961892173,-5.766284605572261,-5.449816187011117,-14.864498758424562
652,3500029.21,7,34.999990229813335,35.0,291.9,0,0.0,0.8434722083601587,0.15652779163984032,9.96940854310627e-16,200.0,61.3,-184.23959772120577,-1.0714943710697487,-0.887089901723144,-9.892726421740203,0.0,0.0,-27.832104698289324,-7.856826208961305,-3.4395708961892173,-5.766284605572261,-5.449816187011117,-14.864498758424562
653,3500029.21,8,34.999990229813335,35.0,291.9,0,0.0,0.8434683023891383,0.15653169761086075,9.470938115950956e-16,200.0,61.3,-184.23959772120577,-1.0714943710697487,-0.887089901723144,-9.892726421740203,0.0,0.0,-27.832104698289324,-7.856826208961305,-3.4395708961892173,-5.766284605572261,-5.449816187011117,-14.864498758424562
654,3500029.21,9,34.999990229813335,35.0,291.9,0,0.0,0.8434662004056453,0.15653379959435382,8.99739121015341e-16,200.0,61.3,-184.23959772120577,-1.0714943710697487,-0.887089901723144,-9.892726421740203,0.0,0.0,-27.832104698289324,-7.856826208961305,-3.4395708961892173,-5.766284605572261,-5.449816187011117,-14.864498758424562
655,3500029.21,10,34.999990229813335,35.0,291.9,0,0.0,0.8434597070083842,0.1565402929916149,8.547521649645739e-16,200.0,61.3,-184.23959772120577,-1.0714943710697487,-0.887089901723144,-9.892726421740203,0.0,0.0,-27.832104698289324,-7.856826208961305,-3.4395708961892173,-5.766284605572261,-5.449816187011117,-14.864498758424562
656,3500029.21,11,34.999990229813335,35.0,291.9,0,0.0,0.8434536241518015,0.15654637584819772,8.120145567163451e-16,200.0,61.3,-184.23959772120577,-1.0714943710697487,-0.887089901723144,-9.892726421740203,0.0,0.0,-27.832104698289324,-7.856826208961305,-3.4395708961892173,-5.766284605572261,-5.449816187011117,-14.864498758424562
657,3500029.21,12,34.999990229813335,35.0,291.9,0,0.0,0.8434464096628503,0.15655359033714888,7.714138288805278e-16,200.0,61.3,-184.23959772120577,-1.0714943710697487,-0.887089901723144,-9.892726421740203,0.0,0.0,-27.832104698289324,-7.856826208961305,-3.4395708961892173,-5.766284605572261,-5.449816187011117,-14.864498758424562
658,3500029.21,13,34.999990229813335,35.0,291.9,0,0.0,0.8434396436033065,0.15656035639669283,7.328431374365015e-16,200.0,61.3,-184.23959772120577,-1.0714943710697487,-0.887089901723144,-9.892726421740203,0.0,0.0,-27.832104698289324,-7.856826208961305,-3.4395708961892173,-5.766284605572261,-5.449816187011117,-14.864498758424562
659,3500029.21,14,34.999990229813335,35.0,291.9,0,0.0,0.8434348199397635,0.15656518006023576,6.962009805646765e-16,200.0,61.3,-184.23959772120577,-1.0714943710697487,-0.887089901723144,-9.892726421740203,0.0,0.0,-27.832104698289324,-7.856826208961305,-3.4395708961892173,-5.766284605572261,-5.449816187011117,-14.864498758424562
660,3500029.21,15,34.999990229813335,35.0,291.9,0,0.0,0.8434333494673713,0.1565666505326281,6.613909315364426e-16,200.0,61.3,-184.23959772120577,-1.0714943710697487,-0.887089901723144,-9.892726421740203,0.0,0.0,-27.832104698289324,-7.856826208961305,-3.4395708961892173,-5.766284605572261,-5.449816187011117,-14.864498758424562
661,3500029.21,16,34.999990229813335,35.0,291.9,0,0.0,0.84342900987999,0.15657099012000933,6.283213849596205e-16,200.0,61.3,-184.23959772120577,-1.0714943710697487,-0.887089901723144,-9.892726421740203,0.0,0.0,-27.832104698289324,-7.856826208961305,-3.4395708961892173,-5.766284605572261,-5.449816187011117,-14.864498758424562
662,3500029.21,17,34.999990229813335,35.0,291.9,0,0.0,0.8434249715665405,0.15657502843345897,5.969053157116396e-16,200.0,61.3,-184.23959772120577,-1.0714943710697487,-0.887089901723144,-9.892726421740203,0.0,0.0,-27.832104698289324,-7.856826208961305,-3.4395708961892173,-5.766284605572261,-5.449816187011117,-14.864498758424562
663,3500029.21,18,34.999990229813335,35.0,291.9,0,0.0,0.843430253146016,0.15656974685398337,5.670600499260576e-16,200.0,61.3,-184.23959772120577,-1.0714943710697487,-0.887089901723144,-9.892726421740203,0.0,0.0,-27.832104698289324,-7.856826208961305,-3.4395708961892173,-5.766284605572261,-5.449816187011117,-14.864498758424562
664,3500029.21,19,34.999990229813335,35.0,291.9,0,0.0,0.8434293290407587,0.15657067095924068,5.387070474297547e-16,200.0,61.3,-184.23959772120577,-1.0714943710697487,-0.887089901723144,-9.892726421740203,0.0,0.0,-27.832104698289324,-7.856826208961305,-3.4395708961892173,-5.766284605572261,-5.449816187011117,-14.864498758424562
665,3500029.21,20,34.999990229813335,35.0,291.9,0,0.0,0.843433032435477,0.1565669675645226,5.11771695058267e-16,200.0,61.3,-184.23959772120577,-1.0714943710697487,-0.887089901723144,-9.892726421740203,0.0,0.0,-27.832104698289324,-7.856826208961305,-3.4395708961892173,-5.766284605572261,-5.449816187011117,-14.864498758424562
666,3500029.21,21,34.999990229813335,35.0,291.9,0,0.0,0.8434336258869266,0.15656637411307278,4.861831103053535e-16,200.0,61.3,-184.23959772120577,-1.0714943710697487,-0.887089901723144,-9.892726421740203,0.0,0.0,-27.832104698289324,-7.856826208961305,-3.4395708961892173,-5.766284605572261,-5.449816187011117,-14.864498758424562
667,3500029.21,22,34.999990229813335,35.0,291.9,0,0.0,0.8434297743923033,0.1565702256076963,4.618739547900859e-16,200.0,61.3,-184.23959772120577,-1.0714943710697487,-0.887089901723144,-9.892726421740203,0.0,0.0,-27.832104698289324,-7.856826208961305,-3.4395708961892173,-5.766284605572261,-5.449816187011117,-14.864498758424562
668,3500029.21,23,34.999990229813335,35.0,291.9,0,0.0,0.8434336701321361,0.15656632986786342,4.387802570505816e-16,200.0,61.3,-184.23959772120577,-1.0714943710697487,-0.887089901723144,-9.892726421740203,0.0,0.0,-27.832104698289324,-7.856826208961305,-3.4395708961892173,-5.766284605572261,-5.449816187011117,-14.864498758424562
669,3500029.21,24,34.999990229813335,35.0,291.9,0,0.0,0.8434329672779851,0.15656703272201447,4.1684124419805254e-16,200.0,61.3,-184.23959772120577,-1.0714943710697487,-0.887089901723144,-9.892726421740203,0.0,0.0,-27.832104698289324,-7.856826208961305,-3.4395708961892173,-5.766284605572261,-5.449816187011117,-14.864498758424562
670,3500029.21,25,34.999990229813335,35.0,291.9,0,0.0,0.8434368453643152,0.1565631546356844,3.959991819881499e-16,200.0,61.3,-184.23959772120577,-1.0714943710697487,-0.887089901723144,-9.892726421740203,0.0,0.0,-27.832104698289324,-7.856826208961305,-3.4395708961892173,-5.766284605572261,-5.449816187011117,-14.864498758424562
671,3500029.21,26,34.999990229813335,35.0,291.9,0,0.0,0.843445057388049,0.15655494261195071,3.7619922288874244e-16,200.0,61.3,-184.23959772120577,-1.0714943710697487,-0.887089901723144,-9.892726421740203,0.0,0.0,-27.832104698289324,-7.856826208961305,-3.4395708961892173,-5.766284605572261,-5.449816187011117,-14.864498758424562
672,3500029.21,27,34.999990229813335,35.0,291.9,0,0.0,0.8434558871591841,0.1565441128408156,3.573892617443053e-16,200.0,61.3,-184.23959772120577,-1.0714943710697487,-0.887089901723144,-9.892726421740203,0.0,0.0,-27.832104698289324,-7.856826208961305,-3.4395708961892173,-5.766284605572261,-5.449816187011117,-14.864498758424562
673,3500029.21,28,34.999990229813335,35.0,291.9,0,0.0,0.843469192801504,0.15653080719849571,3.3951979865709006e-16,200.0,61.3,-184.23959772120577,-1.0714943710697487,-0.887089901723144,-9.892726421740203,0.0,0.0,-27.832104698289324,-7.856826208961305,-3.4395708961892173,-5.766284605572261,-5.449816187011117,-14.864498758424562
674,3500029.21,29,34.999990229813335,35.0,291.9,0,0.0,0.8434818875264075,0.15651811247359218,3.225438087242355e-16,200.0,61.3,-184.23959772120577,-1.0714943710697487,-0.887089901723144,-9.892726421740203,0.0,0.0,-27.832104698289324,-7.856826208961305,-3.4395708961892173,-5.766284605572261,-5.449816187011117,-14.864498758424562
675,3500029.21,30,34.999990229813335,35.0,291.9,0,0.0,0.8434910522967596,0.1565089477032401,3.0641661828802375e-16,200.0,61.3,-184.23959772120577,-1.0714943710697487,-0.887089901723144,-9.892726421740203,0.0,0.0,-27.832104698289324,-7.856826208961305,-3.4395708961892173,-5.766284605572261,-5.449816187011117,-14.864498758424562
676,3500029.21,31,34.999990229813335,35.0,291.9,0,0.0,0.8435027622868527,0.15649723771314702,2.910957873736226e-16,200.0,61.3,-184.23959772120577,-1.0714943710697487,-0.887089901723144,-9.892726421740203,0.0,0.0,-27.832104698289324,-7.856826208961305,-3.4395708961892173,-5.766284605572261,-5.449816187011117,-14.864498758424562
677,3500029.21,32,34.999990229813335,35.0,291.9,0,0.0,0.8435212841723991,0.15647871582760056,2.7654099800494146e-16,200.0,61.3,-184.23959772120577,-1.0714943710697487,-0.887089901723144,-9.892726421740203,0.0,0.0,-27.832104698289324,-7.856826208961305,-3.4395708961892173,-5.766284605572261,-5.449816187011117,-14.864498758424562
678,3500029.21,33,34.999990229813335,35.0,291.9,0,0.0,0.8435403878210901,0.1564596121789096,2.627139481046944e-16,200.0,61.3,-184.23959772120577,-1.0714943710697487,-0.887089901723144,-9.892726421740203,0.0,0.0,-27.832104698289324,-7.856826208961305,-3.4395708961892173,-5.766284605572261,-5.449816187011117,-14.864498758424562
679,3500029.21,34,34.999990229813335,35.0,291.9,0,0.0,0.8435541864268503,0.15644581357314943,2.495782506994597e-16,200.0,61.3,-184.23959772120577,-1.0714943710697487,-0.887089901723144,-9.892726421740203,0.0,0.0,-27.832104698289324,-7.856826208961305,-3.4395708961892173,-5.766284605572261,-5.449816187011117,-14.864498758424562
680,3500029.21,35,34.999990229813335,35.0,291.9,0,0.0,0.8435731859327378,0.15642681406726197,2.370993381644867e-16,200.0,61.3,-184.23959772120577,-1.0714943710697487,-0.887089901723144,-9.892726421740203,0.0,0.0,-27.832104698289324,-7.856826208961305,-3.4395708961892173,-5.766284605572261,-5.449816187011117,-14.864498758424562
681,3500029.21,36,34.999990229813335,35.0,291.9,0,0.0,0.8435898152621752,0.15641018473782456,2.2524437125626236e-16,200.0,61.3,-184.23959772120577,-1.0714943710697487,-0.887089901723144,-9.892726421740203,0.0,0.0,-27.832104698289324,-7.856826208961305,-3.4395708961892173,-5.766284605572261,-5.449816187011117,-14.864498758424562
682,3500029.21,37,34.999990229813335,35.0,291.9,0,0.0,0.8436100197803262,0.15638998021967354,2.1398215269344924e-16,200.0,61.3,-184.23959772120577,-1.0714943710697487,-0.887089901723144,-9.892726421740203,0.0,0.0,-27.832104698289324,-7.856826208961305,-3.4395708961892173,-5.766284605572261,-5.449816187011117,-14.864498758424562
683,3500029.21,38,34.999990229813335,35.0,291.9,0,0.0,0.8436379559243529,0.156362044075647,2.0328304505877678e-16,200.0,61.3,-184.23959772120577,-1.0714943710697487,-0.887089901723144,-9.892726421740203,0.0,0.0,-27.832104698289324,-7.856826208961305,-3.4395708961892173,-5.766284605572261,-5.449816187011117,-14.864498758424562
684,3500029.21,39,34.999990229813335,35.0,291.9,0,0.0,0.8436601698534866,0.1563398301465132,1.9311889280583794e-16,200.0,61.3,-184.23959772120577,-1.0714943710697487,-0.887089901723144,-9.892726421740203,0.0,0.0,-27.832104698289324,-7.856826208961305,-3.4395708961892173,-5.766284605572261,-5.449816187011117,-14.864498758424562
685,3500029.21,40,34.999990229813335,35.0,291.9,0,0.0,0.843682746742283,0.15631725325771684,1.8346294816554606e-16,200.0,61.3,-184.23959772120577,-1.0714943710697487,-0.887089901723144,-9.892726421740203,0.0,0.0,-27.832104698289324,-7.856826208961305,-3.4395708961892173,-5.766284605572261,-5.449816187011117,-14.864498758424562
686,3500029.21,41,34.999990229813335,35.0,291.9,0,0.0,0.8437056636520046,0.1562943363479952,1.7428980075726876e-16,200.0,61.3,-184.23959772120577,-1.0714943710697487,-0.887089901723144,-9.892726421740203,0.0,0.0,-27.832104698289324,-7.856826208961305,-3.4395708961892173,-5.766284605572261,-5.449816187011117,-14.864498758424562
687,3500029.21,42,34.999990229813335,35.0,291.9,0,0.0,0.8437332214847557,0.15626677851524415,1.6557531071940533e-16,200.0,61.3,-184.23959772120577,-1.0714943710697487,-0.887089901723144,-9.892726421740203,0.0,0.0,-27.832104698289324,-7.856826208961305,-3.4395708961892173,-5.766284605572261,-5.449816187011117,-14.864498758424562
688,3500029.21,43,34.999990229813335,35.0,291.9,0,0.0,0.8437550989089274,0.15624490109107242,1.5729654518343505e-16,200.0,61.3,-184.23959772120577,-1.0714943710697487,-0.887089901723144,-9.892726421740203,0.0,0.0,-27.832104698289324,-7.856826208961305,-3.4395708961892173,-5.766284605572261,-5.449816187011117,-14.864498758424562
689,3500029.21,44,34.999990229813335,35.0,291.9,0,0.0,0.8437787762943695,0.1562212237056304,1.494317179242633e-16,200.0,61.3,-184.23959772120577,-1.0714943710697487,-0.887089901723144,-9.892726421740203,0.0,0.0,-27.832104698289324,-7.856826208961305,-3.4395708961892173,-5.766284605572261,-5.449816187011117,-14.864498758424562
690,3500029.21,45,34.999990229813335,35.0,291.9,0,0.0,0.8437969807053733,0.15620301929462654,1.4196013202805013e-16,200.0,61.3,-184.23959772120577,-1.0714943710697487,-0.887089901723144,-9.892726421740203,0.0,0.0,-27.832104698289324,-7.856826208961305,-3.4395708961892173,-5.766284605572261,-5.449816187011117,-14.864498758424562
691,3500029.21,46,34.999990229813335,35.0,291.9,0,0.0,0.8438142969776716,0.15618570302232826,1.348621254266476e-16,200.0,61.3,-184.23959772120577,-1.0714943710697487,-0.887089901723144,-9.892726421740203,0.0,0.0,-27.832104698289324,-7.856826208961305,-3.4395708961892173,-5.766284605572261,-5.449816187011117,-14.864498758424562
692,3500029.21,47,34.999990229813335,35.0,291.9,0,0.0,0.8438379211877873,0.15616207881221258,1.281190191553152e-16,200.0,61.3,-184.23959772120577,-1.0714943710697487,-0.887089901723144,-9.892726421740203,0.0,0.0,-27.832104698289324,-7.856826208961305,-3.4395708961892173,-5.766284605572261,-5.449816187011117,-14.864498758424562
693,3500029.21,48,34.999990229813335,35.0,291.9,0,0.0,0.8438646553674943,0.15613534463250553,1.2171306819754944e-16,200.0,61.3,-184.23959772120577,-1.0714943710697487,-0.887089901723144,-9.892726421740203,0.0,0.0,-27.832104698289324,-7.856826208961305,-3.4395708961892173,-5.766284605572261,-5.449816187011117,-14.864498758424562
694,3500029.21,49,34.999990229813335,35.0,291.9,0,0.0,0.8438929049173616,0.15610709508263826,1.1562741478767196e-16,200.0,61.3,-184.23959772120577,-1.0714943710697487,-0.887089901723144,-9.892726421740203,0.0,0.0,-27.832104698289324,-7.856826208961305,-3.4395708961892173,-5.766284605572261,-5.449816187011117,-14.864498758424562
695,3500029.21,0,34.999990229813335,35.0,291.9,0,0.0,0.843919743065354,0.15608025693464594,1.0984604404828837e-16,200.0,61.3,-184.23959772120577,-1.0714943710697487,-0.887089901723144,-9.892726421740203,0.0,0.0,-27.832104698289324,-7.856826208961305,-3.4395708961892173,-5.766284605572261,-5.449816187011117,-14.864498758424562
696,3500029.21,1,34.999990229813335,35.0,291.9,0,0.0,0.8439494951023357,0.15605050489766423,1.0435374184587396e-16,200.0,61.3,-184.23959772120577,-1.0714943710697487,-0.887089901723144,-9.892726421740203,0.0,0.0,-27.832104698289324,-7.856826208961305,-3.4395708961892173,-5.766284605572261,-5.449816187011117,-14.864498758424562
697,3500029.21,2,34.999990229813335,35.0,291.9,0,0.0,0.8439791697923027,0.15602083020769716,9.913605475358026e-17,200.0,61.3,-184.23959772120577,-1.0714943710697487,-0.887089901723144,-9.892726421740203,0.0,0.0,-27.832104698289324,-7.856826208961305,-3.4395708961892173,-5.766284605572261,-5.449816187011117,-14.864498758424562
698,3500029.21,3,34.999990229813335,35.0,291.9,0,0.0,0.8440016979047209,0.15599830209527896,9.417925201590124e-17,200.0,61.3,-184.23959772120577,-1.0714943710697487,-0.887089901723144,-9.892726421740203,0.0,0.0,-27.832104698289324,-7.856826208961305,-3.4395708961892173,-5.766284605572261,-5.449816187011117,-14.864498758424562
699,3500029.21,4,34.999990229813335,35.0,291.9,0,0.0,0.8440216877490209,0.15597831225097908,8.947028941510618e-17,200.0,61.3,-184.23959772120577,-1.0714943710697487,-0.887089901723144,-9.892726421740203,0.0,0.0,-27.832104698289324,-7.856826208961305,-3.4395708961892173,-5.766284605572261,-5.449816187011117,-14.864498758424562
700,3500029.21,5,34.999990229813335,35.0,291.9,0,0.0,0.8440392698999111,0.15596073010008887,8.499677494435087e-17,200.0,61.3,-184.23959772120577,-1.0714943710697487,-0.887089901723144,-9.892726421740203,0.0,0.0,-27.832104698289324,-7.856826208961305,-3.4395708961892173,-5.766284605572261,-5.449816187011117,-14.864498758424562
701,3500029.21,6,34.999990229813335,35.0,291.9,0,0.0,0.8440573873350785,0.15594261266492138,8.074693619713332e-17,200.0,61.3,-184.23959772120577,-1.0714943710697487,-0.887089901723144,-9.892726421740203,0.0,0.0,-27.832104698289324,-7.856826208961305,-3.4395708961892173,-5.766284605572261,-5.449816187011117,-14.864498758424562
702,3500029.21,7,34.999990229813335,35.0,291.9,0,0.0,0.8440703790313641,0.15592962096863586,7.670958938727667e-17,200.0,61.3,-184.23959772120577,-1.0714943710697487,-0.887089901723144,-9.892726421740203,0.0,0.0,-27.832104698289324,-7.856826208961305,-3.4395708961892173,-5.766284605572261,-5.449816187011117,-14.864498758424562
703,3500029.21,8,34.999990229813335,35.0,291.9,0,0.0,0.844078509706588,0.15592149029341196,7.287410991791284e-17,200.0,61.3,-184.23959772120577,-1.0714943710697487,-0.887089901723144,-9.892726421740203,0.0,0.0,-27.832104698289324,-7.856826208961305,-3.4395708961892173,-5.766284605572261,-5.449816187011117,-14.864498758424562
704,3500029.21,9,34.999990229813335,35.0,291.9,0,0.0,0.8440806239216689,0.15591937607833095,6.923040442201719e-17,200.0,61.3,-184.23959772120577,-1.0714943710697487,-0.887089901723144,-9.892726421740203,0.0,0.0,-27.832104698289324,-7.856826208961305,-3.4395708961892173,-5.766284605572261,-5.449816187011117,-14.864498758424562
705,3500029.21,10,34.999990229813335,35.0,291.9,0,0.0,0.8440812503668871,0.15591874963311286,6.576888420091634e-17,200.0,61.3,-184.23959772120577,-1.0714943710697487,-0.887089901723144,-9.892726421740203,0.0,0.0,-27.832104698289324,-7.856826208961305,-3.4395708961892173,-5.766284605572261,-5.449816187011117,-14.864498758424562
706,3500029.21,11,34.999990229813335,35.0,291.9,0,0.0,0.8440776584067863,0.1559223415932137,6.248043999087054e-17,200.0,61.3,-184.23959772120577,-1.0714943710697487,-0.887089901723144,-9.892726421740203,0.0,0.0,-27.832104698289324,-7.856826208961305,-3.4395708961892173,-5.766284605572261,-5.449816187011117,-14.864498758424562
707,3500029.21,12,34.999990229813335,35.0,291.9,0,0.0,0.8440686631737012,0.15593133682629878,5.935641799132702e-17,200.0,61.3,-184.23959772120577,-1.0714943710697487,-0.887089901723144,-9.892726421740203,0.0,0.0,-27.832104698289324,-7.856826208961305,-3.4395708961892173,-5.766284605572261,-5.449816187011117,-14.864498758424562
708,3500029.21,13,34.999990229813335,35.0,291.9,0,0.0,0.8440587542969714,0.15594124570302856,5.638859709176067e-17,200.0,61.3,-184.23959772120577,-1.0714943710697487,-0.887089901723144,-9.892726421740203,0.0,0.0,-27.832104698289324,-7.856826208961305,-3.4395708961892173,-5.766284605572261,-5.449816187011117,-14.864498758424562
709,3500029.21,14,34.999990229813335,35.0,291.9,0,0.0,0.8440521824693961,0.15594781753060397,5.356916723717264e-17,200.0,61.3,-184.23959772120577,-1.0714943710697487,-0.887089901723144,-9.892726421740203,0.0,0.0,-27.832104698289324,-7.856826208961305,-3.4395708961892173,-5.766284605572261,-5.449816187011117,-14.864498758424562
710,3500029.21,15,34.999990229813335,35.0,291.9,0,0.0,0.8440445780221073,0.1559554219778927,5.089070887531401e-17,200.0,61.3,-184.23959772120577,-1.0714943710697487,-0.887089901723144,-9.892726421740203,0.0,0.0,-27.832104698289324,-7.856826208961305,-3.4395708961892173,-5.766284605572261,-5.449816187011117,-14.864498758424562
711,3500029.21,16,34.999990229813335,35.0,291.9,0,0.0,0.8440387886674121,0.15596121133258792,4.834617343154831e-17,200.0,61.3,-184.23959772120577,-1.0714943710697487,-0.887089901723144,-9.892726421740203,0.0,0.0,-27.832104698289324,-7.856826208961305,-3.4395708961892173,-5.766284605572261,-5.449816187011117,-14.864498758424562
712,3500029.21,17,34.999990229813335,35.0,291.9,0,0.0,0.8440277466087809,0.1559722533912191,4.592886475997089e-17,200.0,61.3,-184.23959772120577,-1.0714943710697487,-0.887089901723144,-9.892726421740203,0.0,0.0,-27.832104698289324,-7.856826208961305,-3.4395708961892173,-5.766284605572261,-5.449816187011117,-14.864498758424562
713,3500029.21,18,34.999990229813335,35.0,291.9,0,0.0,0.84401730117097,0.15598269882903007,4.363242152197235e-17,200.0,61.3,-184.23959772120577,-1.0714943710697487,-0.887089901723144,-9.892726421740203,0.0,0.0,-27.832104698289324,-7.856826208961305,-3.4395708961892173,-5.766284605572261,-5.449816187011117,-14.864498758424562
714,3500029.21,19,34.999990229813335,35.0,291.9,0,0.0,0.8440129853639888,0.1559870146360112,4.145080044587374e-17,200.0,61.3,-184.23959772120577,-1.0714943710697487,-0.887089901723144,-9.892726421740203,0.0,0.0,-27.832104698289324,-7.856826208961305,-3.4395708961892173,-5.766284605572261,-5.449816187011117,-14.864498758424562
715,3500029.21,20,34.999990229813335,35.0,291.9,0,0.0,0.844001976877534,0.15599802312246602,3.937826042358005e-17,200.0,61.3,-184.23959772120577,-1.0714943710697487,-0.887089901723144,-9.892726421740203,0.0,0.0,-27.832104698289324,-7.856826208961305,-3.4395708961892173,-5.766284605572261,-5.449816187011117,-14.864498758424562
716,3500029.21,21,34.999990229813335,35.0,291.9,0,0.0,0.8439873991431339,0.15601260085686608,3.7409347402401045e-17,200.0,61.3,-184.23959772120577,-1.0714943710697487,-0.887089901723144,-9.892726421740203,0.0,0.0,-27.832104698289324,-7.856826208961305,-3.4395708961892173,-5.766284605572261,-5.449816187011117,-14.864498758424562
717,3500029.21,22,34.999990229813335,35.0,291.9,0,0.0,0.8439680500930508,0.15603194990694924,3.5538880032280994e-17,200.0,61.3,-184.23959772120577,-1.0714943710697487,-0.887089901723144,-9.892726421740203,0.0,0.0,-27.832104698289324,-7.856826208961305,-3.4395708961892173,-5.766284605572261,-5.449816187011117,-14.864498758424562
718,3500029.21,23,34.999990229813335,35.0,291.9,0,0.0,0.8439469536108677,0.1560530463891323,3.376193603066694e-17,200.0,61.3,-184.23959772120577,-1.0714943710697487,-0.887089901723144,-9.892726421740203,0.0,0.0,-27.832104698289324,-7.856826208961305,-3.4395708961892173,-5.766284605572261,-5.449816187011117,-14.864498758424562
719,3500029.21,24,34.999990229813335,35.0,291.9,0,0.0,0.8439325148911186,0.1560674851088813,3.207383922913359e-17,200.0,61.3,-184.23959772120577,-1.0714943710697487,-0.887089901723144,-9.892726421740203,0.0,0.0,-27.832104698289324,-7.856826208961305,-3.4395708961892173,-5.766284605572261,-5.449816187011117,-14.864498758424562
720,3500029.21,25,34.999990229813335,35.0,291.9,0,0.0,0.8439202354125417,0.15607976458745831,3.0470147267676917e-17,200.0,61.3,-184.23959772120577,-1.0714943710697487,-0.887089901723144,-9.892726421740203,0.0,0.0,-27.832104698289324,-7.856826208961305,-3.4395708961892173,-5.766284605572261,-5.449816187011117,-14.864498758424562
721,3500029.21,26,34.999990229813335,35.0,291.9,0,0.0,0.8439044820247682,0.15609551797523172,2.894663990429307e-17,200.0,61.3,-184.23959772120577,-1.0714943710697487,-0.887089901723144,-9.892726421740203,0.0,0.0,-27.832104698289324,-7.856826208961305,-3.4395708961892173,-5.766284605572261,-5.449816187011117,-14.864498758424562
722,3500029.21,27,34.999990229813335,35.0,291.9,0,0.0,0.8438881960346519,0.15611180396534807,2.7499307909078415e-17,200.0,61.3,-184.23959772120577,-1.0714943710697487,-0.887089901723144,-9.892726421740203,0.0,0.0,-27.832104698289324,-7.856826208961305,-3.4395708961892173,-5.766284605572261,-5.449816187011117,-14.864498758424562
723,3500029.21,28,34.999990229813335,35.0,291.9,0,0.0,0.8438796675411923,0.15612033245880777,2.6124342513624494e-17,200.0,61.3,-184.23959772120577,-1.0714943710697487,-0.887089901723144,-9.892726421740203,0.0,0.0,-27.832104698289324,-7.856826208961305,-3.4395708961892173,-5.766284605572261,-5.449816187011117,-14.864498758424562
724,3500029.21,29,34.999990229813335,35.0,291.9,0,0.0,0.8438771075307813,0.15612289246921876,2.4818125387943268e-17,200.0,61.3,-184.23959772120577,-1.0714943710697487,-0.887089901723144,-9.892726421740203,0.0,0.0,-27.832104698289324,-7.856826208961305,-3.4395708961892173,-5.766284605572261,-5.449816187011117,-14.864498758424562
725,3500029.21,30,34.999990229813335,35.0,291.9,0,0.0,0.8438760884508911,0.15612391154910887,2.3577219118546103e-17,200.0,61.3,-184.23959772120577,-1.0714943710697487,-0.887089901723144,-9.892726421740203,0.0,0.0,-27.832104698289324,-7.856826208961305,-3.4395708961892173,-5.766284605572261,-5.449816187011117,-14.864498758424562
726,3500029.21,31,34.999990229813335,35.0,291.9,0,0.0,0.8438710562284402,0.15612894377155986,2.23983581626188e-17,200.0,61.3,-184.23959772120577,-1.0714943710697487,-0.887089901723144,-9.892726421740203,0.0,0.0,-27.832104698289324,-7.856826208961305,-3.4395708961892173,-5.766284605572261,-5.449816187011117,-14.864498758424562
727,3500029.21,32,34.999990229813335,35.0,291.9,0,0.0,0.8438608509979778,0.1561391490020222,2.1278440254487857e-17,200.0,61.3,-184.23959772120577,-1.0714943710697487,-0.887089901723144,-9.892726421740203,0.0,0.0,-27.832104698289324,-7.856826208961305,-3.4395708961892173,-5.766284605572261,-5.449816187011117,-14.864498758424562
728,3500029.21,33,34.999990229813335,35.0,291.9,0,0.0,0.8438498433012067,0.15615015669879329,2.0214518241763465e-17,200.0,61.3,-184.23959772120577,-1.0714943710697487,-0.887089901723144,-9.892726421740203,0.0,0.0,-27.832104698289324,-7.856826208961305,-3.4395708961892173,-5.766284605572261,-5.449816187011117,-14.864498758424562
729,3500029.21,34,34.999990229813335,35.0,291.9,0,0.0,0.8438353446886732,0.1561646553113268,1.9203792329675292e-17,200.0,61.3,-184.23959772120577,-1.0714943710697487,-0.887089901723144,-9.892726421740203,0.0,0.0,-27.832104698289324,-7.856826208961305,-3.4395708961892173,-5.766284605572261,-5.449816187011117,-14.864498758424562
730,3500029.21,35,34.999990229813335,35.0,291.9,0,0.0,0.8438189028817291,0.1561810971182709,1.824360271319153e-17,200.0,61.3,-184.23959772120577,-1.0714943710697487,-0.887089901723144,-9.892726421740203,0.0,0.0,-27.832104698289324,-7.856826208961305,-3.4395708961892173,-5.766284605572261,-5.449816187011117,-14.864498758424562
731,3500029.21,36,34.999990229813335,35.0,291.9,0,0.0,0.8438101598213612,0.15618984017863874,1.733142257753195e-17,200.0,61.3,-184.23959772120577,-1.0714943710697487,-0.887089901723144,-9.892726421740203,0.0,0.0,-27.832104698289324,-7.856826208961305,-3.4395708961892173,-5.766284605572261,-5.449816187011117,-14.864498758424562
732,3500029.21,37,34.999990229813335,35.0,291.9,0,0.0,0.8438005497006795,0.15619945029932053,1.6464851448655355e-17,200.0,61.3,-184.23959772120577,-1.0714943710697487,-0.887089901723144,-9.892726421740203,0.0,0.0,-27.832104698289324,-7.856826208961305,-3.4395708961892173,-5.766284605572261,-5.449816187011117,-14.864498758424562
733,3500029.21,38,34.999990229813335,35.0,291.9,0,0.0,0.8437941923920368,0.1562058076079633,1.5641608876222586e-17,200.0,61.3,-184.23959772120577,-1.0714943710697487,-0.887089901723144,-9.892726421740203,0.0,0.0,-27.832104698289324,-7.856826208961305,-3.4395708961892173,-5.766284605572261,-5.449816187011117,-14.864498758424562
734,3500029.21,39,34.999990229813335,35.0,291.9,0,0.0,0.8437827819286924,0.15621721807130767,1.4859528432411457e-17,200.0,61.3,-184.23959772120577,-1.0714943710697487,-0.887089901723144,-9.892726421740203,0.0,0.0,-27.832104698289324,-7.856826208961305,-3.4395708961892173,-5.766284605572261,-5.449816187011117,-14.864498758424562
735,3500029.21,40,34.999990229813335,35.0,291.9,0,0.0,0.8437706474636387,0.15622935253636136,1.4116552010790883e-17,200.0,61.3,-184.23959772120577,-1.0714943710697487,-0.887089901723144,-9.892726421740203,0.0,0.0,-27.832104698289324,-7.856826208961305,-3.4395708961892173,-5.766284605572261,-5.449816187011117,-14.864498758424562
736,3500029.21,41,34.999990229813335,35.0,291.9,0,0.0,0.8437659445651021,0.15623405543489788,1.3410724410251338e-17,200.0,61.3,-184.23959772120577,-1.0714943710697487,-0.887089901723144,-9.892726421740203,0.0,0.0,-27.832104698289324,-7.856826208961305,-3.4395708961892173,-5.766284605572261,-5.449816187011117,-14.864498758424562
737,3500029.21,42,34.999990229813335,35.0,291.9,0,0.0,0.8437615296187683,0.15623847038123173,1.274018818973877e-17,200.0,61.3,-184.23959772120577,-1.0714943710697487,-0.887089901723144,-9.892726421740203,0.0,0.0,-27.832104698289324,-7.856826208961305,-3.4395708961892173,-5.766284605572261,-5.449816187011117,-14.864498758424562
738,3500029.21,43,34.999990229813335,35.0,291.9,0,0.0,0.8437560400658147,0.1562439599341853,1.2103178780251832e-17,200.0,61.3,-184.23959772120577,-1.0714943710697487,-0.887089901723144,-9.892726421740203,0.0,0.0,-27.832104698289324,-7.856826208961305,-3.4395708961892173,-5.766284605572261,-5.449816187011117,-14.864498758424562
739,3500029.21,44,34.999990229813335,35.0,291.9,0,0.0,0.8437522255243901,0.1562477744756099,1.149801984123924e-17,200.0,61.3,-184.23959772120577,-1.0714943710697487,-0.887089901723144,-9.892726421740203,0.0,0.0,-27.832104698289324,-7.856826208961305,-3.4395708961892173,-5.766284605572261,-5.449816187011117,-14.864498758424562
740,3500029.21,45,34.999990229813335,35.0,291.9,0,0.0,0.8437446200341796,0.15625537996582037,1.0923118849177278e-17,200.0,61.3,-184.23959772120577,-1.0714943710697487,-0.887089901723144,-9.892726421740203,0.0,0.0,-27.832104698289324,-7.856826208961305,-3.4395708961892173,-5.766284605572261,-5.449816187011117,-14.864498758424562
741,3500029.21,46,34.999990229813335,35.0,291.9,0,0.0,0.8437334207137112,0.1562665792862889,1.0376962906718416e-17,200.0,61.3,-184.23959772120577,-1.0714943710697487,-0.887089901723144,-9.892726421740203,0.0,0.0,-27.832104698289324,-7.856826208961305,-3.4395708961892173,-5.766284605572261,-5.449816187011117,-14.864498758424562
742,3500029.21,47,34.999990229813335,35.0,291.9,0,0.0,0.843728212218734,0.15627178778126607,9.858114761382494e-18,200.0,61.3,-184.23959772120577,-1.0714943710697487,-0.887089901723144,-9.892726421740203,0.0,0.0,-27.832104698289324,-7.856826208961305,-3.4395708961892173,-5.766284605572261,-5.449816187011117,-14.864498758424562
743,3500029.21,48,34.999990229813335,35.0,291.9,0,0.0,0.8437233197679522,0.15627668023204772,9.365209023313368e-18,200.0,61.3,-184.23959772120577,-1.0714943710697487,-0.887089901723144,-9.892726421740203,0.0,0.0,-27.832104698289324,-7.856826208961305,-3.4395708961892173,-5.766284605572261,-5.449816187011117,-14.864498758424562
744,3500029.21,49,34.999990229813335,35.0,291.9,0,0.0,0.8437173897126615,0.15628261028733847,8.896948572147702e-18,200.0,61.3,-184.23959772120577,-1.0714943710697487,-0.887089901723144,-9.892726421740203,0.0,0.0,-27.832104698289324,-7.856826208961305,-3.4395708961892173,-5.766284605572261,-5.449816187011117,-14.864498758424562
745,3500029.21,0,34.999990229813335,35.0,291.9,0,0.0,0.8437158197944465,0.15628418020555349,8.452101143540316e-18,200.0,61.3,-184.23959772120577,-1.0714943710697487,-0.887089901723144,-9.892726421740203,0.0,0.0,-27.832104698289324,-7.856826208961305,-3.4395708961892173,-5.766284605572261,-5.449816187011117,-14.864498758424562
746,3500029.21,1,34.999990229813335,35.0,291.9,0,0.0,0.8437170453980702,0.15628295460192973,8.0294960863633e-18,200.0,61.3,-184.23959772120577,-1.0714943710697487,-0.887089901723144,-9.892726421740203,0.0,0.0,-27.832104698289324,-7.856826208961305,-3.4395708961892173,-5.766284605572261,-5.449816187011117,-14.864498758424562
747,3500029.21,2,34.999990229813335,35.0,291.9,0,0.0,0.8437222475279016,0.15627775247209838,7.628021282045134e-18,200.0,61.3,-184.23959772120577,-1.0714943710697487,-0.887089901723144,-9.892726421740203,0.0,0.0,-27.832104698289324,-7.856826208961305,-3.4395708961892173,-5.766284605572261,-5.449816187011117,-14.864498758424562
748,3500029.21,3,34.999990229813335,35.0,291.9,0,0.0,0.8437272317529297,0.15627276824707026,7.246620217942879e-18,200.0,61.3,-184.23959772120577,-1.0714943710697487,-0.887089901723144,-9.892726421740203,0.0,0.0,-27.832104698289324,-7.856826208961305,-3.4395708961892173,-5.766284605572261,-5.449816187011117,-14.864498758424562
749,3500029.21,4,34.999990229813335,35.0,291.9,0,0.0,0.8437320088542659,0.15626799114573403,6.884289207045734e-18,200.0,61.3,-184.23959772120577,-1.0714943710697487,-0.887089901723144,-9.892726421740203,0.0,0.0,-27.832104698289324,-7.856826208961305,-3.4395708961892173,-5.766284605572261,-5.449816187011117,-14.864498758424562
750,3500029.21,5,34.999990229813335,35.0,291.9,0,0.0,0.8437339402187285,0.15626605978127148,6.540074746693448e-18,200.0,61.3,-184.23959772120577,-1.0714943710697487,-0.887089901723144,-9.892726421740203,0.0,0.0,-27.832104698289324,-7.856826208961305,-3.4395708961892173,-5.766284605572261,-5.449816187011117,-14.864498758424562
751,3500029.21,6,34.999990229813335,35.0,291.9,0,0.0,0.843734497279429,0.1562655027205711,6.213071009358776e-18,200.0,61.3,-184.23959772120577,-1.0714943710697487,-0.887089901723144,-9.892726421740203,0.0,0.0,-27.832104698289324,-7.856826208961305,-3.4395708961892173,-5.766284605572261,-5.449816187011117,-14.864498758424562
752,3500029.21,7,34.999990229813335,35.0,291.9,0,0.0,0.843732429726806,0.15626757027319413,5.902417458890837e-18,200.0,61.3,-184.23959772120577,-1.0714943710697487,-0.887089901723144,-9.892726421740203,0.0,0.0,-27.832104698289324,-7.856826208961305,-3.4395708961892173,-5.766284605572261,-5.449816187011117,-14.864498758424562
753,3500029.21,8,34.999990229813335,35.0,291.9,0,0.0,0.8437291954144307,0.15627080458556936,5.607296585946295e-18,200.0,61.3,-184.23959772120577,-1.0714943710697487,-0.887089901723144,-9.892726421740203,0.0,0.0,-27.832104698289324,-7.856826208961305,-3.4395708961892173,-5.766284605572261,-5.449816187011117,-14.864498758424562
754,3500029.21,9,34.999990229813335,35.0,291.9,0,0.0,0.8437261750199974,0.1562738249800027,5.3269317566489804e-18,200.0,61.3,-184.23959772120577,-1.0714943710697487,-0.887089901723144,-9.892726421740203,0.0,0.0,-27.832104698289324,-7.856826208961305,-3.4395708961892173,-5.766284605572261,-5.449816187011117,-14.864498758424562
755,3500029.21,10,34.999990229813335,35.0,291.9,0,0.0,0.8437233577074558,0.15627664229254423,5.060585168816531e-18,200.0,61.3,-184.23959772120577,-1.0714943710697487,-0.887089901723144,-9.892726421740203,0.0,0.0,-27.832104698289324,-7.856826208961305,-3.4395708961892173,-5.766284605572261,-5.449816187011117,-14.864498758424562
756,3500029.21,11,34.999990229813335,35.0,291.9,0,0.0,0.8437207331831221,0.1562792668168779,4.807555910375705e-18,200.0,61.3,-184.23959772120577,-1.0714943710697487,-0.887089901723144,-9.892726421740203,0.0,0.0,-27.832104698289324,-7.856826208961305,-3.4395708961892173,-5.766284605572261,-5.449816187011117,-14.864498758424562
757,3500029.21,12,34.999990229813335,35.0,291.9,0,0.0,0.8437169777168575,0.15628302228314253,4.56717811485692e-18,200.0,61.3,-184.23959772120577,-1.0714943710697487,-0.887089901723144,-9.892726421740203,0.0,0.0,-27.832104698289324,-7.856826208961305,-3.4395708961892173,-5.766284605572261,-5.449816187011117,-14.864498758424562
758,3500029.21,13,34.999990229813335,35.0,291.9,0,0.0,0.8437147756206869,0.1562852243793131,4.338819209114073e-18,200.0,61.3,-184.23959772120577,-1.0714943710697487,-0.887089901723144,-9.892726421740203,0.0,0.0,-27.832104698289324,-7.856826208961305,-3.4395708961892173,-5.766284605572261,-5.449816187011117,-14.864498758424562
759,3500029.21,14,34.999990229813335,35.0,291.9,0,0.0,0.8437140452084431,0.156285954791557,4.12187824865837e-18,200.0,61.3,-184.23959772120577,-1.0714943710697487,-0.887089901723144,-9.892726421740203,0.0,0.0,-27.832104698289324,-7.856826208961305,-3.4395708961892173,-5.766284605572261,-5.449816187011117,-14.864498758424562
760,3500029.21,15,34.999990229813335,35.0,291.9,0,0.0,0.8437160165038513,0.15628398349614875,3.915784336225451e-18,200.0,61.3,-184.23959772120577,-1.0714943710697487,-0.887089901723144,-9.892726421740203,0.0,0.0,-27.832104698289324,-7.856826208961305,-3.4395708961892173,-5.766284605572261,-5.449816187011117,-14.864498758424562
761,3500029.21,16,34.999990229813335,35.0,291.9,0,0.0,0.8437153231476089,0.15628467685239106,3.719995119414179e-18,200.0,61.3,-184.23959772120577,-1.0714943710697487,-0.887089901723144,-9.892726421740203,0.0,0.0,-27.832104698289324,-7.856826208961305,-3.4395708961892173,-5.766284605572261,-5.449816187011117,-14.864498758424562
762,3500029.21,17,34.999990229813335,35.0,291.9,0,0.0,0.8437147138115947,0.1562852861884053,3.53399536344347e-18,200.0,61.3,-184.23959772120577,-1.0714943710697487,-0.887089901723144,-9.892726421740203,0.0,0.0,-27.832104698289324,-7.856826208961305,-3.4395708961892173,-5.766284605572261,-5.449816187011117,-14.864498758424562
763,3500029.21,18,34.999990229813335,35.0,291.9,0,0.0,0.8437128810783374,0.15628711892166255,3.3572955952712967e-18,200.0,61.3,-184.23959772120577,-1.0714943710697487,-0.887089901723144,-9.892726421740203,0.0,0.0,-27.832104698289324,-7.856826208961305,-3.4395708961892173,-5.766284605572261,-5.449816187011117,-14.864498758424562
764,3500029.21,19,34.999990229813335,35.0,291.9,0,0.0,0.8437059818880739,0.1562940181119261,3.1894308155077316e-18,200.0,61.3,-184.23959772120577,-1.0714943710697487,-0.887089901723144,-9.892726421740203,0.0,0.0,-27.832104698289324,-7.856826208961305,-3.4395708961892173,-5.766284605572261,-5.449816187011117,-14.864498758424562
765,3500029.21,20,34.999990229813335,35.0,291.9,0,0.0,0.8437046872679431,0.15629531273205685,3.0299592747323447e-18,200.0,61.3,-184.23959772120577,-1.0714943710697487,-0.887089901723144,-9.892726421740203,0.0,0.0,-27.832104698289324,-7.856826208961305,-3.4395708961892173,-5.766284605572261,-5.449816187011117,-14.864498758424562
766,3500029.21,21,34.999990229813335,35.0,291.9,0,0.0,0.8437035079358539,0.15629649206414614,2.8784613109957276e-18,200.0,61.3,-184.23959772120577,-1.0714943710697487,-0.887089901723144,-9.892726421740203,0.0,0.0,-27.832104698289324,-7.856826208961305,-3.4395708961892173,-5.766284605572261,-5.449816187011117,-14.864498758424562
767,3500029.21,22,34.999990229813335,35.0,291.9,0,0.0,0.843701141472015,0.15629885852798492,2.7345382454459412e-18,200.0,61.3,-184.23959772120577,-1.0714943710697487,-0.887089901723144,-9.892726421740203,0.0,0.0,-27.832104698289324,-7.856826208961305,-3.4395708961892173,-5.766284605572261,-5.449816187011117,-14.864498758424562
768,3500029.21,23,34.999990229813335,35.0,291.9,0,0.0,0.8436976501870519,0.15630234981294808,2.597811333173644e-18,200.0,61.3,-184.23959772120577,-1.0714943710697487,-0.887089901723144,-9.892726421740203,0.0,0.0,-27.832104698289324,-7.856826208961305,-3.4395708961892173,-5.766284605572261,-5.449816187011117,-14.864498758424562
769,3500029.21,24,34.999990229813335,35.0,291.9,0,0.0,0.8436969735807212,0.1563030264192789,2.467920766514962e-18,200.0,61.3,-184.23959772120577,-1.0714943710697487,-0.887089901723144,-9.892726421740203,0.0,0.0,-27.832104698289324,-7.856826208961305,-3.4395708961892173,-5.766284605572261,-5.449816187011117,-14.864498758424562
770,3500029.21,25,34.999990229813335,35.0,291.9,0,0.0,0.8436912132218848,0.15630878677811522,2.344524728189214e-18,200.0,61.3,-184.23959772120577,-1.0714943710697487,-0.887089901723144,-9.892726421740203,0.0,0.0,-27.832104698289324,-7.856826208961305,-3.4395708961892173,-5.766284605572261,-5.449816187011117,-14.864498758424562
771,3500029.21,26,34.999990229813335,35.0,291.9,0,0.0,0.843681923376514,0.15631807662348596,2.2272984917797536e-18,200.0,61.3,-184.23959772120577,-1.0714943710697487,-0.887089901723144,-9.892726421740203,0.0,0.0,-27.832104698289324,-7.856826208961305,-3.4395708961892173,-5.766284605572261,-5.449816187011117,-14.864498758424562
772,3500029.21,27,34.999990229813335,35.0,291.9,0,0.0,0.843673159702537,0.156326840297463,2.115933567190766e-18,200.0,61.3,-184.23959772120577,-1.0714943710697487,-0.887089901723144,-9.892726421740203,0.0,0.0,-27.832104698289324,-7.856826208961305,-3.4395708961892173,-5.766284605572261,-5.449816187011117,-14.864498758424562
773,3500029.21,28,34.999990229813335,35.0,291.9,0,0.0,0.8436687597389954,0.15633124026100467,2.010136888831228e-18,200.0,61.3,-184.23959772120577,-1.0714943710697487,-0.887089901723144,-9.892726421740203,0.0,0.0,-27.832104698289324,-7.856826208961305,-3.4395708961892173,-5.766284605572261,-5.449816187011117,-14.864498758424562
774,3500029.21,29,34.999990229813335,35.0,291.9,0,0.0,0.84366206377158,0.15633793622841993,1.9096300443896667e-18,200.0,61.3,-184.23959772120577,-1.0714943710697487,-0.887089901723144,-9.892726421740203,0.0,0.0,-27.832104698289324,-7.856826208961305,-3.4395708961892173,-5.766284605572261,-5.449816187011117,-14.864498758424562
775,3500029.21,30,34.999990229813335,35.0,291.9,0,0.0,0.843658330998945,0.1563416690010549,1.8141485421701833e-18,200.0,61.3,-184.23959772120577,-1.0714943710697487,-0.887089901723144,-9.892726421740203,0.0,0.0,-27.832104698289324,-7.856826208961305,-3.4395708961892173,-5.766284605572261,-5.449816187011117,-14.864498758424562
776,3500029.21,31,34.999990229813335,35.0,291.9,0,0.0,0.8436522753209618,0.1563477246790383,1.7234411150616743e-18,200.0,61.3,-184.23959772120577,-1.0714943710697487,-0.887089901723144,-9.892726421740203,0.0,0.0,-27.832104698289324,-7.856826208961305,-3.4395708961892173,-5.766284605572261,-5.449816187011117,-14.864498758424562
777,3500029.21,32,34.999990229813335,35.0,291.9,0,0.0,0.8436491437787035,0.1563508562212965,1.6372690593085905e-18,200.0,61.3,-184.23959772120577,-1.0714943710697487,-0.887089901723144,-9.892726421740203,0.0,0.0,-27.832104698289324,-7.856826208961305,-3.4395708961892173,-5.766284605572261,-5.449816187011117,-14.864498758424562
778,3500029.21,33,34.999990229813335,35.0,291.9,0,0.0,0.8436449452665827,0.1563550547334172,1.5554056063431609e-18,200.0,61.3,-184.23959772120577,-1.0714943710697487,-0.887089901723144,-9.892726421740203,0.0,0.0,-27.832104698289324,-7.856826208961305,-3.4395708961892173,-5.766284605572261,-5.449816187011117,-14.864498758424562
779,3500029.21,34,34.999990229813335,35.0,291.9,0,0.0,0.8436410138926762,0.1563589861073238,1.477635326026003e-18,200.0,61.3,-184.23959772120577,-1.0714943710697487,-0.887089901723144,-9.892726421740203,0.0,0.0,-27.832104698289324,-7.856826208961305,-3.4395708961892173,-5.766284605572261,-5.449816187011117,-14.864498758424562
780,3500029.21,35,34.999990229813335,35.0,291.9,0,0.0,0.8436398875987267,0.1563601124012733,1.4037535597247028e-18,200.0,61.3,-184.23959772120577,-1.0714943710697487,-0.887089901723144,-9.892726421740203,0.0,0.0,-27.832104698289324,-7.856826208961305,-3.4395708961892173,-5.766284605572261,-5.449816187011117,-14.864498758424562
781,3500029.21,36,34.999990229813335,35.0,291.9,0,0.0,0.8436375973170013,0.1563624026829987,1.3335658817384678e-18,200.0,61.3,-184.23959772120577,-1.0714943710697487,-0.887089901723144,-9.892726421740203,0.0,0.0,-27.832104698289324,-7.856826208961305,-3.4395708961892173,-5.766284605572261,-5.449816187011117,-14.864498758424562
782,3500029.21,37,34.999990229813335,35.0,291.9,0,0.0,0.8436380207909315,0.15636197920906844,1.2668875876515444e-18,200.0,61.3,-184.23959772120577,-1.0714943710697487,-0.887089901723144,-9.892726421740203,0.0,0.0,-27.832104698289324,-7.856826208961305,-3.4395708961892173,-5.766284605572261,-5.449816187011117,-14.864498758424562
783,3500029.21,38,34.999990229813335,35.0,291.9,0,0.0,0.8436384747507379,0.15636152524926208,1.2035432082689674e-18,200.0,61.3,-184.23959772120577,-1.0714943710697487,-0.887089901723144,-9.892726421740203,0.0,0.0,-27.832104698289324,-7.856826208961305,-3.4395708961892173,-5.766284605572261,-5.449816187011117,-14.864498758424562
784,3500029.21,39,34.999990229813335,35.0,291.9,0,0.0,0.8436427613252023,0.15635723867479764,1.1433660478555189e-18,200.0,61.3,-184.23959772120577,-1.0714943710697487,-0.887089901723144,-9.892726421740203,0.0,0.0,-27.832104698289324,-7.856826208961305,-3.4395708961892173,-5.766284605572261,-5.449816187011117,-14.864498758424562
785,3500029.21,40,34.999990229813335,35.0,291.9,0,0.0,0.8436456140825256,0.15635438591747436,1.0861977454627428e-18,200.0,61.3,-184.23959772120577,-1.0714943710697487,-0.887089901723144,-9.892726421740203,0.0,0.0,-27.832104698289324,-7.856826208961305,-3.4395708961892173,-5.766284605572261,-5.449816187011117,-14.864498758424562
786,3500029.21,41,34.999990229813335,35.0,291.9,0,0.0,0.8436483721847114,0.15635162781528855,1.0318878581896058e-18,200.0,61.3,-184.23959772120577,-1.0714943710697487,-0.887089901723144,-9.892726421740203,0.0,0.0,-27.832104698289324,-7.856826208961305,-3.4395708961892173,-5.766284605572261,-5.449816187011117,-14.864498758424562
787,3500029.21,42,34.999990229813335,35.0,291.9,0,0.0,0.8436497772275859,0.1563502227724141,9.802934652801257e-19,200.0,61.3,-184.23959772120577,-1.0714943710697487,-0.887089901723144,-9.892726421740203,0.0,0.0,-27.832104698289324,-7.856826208961305,-3.4395708961892173,-5.766284605572261,-5.449816187011117,-14.864498758424562
788,3500029.21,43,34.999990229813335,35.0,291.9,0,0.0,0.8436498996707159,0.15635010032928404,9.312787920161194e-19,200.0,61.3,-184.23959772120577,-1.0714943710697487,-0.887089901723144,-9.892726421740203,0.0,0.0,-27.832104698289324,-7.856826208961305,-3.4395708961892173,-5.766284605572261,-5.449816187011117,-14.864498758424562
789,3500029.21,44,34.999990229813335,35.0,291.9,0,0.0,0.8436462846179044,0.1563537153820956,8.847148524153135e-19,200.0,61.3,-184.23959772120577,-1.0714943710697487,-0.887089901723144,-9.892726421740203,0.0,0.0,-27.832104698289324,-7.856826208961305,-3.4395708961892173,-5.766284605572261,-5.449816187011117,-14.864498758424562
790,3500029.21,45,34.999990229813335,35.0,291.9,0,0.0,0.8436454244997268,0.15635457550027324,8.404791097945479e-19,200.0,61.3,-184.23959772120577,-1.0714943710697487,-0.887089901723144,-9.892726421740203,0.0,0.0,-27.832104698289324,-7.856826208961305,-3.4395708961892173,-5.766284605572261,-5.449816187011117,-14.864498758424562
791,3500029.21,46,34.999990229813335,35.0,291.9,0,0.0,0.8436471736329056,0.15635282636709438,7.984551543048205e-19,200.0,61.3,-184.23959772120577,-1.0714943710697487,-0.887089901723144,-9.892726421740203,0.0,0.0,-27.832104698289324,-7.856826208961305,-3.4395708961892173,-5.766284605572261,-5.449816187011117,-14.864498758424562
792,3500029.21,47,34.999990229813335,35.0,291.9,0,0.0,0.8436488841714437,0.1563511158285563,7.585323965895795e-19,200.0,61.3,-184.23959772120577,-1.0714943710697487,-0.887089901723144,-9.892726421740203,0.0,0.0,-27.832104698289324,-7.856826208961305,-3.4395708961892173,-5.766284605572261,-5.449816187011117,-14.864498758424562
793,3500029.21,48,34.999990229813335,35.0,291.9,0,0.0,0.8436518112162775,0.15634818878372247,7.206057767601005e-19,200.0,61.3,-184.23959772120577,-1.0714943710697487,-0.887089901723144,-9.892726421740203,0.0,0.0,-27.832104698289324,-7.856826208961305,-3.4395708961892173,-5.766284605572261,-5.449816187011117,-14.864498758424562
794,3500029.21,49,34.999990229813335,35.0,291.9,0,0.0,0.84365213520933,0.15634786479066998,6.845754879220954e-19,200.0,61.3,-184.23959772120577,-1.0714943710697487,-0.887089901723144,-9.892726421740203,0.0,0.0,-27.832104698289324,-7.856826208961305,-3.4395708961892173,-5.766284605572261,-5.449816187011117,-14.864498758424562
795,3500029.21,0,34.999990229813335,35.0,291.9,0,0.0,0.8436512423542539,0.1563487576457461,6.503467135259907e-19,200.0,61.3,-184.23959772120577,-1.0714943710697487,-0.887089901723144,-9.892726421740203,0.0,0.0,-27.832104698289324,-7.856826208961305,-3.4395708961892173,-5.766284605572261,-5.449816187011117,-14.864498758424562
796,3500029.21,1,34.999990229813335,35.0,291.9,0,0.0,0.8436504457036482,0.15634955429635183,6.178293778496913e-19,200.0,61.3,-184.23959772120577,-1.0714943710697487,-0.887089901723144,-9.892726421740203,0.0,0.0,-27.832104698289324,-7.856826208961305,-3.4395708961892173,-5.766284605572261,-5.449816187011117,-14.864498758424562
797,3500029.21,2,34.999990229813335,35.0,291.9,0,0.0,0.843648492446823,0.156351507553177,5.869379089572068e-19,200.0,61.3,-184.23959772120577,-1.0714943710697487,-0.887089901723144,-9.892726421740203,0.0,0.0,-27.832104698289324,-7.856826208961305,-3.4395708961892173,-5.766284605572261,-5.449816187011117,-14.864498758424562
798,3500029.21,3,34.999990229813335,35.0,291.9,0,0.0,0.8436466897440424,0.1563533102559576,5.575910135093465e-19,200.0,61.3,-184.23959772120577,-1.0714943710697487,-0.887089901723144,-9.892726421740203,0.0,0.0,-27.832104698289324,-7.856826208961305,-3.4395708961892173,-5.766284605572261,-5.449816187011117,-14.864498758424562
799,3500029.21,4,34.999990229813335,35.0,291.9,0,0.0,0.8436425395864291,0.15635746041357088,5.297114628338792e-19,200.0,61.3,-184.23959772120577,-1.0714943710697487,-0.887089901723144,-9.892726421740203,0.0,0.0,-27.832104698289324,-7.856826208961305,-3.4395708961892173,-5.766284605572261,-5.449816187011117,-14.864498758424562
800,3500029.21,5,34.999990229813335,35.0,291.9,0,0.0,0.8436398964783781,0.1563601035216219,5.032258896921852e-19,200.0,61.3,-184.23959772120577,-1.0714943710697487,-0.887089901723144,-9.892726421740203,0.0,0.0,-27.832104698289324,-7.856826208961305,-3.4395708961892173,-5.766284605572261,-5.449816187011117,-14.864498758424562
801,3500029.21,6,34.999990229813335,35.0,291.9,0,0.0,0.8436386814447535,0.1563613185552465,4.780645952075759e-19,200.0,61.3,-184.23959772120577,-1.0714943710697487,-0.887089901723144,-9.892726421740203,0.0,0.0,-27.832104698289324,-7.856826208961305,-3.4395708961892173,-5.766284605572261,-5.449816187011117,-14.864498758424562
802,3500029.21,7,34.999990229813335,35.0,291.9,0,0.0,0.8436375795204533,0.15636242047954674,4.541613654471971e-19,200.0,61.3,-184.23959772120577,-1.0714943710697487,-0.887089901723144,-9.892726421740203,0.0,0.0,-27.832104698289324,-7.856826208961305,-3.4395708961892173,-5.766284605572261,-5.449816187011117,-14.864498758424562
803,3500029.21,8,34.999990229813335,35.0,291.9,0,0.0,0.8436390613652233,0.15636093863477674,4.3145329717483727e-19,200.0,61.3,-184.23959772120577,-1.0714943710697487,-0.887089901723144,-9.892726421740203,0.0,0.0,-27.832104698289324,-7.856826208961305,-3.4395708961892173,-5.766284605572261,-5.449816187011117,-14.864498758424562
804,3500029.21,9,34.999990229813335,35.0,291.9,0,0.0,0.8436417542592314,0.15635824574076865,4.098806323160954e-19,200.0,61.3,-184.23959772120577,-1.0714943710697487,-0.887089901723144,-9.892726421740203,0.0,0.0,-27.832104698289324,-7.856826208961305,-3.4395708961892173,-5.766284605572261,-5.449816187011117,-14.864498758424562
805,3500029.21,10,34.999990229813335,35.0,291.9,0,0.0,0.8436431251648543,0.15635687483514576,3.8938660070029066e-19,200.0,61.3,-184.23959772120577,-1.0714943710697487,-0.887089901723144,-9.892726421740203,0.0,0.0,-27.832104698289324,-7.856826208961305,-3.4395708961892173,-5.766284605572261,-5.449816187011117,-14.864498758424562
806,3500029.21,11,34.999990229813335,35.0,291.9,0,0.0,0.843644476239737,0.15635552376026304,3.699172706652761e-19,200.0,61.3,-184.23959772120577,-1.0714943710697487,-0.887089901723144,-9.892726421740203,0.0,0.0,-27.832104698289324,-7.856826208961305,-3.4395708961892173,-5.766284605572261,-5.449816187011117,-14.864498758424562
807,3500029.21,12,34.999990229813335,35.0,291.9,0,0.0,0.8436445765300424,0.1563554234699576,3.514214071320123e-19,200.0,61.3,-184.23959772120577,-1.0714943710697487,-0.887089901723144,-9.892726421740203,0.0,0.0,-27.832104698289324,-7.856826208961305,-3.4395708961892173,-5.766284605572261,-5.449816187011117,-14.864498758424562
808,3500029.21,13,34.999990229813335,35.0,291.9,0,0.0,0.8436422603389009,0.1563577396610991,3.3385033677541167e-19,200.0,61.3,-184.23959772120577,-1.0714943710697487,-0.887089901723144,-9.892726421740203,0.0,0.0,-27.832104698289324,-7.856826208961305,-3.4395708961892173,-5.766284605572261,-5.449816187011117,-14.864498758424562
809,3500029.21,14,34.999990229813335,35.0,291.9,0,0.0,0.8436351923989871,0.15636480760101287,3.171578199366411e-19,200.0,61.3,-184.23959772120577,-1.0714943710697487,-0.887089901723144,-9.892726421740203,0.0,0.0,-27.832104698289324,-7.856826208961305,-3.4395708961892173,-5.766284605572261,-5.449816187011117,-14.864498758424562
810,3500029.21,15,34.999990229813335,35.0,291.9,0,0.0,0.8436297659609697,0.1563702340390303,3.012999289398091e-19,200.0,61.3,-184.23959772120577,-1.0714943710697487,-0.887089901723144,-9.892726421740203,0.0,0.0,-27.832104698289324,-7.856826208961305,-3.4395708961892173,-5.766284605572261,-5.449816187011117,-14.864498758424562
811,3500029.21,16,34.999990229813335,35.0,291.9,0,0.0,0.8436246681976568,0.15637533180234323,2.8623493249281865e-19,200.0,61.3,-184.23959772120577,-1.0714943710697487,-0.887089901723144,-9.892726421740203,0.0,0.0,-27.832104698289324,-7.856826208961305,-3.4395708961892173,-5.766284605572261,-5.449816187011117,-14.864498758424562
812,3500029.21,17,34.999990229813335,35.0,291.9,0,0.0,0.8436149767504738,0.15638502324952624,2.7192318586817778e-19,200.0,61.3,-184.23959772120577,-1.0714943710697487,-0.887089901723144,-9.892726421740203,0.0,0.0,-27.832104698289324,-7.856826208961305,-3.4395708961892173,-5.766284605572261,-5.449816187011117,-14.864498758424562
813,3500029.21,18,34.999990229813335,35.0,291.9,0,0.0,0.843607058465933,0.156392941534067,2.5832702657476885e-19,200.0,61.3,-184.23959772120577,-1.0714943710697487,-0.887089901723144,-9.892726421740203,0.0,0.0,-27.832104698289324,-7.856826208961305,-3.4395708961892173,-5.766284605572261,-5.449816187011117,-14.864498758424562
814,3500029.21,19,34.999990229813335,35.0,291.9,0,0.0,0.8436020443691448,0.1563979556308553,2.4541067524603046e-19,200.0,61.3,-184.23959772120577,-1.0714943710697487,-0.887089901723144,-9.892726421740203,0.0,0.0,-27.832104698289324,-7.856826208961305,-3.4395708961892173,-5.766284605572261,-5.449816187011117,-14.864498758424562
815,3500029.21,20,34.999990229813335,35.0,291.9,0,0.0,0.8435973392886683,0.1564026607113317,2.3314014148372894e-19,200.0,61.3,-184.23959772120577,-1.0714943710697487,-0.887089901723144,-9.892726421740203,0.0,0.0,-27.832104698289324,-7.856826208961305,-3.4395708961892173,-5.766284605572261,-5.449816187011117,-14.864498758424562
816,3500029.21,21,34.999990229813335,35.0,291.9,0,0.0,0.8435892662047165,0.1564107337952835,2.214831344095425e-19,200.0,61.3,-184.23959772120577,-1.0714943710697487,-0.887089901723144,-9.892726421740203,0.0,0.0,-27.832104698289324,-7.856826208961305,-3.4395708961892173,-5.766284605572261,-5.449816187011117,-14.864498758424562
817,3500029.21,22,34.999990229813335,35.0,291.9,0,0.0,0.8435828786243049,0.15641712137569505,2.1040897768906537e-19,200.0,61.3,-184.23959772120577,-1.0714943710697487,-0.887089901723144,-9.892726421740203,0.0,0.0,-27.832104698289324,-7.856826208961305,-3.4395708961892173,-5.766284605572261,-5.449816187011117,-14.864498758424562
818,3500029.21,23,34.999990229813335,35.0,291.9,0,0.0,0.8435744355464562,0.15642556445354378,1.998885288046121e-19,200.0,61.3,-184.23959772120577,-1.0714943710697487,-0.887089901723144,-9.892726421740203,0.0,0.0,-27.832104698289324,-7.856826208961305,-3.4395708961892173,-5.766284605572261,-5.449816187011117,-14.864498758424562
819,3500029.21,24,34.999990229813335,35.0,291.9,0,0.0,0.8435676949505239,0.15643230504947608,1.8989410236438147e-19,200.0,61.3,-184.23959772120577,-1.0714943710697487,-0.887089901723144,-9.892726421740203,0.0,0.0,-27.832104698289324,-7.856826208961305,-3.4395708961892173,-5.766284605572261,-5.449816187011117,-14.864498758424562
820,3500029.21,25,34.999990229813335,35.0,291.9,0,0.0,0.8435649967360317,0.15643500326396836,1.803993972461624e-19,200.0,61.3,-184.23959772120577,-1.0714943710697487,-0.887089901723144,-9.892726421740203,0.0,0.0,-27.832104698289324,-7.856826208961305,-3.4395708961892173,-5.766284605572261,-5.449816187011117,-14.864498758424562
821,3500029.21,26,34.999990229813335,35.0,291.9,0,0.0,0.8435600653838367,0.15643993461616332,1.7137942738385427e-19,200.0,61.3,-184.23959772120577,-1.0714943710697487,-0.887089901723144,-9.892726421740203,0.0,0.0,-27.832104698289324,-7.856826208961305,-3.4395708961892173,-5.766284605572261,-5.449816187011117,-14.864498758424562
822,3500029.21,27,34.999990229813335,35.0,291.9,0,0.0,0.8435590741967263,0.1564409258032737,1.6281045601466155e-19,200.0,61.3,-184.23959772120577,-1.0714943710697487,-0.887089901723144,-9.892726421740203,0.0,0.0,-27.832104698289324,-7.856826208961305,-3.4395708961892173,-5.766284605572261,-5.449816187011117,-14.864498758424562
823,3500029.21,28,34.999990229813335,35.0,291.9,0,0.0,0.8435606059127609,0.15643939408723906,1.5466993321392847e-19,200.0,61.3,-184.23959772120577,-1.0714943710697487,-0.887089901723144,-9.892726421740203,0.0,0.0,-27.832104698289324,-7.856826208961305,-3.4395708961892173,-5.766284605572261,-5.449816187011117,-14.864498758424562
824,3500029.21,29,34.999990229813335,35.0,291.9,0,0.0,0.8435609063962156,0.15643909360378436,1.4693643655323204e-19,200.0,61.3,-184.23959772120577,-1.0714943710697487,-0.887089901723144,-9.892726421740203,0.0,0.0,-27.832104698289324,-7.856826208961305,-3.4395708961892173,-5.766284605572261,-5.449816187011117,-14.864498758424562
825,3500029.21,30,34.999990229813335,35.0,291.9,0,0.0,0.8435576268404078,0.1564423731595922,1.3958961472557045e-19,200.0,61.3,-184.23959772120577,-1.0714943710697487,-0.887089901723144,-9.892726421740203,0.0,0.0,-27.832104698289324,-7.856826208961305,-3.4395708961892173,-5.766284605572261,-5.449816187011117,-14.864498758424562
826,3500029.21,31,34.999990229813335,35.0,291.9,0,0.0,0.8435533640747933,0.15644663592520675,1.3261013398929192e-19,200.0,61.3,-184.23959772120577,-1.0714943710697487,-0.887089901723144,-9.892726421740203,0.0,0.0,-27.832104698289324,-7.856826208961305,-3.4395708961892173,-5.766284605572261,-5.449816187011117,-14.864498758424562
827,3500029.21,32,34.999990229813335,35.0,291.9,0,0.0,0.8435469652470484,0.15645303475295164,1.2597962728982733e-19,200.0,61.3,-184.23959772120577,-1.0714943710697487,-0.887089901723144,-9.892726421740203,0.0,0.0,-27.832104698289324,-7.856826208961305,-3.4395708961892173,-5.766284605572261,-5.449816187011117,-14.864498758424562
828,3500029.21,33,34.999990229813335,35.0,291.9,0,0.0,0.8435397453997611,0.15646025460023896,1.1968064592533595e-19,200.0,61.3,-184.23959772120577,-1.0714943710697487,-0.887089901723144,-9.892726421740203,0.0,0.0,-27.832104698289324,-7.856826208961305,-3.4395708961892173,-5.766284605572261,-5.449816187011117,-14.864498758424562
829,3500029.21,34,34.999990229813335,35.0,291.9,0,0.0,0.8435329502675721,0.1564670497324278,1.1369661362906914e-19,200.0,61.3,-184.23959772120577,-1.0714943710697487,-0.887089901723144,-9.892726421740203,0.0,0.0,-27.832104698289324,-7.856826208961305,-3.4395708961892173,-5.766284605572261,-5.449816187011117,-14.864498758424562
830,3500029.21,35,34.999990229813335,35.0,291.9,0,0.0,0.843522955463726,0.15647704453627403,1.0801178294761569e-19,200.0,61.3,-184.23959772120577,-1.0714943710697487,-0.887089901723144,-9.892726421740203,0.0,0.0,-27.832104698289324,-7.856826208961305,-3.4395708961892173,-5.766284605572261,-5.449816187011117,-14.864498758424562
831,3500029.21,36,34.999990229813335,35.0,291.9,0,0.0,0.8435159275809752,0.15648407241902484,1.026111938002349e-19,200.0,61.3,-184.23959772120577,-1.0714943710697487,-0.887089901723144,-9.892726421740203,0.0,0.0,-27.832104698289324,-7.856826208961305,-3.4395708961892173,-5.766284605572261,-5.449816187011117,-14.864498758424562
832,3500029.21,37,34.999990229813335,35.0,291.9,0,0.0,0.8435045218170814,0.15649547818291865,9.748063411022315e-20,200.0,61.3,-184.23959772120577,-1.0714943710697487,-0.887089901723144,-9.892726421740203,0.0,0.0,-27.832104698289324,-7.856826208961305,-3.4395708961892173,-5.766284605572261,-5.449816187011117,-14.864498758424562
833,3500029.21,38,34.999990229813335,35.0,291.9,0,0.0,0.8434937567819882,0.15650624321801176,9.260660240471199e-20,200.0,61.3,-184.23959772120577,-1.0714943710697487,-0.887089901723144,-9.892726421740203,0.0,0.0,-27.832104698289324,-7.856826208961305,-3.4395708961892173,-5.766284605572261,-5.449816187011117,-14.864498758424562
834,3500029.21,39,34.999990229813335,35.0,291.9,0,0.0,0.8434788132510174,0.15652118674898266,8.79762722844764e-20,200.0,61.3,-184.23959772120577,-1.0714943710697487,-0.887089901723144,-9.892726421740203,0.0,0.0,-27.832104698289324,-7.856826208961305,-3.4395708961892173,-5.766284605572261,-5.449816187011117,-14.864498758424562
835,3500029.21,40,34.999990229813335,35.0,291.9,0,0.0,0.8434599069481997,0.15654009305180028,8.357745867025258e-20,200.0,61.3,-184.23959772120577,-1.0714943710697487,-0.887089901723144,-9.892726421740203,0.0,0.0,-27.832104698289324,-7.856826208961305,-3.4395708961892173,-5.766284605572261,-5.449816187011117,-14.864498758424562
836,3500029.21,41,34.999990229813335,35.0,291.9,0,0.0,0.8434420275800842,0.15655797241991581,7.939858573673996e-20,200.0,61.3,-184.23959772120577,-1.0714943710697487,-0.887089901723144,-9.892726421740203,0.0,0.0,-27.832104698289324,-7.856826208961305,-3.4395708961892173,-5.766284605572261,-5.449816187011117,-14.864498758424562
837,3500029.21,42,34.999990229813335,35.0,291.9,0,0.0,0.843422734725203,0.15657726527479704,7.542865644990297e-20,200.0,61.3,-184.23959772120577,-1.0714943710697487,-0.887089901723144,-9.892726421740203,0.0,0.0,-27.832104698289324,-7.856826208961305,-3.4395708961892173,-5.766284605572261,-5.449816187011117,-14.864498758424562
838,3500029.21,43,34.999990229813335,35.0,291.9,0,0.0,0.8434032972305814,0.1565967027694187,7.165722362740782e-20,200.0,61.3,-184.23959772120577,-1.0714943710697487,-0.887089901723144,-9.892726421740203,0.0,0.0,-27.832104698289324,-7.856826208961305,-3.4395708961892173,-5.766284605572261,-5.449816187011117,-14.864498758424562
839,3500029.21,44,34.999990229813335,35.0,291.9,0,0.0,0.8433896831070721,0.15661031689292798,6.807436244603743e-20,200.0,61.3,-184.23959772120577,-1.0714943710697487,-0.887089901723144,-9.892726421740203,0.0,0.0,-27.832104698289324,-7.856826208961305,-3.4395708961892173,-5.766284605572261,-5.449816187011117,-14.864498758424562
840,3500029.21,45,34.999990229813335,35.0,291.9,0,0.0,0.8433803962222427,0.15661960377775735,6.467064432373556e-20,200.0,61.3,-184.23959772120577,-1.0714943710697487,-0.887089901723144,-9.892726421740203,0.0,0.0,-27.832104698289324,-7.856826208961305,-3.4395708961892173,-5.766284605572261,-5.449816187011117,-14.864498758424562
841,3500029.21,46,34.999990229813335,35.0,291.9,0,0.0,0.843374022289012,0.15662597771098796,6.143711210754878e-20,200.0,61.3,-184.23959772120577,-1.0714943710697487,-0.887089901723144,-9.892726421740203,0.0,0.0,-27.832104698289324,-7.856826208961305,-3.4395708961892173,-5.766284605572261,-5.449816187011117,-14.864498758424562
842,3500029.21,47,34.999990229813335,35.0,291.9,0,0.0,0.8433644821036477,0.15663551789635238,5.836525650217134e-20,200.0,61.3,-184.23959772120577,-1.0714943710697487,-0.887089901723144,-9.892726421740203,0.0,0.0,-27.832104698289324,-7.856826208961305,-3.4395708961892173,-5.766284605572261,-5.449816187011117,-14.864498758424562
843,3500029.21,48,34.999990229813335,35.0,291.9,0,0.0,0.8433543101339042,0.15664568986609592,5.544699367706278e-20,200.0,61.3,-184.23959772120577,-1.0714943710697487,-0.887089901723144,-9.892726421740203,0.0,0.0,-27.832104698289324,-7.856826208961305,-3.4395708961892173,-5.766284605572261,-5.449816187011117,-14.864498758424562
844,3500029.21,49,34.999990229813335,35.0,291.9,0,0.0,0.8433435403649554,0.15665645963504457,5.2674643993209634e-20,200.0,61.3,-184.23959772120577,-1.0714943710697487,-0.887089901723144,-9.892726421740203,0.0,0.0,-27.832104698289324,-7.856826208961305,-3.4395708961892173,-5.766284605572261,-5.449816187011117,-14.864498758424562
845,3500029.21,0,34.999990229813335,35.0,291.9,0,0.0,0.8433262885310747,0.15667371146892525,5.004091179354915e-20,200.0,61.3,-184.23959772120577,-1.0714943710697487,-0.887089901723144,-9.892726421740203,0.0,0.0,-27.832104698289324,-7.856826208961305,-3.4395708961892173,-5.766284605572261,-5.449816187011117,-14.864498758424562
846,3500029.21,1,34.999990229813335,35.0,291.9,0,0.0,0.8433170765148825,0.1566829234851175,4.753886620387169e-20,200.0,61.3,-184.23959772120577,-1.0714943710697487,-0.887089901723144,-9.892726421740203,0.0,0.0,-27.832104698289324,-7.856826208961305,-3.4395708961892173,-5.766284605572261,-5.449816187011117,-14.864498758424562
847,3500029.21,2,34.999990229813335,35.0,291.9,0,0.0,0.8433072235682417,0.15669277643175833,4.5161922893678105e-20,200.0,61.3,-184.23959772120577,-1.0714943710697487,-0.887089901723144,-9.892726421740203,0.0,0.0,-27.832104698289324,-7.856826208961305,-3.4395708961892173,-5.766284605572261,-5.449816187011117,-14.864498758424562
848,3500029.21,3,34.999990229813335,35.0,291.9,0,0.0,0.8432967641071161,0.156703235892884,4.29038267489942e-20,200.0,61.3,-184.23959772120577,-1.0714943710697487,-0.887089901723144,-9.892726421740203,0.0,0.0,-27.832104698289324,-7.856826208961305,-3.4395708961892173,-5.766284605572261,-5.449816187011117,-14.864498758424562
849,3500029.21,4,34.999990229813335,35.0,291.9,0,0.0,0.8432880851703948,0.1567119148296052,4.075863541154449e-20,200.0,61.3,-184.23959772120577,-1.0714943710697487,-0.887089901723144,-9.892726421740203,0.0,0.0,-27.832104698289324,-7.856826208961305,-3.4395708961892173,-5.766284605572261,-5.449816187011117,-14.864498758424562
850,3500029.21,5,34.999990229813335,35.0,291.9,0,0.0,0.8432775675722434,0.15672243242775663,3.872070364096727e-20,200.0,61.3,-184.23959772120577,-1.0714943710697487,-0.887089901723144,-9.892726421740203,0.0,0.0,-27.832104698289324,-7.856826208961305,-3.4395708961892173,-5.766284605572261,-5.449816187011117,-14.864498758424562
851,3500029.21,6,34.999990229813335,35.0,291.9,0,0.0,0.8432617806683986,0.15673821933160131,3.6784668458918903e-20,200.0,61.3,-184.23959772120577,-1.0714943710697487,-0.887089901723144,-9.892726421740203,0.0,0.0,-27.832104698289324,-7.856826208961305,-3.4395708961892173,-5.766284605572261,-5.449816187011117,-14.864498758424562
852,3500029.21,7,34.999990229813335,35.0,291.9,0,0.0,0.843246871521633,0.15675312847836698,3.4945435035972956e-20,200.0,61.3,-184.23959772120577,-1.0714943710697487,-0.887089901723144,-9.892726421740203,0.0,0.0,-27.832104698289324,-7.856826208961305,-3.4395708961892173,-5.766284605572261,-5.449816187011117,-14.864498758424562
853,3500029.21,8,34.999990229813335,35.0,291.9,0,0.0,0.8432363144670881,0.1567636855329118,3.3198163284174305e-20,200.0,61.3,-184.23959772120577,-1.0714943710697487,-0.887089901723144,-9.892726421740203,0.0,0.0,-27.832104698289324,-7.856826208961305,-3.4395708961892173,-5.766284605572261,-5.449816187011117,-14.864498758424562
854,3500029.21,9,34.999990229813335,35.0,291.9,0,0.0,0.8432275398779983,0.1567724601220018,3.1538255119965597e-20,200.0,61.3,-184.23959772120577,-1.0714943710697487,-0.887089901723144,-9.892726421740203,0.0,0.0,-27.832104698289324,-7.856826208961305,-3.4395708961892173,-5.766284605572261,-5.449816187011117,-14.864498758424562
855,3500029.21,10,34.999990229813335,35.0,291.9,0,0.0,0.8432227928076436,0.1567772071923564,2.9961342363967315e-20,200.0,61.3,-184.23959772120577,-1.0714943710697487,-0.887089901723144,-9.892726421740203,0.0,0.0,-27.832104698289324,-7.856826208961305,-3.4395708961892173,-5.766284605572261,-5.449816187011117,-14.864498758424562
856,3500029.21,11,34.999990229813335,35.0,291.9,0,0.0,0.8432183608820724,0.15678163911792767,2.846327524576895e-20,200.0,61.3,-184.23959772120577,-1.0714943710697487,-0.887089901723144,-9.892726421740203,0.0,0.0,-27.832104698289324,-7.856826208961305,-3.4395708961892173,-5.766284605572261,-5.449816187011117,-14.864498758424562
857,3500029.21,12,34.999990229813335,35.0,291.9,0,0.0,0.8432223808974282,0.15677761910257187,2.7040111483480502e-20,200.0,61.3,-184.23959772120577,-1.0714943710697487,-0.887089901723144,-9.892726421740203,0.0,0.0,-27.832104698289324,-7.856826208961305,-3.4395708961892173,-5.766284605572261,-5.449816187011117,-14.864498758424562
858,3500029.21,13,34.999990229813335,35.0,291.9,0,0.0,0.8432309146345893,0.15676908536541073,2.5688105909306475e-20,200.0,61.3,-184.23959772120577,-1.0714943710697487,-0.887089901723144,-9.892726421740203,0.0,0.0,-27.832104698289324,-7.856826208961305,-3.4395708961892173,-5.766284605572261,-5.449816187011117,-14.864498758424562
859,3500029.21,14,34.999990229813335,35.0,291.9,0,0.0,0.8432390837281007,0.15676091627189934,2.440370061384115e-20,200.0,61.3,-184.23959772120577,-1.0714943710697487,-0.887089901723144,-9.892726421740203,0.0,0.0,-27.832104698289324,-7.856826208961305,-3.4395708961892173,-5.766284605572261,-5.449816187011117,-14.864498758424562
860,3500029.21,15,34.999990229813335,35.0,291.9,0,0.0,0.8432515377947329,0.15674846220526706,2.318351558314909e-20,200.0,61.3,-184.23959772120577,-1.0714943710697487,-0.887089901723144,-9.892726421740203,0.0,0.0,-27.832104698289324,-7.856826208961305,-3.4395708961892173,-5.766284605572261,-5.449816187011117,-14.864498758424562
861,3500029.21,16,34.999990229813335,35.0,291.9,0,0.0,0.8432611129582559,0.15673888704174407,2.2024339803991635e-20,200.0,61.3,-184.23959772120577,-1.0714943710697487,-0.887089901723144,-9.892726421740203,0.0,0.0,-27.832104698289324,-7.856826208961305,-3.4395708961892173,-5.766284605572261,-5.449816187011117,-14.864498758424562
862,3500029.21,17,34.999990229813335,35.0,291.9,0,0.0,0.8432748866051761,0.15672511339482387,2.0923122813792053e-20,200.0,61.3,-184.23959772120577,-1.0714943710697487,-0.887089901723144,-9.892726421740203,0.0,0.0,-27.832104698289324,-7.856826208961305,-3.4395708961892173,-5.766284605572261,-5.449816187011117,-14.864498758424562
863,3500029.21,18,34.999990229813335,35.0,291.9,0,0.0,0.8432868720364934,0.15671312796350662,1.987696667310245e-20,200.0,61.3,-184.23959772120577,-1.0714943710697487,-0.887089901723144,-9.892726421740203,0.0,0.0,-27.832104698289324,-7.856826208961305,-3.4395708961892173,-5.766284605572261,-5.449816187011117,-14.864498758424562
864,3500029.21,19,34.999990229813335,35.0,291.9,0,0.0,0.8433052173414473,0.1566947826585527,1.8883118339447328e-20,200.0,61.3,-184.23959772120577,-1.0714943710697487,-0.887089901723144,-9.892726421740203,0.0,0.0,-27.832104698289324,-7.856826208961305,-3.4395708961892173,-5.766284605572261,-5.449816187011117,-14.864498758424562
865,3500029.21,20,34.999990229813335,35.0,291.9,0,0.0,0.8433272838445085,0.15667271615549144,1.793896242247496e-20,200.0,61.3,-184.23959772120577,-1.0714943710697487,-0.887089901723144,-9.892726421740203,0.0,0.0,-27.832104698289324,-7.856826208961305,-3.4395708961892173,-5.766284605572261,-5.449816187011117,-14.864498758424562
866,3500029.21,21,34.999990229813335,35.0,291.9,0,0.0,0.8433494338148607,0.15665056618513934,1.7042014301351214e-20,200.0,61.3,-184.23959772120577,-1.0714943710697487,-0.887089901723144,-9.892726421740203,0.0,0.0,-27.832104698289324,-7.856826208961305,-3.4395708961892173,-5.766284605572261,-5.449816187011117,-14.864498758424562
867,3500029.21,22,34.999990229813335,35.0,291.9,0,0.0,0.843373948021994,0.1566260519780061,1.6189913586283653e-20,200.0,61.3,-184.23959772120577,-1.0714943710697487,-0.887089901723144,-9.892726421740203,0.0,0.0,-27.832104698289324,-7.856826208961305,-3.4395708961892173,-5.766284605572261,-5.449816187011117,-14.864498758424562
868,3500029.21,23,34.999990229813335,35.0,291.9,0,0.0,0.8433972717494326,0.1566027282505674,1.538041790696947e-20,200.0,61.3,-184.23959772120577,-1.0714943710697487,-0.887089901723144,-9.892726421740203,0.0,0.0,-27.832104698289324,-7.856826208961305,-3.4395708961892173,-5.766284605572261,-5.449816187011117,-14.864498758424562
869,3500029.21,24,34.999990229813335,35.0,291.9,0,0.0,0.8434183232490208,0.15658167675097925,1.4611397011621e-20,200.0,61.3,-184.23959772120577,-1.0714943710697487,-0.887089901723144,-9.892726421740203,0.0,0.0,-27.832104698289324,-7.856826208961305,-3.4395708961892173,-5.766284605572261,-5.449816187011117,-14.864498758424562
870,3500029.21,25,34.999990229813335,35.0,291.9,0,0.0,0.8434394984307054,0.15656050156929463,1.388082716103995e-20,200.0,61.3,-184.23959772120577,-1.0714943710697487,-0.887089901723144,-9.892726421740203,0.0,0.0,-27.832104698289324,-7.856826208961305,-3.4395708961892173,-5.766284605572261,-5.449816187011117,-14.864498758424562
871,3500029.21,26,34.999990229813335,35.0,291.9,0,0.0,0.8434653384589706,0.1565346615410293,1.3186785802987952e-20,200.0,61.3,-184.23959772120577,-1.0714943710697487,-0.887089901723144,-9.892726421740203,0.0,0.0,-27.832104698289324,-7.856826208961305,-3.4395708961892173,-5.766284605572261,-5.449816187011117,-14.864498758424562
872,3500029.21,27,34.999990229813335,35.0,291.9,0,0.0,0.8434921857005823,0.1565078142994178,1.2527446512838555e-20,200.0,61.3,-184.23959772120577,-1.0714943710697487,-0.887089901723144,-9.892726421740203,0.0,0.0,-27.832104698289324,-7.856826208961305,-3.4395708961892173,-5.766284605572261,-5.449816187011117,-14.864498758424562
873,3500029.21,28,34.999990229813335,35.0,291.9,0,0.0,0.8435222495410111,0.15647775045898893,1.1901074187196626e-20,200.0,61.3,-184.23959772120577,-1.0714943710697487,-0.887089901723144,-9.892726421740203,0.0,0.0,-27.832104698289324,-7.856826208961305,-3.4395708961892173,-5.766284605572261,-5.449816187011117,-14.864498758424562
874,3500029.21,29,34.999990229813335,35.0,291.9,0,0.0,0.8435496988385556,0.15645030116144445,1.1306020477836794e-20,200.0,61.3,-184.23959772120577,-1.0714943710697487,-0.887089901723144,-9.892726421740203,0.0,0.0,-27.832104698289324,-7.856826208961305,-3.4395708961892173,-5.766284605572261,-5.449816187011117,-14.864498758424562
875,3500029.21,30,34.999990229813335,35.0,291.9,0,0.0,0.8435814461646994,0.1564185538353006,1.0740719453944955e-20,200.0,61.3,-184.23959772120577,-1.0714943710697487,-0.887089901723144,-9.892726421740203,0.0,0.0,-27.832104698289324,-7.856826208961305,-3.4395708961892173,-5.766284605572261,-5.449816187011117,-14.864498758424562
876,3500029.21,31,34.999990229813335,35.0,291.9,0,0.0,0.843611621093945,0.15638837890605492,1.0203683481247706e-20,200.0,61.3,-184.23959772120577,-1.0714943710697487,-0.887089901723144,-9.892726421740203,0.0,0.0,-27.832104698289324,-7.856826208961305,-3.4395708961892173,-5.766284605572261,-5.449816187011117,-14.864498758424562
877,3500029.21,32,34.999990229813335,35.0,291.9,0,0.0,0.8436391755558665,0.15636082444413343,9.69349930718532e-21,200.0,61.3,-184.23959772120577,-1.0714943710697487,-0.887089901723144,-9.892726421740203,0.0,0.0,-27.832104698289324,-7.856826208961305,-3.4395708961892173,-5.766284605572261,-5.449816187011117,-14.864498758424562
878,3500029.21,33,34.999990229813335,35.0,291.9,0,0.0,0.8436664938511068,0.15633350614889313,9.208824341826053e-21,200.0,61.3,-184.23959772120577,-1.0714943710697487,-0.887089901723144,-9.892726421740203,0.0,0.0,-27.832104698289324,-7.856826208961305,-3.4395708961892173,-5.766284605572261,-5.449816187011117,-14.864498758424562
879,3500029.21,34,34.999990229813335,35.0,291.9,0,0.0,0.8436913370336746,0.1563086629663254,8.748383124734752e-21,200.0,61.3,-184.23959772120577,-1.0714943710697487,-0.887089901723144,-9.892726421740203,0.0,0.0,-27.832104698289324,-7.856826208961305,-3.4395708961892173,-5.766284605572261,-5.449816187011117,-14.864498758424562
880,3500029.21,35,34.999990229813335,35.0,291.9,0,0.0,0.8437160769536806,0.15628392304631947,8.310963968498016e-21,200.0,61.3,-184.23959772120577,-1.0714943710697487,-0.887089901723144,-9.892726421740203,0.0,0.0,-27.832104698289324,-7.856826208961305,-3.4395708961892173,-5.766284605572261,-5.449816187011117,-14.864498758424562
881,3500029.21,36,34.999990229813335,35.0,291.9,0,0.0,0.8437407158989164,0.1562592841010836,7.895415770073116e-21,200.0,61.3,-184.23959772120577,-1.0714943710697487,-0.887089901723144,-9.892726421740203,0.0,0.0,-27.832104698289324,-7.856826208961305,-3.4395708961892173,-5.766284605572261,-5.449816187011117,-14.864498758424562
882,3500029.21,37,34.999990229813335,35.0,291.9,0,0.0,0.8437641363765261,0.1562358636234738,7.50064498156946e-21,200.0,61.3,-184.23959772120577,-1.0714943710697487,-0.887089901723144,-9.892726421740203,0.0,0.0,-27.832104698289324,-7.856826208961305,-3.4395708961892173,-5.766284605572261,-5.449816187011117,-14.864498758424562
883,3500029.21,38,34.999990229813335,35.0,291.9,0,0.0,0.8437908713009385,0.15620912869906145,7.125612732490987e-21,200.0,61.3,-184.23959772120577,-1.0714943710697487,-0.887089901723144,-9.892726421740203,0.0,0.0,-27.832104698289324,-7.856826208961305,-3.4395708961892173,-5.766284605572261,-5.449816187011117,-14.864498758424562
884,3500029.21,39,34.999990229813335,35.0,291.9,0,0.0,0.8438196252468454,0.15618037475315466,6.769332095866438e-21,200.0,61.3,-184.23959772120577,-1.0714943710697487,-0.887089901723144,-9.892726421740203,0.0,0.0,-27.832104698289324,-7.856826208961305,-3.4395708961892173,-5.766284605572261,-5.449816187011117,-14.864498758424562
885,3500029.21,40,34.999990229813335,35.0,291.9,0,0.0,0.8438480599976184,0.15615194000238158,6.4308654910731154e-21,200.0,61.3,-184.23959772120577,-1.0714943710697487,-0.887089901723144,-9.892726421740203,0.0,0.0,-27.832104698289324,-7.856826208961305,-3.4395708961892173,-5.766284605572261,-5.449816187011117,-14.864498758424562
886,3500029.21,41,34.999990229813335,35.0,291.9,0,0.0,0.8438706236095127,0.15612937639048735,6.10932221651946e-21,200.0,61.3,-184.23959772120577,-1.0714943710697487,-0.887089901723144,-9.892726421740203,0.0,0.0,-27.832104698289324,-7.856826208961305,-3.4395708961892173,-5.766284605572261,-5.449816187011117,-14.864498758424562
887,3500029.21,42,34.999990229813335,35.0,291.9,0,0.0,0.8438898419819116,0.15611015801808842,5.803856105693487e-21,200.0,61.3,-184.23959772120577,-1.0714943710697487,-0.887089901723144,-9.892726421740203,0.0,0.0,-27.832104698289324,-7.856826208961305,-3.4395708961892173,-5.766284605572261,-5.449816187011117,-14.864498758424562
888,3500029.21,43,34.999990229813335,35.0,291.9,0,0.0,0.8439092217179328,0.15609077828206722,5.513663300408813e-21,200.0,61.3,-184.23959772120577,-1.0714943710697487,-0.887089901723144,-9.892726421740203,0.0,0.0,-27.832104698289324,-7.856826208961305,-3.4395708961892173,-5.766284605572261,-5.449816187011117,-14.864498758424562
889,3500029.21,44,34.999990229813335,35.0,291.9,0,0.0,0.8439254211747037,0.15607457882529624,5.237980135388372e-21,200.0,61.3,-184.23959772120577,-1.0714943710697487,-0.887089901723144,-9.892726421740203,0.0,0.0,-27.832104698289324,-7.856826208961305,-3.4395708961892173,-5.766284605572261,-5.449816187011117,-14.864498758424562
890,3500029.21,45,34.999990229813335,35.0,291.9,0,0.0,0.8439452581070029,0.15605474189299712,4.976081128618954e-21,200.0,61.3,-184.23959772120577,-1.0714943710697487,-0.887089901723144,-9.892726421740203,0.0,0.0,-27.832104698289324,-7.856826208961305,-3.4395708961892173,-5.766284605572261,-5.449816187011117,-14.864498758424562
891,3500029.21,46,34.999990229813335,35.0,291.9,0,0.0,0.84396411011411,0.15603588988589,4.727277072188006e-21,200.0,61.3,-184.23959772120577,-1.0714943710697487,-0.887089901723144,-9.892726421740203,0.0,0.0,-27.832104698289324,-7.856826208961305,-3.4395708961892173,-5.766284605572261,-5.449816187011117,-14.864498758424562
892,3500029.21,47,34.999990229813335,35.0,291.9,0,0.0,0.8439842376137596,0.1560157623862404,4.490913218578605e-21,200.0,61.3,-184.23959772120577,-1.0714943710697487,-0.887089901723144,-9.892726421740203,0.0,0.0,-27.832104698289324,-7.856826208961305,-3.4395708961892173,-5.766284605572261,-5.449816187011117,-14.864498758424562
893,3500029.21,48,34.999990229813335,35.0,291.9,0,0.0,0.8440022589128299,0.15599774108717018,4.266367557649674e-21,200.0,61.3,-184.23959772120577,-1.0714943710697487,-0.887089901723144,-9.892726421740203,0.0,0.0,-27.832104698289324,-7.856826208961305,-3.4395708961892173,-5.766284605572261,-5.449816187011117,-14.864498758424562
894,3500029.21,49,34.999990229813335,35.0,291.9,0,0.0,0.8440193847748734,0.15598061522512666,4.053049179767191e-21,200.0,61.3,-184.23959772120577,-1.0714943710697487,-0.887089901723144,-9.892726421740203,0.0,0.0,-27.832104698289324,-7.856826208961305,-3.4395708961892173,-5.766284605572261,-5.449816187011117,-14.864498758424562
895,3500029.21,0,34.999990229813335,35.0,291.9,0,0.0,0.8440312505176231,0.15596874948237688,3.850396720778831e-21,200.0,61.3,-184.23959772120577,-1.0714943710697487,-0.887089901723144,-9.892726421740203,0.0,0.0,-27.832104698289324,-7.856826208961305,-3.4395708961892173,-5.766284605572261,-5.449816187011117,-14.864498758424562
896,3500029.21,1,34.999990229813335,35.0,291.9,0,0.0,0.8440425335435927,0.15595746645640726,3.6578768847398895e-21,200.0,61.3,-184.23959772120577,-1.0714943710697487,-0.887089901723144,-9.892726421740203,0.0,0.0,-27.832104698289324,-7.856826208961305,-3.4395708961892173,-5.766284605572261,-5.449816187011117,-14.864498758424562
897,3500029.21,2,34.999990229813335,35.0,291.9,0,0.0,0.8440521624554841,0.15594783754451594,3.4749830405028956e-21,200.0,61.3,-184.23959772120577,-1.0714943710697487,-0.887089901723144,-9.892726421740203,0.0,0.0,-27.832104698289324,-7.856826208961305,-3.4395708961892173,-5.766284605572261,-5.449816187011117,-14.864498758424562
898,3500029.21,3,34.999990229813335,35.0,291.9,0,0.0,0.8440613216824344,0.15593867831756564,3.3012338884777507e-21,200.0,61.3,-184.23959772120577,-1.0714943710697487,-0.887089901723144,-9.892726421740203,0.0,0.0,-27.832104698289324,-7.856826208961305,-3.4395708961892173,-5.766284605572261,-5.449816187011117,-14.864498758424562
899,3500029.21,4,34.999990229813335,35.0,291.9,0,0.0,0.8440733280391954,0.15592667196080462,3.136172194053863e-21,200.0,61.3,-184.23959772120577,-1.0714943710697487,-0.887089901723144,-9.892726421740203,0.0,0.0,-27.832104698289324,-7.856826208961305,-3.4395708961892173,-5.766284605572261,-5.449816187011117,-14.864498758424562
900,3500029.21,5,34.999990229813335,35.0,291.9,0,0.0,0.8440825492335314,0.15591745076646862,2.97936358435117e-21,200.0,61.3,-184.23959772120577,-1.0714943710697487,-0.887089901723144,-9.892726421740203,0.0,0.0,-27.832104698289324,-7.856826208961305,-3.4395708961892173,-5.766284605572261,-5.449816187011117,-14.864498758424562
901,3500029.21,6,34.999990229813335,35.0,291.9,0,0.0,0.8440902242454967,0.15590977575450332,2.8303954051336116e-21,200.0,61.3,-184.23959772120577,-1.0714943710697487,-0.887089901723144,-9.892726421740203,0.0,0.0,-27.832104698289324,-7.856826208961305,-3.4395708961892173,-5.766284605572261,-5.449816187011117,-14.864498758424562
902,3500029.21,7,34.999990229813335,35.0,291.9,0,0.0,0.8441029964113085,0.15589700358869157,2.688875634876931e-21,200.0,61.3,-184.23959772120577,-1.0714943710697487,-0.887089901723144,-9.892726421740203,0.0,0.0,-27.832104698289324,-7.856826208961305,-3.4395708961892173,-5.766284605572261,-5.449816187011117,-14.864498758424562
903,3500029.21,8,34.999990229813335,35.0,291.9,0,0.0,0.8441140433543686,0.15588595664563143,2.554431853133084e-21,200.0,61.3,-184.23959772120577,-1.0714943710697487,-0.887089901723144,-9.892726421740203,0.0,0.0,-27.832104698289324,-7.856826208961305,-3.4395708961892173,-5.766284605572261,-5.449816187011117,-14.864498758424562
904,3500029.21,9,34.999990229813335,35.0,291.9,0,0.0,0.8441223621068583,0.15587763789314174,2.4267102604764302e-21,200.0,61.3,-184.23959772120577,-1.0714943710697487,-0.887089901723144,-9.892726421740203,0.0,0.0,-27.832104698289324,-7.856826208961305,-3.4395708961892173,-5.766284605572261,-5.449816187011117,-14.864498758424562
905,3500029.21,10,34.999990229813335,35.0,291.9,0,0.0,0.8441346333358171,0.155865366664183,2.3053747474526086e-21,200.0,61.3,-184.23959772120577,-1.0714943710697487,-0.887089901723144,-9.892726421740203,0.0,0.0,-27.832104698289324,-7.856826208961305,-3.4395708961892173,-5.766284605572261,-5.449816187011117,-14.864498758424562
906,3500029.21,11,34.999990229813335,35.0,291.9,0,0.0,0.8441495584915577,0.15585044150844227,2.190106010079978e-21,200.0,61.3,-184.23959772120577,-1.0714943710697487,-0.887089901723144,-9.892726421740203,0.0,0.0,-27.832104698289324,-7.856826208961305,-3.4395708961892173,-5.766284605572261,-5.449816187011117,-14.864498758424562
907,3500029.21,12,34.999990229813335,35.0,291.9,0,0.0,0.8441604784227729,0.15583952157722714,2.080600709575979e-21,200.0,61.3,-184.23959772120577,-1.0714943710697487,-0.887089901723144,-9.892726421740203,0.0,0.0,-27.832104698289324,-7.856826208961305,-3.4395708961892173,-5.766284605572261,-5.449816187011117,-14.864498758424562
908,3500029.21,13,34.999990229813335,35.0,291.9,0,0.0,0.844173027499677,0.1558269725003229,1.9765706740971802e-21,200.0,61.3,-184.23959772120577,-1.0714943710697487,-0.887089901723144,-9.892726421740203,0.0,0.0,-27.832104698289324,-7.856826208961305,-3.4395708961892173,-5.766284605572261,-5.449816187011117,-14.864498758424562
909,3500029.21,14,34.999990229813335,35.0,291.9,0,0.0,0.8441827824641708,0.1558172175358292,1.877742140392321e-21,200.0,61.3,-184.23959772120577,-1.0714943710697487,-0.887089901723144,-9.892726421740203,0.0,0.0,-27.832104698289324,-7.856826208961305,-3.4395708961892173,-5.766284605572261,-5.449816187011117,-14.864498758424562
910,3500029.21,15,34.999990229813335,35.0,291.9,0,0.0,0.8441985492303588,0.1558014507696413,1.783855033372705e-21,200.0,61.3,-184.23959772120577,-1.0714943710697487,-0.887089901723144,-9.892726421740203,0.0,0.0,-27.832104698289324,-7.856826208961305,-3.4395708961892173,-5.766284605572261,-5.449816187011117,-14.864498758424562
911,3500029.21,16,34.999990229813335,35.0,291.9,0,0.0,0.8442146051936102,0.15578539480638975,1.6946622817040696e-21,200.0,61.3,-184.23959772120577,-1.0714943710697487,-0.887089901723144,-9.892726421740203,0.0,0.0,-27.832104698289324,-7.856826208961305,-3.4395708961892173,-5.766284605572261,-5.449816187011117,-14.864498758424562
912,3500029.21,17,34.999990229813335,35.0,291.9,0,0.0,0.844229854204026,0.15577014579597398,1.609929167618866e-21,200.0,61.3,-184.23959772120577,-1.0714943710697487,-0.887089901723144,-9.892726421740203,0.0,0.0,-27.832104698289324,-7.856826208961305,-3.4395708961892173,-5.766284605572261,-5.449816187011117,-14.864498758424562
913,3500029.21,18,34.999990229813335,35.0,291.9,0,0.0,0.8442443366184164,0.1557556633815837,1.5294327092379229e-21,200.0,61.3,-184.23959772120577,-1.0714943710697487,-0.887089901723144,-9.892726421740203,0.0,0.0,-27.832104698289324,-7.856826208961305,-3.4395708961892173,-5.766284605572261,-5.449816187011117,-14.864498758424562
914,3500029.21,19,34.999990229813335,35.0,291.9,0,0.0,0.8442602439138585,0.15573975608614163,1.4529610737760267e-21,200.0,61.3,-184.23959772120577,-1.0714943710697487,-0.887089901723144,-9.892726421740203,0.0,0.0,-27.832104698289324,-7.856826208961305,-3.4395708961892173,-5.766284605572261,-5.449816187011117,-14.864498758424562
915,3500029.21,20,34.999990229813335,35.0,291.9,0,0.0,0.8442753493481979,0.15572465065180208,1.3803130200872253e-21,200.0,61.3,-184.23959772120577,-1.0714943710697487,-0.887089901723144,-9.892726421740203,0.0,0.0,-27.832104698289324,-7.856826208961305,-3.4395708961892173,-5.766284605572261,-5.449816187011117,-14.864498758424562
916,3500029.21,21,34.999990229813335,35.0,291.9,0,0.0,0.8442875446235739,0.15571245537642603,1.3112973690828639e-21,200.0,61.3,-184.23959772120577,-1.0714943710697487,-0.887089901723144,-9.892726421740203,0.0,0.0,-27.832104698289324,-7.856826208961305,-3.4395708961892173,-5.766284605572261,-5.449816187011117,-14.864498758424562
917,3500029.21,22,34.999990229813335,35.0,291.9,0,0.0,0.8443001991693585,0.15569980083064153,1.2457325006287208e-21,200.0,61.3,-184.23959772120577,-1.0714943710697487,-0.887089901723144,-9.892726421740203,0.0,0.0,-27.832104698289324,-7.856826208961305,-3.4395708961892173,-5.766284605572261,-5.449816187011117,-14.864498758424562
918,3500029.21,23,34.999990229813335,35.0,291.9,0,0.0,0.8443100715384873,0.15568992846151272,1.1834458755972848e-21,200.0,61.3,-184.23959772120577,-1.0714943710697487,-0.887089901723144,-9.892726421740203,0.0,0.0,-27.832104698289324,-7.856826208961305,-3.4395708961892173,-5.766284605572261,-5.449816187011117,-14.864498758424562
919,3500029.21,24,34.999990229813335,35.0,291.9,0,0.0,0.8443215891958381,0.15567841080416187,1.1242735818174205e-21,200.0,61.3,-184.23959772120577,-1.0714943710697487,-0.887089901723144,-9.892726421740203,0.0,0.0,-27.832104698289324,-7.856826208961305,-3.4395708961892173,-5.766284605572261,-5.449816187011117,-14.864498758424562
920,3500029.21,25,34.999990229813335,35.0,291.9,0,0.0,0.8443282458043931,0.15567175419560683,1.0680599027265494e-21,200.0,61.3,-184.23959772120577,-1.0714943710697487,-0.887089901723144,-9.892726421740203,0.0,0.0,-27.832104698289324,-7.856826208961305,-3.4395708961892173,-5.766284605572261,-5.449816187011117,-14.864498758424562
921,3500029.21,26,34.999990229813335,35.0,291.9,0,0.0,0.844337775801183,0.1556622241988171,1.014656907590222e-21,200.0,61.3,-184.23959772120577,-1.0714943710697487,-0.887089901723144,-9.892726421740203,0.0,0.0,-27.832104698289324,-7.856826208961305,-3.4395708961892173,-5.766284605572261,-5.449816187011117,-14.864498758424562
922,3500029.21,27,34.999990229813335,35.0,291.9,0,0.0,0.8443446899531513,0.1556553100468486,9.639240622107107e-22,200.0,61.3,-184.23959772120577,-1.0714943710697487,-0.887089901723144,-9.892726421740203,0.0,0.0,-27.832104698289324,-7.856826208961305,-3.4395708961892173,-5.766284605572261,-5.449816187011117,-14.864498758424562
923,3500029.21,28,34.999990229813335,35.0,291.9,0,0.0,0.8443480554668179,0.15565194453318215,9.157278591001752e-22,200.0,61.3,-184.23959772120577,-1.0714943710697487,-0.887089901723144,-9.892726421740203,0.0,0.0,-27.832104698289324,-7.856826208961305,-3.4395708961892173,-5.766284605572261,-5.449816187011117,-14.864498758424562
924,3500029.21,29,34.999990229813335,35.0,291.9,0,0.0,0.8443512544742569,0.15564874552574318,8.699414661451664e-22,200.0,61.3,-184.23959772120577,-1.0714943710697487,-0.887089901723144,-9.892726421740203,0.0,0.0,-27.832104698289324,-7.856826208961305,-3.4395708961892173,-5.766284605572261,-5.449816187011117,-14.864498758424562
925,3500029.21,30,34.999990229813335,35.0,291.9,0,0.0,0.844355360276688,0.15564463972331205,8.264443928379081e-22,200.0,61.3,-184.23959772120577,-1.0714943710697487,-0.887089901723144,-9.892726421740203,0.0,0.0,-27.832104698289324,-7.856826208961305,-3.4395708961892173,-5.766284605572261,-5.449816187011117,-14.864498758424562
926,3500029.21,31,34.999990229813335,35.0,291.9,0,0.0,0.8443613883253872,0.15563861167461282,7.8512217319601275e-22,200.0,61.3,-184.23959772120577,-1.0714943710697487,-0.887089901723144,-9.892726421740203,0.0,0.0,-27.832104698289324,-7.856826208961305,-3.4395708961892173,-5.766284605572261,-5.449816187011117,-14.864498758424562
927,3500029.21,32,34.999990229813335,35.0,291.9,0,0.0,0.84436392597518,0.15563607402482005,7.458660645362121e-22,200.0,61.3,-184.23959772120577,-1.0714943710697487,-0.887089901723144,-9.892726421740203,0.0,0.0,-27.832104698289324,-7.856826208961305,-3.4395708961892173,-5.766284605572261,-5.449816187011117,-14.864498758424562
928,3500029.21,33,34.999990229813335,35.0,291.9,0,0.0,0.8443684612813384,0.15563153871866162,7.085727613094014e-22,200.0,61.3,-184.23959772120577,-1.0714943710697487,-0.887089901723144,-9.892726421740203,0.0,0.0,-27.832104698289324,-7.856826208961305,-3.4395708961892173,-5.766284605572261,-5.449816187011117,-14.864498758424562
929,3500029.21,34,34.999990229813335,35.0,291.9,0,0.0,0.8443759482363663,0.15562405176363364,6.731441232439313e-22,200.0,61.3,-184.23959772120577,-1.0714943710697487,-0.887089901723144,-9.892726421740203,0.0,0.0,-27.832104698289324,-7.856826208961305,-3.4395708961892173,-5.766284605572261,-5.449816187011117,-14.864498758424562
930,3500029.21,35,34.999990229813335,35.0,291.9,0,0.0,0.8443830568494709,0.15561694315052915,6.394869170817349e-22,200.0,61.3,-184.23959772120577,-1.0714943710697487,-0.887089901723144,-9.892726421740203,0.0,0.0,-27.832104698289324,-7.856826208961305,-3.4395708961892173,-5.766284605572261,-5.449816187011117,-14.864498758424562
931,3500029.21,36,34.999990229813335,35.0,291.9,0,0.0,0.8443919196070526,0.1556080803929474,6.075125712276481e-22,200.0,61.3,-184.23959772120577,-1.0714943710697487,-0.887089901723144,-9.892726421740203,0.0,0.0,-27.832104698289324,-7.856826208961305,-3.4395708961892173,-5.766284605572261,-5.449816187011117,-14.864498758424562
932,3500029.21,37,34.999990229813335,35.0,291.9,0,0.0,0.8443982216891786,0.15560177831082142,5.771369426662657e-22,200.0,61.3,-184.23959772120577,-1.0714943710697487,-0.887089901723144,-9.892726421740203,0.0,0.0,-27.832104698289324,-7.856826208961305,-3.4395708961892173,-5.766284605572261,-5.449816187011117,-14.864498758424562
933,3500029.21,38,34.999990229813335,35.0,291.9,0,0.0,0.8444094754604364,0.1555905245395636,5.482800955329525e-22,200.0,61.3,-184.23959772120577,-1.0714943710697487,-0.887089901723144,-9.892726421740203,0.0,0.0,-27.832104698289324,-7.856826208961305,-3.4395708961892173,-5.766284605572261,-5.449816187011117,-14.864498758424562
934,3500029.21,39,34.999990229813335,35.0,291.9,0,0.0,0.8444169985487441,0.15558300145125595,5.208660907563048e-22,200.0,61.3,-184.23959772120577,-1.0714943710697487,-0.887089901723144,-9.892726421740203,0.0,0.0,-27.832104698289324,-7.856826208961305,-3.4395708961892173,-5.766284605572261,-5.449816187011117,-14.864498758424562
935,3500029.21,40,34.999990229813335,35.0,291.9,0,0.0,0.8444230871493141,0.15557691285068587,4.948227862184895e-22,200.0,61.3,-184.23959772120577,-1.0714943710697487,-0.887089901723144,-9.892726421740203,0.0,0.0,-27.832104698289324,-7.856826208961305,-3.4395708961892173,-5.766284605572261,-5.449816187011117,-14.864498758424562
936,3500029.21,41,34.999990229813335,35.0,291.9,0,0.0,0.8444257119148062,0.15557428808519386,4.700816469075651e-22,200.0,61.3,-184.23959772120577,-1.0714943710697487,-0.887089901723144,-9.892726421740203,0.0,0.0,-27.832104698289324,-7.856826208961305,-3.4395708961892173,-5.766284605572261,-5.449816187011117,-14.864498758424562
937,3500029.21,42,34.999990229813335,35.0,291.9,0,0.0,0.8444229475970604,0.15557705240293968,4.4657756456218685e-22,200.0,61.3,-184.23959772120577,-1.0714943710697487,-0.887089901723144,-9.892726421740203,0.0,0.0,-27.832104698289324,-7.856826208961305,-3.4395708961892173,-5.766284605572261,-5.449816187011117,-14.864498758424562
938,3500029.21,43,34.999990229813335,35.0,291.9,0,0.0,0.8444192746778101,0.15558072532218992,4.242486863340775e-22,200.0,61.3,-184.23959772120577,-1.0714943710697487,-0.887089901723144,-9.892726421740203,0.0,0.0,-27.832104698289324,-7.856826208961305,-3.4395708961892173,-5.766284605572261,-5.449816187011117,-14.864498758424562
939,3500029.21,44,34.999990229813335,35.0,291.9,0,0.0,0.8444220850558821,0.15557791494411785,4.030362520173736e-22,200.0,61.3,-184.23959772120577,-1.0714943710697487,-0.887089901723144,-9.892726421740203,0.0,0.0,-27.832104698289324,-7.856826208961305,-3.4395708961892173,-5.766284605572261,-5.449816187011117,-14.864498758424562
940,3500029.21,45,34.999990229813335,35.0,291.9,0,0.0,0.8444226582321761,0.15557734176782384,3.8288443941650487e-22,200.0,61.3,-184.23959772120577,-1.0714943710697487,-0.887089901723144,-9.892726421740203,0.0,0.0,-27.832104698289324,-7.856826208961305,-3.4395708961892173,-5.766284605572261,-5.449816187011117,-14.864498758424562
941,3500029.21,46,34.999990229813335,35.0,291.9,0,0.0,0.8444252961097484,0.15557470389025166,3.6374021744567965e-22,200.0,61.3,-184.23959772120577,-1.0714943710697487,-0.887089901723144,-9.892726421740203,0.0,0.0,-27.832104698289324,-7.856826208961305,-3.4395708961892173,-5.766284605572261,-5.449816187011117,-14.864498758424562
942,3500029.21,47,34.999990229813335,35.0,291.9,0,0.0,0.8444257098988227,0.15557429010117724,3.4555320657339563e-22,200.0,61.3,-184.23959772120577,-1.0714943710697487,-0.887089901723144,-9.892726421740203,0.0,0.0,-27.832104698289324,-7.856826208961305,-3.4395708961892173,-5.766284605572261,-5.449816187011117,-14.864498758424562
943,3500029.21,48,34.999990229813335,35.0,291.9,0,0.0,0.8444240143648727,0.1555759856351273,3.2827554624472587e-22,200.0,61.3,-184.23959772120577,-1.0714943710697487,-0.887089901723144,-9.892726421740203,0.0,0.0,-27.832104698289324,-7.856826208961305,-3.4395708961892173,-5.766284605572261,-5.449816187011117,-14.864498758424562
944,3500029.21,49,34.999990229813335,35.0,291.9,0,0.0,0.8444265794782316,0.1555734205217684,3.1186176893248955e-22,200.0,61.3,-184.23959772120577,-1.0714943710697487,-0.887089901723144,-9.892726421740203,0.0,0.0,-27.832104698289324,-7.856826208961305,-3.4395708961892173,-5.766284605572261,-5.449816187011117,-14.864498758424562
945,3500029.21,0,34.999990229813335,35.0,291.9,0,0.0,0.8444269308377724,0.15557306916222752,2.9626868048586504e-22,200.0,61.3,-184.23959772120577,-1.0714943710697487,-0.887089901723144,-9.892726421740203,0.0,0.0,-27.832104698289324,-7.856826208961305,-3.4395708961892173,-5.766284605572261,-5.449816187011117,-14.864498758424562
946,3500029.21,1,34.999990229813335,35.0,291.9,0,0.0,0.8444272652064971,0.15557273479350292,2.814552464615718e-22,200.0,61.3,-184.23959772120577,-1.0714943710697487,-0.887089901723144,-9.892726421740203,0.0,0.0,-27.832104698289324,-7.856826208961305,-3.4395708961892173,-5.766284605572261,-5.449816187011117,-14.864498758424562
947,3500029.21,2,34.999990229813335,35.0,291.9,0,0.0,0.8444286232549347,0.15557137674506524,2.673824841384932e-22,200.0,61.3,-184.23959772120577,-1.0714943710697487,-0.887089901723144,-9.892726421740203,0.0,0.0,-27.832104698289324,-7.856826208961305,-3.4395708961892173,-5.766284605572261,-5.449816187011117,-14.864498758424562
948,3500029.21,3,34.999990229813335,35.0,291.9,0,0.0,0.8444330276732142,0.15556697232678587,2.540133599315686e-22,200.0,61.3,-184.23959772120577,-1.0714943710697487,-0.887089901723144,-9.892726421740203,0.0,0.0,-27.832104698289324,-7.856826208961305,-3.4395708961892173,-5.766284605572261,-5.449816187011117,-14.864498758424562
949,3500029.21,4,34.999990229813335,35.0,291.9,0,0.0,0.8444392812466316,0.15556071875336835,2.4131269193499017e-22,200.0,61.3,-184.23959772120577,-1.0714943710697487,-0.887089901723144,-9.892726421740203,0.0,0.0,-27.832104698289324,-7.856826208961305,-3.4395708961892173,-5.766284605572261,-5.449816187011117,-14.864498758424562
950,3500029.21,5,34.999990229813335,35.0,291.9,0,0.0,0.8444421092616418,0.15555789073835818,2.2924705733824065e-22,200.0,61.3,-184.23959772120577,-1.0714943710697487,-0.887089901723144,-9.892726421740203,0.0,0.0,-27.832104698289324,-7.856826208961305,-3.4395708961892173,-5.766284605572261,-5.449816187011117,-14.864498758424562
951,3500029.21,6,34.999990229813335,35.0,291.9,0,0.0,0.8444437581850064,0.1555562418149936,2.1778470447132864e-22,200.0,61.3,-184.23959772120577,-1.0714943710697487,-0.887089901723144,-9.892726421740203,0.0,0.0,-27.832104698289324,-7.856826208961305,-3.4395708961892173,-5.766284605572261,-5.449816187011117,-14.864498758424562
952,3500029.21,7,34.999990229813335,35.0,291.9,0,0.0,0.8444411853143051,0.15555881468569485,2.068954692477622e-22,200.0,61.3,-184.23959772120577,-1.0714943710697487,-0.887089901723144,-9.892726421740203,0.0,0.0,-27.832104698289324,-7.856826208961305,-3.4395708961892173,-5.766284605572261,-5.449816187011117,-14.864498758424562
953,3500029.21,8,34.999990229813335,35.0,291.9,0,0.0,0.8444397775159186,0.15556022248408136,1.9655069578537408e-22,200.0,61.3,-184.23959772120577,-1.0714943710697487,-0.887089901723144,-9.892726421740203,0.0,0.0,-27.832104698289324,-7.856826208961305,-3.4395708961892173,-5.766284605572261,-5.449816187011117,-14.864498758424562
954,3500029.21,9,34.999990229813335,35.0,291.9,0,0.0,0.8444425698649508,0.15555743013504914,1.8672316099610537e-22,200.0,61.3,-184.23959772120577,-1.0714943710697487,-0.887089901723144,-9.892726421740203,0.0,0.0,-27.832104698289324,-7.856826208961305,-3.4395708961892173,-5.766284605572261,-5.449816187011117,-14.864498758424562
955,3500029.21,10,34.999990229813335,35.0,291.9,0,0.0,0.8444410961536121,0.15555890384638799,1.7738700294630011e-22,200.0,61.3,-184.23959772120577,-1.0714943710697487,-0.887089901723144,-9.892726421740203,0.0,0.0,-27.832104698289324,-7.856826208961305,-3.4395708961892173,-5.766284605572261,-5.449816187011117,-14.864498758424562
956,3500029.21,11,34.999990229813335,35.0,291.9,0,0.0,0.8444366059083208,0.15556339409167924,1.685176527989851e-22,200.0,61.3,-184.23959772120577,-1.0714943710697487,-0.887089901723144,-9.892726421740203,0.0,0.0,-27.832104698289324,-7.856826208961305,-3.4395708961892173,-5.766284605572261,-5.449816187011117,-14.864498758424562
957,3500029.21,12,34.999990229813335,35.0,291.9,0,0.0,0.8444333748398547,0.15556662516014538,1.6009177015903583e-22,200.0,61.3,-184.23959772120577,-1.0714943710697487,-0.887089901723144,-9.892726421740203,0.0,0.0,-27.832104698289324,-7.856826208961305,-3.4395708961892173,-5.766284605572261,-5.449816187011117,-14.864498758424562
958,3500029.21,13,34.999990229813335,35.0,291.9,0,0.0,0.8444303091361582,0.15556969086384184,1.5208718165108402e-22,200.0,61.3,-184.23959772120577,-1.0714943710697487,-0.887089901723144,-9.892726421740203,0.0,0.0,-27.832104698289324,-7.856826208961305,-3.4395708961892173,-5.766284605572261,-5.449816187011117,-14.864498758424562
959,3500029.21,14,34.999990229813335,35.0,291.9,0,0.0,0.8444284278947464,0.15557157210525363,1.4448282256852982e-22,200.0,61.3,-184.23959772120577,-1.0714943710697487,-0.887089901723144,-9.892726421740203,0.0,0.0,-27.832104698289324,-7.856826208961305,-3.4395708961892173,-5.766284605572261,-5.449816187011117,-14.864498758424562
960,3500029.21,15,34.999990229813335,35.0,291.9,0,0.0,0.8444297210005862,0.15557027899941384,1.3725868144010335e-22,200.0,61.3,-184.23959772120577,-1.0714943710697487,-0.887089901723144,-9.892726421740203,0.0,0.0,-27.832104698289324,-7.856826208961305,-3.4395708961892173,-5.766284605572261,-5.449816187011117,-14.864498758424562
961,3500029.21,16,34.999990229813335,35.0,291.9,0,0.0,0.8444278745933453,0.15557212540665466,1.303957473680982e-22,200.0,61.3,-184.23959772120577,-1.0714943710697487,-0.887089901723144,-9.892726421740203,0.0,0.0,-27.832104698289324,-7.856826208961305,-3.4395708961892173,-5.766284605572261,-5.449816187011117,-14.864498758424562
962,3500029.21,17,34.999990229813335,35.0,291.9,0,0.0,0.8444312406561574,0.1555687593438426,1.2387595999969327e-22,200.0,61.3,-184.23959772120577,-1.0714943710697487,-0.887089901723144,-9.892726421740203,0.0,0.0,-27.832104698289324,-7.856826208961305,-3.4395708961892173,-5.766284605572261,-5.449816187011117,-14.864498758424562
963,3500029.21,18,34.999990229813335,35.0,291.9,0,0.0,0.8444354575268718,0.15556454247312818,1.176821619997086e-22,200.0,61.3,-184.23959772120577,-1.0714943710697487,-0.887089901723144,-9.892726421740203,0.0,0.0,-27.832104698289324,-7.856826208961305,-3.4395708961892173,-5.766284605572261,-5.449816187011117,-14.864498758424562
964,3500029.21,19,34.999990229813335,35.0,291.9,0,0.0,0.8444394598387033,0.15556054016129678,1.1179805389972317e-22,200.0,61.3,-184.23959772120577,-1.0714943710697487,-0.887089901723144,-9.892726421740203,0.0,0.0,-27.832104698289324,-7.856826208961305,-3.4395708961892173,-5.766284605572261,-5.449816187011117,-14.864498758424562
965,3500029.21,20,34.999990229813335,35.0,291.9,0,0.0,0.8444452969431959,0.15555470305680408,1.06208151204737e-22,200.0,61.3,-184.23959772120577,-1.0714943710697487,-0.887089901723144,-9.892726421740203,0.0,0.0,-27.832104698289324,-7.856826208961305,-3.4395708961892173,-5.766284605572261,-5.449816187011117,-14.864498758424562
966,3500029.21,21,34.999990229813335,35.0,291.9,0,0.0,0.844447781306406,0.15555221869359404,1.0089774364450015e-22,200.0,61.3,-184.23959772120577,-1.0714943710697487,-0.887089901723144,-9.892726421740203,0.0,0.0,-27.832104698289324,-7.856826208961305,-3.4395708961892173,-5.766284605572261,-5.449816187011117,-14.864498758424562
967,3500029.21,22,34.999990229813335,35.0,291.9,0,0.0,0.8444531907021465,0.15554680929785342,9.585285646227514e-23,200.0,61.3,-184.23959772120577,-1.0714943710697487,-0.887089901723144,-9.892726421740203,0.0,0.0,-27.832104698289324,-7.856826208961305,-3.4395708961892173,-5.766284605572261,-5.449816187011117,-14.864498758424562
968,3500029.21,23,34.999990229813335,35.0,291.9,0,0.0,0.8444583238285686,0.15554167617143141,9.106021363916139e-23,200.0,61.3,-184.23959772120577,-1.0714943710697487,-0.887089901723144,-9.892726421740203,0.0,0.0,-27.832104698289324,-7.856826208961305,-3.4395708961892173,-5.766284605572261,-5.449816187011117,-14.864498758424562
969,3500029.21,24,34.999990229813335,35.0,291.9,0,0.0,0.844460148968667,0.15553985103133308,8.650720295720333e-23,200.0,61.3,-184.23959772120577,-1.0714943710697487,-0.887089901723144,-9.892726421740203,0.0,0.0,-27.832104698289324,-7.856826208961305,-3.4395708961892173,-5.766284605572261,-5.449816187011117,-14.864498758424562
970,3500029.21,25,34.999990229813335,35.0,291.9,0,0.0,0.8444639087057693,0.15553609129423068,8.218184280934316e-23,200.0,61.3,-184.23959772120577,-1.0714943710697487,-0.887089901723144,-9.892726421740203,0.0,0.0,-27.832104698289324,-7.856826208961305,-3.4395708961892173,-5.766284605572261,-5.449816187011117,-14.864498758424562
971,3500029.21,26,34.999990229813335,35.0,291.9,0,0.0,0.8444664626669883,0.15553353733301165,7.8072750668876e-23,200.0,61.3,-184.23959772120577,-1.0714943710697487,-0.887089901723144,-9.892726421740203,0.0,0.0,-27.832104698289324,-7.856826208961305,-3.4395708961892173,-5.766284605572261,-5.449816187011117,-14.864498758424562
972,3500029.21,27,34.999990229813335,35.0,291.9,0,0.0,0.8444678730353005,0.1555321269646995,7.41691131354322e-23,200.0,61.3,-184.23959772120577,-1.0714943710697487,-0.887089901723144,-9.892726421740203,0.0,0.0,-27.832104698289324,-7.856826208961305,-3.4395708961892173,-5.766284605572261,-5.449816187011117,-14.864498758424562
973,3500029.21,28,34.999990229813335,35.0,291.9,0,0.0,0.844472243227424,0.15552775677257605,7.04606574786606e-23,200.0,61.3,-184.23959772120577,-1.0714943710697487,-0.887089901723144,-9.892726421740203,0.0,0.0,-27.832104698289324,-7.856826208961305,-3.4395708961892173,-5.766284605572261,-5.449816187011117,-14.864498758424562
974,3500029.21,29,34.999990229813335,35.0,291.9,0,0.0,0.844473359374789,0.15552664062521102,6.693762460472757e-23,200.0,61.3,-184.23959772120577,-1.0714943710697487,-0.887089901723144,-9.892726421740203,0.0,0.0,-27.832104698289324,-7.856826208961305,-3.4395708961892173,-5.766284605572261,-5.449816187011117,-14.864498758424562
975,3500029.21,30,34.999990229813335,35.0,291.9,0,0.0,0.8444723982782588,0.15552760172174118,6.359074337449118e-23,200.0,61.3,-184.23959772120577,-1.0714943710697487,-0.887089901723144,-9.892726421740203,0.0,0.0,-27.832104698289324,-7.856826208961305,-3.4395708961892173,-5.766284605572261,-5.449816187011117,-14.864498758424562
976,3500029.21,31,34.999990229813335,35.0,291.9,0,0.0,0.8444755174191986,0.15552448258080137,6.041120620576662e-23,200.0,61.3,-184.23959772120577,-1.0714943710697487,-0.887089901723144,-9.892726421740203,0.0,0.0,-27.832104698289324,-7.856826208961305,-3.4395708961892173,-5.766284605572261,-5.449816187011117,-14.864498758424562
977,3500029.21,32,34.999990229813335,35.0,291.9,0,0.0,0.8444764621077305,0.1555235378922695,5.73906458954783e-23,200.0,61.3,-184.23959772120577,-1.0714943710697487,-0.887089901723144,-9.892726421740203,0.0,0.0,-27.832104698289324,-7.856826208961305,-3.4395708961892173,-5.766284605572261,-5.449816187011117,-14.864498758424562
978,3500029.21,33,34.999990229813335,35.0,291.9,0,0.0,0.8444803743252226,0.15551962567477745,5.452111360070438e-23,200.0,61.3,-184.23959772120577,-1.0714943710697487,-0.887089901723144,-9.892726421740203,0.0,0.0,-27.832104698289324,-7.856826208961305,-3.4395708961892173,-5.766284605572261,-5.449816187011117,-14.864498758424562
979,3500029.21,34,34.999990229813335,35.0,291.9,0,0.0,0.8444810710288599,0.15551892897114006,5.1795057920669157e-23,200.0,61.3,-184.23959772120577,-1.0714943710697487,-0.887089901723144,-9.892726421740203,0.0,0.0,-27.832104698289324,-7.856826208961305,-3.4395708961892173,-5.766284605572261,-5.449816187011117,-14.864498758424562
980,3500029.21,35,34.999990229813335,35.0,291.9,0,0.0,0.8444847414739244,0.15551525852607562,4.92053050246357e-23,200.0,61.3,-184.23959772120577,-1.0714943710697487,-0.887089901723144,-9.892726421740203,0.0,0.0,-27.832104698289324,-7.856826208961305,-3.4395708961892173,-5.766284605572261,-5.449816187011117,-14.864498758424562
981,3500029.21,36,34.999990229813335,35.0,291.9,0,0.0,0.8444842115991544,0.15551578840084562,4.674503977340392e-23,200.0,61.3,-184.23959772120577,-1.0714943710697487,-0.887089901723144,-9.892726421740203,0.0,0.0,-27.832104698289324,-7.856826208961305,-3.4395708961892173,-5.766284605572261,-5.449816187011117,-14.864498758424562
982,3500029.21,37,34.999990229813335,35.0,291.9,0,0.0,0.8444786931833546,0.1555213068166455,4.440778778473372e-23,200.0,61.3,-184.23959772120577,-1.0714943710697487,-0.887089901723144,-9.892726421740203,0.0,0.0,-27.832104698289324,-7.856826208961305,-3.4395708961892173,-5.766284605572261,-5.449816187011117,-14.864498758424562
983,3500029.21,38,34.999990229813335,35.0,291.9,0,0.0,0.8444744563997498,0.15552554360025023,4.218739839549703e-23,200.0,61.3,-184.23959772120577,-1.0714943710697487,-0.887089901723144,-9.892726421740203,0.0,0.0,-27.832104698289324,-7.856826208961305,-3.4395708961892173,-5.766284605572261,-5.449816187011117,-14.864498758424562
984,3500029.21,39,34.999990229813335,35.0,291.9,0,0.0,0.8444694329733385,0.15553056702666146,4.007802847572217e-23,200.0,61.3,-184.23959772120577,-1.0714943710697487,-0.887089901723144,-9.892726421740203,0.0,0.0,-27.832104698289324,-7.856826208961305,-3.4395708961892173,-5.766284605572261,-5.449816187011117,-14.864498758424562
985,3500029.21,40,34.999990229813335,35.0,291.9,0,0.0,0.8444646643218643,0.15553533567813577,3.807412705193606e-23,200.0,61.3,-184.23959772120577,-1.0714943710697487,-0.887089901723144,-9.892726421740203,0.0,0.0,-27.832104698289324,-7.856826208961305,-3.4395708961892173,-5.766284605572261,-5.449816187011117,-14.864498758424562
986,3500029.21,41,34.999990229813335,35.0,291.9,0,0.0,0.844459138471128,0.1555408615288719,3.617042069933925e-23,200.0,61.3,-184.23959772120577,-1.0714943710697487,-0.887089901723144,-9.892726421740203,0.0,0.0,-27.832104698289324,-7.856826208961305,-3.4395708961892173,-5.766284605572261,-5.449816187011117,-14.864498758424562
987,3500029.21,42,34.999990229813335,35.0,291.9,0,0.0,0.8444548917299247,0.1555451082700753,3.436189966437229e-23,200.0,61.3,-184.23959772120577,-1.0714943710697487,-0.887089901723144,-9.892726421740203,0.0,0.0,-27.832104698289324,-7.856826208961305,-3.4395708961892173,-5.766284605572261,-5.449816187011117,-14.864498758424562
988,3500029.21,43,34.999990229813335,35.0,291.9,0,0.0,0.844451857889337,0.15554814211066306,3.2643804681153677e-23,200.0,61.3,-184.23959772120577,-1.0714943710697487,-0.887089901723144,-9.892726421740203,0.0,0.0,-27.832104698289324,-7.856826208961305,-3.4395708961892173,-5.766284605572261,-5.449816187011117,-14.864498758424562
989,3500029.21,44,34.999990229813335,35.0,291.9,0,0.0,0.8444439964013106,0.1555560035986894,3.101161444709599e-23,200.0,61.3,-184.23959772120577,-1.0714943710697487,-0.887089901723144,-9.892726421740203,0.0,0.0,-27.832104698289324,-7.856826208961305,-3.4395708961892173,-5.766284605572261,-5.449816187011117,-14.864498758424562
990,3500029.21,45,34.999990229813335,35.0,291.9,0,0.0,0.8444365356144556,0.15556346438554441,2.9461033724741196e-23,200.0,61.3,-184.23959772120577,-1.0714943710697487,-0.887089901723144,-9.892726421740203,0.0,0.0,-27.832104698289324,-7.856826208961305,-3.4395708961892173,-5.766284605572261,-5.449816187011117,-14.864498758424562
991,3500029.21,46,34.999990229813335,35.0,291.9,0,0.0,0.8444294554781988,0.15557054452180122,2.7987982038504137e-23,200.0,61.3,-184.23959772120577,-1.0714943710697487,-0.887089901723144,-9.892726421740203,0.0,0.0,-27.832104698289324,-7.856826208961305,-3.4395708961892173,-5.766284605572261,-5.449816187011117,-14.864498758424562
992,3500029.21,47,34.999990229813335,35.0,291.9,0,0.0,0.844421742986111,0.15557825701388903,2.658858293657893e-23,200.0,61.3,-184.23959772120577,-1.0714943710697487,-0.887089901723144,-9.892726421740203,0.0,0.0,-27.832104698289324,-7.856826208961305,-3.4395708961892173,-5.766284605572261,-5.449816187011117,-14.864498758424562
993,3500029.21,48,34.999990229813335,35.0,291.9,0,0.0,0.8444144247088001,0.15558557529119987,2.5259153789749983e-23,200.0,61.3,-184.23959772120577,-1.0714943710697487,-0.887089901723144,-9.892726421740203,0.0,0.0,-27.832104698289324,-7.856826208961305,-3.4395708961892173,-5.766284605572261,-5.449816187011117,-14.864498758424562
994,3500029.21,49,34.999990229813335,35.0,291.9,0,0.0,0.8444094645949755,0.15559053540502452,2.3996196100262483e-23,200.0,61.3,-184.23959772120577,-1.0714943710697487,-0.887089901723144,-9.892726421740203,0.0,0.0,-27.832104698289324,-7.856826208961305,-3.4395708961892173,-5.766284605572261,-5.449816187011117,-14.864498758424562
995,3500029.21,0,34.999990229813335,35.0,291.9,0,0.0,0.8444057495575206,0.15559425044247943,2.2796386295249358e-23,200.0,61.3,-184.23959772120577,-1.0714943710697487,-0.887089901723144,-9.892726421740203,0.0,0.0,-27.832104698289324,-7.856826208961305,-3.4395708961892173,-5.766284605572261,-5.449816187011117,-14.864498758424562
996,3500029.21,1,34.999990229813335,35.0,291.9,0,0.0,0.8444002465493173,0.1555997534506826,2.165656698048689e-23,200.0,61.3,-184.23959772120577,-1.0714943710697487,-0.887089901723144,-9.892726421740203,0.0,0.0,-27.832104698289324,-7.856826208961305,-3.4395708961892173,-5.766284605572261,-5.449816187011117,-14.864498758424562
997,3500029.21,2,34.999990229813335,35.0,291.9,0,0.0,0.8443930481472959,0.15560695185270412,2.0573738631462545e-23,200.0,61.3,-184.23959772120577,-1.0714943710697487,-0.887089901723144,-9.892726421740203,0.0,0.0,-27.832104698289324,-7.856826208961305,-3.4395708961892173,-5.766284605572261,-5.449816187011117,-14.864498758424562
998,3500029.21,3,34.999990229813335,35.0,291.9,0,0.0,0.8443822646008573,0.15561773539914264,1.9545051699889415e-23,200.0,61.3,-184.23959772120577,-1.0714943710697487,-0.887089901723144,-9.892726421740203,0.0,0.0,-27.832104698289324,-7.856826208961305,-3.4395708961892173,-5.766284605572261,-5.449816187011117,-14.864498758424562
999,3500029.21,4,34.999990229813335,35.0,291.9,0,0.0,0.8443710455615113,0.1556289544384887,1.8567799114894948e-23,200.0,61.3,-184.23959772120577,-1.0714943710697487,-0.887089901723144,-9.892726421740203,0.0,0.0,-27.832104698289324,-7.856826208961305,-3.4395708961892173,-5.766284605572261,-5.449816187011117,-14.864498758424562
1000,3500029.21,5,34.999990229813335,35.0,291.9,0,0.0,0.8443604019255633,0.15563959807443678,1.76394091591502e-23,200.0,61.3,-184.23959772120577,-1.0714943710697487,-0.887089901723144,-9.892726421740203,0.0,0.0,-27.832104698289324,-7.856826208961305,-3.4395708961892173,-5.766284605572261,-5.449816187011117,-14.864498758424562
1001,3500029.21,6,34.999990229813335,35.0,291.9,0,0.0,0.844348331972897,0.155651668027103,1.675743870119269e-23,200.0,61.3,-184.23959772120577,-1.0714943710697487,-0.887089901723144,-9.892726421740203,0.0,0.0,-27.832104698289324,-7.856826208961305,-3.4395708961892173,-5.766284605572261,-5.449816187011117,-14.864498758424562
1002,3500029.21,7,34.999990229813335,35.0,291.9,0,0.0,0.844331951032843,0.15566804896715702,1.5919566766133052e-23,200.0,61.3,-184.23959772120577,-1.0714943710697487,-0.887089901723144,-9.892726421740203,0.0,0.0,-27.832104698289324,-7.856826208961305,-3.4395708961892173,-5.766284605572261,-5.449816187011117,-14.864498758424562
1003,3500029.21,8,34.999990229813335,35.0,291.9,0,0.0,0.8443144386868059,0.1556855613131941,1.51235884278264e-23,200.0,61.3,-184.23959772120577,-1.0714943710697487,-0.887089901723144,-9.892726421740203,0.0,0.0,-27.832104698289324,-7.856826208961305,-3.4395708961892173,-5.766284605572261,-5.449816187011117,-14.864498758424562
1004,3500029.21,9,34.999990229813335,35.0,291.9,0,0.0,0.8442958546290411,0.15570414537095884,1.436740900643508e-23,200.0,61.3,-184.23959772120577,-1.0714943710697487,-0.887089901723144,-9.892726421740203,0.0,0.0,-27.832104698289324,-7.856826208961305,-3.4395708961892173,-5.766284605572261,-5.449816187011117,-14.864498758424562
1005,3500029.21,10,34.999990229813335,35.0,291.9,0,0.0,0.8442782249759319,0.15572177502406812,1.364903855611333e-23,200.0,61.3,-184.23959772120577,-1.0714943710697487,-0.887089901723144,-9.892726421740203,0.0,0.0,-27.832104698289324,-7.856826208961305,-3.4395708961892173,-5.766284605572261,-5.449816187011117,-14.864498758424562
1006,3500029.21,11,34.999990229813335,35.0,291.9,0,0.0,0.8442595345245119,0.15574046547548817,1.2966586628307662e-23,200.0,61.3,-184.23959772120577,-1.0714943710697487,-0.887089901723144,-9.892726421740203,0.0,0.0,-27.832104698289324,-7.856826208961305,-3.4395708961892173,-5.766284605572261,-5.449816187011117,-14.864498758424562
1007,3500029.21,12,34.999990229813335,35.0,291.9,0,0.0,0.844240822646475,0.15575917735352496,1.2318257296892277e-23,200.0,61.3,-184.23959772120577,-1.0714943710697487,-0.887089901723144,-9.892726421740203,0.0,0.0,-27.832104698289324,-7.856826208961305,-3.4395708961892173,-5.766284605572261,-5.449816187011117,-14.864498758424562
1008,3500029.21,13,34.999990229813335,35.0,291.9,0,0.0,0.8442220921338764,0.1557779078661235,1.1702344432047663e-23,200.0,61.3,-184.23959772120577,-1.0714943710697487,-0.887089901723144,-9.892726421740203,0.0,0.0,-27.832104698289324,-7.856826208961305,-3.4395708961892173,-5.766284605572261,-5.449816187011117,-14.864498758424562
1009,3500029.21,14,34.999990229813335,35.0,291.9,0,0.0,0.8442033456345266,0.15579665436547335,1.1117227210445279e-23,200.0,61.3,-184.23959772120577,-1.0714943710697487,-0.887089901723144,-9.892726421740203,0.0,0.0,-27.832104698289324,-7.856826208961305,-3.4395708961892173,-5.766284605572261,-5.449816187011117,-14.864498758424562
1010,3500029.21,15,34.999990229813335,35.0,291.9,0,0.0,0.8441855663292926,0.15581443367070733,1.0561365849923015e-23,200.0,61.3,-184.23959772120577,-1.0714943710697487,-0.887089901723144,-9.892726421740203,0.0,0.0,-27.832104698289324,-7.856826208961305,-3.4395708961892173,-5.766284605572261,-5.449816187011117,-14.864498758424562
1011,3500029.21,16,34.999990229813335,35.0,291.9,0,0.0,0.8441696852864837,0.1558303147135163,1.0033297557426865e-23,200.0,61.3,-184.23959772120577,-1.0714943710697487,-0.887089901723144,-9.892726421740203,0.0,0.0,-27.832104698289324,-7.856826208961305,-3.4395708961892173,-5.766284605572261,-5.449816187011117,-14.864498758424562
1012,3500029.21,17,34.999990229813335,35.0,291.9,0,0.0,0.8441565834826051,0.15584341651739483,9.53163267955552e-24,200.0,61.3,-184.23959772120577,-1.0714943710697487,-0.887089901723144,-9.892726421740203,0.0,0.0,-27.832104698289324,-7.856826208961305,-3.4395708961892173,-5.766284605572261,-5.449816187011117,-14.864498758424562
1013,3500029.21,18,34.999990229813335,35.0,291.9,0,0.0,0.8441431863933136,0.1558568136066863,9.055051045577744e-24,200.0,61.3,-184.23959772120577,-1.0714943710697487,-0.887089901723144,-9.892726421740203,0.0,0.0,-27.832104698289324,-7.856826208961305,-3.4395708961892173,-5.766284605572261,-5.449816187011117,-14.864498758424562
1014,3500029.21,19,34.999990229813335,35.0,291.9,0,0.0,0.8441343902712203,0.15586560972877972,8.602298493298856e-24,200.0,61.3,-184.23959772120577,-1.0714943710697487,-0.887089901723144,-9.892726421740203,0.0,0.0,-27.832104698289324,-7.856826208961305,-3.4395708961892173,-5.766284605572261,-5.449816187011117,-14.864498758424562
1015,3500029.21,20,34.999990229813335,35.0,291.9,0,0.0,0.8441289802674401,0.15587101973255993,8.172183568633913e-24,200.0,61.3,-184.23959772120577,-1.0714943710697487,-0.887089901723144,-9.892726421740203,0.0,0.0,-27.832104698289324,-7.856826208961305,-3.4395708961892173,-5.766284605572261,-5.449816187011117,-14.864498758424562
1016,3500029.21,21,34.999990229813335,35.0,291.9,0,0.0,0.8441228885092737,0.15587711149072625,7.763574390202217e-24,200.0,61.3,-184.23959772120577,-1.0714943710697487,-0.887089901723144,-9.892726421740203,0.0,0.0,-27.832104698289324,-7.856826208961305,-3.4395708961892173,-5.766284605572261,-5.449816187011117,-14.864498758424562
1017,3500029.21,22,34.999990229813335,35.0,291.9,0,0.0,0.8441190669603404,0.1558809330396596,7.375395670692108e-24,200.0,61.3,-184.23959772120577,-1.0714943710697487,-0.887089901723144,-9.892726421740203,0.0,0.0,-27.832104698289324,-7.856826208961305,-3.4395708961892173,-5.766284605572261,-5.449816187011117,-14.864498758424562
1018,3500029.21,23,34.999990229813335,35.0,291.9,0,0.0,0.8441144853161587,0.15588551468384126,7.006625887157502e-24,200.0,61.3,-184.23959772120577,-1.0714943710697487,-0.887089901723144,-9.892726421740203,0.0,0.0,-27.832104698289324,-7.856826208961305,-3.4395708961892173,-5.766284605572261,-5.449816187011117,-14.864498758424562
1019,3500029.21,24,34.999990229813335,35.0,291.9,0,0.0,0.8441072424271282,0.15589275757287177,6.656294592799626e-24,200.0,61.3,-184.23959772120577,-1.0714943710697487,-0.887089901723144,-9.892726421740203,0.0,0.0,-27.832104698289324,-7.856826208961305,-3.4395708961892173,-5.766284605572261,-5.449816187011117,-14.864498758424562
1020,3500029.21,25,34.999990229813335,35.0,291.9,0,0.0,0.8441003851780409,0.15589961482195916,6.323479863159644e-24,200.0,61.3,-184.23959772120577,-1.0714943710697487,-0.887089901723144,-9.892726421740203,0.0,0.0,-27.832104698289324,-7.856826208961305,-3.4395708961892173,-5.766284605572261,-5.449816187011117,-14.864498758424562
1021,3500029.21,26,34.999990229813335,35.0,291.9,0,0.0,0.8440958312406078,0.15590416875939214,6.007305870001661e-24,200.0,61.3,-184.23959772120577,-1.0714943710697487,-0.887089901723144,-9.892726421740203,0.0,0.0,-27.832104698289324,-7.856826208961305,-3.4395708961892173,-5.766284605572261,-5.449816187011117,-14.864498758424562
1022,3500029.21,27,34.999990229813335,35.0,291.9,0,0.0,0.844086687318152,0.15591331268184805,5.706940576501578e-24,200.0,61.3,-184.23959772120577,-1.0714943710697487,-0.887089901723144,-9.892726421740203,0.0,0.0,-27.832104698289324,-7.856826208961305,-3.4395708961892173,-5.766284605572261,-5.449816187011117,-14.864498758424562
1023,3500029.21,28,34.999990229813335,35.0,291.9,0,0.0,0.8440731875794244,0.15592681242057554,5.4215935476764985e-24,200.0,61.3,-184.23959772120577,-1.0714943710697487,-0.887089901723144,-9.892726421740203,0.0,0.0,-27.832104698289324,-7.856826208961305,-3.4395708961892173,-5.766284605572261,-5.449816187011117,-14.864498758424562
1024,3500029.21,29,34.999990229813335,35.0,291.9,0,0.0,0.8440623281580764,0.15593767184192361,5.150513870292674e-24,200.0,61.3,-184.23959772120577,-1.0714943710697487,-0.887089901723144,-9.892726421740203,0.0,0.0,-27.832104698289324,-7.856826208961305,-3.4395708961892173,-5.766284605572261,-5.449816187011117,-14.864498758424562
1025,3500029.21,30,34.999990229813335,35.0,291.9,0,0.0,0.8440539723769708,0.15594602762302925,4.892988176778041e-24,200.0,61.3,-184.23959772120577,-1.0714943710697487,-0.887089901723144,-9.892726421740203,0.0,0.0,-27.832104698289324,-7.856826208961305,-3.4395708961892173,-5.766284605572261,-5.449816187011117,-14.864498758424562
1026,3500029.21,31,34.999990229813335,35.0,291.9,0,0.0,0.8440479904093908,0.15595200959060923,4.648338767939139e-24,200.0,61.3,-184.23959772120577,-1.0714943710697487,-0.887089901723144,-9.892726421740203,0.0,0.0,-27.832104698289324,-7.856826208961305,-3.4395708961892173,-5.766284605572261,-5.449816187011117,-14.864498758424562
1027,3500029.21,32,34.999990229813335,35.0,291.9,0,0.0,0.8440404055189552,0.15595959448104485,4.415921829542182e-24,200.0,61.3,-184.23959772120577,-1.0714943710697487,-0.887089901723144,-9.892726421740203,0.0,0.0,-27.832104698289324,-7.856826208961305,-3.4395708961892173,-5.766284605572261,-5.449816187011117,-14.864498758424562
1028,3500029.21,33,34.999990229813335,35.0,291.9,0,0.0,0.8440322639078404,0.15596773609215972,4.195125738065073e-24,200.0,61.3,-184.23959772120577,-1.0714943710697487,-0.887089901723144,-9.892726421740203,0.0,0.0,-27.832104698289324,-7.856826208961305,-3.4395708961892173,-5.766284605572261,-5.449816187011117,-14.864498758424562
1029,3500029.21,34,34.999990229813335,35.0,291.9,0,0.0,0.8440235950622753,0.1559764049377247,3.985369451161819e-24,200.0,61.3,-184.23959772120577,-1.0714943710697487,-0.887089901723144,-9.892726421740203,0.0,0.0,-27.832104698289324,-7.856826208961305,-3.4395708961892173,-5.766284605572261,-5.449816187011117,-14.864498758424562
1030,3500029.21,35,34.999990229813335,35.0,291.9,0,0.0,0.8440134654200407,0.1559865345799592,3.786100978603728e-24,200.0,61.3,-184.23959772120577,-1.0714943710697487,-0.887089901723144,-9.892726421740203,0.0,0.0,-27.832104698289324,-7.856826208961305,-3.4395708961892173,-5.766284605572261,-5.449816187011117,-14.864498758424562
1031,3500029.21,36,34.999990229813335,35.0,291.9,0,0.0,0.8440077141508561,0.15599228584914393,3.596795929673542e-24,200.0,61.3,-184.23959772120577,-1.0714943710697487,-0.887089901723144,-9.892726421740203,0.0,0.0,-27.832104698289324,-7.856826208961305,-3.4395708961892173,-5.766284605572261,-5.449816187011117,-14.864498758424562
1032,3500029.21,37,34.999990229813335,35.0,291.9,0,0.0,0.8439965196415133,0.15600348035848668,3.416956133189865e-24,200.0,61.3,-184.23959772120577,-1.0714943710697487,-0.887089901723144,-9.892726421740203,0.0,0.0,-27.832104698289324,-7.856826208961305,-3.4395708961892173,-5.766284605572261,-5.449816187011117,-14.864498758424562
1033,3500029.21,38,34.999990229813335,35.0,291.9,0,0.0,0.8439849578509842,0.15601504214901585,3.2461083265303718e-24,200.0,61.3,-184.23959772120577,-1.0714943710697487,-0.887089901723144,-9.892726421740203,0.0,0.0,-27.832104698289324,-7.856826208961305,-3.4395708961892173,-5.766284605572261,-5.449816187011117,-14.864498758424562
1034,3500029.21,39,34.999990229813335,35.0,291.9,0,0.0,0.8439778396801858,0.15602216031981417,3.083802910203853e-24,200.0,61.3,-184.23959772120577,-1.0714943710697487,-0.887089901723144,-9.892726421740203,0.0,0.0,-27.832104698289324,-7.856826208961305,-3.4395708961892173,-5.766284605572261,-5.449816187011117,-14.864498758424562
1035,3500029.21,40,34.999990229813335,35.0,291.9,0,0.0,0.8439720634568526,0.15602793654314737,2.92961276469366e-24,200.0,61.3,-184.23959772120577,-1.0714943710697487,-0.887089901723144,-9.892726421740203,0.0,0.0,-27.832104698289324,-7.856826208961305,-3.4395708961892173,-5.766284605572261,-5.449816187011117,-14.864498758424562
1036,3500029.21,41,34.999990229813335,35.0,291.9,0,0.0,0.8439704254697205,0.1560295745302795,2.7831321264589768e-24,200.0,61.3,-184.23959772120577,-1.0714943710697487,-0.887089901723144,-9.892726421740203,0.0,0.0,-27.832104698289324,-7.856826208961305,-3.4395708961892173,-5.766284605572261,-5.449816187011117,-14.864498758424562
1037,3500029.21,42,34.999990229813335,35.0,291.9,0,0.0,0.8439679399230119,0.1560320600769881,2.6439755201360284e-24,200.0,61.3,-184.23959772120577,-1.0714943710697487,-0.887089901723144,-9.892726421740203,0.0,0.0,-27.832104698289324,-7.856826208961305,-3.4395708961892173,-5.766284605572261,-5.449816187011117,-14.864498758424562
1038,3500029.21,43,34.999990229813335,35.0,291.9,0,0.0,0.8439608357101324,0.15603916428986764,2.511776744129227e-24,200.0,61.3,-184.23959772120577,-1.0714943710697487,-0.887089901723144,-9.892726421740203,0.0,0.0,-27.832104698289324,-7.856826208961305,-3.4395708961892173,-5.766284605572261,-5.449816187011117,-14.864498758424562
1039,3500029.21,44,34.999990229813335,35.0,291.9,0,0.0,0.8439569756014431,0.15604302439855683,2.3861879069227654e-24,200.0,61.3,-184.23959772120577,-1.0714943710697487,-0.887089901723144,-9.892726421740203,0.0,0.0,-27.832104698289324,-7.856826208961305,-3.4395708961892173,-5.766284605572261,-5.449816187011117,-14.864498758424562
1040,3500029.21,45,34.999990229813335,35.0,291.9,0,0.0,0.8439533357237811,0.15604666427621888,2.266878511576627e-24,200.0,61.3,-184.23959772120577,-1.0714943710697487,-0.887089901723144,-9.892726421740203,0.0,0.0,-27.832104698289324,-7.856826208961305,-3.4395708961892173,-5.766284605572261,-5.449816187011117,-14.864498758424562
1041,3500029.21,46,34.999990229813335,35.0,291.9,0,0.0,0.8439489541137084,0.15605104588629154,2.1535345859977954e-24,200.0,61.3,-184.23959772120577,-1.0714943710697487,-0.887089901723144,-9.892726421740203,0.0,0.0,-27.832104698289324,-7.856826208961305,-3.4395708961892173,-5.766284605572261,-5.449816187011117,-14.864498758424562
1042,3500029.21,47,34.999990229813335,35.0,291.9,0,0.0,0.8439400669398107,0.1560599330601893,2.0458578566979057e-24,200.0,61.3,-184.23959772120577,-1.0714943710697487,-0.887089901723144,-9.892726421740203,0.0,0.0,-27.832104698289324,-7.856826208961305,-3.4395708961892173,-5.766284605572261,-5.449816187011117,-14.864498758424562
1043,3500029.21,48,34.999990229813335,35.0,291.9,0,0.0,0.8439345061369228,0.15606549386307716,1.9435649638630103e-24,200.0,61.3,-184.23959772120577,-1.0714943710697487,-0.887089901723144,-9.892726421740203,0.0,0.0,-27.832104698289324,-7.856826208961305,-3.4395708961892173,-5.766284605572261,-5.449816187011117,-14.864498758424562
1044,3500029.21,49,34.999990229813335,35.0,291.9,0,0.0,0.8439292531524795,0.15607074684752056,1.84638671566986e-24,200.0,61.3,-184.23959772120577,-1.0714943710697487,-0.887089901723144,-9.892726421740203,0.0,0.0,-27.832104698289324,-7.856826208961305,-3.4395708961892173,-5.766284605572261,-5.449816187011117,-14.864498758424562
1045,3500029.21,0,34.999990229813335,35.0,291.9,0,0.0,0.843924292537995,0.156075707462005,1.754067379886367e-24,200.0,61.3,-184.23959772120577,-1.0714943710697487,-0.887089901723144,-9.892726421740203,0.0,0.0,-27.832104698289324,-7.856826208961305,-3.4395708961892173,-5.766284605572261,-5.449816187011117,-14.864498758424562
1046,3500029.21,1,34.999990229813335,35.0,291.9,0,0.0,0.8439148734829031,0.15608512651709694,1.666364010892049e-24,200.0,61.3,-184.23959772120577,-1.0714943710697487,-0.887089901723144,-9.892726421740203,0.0,0.0,-27.832104698289324,-7.856826208961305,-3.4395708961892173,-5.766284605572261,-5.449816187011117,-14.864498758424562
1047,3500029.21,2,34.999990229813335,35.0,291.9,0,0.0,0.8439031184095885,0.15609688159041146,1.5830458103474464e-24,200.0,61.3,-184.23959772120577,-1.0714943710697487,-0.887089901723144,-9.892726421740203,0.0,0.0,-27.832104698289324,-7.856826208961305,-3.4395708961892173,-5.766284605572261,-5.449816187011117,-14.864498758424562
1048,3500029.21,3,34.999990229813335,35.0,291.9,0,0.0,0.8438938804267829,0.15610611957321713,1.5038935198300742e-24,200.0,61.3,-184.23959772120577,-1.0714943710697487,-0.887089901723144,-9.892726421740203,0.0,0.0,-27.832104698289324,-7.856826208961305,-3.4395708961892173,-5.766284605572261,-5.449816187011117,-14.864498758424562
1049,3500029.21,4,34.999990229813335,35.0,291.9,0,0.0,0.8438841940953634,0.15611580590463667,1.4286988438385703e-24,200.0,61.3,-184.23959772120577,-1.0714943710697487,-0.887089901723144,-9.892726421740203,0.0,0.0,-27.832104698289324,-7.856826208961305,-3.4395708961892173,-5.766284605572261,-5.449816187011117,-14.864498758424562
1050,3500029.21,5,34.999990229813335,35.0,291.9,0,0.0,0.8438731387271662,0.15612686127283384,1.3572639016466417e-24,200.0,61.3,-184.23959772120577,-1.0714943710697487,-0.887089901723144,-9.892726421740203,0.0,0.0,-27.832104698289324,-7.856826208961305,-3.4395708961892173,-5.766284605572261,-5.449816187011117,-14.864498758424562
1051,3500029.21,6,34.999990229813335,35.0,291.9,0,0.0,0.8438607856134874,0.1561392143865126,1.2894007065643095e-24,200.0,61.3,-184.23959772120577,-1.0714943710697487,-0.887089901723144,-9.892726421740203,0.0,0.0,-27.832104698289324,-7.856826208961305,-3.4395708961892173,-5.766284605572261,-5.449816187011117,-14.864498758424562
1052,3500029.21,7,34.999990229813335,35.0,291.9,0,0.0,0.8438462586941958,0.15615374130580412,1.224930671236094e-24,200.0,61.3,-184.23959772120577,-1.0714943710697487,-0.887089901723144,-9.892726421740203,0.0,0.0,-27.832104698289324,-7.856826208961305,-3.4395708961892173,-5.766284605572261,-5.449816187011117,-14.864498758424562
1053,3500029.21,8,34.999990229813335,35.0,291.9,0,0.0,0.8438325001010678,0.15616749989893214,1.1636841376742893e-24,200.0,61.3,-184.23959772120577,-1.0714943710697487,-0.887089901723144,-9.892726421740203,0.0,0.0,-27.832104698289324,-7.856826208961305,-3.4395708961892173,-5.766284605572261,-5.449816187011117,-14.864498758424562
1054,3500029.21,9,34.999990229813335,35.0,291.9,0,0.0,0.843821355075549,0.15617864492445105,1.105499930790575e-24,200.0,61.3,-184.23959772120577,-1.0714943710697487,-0.887089901723144,-9.892726421740203,0.0,0.0,-27.832104698289324,-7.856826208961305,-3.4395708961892173,-5.766284605572261,-5.449816187011117,-14.864498758424562
1055,3500029.21,10,34.999990229813335,35.0,291.9,0,0.0,0.843808925382301,0.15619107461769902,1.050224934251046e-24,200.0,61.3,-184.23959772120577,-1.0714943710697487,-0.887089901723144,-9.892726421740203,0.0,0.0,-27.832104698289324,-7.856826208961305,-3.4395708961892173,-5.766284605572261,-5.449816187011117,-14.864498758424562
1056,3500029.21,11,34.999990229813335,35.0,291.9,0,0.0,0.843802797057741,0.15619720294225903,9.977136875384937e-25,200.0,61.3,-184.23959772120577,-1.0714943710697487,-0.887089901723144,-9.892726421740203,0.0,0.0,-27.832104698289324,-7.856826208961305,-3.4395708961892173,-5.766284605572261,-5.449816187011117,-14.864498758424562
1057,3500029.21,12,34.999990229813335,35.0,291.9,0,0.0,0.8437960730622184,0.1562039269377816,9.47828003161569e-25,200.0,61.3,-184.23959772120577,-1.0714943710697487,-0.887089901723144,-9.892726421740203,0.0,0.0,-27.832104698289324,-7.856826208961305,-3.4395708961892173,-5.766284605572261,-5.449816187011117,-14.864498758424562
1058,3500029.21,13,34.999990229813335,35.0,291.9,0,0.0,0.8437887847275344,0.15621121527246565,9.004366030034906e-25,200.0,61.3,-184.23959772120577,-1.0714943710697487,-0.887089901723144,-9.892726421740203,0.0,0.0,-27.832104698289324,-7.856826208961305,-3.4395708961892173,-5.766284605572261,-5.449816187011117,-14.864498758424562
1059,3500029.21,14,34.999990229813335,35.0,291.9,0,0.0,0.8437790874740979,0.15622091252590203,8.55414772853316e-25,200.0,61.3,-184.23959772120577,-1.0714943710697487,-0.887089901723144,-9.892726421740203,0.0,0.0,-27.832104698289324,-7.856826208961305,-3.4395708961892173,-5.766284605572261,-5.449816187011117,-14.864498758424562
1060,3500029.21,15,34.999990229813335,35.0,291.9,0,0.0,0.8437717881514887,0.15622821184851138,8.126440342106502e-25,200.0,61.3,-184.23959772120577,-1.0714943710697487,-0.887089901723144,-9.892726421740203,0.0,0.0,-27.832104698289324,-7.856826208961305,-3.4395708961892173,-5.766284605572261,-5.449816187011117,-14.864498758424562
1061,3500029.21,16,34.999990229813335,35.0,291.9,0,0.0,0.8437639571627016,0.15623604283729844,7.720118325001177e-25,200.0,61.3,-184.23959772120577,-1.0714943710697487,-0.887089901723144,-9.892726421740203,0.0,0.0,-27.832104698289324,-7.856826208961305,-3.4395708961892173,-5.766284605572261,-5.449816187011117,-14.864498758424562
1062,3500029.21,17,34.999990229813335,35.0,291.9,0,0.0,0.8437500113783659,0.15624998862163414,7.334112408751118e-25,200.0,61.3,-184.23959772120577,-1.0714943710697487,-0.887089901723144,-9.892726421740203,0.0,0.0,-27.832104698289324,-7.856826208961305,-3.4395708961892173,-5.766284605572261,-5.449816187011117,-14.864498758424562
1063,3500029.21,18,34.999990229813335,35.0,291.9,0,0.0,0.8437386778908103,0.15626132210918978,6.967406788313562e-25,200.0,61.3,-184.23959772120577,-1.0714943710697487,-0.887089901723144,-9.892726421740203,0.0,0.0,-27.832104698289324,-7.856826208961305,-3.4395708961892173,-5.766284605572261,-5.449816187011117,-14.864498758424562
1064,3500029.21,19,34.999990229813335,35.0,291.9,0,0.0,0.8437260872947269,0.1562739127052731,6.619036448897883e-25,200.0,61.3,-184.23959772120577,-1.0714943710697487,-0.887089901723144,-9.892726421740203,0.0,0.0,-27.832104698289324,-7.856826208961305,-3.4395708961892173,-5.766284605572261,-5.449816187011117,-14.864498758424562
1065,3500029.21,20,34.999990229813335,35.0,291.9,0,0.0,0.843714171710789,0.156285828289211,6.288084626452989e-25,200.0,61.3,-184.23959772120577,-1.0714943710697487,-0.887089901723144,-9.892726421740203,0.0,0.0,-27.832104698289324,-7.856826208961305,-3.4395708961892173,-5.766284605572261,-5.449816187011117,-14.864498758424562
1066,3500029.21,21,34.999990229813335,35.0,291.9,0,0.0,0.8437010325770182,0.15629896742298172,5.973680395130339e-25,200.0,61.3,-184.23959772120577,-1.0714943710697487,-0.887089901723144,-9.892726421740203,0.0,0.0,-27.832104698289324,-7.856826208961305,-3.4395708961892173,-5.766284605572261,-5.449816187011117,-14.864498758424562
1067,3500029.21,22,34.999990229813335,35.0,291.9,0,0.0,0.8436885974869855,0.15631140251301448,5.674996375373823e-25,200.0,61.3,-184.23959772120577,-1.0714943710697487,-0.887089901723144,-9.892726421740203,0.0,0.0,-27.832104698289324,-7.856826208961305,-3.4395708961892173,-5.766284605572261,-5.449816187011117,-14.864498758424562
1068,3500029.21,23,34.999990229813335,35.0,291.9,0,0.0,0.8436768311492806,0.15632316885071934,5.391246556605132e-25,200.0,61.3,-184.23959772120577,-1.0714943710697487,-0.887089901723144,-9.892726421740203,0.0,0.0,-27.832104698289324,-7.856826208961305,-3.4395708961892173,-5.766284605572261,-5.449816187011117,-14.864498758424562
1069,3500029.21,24,34.999990229813335,35.0,291.9,0,0.0,0.843662909586767,0.15633709041323302,5.121684228774876e-25,200.0,61.3,-184.23959772120577,-1.0714943710697487,-0.887089901723144,-9.892726421740203,0.0,0.0,-27.832104698289324,-7.856826208961305,-3.4395708961892173,-5.766284605572261,-5.449816187011117,-14.864498758424562
1070,3500029.21,25,34.999990229813335,35.0,291.9,0,0.0,0.8436497335755646,0.15635026642443536,4.865600017336132e-25,200.0,61.3,-184.23959772120577,-1.0714943710697487,-0.887089901723144,-9.892726421740203,0.0,0.0,-27.832104698289324,-7.856826208961305,-3.4395708961892173,-5.766284605572261,-5.449816187011117,-14.864498758424562
1071,3500029.21,26,34.999990229813335,35.0,291.9,0,0.0,0.8436335497089412,0.1563664502910588,4.622320016469325e-25,200.0,61.3,-184.23959772120577,-1.0714943710697487,-0.887089901723144,-9.892726421740203,0.0,0.0,-27.832104698289324,-7.856826208961305,-3.4395708961892173,-5.766284605572261,-5.449816187011117,-14.864498758424562
1072,3500029.21,27,34.999990229813335,35.0,291.9,0,0.0,0.8436182278507995,0.1563817721492004,4.391204015645859e-25,200.0,61.3,-184.23959772120577,-1.0714943710697487,-0.887089901723144,-9.892726421740203,0.0,0.0,-27.832104698289324,-7.856826208961305,-3.4395708961892173,-5.766284605572261,-5.449816187011117,-14.864498758424562
1073,3500029.21,28,34.999990229813335,35.0,291.9,0,0.0,0.8436018692389939,0.156398130761006,4.171643814863565e-25,200.0,61.3,-184.23959772120577,-1.0714943710697487,-0.887089901723144,-9.892726421740203,0.0,0.0,-27.832104698289324,-7.856826208961305,-3.4395708961892173,-5.766284605572261,-5.449816187011117,-14.864498758424562
1074,3500029.21,29,34.999990229813335,35.0,291.9,0,0.0,0.8435891633701276,0.15641083662987243,3.963061624120387e-25,200.0,61.3,-184.23959772120577,-1.0714943710697487,-0.887089901723144,-9.892726421740203,0.0,0.0,-27.832104698289324,-7.856826208961305,-3.4395708961892173,-5.766284605572261,-5.449816187011117,-14.864498758424562
1075,3500029.21,30,34.999990229813335,35.0,291.9,0,0.0,0.8435762186774715,0.1564237813225286,3.764908542914368e-25,200.0,61.3,-184.23959772120577,-1.0714943710697487,-0.887089901723144,-9.892726421740203,0.0,0.0,-27.832104698289324,-7.856826208961305,-3.4395708961892173,-5.766284605572261,-5.449816187011117,-14.864498758424562
1076,3500029.21,31,34.999990229813335,35.0,291.9,0,0.0,0.8435639736375966,0.1564360263624034,3.57666311576865e-25,200.0,61.3,-184.23959772120577,-1.0714943710697487,-0.887089901723144,-9.892726421740203,0.0,0.0,-27.832104698289324,-7.856826208961305,-3.4395708961892173,-5.766284605572261,-5.449816187011117,-14.864498758424562
1077,3500029.21,32,34.999990229813335,35.0,291.9,0,0.0,0.843552393169313,0.15644760683068698,3.3978299599802172e-25,200.0,61.3,-184.23959772120577,-1.0714943710697487,-0.887089901723144,-9.892726421740203,0.0,0.0,-27.832104698289324,-7.856826208961305,-3.4395708961892173,-5.766284605572261,-5.449816187011117,-14.864498758424562
1078,3500029.21,33,34.999990229813335,35.0,291.9,0,0.0,0.8435405206356847,0.15645947936431528,3.2279384619812067e-25,200.0,61.3,-184.23959772120577,-1.0714943710697487,-0.887089901723144,-9.892726421740203,0.0,0.0,-27.832104698289324,-7.856826208961305,-3.4395708961892173,-5.766284605572261,-5.449816187011117,-14.864498758424562
1079,3500029.21,34,34.999990229813335,35.0,291.9,0,0.0,0.843531139424549,0.15646886057545092,3.066541538882146e-25,200.0,61.3,-184.23959772120577,-1.0714943710697487,-0.887089901723144,-9.892726421740203,0.0,0.0,-27.832104698289324,-7.856826208961305,-3.4395708961892173,-5.766284605572261,-5.449816187011117,-14.864498758424562
1080,3500029.21,35,34.999990229813335,35.0,291.9,0,0.0,0.8435204354682312,0.15647956453176876,2.913214461938039e-25,200.0,61.3,-184.23959772120577,-1.0714943710697487,-0.887089901723144,-9.892726421740203,0.0,0.0,-27.832104698289324,-7.856826208961305,-3.4395708961892173,-5.766284605572261,-5.449816187011117,-14.864498758424562
1081,3500029.21,36,34.999990229813335,35.0,291.9,0,0.0,0.843510319505998,0.156489680494002,2.7675537388411373e-25,200.0,61.3,-184.23959772120577,-1.0714943710697487,-0.887089901723144,-9.892726421740203,0.0,0.0,-27.832104698289324,-7.856826208961305,-3.4395708961892173,-5.766284605572261,-5.449816187011117,-14.864498758424562
1082,3500029.21,37,34.999990229813335,35.0,291.9,0,0.0,0.8434980014839636,0.15650199851603636,2.6291760518990803e-25,200.0,61.3,-184.23959772120577,-1.0714943710697487,-0.887089901723144,-9.892726421740203,0.0,0.0,-27.832104698289324,-7.856826208961305,-3.4395708961892173,-5.766284605572261,-5.449816187011117,-14.864498758424562
1083,3500029.21,38,34.999990229813335,35.0,291.9,0,0.0,0.8434854348885775,0.1565145651114225,2.4977172493041265e-25,200.0,61.3,-184.23959772120577,-1.0714943710697487,-0.887089901723144,-9.892726421740203,0.0,0.0,-27.832104698289324,-7.856826208961305,-3.4395708961892173,-5.766284605572261,-5.449816187011117,-14.864498758424562
1084,3500029.21,39,34.999990229813335,35.0,291.9,0,0.0,0.8434707951141579,0.1565292048858421,2.37283138683892e-25,200.0,61.3,-184.23959772120577,-1.0714943710697487,-0.887089901723144,-9.892726421740203,0.0,0.0,-27.832104698289324,-7.856826208961305,-3.4395708961892173,-5.766284605572261,-5.449816187011117,-14.864498758424562
1085,3500029.21,40,34.999990229813335,35.0,291.9,0,0.0,0.8434569457715265,0.15654305422847345,2.254189817496974e-25,200.0,61.3,-184.23959772120577,-1.0714943710697487,-0.887089901723144,-9.892726421740203,0.0,0.0,-27.832104698289324,-7.856826208961305,-3.4395708961892173,-5.766284605572261,-5.449816187011117,-14.864498758424562
1086,3500029.21,41,34.999990229813335,35.0,291.9,0,0.0,0.8434401750695613,0.1565598249304388,2.1414803266221255e-25,200.0,61.3,-184.23959772120577,-1.0714943710697487,-0.887089901723144,-9.892726421740203,0.0,0.0,-27.832104698289324,-7.856826208961305,-3.4395708961892173,-5.766284605572261,-5.449816187011117,-14.864498758424562
1087,3500029.21,42,34.999990229813335,35.0,291.9,0,0.0,0.8434261392794917,0.15657386072050825,2.0344063102910192e-25,200.0,61.3,-184.23959772120577,-1.0714943710697487,-0.887089901723144,-9.892726421740203,0.0,0.0,-27.832104698289324,-7.856826208961305,-3.4395708961892173,-5.766284605572261,-5.449816187011117,-14.864498758424562
1088,3500029.21,43,34.999990229813335,35.0,291.9,0,0.0,0.8434137813467028,0.1565862186532973,1.9326859947764683e-25,200.0,61.3,-184.23959772120577,-1.0714943710697487,-0.887089901723144,-9.892726421740203,0.0,0.0,-27.832104698289324,-7.856826208961305,-3.4395708961892173,-5.766284605572261,-5.449816187011117,-14.864498758424562
1089,3500029.21,44,34.999990229813335,35.0,291.9,0,0.0,0.8433993535351172,0.15660064646488284,1.8360516950376448e-25,200.0,61.3,-184.23959772120577,-1.0714943710697487,-0.887089901723144,-9.892726421740203,0.0,0.0,-27.832104698289324,-7.856826208961305,-3.4395708961892173,-5.766284605572261,-5.449816187011117,-14.864498758424562
1090,3500029.21,45,34.999990229813335,35.0,291.9,0,0.0,0.8433847934045435,0.15661520659545655,1.7442491102857626e-25,200.0,61.3,-184.23959772120577,-1.0714943710697487,-0.887089901723144,-9.892726421740203,0.0,0.0,-27.832104698289324,-7.856826208961305,-3.4395708961892173,-5.766284605572261,-5.449816187011117,-14.864498758424562
1091,3500029.21,46,34.999990229813335,35.0,291.9,0,0.0,0.843371023349857,0.15662897665014294,1.6570366547714743e-25,200.0,61.3,-184.23959772120577,-1.0714943710697487,-0.887089901723144,-9.892726421740203,0.0,0.0,-27.832104698289324,-7.856826208961305,-3.4395708961892173,-5.766284605572261,-5.449816187011117,-14.864498758424562
1092,3500029.21,47,34.999990229813335,35.0,291.9,0,0.0,0.8433552627349045,0.15664473726509553,1.5741848220329004e-25,200.0,61.3,-184.23959772120577,-1.0714943710697487,-0.887089901723144,-9.892726421740203,0.0,0.0,-27.832104698289324,-7.856826208961305,-3.4395708961892173,-5.766284605572261,-5.449816187011117,-14.864498758424562
1093,3500029.21,48,34.999990229813335,35.0,291.9,0,0.0,0.8433367008579985,0.1566632991420015,1.4954755809312556e-25,200.0,61.3,-184.23959772120577,-1.0714943710697487,-0.887089901723144,-9.892726421740203,0.0,0.0,-27.832104698289324,-7.856826208961305,-3.4395708961892173,-5.766284605572261,-5.449816187011117,-14.864498758424562
1094,3500029.21,49,34.999990229813335,35.0,291.9,0,0.0,0.8433182217649942,0.15668177823500581,1.4207018018846928e-25,200.0,61.3,-184.23959772120577,-1.0714943710697487,-0.887089901723144,-9.892726421740203,0.0,0.0,-27.832104698289324,-7.856826208961305,-3.4395708961892173,-5.766284605572261,-5.449816187011117,-14.864498758424562
1095,3500029.21,0,34.999990229813335,35.0,291.9,0,0.0,0.8432979975645472,0.1567020024354529,1.3496667117904584e-25,200.0,61.3,-184.23959772120577,-1.0714943710697487,-0.887089901723144,-9.892726421740203,0.0,0.0,-27.832104698289324,-7.856826208961305,-3.4395708961892173,-5.766284605572261,-5.449816187011117,-14.864498758424562
1096,3500029.21,1,34.999990229813335,35.0,291.9,0,0.0,0.8432742937679794,0.1567257062320207,1.2821833762009354e-25,200.0,61.3,-184.23959772120577,-1.0714943710697487,-0.887089901723144,-9.892726421740203,0.0,0.0,-27.832104698289324,-7.856826208961305,-3.4395708961892173,-5.766284605572261,-5.449816187011117,-14.864498758424562
1097,3500029.21,2,34.999990229813335,35.0,291.9,0,0.0,0.8432491136283816,0.1567508863716184,1.2180742073908886e-25,200.0,61.3,-184.23959772120577,-1.0714943710697487,-0.887089901723144,-9.892726421740203,0.0,0.0,-27.832104698289324,-7.856826208961305,-3.4395708961892173,-5.766284605572261,-5.449816187011117,-14.864498758424562
1098,3500029.21,3,34.999990229813335,35.0,291.9,0,0.0,0.8432243582161573,0.1567756417838428,1.157170497021344e-25,200.0,61.3,-184.23959772120577,-1.0714943710697487,-0.887089901723144,-9.892726421740203,0.0,0.0,-27.832104698289324,-7.856826208961305,-3.4395708961892173,-5.766284605572261,-5.449816187011117,-14.864498758424562
1099,3500029.21,4,34.999990229813335,35.0,291.9,0,0.0,0.8432000076795769,0.15679999232042294,1.0993119721702766e-25,200.0,61.3,-184.23959772120577,-1.0714943710697487,-0.887089901723144,-9.892726421740203,0.0,0.0,-27.832104698289324,-7.856826208961305,-3.4395708961892173,-5.766284605572261,-5.449816187011117,-14.864498758424562
1100,3500029.21,5,34.999990229813335,35.0,291.9,0,0.0,0.843177863593586,0.15682213640641396,1.044346373561763e-25,200.0,61.3,-184.23959772120577,-1.0714943710697487,-0.887089901723144,-9.892726421740203,0.0,0.0,-27.832104698289324,-7.856826208961305,-3.4395708961892173,-5.766284605572261,-5.449816187011117,-14.864498758424562
1101,3500029.21,6,34.999990229813335,35.0,291.9,0,0.0,0.8431569045104668,0.15684309548953326,9.92129054883675e-26,200.0,61.3,-184.23959772120577,-1.0714943710697487,-0.887089901723144,-9.892726421740203,0.0,0.0,-27.832104698289324,-7.856826208961305,-3.4395708961892173,-5.766284605572261,-5.449816187011117,-14.864498758424562
1102,3500029.21,7,34.999990229813335,35.0,291.9,0,0.0,0.8431361625953044,0.15686383740469553,9.425226021394912e-26,200.0,61.3,-184.23959772120577,-1.0714943710697487,-0.887089901723144,-9.892726421740203,0.0,0.0,-27.832104698289324,-7.856826208961305,-3.4395708961892173,-5.766284605572261,-5.449816187011117,-14.864498758424562
1103,3500029.21,8,34.999990229813335,35.0,291.9,0,0.0,0.8431174437295813,0.15688255627041867,8.953964720325167e-26,200.0,61.3,-184.23959772120577,-1.0714943710697487,-0.887089901723144,-9.892726421740203,0.0,0.0,-27.832104698289324,-7.856826208961305,-3.4395708961892173,-5.766284605572261,-5.449816187011117,-14.864498758424562
1104,3500029.21,9,34.999990229813335,35.0,291.9,0,0.0,0.8430997381768446,0.15690026182315547,8.506266484308909e-26,200.0,61.3,-184.23959772120577,-1.0714943710697487,-0.887089901723144,-9.892726421740203,0.0,0.0,-27.832104698289324,-7.856826208961305,-3.4395708961892173,-5.766284605572261,-5.449816187011117,-14.864498758424562
1105,3500029.21,10,34.999990229813335,35.0,291.9,0,0.0,0.8430829951292753,0.15691700487072474,8.080953160093463e-26,200.0,61.3,-184.23959772120577,-1.0714943710697487,-0.887089901723144,-9.892726421740203,0.0,0.0,-27.832104698289324,-7.856826208961305,-3.4395708961892173,-5.766284605572261,-5.449816187011117,-14.864498758424562
1106,3500029.21,11,34.999990229813335,35.0,291.9,0,0.0,0.8430671663198371,0.15693283368016292,7.67690550208879e-26,200.0,61.3,-184.23959772120577,-1.0714943710697487,-0.887089901723144,-9.892726421740203,0.0,0.0,-27.832104698289324,-7.856826208961305,-3.4395708961892173,-5.766284605572261,-5.449816187011117,-14.864498758424562
1107,3500029.21,12,34.999990229813335,35.0,291.9,0,0.0,0.8430576277861093,0.1569423722138907,7.29306022698435e-26,200.0,61.3,-184.23959772120577,-1.0714943710697487,-0.887089901723144,-9.892726421740203,0.0,0.0,-27.832104698289324,-7.856826208961305,-3.4395708961892173,-5.766284605572261,-5.449816187011117,-14.864498758424562
1108,3500029.21,13,34.999990229813335,35.0,291.9,0,0.0,0.8430486379744695,0.15695136202553048,6.928407215635132e-26,200.0,61.3,-184.23959772120577,-1.0714943710697487,-0.887089901723144,-9.892726421740203,0.0,0.0,-27.832104698289324,-7.856826208961305,-3.4395708961892173,-5.766284605572261,-5.449816187011117,-14.864498758424562
1109,3500029.21,14,34.999990229813335,35.0,291.9,0,0.0,0.8430419719342963,0.1569580280657037,6.581986854853376e-26,200.0,61.3,-184.23959772120577,-1.0714943710697487,-0.887089901723144,-9.892726421740203,0.0,0.0,-27.832104698289324,-7.856826208961305,-3.4395708961892173,-5.766284605572261,-5.449816187011117,-14.864498758424562
1110,3500029.21,15,34.999990229813335,35.0,291.9,0,0.0,0.8430357090684525,0.15696429093154746,6.252887512110706e-26,200.0,61.3,-184.23959772120577,-1.0714943710697487,-0.887089901723144,-9.892726421740203,0.0,0.0,-27.832104698289324,-7.856826208961305,-3.4395708961892173,-5.766284605572261,-5.449816187011117,-14.864498758424562
1111,3500029.21,16,34.999990229813335,35.0,291.9,0,0.0,0.8430316277199503,0.15696837228004967,5.940243136505171e-26,200.0,61.3,-184.23959772120577,-1.0714943710697487,-0.887089901723144,-9.892726421740203,0.0,0.0,-27.832104698289324,-7.856826208961305,-3.4395708961892173,-5.766284605572261,-5.449816187011117,-14.864498758424562
1112,3500029.21,17,34.999990229813335,35.0,291.9,0,0.0,0.8430323079229822,0.15696769207701775,5.643230979679912e-26,200.0,61.3,-184.23959772120577,-1.0714943710697487,-0.887089901723144,-9.892726421740203,0.0,0.0,-27.832104698289324,-7.856826208961305,-3.4395708961892173,-5.766284605572261,-5.449816187011117,-14.864498758424562
1113,3500029.21,18,34.999990229813335,35.0,291.9,0,0.0,0.8430285324361164,0.1569714675638836,5.361069430695918e-26,200.0,61.3,-184.23959772120577,-1.0714943710697487,-0.887089901723144,-9.892726421740203,0.0,0.0,-27.832104698289324,-7.856826208961305,-3.4395708961892173,-5.766284605572261,-5.449816187011117,-14.864498758424562
1114,3500029.21,19,34.999990229813335,35.0,291.9,0,0.0,0.8430277027107524,0.15697229728924753,5.0930159591611217e-26,200.0,61.3,-184.23959772120577,-1.0714943710697487,-0.887089901723144,-9.892726421740203,0.0,0.0,-27.832104698289324,-7.856826208961305,-3.4395708961892173,-5.766284605572261,-5.449816187011117,-14.864498758424562
1115,3500029.21,20,34.999990229813335,35.0,291.9,0,0.0,0.8430269796010492,0.15697302039895072,4.8383651612030655e-26,200.0,61.3,-184.23959772120577,-1.0714943710697487,-0.887089901723144,-9.892726421740203,0.0,0.0,-27.832104698289324,-7.856826208961305,-3.4395708961892173,-5.766284605572261,-5.449816187011117,-14.864498758424562
1116,3500029.21,21,34.999990229813335,35.0,291.9,0,0.0,0.8430290405146331,0.15697095948536682,4.596446903142912e-26,200.0,61.3,-184.23959772120577,-1.0714943710697487,-0.887089901723144,-9.892726421740203,0.0,0.0,-27.832104698289324,-7.856826208961305,-3.4395708961892173,-5.766284605572261,-5.449816187011117,-14.864498758424562
1117,3500029.21,22,34.999990229813335,35.0,291.9,0,0.0,0.8430328469337633,0.15696715306623663,4.366624557985766e-26,200.0,61.3,-184.23959772120577,-1.0714943710697487,-0.887089901723144,-9.892726421740203,0.0,0.0,-27.832104698289324,-7.856826208961305,-3.4395708961892173,-5.766284605572261,-5.449816187011117,-14.864498758424562
1118,3500029.21,23,34.999990229813335,35.0,291.9,0,0.0,0.8430374157218516,0.15696258427814838,4.148293330086478e-26,200.0,61.3,-184.23959772120577,-1.0714943710697487,-0.887089901723144,-9.892726421740203,0.0,0.0,-27.832104698289324,-7.856826208961305,-3.4395708961892173,-5.766284605572261,-5.449816187011117,-14.864498758424562
1119,3500029.21,24,34.999990229813335,35.0,291.9,0,0.0,0.8430418158442371,0.15695818415576288,3.940878663582154e-26,200.0,61.3,-184.23959772120577,-1.0714943710697487,-0.887089901723144,-9.892726421740203,0.0,0.0,-27.832104698289324,-7.856826208961305,-3.4395708961892173,-5.766284605572261,-5.449816187011117,-14.864498758424562
1120,3500029.21,25,34.999990229813335,35.0,291.9,0,0.0,0.8430442747261928,0.15695572527380725,3.743834730403047e-26,200.0,61.3,-184.23959772120577,-1.0714943710697487,-0.887089901723144,-9.892726421740203,0.0,0.0,-27.832104698289324,-7.856826208961305,-3.4395708961892173,-5.766284605572261,-5.449816187011117,-14.864498758424562
1121,3500029.21,26,34.999990229813335,35.0,291.9,0,0.0,0.8430457819574955,0.1569542180425046,3.556642993882895e-26,200.0,61.3,-184.23959772120577,-1.0714943710697487,-0.887089901723144,-9.892726421740203,0.0,0.0,-27.832104698289324,-7.856826208961305,-3.4395708961892173,-5.766284605572261,-5.449816187011117,-14.864498758424562
1122,3500029.21,27,34.999990229813335,35.0,291.9,0,0.0,0.8430490536927839,0.15695094630721604,3.37881084418875e-26,200.0,61.3,-184.23959772120577,-1.0714943710697487,-0.887089901723144,-9.892726421740203,0.0,0.0,-27.832104698289324,-7.856826208961305,-3.4395708961892173,-5.766284605572261,-5.449816187011117,-14.864498758424562
1123,3500029.21,28,34.999990229813335,35.0,291.9,0,0.0,0.8430557727777556,0.15694422722224438,3.209870301979312e-26,200.0,61.3,-184.23959772120577,-1.0714943710697487,-0.887089901723144,-9.892726421740203,0.0,0.0,-27.832104698289324,-7.856826208961305,-3.4395708961892173,-5.766284605572261,-5.449816187011117,-14.864498758424562
1124,3500029.21,29,34.999990229813335,35.0,291.9,0,0.0,0.8430613260814908,0.15693867391850927,3.049376786880347e-26,200.0,61.3,-184.23959772120577,-1.0714943710697487,-0.887089901723144,-9.892726421740203,0.0,0.0,-27.832104698289324,-7.856826208961305,-3.4395708961892173,-5.766284605572261,-5.449816187011117,-14.864498758424562
1125,3500029.21,30,34.999990229813335,35.0,291.9,0,0.0,0.8430666592411472,0.15693334075885282,2.8969079475363295e-26,200.0,61.3,-184.23959772120577,-1.0714943710697487,-0.887089901723144,-9.892726421740203,0.0,0.0,-27.832104698289324,-7.856826208961305,-3.4395708961892173,-5.766284605572261,-5.449816187011117,-14.864498758424562
1126,3500029.21,31,34.999990229813335,35.0,291.9,0,0.0,0.8430726682015478,0.15692733179845217,2.752062550159513e-26,200.0,61.3,-184.23959772120577,-1.0714943710697487,-0.887089901723144,-9.892726421740203,0.0,0.0,-27.832104698289324,-7.856826208961305,-3.4395708961892173,-5.766284605572261,-5.449816187011117,-14.864498758424562
1127,3500029.21,32,34.999990229813335,35.0,291.9,0,0.0,0.84307578002054,0.15692421997946,2.614459422651537e-26,200.0,61.3,-184.23959772120577,-1.0714943710697487,-0.887089901723144,-9.892726421740203,0.0,0.0,-27.832104698289324,-7.856826208961305,-3.4395708961892173,-5.766284605572261,-5.449816187011117,-14.864498758424562
1128,3500029.21,33,34.999990229813335,35.0,291.9,0,0.0,0.8430796788238718,0.1569203211761282,2.4837364515189604e-26,200.0,61.3,-184.23959772120577,-1.0714943710697487,-0.887089901723144,-9.892726421740203,0.0,0.0,-27.832104698289324,-7.856826208961305,-3.4395708961892173,-5.766284605572261,-5.449816187011117,-14.864498758424562
1129,3500029.21,34,34.999990229813335,35.0,291.9,0,0.0,0.8430869708450983,0.15691302915490168,2.3595496289430122e-26,200.0,61.3,-184.23959772120577,-1.0714943710697487,-0.887089901723144,-9.892726421740203,0.0,0.0,-27.832104698289324,-7.856826208961305,-3.4395708961892173,-5.766284605572261,-5.449816187011117,-14.864498758424562
1130,3500029.21,35,34.999990229813335,35.0,291.9,0,0.0,0.8430939528834954,0.1569060471165046,2.241572147495862e-26,200.0,61.3,-184.23959772120577,-1.0714943710697487,-0.887089901723144,-9.892726421740203,0.0,0.0,-27.832104698289324,-7.856826208961305,-3.4395708961892173,-5.766284605572261,-5.449816187011117,-14.864498758424562
1131,3500029.21,36,34.999990229813335,35.0,291.9,0,0.0,0.8431024013201477,0.15689759867985234,2.1294935401210687e-26,200.0,61.3,-184.23959772120577,-1.0714943710697487,-0.887089901723144,-9.892726421740203,0.0,0.0,-27.832104698289324,-7.856826208961305,-3.4395708961892173,-5.766284605572261,-5.449816187011117,-14.864498758424562
1132,3500029.21,37,34.999990229813335,35.0,291.9,0,0.0,0.8431139970399192,0.15688600296008084,2.0230188631150152e-26,200.0,61.3,-184.23959772120577,-1.0714943710697487,-0.887089901723144,-9.892726421740203,0.0,0.0,-27.832104698289324,-7.856826208961305,-3.4395708961892173,-5.766284605572261,-5.449816187011117,-14.864498758424562
1133,3500029.21,38,34.999990229813335,35.0,291.9,0,0.0,0.8431294510944923,0.15687054890550772,1.9218679199592643e-26,200.0,61.3,-184.23959772120577,-1.0714943710697487,-0.887089901723144,-9.892726421740203,0.0,0.0,-27.832104698289324,-7.856826208961305,-3.4395708961892173,-5.766284605572261,-5.449816187011117,-14.864498758424562
1134,3500029.21,39,34.999990229813335,35.0,291.9,0,0.0,0.8431450544453086,0.1568549455546914,1.825774523961301e-26,200.0,61.3,-184.23959772120577,-1.0714943710697487,-0.887089901723144,-9.892726421740203,0.0,0.0,-27.832104698289324,-7.856826208961305,-3.4395708961892173,-5.766284605572261,-5.449816187011117,-14.864498758424562
1135,3500029.21,40,34.999990229813335,35.0,291.9,0,0.0,0.8431590466621307,0.15684095333786935,1.7344857977632358e-26,200.0,61.3,-184.23959772120577,-1.0714943710697487,-0.887089901723144,-9.892726421740203,0.0,0.0,-27.832104698289324,-7.856826208961305,-3.4395708961892173,-5.766284605572261,-5.449816187011117,-14.864498758424562
1136,3500029.21,41,34.999990229813335,35.0,291.9,0,0.0,0.8431732595358624,0.15682674046413755,1.647761507875074e-26,200.0,61.3,-184.23959772120577,-1.0714943710697487,-0.887089901723144,-9.892726421740203,0.0,0.0,-27.832104698289324,-7.856826208961305,-3.4395708961892173,-5.766284605572261,-5.449816187011117,-14.864498758424562
1137,3500029.21,42,34.999990229813335,35.0,291.9,0,0.0,0.8431850579576002,0.15681494204239982,1.5653734324813204e-26,200.0,61.3,-184.23959772120577,-1.0714943710697487,-0.887089901723144,-9.892726421740203,0.0,0.0,-27.832104698289324,-7.856826208961305,-3.4395708961892173,-5.766284605572261,-5.449816187011117,-14.864498758424562
1138,3500029.21,43,34.999990229813335,35.0,291.9,0,0.0,0.8431963124728713,0.15680368752712878,1.4871047608572542e-26,200.0,61.3,-184.23959772120577,-1.0714943710697487,-0.887089901723144,-9.892726421740203,0.0,0.0,-27.832104698289324,-7.856826208961305,-3.4395708961892173,-5.766284605572261,-5.449816187011117,-14.864498758424562
1139,3500029.21,44,34.999990229813335,35.0,291.9,0,0.0,0.8432044311838625,0.1567955688161376,1.4127495228143916e-26,200.0,61.3,-184.23959772120577,-1.0714943710697487,-0.887089901723144,-9.892726421740203,0.0,0.0,-27.832104698289324,-7.856826208961305,-3.4395708961892173,-5.766284605572261,-5.449816187011117,-14.864498758424562
1140,3500029.21,45,34.999990229813335,35.0,291.9,0,0.0,0.843212192147859,0.15678780785214091,1.342112046673672e-26,200.0,61.3,-184.23959772120577,-1.0714943710697487,-0.887089901723144,-9.892726421740203,0.0,0.0,-27.832104698289324,-7.856826208961305,-3.4395708961892173,-5.766284605572261,-5.449816187011117,-14.864498758424562
1141,3500029.21,46,34.999990229813335,35.0,291.9,0,0.0,0.8432196131667379,0.15678038683326206,1.2750064443399884e-26,200.0,61.3,-184.23959772120577,-1.0714943710697487,-0.887089901723144,-9.892726421740203,0.0,0.0,-27.832104698289324,-7.856826208961305,-3.4395708961892173,-5.766284605572261,-5.449816187011117,-14.864498758424562
1142,3500029.21,47,34.999990229813335,35.0,291.9,0,0.0,0.8432284526511646,0.15677154734883533,1.2112561221229891e-26,200.0,61.3,-184.23959772120577,-1.0714943710697487,-0.887089901723144,-9.892726421740203,0.0,0.0,-27.832104698289324,-7.856826208961305,-3.4395708961892173,-5.766284605572261,-5.449816187011117,-14.864498758424562
1143,3500029.21,48,34.999990229813335,35.0,291.9,0,0.0,0.8432377662830991,0.15676223371690085,1.1506933160168396e-26,200.0,61.3,-184.23959772120577,-1.0714943710697487,-0.887089901723144,-9.892726421740203,0.0,0.0,-27.832104698289324,-7.856826208961305,-3.4395708961892173,-5.766284605572261,-5.449816187011117,-14.864498758424562
1144,3500029.21,49,34.999990229813335,35.0,291.9,0,0.0,0.8432501340591988,0.1567498659408012,1.0931586502159977e-26,200.0,61.3,-184.23959772120577,-1.0714943710697487,-0.887089901723144,-9.892726421740203,0.0,0.0,-27.832104698289324,-7.856826208961305,-3.4395708961892173,-5.766284605572261,-5.449816187011117,-14.864498758424562
1145,3500029.21,0,34.999990229813335,35.0,291.9,0,0.0,0.8432627932218554,0.1567372067781446,1.0385007177051977e-26,200.0,61.3,-184.23959772120577,-1.0714943710697487,-0.887089901723144,-9.892726421740203,0.0,0.0,-27.832104698289324,-7.856826208961305,-3.4395708961892173,-5.766284605572261,-5.449816187011117,-14.864498758424562
1146,3500029.21,1,34.999990229813335,35.0,291.9,0,0.0,0.8432722605453213,0.1567277394546787,9.865756818199378e-27,200.0,61.3,-184.23959772120577,-1.0714943710697487,-0.887089901723144,-9.892726421740203,0.0,0.0,-27.832104698289324,-7.856826208961305,-3.4395708961892173,-5.766284605572261,-5.449816187011117,-14.864498758424562
1147,3500029.21,2,34.999990229813335,35.0,291.9,0,0.0,0.8432804319089826,0.15671956809101734,9.372468977289409e-27,200.0,61.3,-184.23959772120577,-1.0714943710697487,-0.887089901723144,-9.892726421740203,0.0,0.0,-27.832104698289324,-7.856826208961305,-3.4395708961892173,-5.766284605572261,-5.449816187011117,-14.864498758424562
1148,3500029.21,3,34.999990229813335,35.0,291.9,0,0.0,0.8432873734128394,0.15671262658716062,8.90384552842494e-27,200.0,61.3,-184.23959772120577,-1.0714943710697487,-0.887089901723144,-9.892726421740203,0.0,0.0,-27.832104698289324,-7.856826208961305,-3.4395708961892173,-5.766284605572261,-5.449816187011117,-14.864498758424562
1149,3500029.21,4,34.999990229813335,35.0,291.9,0,0.0,0.8432905515575163,0.15670944844248375,8.458653252003692e-27,200.0,61.3,-184.23959772120577,-1.0714943710697487,-0.887089901723144,-9.892726421740203,0.0,0.0,-27.832104698289324,-7.856826208961305,-3.4395708961892173,-5.766284605572261,-5.449816187011117,-14.864498758424562
1150,3500029.21,5,34.999990229813335,35.0,291.9,0,0.0,0.8432979414543013,0.15670205854569877,8.035720589403507e-27,200.0,61.3,-184.23959772120577,-1.0714943710697487,-0.887089901723144,-9.892726421740203,0.0,0.0,-27.832104698289324,-7.856826208961305,-3.4395708961892173,-5.766284605572261,-5.449816187011117,-14.864498758424562
1151,3500029.21,6,34.999990229813335,35.0,291.9,0,0.0,0.8433050060615616,0.15669499393843841,7.63393455993333e-27,200.0,61.3,-184.23959772120577,-1.0714943710697487,-0.887089901723144,-9.892726421740203,0.0,0.0,-27.832104698289324,-7.856826208961305,-3.4395708961892173,-5.766284605572261,-5.449816187011117,-14.864498758424562
1152,3500029.21,7,34.999990229813335,35.0,291.9,0,0.0,0.8433117615661508,0.15668823843384916,7.252237831936665e-27,200.0,61.3,-184.23959772120577,-1.0714943710697487,-0.887089901723144,-9.892726421740203,0.0,0.0,-27.832104698289324,-7.856826208961305,-3.4395708961892173,-5.766284605572261,-5.449816187011117,-14.864498758424562
1153,3500029.21,8,34.999990229813335,35.0,291.9,0,0.0,0.8433147747661007,0.15668522523389927,6.88962594033983e-27,200.0,61.3,-184.23959772120577,-1.0714943710697487,-0.887089901723144,-9.892726421740203,0.0,0.0,-27.832104698289324,-7.856826208961305,-3.4395708961892173,-5.766284605572261,-5.449816187011117,-14.864498758424562
1154,3500029.21,9,34.999990229813335,35.0,291.9,0,0.0,0.8433168225486269,0.15668317745137308,6.54514464332284e-27,200.0,61.3,-184.23959772120577,-1.0714943710697487,-0.887089901723144,-9.892726421740203,0.0,0.0,-27.832104698289324,-7.856826208961305,-3.4395708961892173,-5.766284605572261,-5.449816187011117,-14.864498758424562
1155,3500029.21,10,34.999990229813335,35.0,291.9,0,0.0,0.8433179544668734,0.15668204553312665,6.217887411156697e-27,200.0,61.3,-184.23959772120577,-1.0714943710697487,-0.887089901723144,-9.892726421740203,0.0,0.0,-27.832104698289324,-7.856826208961305,-3.4395708961892173,-5.766284605572261,-5.449816187011117,-14.864498758424562
1156,3500029.21,11,34.999990229813335,35.0,291.9,0,0.0,0.8433207988118648,0.15667920118813522,5.906993040598862e-27,200.0,61.3,-184.23959772120577,-1.0714943710697487,-0.887089901723144,-9.892726421740203,0.0,0.0,-27.832104698289324,-7.856826208961305,-3.4395708961892173,-5.766284605572261,-5.449816187011117,-14.864498758424562
1157,3500029.21,12,34.999990229813335,35.0,291.9,0,0.0,0.8433244070486855,0.15667559295131456,5.6116433885689195e-27,200.0,61.3,-184.23959772120577,-1.0714943710697487,-0.887089901723144,-9.892726421740203,0.0,0.0,-27.832104698289324,-7.856826208961305,-3.4395708961892173,-5.766284605572261,-5.449816187011117,-14.864498758424562
1158,3500029.21,13,34.999990229813335,35.0,291.9,0,0.0,0.8433278808029353,0.15667211919706472,5.331061219140474e-27,200.0,61.3,-184.23959772120577,-1.0714943710697487,-0.887089901723144,-9.892726421740203,0.0,0.0,-27.832104698289324,-7.856826208961305,-3.4395708961892173,-5.766284605572261,-5.449816187011117,-14.864498758424562
1159,3500029.21,14,34.999990229813335,35.0,291.9,0,0.0,0.8433277944640517,0.1566722055359483,5.06450815818345e-27,200.0,61.3,-184.23959772120577,-1.0714943710697487,-0.887089901723144,-9.892726421740203,0.0,0.0,-27.832104698289324,-7.856826208961305,-3.4395708961892173,-5.766284605572261,-5.449816187011117,-14.864498758424562
1160,3500029.21,15,34.999990229813335,35.0,291.9,0,0.0,0.8433286187612905,0.15667138123870955,4.8112827502742775e-27,200.0,61.3,-184.23959772120577,-1.0714943710697487,-0.887089901723144,-9.892726421740203,0.0,0.0,-27.832104698289324,-7.856826208961305,-3.4395708961892173,-5.766284605572261,-5.449816187011117,-14.864498758424562
1161,3500029.21,16,34.999990229813335,35.0,291.9,0,0.0,0.8433311629058884,0.1566688370941116,4.5707186127605635e-27,200.0,61.3,-184.23959772120577,-1.0714943710697487,-0.887089901723144,-9.892726421740203,0.0,0.0,-27.832104698289324,-7.856826208961305,-3.4395708961892173,-5.766284605572261,-5.449816187011117,-14.864498758424562
1162,3500029.21,17,34.999990229813335,35.0,291.9,0,0.0,0.8433319145833861,0.15666808541661398,4.342182682122536e-27,200.0,61.3,-184.23959772120577,-1.0714943710697487,-0.887089901723144,-9.892726421740203,0.0,0.0,-27.832104698289324,-7.856826208961305,-3.4395708961892173,-5.766284605572261,-5.449816187011117,-14.864498758424562
1163,3500029.21,18,34.999990229813335,35.0,291.9,0,0.0,0.8433283984952132,0.15667160150478673,4.125073548016409e-27,200.0,61.3,-184.23959772120577,-1.0714943710697487,-0.887089901723144,-9.892726421740203,0.0,0.0,-27.832104698289324,-7.856826208961305,-3.4395708961892173,-5.766284605572261,-5.449816187011117,-14.864498758424562
1164,3500029.21,19,34.999990229813335,35.0,291.9,0,0.0,0.8433251096460754,0.15667489035392462,3.918819870615589e-27,200.0,61.3,-184.23959772120577,-1.0714943710697487,-0.887089901723144,-9.892726421740203,0.0,0.0,-27.832104698289324,-7.856826208961305,-3.4395708961892173,-5.766284605572261,-5.449816187011117,-14.864498758424562
1165,3500029.21,20,34.999990229813335,35.0,291.9,0,0.0,0.8433237452306438,0.1566762547693562,3.7228788770848095e-27,200.0,61.3,-184.23959772120577,-1.0714943710697487,-0.887089901723144,-9.892726421740203,0.0,0.0,-27.832104698289324,-7.856826208961305,-3.4395708961892173,-5.766284605572261,-5.449816187011117,-14.864498758424562
1166,3500029.21,21,34.999990229813335,35.0,291.9,0,0.0,0.8433216452984486,0.15667835470155148,3.536734933230569e-27,200.0,61.3,-184.23959772120577,-1.0714943710697487,-0.887089901723144,-9.892726421740203,0.0,0.0,-27.832104698289324,-7.856826208961305,-3.4395708961892173,-5.766284605572261,-5.449816187011117,-14.864498758424562
1167,3500029.21,22,34.999990229813335,35.0,291.9,0,0.0,0.8433197007851125,0.1566802992148874,3.3598981865690406e-27,200.0,61.3,-184.23959772120577,-1.0714943710697487,-0.887089901723144,-9.892726421740203,0.0,0.0,-27.832104698289324,-7.856826208961305,-3.4395708961892173,-5.766284605572261,-5.449816187011117,-14.864498758424562
1168,3500029.21,23,34.999990229813335,35.0,291.9,0,0.0,0.8433196077087802,0.15668039229121972,3.1919032772405886e-27,200.0,61.3,-184.23959772120577,-1.0714943710697487,-0.887089901723144,-9.892726421740203,0.0,0.0,-27.832104698289324,-7.856826208961305,-3.4395708961892173,-5.766284605572261,-5.449816187011117,-14.864498758424562
1169,3500029.21,24,34.999990229813335,35.0,291.9,0,0.0,0.8433187169288462,0.15668128307115384,3.0323081133785594e-27,200.0,61.3,-184.23959772120577,-1.0714943710697487,-0.887089901723144,-9.892726421740203,0.0,0.0,-27.832104698289324,-7.856826208961305,-3.4395708961892173,-5.766284605572261,-5.449816187011117,-14.864498758424562
1170,3500029.21,25,34.999990229813335,35.0,291.9,0,0.0,0.8433170695773071,0.1566829304226929,2.880692707709631e-27,200.0,61.3,-184.23959772120577,-1.0714943710697487,-0.887089901723144,-9.892726421740203,0.0,0.0,-27.832104698289324,-7.856826208961305,-3.4395708961892173,-5.766284605572261,-5.449816187011117,-14.864498758424562
1171,3500029.21,26,34.999990229813335,35.0,291.9,0,0.0,0.8433155546673939,0.15668444533260606,2.7366580723241495e-27,200.0,61.3,-184.23959772120577,-1.0714943710697487,-0.887089901723144,-9.892726421740203,0.0,0.0,-27.832104698289324,-7.856826208961305,-3.4395708961892173,-5.766284605572261,-5.449816187011117,-14.864498758424562
1172,3500029.21,27,34.999990229813335,35.0,291.9,0,0.0,0.8433150145434423,0.15668498545655773,2.599825168707942e-27,200.0,61.3,-184.23959772120577,-1.0714943710697487,-0.887089901723144,-9.892726421740203,0.0,0.0,-27.832104698289324,-7.856826208961305,-3.4395708961892173,-5.766284605572261,-5.449816187011117,-14.864498758424562
1173,3500029.21,28,34.999990229813335,35.0,291.9,0,0.0,0.8433128538089834,0.1566871461910167,2.469833910272545e-27,200.0,61.3,-184.23959772120577,-1.0714943710697487,-0.887089901723144,-9.892726421740203,0.0,0.0,-27.832104698289324,-7.856826208961305,-3.4395708961892173,-5.766284605572261,-5.449816187011117,-14.864498758424562
1174,3500029.21,29,34.999990229813335,35.0,291.9,0,0.0,0.8433133944034761,0.1566866055965239,2.3463422147589176e-27,200.0,61.3,-184.23959772120577,-1.0714943710697487,-0.887089901723144,-9.892726421740203,0.0,0.0,-27.832104698289324,-7.856826208961305,-3.4395708961892173,-5.766284605572261,-5.449816187011117,-14.864498758424562
1175,3500029.21,30,34.999990229813335,35.0,291.9,0,0.0,0.843314802778103,0.15668519722189703,2.229025104020972e-27,200.0,61.3,-184.23959772120577,-1.0714943710697487,-0.887089901723144,-9.892726421740203,0.0,0.0,-27.832104698289324,-7.856826208961305,-3.4395708961892173,-5.766284605572261,-5.449816187011117,-14.864498758424562
1176,3500029.21,31,34.999990229813335,35.0,291.9,0,0.0,0.8433144963984447,0.15668550360155534,2.117573848819923e-27,200.0,61.3,-184.23959772120577,-1.0714943710697487,-0.887089901723144,-9.892726421740203,0.0,0.0,-27.832104698289324,-7.856826208961305,-3.4395708961892173,-5.766284605572261,-5.449816187011117,-14.864498758424562
1177,3500029.21,32,34.999990229813335,35.0,291.9,0,0.0,0.8433150993974201,0.15668490060257986,2.011695156378927e-27,200.0,61.3,-184.23959772120577,-1.0714943710697487,-0.887089901723144,-9.892726421740203,0.0,0.0,-27.832104698289324,-7.856826208961305,-3.4395708961892173,-5.766284605572261,-5.449816187011117,-14.864498758424562
1178,3500029.21,33,34.999990229813335,35.0,291.9,0,0.0,0.8433174088210608,0.15668259117893923,1.911110398559981e-27,200.0,61.3,-184.23959772120577,-1.0714943710697487,-0.887089901723144,-9.892726421740203,0.0,0.0,-27.832104698289324,-7.856826208961305,-3.4395708961892173,-5.766284605572261,-5.449816187011117,-14.864498758424562
1179,3500029.21,34,34.999990229813335,35.0,291.9,0,0.0,0.8433171183677369,0.1566828816322631,1.8155548786319818e-27,200.0,61.3,-184.23959772120577,-1.0714943710697487,-0.887089901723144,-9.892726421740203,0.0,0.0,-27.832104698289324,-7.856826208961305,-3.4395708961892173,-5.766284605572261,-5.449816187011117,-14.864498758424562
1180,3500029.21,35,34.999990229813335,35.0,291.9,0,0.0,0.8433177340585661,0.1566822659414339,1.7247771347003825e-27,200.0,61.3,-184.23959772120577,-1.0714943710697487,-0.887089901723144,-9.892726421740203,0.0,0.0,-27.832104698289324,-7.856826208961305,-3.4395708961892173,-5.766284605572261,-5.449816187011117,-14.864498758424562
1181,3500029.21,36,34.999990229813335,35.0,291.9,0,0.0,0.8433183667306983,0.1566816332693017,1.6385382779653633e-27,200.0,61.3,-184.23959772120577,-1.0714943710697487,-0.887089901723144,-9.892726421740203,0.0,0.0,-27.832104698289324,-7.856826208961305,-3.4395708961892173,-5.766284605572261,-5.449816187011117,-14.864498758424562
1182,3500029.21,37,34.999990229813335,35.0,291.9,0,0.0,0.8433156481962532,0.15668435180374685,1.5566113640670952e-27,200.0,61.3,-184.23959772120577,-1.0714943710697487,-0.887089901723144,-9.892726421740203,0.0,0.0,-27.832104698289324,-7.856826208961305,-3.4395708961892173,-5.766284605572261,-5.449816187011117,-14.864498758424562
1183,3500029.21,38,34.999990229813335,35.0,291.9,0,0.0,0.8433156395780494,0.15668436042195052,1.4787807958637403e-27,200.0,61.3,-184.23959772120577,-1.0714943710697487,-0.887089901723144,-9.892726421740203,0.0,0.0,-27.832104698289324,-7.856826208961305,-3.4395708961892173,-5.766284605572261,-5.449816187011117,-14.864498758424562
1184,3500029.21,39,34.999990229813335,35.0,291.9,0,0.0,0.8433156796346817,0.15668432036531835,1.4048417560705535e-27,200.0,61.3,-184.23959772120577,-1.0714943710697487,-0.887089901723144,-9.892726421740203,0.0,0.0,-27.832104698289324,-7.856826208961305,-3.4395708961892173,-5.766284605572261,-5.449816187011117,-14.864498758424562
1185,3500029.21,40,34.999990229813335,35.0,291.9,0,0.0,0.8433182836891003,0.15668171631089972,1.3345996682670257e-27,200.0,61.3,-184.23959772120577,-1.0714943710697487,-0.887089901723144,-9.892726421740203,0.0,0.0,-27.832104698289324,-7.856826208961305,-3.4395708961892173,-5.766284605572261,-5.449816187011117,-14.864498758424562
1186,3500029.21,41,34.999990229813335,35.0,291.9,0,0.0,0.8433258308858382,0.15667416911416185,1.2678696848536743e-27,200.0,61.3,-184.23959772120577,-1.0714943710697487,-0.887089901723144,-9.892726421740203,0.0,0.0,-27.832104698289324,-7.856826208961305,-3.4395708961892173,-5.766284605572261,-5.449816187011117,-14.864498758424562
1187,3500029.21,42,34.999990229813335,35.0,291.9,0,0.0,0.8433330422573959,0.15666695774260406,1.2044762006109906e-27,200.0,61.3,-184.23959772120577,-1.0714943710697487,-0.887089901723144,-9.892726421740203,0.0,0.0,-27.832104698289324,-7.856826208961305,-3.4395708961892173,-5.766284605572261,-5.449816187011117,-14.864498758424562
1188,3500029.21,43,34.999990229813335,35.0,291.9,0,0.0,0.8433407704869452,0.15665922951305472,1.144252390580441e-27,200.0,61.3,-184.23959772120577,-1.0714943710697487,-0.887089901723144,-9.892726421740203,0.0,0.0,-27.832104698289324,-7.856826208961305,-3.4395708961892173,-5.766284605572261,-5.449816187011117,-14.864498758424562
1189,3500029.21,44,34.999990229813335,35.0,291.9,0,0.0,0.8433464823429285,0.15665351765707147,1.087039771051419e-27,200.0,61.3,-184.23959772120577,-1.0714943710697487,-0.887089901723144,-9.892726421740203,0.0,0.0,-27.832104698289324,-7.856826208961305,-3.4395708961892173,-5.766284605572261,-5.449816187011117,-14.864498758424562
1190,3500029.21,45,34.999990229813335,35.0,291.9,0,0.0,0.8433486104793844,0.15665138952061564,1.032687782498848e-27,200.0,61.3,-184.23959772120577,-1.0714943710697487,-0.887089901723144,-9.892726421740203,0.0,0.0,-27.832104698289324,-7.856826208961305,-3.4395708961892173,-5.766284605572261,-5.449816187011117,-14.864498758424562
1191,3500029.21,46,34.999990229813335,35.0,291.9,0,0.0,0.8433506770254051,0.15664932297459488,9.810533933739054e-28,200.0,61.3,-184.23959772120577,-1.0714943710697487,-0.887089901723144,-9.892726421740203,0.0,0.0,-27.832104698289324,-7.856826208961305,-3.4395708961892173,-5.766284605572261,-5.449816187011117,-14.864498758424562
1192,3500029.21,47,34.999990229813335,35.0,291.9,0,0.0,0.8433526849844539,0.15664731501554605,9.320007237052102e-28,200.0,61.3,-184.23959772120577,-1.0714943710697487,-0.887089901723144,-9.892726421740203,0.0,0.0,-27.832104698289324,-7.856826208961305,-3.4395708961892173,-5.766284605572261,-5.449816187011117,-14.864498758424562
1193,3500029.21,48,34.999990229813335,35.0,291.9,0,0.0,0.8433538039443403,0.1566461960556597,8.854006875199497e-28,200.0,61.3,-184.23959772120577,-1.0714943710697487,-0.887089901723144,-9.892726421740203,0.0,0.0,-27.832104698289324,-7.856826208961305,-3.4395708961892173,-5.766284605572261,-5.449816187011117,-14.864498758424562
1194,3500029.21,49,34.999990229813335,35.0,291.9,0,0.0,0.8433565772229331,0.15664342277706694,8.411306531439522e-28,200.0,61.3,-184.23959772120577,-1.0714943710697487,-0.887089901723144,-9.892726421740203,0.0,0.0,-27.832104698289324,-7.856826208961305,-3.4395708961892173,-5.766284605572261,-5.449816187011117,-14.864498758424562
1195,3500029.21,0,34.999990229813335,35.0,291.9,0,0.0,0.8433567601005979,0.15664323989940215,7.990741204867546e-28,200.0,61.3,-184.23959772120577,-1.0714943710697487,-0.887089901723144,-9.892726421740203,0.0,0.0,-27.832104698289324,-7.856826208961305,-3.4395708961892173,-5.766284605572261,-5.449816187011117,-14.864498758424562
1196,3500029.21,1,34.999990229813335,35.0,291.9,0,0.0,0.8433569796873879,0.15664302031261218,7.591204144624169e-28,200.0,61.3,-184.23959772120577,-1.0714943710697487,-0.887089901723144,-9.892726421740203,0.0,0.0,-27.832104698289324,-7.856826208961305,-3.4395708961892173,-5.766284605572261,-5.449816187011117,-14.864498758424562
1197,3500029.21,2,34.999990229813335,35.0,291.9,0,0.0,0.8433547414819959,0.15664525851800415,7.21164393739296e-28,200.0,61.3,-184.23959772120577,-1.0714943710697487,-0.887089901723144,-9.892726421740203,0.0,0.0,-27.832104698289324,-7.856826208961305,-3.4395708961892173,-5.766284605572261,-5.449816187011117,-14.864498758424562
1198,3500029.21,3,34.999990229813335,35.0,291.9,0,0.0,0.8433526630021629,0.15664733699783703,6.851061740523312e-28,200.0,61.3,-184.23959772120577,-1.0714943710697487,-0.887089901723144,-9.892726421740203,0.0,0.0,-27.832104698289324,-7.856826208961305,-3.4395708961892173,-5.766284605572261,-5.449816187011117,-14.864498758424562
1199,3500029.21,4,34.999990229813335,35.0,291.9,0,0.0,0.8433548827312057,0.1566451172687942,6.508508653497146e-28,200.0,61.3,-184.23959772120577,-1.0714943710697487,-0.887089901723144,-9.892726421740203,0.0,0.0,-27.832104698289324,-7.856826208961305,-3.4395708961892173,-5.766284605572261,-5.449816187011117,-14.864498758424562
1200,3500029.21,5,34.999990229813335,35.0,291.9,0,0.0,0.8433553788254349,0.15664462117456512,6.183083220822289e-28,200.0,61.3,-184.23959772120577,-1.0714943710697487,-0.887089901723144,-9.892726421740203,0.0,0.0,-27.832104698289324,-7.856826208961305,-3.4395708961892173,-5.766284605572261,-5.449816187011117,-14.864498758424562
1201,3500029.21,6,34.999990229813335,35.0,291.9,0,0.0,0.8433542396301593,0.1566457603698407,5.873929059781175e-28,200.0,61.3,-184.23959772120577,-1.0714943710697487,-0.887089901723144,-9.892726421740203,0.0,0.0,-27.832104698289324,-7.856826208961305,-3.4395708961892173,-5.766284605572261,-5.449816187011117,-14.864498758424562
1202,3500029.21,7,34.999990229813335,35.0,291.9,0,0.0,0.8433523766990785,0.15664762330092147,5.580232606792116e-28,200.0,61.3,-184.23959772120577,-1.0714943710697487,-0.887089901723144,-9.892726421740203,0.0,0.0,-27.832104698289324,-7.856826208961305,-3.4395708961892173,-5.766284605572261,-5.449816187011117,-14.864498758424562
1203,3500029.21,8,34.999990229813335,35.0,291.9,0,0.0,0.8433523077629799,0.15664769223702016,5.30122097645251e-28,200.0,61.3,-184.23959772120577,-1.0714943710697487,-0.887089901723144,-9.892726421740203,0.0,0.0,-27.832104698289324,-7.856826208961305,-3.4395708961892173,-5.766284605572261,-5.449816187011117,-14.864498758424562
1204,3500029.21,9,34.999990229813335,35.0,291.9,0,0.0,0.8433531140170398,0.15664688598296012,5.036159927629885e-28,200.0,61.3,-184.23959772120577,-1.0714943710697487,-0.887089901723144,-9.892726421740203,0.0,0.0,-27.832104698289324,-7.856826208961305,-3.4395708961892173,-5.766284605572261,-5.449816187011117,-14.864498758424562
1205,3500029.21,10,34.999990229813335,35.0,291.9,0,0.0,0.8433539251208962,0.15664607487910379,4.7843519312483915e-28,200.0,61.3,-184.23959772120577,-1.0714943710697487,-0.887089901723144,-9.892726421740203,0.0,0.0,-27.832104698289324,-7.856826208961305,-3.4395708961892173,-5.766284605572261,-5.449816187011117,-14.864498758424562
1206,3500029.21,11,34.999990229813335,35.0,291.9,0,0.0,0.8433555650289444,0.15664443497105568,4.5451343346859725e-28,200.0,61.3,-184.23959772120577,-1.0714943710697487,-0.887089901723144,-9.892726421740203,0.0,0.0,-27.832104698289324,-7.856826208961305,-3.4395708961892173,-5.766284605572261,-5.449816187011117,-14.864498758424562
1207,3500029.21,12,34.999990229813335,35.0,291.9,0,0.0,0.8433621057760532,0.15663789422394686,4.317877617951674e-28,200.0,61.3,-184.23959772120577,-1.0714943710697487,-0.887089901723144,-9.892726421740203,0.0,0.0,-27.832104698289324,-7.856826208961305,-3.4395708961892173,-5.766284605572261,-5.449816187011117,-14.864498758424562
1208,3500029.21,13,34.999990229813335,35.0,291.9,0,0.0,0.8433683595728694,0.1566316404271305,4.101983737054089e-28,200.0,61.3,-184.23959772120577,-1.0714943710697487,-0.887089901723144,-9.892726421740203,0.0,0.0,-27.832104698289324,-7.856826208961305,-3.4395708961892173,-5.766284605572261,-5.449816187011117,-14.864498758424562
1209,3500029.21,14,34.999990229813335,35.0,291.9,0,0.0,0.8433735193474338,0.1566264806525662,3.896884550201385e-28,200.0,61.3,-184.23959772120577,-1.0714943710697487,-0.887089901723144,-9.892726421740203,0.0,0.0,-27.832104698289324,-7.856826208961305,-3.4395708961892173,-5.766284605572261,-5.449816187011117,-14.864498758424562
1210,3500029.21,15,34.999990229813335,35.0,291.9,0,0.0,0.8433784617760739,0.15662153822392605,3.7020403226913154e-28,200.0,61.3,-184.23959772120577,-1.0714943710697487,-0.887089901723144,-9.892726421740203,0.0,0.0,-27.832104698289324,-7.856826208961305,-3.4395708961892173,-5.766284605572261,-5.449816187011117,-14.864498758424562
1211,3500029.21,16,34.999990229813335,35.0,291.9,0,0.0,0.8433872961359397,0.15661270386406032,3.5169383065567494e-28,200.0,61.3,-184.23959772120577,-1.0714943710697487,-0.887089901723144,-9.892726421740203,0.0,0.0,-27.832104698289324,-7.856826208961305,-3.4395708961892173,-5.766284605572261,-5.449816187011117,-14.864498758424562
1212,3500029.21,17,34.999990229813335,35.0,291.9,0,0.0,0.8433965444421353,0.15660345555786476,3.341091391228912e-28,200.0,61.3,-184.23959772120577,-1.0714943710697487,-0.887089901723144,-9.892726421740203,0.0,0.0,-27.832104698289324,-7.856826208961305,-3.4395708961892173,-5.766284605572261,-5.449816187011117,-14.864498758424562
1213,3500029.21,18,34.999990229813335,35.0,291.9,0,0.0,0.8434045487527594,0.15659545124724056,3.1740368216674664e-28,200.0,61.3,-184.23959772120577,-1.0714943710697487,-0.887089901723144,-9.892726421740203,0.0,0.0,-27.832104698289324,-7.856826208961305,-3.4395708961892173,-5.766284605572261,-5.449816187011117,-14.864498758424562
1214,3500029.21,19,34.999990229813335,35.0,291.9,0,0.0,0.8434138241038629,0.15658617589613705,3.015334980584093e-28,200.0,61.3,-184.23959772120577,-1.0714943710697487,-0.887089901723144,-9.892726421740203,0.0,0.0,-27.832104698289324,-7.856826208961305,-3.4395708961892173,-5.766284605572261,-5.449816187011117,-14.864498758424562
1215,3500029.21,20,34.999990229813335,35.0,291.9,0,0.0,0.8434234874734357,0.15657651252656432,2.8645682315548886e-28,200.0,61.3,-184.23959772120577,-1.0714943710697487,-0.887089901723144,-9.892726421740203,0.0,0.0,-27.832104698289324,-7.856826208961305,-3.4395708961892173,-5.766284605572261,-5.449816187011117,-14.864498758424562
1216,3500029.21,21,34.999990229813335,35.0,291.9,0,0.0,0.8434286231661157,0.15657137683388433,2.7213398199771443e-28,200.0,61.3,-184.23959772120577,-1.0714943710697487,-0.887089901723144,-9.892726421740203,0.0,0.0,-27.832104698289324,-7.856826208961305,-3.4395708961892173,-5.766284605572261,-5.449816187011117,-14.864498758424562
1217,3500029.21,22,34.999990229813335,35.0,291.9,0,0.0,0.8434310930128953,0.15656890698710468,2.585272828978287e-28,200.0,61.3,-184.23959772120577,-1.0714943710697487,-0.887089901723144,-9.892726421740203,0.0,0.0,-27.832104698289324,-7.856826208961305,-3.4395708961892173,-5.766284605572261,-5.449816187011117,-14.864498758424562
1218,3500029.21,23,34.999990229813335,35.0,291.9,0,0.0,0.8434302173451752,0.15656978265482474,2.4560091875293725e-28,200.0,61.3,-184.23959772120577,-1.0714943710697487,-0.887089901723144,-9.892726421740203,0.0,0.0,-27.832104698289324,-7.856826208961305,-3.4395708961892173,-5.766284605572261,-5.449816187011117,-14.864498758424562
1219,3500029.21,24,34.999990229813335,35.0,291.9,0,0.0,0.8434310581975631,0.1565689418024369,2.333208728152904e-28,200.0,61.3,-184.23959772120577,-1.0714943710697487,-0.887089901723144,-9.892726421740203,0.0,0.0,-27.832104698289324,-7.856826208961305,-3.4395708961892173,-5.766284605572261,-5.449816187011117,-14.864498758424562
1220,3500029.21,25,34.999990229813335,35.0,291.9,0,0.0,0.8434367809014741,0.15656321909852594,2.216548291745259e-28,200.0,61.3,-184.23959772120577,-1.0714943710697487,-0.887089901723144,-9.892726421740203,0.0,0.0,-27.832104698289324,-7.856826208961305,-3.4395708961892173,-5.766284605572261,-5.449816187011117,-14.864498758424562
1221,3500029.21,26,34.999990229813335,35.0,291.9,0,0.0,0.8434430672730485,0.15655693272695148,2.105720877157996e-28,200.0,61.3,-184.23959772120577,-1.0714943710697487,-0.887089901723144,-9.892726421740203,0.0,0.0,-27.832104698289324,-7.856826208961305,-3.4395708961892173,-5.766284605572261,-5.449816187011117,-14.864498758424562
1222,3500029.21,27,34.999990229813335,35.0,291.9,0,0.0,0.8434490757881562,0.15655092421184377,2.000434833300096e-28,200.0,61.3,-184.23959772120577,-1.0714943710697487,-0.887089901723144,-9.892726421740203,0.0,0.0,-27.832104698289324,-7.856826208961305,-3.4395708961892173,-5.766284605572261,-5.449816187011117,-14.864498758424562
1223,3500029.21,28,34.999990229813335,35.0,291.9,0,0.0,0.8434548202793718,0.15654517972062815,1.900413091635091e-28,200.0,61.3,-184.23959772120577,-1.0714943710697487,-0.887089901723144,-9.892726421740203,0.0,0.0,-27.832104698289324,-7.856826208961305,-3.4395708961892173,-5.766284605572261,-5.449816187011117,-14.864498758424562
1224,3500029.21,29,34.999990229813335,35.0,291.9,0,0.0,0.8434562596120756,0.15654374038792446,1.8053924370533368e-28,200.0,61.3,-184.23959772120577,-1.0714943710697487,-0.887089901723144,-9.892726421740203,0.0,0.0,-27.832104698289324,-7.856826208961305,-3.4395708961892173,-5.766284605572261,-5.449816187011117,-14.864498758424562
1225,3500029.21,30,34.999990229813335,35.0,291.9,0,0.0,0.8434552344370321,0.15654476556296798,1.71512281520067e-28,200.0,61.3,-184.23959772120577,-1.0714943710697487,-0.887089901723144,-9.892726421740203,0.0,0.0,-27.832104698289324,-7.856826208961305,-3.4395708961892173,-5.766284605572261,-5.449816187011117,-14.864498758424562
1226,3500029.21,31,34.999990229813335,35.0,291.9,0,0.0,0.8434518707207531,0.15654812927924694,1.6293666744406366e-28,200.0,61.3,-184.23959772120577,-1.0714943710697487,-0.887089901723144,-9.892726421740203,0.0,0.0,-27.832104698289324,-7.856826208961305,-3.4395708961892173,-5.766284605572261,-5.449816187011117,-14.864498758424562
1227,3500029.21,32,34.999990229813335,35.0,291.9,0,0.0,0.8434462881267167,0.15655371187328312,1.5478983407186041e-28,200.0,61.3,-184.23959772120577,-1.0714943710697487,-0.887089901723144,-9.892726421740203,0.0,0.0,-27.832104698289324,-7.856826208961305,-3.4395708961892173,-5.766284605572261,-5.449816187011117,-14.864498758424562
1228,3500029.21,33,34.999990229813335,35.0,291.9,0,0.0,0.8434394104038356,0.15656058959616434,1.470503423682674e-28,200.0,61.3,-184.23959772120577,-1.0714943710697487,-0.887089901723144,-9.892726421740203,0.0,0.0,-27.832104698289324,-7.856826208961305,-3.4395708961892173,-5.766284605572261,-5.449816187011117,-14.864498758424562
1229,3500029.21,34,34.999990229813335,35.0,291.9,0,0.0,0.8434353507067379,0.15656464929326208,1.3969782524985404e-28,200.0,61.3,-184.23959772120577,-1.0714943710697487,-0.887089901723144,-9.892726421740203,0.0,0.0,-27.832104698289324,-7.856826208961305,-3.4395708961892173,-5.766284605572261,-5.449816187011117,-14.864498758424562
1230,3500029.21,35,34.999990229813335,35.0,291.9,0,0.0,0.8434323468471333,0.15656765315286666,1.3271293398736132e-28,200.0,61.3,-184.23959772120577,-1.0714943710697487,-0.887089901723144,-9.892726421740203,0.0,0.0,-27.832104698289324,-7.856826208961305,-3.4395708961892173,-5.766284605572261,-5.449816187011117,-14.864498758424562
1231,3500029.21,36,34.999990229813335,35.0,291.9,0,0.0,0.8434287295778122,0.15657127042218777,1.2607728728799328e-28,200.0,61.3,-184.23959772120577,-1.0714943710697487,-0.887089901723144,-9.892726421740203,0.0,0.0,-27.832104698289324,-7.856826208961305,-3.4395708961892173,-5.766284605572261,-5.449816187011117,-14.864498758424562
1232,3500029.21,37,34.999990229813335,35.0,291.9,0,0.0,0.8434269512653512,0.15657304873464883,1.1977342292359362e-28,200.0,61.3,-184.23959772120577,-1.0714943710697487,-0.887089901723144,-9.892726421740203,0.0,0.0,-27.832104698289324,-7.856826208961305,-3.4395708961892173,-5.766284605572261,-5.449816187011117,-14.864498758424562
1233,3500029.21,38,34.999990229813335,35.0,291.9,0,0.0,0.8434253049797186,0.15657469502028137,1.1378475177741393e-28,200.0,61.3,-184.23959772120577,-1.0714943710697487,-0.887089901723144,-9.892726421740203,0.0,0.0,-27.832104698289324,-7.856826208961305,-3.4395708961892173,-5.766284605572261,-5.449816187011117,-14.864498758424562
1234,3500029.21,39,34.999990229813335,35.0,291.9,0,0.0,0.8434245893066805,0.15657541069331954,1.0809551418854326e-28,200.0,61.3,-184.23959772120577,-1.0714943710697487,-0.887089901723144,-9.892726421740203,0.0,0.0,-27.832104698289324,-7.856826208961305,-3.4395708961892173,-5.766284605572261,-5.449816187011117,-14.864498758424562
1235,3500029.21,40,34.999990229813335,35.0,291.9,0,0.0,0.8434223424005,0.1565776575995001,1.0269073847911609e-28,200.0,61.3,-184.23959772120577,-1.0714943710697487,-0.887089901723144,-9.892726421740203,0.0,0.0,-27.832104698289324,-7.856826208961305,-3.4395708961892173,-5.766284605572261,-5.449816187011117,-14.864498758424562
1236,3500029.21,41,34.999990229813335,35.0,291.9,0,0.0,0.8434194472003008,0.15658055279969915,9.755620155516028e-29,200.0,61.3,-184.23959772120577,-1.0714943710697487,-0.887089901723144,-9.892726421740203,0.0,0.0,-27.832104698289324,-7.856826208961305,-3.4395708961892173,-5.766284605572261,-5.449816187011117,-14.864498758424562
1237,3500029.21,42,34.999990229813335,35.0,291.9,0,0.0,0.8434167409118063,0.1565832590881937,9.267839147740227e-29,200.0,61.3,-184.23959772120577,-1.0714943710697487,-0.887089901723144,-9.892726421740203,0.0,0.0,-27.832104698289324,-7.856826208961305,-3.4395708961892173,-5.766284605572261,-5.449816187011117,-14.864498758424562
1238,3500029.21,43,34.999990229813335,35.0,291.9,0,0.0,0.8434166222561947,0.1565833777438052,8.804447190353215e-29,200.0,61.3,-184.23959772120577,-1.0714943710697487,-0.887089901723144,-9.892726421740203,0.0,0.0,-27.832104698289324,-7.856826208961305,-3.4395708961892173,-5.766284605572261,-5.449816187011117,-14.864498758424562
1239,3500029.21,44,34.999990229813335,35.0,291.9,0,0.0,0.8434189566275329,0.15658104337246714,8.364224830835554e-29,200.0,61.3,-184.23959772120577,-1.0714943710697487,-0.887089901723144,-9.892726421740203,0.0,0.0,-27.832104698289324,-7.856826208961305,-3.4395708961892173,-5.766284605572261,-5.449816187011117,-14.864498758424562
1240,3500029.21,45,34.999990229813335,35.0,291.9,0,0.0,0.8434212142719686,0.15657878572803144,7.946013589293776e-29,200.0,61.3,-184.23959772120577,-1.0714943710697487,-0.887089901723144,-9.892726421740203,0.0,0.0,-27.832104698289324,-7.856826208961305,-3.4395708961892173,-5.766284605572261,-5.449816187011117,-14.864498758424562
1241,3500029.21,46,34.999990229813335,35.0,291.9,0,0.0,0.8434225987188722,0.15657740128112788,7.548712909829086e-29,200.0,61.3,-184.23959772120577,-1.0714943710697487,-0.887089901723144,-9.892726421740203,0.0,0.0,-27.832104698289324,-7.856826208961305,-3.4395708961892173,-5.766284605572261,-5.449816187011117,-14.864498758424562
1242,3500029.21,47,34.999990229813335,35.0,291.9,0,0.0,0.8434223548875026,0.15657764511249733,7.171277264337631e-29,200.0,61.3,-184.23959772120577,-1.0714943710697487,-0.887089901723144,-9.892726421740203,0.0,0.0,-27.832104698289324,-7.856826208961305,-3.4395708961892173,-5.766284605572261,-5.449816187011117,-14.864498758424562
1243,3500029.21,48,34.999990229813335,35.0,291.9,0,0.0,0.8434213656750436,0.15657863432495644,6.81271340112075e-29,200.0,61.3,-184.23959772120577,-1.0714943710697487,-0.887089901723144,-9.892726421740203,0.0,0.0,-27.832104698289324,-7.856826208961305,-3.4395708961892173,-5.766284605572261,-5.449816187011117,-14.864498758424562
1244,3500029.21,49,34.999990229813335,35.0,291.9,0,0.0,0.843417272233339,0.15658272776666105,6.472077731064712e-29,200.0,61.3,-184.23959772120577,-1.0714943710697487,-0.887089901723144,-9.892726421740203,0.0,0.0,-27.832104698289324,-7.856826208961305,-3.4395708961892173,-5.766284605572261,-5.449816187011117,-14.864498758424562
1245,3500029.21,0,34.999990229813335,35.0,291.9,0,0.0,0.8434158236140986,0.15658417638590139,6.148473844511476e-29,200.0,61.3,-184.23959772120577,-1.0714943710697487,-0.887089901723144,-9.892726421740203,0.0,0.0,-27.832104698289324,-7.856826208961305,-3.4395708961892173,-5.766284605572261,-5.449816187011117,-14.864498758424562
1246,3500029.21,1,34.999990229813335,35.0,291.9,0,0.0,0.8434152877893772,0.15658471221062278,5.841050152285903e-29,200.0,61.3,-184.23959772120577,-1.0714943710697487,-0.887089901723144,-9.892726421740203,0.0,0.0,-27.832104698289324,-7.856826208961305,-3.4395708961892173,-5.766284605572261,-5.449816187011117,-14.864498758424562
1247,3500029.21,2,34.999990229813335,35.0,291.9,0,0.0,0.8434156176179411,0.15658438238205882,5.548997644671608e-29,200.0,61.3,-184.23959772120577,-1.0714943710697487,-0.887089901723144,-9.892726421740203,0.0,0.0,-27.832104698289324,-7.856826208961305,-3.4395708961892173,-5.766284605572261,-5.449816187011117,-14.864498758424562
1248,3500029.21,3,34.999990229813335,35.0,291.9,0,0.0,0.8434135837545743,0.15658641624542574,5.271547762438029e-29,200.0,61.3,-184.23959772120577,-1.0714943710697487,-0.887089901723144,-9.892726421740203,0.0,0.0,-27.832104698289324,-7.856826208961305,-3.4395708961892173,-5.766284605572261,-5.449816187011117,-14.864498758424562
1249,3500029.21,4,34.999990229813335,35.0,291.9,0,0.0,0.8434132861308803,0.15658671386911968,5.0079703743161275e-29,200.0,61.3,-184.23959772120577,-1.0714943710697487,-0.887089901723144,-9.892726421740203,0.0,0.0,-27.832104698289324,-7.856826208961305,-3.4395708961892173,-5.766284605572261,-5.449816187011117,-14.864498758424562
1250,3500029.21,5,34.999990229813335,35.0,291.9,0,0.0,0.8434146347524141,0.15658536524758587,4.757571855600321e-29,200.0,61.3,-184.23959772120577,-1.0714943710697487,-0.887089901723144,-9.892726421740203,0.0,0.0,-27.832104698289324,-7.856826208961305,-3.4395708961892173,-5.766284605572261,-5.449816187011117,-14.864498758424562
1251,3500029.21,6,34.999990229813335,35.0,291.9,0,0.0,0.8434167503907042,0.15658324960929587,4.519693262820305e-29,200.0,61.3,-184.23959772120577,-1.0714943710697487,-0.887089901723144,-9.892726421740203,0.0,0.0,-27.832104698289324,-7.856826208961305,-3.4395708961892173,-5.766284605572261,-5.449816187011117,-14.864498758424562
1252,3500029.21,7,34.999990229813335,35.0,291.9,0,0.0,0.8434188001114052,0.15658119988859476,4.2937085996792896e-29,200.0,61.3,-184.23959772120577,-1.0714943710697487,-0.887089901723144,-9.892726421740203,0.0,0.0,-27.832104698289324,-7.856826208961305,-3.4395708961892173,-5.766284605572261,-5.449816187011117,-14.864498758424562
1253,3500029.21,8,34.999990229813335,35.0,291.9,0,0.0,0.8434215796019988,0.15657842039800116,4.0790231696953247e-29,200.0,61.3,-184.23959772120577,-1.0714943710697487,-0.887089901723144,-9.892726421740203,0.0,0.0,-27.832104698289324,-7.856826208961305,-3.4395708961892173,-5.766284605572261,-5.449816187011117,-14.864498758424562
1254,3500029.21,9,34.999990229813335,35.0,291.9,0,0.0,0.843428216332265,0.1565717836677351,3.875072011210559e-29,200.0,61.3,-184.23959772120577,-1.0714943710697487,-0.887089901723144,-9.892726421740203,0.0,0.0,-27.832104698289324,-7.856826208961305,-3.4395708961892173,-5.766284605572261,-5.449816187011117,-14.864498758424562
1255,3500029.21,10,34.999990229813335,35.0,291.9,0,0.0,0.8434345570552795,0.15656544294472052,3.681318410650031e-29,200.0,61.3,-184.23959772120577,-1.0714943710697487,-0.887089901723144,-9.892726421740203,0.0,0.0,-27.832104698289324,-7.856826208961305,-3.4395708961892173,-5.766284605572261,-5.449816187011117,-14.864498758424562
1256,3500029.21,11,34.999990229813335,35.0,291.9,0,0.0,0.843439036613322,0.15656096338667802,3.497252490117529e-29,200.0,61.3,-184.23959772120577,-1.0714943710697487,-0.887089901723144,-9.892726421740203,0.0,0.0,-27.832104698289324,-7.856826208961305,-3.4395708961892173,-5.766284605572261,-5.449816187011117,-14.864498758424562
1257,3500029.21,12,34.999990229813335,35.0,291.9,0,0.0,0.8434480635068833,0.15655193649311677,3.322389865611653e-29,200.0,61.3,-184.23959772120577,-1.0714943710697487,-0.887089901723144,-9.892726421740203,0.0,0.0,-27.832104698289324,-7.856826208961305,-3.4395708961892173,-5.766284605572261,-5.449816187011117,-14.864498758424562
1258,3500029.21,13,34.999990229813335,35.0,291.9,0,0.0,0.8434535190136608,0.15654648098633916,3.15627037233107e-29,200.0,61.3,-184.23959772120577,-1.0714943710697487,-0.887089901723144,-9.892726421740203,0.0,0.0,-27.832104698289324,-7.856826208961305,-3.4395708961892173,-5.766284605572261,-5.449816187011117,-14.864498758424562
1259,3500029.21,14,34.999990229813335,35.0,291.9,0,0.0,0.8434563730329231,0.15654362696707688,2.998456853714516e-29,200.0,61.3,-184.23959772120577,-1.0714943710697487,-0.887089901723144,-9.892726421740203,0.0,0.0,-27.832104698289324,-7.856826208961305,-3.4395708961892173,-5.766284605572261,-5.449816187011117,-14.864498758424562
1260,3500029.21,15,34.999990229813335,35.0,291.9,0,0.0,0.8434575462173326,0.1565424537826674,2.848534011028791e-29,200.0,61.3,-184.23959772120577,-1.0714943710697487,-0.887089901723144,-9.892726421740203,0.0,0.0,-27.832104698289324,-7.856826208961305,-3.4395708961892173,-5.766284605572261,-5.449816187011117,-14.864498758424562
1261,3500029.21,16,34.999990229813335,35.0,291.9,0,0.0,0.8434579120498155,0.15654208795018448,2.7061073104773514e-29,200.0,61.3,-184.23959772120577,-1.0714943710697487,-0.887089901723144,-9.892726421740203,0.0,0.0,-27.832104698289324,-7.856826208961305,-3.4395708961892173,-5.766284605572261,-5.449816187011117,-14.864498758424562
1262,3500029.21,17,34.999990229813335,35.0,291.9,0,0.0,0.8434606585793721,0.15653934142062784,2.570801944953484e-29,200.0,61.3,-184.23959772120577,-1.0714943710697487,-0.887089901723144,-9.892726421740203,0.0,0.0,-27.832104698289324,-7.856826208961305,-3.4395708961892173,-5.766284605572261,-5.449816187011117,-14.864498758424562
1263,3500029.21,18,34.999990229813335,35.0,291.9,0,0.0,0.8434625192239182,0.15653748077608182,2.4422618477058102e-29,200.0,61.3,-184.23959772120577,-1.0714943710697487,-0.887089901723144,-9.892726421740203,0.0,0.0,-27.832104698289324,-7.856826208961305,-3.4395708961892173,-5.766284605572261,-5.449816187011117,-14.864498758424562
1264,3500029.21,19,34.999990229813335,35.0,291.9,0,0.0,0.8434619683233662,0.15653803167663385,2.3201487553205197e-29,200.0,61.3,-184.23959772120577,-1.0714943710697487,-0.887089901723144,-9.892726421740203,0.0,0.0,-27.832104698289324,-7.856826208961305,-3.4395708961892173,-5.766284605572261,-5.449816187011117,-14.864498758424562
1265,3500029.21,20,34.999990229813335,35.0,291.9,0,0.0,0.843461484638906,0.15653851536109398,2.2041413175544937e-29,200.0,61.3,-184.23959772120577,-1.0714943710697487,-0.887089901723144,-9.892726421740203,0.0,0.0,-27.832104698289324,-7.856826208961305,-3.4395708961892173,-5.766284605572261,-5.449816187011117,-14.864498758424562
1266,3500029.21,21,34.999990229813335,35.0,291.9,0,0.0,0.843460280300895,0.156539719699105,2.0939342516767692e-29,200.0,61.3,-184.23959772120577,-1.0714943710697487,-0.887089901723144,-9.892726421740203,0.0,0.0,-27.832104698289324,-7.856826208961305,-3.4395708961892173,-5.766284605572261,-5.449816187011117,-14.864498758424562
1267,3500029.21,22,34.999990229813335,35.0,291.9,0,0.0,0.8434599601697932,0.15654003983020678,1.9892375390929306e-29,200.0,61.3,-184.23959772120577,-1.0714943710697487,-0.887089901723144,-9.892726421740203,0.0,0.0,-27.832104698289324,-7.856826208961305,-3.4395708961892173,-5.766284605572261,-5.449816187011117,-14.864498758424562
1268,3500029.21,23,34.999990229813335,35.0,291.9,0,0.0,0.8434604785878854,0.15653952141211458,1.889775662138284e-29,200.0,61.3,-184.23959772120577,-1.0714943710697487,-0.887089901723144,-9.892726421740203,0.0,0.0,-27.832104698289324,-7.856826208961305,-3.4395708961892173,-5.766284605572261,-5.449816187011117,-14.864498758424562
1269,3500029.21,24,34.999990229813335,35.0,291.9,0,0.0,0.8434617921841525,0.15653820781584757,1.79528687903137e-29,200.0,61.3,-184.23959772120577,-1.0714943710697487,-0.887089901723144,-9.892726421740203,0.0,0.0,-27.832104698289324,-7.856826208961305,-3.4395708961892173,-5.766284605572261,-5.449816187011117,-14.864498758424562
1270,3500029.21,25,34.999990229813335,35.0,291.9,0,0.0,0.8434638597599229,0.15653614024007714,1.7055225350798014e-29,200.0,61.3,-184.23959772120577,-1.0714943710697487,-0.887089901723144,-9.892726421740203,0.0,0.0,-27.832104698289324,-7.856826208961305,-3.4395708961892173,-5.766284605572261,-5.449816187011117,-14.864498758424562
1271,3500029.21,26,34.999990229813335,35.0,291.9,0,0.0,0.8434674228578906,0.15653257714210947,1.620246408325811e-29,200.0,61.3,-184.23959772120577,-1.0714943710697487,-0.887089901723144,-9.892726421740203,0.0,0.0,-27.832104698289324,-7.856826208961305,-3.4395708961892173,-5.766284605572261,-5.449816187011117,-14.864498758424562
1272,3500029.21,27,34.999990229813335,35.0,291.9,0,0.0,0.8434700638598517,0.15652993614014835,1.5392340879095204e-29,200.0,61.3,-184.23959772120577,-1.0714943710697487,-0.887089901723144,-9.892726421740203,0.0,0.0,-27.832104698289324,-7.856826208961305,-3.4395708961892173,-5.766284605572261,-5.449816187011117,-14.864498758424562
1273,3500029.21,28,34.999990229813335,35.0,291.9,0,0.0,0.8434702704360488,0.1565297295639512,1.4622723835140444e-29,200.0,61.3,-184.23959772120577,-1.0714943710697487,-0.887089901723144,-9.892726421740203,0.0,0.0,-27.832104698289324,-7.856826208961305,-3.4395708961892173,-5.766284605572261,-5.449816187011117,-14.864498758424562
1274,3500029.21,29,34.999990229813335,35.0,291.9,0,0.0,0.8434712843569432,0.1565287156430569,1.3891587643383422e-29,200.0,61.3,-184.23959772120577,-1.0714943710697487,-0.887089901723144,-9.892726421740203,0.0,0.0,-27.832104698289324,-7.856826208961305,-3.4395708961892173,-5.766284605572261,-5.449816187011117,-14.864498758424562
1275,3500029.21,30,34.999990229813335,35.0,291.9,0,0.0,0.8434722853845664,0.15652771461543358,1.3197008261214252e-29,200.0,61.3,-184.23959772120577,-1.0714943710697487,-0.887089901723144,-9.892726421740203,0.0,0.0,-27.832104698289324,-7.856826208961305,-3.4395708961892173,-5.766284605572261,-5.449816187011117,-14.864498758424562
1276,3500029.21,31,34.999990229813335,35.0,291.9,0,0.0,0.8434724961550498,0.15652750384495023,1.253715784815354e-29,200.0,61.3,-184.23959772120577,-1.0714943710697487,-0.887089901723144,-9.892726421740203,0.0,0.0,-27.832104698289324,-7.856826208961305,-3.4395708961892173,-5.766284605572261,-5.449816187011117,-14.864498758424562
1277,3500029.21,32,34.999990229813335,35.0,291.9,0,0.0,0.8434750663028573,0.15652493369714265,1.1910299955745862e-29,200.0,61.3,-184.23959772120577,-1.0714943710697487,-0.887089901723144,-9.892726421740203,0.0,0.0,-27.832104698289324,-7.856826208961305,-3.4395708961892173,-5.766284605572261,-5.449816187011117,-14.864498758424562
1278,3500029.21,33,34.999990229813335,35.0,291.9,0,0.0,0.8434798729680423,0.1565201270319577,1.131478495795857e-29,200.0,61.3,-184.23959772120577,-1.0714943710697487,-0.887089901723144,-9.892726421740203,0.0,0.0,-27.832104698289324,-7.856826208961305,-3.4395708961892173,-5.766284605572261,-5.449816187011117,-14.864498758424562
1279,3500029.21,34,34.999990229813335,35.0,291.9,0,0.0,0.8434860243516574,0.15651397564834252,1.0749045710060641e-29,200.0,61.3,-184.23959772120577,-1.0714943710697487,-0.887089901723144,-9.892726421740203,0.0,0.0,-27.832104698289324,-7.856826208961305,-3.4395708961892173,-5.766284605572261,-5.449816187011117,-14.864498758424562
1280,3500029.21,35,34.999990229813335,35.0,291.9,0,0.0,0.8434911267586205,0.1565088732413795,1.0211593424557608e-29,200.0,61.3,-184.23959772120577,-1.0714943710697487,-0.887089901723144,-9.892726421740203,0.0,0.0,-27.832104698289324,-7.856826208961305,-3.4395708961892173,-5.766284605572261,-5.449816187011117,-14.864498758424562
1281,3500029.21,36,34.999990229813335,35.0,291.9,0,0.0,0.84349755566998,0.15650244433002006,9.70101375332973e-30,200.0,61.3,-184.23959772120577,-1.0714943710697487,-0.887089901723144,-9.892726421740203,0.0,0.0,-27.832104698289324,-7.856826208961305,-3.4395708961892173,-5.766284605572261,-5.449816187011117,-14.864498758424562
1282,3500029.21,37,34.999990229813335,35.0,291.9,0,0.0,0.8435006018443157,0.15649939815568428,9.215963065663243e-30,200.0,61.3,-184.23959772120577,-1.0714943710697487,-0.887089901723144,-9.892726421740203,0.0,0.0,-27.832104698289324,-7.856826208961305,-3.4395708961892173,-5.766284605572261,-5.449816187011117,-14.864498758424562
1283,3500029.21,38,34.999990229813335,35.0,291.9,0,0.0,0.8435035305882201,0.1564964694117799,8.755164912380081e-30,200.0,61.3,-184.23959772120577,-1.0714943710697487,-0.887089901723144,-9.892726421740203,0.0,0.0,-27.832104698289324,-7.856826208961305,-3.4395708961892173,-5.766284605572261,-5.449816187011117,-14.864498758424562
1284,3500029.21,39,34.999990229813335,35.0,291.9,0,0.0,0.8435017106750521,0.15649828932494786,8.317406666761077e-30,200.0,61.3,-184.23959772120577,-1.0714943710697487,-0.887089901723144,-9.892726421740203,0.0,0.0,-27.832104698289324,-7.856826208961305,-3.4395708961892173,-5.766284605572261,-5.449816187011117,-14.864498758424562
1285,3500029.21,40,34.999990229813335,35.0,291.9,0,0.0,0.8435000201899018,0.15649997981009828,7.901536333423025e-30,200.0,61.3,-184.23959772120577,-1.0714943710697487,-0.887089901723144,-9.892726421740203,0.0,0.0,-27.832104698289324,-7.856826208961305,-3.4395708961892173,-5.766284605572261,-5.449816187011117,-14.864498758424562
1286,3500029.21,41,34.999990229813335,35.0,291.9,0,0.0,0.8434976805483134,0.1565023194516866,7.506459516751873e-30,200.0,61.3,-184.23959772120577,-1.0714943710697487,-0.887089901723144,-9.892726421740203,0.0,0.0,-27.832104698289324,-7.856826208961305,-3.4395708961892173,-5.766284605572261,-5.449816187011117,-14.864498758424562
1287,3500029.21,42,34.999990229813335,35.0,291.9,0,0.0,0.8434947252431694,0.1565052747568306,7.13113654091428e-30,200.0,61.3,-184.23959772120577,-1.0714943710697487,-0.887089901723144,-9.892726421740203,0.0,0.0,-27.832104698289324,-7.856826208961305,-3.4395708961892173,-5.766284605572261,-5.449816187011117,-14.864498758424562
1288,3500029.21,43,34.999990229813335,35.0,291.9,0,0.0,0.8434911860905191,0.15650881390948088,6.774579713868566e-30,200.0,61.3,-184.23959772120577,-1.0714943710697487,-0.887089901723144,-9.892726421740203,0.0,0.0,-27.832104698289324,-7.856826208961305,-3.4395708961892173,-5.766284605572261,-5.449816187011117,-14.864498758424562
1289,3500029.21,44,34.999990229813335,35.0,291.9,0,0.0,0.8434894047339792,0.15651059526602085,6.435850728175137e-30,200.0,61.3,-184.23959772120577,-1.0714943710697487,-0.887089901723144,-9.892726421740203,0.0,0.0,-27.832104698289324,-7.856826208961305,-3.4395708961892173,-5.766284605572261,-5.449816187011117,-14.864498758424562
1290,3500029.21,45,34.999990229813335,35.0,291.9,0,0.0,0.8434885208044293,0.15651147919557074,6.11405819176638e-30,200.0,61.3,-184.23959772120577,-1.0714943710697487,-0.887089901723144,-9.892726421740203,0.0,0.0,-27.832104698289324,-7.856826208961305,-3.4395708961892173,-5.766284605572261,-5.449816187011117,-14.864498758424562
1291,3500029.21,46,34.999990229813335,35.0,291.9,0,0.0,0.8434854117293027,0.15651458827069734,5.808355282178061e-30,200.0,61.3,-184.23959772120577,-1.0714943710697487,-0.887089901723144,-9.892726421740203,0.0,0.0,-27.832104698289324,-7.856826208961305,-3.4395708961892173,-5.766284605572261,-5.449816187011117,-14.864498758424562
1292,3500029.21,47,34.999990229813335,35.0,291.9,0,0.0,0.8434817291565272,0.15651827084347275,5.5179375180691576e-30,200.0,61.3,-184.23959772120577,-1.0714943710697487,-0.887089901723144,-9.892726421740203,0.0,0.0,-27.832104698289324,-7.856826208961305,-3.4395708961892173,-5.766284605572261,-5.449816187011117,-14.864498758424562
1293,3500029.21,48,34.999990229813335,35.0,291.9,0,0.0,0.8434759658248838,0.15652403417511612,5.2420406421656996e-30,200.0,61.3,-184.23959772120577,-1.0714943710697487,-0.887089901723144,-9.892726421740203,0.0,0.0,-27.832104698289324,-7.856826208961305,-3.4395708961892173,-5.766284605572261,-5.449816187011117,-14.864498758424562
1294,3500029.21,49,34.999990229813335,35.0,291.9,0,0.0,0.8434720685288956,0.1565279314711044,4.979938610057415e-30,200.0,61.3,-184.23959772120577,-1.0714943710697487,-0.887089901723144,-9.892726421740203,0.0,0.0,-27.832104698289324,-7.856826208961305,-3.4395708961892173,-5.766284605572261,-5.449816187011117,-14.864498758424562
1295,3500029.21,0,34.999990229813335,35.0,291.9,0,0.0,0.8434699410018421,0.15653005899815786,4.730941679554544e-30,200.0,61.3,-184.23959772120577,-1.0714943710697487,-0.887089901723144,-9.892726421740203,0.0,0.0,-27.832104698289324,-7.856826208961305,-3.4395708961892173,-5.766284605572261,-5.449816187011117,-14.864498758424562
1296,3500029.21,1,34.999990229813335,35.0,291.9,0,0.0,0.8434725550764954,0.1565274449235046,4.494394595576817e-30,200.0,61.3,-184.23959772120577,-1.0714943710697487,-0.887089901723144,-9.892726421740203,0.0,0.0,-27.832104698289324,-7.856826208961305,-3.4395708961892173,-5.766284605572261,-5.449816187011117,-14.864498758424562
1297,3500029.21,2,34.999990229813335,35.0,291.9,0,0.0,0.8434743093280256,0.15652569067197436,4.269674865797976e-30,200.0,61.3,-184.23959772120577,-1.0714943710697487,-0.887089901723144,-9.892726421740203,0.0,0.0,-27.832104698289324,-7.856826208961305,-3.4395708961892173,-5.766284605572261,-5.449816187011117,-14.864498758424562
1298,3500029.21,3,34.999990229813335,35.0,291.9,0,0.0,0.8434760123277578,0.15652398767224215,4.0561911225080775e-30,200.0,61.3,-184.23959772120577,-1.0714943710697487,-0.887089901723144,-9.892726421740203,0.0,0.0,-27.832104698289324,-7.856826208961305,-3.4395708961892173,-5.766284605572261,-5.449816187011117,-14.864498758424562
1299,3500029.21,4,34.999990229813335,35.0,291.9,0,0.0,0.8434776665815634,0.1565223334184366,3.853381566382674e-30,200.0,61.3,-184.23959772120577,-1.0714943710697487,-0.887089901723144,-9.892726421740203,0.0,0.0,-27.832104698289324,-7.856826208961305,-3.4395708961892173,-5.766284605572261,-5.449816187011117,-14.864498758424562
1300,3500029.21,5,34.999990229813335,35.0,291.9,0,0.0,0.8434800377156209,0.1565199622843791,3.66071248806354e-30,200.0,61.3,-184.23959772120577,-1.0714943710697487,-0.887089901723144,-9.892726421740203,0.0,0.0,-27.832104698289324,-7.856826208961305,-3.4395708961892173,-5.766284605572261,-5.449816187011117,-14.864498758424562
1301,3500029.21,6,34.999990229813335,35.0,291.9,0,0.0,0.8434800376767001,0.15651996232329995,3.4776768636603636e-30,200.0,61.3,-184.23959772120577,-1.0714943710697487,-0.887089901723144,-9.892726421740203,0.0,0.0,-27.832104698289324,-7.856826208961305,-3.4395708961892173,-5.766284605572261,-5.449816187011117,-14.864498758424562
1302,3500029.21,7,34.999990229813335,35.0,291.9,0,0.0,0.8434815995362476,0.15651840046375246,3.303793020477345e-30,200.0,61.3,-184.23959772120577,-1.0714943710697487,-0.887089901723144,-9.892726421740203,0.0,0.0,-27.832104698289324,-7.856826208961305,-3.4395708961892173,-5.766284605572261,-5.449816187011117,-14.864498758424562
1303,3500029.21,8,34.999990229813335,35.0,291.9,0,0.0,0.8434846422842411,0.15651535771575886,3.1386033694534778e-30,200.0,61.3,-184.23959772120577,-1.0714943710697487,-0.887089901723144,-9.892726421740203,0.0,0.0,-27.832104698289324,-7.856826208961305,-3.4395708961892173,-5.766284605572261,-5.449816187011117,-14.864498758424562
1304,3500029.21,9,34.999990229813335,35.0,291.9,0,0.0,0.8434875678319129,0.1565124321680871,2.981673200980804e-30,200.0,61.3,-184.23959772120577,-1.0714943710697487,-0.887089901723144,-9.892726421740203,0.0,0.0,-27.832104698289324,-7.856826208961305,-3.4395708961892173,-5.766284605572261,-5.449816187011117,-14.864498758424562
1305,3500029.21,10,34.999990229813335,35.0,291.9,0,0.0,0.8434896218281153,0.15651037817188473,2.8325895409317638e-30,200.0,61.3,-184.23959772120577,-1.0714943710697487,-0.887089901723144,-9.892726421740203,0.0,0.0,-27.832104698289324,-7.856826208961305,-3.4395708961892173,-5.766284605572261,-5.449816187011117,-14.864498758424562
1306,3500029.21,11,34.999990229813335,35.0,291.9,0,0.0,0.8434923681106127,0.15650763188938732,2.6909600638851754e-30,200.0,61.3,-184.23959772120577,-1.0714943710697487,-0.887089901723144,-9.892726421740203,0.0,0.0,-27.832104698289324,-7.856826208961305,-3.4395708961892173,-5.766284605572261,-5.449816187011117,-14.864498758424562
1307,3500029.21,12,34.999990229813335,35.0,291.9,0,0.0,0.8434957707111944,0.1565042292888056,2.556412060690917e-30,200.0,61.3,-184.23959772120577,-1.0714943710697487,-0.887089901723144,-9.892726421740203,0.0,0.0,-27.832104698289324,-7.856826208961305,-3.4395708961892173,-5.766284605572261,-5.449816187011117,-14.864498758424562
1308,3500029.21,13,34.999990229813335,35.0,291.9,0,0.0,0.8435013114038612,0.15649868859613875,2.428591457656371e-30,200.0,61.3,-184.23959772120577,-1.0714943710697487,-0.887089901723144,-9.892726421740203,0.0,0.0,-27.832104698289324,-7.856826208961305,-3.4395708961892173,-5.766284605572261,-5.449816187011117,-14.864498758424562
1309,3500029.21,14,34.999990229813335,35.0,291.9,0,0.0,0.8435043350526059,0.15649566494739406,2.307161884773553e-30,200.0,61.3,-184.23959772120577,-1.0714943710697487,-0.887089901723144,-9.892726421740203,0.0,0.0,-27.832104698289324,-7.856826208961305,-3.4395708961892173,-5.766284605572261,-5.449816187011117,-14.864498758424562
1310,3500029.21,15,34.999990229813335,35.0,291.9,0,0.0,0.8435064844528728,0.15649351554712726,2.1918037905348755e-30,200.0,61.3,-184.23959772120577,-1.0714943710697487,-0.887089901723144,-9.892726421740203,0.0,0.0,-27.832104698289324,-7.856826208961305,-3.4395708961892173,-5.766284605572261,-5.449816187011117,-14.864498758424562
1311,3500029.21,16,34.999990229813335,35.0,291.9,0,0.0,0.8435108301107886,0.1564891698892113,2.0822136010081316e-30,200.0,61.3,-184.23959772120577,-1.0714943710697487,-0.887089901723144,-9.892726421740203,0.0,0.0,-27.832104698289324,-7.856826208961305,-3.4395708961892173,-5.766284605572261,-5.449816187011117,-14.864498758424562
1312,3500029.21,17,34.999990229813335,35.0,291.9,0,0.0,0.84351650225442,0.15648349774557999,1.978102920957725e-30,200.0,61.3,-184.23959772120577,-1.0714943710697487,-0.887089901723144,-9.892726421740203,0.0,0.0,-27.832104698289324,-7.856826208961305,-3.4395708961892173,-5.766284605572261,-5.449816187011117,-14.864498758424562
1313,3500029.21,18,34.999990229813335,35.0,291.9,0,0.0,0.8435196573765561,0.1564803426234439,1.8791977749098383e-30,200.0,61.3,-184.23959772120577,-1.0714943710697487,-0.887089901723144,-9.892726421740203,0.0,0.0,-27.832104698289324,-7.856826208961305,-3.4395708961892173,-5.766284605572261,-5.449816187011117,-14.864498758424562
1314,3500029.21,19,34.999990229813335,35.0,291.9,0,0.0,0.8435234424966956,0.15647655750330441,1.7852378861643468e-30,200.0,61.3,-184.23959772120577,-1.0714943710697487,-0.887089901723144,-9.892726421740203,0.0,0.0,-27.832104698289324,-7.856826208961305,-3.4395708961892173,-5.766284605572261,-5.449816187011117,-14.864498758424562
1315,3500029.21,20,34.999990229813335,35.0,291.9,0,0.0,0.8435263170265049,0.15647368297349507,1.6959759918561294e-30,200.0,61.3,-184.23959772120577,-1.0714943710697487,-0.887089901723144,-9.892726421740203,0.0,0.0,-27.832104698289324,-7.856826208961305,-3.4395708961892173,-5.766284605572261,-5.449816187011117,-14.864498758424562
1316,3500029.21,21,34.999990229813335,35.0,291.9,0,0.0,0.8435313406766779,0.15646865932332207,1.611177192263323e-30,200.0,61.3,-184.23959772120577,-1.0714943710697487,-0.887089901723144,-9.892726421740203,0.0,0.0,-27.832104698289324,-7.856826208961305,-3.4395708961892173,-5.766284605572261,-5.449816187011117,-14.864498758424562
1317,3500029.21,22,34.999990229813335,35.0,291.9,0,0.0,0.843536896909513,0.15646310309048703,1.5306183326501569e-30,200.0,61.3,-184.23959772120577,-1.0714943710697487,-0.887089901723144,-9.892726421740203,0.0,0.0,-27.832104698289324,-7.856826208961305,-3.4395708961892173,-5.766284605572261,-5.449816187011117,-14.864498758424562
1318,3500029.21,23,34.999990229813335,35.0,291.9,0,0.0,0.8435376932224259,0.15646230677757406,1.454087416017649e-30,200.0,61.3,-184.23959772120577,-1.0714943710697487,-0.887089901723144,-9.892726421740203,0.0,0.0,-27.832104698289324,-7.856826208961305,-3.4395708961892173,-5.766284605572261,-5.449816187011117,-14.864498758424562
1319,3500029.21,24,34.999990229813335,35.0,291.9,0,0.0,0.84353773188914,0.15646226811085992,1.3813830452167666e-30,200.0,61.3,-184.23959772120577,-1.0714943710697487,-0.887089901723144,-9.892726421740203,0.0,0.0,-27.832104698289324,-7.856826208961305,-3.4395708961892173,-5.766284605572261,-5.449816187011117,-14.864498758424562
1320,3500029.21,25,34.999990229813335,35.0,291.9,0,0.0,0.84353630015324,0.15646369984675995,1.3123138929559282e-30,200.0,61.3,-184.23959772120577,-1.0714943710697487,-0.887089901723144,-9.892726421740203,0.0,0.0,-27.832104698289324,-7.856826208961305,-3.4395708961892173,-5.766284605572261,-5.449816187011117,-14.864498758424562
1321,3500029.21,26,34.999990229813335,35.0,291.9,0,0.0,0.8435334733236967,0.15646652667630337,1.246698198308132e-30,200.0,61.3,-184.23959772120577,-1.0714943710697487,-0.887089901723144,-9.892726421740203,0.0,0.0,-27.832104698289324,-7.856826208961305,-3.4395708961892173,-5.766284605572261,-5.449816187011117,-14.864498758424562
1322,3500029.21,27,34.999990229813335,35.0,291.9,0,0.0,0.8435345770579991,0.15646542294200091,1.1843632883927253e-30,200.0,61.3,-184.23959772120577,-1.0714943710697487,-0.887089901723144,-9.892726421740203,0.0,0.0,-27.832104698289324,-7.856826208961305,-3.4395708961892173,-5.766284605572261,-5.449816187011117,-14.864498758424562
1323,3500029.21,28,34.999990229813335,35.0,291.9,0,0.0,0.8435341600949671,0.15646583990503288,1.125145123973089e-30,200.0,61.3,-184.23959772120577,-1.0714943710697487,-0.887089901723144,-9.892726421740203,0.0,0.0,-27.832104698289324,-7.856826208961305,-3.4395708961892173,-5.766284605572261,-5.449816187011117,-14.864498758424562
1324,3500029.21,29,34.999990229813335,35.0,291.9,0,0.0,0.843530801026822,0.15646919897317804,1.0688878677744347e-30,200.0,61.3,-184.23959772120577,-1.0714943710697487,-0.887089901723144,-9.892726421740203,0.0,0.0,-27.832104698289324,-7.856826208961305,-3.4395708961892173,-5.766284605572261,-5.449816187011117,-14.864498758424562
1325,3500029.21,30,34.999990229813335,35.0,291.9,0,0.0,0.8435283962794254,0.15647160372057456,1.015443474385713e-30,200.0,61.3,-184.23959772120577,-1.0714943710697487,-0.887089901723144,-9.892726421740203,0.0,0.0,-27.832104698289324,-7.856826208961305,-3.4395708961892173,-5.766284605572261,-5.449816187011117,-14.864498758424562
1326,3500029.21,31,34.999990229813335,35.0,291.9,0,0.0,0.8435239024965558,0.1564760975034441,9.646713006664272e-31,200.0,61.3,-184.23959772120577,-1.0714943710697487,-0.887089901723144,-9.892726421740203,0.0,0.0,-27.832104698289324,-7.856826208961305,-3.4395708961892173,-5.766284605572261,-5.449816187011117,-14.864498758424562
1327,3500029.21,32,34.999990229813335,35.0,291.9,0,0.0,0.8435181749968156,0.15648182500318447,9.16437735633106e-31,200.0,61.3,-184.23959772120577,-1.0714943710697487,-0.887089901723144,-9.892726421740203,0.0,0.0,-27.832104698289324,-7.856826208961305,-3.4395708961892173,-5.766284605572261,-5.449816187011117,-14.864498758424562
1328,3500029.21,33,34.999990229813335,35.0,291.9,0,0.0,0.8435120253067256,0.15648797469327436,8.706158488514507e-31,200.0,61.3,-184.23959772120577,-1.0714943710697487,-0.887089901723144,-9.892726421740203,0.0,0.0,-27.832104698289324,-7.856826208961305,-3.4395708961892173,-5.766284605572261,-5.449816187011117,-14.864498758424562
1329,3500029.21,34,34.999990229813335,35.0,291.9,0,0.0,0.8435039801554716,0.15649601984452846,8.270850564088783e-31,200.0,61.3,-184.23959772120577,-1.0714943710697487,-0.887089901723144,-9.892726421740203,0.0,0.0,-27.832104698289324,-7.856826208961305,-3.4395708961892173,-5.766284605572261,-5.449816187011117,-14.864498758424562
1330,3500029.21,35,34.999990229813335,35.0,291.9,0,0.0,0.8434926412796007,0.1565073587203994,7.857308035884344e-31,200.0,61.3,-184.23959772120577,-1.0714943710697487,-0.887089901723144,-9.892726421740203,0.0,0.0,-27.832104698289324,-7.856826208961305,-3.4395708961892173,-5.766284605572261,-5.449816187011117,-14.864498758424562
1331,3500029.21,36,34.999990229813335,35.0,291.9,0,0.0,0.8434819136975509,0.15651808630244912,7.464442634090127e-31,200.0,61.3,-184.23959772120577,-1.0714943710697487,-0.887089901723144,-9.892726421740203,0.0,0.0,-27.832104698289324,-7.856826208961305,-3.4395708961892173,-5.766284605572261,-5.449816187011117,-14.864498758424562
1332,3500029.21,37,34.999990229813335,35.0,291.9,0,0.0,0.8434702732366484,0.1565297267633516,7.09122050238562e-31,200.0,61.3,-184.23959772120577,-1.0714943710697487,-0.887089901723144,-9.892726421740203,0.0,0.0,-27.832104698289324,-7.856826208961305,-3.4395708961892173,-5.766284605572261,-5.449816187011117,-14.864498758424562
1333,3500029.21,38,34.999990229813335,35.0,291.9,0,0.0,0.8434600064123757,0.15653999358762424,6.736659477266339e-31,200.0,61.3,-184.23959772120577,-1.0714943710697487,-0.887089901723144,-9.892726421740203,0.0,0.0,-27.832104698289324,-7.856826208961305,-3.4395708961892173,-5.766284605572261,-5.449816187011117,-14.864498758424562
1334,3500029.21,39,34.999990229813335,35.0,291.9,0,0.0,0.843451788678478,0.156548211321522,6.399826503403022e-31,200.0,61.3,-184.23959772120577,-1.0714943710697487,-0.887089901723144,-9.892726421740203,0.0,0.0,-27.832104698289324,-7.856826208961305,-3.4395708961892173,-5.766284605572261,-5.449816187011117,-14.864498758424562
1335,3500029.21,40,34.999990229813335,35.0,291.9,0,0.0,0.8434410450944231,0.15655895490557697,6.079835178232871e-31,200.0,61.3,-184.23959772120577,-1.0714943710697487,-0.887089901723144,-9.892726421740203,0.0,0.0,-27.832104698289324,-7.856826208961305,-3.4395708961892173,-5.766284605572261,-5.449816187011117,-14.864498758424562
1336,3500029.21,41,34.999990229813335,35.0,291.9,0,0.0,0.8434308844071834,0.15656911559281664,5.775843419321227e-31,200.0,61.3,-184.23959772120577,-1.0714943710697487,-0.887089901723144,-9.892726421740203,0.0,0.0,-27.832104698289324,-7.856826208961305,-3.4395708961892173,-5.766284605572261,-5.449816187011117,-14.864498758424562
1337,3500029.21,42,34.999990229813335,35.0,291.9,0,0.0,0.84341978885788,0.15658021114211995,5.487051248355166e-31,200.0,61.3,-184.23959772120577,-1.0714943710697487,-0.887089901723144,-9.892726421740203,0.0,0.0,-27.832104698289324,-7.856826208961305,-3.4395708961892173,-5.766284605572261,-5.449816187011117,-14.864498758424562
1338,3500029.21,43,34.999990229813335,35.0,291.9,0,0.0,0.843407806927549,0.156592193072451,5.212698685937407e-31,200.0,61.3,-184.23959772120577,-1.0714943710697487,-0.887089901723144,-9.892726421740203,0.0,0.0,-27.832104698289324,-7.856826208961305,-3.4395708961892173,-5.766284605572261,-5.449816187011117,-14.864498758424562
1339,3500029.21,44,34.999990229813335,35.0,291.9,0,0.0,0.8433964718667802,0.15660352813321973,4.952063751640537e-31,200.0,61.3,-184.23959772120577,-1.0714943710697487,-0.887089901723144,-9.892726421740203,0.0,0.0,-27.832104698289324,-7.856826208961305,-3.4395708961892173,-5.766284605572261,-5.449816187011117,-14.864498758424562
1340,3500029.21,45,34.999990229813335,35.0,291.9,0,0.0,0.8433812916892178,0.15661870831078215,4.704460564058511e-31,200.0,61.3,-184.23959772120577,-1.0714943710697487,-0.887089901723144,-9.892726421740203,0.0,0.0,-27.832104698289324,-7.856826208961305,-3.4395708961892173,-5.766284605572261,-5.449816187011117,-14.864498758424562
1341,3500029.21,46,34.999990229813335,35.0,291.9,0,0.0,0.843364691904814,0.15663530809518597,4.469237535855585e-31,200.0,61.3,-184.23959772120577,-1.0714943710697487,-0.887089901723144,-9.892726421740203,0.0,0.0,-27.832104698289324,-7.856826208961305,-3.4395708961892173,-5.766284605572261,-5.449816187011117,-14.864498758424562
1342,3500029.21,47,34.999990229813335,35.0,291.9,0,0.0,0.8433474888806947,0.1566525111193054,4.245775659062807e-31,200.0,61.3,-184.23959772120577,-1.0714943710697487,-0.887089901723144,-9.892726421740203,0.0,0.0,-27.832104698289324,-7.856826208961305,-3.4395708961892173,-5.766284605572261,-5.449816187011117,-14.864498758424562
1343,3500029.21,48,34.999990229813335,35.0,291.9,0,0.0,0.8433326844267047,0.1566673155732953,4.033486876109666e-31,200.0,61.3,-184.23959772120577,-1.0714943710697487,-0.887089901723144,-9.892726421740203,0.0,0.0,-27.832104698289324,-7.856826208961305,-3.4395708961892173,-5.766284605572261,-5.449816187011117,-14.864498758424562
1344,3500029.21,49,34.999990229813335,35.0,291.9,0,0.0,0.8433201558244661,0.15667984417553388,3.831812532304183e-31,200.0,61.3,-184.23959772120577,-1.0714943710697487,-0.887089901723144,-9.892726421740203,0.0,0.0,-27.832104698289324,-7.856826208961305,-3.4395708961892173,-5.766284605572261,-5.449816187011117,-14.864498758424562
1345,3500029.21,0,34.999990229813335,35.0,291.9,0,0.0,0.8433083049250143,0.15669169507498568,3.640221905688974e-31,200.0,61.3,-184.23959772120577,-1.0714943710697487,-0.887089901723144,-9.892726421740203,0.0,0.0,-27.832104698289324,-7.856826208961305,-3.4395708961892173,-5.766284605572261,-5.449816187011117,-14.864498758424562
1346,3500029.21,1,34.999990229813335,35.0,291.9,0,0.0,0.8432970977660802,0.15670290223391978,3.458210810404525e-31,200.0,61.3,-184.23959772120577,-1.0714943710697487,-0.887089901723144,-9.892726421740203,0.0,0.0,-27.832104698289324,-7.856826208961305,-3.4395708961892173,-5.766284605572261,-5.449816187011117,-14.864498758424562
1347,3500029.21,2,34.999990229813335,35.0,291.9,0,0.0,0.843286502083682,0.156713497916318,3.285300269884299e-31,200.0,61.3,-184.23959772120577,-1.0714943710697487,-0.887089901723144,-9.892726421740203,0.0,0.0,-27.832104698289324,-7.856826208961305,-3.4395708961892173,-5.766284605572261,-5.449816187011117,-14.864498758424562
1348,3500029.21,3,34.999990229813335,35.0,291.9,0,0.0,0.8432742690593917,0.15672573094060827,3.121035256390084e-31,200.0,61.3,-184.23959772120577,-1.0714943710697487,-0.887089901723144,-9.892726421740203,0.0,0.0,-27.832104698289324,-7.856826208961305,-3.4395708961892173,-5.766284605572261,-5.449816187011117,-14.864498758424562
1349,3500029.21,4,34.999990229813335,35.0,291.9,0,0.0,0.8432627003282297,0.15673729967177036,2.9649834935705802e-31,200.0,61.3,-184.23959772120577,-1.0714943710697487,-0.887089901723144,-9.892726421740203,0.0,0.0,-27.832104698289324,-7.856826208961305,-3.4395708961892173,-5.766284605572261,-5.449816187011117,-14.864498758424562
1350,3500029.21,5,34.999990229813335,35.0,291.9,0,0.0,0.8432532392539661,0.15674676074603386,2.816734318892051e-31,200.0,61.3,-184.23959772120577,-1.0714943710697487,-0.887089901723144,-9.892726421740203,0.0,0.0,-27.832104698289324,-7.856826208961305,-3.4395708961892173,-5.766284605572261,-5.449816187011117,-14.864498758424562
1351,3500029.21,6,34.999990229813335,35.0,291.9,0,0.0,0.8432465150726591,0.1567534849273409,2.6758976029474488e-31,200.0,61.3,-184.23959772120577,-1.0714943710697487,-0.887089901723144,-9.892726421740203,0.0,0.0,-27.832104698289324,-7.856826208961305,-3.4395708961892173,-5.766284605572261,-5.449816187011117,-14.864498758424562
1352,3500029.21,7,34.999990229813335,35.0,291.9,0,0.0,0.8432364914934638,0.15676350850653617,2.542102722800076e-31,200.0,61.3,-184.23959772120577,-1.0714943710697487,-0.887089901723144,-9.892726421740203,0.0,0.0,-27.832104698289324,-7.856826208961305,-3.4395708961892173,-5.766284605572261,-5.449816187011117,-14.864498758424562
1353,3500029.21,8,34.999990229813335,35.0,291.9,0,0.0,0.8432270214203248,0.15677297857967518,2.414997586660072e-31,200.0,61.3,-184.23959772120577,-1.0714943710697487,-0.887089901723144,-9.892726421740203,0.0,0.0,-27.832104698289324,-7.856826208961305,-3.4395708961892173,-5.766284605572261,-5.449816187011117,-14.864498758424562
1354,3500029.21,9,34.999990229813335,35.0,291.9,0,0.0,0.843218813260259,0.15678118673974092,2.2942477073270685e-31,200.0,61.3,-184.23959772120577,-1.0714943710697487,-0.887089901723144,-9.892726421740203,0.0,0.0,-27.832104698289324,-7.856826208961305,-3.4395708961892173,-5.766284605572261,-5.449816187011117,-14.864498758424562
1355,3500029.21,10,34.999990229813335,35.0,291.9,0,0.0,0.8432095957998302,0.15679040420016982,2.1795353219607154e-31,200.0,61.3,-184.23959772120577,-1.0714943710697487,-0.887089901723144,-9.892726421740203,0.0,0.0,-27.832104698289324,-7.856826208961305,-3.4395708961892173,-5.766284605572261,-5.449816187011117,-14.864498758424562
1356,3500029.21,11,34.999990229813335,35.0,291.9,0,0.0,0.8431979500793283,0.15680204992067168,2.0705585558626796e-31,200.0,61.3,-184.23959772120577,-1.0714943710697487,-0.887089901723144,-9.892726421740203,0.0,0.0,-27.832104698289324,-7.856826208961305,-3.4395708961892173,-5.766284605572261,-5.449816187011117,-14.864498758424562
1357,3500029.21,12,34.999990229813335,35.0,291.9,0,0.0,0.8431876764837841,0.15681232351621593,1.9670306280695458e-31,200.0,61.3,-184.23959772120577,-1.0714943710697487,-0.887089901723144,-9.892726421740203,0.0,0.0,-27.832104698289324,-7.856826208961305,-3.4395708961892173,-5.766284605572261,-5.449816187011117,-14.864498758424562
1358,3500029.21,13,34.999990229813335,35.0,291.9,0,0.0,0.8431765015876038,0.15682349841239612,1.8686790966660684e-31,200.0,61.3,-184.23959772120577,-1.0714943710697487,-0.887089901723144,-9.892726421740203,0.0,0.0,-27.832104698289324,-7.856826208961305,-3.4395708961892173,-5.766284605572261,-5.449816187011117,-14.864498758424562
1359,3500029.21,14,34.999990229813335,35.0,291.9,0,0.0,0.843165206425715,0.15683479357428495,1.7752451418327648e-31,200.0,61.3,-184.23959772120577,-1.0714943710697487,-0.887089901723144,-9.892726421740203,0.0,0.0,-27.832104698289324,-7.856826208961305,-3.4395708961892173,-5.766284605572261,-5.449816187011117,-14.864498758424562
1360,3500029.21,15,34.999990229813335,35.0,291.9,0,0.0,0.8431552652861166,0.15684473471388344,1.6864828847411267e-31,200.0,61.3,-184.23959772120577,-1.0714943710697487,-0.887089901723144,-9.892726421740203,0.0,0.0,-27.832104698289324,-7.856826208961305,-3.4395708961892173,-5.766284605572261,-5.449816187011117,-14.864498758424562
1361,3500029.21,16,34.999990229813335,35.0,291.9,0,0.0,0.843142209709579,0.156857790290421,1.6021587405040702e-31,200.0,61.3,-184.23959772120577,-1.0714943710697487,-0.887089901723144,-9.892726421740203,0.0,0.0,-27.832104698289324,-7.856826208961305,-3.4395708961892173,-5.766284605572261,-5.449816187011117,-14.864498758424562
1362,3500029.21,17,34.999990229813335,35.0,291.9,0,0.0,0.8431305975543658,0.15686940244563424,1.5220508034788668e-31,200.0,61.3,-184.23959772120577,-1.0714943710697487,-0.887089901723144,-9.892726421740203,0.0,0.0,-27.832104698289324,-7.856826208961305,-3.4395708961892173,-5.766284605572261,-5.449816187011117,-14.864498758424562
1363,3500029.21,18,34.999990229813335,35.0,291.9,0,0.0,0.8431188906198882,0.15688110938011174,1.4459482633049233e-31,200.0,61.3,-184.23959772120577,-1.0714943710697487,-0.887089901723144,-9.892726421740203,0.0,0.0,-27.832104698289324,-7.856826208961305,-3.4395708961892173,-5.766284605572261,-5.449816187011117,-14.864498758424562
1364,3500029.21,19,34.999990229813335,35.0,291.9,0,0.0,0.8431070945464508,0.15689290545354914,1.3736508501396773e-31,200.0,61.3,-184.23959772120577,-1.0714943710697487,-0.887089901723144,-9.892726421740203,0.0,0.0,-27.832104698289324,-7.856826208961305,-3.4395708961892173,-5.766284605572261,-5.449816187011117,-14.864498758424562
1365,3500029.21,20,34.999990229813335,35.0,291.9,0,0.0,0.8430952146905396,0.15690478530946037,1.3049683076326933e-31,200.0,61.3,-184.23959772120577,-1.0714943710697487,-0.887089901723144,-9.892726421740203,0.0,0.0,-27.832104698289324,-7.856826208961305,-3.4395708961892173,-5.766284605572261,-5.449816187011117,-14.864498758424562
1366,3500029.21,21,34.999990229813335,35.0,291.9,0,0.0,0.8430847182509705,0.15691528174902944,1.239719892251059e-31,200.0,61.3,-184.23959772120577,-1.0714943710697487,-0.887089901723144,-9.892726421740203,0.0,0.0,-27.832104698289324,-7.856826208961305,-3.4395708961892173,-5.766284605572261,-5.449816187011117,-14.864498758424562
1367,3500029.21,22,34.999990229813335,35.0,291.9,0,0.0,0.8430748044232756,0.1569251955767243,1.177733897638506e-31,200.0,61.3,-184.23959772120577,-1.0714943710697487,-0.887089901723144,-9.892726421740203,0.0,0.0,-27.832104698289324,-7.856826208961305,-3.4395708961892173,-5.766284605572261,-5.449816187011117,-14.864498758424562
1368,3500029.21,23,34.999990229813335,35.0,291.9,0,0.0,0.8430676330574645,0.15693236694253557,1.1188472027565808e-31,200.0,61.3,-184.23959772120577,-1.0714943710697487,-0.887089901723144,-9.892726421740203,0.0,0.0,-27.832104698289324,-7.856826208961305,-3.4395708961892173,-5.766284605572261,-5.449816187011117,-14.864498758424562
1369,3500029.21,24,34.999990229813335,35.0,291.9,0,0.0,0.8430616051703808,0.1569383948296192,1.0629048426187516e-31,200.0,61.3,-184.23959772120577,-1.0714943710697487,-0.887089901723144,-9.892726421740203,0.0,0.0,-27.832104698289324,-7.856826208961305,-3.4395708961892173,-5.766284605572261,-5.449816187011117,-14.864498758424562
1370,3500029.21,25,34.999990229813335,35.0,291.9,0,0.0,0.8430544771649925,0.15694552283500754,1.0097596004878142e-31,200.0,61.3,-184.23959772120577,-1.0714943710697487,-0.887089901723144,-9.892726421740203,0.0,0.0,-27.832104698289324,-7.856826208961305,-3.4395708961892173,-5.766284605572261,-5.449816187011117,-14.864498758424562
1371,3500029.21,26,34.999990229813335,35.0,291.9,0,0.0,0.8430492177104241,0.1569507822895759,9.592716204634235e-32,200.0,61.3,-184.23959772120577,-1.0714943710697487,-0.887089901723144,-9.892726421740203,0.0,0.0,-27.832104698289324,-7.856826208961305,-3.4395708961892173,-5.766284605572261,-5.449816187011117,-14.864498758424562
1372,3500029.21,27,34.999990229813335,35.0,291.9,0,0.0,0.843043549127578,0.1569564508724221,9.113080394402524e-32,200.0,61.3,-184.23959772120577,-1.0714943710697487,-0.887089901723144,-9.892726421740203,0.0,0.0,-27.832104698289324,-7.856826208961305,-3.4395708961892173,-5.766284605572261,-5.449816187011117,-14.864498758424562
1373,3500029.21,28,34.999990229813335,35.0,291.9,0,0.0,0.8430389463862612,0.15696105361373883,8.657426374682398e-32,200.0,61.3,-184.23959772120577,-1.0714943710697487,-0.887089901723144,-9.892726421740203,0.0,0.0,-27.832104698289324,-7.856826208961305,-3.4395708961892173,-5.766284605572261,-5.449816187011117,-14.864498758424562
1374,3500029.21,29,34.999990229813335,35.0,291.9,0,0.0,0.8430382582637317,0.15696174173626834,8.224555055948277e-32,200.0,61.3,-184.23959772120577,-1.0714943710697487,-0.887089901723144,-9.892726421740203,0.0,0.0,-27.832104698289324,-7.856826208961305,-3.4395708961892173,-5.766284605572261,-5.449816187011117,-14.864498758424562
1375,3500029.21,30,34.999990229813335,35.0,291.9,0,0.0,0.8430383818310093,0.15696161816899062,7.813327303150864e-32,200.0,61.3,-184.23959772120577,-1.0714943710697487,-0.887089901723144,-9.892726421740203,0.0,0.0,-27.832104698289324,-7.856826208961305,-3.4395708961892173,-5.766284605572261,-5.449816187011117,-14.864498758424562
1376,3500029.21,31,34.999990229813335,35.0,291.9,0,0.0,0.8430363770776276,0.15696362292237245,7.422660937993321e-32,200.0,61.3,-184.23959772120577,-1.0714943710697487,-0.887089901723144,-9.892726421740203,0.0,0.0,-27.832104698289324,-7.856826208961305,-3.4395708961892173,-5.766284605572261,-5.449816187011117,-14.864498758424562
1377,3500029.21,32,34.999990229813335,35.0,291.9,0,0.0,0.8430330770807862,0.1569669229192137,7.051527891093655e-32,200.0,61.3,-184.23959772120577,-1.0714943710697487,-0.887089901723144,-9.892726421740203,0.0,0.0,-27.832104698289324,-7.856826208961305,-3.4395708961892173,-5.766284605572261,-5.449816187011117,-14.864498758424562
1378,3500029.21,33,34.999990229813335,35.0,291.9,0,0.0,0.8430321674764687,0.1569678325235313,6.698951496538972e-32,200.0,61.3,-184.23959772120577,-1.0714943710697487,-0.887089901723144,-9.892726421740203,0.0,0.0,-27.832104698289324,-7.856826208961305,-3.4395708961892173,-5.766284605572261,-5.449816187011117,-14.864498758424562
1379,3500029.21,34,34.999990229813335,35.0,291.9,0,0.0,0.8430306327441532,0.15696936725584676,6.364003921712022e-32,200.0,61.3,-184.23959772120577,-1.0714943710697487,-0.887089901723144,-9.892726421740203,0.0,0.0,-27.832104698289324,-7.856826208961305,-3.4395708961892173,-5.766284605572261,-5.449816187011117,-14.864498758424562
1380,3500029.21,35,34.999990229813335,35.0,291.9,0,0.0,0.8430313950538821,0.15696860494611792,6.045803725626422e-32,200.0,61.3,-184.23959772120577,-1.0714943710697487,-0.887089901723144,-9.892726421740203,0.0,0.0,-27.832104698289324,-7.856826208961305,-3.4395708961892173,-5.766284605572261,-5.449816187011117,-14.864498758424562
1381,3500029.21,36,34.999990229813335,35.0,291.9,0,0.0,0.8430314487029387,0.1569685512970613,5.7435135393451e-32,200.0,61.3,-184.23959772120577,-1.0714943710697487,-0.887089901723144,-9.892726421740203,0.0,0.0,-27.832104698289324,-7.856826208961305,-3.4395708961892173,-5.766284605572261,-5.449816187011117,-14.864498758424562
1382,3500029.21,37,34.999990229813335,35.0,291.9,0,0.0,0.8430315513938689,0.15696844860613116,5.456337862377846e-32,200.0,61.3,-184.23959772120577,-1.0714943710697487,-0.887089901723144,-9.892726421740203,0.0,0.0,-27.832104698289324,-7.856826208961305,-3.4395708961892173,-5.766284605572261,-5.449816187011117,-14.864498758424562
1383,3500029.21,38,34.999990229813335,35.0,291.9,0,0.0,0.843029537711437,0.15697046228856298,5.183520969258953e-32,200.0,61.3,-184.23959772120577,-1.0714943710697487,-0.887089901723144,-9.892726421740203,0.0,0.0,-27.832104698289324,-7.856826208961305,-3.4395708961892173,-5.766284605572261,-5.449816187011117,-14.864498758424562
1384,3500029.21,39,34.999990229813335,35.0,291.9,0,0.0,0.8430305593899088,0.15696944061009116,4.924344920796005e-32,200.0,61.3,-184.23959772120577,-1.0714943710697487,-0.887089901723144,-9.892726421740203,0.0,0.0,-27.832104698289324,-7.856826208961305,-3.4395708961892173,-5.766284605572261,-5.449816187011117,-14.864498758424562
1385,3500029.21,40,34.999990229813335,35.0,291.9,0,0.0,0.8430308612657162,0.15696913873428378,4.678127674756205e-32,200.0,61.3,-184.23959772120577,-1.0714943710697487,-0.887089901723144,-9.892726421740203,0.0,0.0,-27.832104698289324,-7.856826208961305,-3.4395708961892173,-5.766284605572261,-5.449816187011117,-14.864498758424562
1386,3500029.21,41,34.999990229813335,35.0,291.9,0,0.0,0.8430283217735255,0.15697167822647445,4.444221291018394e-32,200.0,61.3,-184.23959772120577,-1.0714943710697487,-0.887089901723144,-9.892726421740203,0.0,0.0,-27.832104698289324,-7.856826208961305,-3.4395708961892173,-5.766284605572261,-5.449816187011117,-14.864498758424562
1387,3500029.21,42,34.999990229813335,35.0,291.9,0,0.0,0.8430266817751919,0.15697331822480806,4.2220102264674746e-32,200.0,61.3,-184.23959772120577,-1.0714943710697487,-0.887089901723144,-9.892726421740203,0.0,0.0,-27.832104698289324,-7.856826208961305,-3.4395708961892173,-5.766284605572261,-5.449816187011117,-14.864498758424562
1388,3500029.21,43,34.999990229813335,35.0,291.9,0,0.0,0.8430244581072175,0.15697554189278257,4.0109097151441014e-32,200.0,61.3,-184.23959772120577,-1.0714943710697487,-0.887089901723144,-9.892726421740203,0.0,0.0,-27.832104698289324,-7.856826208961305,-3.4395708961892173,-5.766284605572261,-5.449816187011117,-14.864498758424562
1389,3500029.21,44,34.999990229813335,35.0,291.9,0,0.0,0.8430202442936988,0.15697975570630124,3.810364229386896e-32,200.0,61.3,-184.23959772120577,-1.0714943710697487,-0.887089901723144,-9.892726421740203,0.0,0.0,-27.832104698289324,-7.856826208961305,-3.4395708961892173,-5.766284605572261,-5.449816187011117,-14.864498758424562
1390,3500029.21,45,34.999990229813335,35.0,291.9,0,0.0,0.843017013774714,0.15698298622528595,3.619846017917551e-32,200.0,61.3,-184.23959772120577,-1.0714943710697487,-0.887089901723144,-9.892726421740203,0.0,0.0,-27.832104698289324,-7.856826208961305,-3.4395708961892173,-5.766284605572261,-5.449816187011117,-14.864498758424562
1391,3500029.21,46,34.999990229813335,35.0,291.9,0,0.0,0.8430139989874804,0.15698600101251958,3.438853717021673e-32,200.0,61.3,-184.23959772120577,-1.0714943710697487,-0.887089901723144,-9.892726421740203,0.0,0.0,-27.832104698289324,-7.856826208961305,-3.4395708961892173,-5.766284605572261,-5.449816187011117,-14.864498758424562
1392,3500029.21,47,34.999990229813335,35.0,291.9,0,0.0,0.8430076043098347,0.15699239569016532,3.2669110311705894e-32,200.0,61.3,-184.23959772120577,-1.0714943710697487,-0.887089901723144,-9.892726421740203,0.0,0.0,-27.832104698289324,-7.856826208961305,-3.4395708961892173,-5.766284605572261,-5.449816187011117,-14.864498758424562
1393,3500029.21,48,34.999990229813335,35.0,291.9,0,0.0,0.8430030192118793,0.15699698078812077,3.1035654796120603e-32,200.0,61.3,-184.23959772120577,-1.0714943710697487,-0.887089901723144,-9.892726421740203,0.0,0.0,-27.832104698289324,-7.856826208961305,-3.4395708961892173,-5.766284605572261,-5.449816187011117,-14.864498758424562
1394,3500029.21,49,34.999990229813335,35.0,291.9,0,0.0,0.8429980029051584,0.15700199709484158,2.948387205631457e-32,200.0,61.3,-184.23959772120577,-1.0714943710697487,-0.887089901723144,-9.892726421740203,0.0,0.0,-27.832104698289324,-7.856826208961305,-3.4395708961892173,-5.766284605572261,-5.449816187011117,-14.864498758424562
1395,3500029.21,0,34.999990229813335,35.0,291.9,0,0.0,0.8429947242606758,0.15700527573932427,2.800967845349885e-32,200.0,61.3,-184.23959772120577,-1.0714943710697487,-0.887089901723144,-9.892726421740203,0.0,0.0,-27.832104698289324,-7.856826208961305,-3.4395708961892173,-5.766284605572261,-5.449816187011117,-14.864498758424562
1396,3500029.21,1,34.999990229813335,35.0,291.9,0,0.0,0.8429938083353085,0.15700619166469149,2.660919453082391e-32,200.0,61.3,-184.23959772120577,-1.0714943710697487,-0.887089901723144,-9.892726421740203,0.0,0.0,-27.832104698289324,-7.856826208961305,-3.4395708961892173,-5.766284605572261,-5.449816187011117,-14.864498758424562
1397,3500029.21,2,34.999990229813335,35.0,291.9,0,0.0,0.8429901347263491,0.15700986527365088,2.527873480428271e-32,200.0,61.3,-184.23959772120577,-1.0714943710697487,-0.887089901723144,-9.892726421740203,0.0,0.0,-27.832104698289324,-7.856826208961305,-3.4395708961892173,-5.766284605572261,-5.449816187011117,-14.864498758424562
1398,3500029.21,3,34.999990229813335,35.0,291.9,0,0.0,0.8429845579578584,0.15701544204214157,2.4014798064068575e-32,200.0,61.3,-184.23959772120577,-1.0714943710697487,-0.887089901723144,-9.892726421740203,0.0,0.0,-27.832104698289324,-7.856826208961305,-3.4395708961892173,-5.766284605572261,-5.449816187011117,-14.864498758424562
1399,3500029.21,4,34.999990229813335,35.0,291.9,0,0.0,0.8429800303378535,0.15701996966214643,2.2814058160865144e-32,200.0,61.3,-184.23959772120577,-1.0714943710697487,-0.887089901723144,-9.892726421740203,0.0,0.0,-27.832104698289324,-7.856826208961305,-3.4395708961892173,-5.766284605572261,-5.449816187011117,-14.864498758424562
1400,3500029.21,5,34.999990229813335,35.0,291.9,0,0.0,0.8429757852015957,0.15702421479840428,2.1673355252821886e-32,200.0,61.3,-184.23959772120577,-1.0714943710697487,-0.887089901723144,-9.892726421740203,0.0,0.0,-27.832104698289324,-7.856826208961305,-3.4395708961892173,-5.766284605572261,-5.449816187011117,-14.864498758424562
1401,3500029.21,6,34.999990229813335,35.0,291.9,0,0.0,0.842971808343753,0.15702819165624704,2.0589687490180794e-32,200.0,61.3,-184.23959772120577,-1.0714943710697487,-0.887089901723144,-9.892726421740203,0.0,0.0,-27.832104698289324,-7.856826208961305,-3.4395708961892173,-5.766284605572261,-5.449816187011117,-14.864498758424562
1402,3500029.21,7,34.999990229813335,35.0,291.9,0,0.0,0.8429695100451597,0.15703048995484029,1.9560203115671753e-32,200.0,61.3,-184.23959772120577,-1.0714943710697487,-0.887089901723144,-9.892726421740203,0.0,0.0,-27.832104698289324,-7.856826208961305,-3.4395708961892173,-5.766284605572261,-5.449816187011117,-14.864498758424562
1403,3500029.21,8,34.999990229813335,35.0,291.9,0,0.0,0.8429695148098326,0.15703048519016746,1.8582192959888163e-32,200.0,61.3,-184.23959772120577,-1.0714943710697487,-0.887089901723144,-9.892726421740203,0.0,0.0,-27.832104698289324,-7.856826208961305,-3.4395708961892173,-5.766284605572261,-5.449816187011117,-14.864498758424562
1404,3500029.21,9,34.999990229813335,35.0,291.9,0,0.0,0.8429695725298452,0.15703042747015486,1.7653083311893754e-32,200.0,61.3,-184.23959772120577,-1.0714943710697487,-0.887089901723144,-9.892726421740203,0.0,0.0,-27.832104698289324,-7.856826208961305,-3.4395708961892173,-5.766284605572261,-5.449816187011117,-14.864498758424562
1405,3500029.21,10,34.999990229813335,35.0,291.9,0,0.0,0.8429696804807437,0.15703031951925625,1.6770429146299065e-32,200.0,61.3,-184.23959772120577,-1.0714943710697487,-0.887089901723144,-9.892726421740203,0.0,0.0,-27.832104698289324,-7.856826208961305,-3.4395708961892173,-5.766284605572261,-5.449816187011117,-14.864498758424562
1406,3500029.21,11,34.999990229813335,35.0,291.9,0,0.0,0.8429705454258076,0.15702945457419243,1.5931907688984114e-32,200.0,61.3,-184.23959772120577,-1.0714943710697487,-0.887089901723144,-9.892726421740203,0.0,0.0,-27.832104698289324,-7.856826208961305,-3.4395708961892173,-5.766284605572261,-5.449816187011117,-14.864498758424562
1407,3500029.21,12,34.999990229813335,35.0,291.9,0,0.0,0.8429700017954278,0.15702999820457228,1.5135312304534907e-32,200.0,61.3,-184.23959772120577,-1.0714943710697487,-0.887089901723144,-9.892726421740203,0.0,0.0,-27.832104698289324,-7.856826208961305,-3.4395708961892173,-5.766284605572261,-5.449816187011117,-14.864498758424562
1408,3500029.21,13,34.999990229813335,35.0,291.9,0,0.0,0.8429674128441849,0.1570325871558152,1.4378546689308162e-32,200.0,61.3,-184.23959772120577,-1.0714943710697487,-0.887089901723144,-9.892726421740203,0.0,0.0,-27.832104698289324,-7.856826208961305,-3.4395708961892173,-5.766284605572261,-5.449816187011117,-14.864498758424562
1409,3500029.21,14,34.999990229813335,35.0,291.9,0,0.0,0.8429671325694195,0.1570328674305806,1.3659619354842756e-32,200.0,61.3,-184.23959772120577,-1.0714943710697487,-0.887089901723144,-9.892726421740203,0.0,0.0,-27.832104698289324,-7.856826208961305,-3.4395708961892173,-5.766284605572261,-5.449816187011117,-14.864498758424562
1410,3500029.21,15,34.999990229813335,35.0,291.9,0,0.0,0.8429669195566678,0.15703308044333214,1.2976638387100618e-32,200.0,61.3,-184.23959772120577,-1.0714943710697487,-0.887089901723144,-9.892726421740203,0.0,0.0,-27.832104698289324,-7.856826208961305,-3.4395708961892173,-5.766284605572261,-5.449816187011117,-14.864498758424562
1411,3500029.21,16,34.999990229813335,35.0,291.9,0,0.0,0.8429688907263276,0.15703110927367236,1.2327806467745588e-32,200.0,61.3,-184.23959772120577,-1.0714943710697487,-0.887089901723144,-9.892726421740203,0.0,0.0,-27.832104698289324,-7.856826208961305,-3.4395708961892173,-5.766284605572261,-5.449816187011117,-14.864498758424562
1412,3500029.21,17,34.999990229813335,35.0,291.9,0,0.0,0.8429715209705139,0.15702847902948616,1.1711416144358309e-32,200.0,61.3,-184.23959772120577,-1.0714943710697487,-0.887089901723144,-9.892726421740203,0.0,0.0,-27.832104698289324,-7.856826208961305,-3.4395708961892173,-5.766284605572261,-5.449816187011117,-14.864498758424562
1413,3500029.21,18,34.999990229813335,35.0,291.9,0,0.0,0.8429740706823142,0.15702592931768575,1.1125845337140393e-32,200.0,61.3,-184.23959772120577,-1.0714943710697487,-0.887089901723144,-9.892726421740203,0.0,0.0,-27.832104698289324,-7.856826208961305,-3.4395708961892173,-5.766284605572261,-5.449816187011117,-14.864498758424562
1414,3500029.21,19,34.999990229813335,35.0,291.9,0,0.0,0.8429786583513738,0.1570213416486262,1.0569553070283373e-32,200.0,61.3,-184.23959772120577,-1.0714943710697487,-0.887089901723144,-9.892726421740203,0.0,0.0,-27.832104698289324,-7.856826208961305,-3.4395708961892173,-5.766284605572261,-5.449816187011117,-14.864498758424562
1415,3500029.21,20,34.999990229813335,35.0,291.9,0,0.0,0.8429830659471922,0.15701693405280776,1.0041075416769204e-32,200.0,61.3,-184.23959772120577,-1.0714943710697487,-0.887089901723144,-9.892726421740203,0.0,0.0,-27.832104698289324,-7.856826208961305,-3.4395708961892173,-5.766284605572261,-5.449816187011117,-14.864498758424562
1416,3500029.21,21,34.999990229813335,35.0,291.9,0,0.0,0.8429865986751929,0.1570134013248071,9.539021645930745e-33,200.0,61.3,-184.23959772120577,-1.0714943710697487,-0.887089901723144,-9.892726421740203,0.0,0.0,-27.832104698289324,-7.856826208961305,-3.4395708961892173,-5.766284605572261,-5.449816187011117,-14.864498758424562
1417,3500029.21,22,34.999990229813335,35.0,291.9,0,0.0,0.8429878941640384,0.15701210583596156,9.062070563634207e-33,200.0,61.3,-184.23959772120577,-1.0714943710697487,-0.887089901723144,-9.892726421740203,0.0,0.0,-27.832104698289324,-7.856826208961305,-3.4395708961892173,-5.766284605572261,-5.449816187011117,-14.864498758424562
1418,3500029.21,23,34.999990229813335,35.0,291.9,0,0.0,0.8429912847616265,0.15700871523837343,8.608967035452497e-33,200.0,61.3,-184.23959772120577,-1.0714943710697487,-0.887089901723144,-9.892726421740203,0.0,0.0,-27.832104698289324,-7.856826208961305,-3.4395708961892173,-5.766284605572261,-5.449816187011117,-14.864498758424562
1419,3500029.21,24,34.999990229813335,35.0,291.9,0,0.0,0.8429952575743055,0.15700474242569445,8.178518683679872e-33,200.0,61.3,-184.23959772120577,-1.0714943710697487,-0.887089901723144,-9.892726421740203,0.0,0.0,-27.832104698289324,-7.856826208961305,-3.4395708961892173,-5.766284605572261,-5.449816187011117,-14.864498758424562
1420,3500029.21,25,34.999990229813335,35.0,291.9,0,0.0,0.8429983789987187,0.15700162100128134,7.76959274949588e-33,200.0,61.3,-184.23959772120577,-1.0714943710697487,-0.887089901723144,-9.892726421740203,0.0,0.0,-27.832104698289324,-7.856826208961305,-3.4395708961892173,-5.766284605572261,-5.449816187011117,-14.864498758424562
1421,3500029.21,26,34.999990229813335,35.0,291.9,0,0.0,0.8429985879131963,0.15700141208680368,7.381113112021085e-33,200.0,61.3,-184.23959772120577,-1.0714943710697487,-0.887089901723144,-9.892726421740203,0.0,0.0,-27.832104698289324,-7.856826208961305,-3.4395708961892173,-5.766284605572261,-5.449816187011117,-14.864498758424562
1422,3500029.21,27,34.999990229813335,35.0,291.9,0,0.0,0.8430009407337442,0.15699905926625576,7.012057456420031e-33,200.0,61.3,-184.23959772120577,-1.0714943710697487,-0.887089901723144,-9.892726421740203,0.0,0.0,-27.832104698289324,-7.856826208961305,-3.4395708961892173,-5.766284605572261,-5.449816187011117,-14.864498758424562
1423,3500029.21,28,34.999990229813335,35.0,291.9,0,0.0,0.8430025252660193,0.15699747473398074,6.66145458359903e-33,200.0,61.3,-184.23959772120577,-1.0714943710697487,-0.887089901723144,-9.892726421740203,0.0,0.0,-27.832104698289324,-7.856826208961305,-3.4395708961892173,-5.766284605572261,-5.449816187011117,-14.864498758424562
1424,3500029.21,29,34.999990229813335,35.0,291.9,0,0.0,0.8430019804480455,0.15699801955195453,6.328381854419078e-33,200.0,61.3,-184.23959772120577,-1.0714943710697487,-0.887089901723144,-9.892726421740203,0.0,0.0,-27.832104698289324,-7.856826208961305,-3.4395708961892173,-5.766284605572261,-5.449816187011117,-14.864498758424562
1425,3500029.21,30,34.999990229813335,35.0,291.9,0,0.0,0.8430029137932932,0.1569970862067068,6.011962761698124e-33,200.0,61.3,-184.23959772120577,-1.0714943710697487,-0.887089901723144,-9.892726421740203,0.0,0.0,-27.832104698289324,-7.856826208961305,-3.4395708961892173,-5.766284605572261,-5.449816187011117,-14.864498758424562
1426,3500029.21,31,34.999990229813335,35.0,291.9,0,0.0,0.84300594771228,0.15699405228772004,5.711364623613218e-33,200.0,61.3,-184.23959772120577,-1.0714943710697487,-0.887089901723144,-9.892726421740203,0.0,0.0,-27.832104698289324,-7.856826208961305,-3.4395708961892173,-5.766284605572261,-5.449816187011117,-14.864498758424562
1427,3500029.21,32,34.999990229813335,35.0,291.9,0,0.0,0.8430088789085279,0.1569911210914721,5.425796392432557e-33,200.0,61.3,-184.23959772120577,-1.0714943710697487,-0.887089901723144,-9.892726421740203,0.0,0.0,-27.832104698289324,-7.856826208961305,-3.4395708961892173,-5.766284605572261,-5.449816187011117,-14.864498758424562
1428,3500029.21,33,34.999990229813335,35.0,291.9,0,0.0,0.843009618745033,0.15699038125496698,5.1545065728109285e-33,200.0,61.3,-184.23959772120577,-1.0714943710697487,-0.887089901723144,-9.892726421740203,0.0,0.0,-27.832104698289324,-7.856826208961305,-3.4395708961892173,-5.766284605572261,-5.449816187011117,-14.864498758424562
1429,3500029.21,34,34.999990229813335,35.0,291.9,0,0.0,0.8430075808955425,0.15699241910445752,4.8967812441703825e-33,200.0,61.3,-184.23959772120577,-1.0714943710697487,-0.887089901723144,-9.892726421740203,0.0,0.0,-27.832104698289324,-7.856826208961305,-3.4395708961892173,-5.766284605572261,-5.449816187011117,-14.864498758424562
1430,3500029.21,35,34.999990229813335,35.0,291.9,0,0.0,0.8430036043566549,0.15699639564334508,4.651942181961863e-33,200.0,61.3,-184.23959772120577,-1.0714943710697487,-0.887089901723144,-9.892726421740203,0.0,0.0,-27.832104698289324,-7.856826208961305,-3.4395708961892173,-5.766284605572261,-5.449816187011117,-14.864498758424562
1431,3500029.21,36,34.999990229813335,35.0,291.9,0,0.0,0.8430005775245217,0.1569994224754782,4.41934507286377e-33,200.0,61.3,-184.23959772120577,-1.0714943710697487,-0.887089901723144,-9.892726421740203,0.0,0.0,-27.832104698289324,-7.856826208961305,-3.4395708961892173,-5.766284605572261,-5.449816187011117,-14.864498758424562
1432,3500029.21,37,34.999990229813335,35.0,291.9,0,0.0,0.8429977551279374,0.15700224487206255,4.198377819220581e-33,200.0,61.3,-184.23959772120577,-1.0714943710697487,-0.887089901723144,-9.892726421740203,0.0,0.0,-27.832104698289324,-7.856826208961305,-3.4395708961892173,-5.766284605572261,-5.449816187011117,-14.864498758424562
1433,3500029.21,38,34.999990229813335,35.0,291.9,0,0.0,0.8429923413895999,0.1570076586104002,3.988458928259552e-33,200.0,61.3,-184.23959772120577,-1.0714943710697487,-0.887089901723144,-9.892726421740203,0.0,0.0,-27.832104698289324,-7.856826208961305,-3.4395708961892173,-5.766284605572261,-5.449816187011117,-14.864498758424562
1434,3500029.21,39,34.999990229813335,35.0,291.9,0,0.0,0.8429858609156535,0.15701413908434653,3.7890359818465745e-33,200.0,61.3,-184.23959772120577,-1.0714943710697487,-0.887089901723144,-9.892726421740203,0.0,0.0,-27.832104698289324,-7.856826208961305,-3.4395708961892173,-5.766284605572261,-5.449816187011117,-14.864498758424562
1435,3500029.21,40,34.999990229813335,35.0,291.9,0,0.0,0.8429783685470177,0.1570216314529823,3.5995841827542456e-33,200.0,61.3,-184.23959772120577,-1.0714943710697487,-0.887089901723144,-9.892726421740203,0.0,0.0,-27.832104698289324,-7.856826208961305,-3.4395708961892173,-5.766284605572261,-5.449816187011117,-14.864498758424562
1436,3500029.21,41,34.999990229813335,35.0,291.9,0,0.0,0.8429713075487165,0.15702869245128345,3.419604973616533e-33,200.0,61.3,-184.23959772120577,-1.0714943710697487,-0.887089901723144,-9.892726421740203,0.0,0.0,-27.832104698289324,-7.856826208961305,-3.4395708961892173,-5.766284605572261,-5.449816187011117,-14.864498758424562
1437,3500029.21,42,34.999990229813335,35.0,291.9,0,0.0,0.8429646562721924,0.15703534372780764,3.248624724935707e-33,200.0,61.3,-184.23959772120577,-1.0714943710697487,-0.887089901723144,-9.892726421740203,0.0,0.0,-27.832104698289324,-7.856826208961305,-3.4395708961892173,-5.766284605572261,-5.449816187011117,-14.864498758424562
1438,3500029.21,43,34.999990229813335,35.0,291.9,0,0.0,0.842962559333954,0.157037440666046,3.0861934886889214e-33,200.0,61.3,-184.23959772120577,-1.0714943710697487,-0.887089901723144,-9.892726421740203,0.0,0.0,-27.832104698289324,-7.856826208961305,-3.4395708961892173,-5.766284605572261,-5.449816187011117,-14.864498758424562
1439,3500029.21,44,34.999990229813335,35.0,291.9,0,0.0,0.8429571525255911,0.1570428474744089,2.9318838142544753e-33,200.0,61.3,-184.23959772120577,-1.0714943710697487,-0.887089901723144,-9.892726421740203,0.0,0.0,-27.832104698289324,-7.856826208961305,-3.4395708961892173,-5.766284605572261,-5.449816187011117,-14.864498758424562
1440,3500029.21,45,34.999990229813335,35.0,291.9,0,0.0,0.8429513785372532,0.15704862146274684,2.7852896235417518e-33,200.0,61.3,-184.23959772120577,-1.0714943710697487,-0.887089901723144,-9.892726421740203,0.0,0.0,-27.832104698289324,-7.856826208961305,-3.4395708961892173,-5.766284605572261,-5.449816187011117,-14.864498758424562
1441,3500029.21,46,34.999990229813335,35.0,291.9,0,0.0,0.8429480282114811,0.15705197178851898,2.646025142364664e-33,200.0,61.3,-184.23959772120577,-1.0714943710697487,-0.887089901723144,-9.892726421740203,0.0,0.0,-27.832104698289324,-7.856826208961305,-3.4395708961892173,-5.766284605572261,-5.449816187011117,-14.864498758424562
1442,3500029.21,47,34.999990229813335,35.0,291.9,0,0.0,0.8429490518042232,0.15705094819577683,2.5137238852464306e-33,200.0,61.3,-184.23959772120577,-1.0714943710697487,-0.887089901723144,-9.892726421740203,0.0,0.0,-27.832104698289324,-7.856826208961305,-3.4395708961892173,-5.766284605572261,-5.449816187011117,-14.864498758424562
1443,3500029.21,48,34.999990229813335,35.0,291.9,0,0.0,0.8429500760052541,0.15704992399474596,2.3880376909841093e-33,200.0,61.3,-184.23959772120577,-1.0714943710697487,-0.887089901723144,-9.892726421740203,0.0,0.0,-27.832104698289324,-7.856826208961305,-3.4395708961892173,-5.766284605572261,-5.449816187011117,-14.864498758424562
1444,3500029.21,49,34.999990229813335,35.0,291.9,0,0.0,0.8429490282903773,0.15705097170962273,2.268635806434904e-33,200.0,61.3,-184.23959772120577,-1.0714943710697487,-0.887089901723144,-9.892726421740203,0.0,0.0,-27.832104698289324,-7.856826208961305,-3.4395708961892173,-5.766284605572261,-5.449816187011117,-14.864498758424562
1445,3500029.21,0,34.999990229813335,35.0,291.9,0,0.0,0.8429487764854443,0.15705122351455567,2.1552040161131586e-33,200.0,61.3,-184.23959772120577,-1.0714943710697487,-0.887089901723144,-9.892726421740203,0.0,0.0,-27.832104698289324,-7.856826208961305,-3.4395708961892173,-5.766284605572261,-5.449816187011117,-14.864498758424562
1446,3500029.21,1,34.999990229813335,35.0,291.9,0,0.0,0.8429478998851325,0.15705210011486756,2.047443815307501e-33,200.0,61.3,-184.23959772120577,-1.0714943710697487,-0.887089901723144,-9.892726421740203,0.0,0.0,-27.832104698289324,-7.856826208961305,-3.4395708961892173,-5.766284605572261,-5.449816187011117,-14.864498758424562
1447,3500029.21,2,34.999990229813335,35.0,291.9,0,0.0,0.8429484988618374,0.15705150113816257,1.9450716245421257e-33,200.0,61.3,-184.23959772120577,-1.0714943710697487,-0.887089901723144,-9.892726421740203,0.0,0.0,-27.832104698289324,-7.856826208961305,-3.4395708961892173,-5.766284605572261,-5.449816187011117,-14.864498758424562
1448,3500029.21,3,34.999990229813335,35.0,291.9,0,0.0,0.8429484309420746,0.15705156905792536,1.8478180433150193e-33,200.0,61.3,-184.23959772120577,-1.0714943710697487,-0.887089901723144,-9.892726421740203,0.0,0.0,-27.832104698289324,-7.856826208961305,-3.4395708961892173,-5.766284605572261,-5.449816187011117,-14.864498758424562
1449,3500029.21,4,34.999990229813335,35.0,291.9,0,0.0,0.8429463530313321,0.1570536469686678,1.7554271411492682e-33,200.0,61.3,-184.23959772120577,-1.0714943710697487,-0.887089901723144,-9.892726421740203,0.0,0.0,-27.832104698289324,-7.856826208961305,-3.4395708961892173,-5.766284605572261,-5.449816187011117,-14.864498758424562
1450,3500029.21,5,34.999990229813335,35.0,291.9,0,0.0,0.8429444327218061,0.15705556727819386,1.667655784091805e-33,200.0,61.3,-184.23959772120577,-1.0714943710697487,-0.887089901723144,-9.892726421740203,0.0,0.0,-27.832104698289324,-7.856826208961305,-3.4395708961892173,-5.766284605572261,-5.449816187011117,-14.864498758424562
1451,3500029.21,6,34.999990229813335,35.0,291.9,0,0.0,0.8429447248635947,0.1570552751364053,1.5842729948872147e-33,200.0,61.3,-184.23959772120577,-1.0714943710697487,-0.887089901723144,-9.892726421740203,0.0,0.0,-27.832104698289324,-7.856826208961305,-3.4395708961892173,-5.766284605572261,-5.449816187011117,-14.864498758424562
1452,3500029.21,7,34.999990229813335,35.0,291.9,0,0.0,0.8429464282526762,0.1570535717473238,1.5050593451428539e-33,200.0,61.3,-184.23959772120577,-1.0714943710697487,-0.887089901723144,-9.892726421740203,0.0,0.0,-27.832104698289324,-7.856826208961305,-3.4395708961892173,-5.766284605572261,-5.449816187011117,-14.864498758424562
1453,3500029.21,8,34.999990229813335,35.0,291.9,0,0.0,0.8429460382186277,0.15705396178137235,1.4298063778857113e-33,200.0,61.3,-184.23959772120577,-1.0714943710697487,-0.887089901723144,-9.892726421740203,0.0,0.0,-27.832104698289324,-7.856826208961305,-3.4395708961892173,-5.766284605572261,-5.449816187011117,-14.864498758424562
1454,3500029.21,9,34.999990229813335,35.0,291.9,0,0.0,0.8429457201287958,0.1570542798712042,1.3583160589914257e-33,200.0,61.3,-184.23959772120577,-1.0714943710697487,-0.887089901723144,-9.892726421740203,0.0,0.0,-27.832104698289324,-7.856826208961305,-3.4395708961892173,-5.766284605572261,-5.449816187011117,-14.864498758424562
1455,3500029.21,10,34.999990229813335,35.0,291.9,0,0.0,0.8429454703129647,0.15705452968703523,1.2904002560418544e-33,200.0,61.3,-184.23959772120577,-1.0714943710697487,-0.887089901723144,-9.892726421740203,0.0,0.0,-27.832104698289324,-7.856826208961305,-3.4395708961892173,-5.766284605572261,-5.449816187011117,-14.864498758424562
1456,3500029.21,11,34.999990229813335,35.0,291.9,0,0.0,0.8429466553765848,0.1570533446234153,1.2258802432397617e-33,200.0,61.3,-184.23959772120577,-1.0714943710697487,-0.887089901723144,-9.892726421740203,0.0,0.0,-27.832104698289324,-7.856826208961305,-3.4395708961892173,-5.766284605572261,-5.449816187011117,-14.864498758424562
1457,3500029.21,12,34.999990229813335,35.0,291.9,0,0.0,0.8429457786073641,0.15705422139263586,1.1645862310777735e-33,200.0,61.3,-184.23959772120577,-1.0714943710697487,-0.887089901723144,-9.892726421740203,0.0,0.0,-27.832104698289324,-7.856826208961305,-3.4395708961892173,-5.766284605572261,-5.449816187011117,-14.864498758424562
1458,3500029.21,13,34.999990229813335,35.0,291.9,0,0.0,0.8429449983073335,0.15705500169266656,1.1063569195238849e-33,200.0,61.3,-184.23959772120577,-1.0714943710697487,-0.887089901723144,-9.892726421740203,0.0,0.0,-27.832104698289324,-7.856826208961305,-3.4395708961892173,-5.766284605572261,-5.449816187011117,-14.864498758424562
1459,3500029.21,14,34.999990229813335,35.0,291.9,0,0.0,0.8429436257296334,0.15705637427036662,1.0510390735476905e-33,200.0,61.3,-184.23959772120577,-1.0714943710697487,-0.887089901723144,-9.892726421740203,0.0,0.0,-27.832104698289324,-7.856826208961305,-3.4395708961892173,-5.766284605572261,-5.449816187011117,-14.864498758424562
1460,3500029.21,15,34.999990229813335,35.0,291.9,0,0.0,0.8429389564335286,0.15706104356647144,9.98487119870306e-34,200.0,61.3,-184.23959772120577,-1.0714943710697487,-0.887089901723144,-9.892726421740203,0.0,0.0,-27.832104698289324,-7.856826208961305,-3.4395708961892173,-5.766284605572261,-5.449816187011117,-14.864498758424562
1461,3500029.21,16,34.999990229813335,35.0,291.9,0,0.0,0.8429352592581058,0.1570647407418942,9.485627638767907e-34,200.0,61.3,-184.23959772120577,-1.0714943710697487,-0.887089901723144,-9.892726421740203,0.0,0.0,-27.832104698289324,-7.856826208961305,-3.4395708961892173,-5.766284605572261,-5.449816187011117,-14.864498758424562
1462,3500029.21,17,34.999990229813335,35.0,291.9,0,0.0,0.8429331671763878,0.15706683282361228,9.011346256829514e-34,200.0,61.3,-184.23959772120577,-1.0714943710697487,-0.887089901723144,-9.892726421740203,0.0,0.0,-27.832104698289324,-7.856826208961305,-3.4395708961892173,-5.766284605572261,-5.449816187011117,-14.864498758424562
1463,3500029.21,18,34.999990229813335,35.0,291.9,0,0.0,0.84293123339441,0.15706876660559,8.560778943988038e-34,200.0,61.3,-184.23959772120577,-1.0714943710697487,-0.887089901723144,-9.892726421740203,0.0,0.0,-27.832104698289324,-7.856826208961305,-3.4395708961892173,-5.766284605572261,-5.449816187011117,-14.864498758424562
1464,3500029.21,19,34.999990229813335,35.0,291.9,0,0.0,0.8429301315813975,0.15706986841860252,8.132739996788635e-34,200.0,61.3,-184.23959772120577,-1.0714943710697487,-0.887089901723144,-9.892726421740203,0.0,0.0,-27.832104698289324,-7.856826208961305,-3.4395708961892173,-5.766284605572261,-5.449816187011117,-14.864498758424562
1465,3500029.21,20,34.999990229813335,35.0,291.9,0,0.0,0.8429298190187071,0.15707018098129288,7.726102996949204e-34,200.0,61.3,-184.23959772120577,-1.0714943710697487,-0.887089901723144,-9.892726421740203,0.0,0.0,-27.832104698289324,-7.856826208961305,-3.4395708961892173,-5.766284605572261,-5.449816187011117,-14.864498758424562
1466,3500029.21,21,34.999990229813335,35.0,291.9,0,0.0,0.8429282132863625,0.1570717867136375,7.339797847101743e-34,200.0,61.3,-184.23959772120577,-1.0714943710697487,-0.887089901723144,-9.892726421740203,0.0,0.0,-27.832104698289324,-7.856826208961305,-3.4395708961892173,-5.766284605572261,-5.449816187011117,-14.864498758424562
1467,3500029.21,22,34.999990229813335,35.0,291.9,0,0.0,0.8429281016149859,0.1570718983850141,6.972807954746655e-34,200.0,61.3,-184.23959772120577,-1.0714943710697487,-0.887089901723144,-9.892726421740203,0.0,0.0,-27.832104698289324,-7.856826208961305,-3.4395708961892173,-5.766284605572261,-5.449816187011117,-14.864498758424562
1468,3500029.21,23,34.999990229813335,35.0,291.9,0,0.0,0.8429273682401027,0.15707263175989725,6.624167557009322e-34,200.0,61.3,-184.23959772120577,-1.0714943710697487,-0.887089901723144,-9.892726421740203,0.0,0.0,-27.832104698289324,-7.856826208961305,-3.4395708961892173,-5.766284605572261,-5.449816187011117,-14.864498758424562
1469,3500029.21,24,34.999990229813335,35.0,291.9,0,0.0,0.8429240065817477,0.15707599341825224,6.292959179158856e-34,200.0,61.3,-184.23959772120577,-1.0714943710697487,-0.887089901723144,-9.892726421740203,0.0,0.0,-27.832104698289324,-7.856826208961305,-3.4395708961892173,-5.766284605572261,-5.449816187011117,-14.864498758424562
1470,3500029.21,25,34.999990229813335,35.0,291.9,0,0.0,0.8429195091070899,0.15708049089291018,5.978311220200915e-34,200.0,61.3,-184.23959772120577,-1.0714943710697487,-0.887089901723144,-9.892726421740203,0.0,0.0,-27.832104698289324,-7.856826208961305,-3.4395708961892173,-5.766284605572261,-5.449816187011117,-14.864498758424562
1471,3500029.21,26,34.999990229813335,35.0,291.9,0,0.0,0.8429125757246836,0.15708742427531644,5.679395659190869e-34,200.0,61.3,-184.23959772120577,-1.0714943710697487,-0.887089901723144,-9.892726421740203,0.0,0.0,-27.832104698289324,-7.856826208961305,-3.4395708961892173,-5.766284605572261,-5.449816187011117,-14.864498758424562
1472,3500029.21,27,34.999990229813335,35.0,291.9,0,0.0,0.8429080821956204,0.15709191780437956,5.3954258762313255e-34,200.0,61.3,-184.23959772120577,-1.0714943710697487,-0.887089901723144,-9.892726421740203,0.0,0.0,-27.832104698289324,-7.856826208961305,-3.4395708961892173,-5.766284605572261,-5.449816187011117,-14.864498758424562
1473,3500029.21,28,34.999990229813335,35.0,291.9,0,0.0,0.842903869124071,0.15709613087592902,5.12565458241976e-34,200.0,61.3,-184.23959772120577,-1.0714943710697487,-0.887089901723144,-9.892726421740203,0.0,0.0,-27.832104698289324,-7.856826208961305,-3.4395708961892173,-5.766284605572261,-5.449816187011117,-14.864498758424562
1474,3500029.21,29,34.999990229813335,35.0,291.9,0,0.0,0.8428978893218375,0.1571021106781625,4.869371853298772e-34,200.0,61.3,-184.23959772120577,-1.0714943710697487,-0.887089901723144,-9.892726421740203,0.0,0.0,-27.832104698289324,-7.856826208961305,-3.4395708961892173,-5.766284605572261,-5.449816187011117,-14.864498758424562
1475,3500029.21,30,34.999990229813335,35.0,291.9,0,0.0,0.8428942972261784,0.1571057027738216,4.625903260633833e-34,200.0,61.3,-184.23959772120577,-1.0714943710697487,-0.887089901723144,-9.892726421740203,0.0,0.0,-27.832104698289324,-7.856826208961305,-3.4395708961892173,-5.766284605572261,-5.449816187011117,-14.864498758424562
1476,3500029.21,31,34.999990229813335,35.0,291.9,0,0.0,0.8428909402867585,0.15710905971324152,4.394608097602142e-34,200.0,61.3,-184.23959772120577,-1.0714943710697487,-0.887089901723144,-9.892726421740203,0.0,0.0,-27.832104698289324,-7.856826208961305,-3.4395708961892173,-5.766284605572261,-5.449816187011117,-14.864498758424562
1477,3500029.21,32,34.999990229813335,35.0,291.9,0,0.0,0.8428891587760922,0.15711084122390778,4.174877692722035e-34,200.0,61.3,-184.23959772120577,-1.0714943710697487,-0.887089901723144,-9.892726421740203,0.0,0.0,-27.832104698289324,-7.856826208961305,-3.4395708961892173,-5.766284605572261,-5.449816187011117,-14.864498758424562
1478,3500029.21,33,34.999990229813335,35.0,291.9,0,0.0,0.842888196250085,0.15711180374991493,3.966133808085933e-34,200.0,61.3,-184.23959772120577,-1.0714943710697487,-0.887089901723144,-9.892726421740203,0.0,0.0,-27.832104698289324,-7.856826208961305,-3.4395708961892173,-5.766284605572261,-5.449816187011117,-14.864498758424562
1479,3500029.21,34,34.999990229813335,35.0,291.9,0,0.0,0.8428886854475923,0.1571113145524077,3.7678271176816363e-34,200.0,61.3,-184.23959772120577,-1.0714943710697487,-0.887089901723144,-9.892726421740203,0.0,0.0,-27.832104698289324,-7.856826208961305,-3.4395708961892173,-5.766284605572261,-5.449816187011117,-14.864498758424562
1480,3500029.21,35,34.999990229813335,35.0,291.9,0,0.0,0.8428892031037735,0.1571107968962266,3.579435761797555e-34,200.0,61.3,-184.23959772120577,-1.0714943710697487,-0.887089901723144,-9.892726421740203,0.0,0.0,-27.832104698289324,-7.856826208961305,-3.4395708961892173,-5.766284605572261,-5.449816187011117,-14.864498758424562
1481,3500029.21,36,34.999990229813335,35.0,291.9,0,0.0,0.84289042148876,0.15710957851124008,3.400463973707677e-34,200.0,61.3,-184.23959772120577,-1.0714943710697487,-0.887089901723144,-9.892726421740203,0.0,0.0,-27.832104698289324,-7.856826208961305,-3.4395708961892173,-5.766284605572261,-5.449816187011117,-14.864498758424562
1482,3500029.21,37,34.999990229813335,35.0,291.9,0,0.0,0.8428902845679104,0.15710971543208951,3.230440775022292e-34,200.0,61.3,-184.23959772120577,-1.0714943710697487,-0.887089901723144,-9.892726421740203,0.0,0.0,-27.832104698289324,-7.856826208961305,-3.4395708961892173,-5.766284605572261,-5.449816187011117,-14.864498758424562
1483,3500029.21,38,34.999990229813335,35.0,291.9,0,0.0,0.8428915534278572,0.15710844657214285,3.0689187362711774e-34,200.0,61.3,-184.23959772120577,-1.0714943710697487,-0.887089901723144,-9.892726421740203,0.0,0.0,-27.832104698289324,-7.856826208961305,-3.4395708961892173,-5.766284605572261,-5.449816187011117,-14.864498758424562
1484,3500029.21,39,34.999990229813335,35.0,291.9,0,0.0,0.8428934832933906,0.1571065167066093,2.9154727994576185e-34,200.0,61.3,-184.23959772120577,-1.0714943710697487,-0.887089901723144,-9.892726421740203,0.0,0.0,-27.832104698289324,-7.856826208961305,-3.4395708961892173,-5.766284605572261,-5.449816187011117,-14.864498758424562
1485,3500029.21,40,34.999990229813335,35.0,291.9,0,0.0,0.8428973831979553,0.1571026168020448,2.769699159484738e-34,200.0,61.3,-184.23959772120577,-1.0714943710697487,-0.887089901723144,-9.892726421740203,0.0,0.0,-27.832104698289324,-7.856826208961305,-3.4395708961892173,-5.766284605572261,-5.449816187011117,-14.864498758424562
1486,3500029.21,41,34.999990229813335,35.0,291.9,0,0.0,0.8429011382871575,0.15709886171284249,2.631214201510501e-34,200.0,61.3,-184.23959772120577,-1.0714943710697487,-0.887089901723144,-9.892726421740203,0.0,0.0,-27.832104698289324,-7.856826208961305,-3.4395708961892173,-5.766284605572261,-5.449816187011117,-14.864498758424562
1487,3500029.21,42,34.999990229813335,35.0,291.9,0,0.0,0.8429047557334326,0.15709524426656743,2.4996534914349756e-34,200.0,61.3,-184.23959772120577,-1.0714943710697487,-0.887089901723144,-9.892726421740203,0.0,0.0,-27.832104698289324,-7.856826208961305,-3.4395708961892173,-5.766284605572261,-5.449816187011117,-14.864498758424562
1488,3500029.21,43,34.999990229813335,35.0,291.9,0,0.0,0.8429075721924898,0.15709242780751026,2.3746708168632273e-34,200.0,61.3,-184.23959772120577,-1.0714943710697487,-0.887089901723144,-9.892726421740203,0.0,0.0,-27.832104698289324,-7.856826208961305,-3.4395708961892173,-5.766284605572261,-5.449816187011117,-14.864498758424562
1489,3500029.21,44,34.999990229813335,35.0,291.9,0,0.0,0.8429102982630498,0.15708970173695028,2.2559372760200657e-34,200.0,61.3,-184.23959772120577,-1.0714943710697487,-0.887089901723144,-9.892726421740203,0.0,0.0,-27.832104698289324,-7.856826208961305,-3.4395708961892173,-5.766284605572261,-5.449816187011117,-14.864498758424562
1490,3500029.21,45,34.999990229813335,35.0,291.9,0,0.0,0.8429136076365229,0.15708639236347707,2.143140412219062e-34,200.0,61.3,-184.23959772120577,-1.0714943710697487,-0.887089901723144,-9.892726421740203,0.0,0.0,-27.832104698289324,-7.856826208961305,-3.4395708961892173,-5.766284605572261,-5.449816187011117,-14.864498758424562
1491,3500029.21,46,34.999990229813335,35.0,291.9,0,0.0,0.8429174700710287,0.15708252992897137,2.0359833916081095e-34,200.0,61.3,-184.23959772120577,-1.0714943710697487,-0.887089901723144,-9.892726421740203,0.0,0.0,-27.832104698289324,-7.856826208961305,-3.4395708961892173,-5.766284605572261,-5.449816187011117,-14.864498758424562
1492,3500029.21,47,34.999990229813335,35.0,291.9,0,0.0,0.8429198521403194,0.15708014785968064,1.934184222027704e-34,200.0,61.3,-184.23959772120577,-1.0714943710697487,-0.887089901723144,-9.892726421740203,0.0,0.0,-27.832104698289324,-7.856826208961305,-3.4395708961892173,-5.766284605572261,-5.449816187011117,-14.864498758424562
1493,3500029.21,48,34.999990229813335,35.0,291.9,0,0.0,0.8429228331359224,0.15707716686407758,1.8374750109263187e-34,200.0,61.3,-184.23959772120577,-1.0714943710697487,-0.887089901723144,-9.892726421740203,0.0,0.0,-27.832104698289324,-7.856826208961305,-3.4395708961892173,-5.766284605572261,-5.449816187011117,-14.864498758424562
1494,3500029.21,49,34.999990229813335,35.0,291.9,0,0.0,0.8429270492677254,0.1570729507322745,1.7456012603800026e-34,200.0,61.3,-184.23959772120577,-1.0714943710697487,-0.887089901723144,-9.892726421740203,0.0,0.0,-27.832104698289324,-7.856826208961305,-3.4395708961892173,-5.766284605572261,-5.449816187011117,-14.864498758424562
1495,3500029.21,0,34.999990229813335,35.0,291.9,0,0.0,0.8429311032523361,0.15706889674766394,1.6583211973610026e-34,200.0,61.3,-184.23959772120577,-1.0714943710697487,-0.887089901723144,-9.892726421740203,0.0,0.0,-27.832104698289324,-7.856826208961305,-3.4395708961892173,-5.766284605572261,-5.449816187011117,-14.864498758424562
1496,3500029.21,1,34.999990229813335,35.0,291.9,0,0.0,0.8429323373053379,0.15706766269466205,1.5754051374929525e-34,200.0,61.3,-184.23959772120577,-1.0714943710697487,-0.887089901723144,-9.892726421740203,0.0,0.0,-27.832104698289324,-7.856826208961305,-3.4395708961892173,-5.766284605572261,-5.449816187011117,-14.864498758424562
1497,3500029.21,2,34.999990229813335,35.0,291.9,0,0.0,0.8429355581446935,0.15706444185530652,1.4966348806183047e-34,200.0,61.3,-184.23959772120577,-1.0714943710697487,-0.887089901723144,-9.892726421740203,0.0,0.0,-27.832104698289324,-7.856826208961305,-3.4395708961892173,-5.766284605572261,-5.449816187011117,-14.864498758424562
1498,3500029.21,3,34.999990229813335,35.0,291.9,0,0.0,0.8429360042956214,0.15706399570437862,1.4218031365873897e-34,200.0,61.3,-184.23959772120577,-1.0714943710697487,-0.887089901723144,-9.892726421740203,0.0,0.0,-27.832104698289324,-7.856826208961305,-3.4395708961892173,-5.766284605572261,-5.449816187011117,-14.864498758424562
1499,3500029.21,4,34.999990229813335,35.0,291.9,0,0.0,0.8429364788005065,0.15706352119949352,1.35071297975802e-34,200.0,61.3,-184.23959772120577,-1.0714943710697487,-0.887089901723144,-9.892726421740203,0.0,0.0,-27.832104698289324,-7.856826208961305,-3.4395708961892173,-5.766284605572261,-5.449816187011117,-14.864498758424562
1500,3500029.21,5,34.999990229813335,35.0,291.9,0,0.0,0.8429376450454689,0.1570623549545311,1.283177330770119e-34,200.0,61.3,-184.23959772120577,-1.0714943710697487,-0.887089901723144,-9.892726421740203,0.0,0.0,-27.832104698289324,-7.856826208961305,-3.4395708961892173,-5.766284605572261,-5.449816187011117,-14.864498758424562
1501,3500029.21,6,34.999990229813335,35.0,291.9,0,0.0,0.8429401316177365,0.15705986838226346,1.219018464231613e-34,200.0,61.3,-184.23959772120577,-1.0714943710697487,-0.887089901723144,-9.892726421740203,0.0,0.0,-27.832104698289324,-7.856826208961305,-3.4395708961892173,-5.766284605572261,-5.449816187011117,-14.864498758424562
1502,3500029.21,7,34.999990229813335,35.0,291.9,0,0.0,0.8429418791778548,0.15705812082214515,1.1580675410200322e-34,200.0,61.3,-184.23959772120577,-1.0714943710697487,-0.887089901723144,-9.892726421740203,0.0,0.0,-27.832104698289324,-7.856826208961305,-3.4395708961892173,-5.766284605572261,-5.449816187011117,-14.864498758424562
1503,3500029.21,8,34.999990229813335,35.0,291.9,0,0.0,0.8429429254202299,0.15705707457977022,1.1001641639690308e-34,200.0,61.3,-184.23959772120577,-1.0714943710697487,-0.887089901723144,-9.892726421740203,0.0,0.0,-27.832104698289324,-7.856826208961305,-3.4395708961892173,-5.766284605572261,-5.449816187011117,-14.864498758424562
1504,3500029.21,9,34.999990229813335,35.0,291.9,0,0.0,0.8429426429941953,0.15705735700580464,1.0451559557705792e-34,200.0,61.3,-184.23959772120577,-1.0714943710697487,-0.887089901723144,-9.892726421740203,0.0,0.0,-27.832104698289324,-7.856826208961305,-3.4395708961892173,-5.766284605572261,-5.449816187011117,-14.864498758424562
1505,3500029.21,10,34.999990229813335,35.0,291.9,0,0.0,0.8429410997010164,0.1570589002989836,9.928981579820501e-35,200.0,61.3,-184.23959772120577,-1.0714943710697487,-0.887089901723144,-9.892726421740203,0.0,0.0,-27.832104698289324,-7.856826208961305,-3.4395708961892173,-5.766284605572261,-5.449816187011117,-14.864498758424562
1506,3500029.21,11,34.999990229813335,35.0,291.9,0,0.0,0.8429376972356017,0.1570623027643982,9.432532500829475e-35,200.0,61.3,-184.23959772120577,-1.0714943710697487,-0.887089901723144,-9.892726421740203,0.0,0.0,-27.832104698289324,-7.856826208961305,-3.4395708961892173,-5.766284605572261,-5.449816187011117,-14.864498758424562
1507,3500029.21,12,34.999990229813335,35.0,291.9,0,0.0,0.8429345177039587,0.1570654822960414,8.960905875788002e-35,200.0,61.3,-184.23959772120577,-1.0714943710697487,-0.887089901723144,-9.892726421740203,0.0,0.0,-27.832104698289324,-7.856826208961305,-3.4395708961892173,-5.766284605572261,-5.449816187011117,-14.864498758424562
1508,3500029.21,13,34.999990229813335,35.0,291.9,0,0.0,0.8429308879812428,0.15706911201875715,8.512860581998602e-35,200.0,61.3,-184.23959772120577,-1.0714943710697487,-0.887089901723144,-9.892726421740203,0.0,0.0,-27.832104698289324,-7.856826208961305,-3.4395708961892173,-5.766284605572261,-5.449816187011117,-14.864498758424562
1509,3500029.21,14,34.999990229813335,35.0,291.9,0,0.0,0.8429274928613499,0.15707250713865012,8.087217552898673e-35,200.0,61.3,-184.23959772120577,-1.0714943710697487,-0.887089901723144,-9.892726421740203,0.0,0.0,-27.832104698289324,-7.856826208961305,-3.4395708961892173,-5.766284605572261,-5.449816187011117,-14.864498758424562
1510,3500029.21,15,34.999990229813335,35.0,291.9,0,0.0,0.8429229982479526,0.15707700175204747,7.68285667525374e-35,200.0,61.3,-184.23959772120577,-1.0714943710697487,-0.887089901723144,-9.892726421740203,0.0,0.0,-27.832104698289324,-7.856826208961305,-3.4395708961892173,-5.766284605572261,-5.449816187011117,-14.864498758424562
1511,3500029.21,16,34.999990229813335,35.0,291.9,0,0.0,0.8429148158634008,0.1570851841365993,7.298713841491053e-35,200.0,61.3,-184.23959772120577,-1.0714943710697487,-0.887089901723144,-9.892726421740203,0.0,0.0,-27.832104698289324,-7.856826208961305,-3.4395708961892173,-5.766284605572261,-5.449816187011117,-14.864498758424562
1512,3500029.21,17,34.999990229813335,35.0,291.9,0,0.0,0.8429070990747292,0.1570929009252708,6.9337781494165e-35,200.0,61.3,-184.23959772120577,-1.0714943710697487,-0.887089901723144,-9.892726421740203,0.0,0.0,-27.832104698289324,-7.856826208961305,-3.4395708961892173,-5.766284605572261,-5.449816187011117,-14.864498758424562
1513,3500029.21,18,34.999990229813335,35.0,291.9,0,0.0,0.842899824526481,0.1571001754735189,6.587089241945675e-35,200.0,61.3,-184.23959772120577,-1.0714943710697487,-0.887089901723144,-9.892726421740203,0.0,0.0,-27.832104698289324,-7.856826208961305,-3.4395708961892173,-5.766284605572261,-5.449816187011117,-14.864498758424562
1514,3500029.21,19,34.999990229813335,35.0,291.9,0,0.0,0.8428916498651379,0.15710835013486218,6.257734779848392e-35,200.0,61.3,-184.23959772120577,-1.0714943710697487,-0.887089901723144,-9.892726421740203,0.0,0.0,-27.832104698289324,-7.856826208961305,-3.4395708961892173,-5.766284605572261,-5.449816187011117,-14.864498758424562
1515,3500029.21,20,34.999990229813335,35.0,291.9,0,0.0,0.842883281305521,0.15711671869447894,5.944848040855972e-35,200.0,61.3,-184.23959772120577,-1.0714943710697487,-0.887089901723144,-9.892726421740203,0.0,0.0,-27.832104698289324,-7.856826208961305,-3.4395708961892173,-5.766284605572261,-5.449816187011117,-14.864498758424562
1516,3500029.21,21,34.999990229813335,35.0,291.9,0,0.0,0.8428727504758954,0.15712724952410462,5.647605638813175e-35,200.0,61.3,-184.23959772120577,-1.0714943710697487,-0.887089901723144,-9.892726421740203,0.0,0.0,-27.832104698289324,-7.856826208961305,-3.4395708961892173,-5.766284605572261,-5.449816187011117,-14.864498758424562
1517,3500029.21,22,34.999990229813335,35.0,291.9,0,0.0,0.8428654418282523,0.15713455817174765,5.365225356872517e-35,200.0,61.3,-184.23959772120577,-1.0714943710697487,-0.887089901723144,-9.892726421740203,0.0,0.0,-27.832104698289324,-7.856826208961305,-3.4395708961892173,-5.766284605572261,-5.449816187011117,-14.864498758424562
1518,3500029.21,23,34.999990229813335,35.0,291.9,0,0.0,0.8428605310176385,0.15713946898236153,5.096964089028892e-35,200.0,61.3,-184.23959772120577,-1.0714943710697487,-0.887089901723144,-9.892726421740203,0.0,0.0,-27.832104698289324,-7.856826208961305,-3.4395708961892173,-5.766284605572261,-5.449816187011117,-14.864498758424562
1519,3500029.21,24,34.999990229813335,35.0,291.9,0,0.0,0.8428546059744134,0.15714539402558653,4.842115884577447e-35,200.0,61.3,-184.23959772120577,-1.0714943710697487,-0.887089901723144,-9.892726421740203,0.0,0.0,-27.832104698289324,-7.856826208961305,-3.4395708961892173,-5.766284605572261,-5.449816187011117,-14.864498758424562
1520,3500029.21,25,34.999990229813335,35.0,291.9,0,0.0,0.8428496914077169,0.15715030859228307,4.600010090348575e-35,200.0,61.3,-184.23959772120577,-1.0714943710697487,-0.887089901723144,-9.892726421740203,0.0,0.0,-27.832104698289324,-7.856826208961305,-3.4395708961892173,-5.766284605572261,-5.449816187011117,-14.864498758424562
1521,3500029.21,26,34.999990229813335,35.0,291.9,0,0.0,0.8428444217903945,0.1571555782096055,4.370009585831146e-35,200.0,61.3,-184.23959772120577,-1.0714943710697487,-0.887089901723144,-9.892726421740203,0.0,0.0,-27.832104698289324,-7.856826208961305,-3.4395708961892173,-5.766284605572261,-5.449816187011117,-14.864498758424562
1522,3500029.21,27,34.999990229813335,35.0,291.9,0,0.0,0.8428407853353811,0.15715921466461888,4.1515091065395885e-35,200.0,61.3,-184.23959772120577,-1.0714943710697487,-0.887089901723144,-9.892726421740203,0.0,0.0,-27.832104698289324,-7.856826208961305,-3.4395708961892173,-5.766284605572261,-5.449816187011117,-14.864498758424562
1523,3500029.21,28,34.999990229813335,35.0,291.9,0,0.0,0.8428354179363328,0.1571645820636673,3.9439336512126095e-35,200.0,61.3,-184.23959772120577,-1.0714943710697487,-0.887089901723144,-9.892726421740203,0.0,0.0,-27.832104698289324,-7.856826208961305,-3.4395708961892173,-5.766284605572261,-5.449816187011117,-14.864498758424562
1524,3500029.21,29,34.999990229813335,35.0,291.9,0,0.0,0.8428343092050722,0.15716569079492776,3.7467369686519786e-35,200.0,61.3,-184.23959772120577,-1.0714943710697487,-0.887089901723144,-9.892726421740203,0.0,0.0,-27.832104698289324,-7.856826208961305,-3.4395708961892173,-5.766284605572261,-5.449816187011117,-14.864498758424562
1525,3500029.21,30,34.999990229813335,35.0,291.9,0,0.0,0.8428326551921154,0.1571673448078847,3.55940012021938e-35,200.0,61.3,-184.23959772120577,-1.0714943710697487,-0.887089901723144,-9.892726421740203,0.0,0.0,-27.832104698289324,-7.856826208961305,-3.4395708961892173,-5.766284605572261,-5.449816187011117,-14.864498758424562
1526,3500029.21,31,34.999990229813335,35.0,291.9,0,0.0,0.8428331015686165,0.15716689843138354,3.381430114208411e-35,200.0,61.3,-184.23959772120577,-1.0714943710697487,-0.887089901723144,-9.892726421740203,0.0,0.0,-27.832104698289324,-7.856826208961305,-3.4395708961892173,-5.766284605572261,-5.449816187011117,-14.864498758424562
1527,3500029.21,32,34.999990229813335,35.0,291.9,0,0.0,0.8428348862335046,0.1571651137664955,3.21235860849799e-35,200.0,61.3,-184.23959772120577,-1.0714943710697487,-0.887089901723144,-9.892726421740203,0.0,0.0,-27.832104698289324,-7.856826208961305,-3.4395708961892173,-5.766284605572261,-5.449816187011117,-14.864498758424562
1528,3500029.21,33,34.999990229813335,35.0,291.9,0,0.0,0.8428333668131228,0.15716663318687718,3.0517406780730903e-35,200.0,61.3,-184.23959772120577,-1.0714943710697487,-0.887089901723144,-9.892726421740203,0.0,0.0,-27.832104698289324,-7.856826208961305,-3.4395708961892173,-5.766284605572261,-5.449816187011117,-14.864498758424562
1529,3500029.21,34,34.999990229813335,35.0,291.9,0,0.0,0.8428313244576366,0.15716867554236333,2.899153644169436e-35,200.0,61.3,-184.23959772120577,-1.0714943710697487,-0.887089901723144,-9.892726421740203,0.0,0.0,-27.832104698289324,-7.856826208961305,-3.4395708961892173,-5.766284605572261,-5.449816187011117,-14.864498758424562
1530,3500029.21,35,34.999990229813335,35.0,291.9,0,0.0,0.8428307444466241,0.1571692555533759,2.7541959619609646e-35,200.0,61.3,-184.23959772120577,-1.0714943710697487,-0.887089901723144,-9.892726421740203,0.0,0.0,-27.832104698289324,-7.856826208961305,-3.4395708961892173,-5.766284605572261,-5.449816187011117,-14.864498758424562
1531,3500029.21,36,34.999990229813335,35.0,291.9,0,0.0,0.8428308993888995,0.1571691006111005,2.616486163862917e-35,200.0,61.3,-184.23959772120577,-1.0714943710697487,-0.887089901723144,-9.892726421740203,0.0,0.0,-27.832104698289324,-7.856826208961305,-3.4395708961892173,-5.766284605572261,-5.449816187011117,-14.864498758424562
1532,3500029.21,37,34.999990229813335,35.0,291.9,0,0.0,0.8428284922674921,0.15717150773250793,2.485661855669771e-35,200.0,61.3,-184.23959772120577,-1.0714943710697487,-0.887089901723144,-9.892726421740203,0.0,0.0,-27.832104698289324,-7.856826208961305,-3.4395708961892173,-5.766284605572261,-5.449816187011117,-14.864498758424562
1533,3500029.21,38,34.999990229813335,35.0,291.9,0,0.0,0.842827563511771,0.15717243648822896,2.3613787628862822e-35,200.0,61.3,-184.23959772120577,-1.0714943710697487,-0.887089901723144,-9.892726421740203,0.0,0.0,-27.832104698289324,-7.856826208961305,-3.4395708961892173,-5.766284605572261,-5.449816187011117,-14.864498758424562
1534,3500029.21,39,34.999990229813335,35.0,291.9,0,0.0,0.8428254329498827,0.15717456705011734,2.2433098247419683e-35,200.0,61.3,-184.23959772120577,-1.0714943710697487,-0.887089901723144,-9.892726421740203,0.0,0.0,-27.832104698289324,-7.856826208961305,-3.4395708961892173,-5.766284605572261,-5.449816187011117,-14.864498758424562
1535,3500029.21,40,34.999990229813335,35.0,291.9,0,0.0,0.8428208599288236,0.15717914007117637,2.1311443335048698e-35,200.0,61.3,-184.23959772120577,-1.0714943710697487,-0.887089901723144,-9.892726421740203,0.0,0.0,-27.832104698289324,-7.856826208961305,-3.4395708961892173,-5.766284605572261,-5.449816187011117,-14.864498758424562
1536,3500029.21,41,34.999990229813335,35.0,291.9,0,0.0,0.842816571993549,0.15718342800645096,2.0245871168296262e-35,200.0,61.3,-184.23959772120577,-1.0714943710697487,-0.887089901723144,-9.892726421740203,0.0,0.0,-27.832104698289324,-7.856826208961305,-3.4395708961892173,-5.766284605572261,-5.449816187011117,-14.864498758424562
1537,3500029.21,42,34.999990229813335,35.0,291.9,0,0.0,0.8428106036747511,0.15718939632524892,1.923357760988145e-35,200.0,61.3,-184.23959772120577,-1.0714943710697487,-0.887089901723144,-9.892726421740203,0.0,0.0,-27.832104698289324,-7.856826208961305,-3.4395708961892173,-5.766284605572261,-5.449816187011117,-14.864498758424562
1538,3500029.21,43,34.999990229813335,35.0,291.9,0,0.0,0.8428056413903042,0.15719435860969572,1.8271898729387378e-35,200.0,61.3,-184.23959772120577,-1.0714943710697487,-0.887089901723144,-9.892726421740203,0.0,0.0,-27.832104698289324,-7.856826208961305,-3.4395708961892173,-5.766284605572261,-5.449816187011117,-14.864498758424562
1539,3500029.21,44,34.999990229813335,35.0,291.9,0,0.0,0.8427977354088543,0.15720226459114567,1.7358303792918008e-35,200.0,61.3,-184.23959772120577,-1.0714943710697487,-0.887089901723144,-9.892726421740203,0.0,0.0,-27.832104698289324,-7.856826208961305,-3.4395708961892173,-5.766284605572261,-5.449816187011117,-14.864498758424562
1540,3500029.21,45,34.999990229813335,35.0,291.9,0,0.0,0.8427915828378498,0.1572084171621502,1.649038860327211e-35,200.0,61.3,-184.23959772120577,-1.0714943710697487,-0.887089901723144,-9.892726421740203,0.0,0.0,-27.832104698289324,-7.856826208961305,-3.4395708961892173,-5.766284605572261,-5.449816187011117,-14.864498758424562
1541,3500029.21,46,34.999990229813335,35.0,291.9,0,0.0,0.8427851471121987,0.15721485288780138,1.5665869173108504e-35,200.0,61.3,-184.23959772120577,-1.0714943710697487,-0.887089901723144,-9.892726421740203,0.0,0.0,-27.832104698289324,-7.856826208961305,-3.4395708961892173,-5.766284605572261,-5.449816187011117,-14.864498758424562
1542,3500029.21,47,34.999990229813335,35.0,291.9,0,0.0,0.8427777943427793,0.15722220565722067,1.4882575714453077e-35,200.0,61.3,-184.23959772120577,-1.0714943710697487,-0.887089901723144,-9.892726421740203,0.0,0.0,-27.832104698289324,-7.856826208961305,-3.4395708961892173,-5.766284605572261,-5.449816187011117,-14.864498758424562
1543,3500029.21,48,34.999990229813335,35.0,291.9,0,0.0,0.8427708685677637,0.15722913143223624,1.4138446928730424e-35,200.0,61.3,-184.23959772120577,-1.0714943710697487,-0.887089901723144,-9.892726421740203,0.0,0.0,-27.832104698289324,-7.856826208961305,-3.4395708961892173,-5.766284605572261,-5.449816187011117,-14.864498758424562
1544,3500029.21,49,34.999990229813335,35.0,291.9,0,0.0,0.8427656440421505,0.1572343559578495,1.34315245822939e-35,200.0,61.3,-184.23959772120577,-1.0714943710697487,-0.887089901723144,-9.892726421740203,0.0,0.0,-27.832104698289324,-7.856826208961305,-3.4395708961892173,-5.766284605572261,-5.449816187011117,-14.864498758424562
1545,3500029.21,0,34.999990229813335,35.0,291.9,0,0.0,0.84275944426029,0.15724055573971002,1.275994835317921e-35,200.0,61.3,-184.23959772120577,-1.0714943710697487,-0.887089901723144,-9.892726421740203,0.0,0.0,-27.832104698289324,-7.856826208961305,-3.4395708961892173,-5.766284605572261,-5.449816187011117,-14.864498758424562
1546,3500029.21,1,34.999990229813335,35.0,291.9,0,0.0,0.8427529664766306,0.15724703352336944,1.2121950935520247e-35,200.0,61.3,-184.23959772120577,-1.0714943710697487,-0.887089901723144,-9.892726421740203,0.0,0.0,-27.832104698289324,-7.856826208961305,-3.4395708961892173,-5.766284605572261,-5.449816187011117,-14.864498758424562
1547,3500029.21,2,34.999990229813335,35.0,291.9,0,0.0,0.8427481653394516,0.15725183466054832,1.1515853388744234e-35,200.0,61.3,-184.23959772120577,-1.0714943710697487,-0.887089901723144,-9.892726421740203,0.0,0.0,-27.832104698289324,-7.856826208961305,-3.4395708961892173,-5.766284605572261,-5.449816187011117,-14.864498758424562
1548,3500029.21,3,34.999990229813335,35.0,291.9,0,0.0,0.8427404310795579,0.15725956892044218,1.0940060719307024e-35,200.0,61.3,-184.23959772120577,-1.0714943710697487,-0.887089901723144,-9.892726421740203,0.0,0.0,-27.832104698289324,-7.856826208961305,-3.4395708961892173,-5.766284605572261,-5.449816187011117,-14.864498758424562
1549,3500029.21,4,34.999990229813335,35.0,291.9,0,0.0,0.8427299123930365,0.1572700876069635,1.0393057683341672e-35,200.0,61.3,-184.23959772120577,-1.0714943710697487,-0.887089901723144,-9.892726421740203,0.0,0.0,-27.832104698289324,-7.856826208961305,-3.4395708961892173,-5.766284605572261,-5.449816187011117,-14.864498758424562
1550,3500029.21,5,34.999990229813335,35.0,291.9,0,0.0,0.8427212743958525,0.15727872560414752,9.873404799174588e-36,200.0,61.3,-184.23959772120577,-1.0714943710697487,-0.887089901723144,-9.892726421740203,0.0,0.0,-27.832104698289324,-7.856826208961305,-3.4395708961892173,-5.766284605572261,-5.449816187011117,-14.864498758424562
1551,3500029.21,6,34.999990229813335,35.0,291.9,0,0.0,0.8427144209206453,0.15728557907935478,9.379734559215859e-36,200.0,61.3,-184.23959772120577,-1.0714943710697487,-0.887089901723144,-9.892726421740203,0.0,0.0,-27.832104698289324,-7.856826208961305,-3.4395708961892173,-5.766284605572261,-5.449816187011117,-14.864498758424562
1552,3500029.21,7,34.999990229813335,35.0,291.9,0,0.0,0.8427073259244382,0.15729267407556188,8.910747831255065e-36,200.0,61.3,-184.23959772120577,-1.0714943710697487,-0.887089901723144,-9.892726421740203,0.0,0.0,-27.832104698289324,-7.856826208961305,-3.4395708961892173,-5.766284605572261,-5.449816187011117,-14.864498758424562
1553,3500029.21,8,34.999990229813335,35.0,291.9,0,0.0,0.8427045128667824,0.1572954871332177,8.465210439692312e-36,200.0,61.3,-184.23959772120577,-1.0714943710697487,-0.887089901723144,-9.892726421740203,0.0,0.0,-27.832104698289324,-7.856826208961305,-3.4395708961892173,-5.766284605572261,-5.449816187011117,-14.864498758424562
1554,3500029.21,9,34.999990229813335,35.0,291.9,0,0.0,0.842699323638764,0.15730067636123604,8.041949917707696e-36,200.0,61.3,-184.23959772120577,-1.0714943710697487,-0.887089901723144,-9.892726421740203,0.0,0.0,-27.832104698289324,-7.856826208961305,-3.4395708961892173,-5.766284605572261,-5.449816187011117,-14.864498758424562
1555,3500029.21,10,34.999990229813335,35.0,291.9,0,0.0,0.8426931666674236,0.1573068333325764,7.639852421822311e-36,200.0,61.3,-184.23959772120577,-1.0714943710697487,-0.887089901723144,-9.892726421740203,0.0,0.0,-27.832104698289324,-7.856826208961305,-3.4395708961892173,-5.766284605572261,-5.449816187011117,-14.864498758424562
1556,3500029.21,11,34.999990229813335,35.0,291.9,0,0.0,0.8426880217233313,0.15731197827666865,7.257859800731197e-36,200.0,61.3,-184.23959772120577,-1.0714943710697487,-0.887089901723144,-9.892726421740203,0.0,0.0,-27.832104698289324,-7.856826208961305,-3.4395708961892173,-5.766284605572261,-5.449816187011117,-14.864498758424562
1557,3500029.21,12,34.999990229813335,35.0,291.9,0,0.0,0.8426851224903142,0.1573148775096857,6.894966810694637e-36,200.0,61.3,-184.23959772120577,-1.0714943710697487,-0.887089901723144,-9.892726421740203,0.0,0.0,-27.832104698289324,-7.856826208961305,-3.4395708961892173,-5.766284605572261,-5.449816187011117,-14.864498758424562
1558,3500029.21,13,34.999990229813335,35.0,291.9,0,0.0,0.8426817850822137,0.15731821491778633,6.550218470159906e-36,200.0,61.3,-184.23959772120577,-1.0714943710697487,-0.887089901723144,-9.892726421740203,0.0,0.0,-27.832104698289324,-7.856826208961305,-3.4395708961892173,-5.766284605572261,-5.449816187011117,-14.864498758424562
1559,3500029.21,14,34.999990229813335,35.0,291.9,0,0.0,0.8426818818933777,0.1573181181066223,6.22270754665191e-36,200.0,61.3,-184.23959772120577,-1.0714943710697487,-0.887089901723144,-9.892726421740203,0.0,0.0,-27.832104698289324,-7.856826208961305,-3.4395708961892173,-5.766284605572261,-5.449816187011117,-14.864498758424562
1560,3500029.21,15,34.999990229813335,35.0,291.9,0,0.0,0.8426807489870692,0.1573192510129307,5.9115721693193144e-36,200.0,61.3,-184.23959772120577,-1.0714943710697487,-0.887089901723144,-9.892726421740203,0.0,0.0,-27.832104698289324,-7.856826208961305,-3.4395708961892173,-5.766284605572261,-5.449816187011117,-14.864498758424562
1561,3500029.21,16,34.999990229813335,35.0,291.9,0,0.0,0.8426803713673636,0.15731962863263638,5.615993560853349e-36,200.0,61.3,-184.23959772120577,-1.0714943710697487,-0.887089901723144,-9.892726421740203,0.0,0.0,-27.832104698289324,-7.856826208961305,-3.4395708961892173,-5.766284605572261,-5.449816187011117,-14.864498758424562
1562,3500029.21,17,34.999990229813335,35.0,291.9,0,0.0,0.8426800701094568,0.15731992989054316,5.335193882810681e-36,200.0,61.3,-184.23959772120577,-1.0714943710697487,-0.887089901723144,-9.892726421740203,0.0,0.0,-27.832104698289324,-7.856826208961305,-3.4395708961892173,-5.766284605572261,-5.449816187011117,-14.864498758424562
1563,3500029.21,18,34.999990229813335,35.0,291.9,0,0.0,0.8426779215865698,0.15732207841343018,5.068434188670147e-36,200.0,61.3,-184.23959772120577,-1.0714943710697487,-0.887089901723144,-9.892726421740203,0.0,0.0,-27.832104698289324,-7.856826208961305,-3.4395708961892173,-5.766284605572261,-5.449816187011117,-14.864498758424562
1564,3500029.21,19,34.999990229813335,35.0,291.9,0,0.0,0.8426759390776314,0.1573240609223686,4.81501247923664e-36,200.0,61.3,-184.23959772120577,-1.0714943710697487,-0.887089901723144,-9.892726421740203,0.0,0.0,-27.832104698289324,-7.856826208961305,-3.4395708961892173,-5.766284605572261,-5.449816187011117,-14.864498758424562
1565,3500029.21,20,34.999990229813335,35.0,291.9,0,0.0,0.8426715567264581,0.15732844327354195,4.574261855274808e-36,200.0,61.3,-184.23959772120577,-1.0714943710697487,-0.887089901723144,-9.892726421740203,0.0,0.0,-27.832104698289324,-7.856826208961305,-3.4395708961892173,-5.766284605572261,-5.449816187011117,-14.864498758424562
1566,3500029.21,21,34.999990229813335,35.0,291.9,0,0.0,0.8426668144380569,0.15733318556194315,4.345548762511068e-36,200.0,61.3,-184.23959772120577,-1.0714943710697487,-0.887089901723144,-9.892726421740203,0.0,0.0,-27.832104698289324,-7.856826208961305,-3.4395708961892173,-5.766284605572261,-5.449816187011117,-14.864498758424562
1567,3500029.21,22,34.999990229813335,35.0,291.9,0,0.0,0.8426617308826095,0.15733826911739052,4.1282713243855145e-36,200.0,61.3,-184.23959772120577,-1.0714943710697487,-0.887089901723144,-9.892726421740203,0.0,0.0,-27.832104698289324,-7.856826208961305,-3.4395708961892173,-5.766284605572261,-5.449816187011117,-14.864498758424562
1568,3500029.21,23,34.999990229813335,35.0,291.9,0,0.0,0.8426556852153237,0.1573443147846763,3.921857758166239e-36,200.0,61.3,-184.23959772120577,-1.0714943710697487,-0.887089901723144,-9.892726421740203,0.0,0.0,-27.832104698289324,-7.856826208961305,-3.4395708961892173,-5.766284605572261,-5.449816187011117,-14.864498758424562
1569,3500029.21,24,34.999990229813335,35.0,291.9,0,0.0,0.8426474498791026,0.15735255012089738,3.725764870257927e-36,200.0,61.3,-184.23959772120577,-1.0714943710697487,-0.887089901723144,-9.892726421740203,0.0,0.0,-27.832104698289324,-7.856826208961305,-3.4395708961892173,-5.766284605572261,-5.449816187011117,-14.864498758424562
1570,3500029.21,25,34.999990229813335,35.0,291.9,0,0.0,0.8426390512717741,0.15736094872822592,3.539476626745031e-36,200.0,61.3,-184.23959772120577,-1.0714943710697487,-0.887089901723144,-9.892726421740203,0.0,0.0,-27.832104698289324,-7.856826208961305,-3.4395708961892173,-5.766284605572261,-5.449816187011117,-14.864498758424562
1571,3500029.21,26,34.999990229813335,35.0,291.9,0,0.0,0.8426343239724309,0.15736567602756915,3.3625027954077796e-36,200.0,61.3,-184.23959772120577,-1.0714943710697487,-0.887089901723144,-9.892726421740203,0.0,0.0,-27.832104698289324,-7.856826208961305,-3.4395708961892173,-5.766284605572261,-5.449816187011117,-14.864498758424562
1572,3500029.21,27,34.999990229813335,35.0,291.9,0,0.0,0.8426286202588843,0.15737137974111576,3.194377655637391e-36,200.0,61.3,-184.23959772120577,-1.0714943710697487,-0.887089901723144,-9.892726421740203,0.0,0.0,-27.832104698289324,-7.856826208961305,-3.4395708961892173,-5.766284605572261,-5.449816187011117,-14.864498758424562
1573,3500029.21,28,34.999990229813335,35.0,291.9,0,0.0,0.8426226270335181,0.1573773729664819,3.034658772855521e-36,200.0,61.3,-184.23959772120577,-1.0714943710697487,-0.887089901723144,-9.892726421740203,0.0,0.0,-27.832104698289324,-7.856826208961305,-3.4395708961892173,-5.766284605572261,-5.449816187011117,-14.864498758424562
1574,3500029.21,29,34.999990229813335,35.0,291.9,0,0.0,0.8426157229327538,0.15738427706724628,2.882925834212745e-36,200.0,61.3,-184.23959772120577,-1.0714943710697487,-0.887089901723144,-9.892726421740203,0.0,0.0,-27.832104698289324,-7.856826208961305,-3.4395708961892173,-5.766284605572261,-5.449816187011117,-14.864498758424562
1575,3500029.21,30,34.999990229813335,35.0,291.9,0,0.0,0.8426092271740493,0.15739077282595076,2.7387795425021076e-36,200.0,61.3,-184.23959772120577,-1.0714943710697487,-0.887089901723144,-9.892726421740203,0.0,0.0,-27.832104698289324,-7.856826208961305,-3.4395708961892173,-5.766284605572261,-5.449816187011117,-14.864498758424562
1576,3500029.21,31,34.999990229813335,35.0,291.9,0,0.0,0.8426056614660489,0.1573943385339512,2.601840565377002e-36,200.0,61.3,-184.23959772120577,-1.0714943710697487,-0.887089901723144,-9.892726421740203,0.0,0.0,-27.832104698289324,-7.856826208961305,-3.4395708961892173,-5.766284605572261,-5.449816187011117,-14.864498758424562
1577,3500029.21,32,34.999990229813335,35.0,291.9,0,0.0,0.842602970296869,0.15739702970313102,2.471748537108152e-36,200.0,61.3,-184.23959772120577,-1.0714943710697487,-0.887089901723144,-9.892726421740203,0.0,0.0,-27.832104698289324,-7.856826208961305,-3.4395708961892173,-5.766284605572261,-5.449816187011117,-14.864498758424562
1578,3500029.21,33,34.999990229813335,35.0,291.9,0,0.0,0.8425985707128048,0.1574014292871952,2.3481611102527444e-36,200.0,61.3,-184.23959772120577,-1.0714943710697487,-0.887089901723144,-9.892726421740203,0.0,0.0,-27.832104698289324,-7.856826208961305,-3.4395708961892173,-5.766284605572261,-5.449816187011117,-14.864498758424562
1579,3500029.21,34,34.999990229813335,35.0,291.9,0,0.0,0.8425944530966747,0.15740554690332528,2.230753054740107e-36,200.0,61.3,-184.23959772120577,-1.0714943710697487,-0.887089901723144,-9.892726421740203,0.0,0.0,-27.832104698289324,-7.856826208961305,-3.4395708961892173,-5.766284605572261,-5.449816187011117,-14.864498758424562
1580,3500029.21,35,34.999990229813335,35.0,291.9,0,0.0,0.842591870910824,0.15740812908917606,2.1192154020031014e-36,200.0,61.3,-184.23959772120577,-1.0714943710697487,-0.887089901723144,-9.892726421740203,0.0,0.0,-27.832104698289324,-7.856826208961305,-3.4395708961892173,-5.766284605572261,-5.449816187011117,-14.864498758424562
1581,3500029.21,36,34.999990229813335,35.0,291.9,0,0.0,0.8425907453302681,0.15740925466973194,2.0132546319029462e-36,200.0,61.3,-184.23959772120577,-1.0714943710697487,-0.887089901723144,-9.892726421740203,0.0,0.0,-27.832104698289324,-7.856826208961305,-3.4395708961892173,-5.766284605572261,-5.449816187011117,-14.864498758424562
1582,3500029.21,37,34.999990229813335,35.0,291.9,0,0.0,0.8425891033461675,0.15741089665383248,1.9125919003077987e-36,200.0,61.3,-184.23959772120577,-1.0714943710697487,-0.887089901723144,-9.892726421740203,0.0,0.0,-27.832104698289324,-7.856826208961305,-3.4395708961892173,-5.766284605572261,-5.449816187011117,-14.864498758424562
1583,3500029.21,38,34.999990229813335,35.0,291.9,0,0.0,0.8425863388896074,0.15741366111039257,1.8169623052924087e-36,200.0,61.3,-184.23959772120577,-1.0714943710697487,-0.887089901723144,-9.892726421740203,0.0,0.0,-27.832104698289324,-7.856826208961305,-3.4395708961892173,-5.766284605572261,-5.449816187011117,-14.864498758424562
1584,3500029.21,39,34.999990229813335,35.0,291.9,0,0.0,0.8425844059781246,0.15741559402187538,1.7261141900277882e-36,200.0,61.3,-184.23959772120577,-1.0714943710697487,-0.887089901723144,-9.892726421740203,0.0,0.0,-27.832104698289324,-7.856826208961305,-3.4395708961892173,-5.766284605572261,-5.449816187011117,-14.864498758424562
1585,3500029.21,40,34.999990229813335,35.0,291.9,0,0.0,0.8425838936226785,0.15741610637732154,1.639808480526399e-36,200.0,61.3,-184.23959772120577,-1.0714943710697487,-0.887089901723144,-9.892726421740203,0.0,0.0,-27.832104698289324,-7.856826208961305,-3.4395708961892173,-5.766284605572261,-5.449816187011117,-14.864498758424562
1586,3500029.21,41,34.999990229813335,35.0,291.9,0,0.0,0.842581572966554,0.15741842703344594,1.557818056500079e-36,200.0,61.3,-184.23959772120577,-1.0714943710697487,-0.887089901723144,-9.892726421740203,0.0,0.0,-27.832104698289324,-7.856826208961305,-3.4395708961892173,-5.766284605572261,-5.449816187011117,-14.864498758424562
1587,3500029.21,42,34.999990229813335,35.0,291.9,0,0.0,0.8425844743139435,0.15741552568605657,1.479927153675075e-36,200.0,61.3,-184.23959772120577,-1.0714943710697487,-0.887089901723144,-9.892726421740203,0.0,0.0,-27.832104698289324,-7.856826208961305,-3.4395708961892173,-5.766284605572261,-5.449816187011117,-14.864498758424562
1588,3500029.21,43,34.999990229813335,35.0,291.9,0,0.0,0.8425853981631534,0.15741460183684672,1.4059307959913212e-36,200.0,61.3,-184.23959772120577,-1.0714943710697487,-0.887089901723144,-9.892726421740203,0.0,0.0,-27.832104698289324,-7.856826208961305,-3.4395708961892173,-5.766284605572261,-5.449816187011117,-14.864498758424562
1589,3500029.21,44,34.999990229813335,35.0,291.9,0,0.0,0.8425863345816531,0.1574136654183469,1.335634256191755e-36,200.0,61.3,-184.23959772120577,-1.0714943710697487,-0.887089901723144,-9.892726421740203,0.0,0.0,-27.832104698289324,-7.856826208961305,-3.4395708961892173,-5.766284605572261,-5.449816187011117,-14.864498758424562
1590,3500029.21,45,34.999990229813335,35.0,291.9,0,0.0,0.8425885413579745,0.15741145864202558,1.2688525433821675e-36,200.0,61.3,-184.23959772120577,-1.0714943710697487,-0.887089901723144,-9.892726421740203,0.0,0.0,-27.832104698289324,-7.856826208961305,-3.4395708961892173,-5.766284605572261,-5.449816187011117,-14.864498758424562
1591,3500029.21,46,34.999990229813335,35.0,291.9,0,0.0,0.842591324316522,0.15740867568347805,1.205409916213059e-36,200.0,61.3,-184.23959772120577,-1.0714943710697487,-0.887089901723144,-9.892726421740203,0.0,0.0,-27.832104698289324,-7.856826208961305,-3.4395708961892173,-5.766284605572261,-5.449816187011117,-14.864498758424562
1592,3500029.21,47,34.999990229813335,35.0,291.9,0,0.0,0.8425927687410641,0.15740723125893585,1.145139420402406e-36,200.0,61.3,-184.23959772120577,-1.0714943710697487,-0.887089901723144,-9.892726421740203,0.0,0.0,-27.832104698289324,-7.856826208961305,-3.4395708961892173,-5.766284605572261,-5.449816187011117,-14.864498758424562
1593,3500029.21,48,34.999990229813335,35.0,291.9,0,0.0,0.8425948269956814,0.15740517300431858,1.0878824493822857e-36,200.0,61.3,-184.23959772120577,-1.0714943710697487,-0.887089901723144,-9.892726421740203,0.0,0.0,-27.832104698289324,-7.856826208961305,-3.4395708961892173,-5.766284605572261,-5.449816187011117,-14.864498758424562
1594,3500029.21,49,34.999990229813335,35.0,291.9,0,0.0,0.842594956908028,0.157405043091972,1.0334883269131713e-36,200.0,61.3,-184.23959772120577,-1.0714943710697487,-0.887089901723144,-9.892726421740203,0.0,0.0,-27.832104698289324,-7.856826208961305,-3.4395708961892173,-5.766284605572261,-5.449816187011117,-14.864498758424562
1595,3500029.21,0,34.999990229813335,35.0,291.9,0,0.0,0.8425957663907294,0.1574042336092706,9.818139105675129e-37,200.0,61.3,-184.23959772120577,-1.0714943710697487,-0.887089901723144,-9.892726421740203,0.0,0.0,-27.832104698289324,-7.856826208961305,-3.4395708961892173,-5.766284605572261,-5.449816187011117,-14.864498758424562
1596,3500029.21,1,34.999990229813335,35.0,291.9,0,0.0,0.8425978472890032,0.15740215271099675,9.327232150391372e-37,200.0,61.3,-184.23959772120577,-1.0714943710697487,-0.887089901723144,-9.892726421740203,0.0,0.0,-27.832104698289324,-7.856826208961305,-3.4395708961892173,-5.766284605572261,-5.449816187011117,-14.864498758424562
1597,3500029.21,2,34.999990229813335,35.0,291.9,0,0.0,0.8425998815050338,0.1574001184949662,8.860870542871805e-37,200.0,61.3,-184.23959772120577,-1.0714943710697487,-0.887089901723144,-9.892726421740203,0.0,0.0,-27.832104698289324,-7.856826208961305,-3.4395708961892173,-5.766284605572261,-5.449816187011117,-14.864498758424562
1598,3500029.21,3,34.999990229813335,35.0,291.9,0,0.0,0.8425993668887918,0.1574006331112082,8.417827015728214e-37,200.0,61.3,-184.23959772120577,-1.0714943710697487,-0.887089901723144,-9.892726421740203,0.0,0.0,-27.832104698289324,-7.856826208961305,-3.4395708961892173,-5.766284605572261,-5.449816187011117,-14.864498758424562
1599,3500029.21,4,34.999990229813335,35.0,291.9,0,0.0,0.8425995626470488,0.15740043735295117,7.996935664941802e-37,200.0,61.3,-184.23959772120577,-1.0714943710697487,-0.887089901723144,-9.892726421740203,0.0,0.0,-27.832104698289324,-7.856826208961305,-3.4395708961892173,-5.766284605572261,-5.449816187011117,-14.864498758424562
1600,3500029.21,5,34.999990229813335,35.0,291.9,0,0.0,0.8425991815399227,0.1574008184600772,7.597088881694712e-37,200.0,61.3,-184.23959772120577,-1.0714943710697487,-0.887089901723144,-9.892726421740203,0.0,0.0,-27.832104698289324,-7.856826208961305,-3.4395708961892173,-5.766284605572261,-5.449816187011117,-14.864498758424562
1601,3500029.21,6,34.999990229813335,35.0,291.9,0,0.0,0.842597627871693,0.15740237212830696,7.217234437609976e-37,200.0,61.3,-184.23959772120577,-1.0714943710697487,-0.887089901723144,-9.892726421740203,0.0,0.0,-27.832104698289324,-7.856826208961305,-3.4395708961892173,-5.766284605572261,-5.449816187011117,-14.864498758424562
1602,3500029.21,7,34.999990229813335,35.0,291.9,0,0.0,0.842598709938398,0.15740129006160192,6.8563727157294765e-37,200.0,61.3,-184.23959772120577,-1.0714943710697487,-0.887089901723144,-9.892726421740203,0.0,0.0,-27.832104698289324,-7.856826208961305,-3.4395708961892173,-5.766284605572261,-5.449816187011117,-14.864498758424562
1603,3500029.21,8,34.999990229813335,35.0,291.9,0,0.0,0.8425979229531281,0.15740207704687195,6.513554079943003e-37,200.0,61.3,-184.23959772120577,-1.0714943710697487,-0.887089901723144,-9.892726421740203,0.0,0.0,-27.832104698289324,-7.856826208961305,-3.4395708961892173,-5.766284605572261,-5.449816187011117,-14.864498758424562
1604,3500029.21,9,34.999990229813335,35.0,291.9,0,0.0,0.8425972341645961,0.15740276583540397,6.187876375945853e-37,200.0,61.3,-184.23959772120577,-1.0714943710697487,-0.887089901723144,-9.892726421740203,0.0,0.0,-27.832104698289324,-7.856826208961305,-3.4395708961892173,-5.766284605572261,-5.449816187011117,-14.864498758424562
1605,3500029.21,10,34.999990229813335,35.0,291.9,0,0.0,0.8425941437514086,0.15740585624859132,5.87848255714856e-37,200.0,61.3,-184.23959772120577,-1.0714943710697487,-0.887089901723144,-9.892726421740203,0.0,0.0,-27.832104698289324,-7.856826208961305,-3.4395708961892173,-5.766284605572261,-5.449816187011117,-14.864498758424562
1606,3500029.21,11,34.999990229813335,35.0,291.9,0,0.0,0.8425906446366069,0.15740935536339315,5.5845584292911326e-37,200.0,61.3,-184.23959772120577,-1.0714943710697487,-0.887089901723144,-9.892726421740203,0.0,0.0,-27.832104698289324,-7.856826208961305,-3.4395708961892173,-5.766284605572261,-5.449816187011117,-14.864498758424562
1607,3500029.21,12,34.999990229813335,35.0,291.9,0,0.0,0.8425880042033105,0.15741199579668957,5.305330507826575e-37,200.0,61.3,-184.23959772120577,-1.0714943710697487,-0.887089901723144,-9.892726421740203,0.0,0.0,-27.832104698289324,-7.856826208961305,-3.4395708961892173,-5.766284605572261,-5.449816187011117,-14.864498758424562
1608,3500029.21,13,34.999990229813335,35.0,291.9,0,0.0,0.842585555929398,0.1574144440706021,5.040063982435246e-37,200.0,61.3,-184.23959772120577,-1.0714943710697487,-0.887089901723144,-9.892726421740203,0.0,0.0,-27.832104698289324,-7.856826208961305,-3.4395708961892173,-5.766284605572261,-5.449816187011117,-14.864498758424562
1609,3500029.21,14,34.999990229813335,35.0,291.9,0,0.0,0.8425839123723199,0.15741608762768017,4.788060783313483e-37,200.0,61.3,-184.23959772120577,-1.0714943710697487,-0.887089901723144,-9.892726421740203,0.0,0.0,-27.832104698289324,-7.856826208961305,-3.4395708961892173,-5.766284605572261,-5.449816187011117,-14.864498758424562
1610,3500029.21,15,34.999990229813335,35.0,291.9,0,0.0,0.8425824105834454,0.1574175894165546,4.548657744147809e-37,200.0,61.3,-184.23959772120577,-1.0714943710697487,-0.887089901723144,-9.892726421740203,0.0,0.0,-27.832104698289324,-7.856826208961305,-3.4395708961892173,-5.766284605572261,-5.449816187011117,-14.864498758424562
1611,3500029.21,16,34.999990229813335,35.0,291.9,0,0.0,0.8425816647696586,0.1574183352303414,4.321224856940418e-37,200.0,61.3,-184.23959772120577,-1.0714943710697487,-0.887089901723144,-9.892726421740203,0.0,0.0,-27.832104698289324,-7.856826208961305,-3.4395708961892173,-5.766284605572261,-5.449816187011117,-14.864498758424562
1612,3500029.21,17,34.999990229813335,35.0,291.9,0,0.0,0.8425803943166489,0.15741960568335106,4.105163614093397e-37,200.0,61.3,-184.23959772120577,-1.0714943710697487,-0.887089901723144,-9.892726421740203,0.0,0.0,-27.832104698289324,-7.856826208961305,-3.4395708961892173,-5.766284605572261,-5.449816187011117,-14.864498758424562
1613,3500029.21,18,34.999990229813335,35.0,291.9,0,0.0,0.8425780053508043,0.15742199464919576,3.899905433388728e-37,200.0,61.3,-184.23959772120577,-1.0714943710697487,-0.887089901723144,-9.892726421740203,0.0,0.0,-27.832104698289324,-7.856826208961305,-3.4395708961892173,-5.766284605572261,-5.449816187011117,-14.864498758424562
1614,3500029.21,19,34.999990229813335,35.0,291.9,0,0.0,0.842576416258488,0.157423583741512,3.7049101617192915e-37,200.0,61.3,-184.23959772120577,-1.0714943710697487,-0.887089901723144,-9.892726421740203,0.0,0.0,-27.832104698289324,-7.856826208961305,-3.4395708961892173,-5.766284605572261,-5.449816187011117,-14.864498758424562
1615,3500029.21,20,34.999990229813335,35.0,291.9,0,0.0,0.8425743462777977,0.15742565372220224,3.5196646536333268e-37,200.0,61.3,-184.23959772120577,-1.0714943710697487,-0.887089901723144,-9.892726421740203,0.0,0.0,-27.832104698289324,-7.856826208961305,-3.4395708961892173,-5.766284605572261,-5.449816187011117,-14.864498758424562
1616,3500029.21,21,34.999990229813335,35.0,291.9,0,0.0,0.8425724397242005,0.15742756027579946,3.34368142095166e-37,200.0,61.3,-184.23959772120577,-1.0714943710697487,-0.887089901723144,-9.892726421740203,0.0,0.0,-27.832104698289324,-7.856826208961305,-3.4395708961892173,-5.766284605572261,-5.449816187011117,-14.864498758424562
1617,3500029.21,22,34.999990229813335,35.0,291.9,0,0.0,0.8425725456163708,0.1574274543836292,3.1764973499040774e-37,200.0,61.3,-184.23959772120577,-1.0714943710697487,-0.887089901723144,-9.892726421740203,0.0,0.0,-27.832104698289324,-7.856826208961305,-3.4395708961892173,-5.766284605572261,-5.449816187011117,-14.864498758424562
1618,3500029.21,23,34.999990229813335,35.0,291.9,0,0.0,0.8425733233547381,0.15742667664526191,3.0176724824088735e-37,200.0,61.3,-184.23959772120577,-1.0714943710697487,-0.887089901723144,-9.892726421740203,0.0,0.0,-27.832104698289324,-7.856826208961305,-3.4395708961892173,-5.766284605572261,-5.449816187011117,-14.864498758424562
1619,3500029.21,24,34.999990229813335,35.0,291.9,0,0.0,0.8425735021964496,0.1574264978035505,2.8667888582884297e-37,200.0,61.3,-184.23959772120577,-1.0714943710697487,-0.887089901723144,-9.892726421740203,0.0,0.0,-27.832104698289324,-7.856826208961305,-3.4395708961892173,-5.766284605572261,-5.449816187011117,-14.864498758424562
1620,3500029.21,25,34.999990229813335,35.0,291.9,0,0.0,0.8425724948018095,0.15742750519819051,2.723449415374008e-37,200.0,61.3,-184.23959772120577,-1.0714943710697487,-0.887089901723144,-9.892726421740203,0.0,0.0,-27.832104698289324,-7.856826208961305,-3.4395708961892173,-5.766284605572261,-5.449816187011117,-14.864498758424562
1621,3500029.21,26,34.999990229813335,35.0,291.9,0,0.0,0.8425722144638861,0.1574277855361139,2.5872769446053076e-37,200.0,61.3,-184.23959772120577,-1.0714943710697487,-0.887089901723144,-9.892726421740203,0.0,0.0,-27.832104698289324,-7.856826208961305,-3.4395708961892173,-5.766284605572261,-5.449816187011117,-14.864498758424562
1622,3500029.21,27,34.999990229813335,35.0,291.9,0,0.0,0.8425695378341174,0.15743046216588263,2.457913097375042e-37,200.0,61.3,-184.23959772120577,-1.0714943710697487,-0.887089901723144,-9.892726421740203,0.0,0.0,-27.832104698289324,-7.856826208961305,-3.4395708961892173,-5.766284605572261,-5.449816187011117,-14.864498758424562
1623,3500029.21,28,34.999990229813335,35.0,291.9,0,0.0,0.8425652038076583,0.15743479619234174,2.3350174425062903e-37,200.0,61.3,-184.23959772120577,-1.0714943710697487,-0.887089901723144,-9.892726421740203,0.0,0.0,-27.832104698289324,-7.856826208961305,-3.4395708961892173,-5.766284605572261,-5.449816187011117,-14.864498758424562
1624,3500029.21,29,34.999990229813335,35.0,291.9,0,0.0,0.8425629980034757,0.15743700199652433,2.2182665703809757e-37,200.0,61.3,-184.23959772120577,-1.0714943710697487,-0.887089901723144,-9.892726421740203,0.0,0.0,-27.832104698289324,-7.856826208961305,-3.4395708961892173,-5.766284605572261,-5.449816187011117,-14.864498758424562
1625,3500029.21,30,34.999990229813335,35.0,291.9,0,0.0,0.8425640427516258,0.15743595724837423,2.1073532418619268e-37,200.0,61.3,-184.23959772120577,-1.0714943710697487,-0.887089901723144,-9.892726421740203,0.0,0.0,-27.832104698289324,-7.856826208961305,-3.4395708961892173,-5.766284605572261,-5.449816187011117,-14.864498758424562
1626,3500029.21,31,34.999990229813335,35.0,291.9,0,0.0,0.8425626308069585,0.15743736919304155,2.0019855797688303e-37,200.0,61.3,-184.23959772120577,-1.0714943710697487,-0.887089901723144,-9.892726421740203,0.0,0.0,-27.832104698289324,-7.856826208961305,-3.4395708961892173,-5.766284605572261,-5.449816187011117,-14.864498758424562
1627,3500029.21,32,34.999990229813335,35.0,291.9,0,0.0,0.8425607335294705,0.15743926647052958,1.901886300780389e-37,200.0,61.3,-184.23959772120577,-1.0714943710697487,-0.887089901723144,-9.892726421740203,0.0,0.0,-27.832104698289324,-7.856826208961305,-3.4395708961892173,-5.766284605572261,-5.449816187011117,-14.864498758424562
1628,3500029.21,33,34.999990229813335,35.0,291.9,0,0.0,0.8425589909253034,0.15744100907469658,1.8067919857413694e-37,200.0,61.3,-184.23959772120577,-1.0714943710697487,-0.887089901723144,-9.892726421740203,0.0,0.0,-27.832104698289324,-7.856826208961305,-3.4395708961892173,-5.766284605572261,-5.449816187011117,-14.864498758424562
1629,3500029.21,34,34.999990229813335,35.0,291.9,0,0.0,0.8425580098387132,0.15744199016128685,1.716452386454301e-37,200.0,61.3,-184.23959772120577,-1.0714943710697487,-0.887089901723144,-9.892726421740203,0.0,0.0,-27.832104698289324,-7.856826208961305,-3.4395708961892173,-5.766284605572261,-5.449816187011117,-14.864498758424562
1630,3500029.21,35,34.999990229813335,35.0,291.9,0,0.0,0.842558365379519,0.15744163462048097,1.630629767131586e-37,200.0,61.3,-184.23959772120577,-1.0714943710697487,-0.887089901723144,-9.892726421740203,0.0,0.0,-27.832104698289324,-7.856826208961305,-3.4395708961892173,-5.766284605572261,-5.449816187011117,-14.864498758424562
1631,3500029.21,36,34.999990229813335,35.0,291.9,0,0.0,0.8425593752197541,0.15744062478024595,1.5490982787750068e-37,200.0,61.3,-184.23959772120577,-1.0714943710697487,-0.887089901723144,-9.892726421740203,0.0,0.0,-27.832104698289324,-7.856826208961305,-3.4395708961892173,-5.766284605572261,-5.449816187011117,-14.864498758424562
1632,3500029.21,37,34.999990229813335,35.0,291.9,0,0.0,0.8425634576862496,0.15743654231375034,1.4716433648362565e-37,200.0,61.3,-184.23959772120577,-1.0714943710697487,-0.887089901723144,-9.892726421740203,0.0,0.0,-27.832104698289324,-7.856826208961305,-3.4395708961892173,-5.766284605572261,-5.449816187011117,-14.864498758424562
1633,3500029.21,38,34.999990229813335,35.0,291.9,0,0.0,0.8425661669502845,0.15743383304971548,1.3980611965944437e-37,200.0,61.3,-184.23959772120577,-1.0714943710697487,-0.887089901723144,-9.892726421740203,0.0,0.0,-27.832104698289324,-7.856826208961305,-3.4395708961892173,-5.766284605572261,-5.449816187011117,-14.864498758424562
1634,3500029.21,39,34.999990229813335,35.0,291.9,0,0.0,0.8425687974274325,0.15743120257256743,1.3281581367647214e-37,200.0,61.3,-184.23959772120577,-1.0714943710697487,-0.887089901723144,-9.892726421740203,0.0,0.0,-27.832104698289324,-7.856826208961305,-3.4395708961892173,-5.766284605572261,-5.449816187011117,-14.864498758424562
1635,3500029.21,40,34.999990229813335,35.0,291.9,0,0.0,0.8425731881572041,0.15742681184279597,1.2617502299264855e-37,200.0,61.3,-184.23959772120577,-1.0714943710697487,-0.887089901723144,-9.892726421740203,0.0,0.0,-27.832104698289324,-7.856826208961305,-3.4395708961892173,-5.766284605572261,-5.449816187011117,-14.864498758424562
1636,3500029.21,41,34.999990229813335,35.0,291.9,0,0.0,0.8425780259251268,0.15742197407487318,1.1986627184301611e-37,200.0,61.3,-184.23959772120577,-1.0714943710697487,-0.887089901723144,-9.892726421740203,0.0,0.0,-27.832104698289324,-7.856826208961305,-3.4395708961892173,-5.766284605572261,-5.449816187011117,-14.864498758424562
1637,3500029.21,42,34.999990229813335,35.0,291.9,0,0.0,0.842583287469804,0.15741671253019593,1.138729582508653e-37,200.0,61.3,-184.23959772120577,-1.0714943710697487,-0.887089901723144,-9.892726421740203,0.0,0.0,-27.832104698289324,-7.856826208961305,-3.4395708961892173,-5.766284605572261,-5.449816187011117,-14.864498758424562
1638,3500029.21,43,34.999990229813335,35.0,291.9,0,0.0,0.842591391003102,0.157408608996898,1.0817931033832203e-37,200.0,61.3,-184.23959772120577,-1.0714943710697487,-0.887089901723144,-9.892726421740203,0.0,0.0,-27.832104698289324,-7.856826208961305,-3.4395708961892173,-5.766284605572261,-5.449816187011117,-14.864498758424562
1639,3500029.21,44,34.999990229813335,35.0,291.9,0,0.0,0.8426003608100424,0.15739963918995759,1.0277034482140592e-37,200.0,61.3,-184.23959772120577,-1.0714943710697487,-0.887089901723144,-9.892726421740203,0.0,0.0,-27.832104698289324,-7.856826208961305,-3.4395708961892173,-5.766284605572261,-5.449816187011117,-14.864498758424562
1640,3500029.21,45,34.999990229813335,35.0,291.9,0,0.0,0.8426107605046392,0.15738923949536077,9.763182758033565e-38,200.0,61.3,-184.23959772120577,-1.0714943710697487,-0.887089901723144,-9.892726421740203,0.0,0.0,-27.832104698289324,-7.856826208961305,-3.4395708961892173,-5.766284605572261,-5.449816187011117,-14.864498758424562
1641,3500029.21,46,34.999990229813335,35.0,291.9,0,0.0,0.8426231236991619,0.15737687630083805,9.275023620131886e-38,200.0,61.3,-184.23959772120577,-1.0714943710697487,-0.887089901723144,-9.892726421740203,0.0,0.0,-27.832104698289324,-7.856826208961305,-3.4395708961892173,-5.766284605572261,-5.449816187011117,-14.864498758424562
1642,3500029.21,47,34.999990229813335,35.0,291.9,0,0.0,0.8426349176509048,0.1573650823490952,8.811272439125291e-38,200.0,61.3,-184.23959772120577,-1.0714943710697487,-0.887089901723144,-9.892726421740203,0.0,0.0,-27.832104698289324,-7.856826208961305,-3.4395708961892173,-5.766284605572261,-5.449816187011117,-14.864498758424562
1643,3500029.21,48,34.999990229813335,35.0,291.9,0,0.0,0.8426473852881773,0.15735261471182266,8.370708817169026e-38,200.0,61.3,-184.23959772120577,-1.0714943710697487,-0.887089901723144,-9.892726421740203,0.0,0.0,-27.832104698289324,-7.856826208961305,-3.4395708961892173,-5.766284605572261,-5.449816187011117,-14.864498758424562
1644,3500029.21,49,34.999990229813335,35.0,291.9,0,0.0,0.8426580638135837,0.1573419361864164,7.952173376310575e-38,200.0,61.3,-184.23959772120577,-1.0714943710697487,-0.887089901723144,-9.892726421740203,0.0,0.0,-27.832104698289324,-7.856826208961305,-3.4395708961892173,-5.766284605572261,-5.449816187011117,-14.864498758424562
1645,3500029.21,0,34.999990229813335,35.0,291.9,0,0.0,0.8426670438256625,0.15733295617433754,7.554564707495046e-38,200.0,61.3,-184.23959772120577,-1.0714943710697487,-0.887089901723144,-9.892726421740203,0.0,0.0,-27.832104698289324,-7.856826208961305,-3.4395708961892173,-5.766284605572261,-5.449816187011117,-14.864498758424562
1646,3500029.21,1,34.999990229813335,35.0,291.9,0,0.0,0.8426774430084767,0.1573225569915233,7.176836472120294e-38,200.0,61.3,-184.23959772120577,-1.0714943710697487,-0.887089901723144,-9.892726421740203,0.0,0.0,-27.832104698289324,-7.856826208961305,-3.4395708961892173,-5.766284605572261,-5.449816187011117,-14.864498758424562
1647,3500029.21,2,34.999990229813335,35.0,291.9,0,0.0,0.8426885818370067,0.15731141816299327,6.817994648514279e-38,200.0,61.3,-184.23959772120577,-1.0714943710697487,-0.887089901723144,-9.892726421740203,0.0,0.0,-27.832104698289324,-7.856826208961305,-3.4395708961892173,-5.766284605572261,-5.449816187011117,-14.864498758424562
1648,3500029.21,3,34.999990229813335,35.0,291.9,0,0.0,0.8427004214663857,0.15729957853361434,6.477094916088565e-38,200.0,61.3,-184.23959772120577,-1.0714943710697487,-0.887089901723144,-9.892726421740203,0.0,0.0,-27.832104698289324,-7.856826208961305,-3.4395708961892173,-5.766284605572261,-5.449816187011117,-14.864498758424562
1649,3500029.21,4,34.999990229813335,35.0,291.9,0,0.0,0.8427135295144887,0.1572864704855112,6.153240170284137e-38,200.0,61.3,-184.23959772120577,-1.0714943710697487,-0.887089901723144,-9.892726421740203,0.0,0.0,-27.832104698289324,-7.856826208961305,-3.4395708961892173,-5.766284605572261,-5.449816187011117,-14.864498758424562
1650,3500029.21,5,34.999990229813335,35.0,291.9,0,0.0,0.8427254234633395,0.15727457653666058,5.845578161769931e-38,200.0,61.3,-184.23959772120577,-1.0714943710697487,-0.887089901723144,-9.892726421740203,0.0,0.0,-27.832104698289324,-7.856826208961305,-3.4395708961892173,-5.766284605572261,-5.449816187011117,-14.864498758424562
1651,3500029.21,6,34.999990229813335,35.0,291.9,0,0.0,0.8427379759417731,0.1572620240582269,5.553299253681434e-38,200.0,61.3,-184.23959772120577,-1.0714943710697487,-0.887089901723144,-9.892726421740203,0.0,0.0,-27.832104698289324,-7.856826208961305,-3.4395708961892173,-5.766284605572261,-5.449816187011117,-14.864498758424562
1652,3500029.21,7,34.999990229813335,35.0,291.9,0,0.0,0.8427499457581957,0.15725005424180424,5.275634290997362e-38,200.0,61.3,-184.23959772120577,-1.0714943710697487,-0.887089901723144,-9.892726421740203,0.0,0.0,-27.832104698289324,-7.856826208961305,-3.4395708961892173,-5.766284605572261,-5.449816187011117,-14.864498758424562
1653,3500029.21,8,34.999990229813335,35.0,291.9,0,0.0,0.8427613619906568,0.15723863800934318,5.011852576447493e-38,200.0,61.3,-184.23959772120577,-1.0714943710697487,-0.887089901723144,-9.892726421740203,0.0,0.0,-27.832104698289324,-7.856826208961305,-3.4395708961892173,-5.766284605572261,-5.449816187011117,-14.864498758424562
1654,3500029.21,9,34.999990229813335,35.0,291.9,0,0.0,0.8427722522634044,0.15722774773659567,4.76125994762512e-38,200.0,61.3,-184.23959772120577,-1.0714943710697487,-0.887089901723144,-9.892726421740203,0.0,0.0,-27.832104698289324,-7.856826208961305,-3.4395708961892173,-5.766284605572261,-5.449816187011117,-14.864498758424562
1655,3500029.21,10,34.999990229813335,35.0,291.9,0,0.0,0.8427832449509348,0.15721675504906527,4.523196950243863e-38,200.0,61.3,-184.23959772120577,-1.0714943710697487,-0.887089901723144,-9.892726421740203,0.0,0.0,-27.832104698289324,-7.856826208961305,-3.4395708961892173,-5.766284605572261,-5.449816187011117,-14.864498758424562
1656,3500029.21,11,34.999990229813335,35.0,291.9,0,0.0,0.8427913248835666,0.15720867511643352,4.29703710273167e-38,200.0,61.3,-184.23959772120577,-1.0714943710697487,-0.887089901723144,-9.892726421740203,0.0,0.0,-27.832104698289324,-7.856826208961305,-3.4395708961892173,-5.766284605572261,-5.449816187011117,-14.864498758424562
1657,3500029.21,12,34.999990229813335,35.0,291.9,0,0.0,0.8427984449287812,0.15720155507121886,4.082185247595086e-38,200.0,61.3,-184.23959772120577,-1.0714943710697487,-0.887089901723144,-9.892726421740203,0.0,0.0,-27.832104698289324,-7.856826208961305,-3.4395708961892173,-5.766284605572261,-5.449816187011117,-14.864498758424562
1658,3500029.21,13,34.999990229813335,35.0,291.9,0,0.0,0.8428076599147722,0.15719234008522773,3.878075985215332e-38,200.0,61.3,-184.23959772120577,-1.0714943710697487,-0.887089901723144,-9.892726421740203,0.0,0.0,-27.832104698289324,-7.856826208961305,-3.4395708961892173,-5.766284605572261,-5.449816187011117,-14.864498758424562
1659,3500029.21,14,34.999990229813335,35.0,291.9,0,0.0,0.8428170593813881,0.15718294061861188,3.6841721859545653e-38,200.0,61.3,-184.23959772120577,-1.0714943710697487,-0.887089901723144,-9.892726421740203,0.0,0.0,-27.832104698289324,-7.856826208961305,-3.4395708961892173,-5.766284605572261,-5.449816187011117,-14.864498758424562
1660,3500029.21,15,34.999990229813335,35.0,291.9,0,0.0,0.8428248323908194,0.15717516760918065,3.4999635766568376e-38,200.0,61.3,-184.23959772120577,-1.0714943710697487,-0.887089901723144,-9.892726421740203,0.0,0.0,-27.832104698289324,-7.856826208961305,-3.4395708961892173,-5.766284605572261,-5.449816187011117,-14.864498758424562
1661,3500029.21,16,34.999990229813335,35.0,291.9,0,0.0,0.84283286157676,0.15716713842324004,3.3249653978239957e-38,200.0,61.3,-184.23959772120577,-1.0714943710697487,-0.887089901723144,-9.892726421740203,0.0,0.0,-27.832104698289324,-7.856826208961305,-3.4395708961892173,-5.766284605572261,-5.449816187011117,-14.864498758424562
1662,3500029.21,17,34.999990229813335,35.0,291.9,0,0.0,0.8428411332652684,0.15715886673473162,3.158717127932796e-38,200.0,61.3,-184.23959772120577,-1.0714943710697487,-0.887089901723144,-9.892726421740203,0.0,0.0,-27.832104698289324,-7.856826208961305,-3.4395708961892173,-5.766284605572261,-5.449816187011117,-14.864498758424562
1663,3500029.21,18,34.999990229813335,35.0,291.9,0,0.0,0.8428490353636836,0.15715096463631648,3.000781271536156e-38,200.0,61.3,-184.23959772120577,-1.0714943710697487,-0.887089901723144,-9.892726421740203,0.0,0.0,-27.832104698289324,-7.856826208961305,-3.4395708961892173,-5.766284605572261,-5.449816187011117,-14.864498758424562
1664,3500029.21,19,34.999990229813335,35.0,291.9,0,0.0,0.842858382287053,0.157141617712947,2.850742207959348e-38,200.0,61.3,-184.23959772120577,-1.0714943710697487,-0.887089901723144,-9.892726421740203,0.0,0.0,-27.832104698289324,-7.856826208961305,-3.4395708961892173,-5.766284605572261,-5.449816187011117,-14.864498758424562
1665,3500029.21,20,34.999990229813335,35.0,291.9,0,0.0,0.8428685008752448,0.15713149912475521,2.7082050975613803e-38,200.0,61.3,-184.23959772120577,-1.0714943710697487,-0.887089901723144,-9.892726421740203,0.0,0.0,-27.832104698289324,-7.856826208961305,-3.4395708961892173,-5.766284605572261,-5.449816187011117,-14.864498758424562
1666,3500029.21,21,34.999990229813335,35.0,291.9,0,0.0,0.8428805456344026,0.1571194543655974,2.572794842683311e-38,200.0,61.3,-184.23959772120577,-1.0714943710697487,-0.887089901723144,-9.892726421740203,0.0,0.0,-27.832104698289324,-7.856826208961305,-3.4395708961892173,-5.766284605572261,-5.449816187011117,-14.864498758424562
1667,3500029.21,22,34.999990229813335,35.0,291.9,0,0.0,0.8428920286489262,0.15710797135107374,2.4441551005491457e-38,200.0,61.3,-184.23959772120577,-1.0714943710697487,-0.887089901723144,-9.892726421740203,0.0,0.0,-27.832104698289324,-7.856826208961305,-3.4395708961892173,-5.766284605572261,-5.449816187011117,-14.864498758424562
1668,3500029.21,23,34.999990229813335,35.0,291.9,0,0.0,0.8429047675660652,0.1570952324339347,2.3219473455216884e-38,200.0,61.3,-184.23959772120577,-1.0714943710697487,-0.887089901723144,-9.892726421740203,0.0,0.0,-27.832104698289324,-7.856826208961305,-3.4395708961892173,-5.766284605572261,-5.449816187011117,-14.864498758424562
1669,3500029.21,24,34.999990229813335,35.0,291.9,0,0.0,0.8429175048663815,0.15708249513361852,2.2058499782456042e-38,200.0,61.3,-184.23959772120577,-1.0714943710697487,-0.887089901723144,-9.892726421740203,0.0,0.0,-27.832104698289324,-7.856826208961305,-3.4395708961892173,-5.766284605572261,-5.449816187011117,-14.864498758424562
1670,3500029.21,25,34.999990229813335,35.0,291.9,0,0.0,0.8429278569876311,0.15707214301236896,2.0955574793333238e-38,200.0,61.3,-184.23959772120577,-1.0714943710697487,-0.887089901723144,-9.892726421740203,0.0,0.0,-27.832104698289324,-7.856826208961305,-3.4395708961892173,-5.766284605572261,-5.449816187011117,-14.864498758424562
1671,3500029.21,26,34.999990229813335,35.0,291.9,0,0.0,0.8429371359176965,0.15706286408230347,1.9907796053666577e-38,200.0,61.3,-184.23959772120577,-1.0714943710697487,-0.887089901723144,-9.892726421740203,0.0,0.0,-27.832104698289324,-7.856826208961305,-3.4395708961892173,-5.766284605572261,-5.449816187011117,-14.864498758424562
1672,3500029.21,27,34.999990229813335,35.0,291.9,0,0.0,0.8429453959197473,0.15705460408025276,1.8912406250983247e-38,200.0,61.3,-184.23959772120577,-1.0714943710697487,-0.887089901723144,-9.892726421740203,0.0,0.0,-27.832104698289324,-7.856826208961305,-3.4395708961892173,-5.766284605572261,-5.449816187011117,-14.864498758424562
1673,3500029.21,28,34.999990229813335,35.0,291.9,0,0.0,0.8429514984405673,0.15704850155943278,1.7966785938434084e-38,200.0,61.3,-184.23959772120577,-1.0714943710697487,-0.887089901723144,-9.892726421740203,0.0,0.0,-27.832104698289324,-7.856826208961305,-3.4395708961892173,-5.766284605572261,-5.449816187011117,-14.864498758424562
1674,3500029.21,29,34.999990229813335,35.0,291.9,0,0.0,0.8429561477637234,0.15704385223627662,1.7068446641512378e-38,200.0,61.3,-184.23959772120577,-1.0714943710697487,-0.887089901723144,-9.892726421740203,0.0,0.0,-27.832104698289324,-7.856826208961305,-3.4395708961892173,-5.766284605572261,-5.449816187011117,-14.864498758424562
1675,3500029.21,30,34.999990229813335,35.0,291.9,0,0.0,0.8429617958407779,0.15703820415922207,1.6215024309436758e-38,200.0,61.3,-184.23959772120577,-1.0714943710697487,-0.887089901723144,-9.892726421740203,0.0,0.0,-27.832104698289324,-7.856826208961305,-3.4395708961892173,-5.766284605572261,-5.449816187011117,-14.864498758424562
1676,3500029.21,31,34.999990229813335,35.0,291.9,0,0.0,0.8429666089370984,0.15703339106290157,1.540427309396492e-38,200.0,61.3,-184.23959772120577,-1.0714943710697487,-0.887089901723144,-9.892726421740203,0.0,0.0,-27.832104698289324,-7.856826208961305,-3.4395708961892173,-5.766284605572261,-5.449816187011117,-14.864498758424562
1677,3500029.21,32,34.999990229813335,35.0,291.9,0,0.0,0.8429706294004372,0.1570293705995628,1.4634059439266674e-38,200.0,61.3,-184.23959772120577,-1.0714943710697487,-0.887089901723144,-9.892726421740203,0.0,0.0,-27.832104698289324,-7.856826208961305,-3.4395708961892173,-5.766284605572261,-5.449816187011117,-14.864498758424562
1678,3500029.21,33,34.999990229813335,35.0,291.9,0,0.0,0.8429733038870136,0.15702669611298636,1.390235646730334e-38,200.0,61.3,-184.23959772120577,-1.0714943710697487,-0.887089901723144,-9.892726421740203,0.0,0.0,-27.832104698289324,-7.856826208961305,-3.4395708961892173,-5.766284605572261,-5.449816187011117,-14.864498758424562
1679,3500029.21,34,34.999990229813335,35.0,291.9,0,0.0,0.8429741073630779,0.1570258926369221,1.3207238643938174e-38,200.0,61.3,-184.23959772120577,-1.0714943710697487,-0.887089901723144,-9.892726421740203,0.0,0.0,-27.832104698289324,-7.856826208961305,-3.4395708961892173,-5.766284605572261,-5.449816187011117,-14.864498758424562
1680,3500029.21,35,34.999990229813335,35.0,291.9,0,0.0,0.8429731348326613,0.15702686516733871,1.2546876711741268e-38,200.0,61.3,-184.23959772120577,-1.0714943710697487,-0.887089901723144,-9.892726421740203,0.0,0.0,-27.832104698289324,-7.856826208961305,-3.4395708961892173,-5.766284605572261,-5.449816187011117,-14.864498758424562
1681,3500029.21,36,34.999990229813335,35.0,291.9,0,0.0,0.842972255773423,0.15702774422657695,1.1919532876154204e-38,200.0,61.3,-184.23959772120577,-1.0714943710697487,-0.887089901723144,-9.892726421740203,0.0,0.0,-27.832104698289324,-7.856826208961305,-3.4395708961892173,-5.766284605572261,-5.449816187011117,-14.864498758424562
1682,3500029.21,37,34.999990229813335,35.0,291.9,0,0.0,0.8429732429508866,0.15702675704911342,1.1323556232346495e-38,200.0,61.3,-184.23959772120577,-1.0714943710697487,-0.887089901723144,-9.892726421740203,0.0,0.0,-27.832104698289324,-7.856826208961305,-3.4395708961892173,-5.766284605572261,-5.449816187011117,-14.864498758424562
1683,3500029.21,38,34.999990229813335,35.0,291.9,0,0.0,0.8429742244294715,0.15702577557052858,1.075737842072917e-38,200.0,61.3,-184.23959772120577,-1.0714943710697487,-0.887089901723144,-9.892726421740203,0.0,0.0,-27.832104698289324,-7.856826208961305,-3.4395708961892173,-5.766284605572261,-5.449816187011117,-14.864498758424562
1684,3500029.21,39,34.999990229813335,35.0,291.9,0,0.0,0.8429763836400098,0.15702361635999015,1.0219509499692711e-38,200.0,61.3,-184.23959772120577,-1.0714943710697487,-0.887089901723144,-9.892726421740203,0.0,0.0,-27.832104698289324,-7.856826208961305,-3.4395708961892173,-5.766284605572261,-5.449816187011117,-14.864498758424562
1685,3500029.21,40,34.999990229813335,35.0,291.9,0,0.0,0.8429778865243039,0.15702211347569603,9.708534024708075e-39,200.0,61.3,-184.23959772120577,-1.0714943710697487,-0.887089901723144,-9.892726421740203,0.0,0.0,-27.832104698289324,-7.856826208961305,-3.4395708961892173,-5.766284605572261,-5.449816187011117,-14.864498758424562
1686,3500029.21,41,34.999990229813335,35.0,291.9,0,0.0,0.8429805390331409,0.1570194609668592,9.223107323472673e-39,200.0,61.3,-184.23959772120577,-1.0714943710697487,-0.887089901723144,-9.892726421740203,0.0,0.0,-27.832104698289324,-7.856826208961305,-3.4395708961892173,-5.766284605572261,-5.449816187011117,-14.864498758424562
1687,3500029.21,42,34.999990229813335,35.0,291.9,0,0.0,0.8429825108776867,0.15701748912231328,8.761951957299039e-39,200.0,61.3,-184.23959772120577,-1.0714943710697487,-0.887089901723144,-9.892726421740203,0.0,0.0,-27.832104698289324,-7.856826208961305,-3.4395708961892173,-5.766284605572261,-5.449816187011117,-14.864498758424562
1688,3500029.21,43,34.999990229813335,35.0,291.9,0,0.0,0.842986196786228,0.15701380321377198,8.323854359434087e-39,200.0,61.3,-184.23959772120577,-1.0714943710697487,-0.887089901723144,-9.892726421740203,0.0,0.0,-27.832104698289324,-7.856826208961305,-3.4395708961892173,-5.766284605572261,-5.449816187011117,-14.864498758424562
1689,3500029.21,44,34.999990229813335,35.0,291.9,0,0.0,0.8429891504035539,0.15701084959644607,7.907661641462382e-39,200.0,61.3,-184.23959772120577,-1.0714943710697487,-0.887089901723144,-9.892726421740203,0.0,0.0,-27.832104698289324,-7.856826208961305,-3.4395708961892173,-5.766284605572261,-5.449816187011117,-14.864498758424562
1690,3500029.21,45,34.999990229813335,35.0,291.9,0,0.0,0.8429884614611534,0.15701153853884658,7.512278559389262e-39,200.0,61.3,-184.23959772120577,-1.0714943710697487,-0.887089901723144,-9.892726421740203,0.0,0.0,-27.832104698289324,-7.856826208961305,-3.4395708961892173,-5.766284605572261,-5.449816187011117,-14.864498758424562
1691,3500029.21,46,34.999990229813335,35.0,291.9,0,0.0,0.8429866721386526,0.1570133278613474,7.1366646314198e-39,200.0,61.3,-184.23959772120577,-1.0714943710697487,-0.887089901723144,-9.892726421740203,0.0,0.0,-27.832104698289324,-7.856826208961305,-3.4395708961892173,-5.766284605572261,-5.449816187011117,-14.864498758424562
1692,3500029.21,47,34.999990229813335,35.0,291.9,0,0.0,0.842984427750915,0.15701557224908502,6.77983139984881e-39,200.0,61.3,-184.23959772120577,-1.0714943710697487,-0.887089901723144,-9.892726421740203,0.0,0.0,-27.832104698289324,-7.856826208961305,-3.4395708961892173,-5.766284605572261,-5.449816187011117,-14.864498758424562
1693,3500029.21,48,34.999990229813335,35.0,291.9,0,0.0,0.8429841066449397,0.15701589335506036,6.440839829856369e-39,200.0,61.3,-184.23959772120577,-1.0714943710697487,-0.887089901723144,-9.892726421740203,0.0,0.0,-27.832104698289324,-7.856826208961305,-3.4395708961892173,-5.766284605572261,-5.449816187011117,-14.864498758424562
1694,3500029.21,49,34.999990229813335,35.0,291.9,0,0.0,0.8429826687381906,0.15701733126180947,6.11879783836355e-39,200.0,61.3,-184.23959772120577,-1.0714943710697487,-0.887089901723144,-9.892726421740203,0.0,0.0,-27.832104698289324,-7.856826208961305,-3.4395708961892173,-5.766284605572261,-5.449816187011117,-14.864498758424562
1695,3500029.21,0,34.999990229813335,35.0,291.9,0,0.0,0.8429819351867464,0.15701806481325375,5.8128579464453724e-39,200.0,61.3,-184.23959772120577,-1.0714943710697487,-0.887089901723144,-9.892726421740203,0.0,0.0,-27.832104698289324,-7.856826208961305,-3.4395708961892173,-5.766284605572261,-5.449816187011117,-14.864498758424562
1696,3500029.21,1,34.999990229813335,35.0,291.9,0,0.0,0.8429806947036655,0.15701930529633454,5.522215049123104e-39,200.0,61.3,-184.23959772120577,-1.0714943710697487,-0.887089901723144,-9.892726421740203,0.0,0.0,-27.832104698289324,-7.856826208961305,-3.4395708961892173,-5.766284605572261,-5.449816187011117,-14.864498758424562
1697,3500029.21,2,34.999990229813335,35.0,291.9,0,0.0,0.8429783857737225,0.1570216142262775,5.246104296666949e-39,200.0,61.3,-184.23959772120577,-1.0714943710697487,-0.887089901723144,-9.892726421740203,0.0,0.0,-27.832104698289324,-7.856826208961305,-3.4395708961892173,-5.766284605572261,-5.449816187011117,-14.864498758424562
1698,3500029.21,3,34.999990229813335,35.0,291.9,0,0.0,0.8429762372889358,0.15702376271106422,4.983799081833601e-39,200.0,61.3,-184.23959772120577,-1.0714943710697487,-0.887089901723144,-9.892726421740203,0.0,0.0,-27.832104698289324,-7.856826208961305,-3.4395708961892173,-5.766284605572261,-5.449816187011117,-14.864498758424562
1699,3500029.21,4,34.999990229813335,35.0,291.9,0,0.0,0.8429713064108404,0.15702869358915958,4.734609127741921e-39,200.0,61.3,-184.23959772120577,-1.0714943710697487,-0.887089901723144,-9.892726421740203,0.0,0.0,-27.832104698289324,-7.856826208961305,-3.4395708961892173,-5.766284605572261,-5.449816187011117,-14.864498758424562
1700,3500029.21,5,34.999990229813335,35.0,291.9,0,0.0,0.8429649080746271,0.15703509192537293,4.497878671354824e-39,200.0,61.3,-184.23959772120577,-1.0714943710697487,-0.887089901723144,-9.892726421740203,0.0,0.0,-27.832104698289324,-7.856826208961305,-3.4395708961892173,-5.766284605572261,-5.449816187011117,-14.864498758424562
1701,3500029.21,6,34.999990229813335,35.0,291.9,0,0.0,0.84295653018201,0.15704346981799006,4.2729847377870836e-39,200.0,61.3,-184.23959772120577,-1.0714943710697487,-0.887089901723144,-9.892726421740203,0.0,0.0,-27.832104698289324,-7.856826208961305,-3.4395708961892173,-5.766284605572261,-5.449816187011117,-14.864498758424562
1702,3500029.21,7,34.999990229813335,35.0,291.9,0,0.0,0.8429468601537062,0.15705313984629382,4.059335500897729e-39,200.0,61.3,-184.23959772120577,-1.0714943710697487,-0.887089901723144,-9.892726421740203,0.0,0.0,-27.832104698289324,-7.856826208961305,-3.4395708961892173,-5.766284605572261,-5.449816187011117,-14.864498758424562
1703,3500029.21,8,34.999990229813335,35.0,291.9,0,0.0,0.8429342037510771,0.15706579624892297,3.856368725852842e-39,200.0,61.3,-184.23959772120577,-1.0714943710697487,-0.887089901723144,-9.892726421740203,0.0,0.0,-27.832104698289324,-7.856826208961305,-3.4395708961892173,-5.766284605572261,-5.449816187011117,-14.864498758424562
1704,3500029.21,9,34.999990229813335,35.0,291.9,0,0.0,0.8429228186953334,0.15707718130466664,3.6635502895602e-39,200.0,61.3,-184.23959772120577,-1.0714943710697487,-0.887089901723144,-9.892726421740203,0.0,0.0,-27.832104698289324,-7.856826208961305,-3.4395708961892173,-5.766284605572261,-5.449816187011117,-14.864498758424562
1705,3500029.21,10,34.999990229813335,35.0,291.9,0,0.0,0.8429102959593759,0.15708970404062406,3.48037277508219e-39,200.0,61.3,-184.23959772120577,-1.0714943710697487,-0.887089901723144,-9.892726421740203,0.0,0.0,-27.832104698289324,-7.856826208961305,-3.4395708961892173,-5.766284605572261,-5.449816187011117,-14.864498758424562
1706,3500029.21,11,34.999990229813335,35.0,291.9,0,0.0,0.8429007952124091,0.15709920478759087,3.30635413632808e-39,200.0,61.3,-184.23959772120577,-1.0714943710697487,-0.887089901723144,-9.892726421740203,0.0,0.0,-27.832104698289324,-7.856826208961305,-3.4395708961892173,-5.766284605572261,-5.449816187011117,-14.864498758424562
1707,3500029.21,12,34.999990229813335,35.0,291.9,0,0.0,0.8428929911533808,0.1571070088466192,3.141036429511676e-39,200.0,61.3,-184.23959772120577,-1.0714943710697487,-0.887089901723144,-9.892726421740203,0.0,0.0,-27.832104698289324,-7.856826208961305,-3.4395708961892173,-5.766284605572261,-5.449816187011117,-14.864498758424562
1708,3500029.21,13,34.999990229813335,35.0,291.9,0,0.0,0.8428862124891949,0.15711378751080507,2.983984608036092e-39,200.0,61.3,-184.23959772120577,-1.0714943710697487,-0.887089901723144,-9.892726421740203,0.0,0.0,-27.832104698289324,-7.856826208961305,-3.4395708961892173,-5.766284605572261,-5.449816187011117,-14.864498758424562
1709,3500029.21,14,34.999990229813335,35.0,291.9,0,0.0,0.8428821597921854,0.15711784020781458,2.8347853776342872e-39,200.0,61.3,-184.23959772120577,-1.0714943710697487,-0.887089901723144,-9.892726421740203,0.0,0.0,-27.832104698289324,-7.856826208961305,-3.4395708961892173,-5.766284605572261,-5.449816187011117,-14.864498758424562
1710,3500029.21,15,34.999990229813335,35.0,291.9,0,0.0,0.8428795256696294,0.1571204743303706,2.6930461087525732e-39,200.0,61.3,-184.23959772120577,-1.0714943710697487,-0.887089901723144,-9.892726421740203,0.0,0.0,-27.832104698289324,-7.856826208961305,-3.4395708961892173,-5.766284605572261,-5.449816187011117,-14.864498758424562
1711,3500029.21,16,34.999990229813335,35.0,291.9,0,0.0,0.8428770710409382,0.15712292895906182,2.5583938033149446e-39,200.0,61.3,-184.23959772120577,-1.0714943710697487,-0.887089901723144,-9.892726421740203,0.0,0.0,-27.832104698289324,-7.856826208961305,-3.4395708961892173,-5.766284605572261,-5.449816187011117,-14.864498758424562
1712,3500029.21,17,34.999990229813335,35.0,291.9,0,0.0,0.8428730377619106,0.15712696223808936,2.4304741131491972e-39,200.0,61.3,-184.23959772120577,-1.0714943710697487,-0.887089901723144,-9.892726421740203,0.0,0.0,-27.832104698289324,-7.856826208961305,-3.4395708961892173,-5.766284605572261,-5.449816187011117,-14.864498758424562
1713,3500029.21,18,34.999990229813335,35.0,291.9,0,0.0,0.8428704203146725,0.1571295796853275,2.3089504074917377e-39,200.0,61.3,-184.23959772120577,-1.0714943710697487,-0.887089901723144,-9.892726421740203,0.0,0.0,-27.832104698289324,-7.856826208961305,-3.4395708961892173,-5.766284605572261,-5.449816187011117,-14.864498758424562
1714,3500029.21,19,34.999990229813335,35.0,291.9,0,0.0,0.8428691461809434,0.1571308538190565,2.1935028871171506e-39,200.0,61.3,-184.23959772120577,-1.0714943710697487,-0.887089901723144,-9.892726421740203,0.0,0.0,-27.832104698289324,-7.856826208961305,-3.4395708961892173,-5.766284605572261,-5.449816187011117,-14.864498758424562
1715,3500029.21,20,34.999990229813335,35.0,291.9,0,0.0,0.8428679829695426,0.15713201703045743,2.0838277427612933e-39,200.0,61.3,-184.23959772120577,-1.0714943710697487,-0.887089901723144,-9.892726421740203,0.0,0.0,-27.832104698289324,-7.856826208961305,-3.4395708961892173,-5.766284605572261,-5.449816187011117,-14.864498758424562
1716,3500029.21,21,34.999990229813335,35.0,291.9,0,0.0,0.842864016829348,0.157135983170652,1.9796363556232284e-39,200.0,61.3,-184.23959772120577,-1.0714943710697487,-0.887089901723144,-9.892726421740203,0.0,0.0,-27.832104698289324,-7.856826208961305,-3.4395708961892173,-5.766284605572261,-5.449816187011117,-14.864498758424562
1717,3500029.21,22,34.999990229813335,35.0,291.9,0,0.0,0.8428591347332103,0.15714086526678966,1.880654537842067e-39,200.0,61.3,-184.23959772120577,-1.0714943710697487,-0.887089901723144,-9.892726421740203,0.0,0.0,-27.832104698289324,-7.856826208961305,-3.4395708961892173,-5.766284605572261,-5.449816187011117,-14.864498758424562
1718,3500029.21,23,34.999990229813335,35.0,291.9,0,0.0,0.8428562897130254,0.15714371028697469,1.7866218109499637e-39,200.0,61.3,-184.23959772120577,-1.0714943710697487,-0.887089901723144,-9.892726421740203,0.0,0.0,-27.832104698289324,-7.856826208961305,-3.4395708961892173,-5.766284605572261,-5.449816187011117,-14.864498758424562
1719,3500029.21,24,34.999990229813335,35.0,291.9,0,0.0,0.8428513118884428,0.15714868811155733,1.6972907204024655e-39,200.0,61.3,-184.23959772120577,-1.0714943710697487,-0.887089901723144,-9.892726421740203,0.0,0.0,-27.832104698289324,-7.856826208961305,-3.4395708961892173,-5.766284605572261,-5.449816187011117,-14.864498758424562
1720,3500029.21,25,34.999990229813335,35.0,291.9,0,0.0,0.8428466326516338,0.15715336734836616,1.6124261843823422e-39,200.0,61.3,-184.23959772120577,-1.0714943710697487,-0.887089901723144,-9.892726421740203,0.0,0.0,-27.832104698289324,-7.856826208961305,-3.4395708961892173,-5.766284605572261,-5.449816187011117,-14.864498758424562
1721,3500029.21,26,34.999990229813335,35.0,291.9,0,0.0,0.8428428172867465,0.1571571827132535,1.531804875163225e-39,200.0,61.3,-184.23959772120577,-1.0714943710697487,-0.887089901723144,-9.892726421740203,0.0,0.0,-27.832104698289324,-7.856826208961305,-3.4395708961892173,-5.766284605572261,-5.449816187011117,-14.864498758424562
1722,3500029.21,27,34.999990229813335,35.0,291.9,0,0.0,0.8428398217837403,0.15716017821625966,1.4552146314050637e-39,200.0,61.3,-184.23959772120577,-1.0714943710697487,-0.887089901723144,-9.892726421740203,0.0,0.0,-27.832104698289324,-7.856826208961305,-3.4395708961892173,-5.766284605572261,-5.449816187011117,-14.864498758424562
1723,3500029.21,28,34.999990229813335,35.0,291.9,0,0.0,0.8428387630167391,0.15716123698326095,1.3824538998348107e-39,200.0,61.3,-184.23959772120577,-1.0714943710697487,-0.887089901723144,-9.892726421740203,0.0,0.0,-27.832104698289324,-7.856826208961305,-3.4395708961892173,-5.766284605572261,-5.449816187011117,-14.864498758424562
1724,3500029.21,29,34.999990229813335,35.0,291.9,0,0.0,0.8428378049347323,0.1571621950652677,1.3133312048430701e-39,200.0,61.3,-184.23959772120577,-1.0714943710697487,-0.887089901723144,-9.892726421740203,0.0,0.0,-27.832104698289324,-7.856826208961305,-3.4395708961892173,-5.766284605572261,-5.449816187011117,-14.864498758424562
1725,3500029.21,30,34.999990229813335,35.0,291.9,0,0.0,0.8428392562376129,0.15716074376238712,1.2476646446009168e-39,200.0,61.3,-184.23959772120577,-1.0714943710697487,-0.887089901723144,-9.892726421740203,0.0,0.0,-27.832104698289324,-7.856826208961305,-3.4395708961892173,-5.766284605572261,-5.449816187011117,-14.864498758424562
1726,3500029.21,31,34.999990229813335,35.0,291.9,0,0.0,0.8428372121943533,0.1571627878056468,1.185281412370871e-39,200.0,61.3,-184.23959772120577,-1.0714943710697487,-0.887089901723144,-9.892726421740203,0.0,0.0,-27.832104698289324,-7.856826208961305,-3.4395708961892173,-5.766284605572261,-5.449816187011117,-14.864498758424562
1727,3500029.21,32,34.999990229813335,35.0,291.9,0,0.0,0.8428347405416401,0.15716525945835988,1.1260173417523273e-39,200.0,61.3,-184.23959772120577,-1.0714943710697487,-0.887089901723144,-9.892726421740203,0.0,0.0,-27.832104698289324,-7.856826208961305,-3.4395708961892173,-5.766284605572261,-5.449816187011117,-14.864498758424562
1728,3500029.21,33,34.999990229813335,35.0,291.9,0,0.0,0.8428295513212728,0.15717044867872718,1.0697164746647109e-39,200.0,61.3,-184.23959772120577,-1.0714943710697487,-0.887089901723144,-9.892726421740203,0.0,0.0,-27.832104698289324,-7.856826208961305,-3.4395708961892173,-5.766284605572261,-5.449816187011117,-14.864498758424562
1729,3500029.21,34,34.999990229813335,35.0,291.9,0,0.0,0.8428264047615458,0.15717359523845426,1.0162306509314754e-39,200.0,61.3,-184.23959772120577,-1.0714943710697487,-0.887089901723144,-9.892726421740203,0.0,0.0,-27.832104698289324,-7.856826208961305,-3.4395708961892173,-5.766284605572261,-5.449816187011117,-14.864498758424562
1730,3500029.21,35,34.999990229813335,35.0,291.9,0,0.0,0.8428228873889944,0.1571771126110057,9.654191183849019e-40,200.0,61.3,-184.23959772120577,-1.0714943710697487,-0.887089901723144,-9.892726421740203,0.0,0.0,-27.832104698289324,-7.856826208961305,-3.4395708961892173,-5.766284605572261,-5.449816187011117,-14.864498758424562
1731,3500029.21,36,34.999990229813335,35.0,291.9,0,0.0,0.8428178641230195,0.15718213587698052,9.171481624656568e-40,200.0,61.3,-184.23959772120577,-1.0714943710697487,-0.887089901723144,-9.892726421740203,0.0,0.0,-27.832104698289324,-7.856826208961305,-3.4395708961892173,-5.766284605572261,-5.449816187011117,-14.864498758424562
1732,3500029.21,37,34.999990229813335,35.0,291.9,0,0.0,0.8428119886130787,0.1571880113869213,8.712907543423738e-40,200.0,61.3,-184.23959772120577,-1.0714943710697487,-0.887089901723144,-9.892726421740203,0.0,0.0,-27.832104698289324,-7.856826208961305,-3.4395708961892173,-5.766284605572261,-5.449816187011117,-14.864498758424562
1733,3500029.21,38,34.999990229813335,35.0,291.9,0,0.0,0.8428047277136348,0.15719527228636523,8.277262166252551e-40,200.0,61.3,-184.23959772120577,-1.0714943710697487,-0.887089901723144,-9.892726421740203,0.0,0.0,-27.832104698289324,-7.856826208961305,-3.4395708961892173,-5.766284605572261,-5.449816187011117,-14.864498758424562
1734,3500029.21,39,34.999990229813335,35.0,291.9,0,0.0,0.8427984582496206,0.15720154175037937,7.863399057939924e-40,200.0,61.3,-184.23959772120577,-1.0714943710697487,-0.887089901723144,-9.892726421740203,0.0,0.0,-27.832104698289324,-7.856826208961305,-3.4395708961892173,-5.766284605572261,-5.449816187011117,-14.864498758424562
1735,3500029.21,40,34.999990229813335,35.0,291.9,0,0.0,0.8427931298405377,0.15720687015946233,7.470229105042927e-40,200.0,61.3,-184.23959772120577,-1.0714943710697487,-0.887089901723144,-9.892726421740203,0.0,0.0,-27.832104698289324,-7.856826208961305,-3.4395708961892173,-5.766284605572261,-5.449816187011117,-14.864498758424562
1736,3500029.21,41,34.999990229813335,35.0,291.9,0,0.0,0.8427858157964331,0.1572141842035669,7.09671764979078e-40,200.0,61.3,-184.23959772120577,-1.0714943710697487,-0.887089901723144,-9.892726421740203,0.0,0.0,-27.832104698289324,-7.856826208961305,-3.4395708961892173,-5.766284605572261,-5.449816187011117,-14.864498758424562
1737,3500029.21,42,34.999990229813335,35.0,291.9,0,0.0,0.8427800709555707,0.1572199290444293,6.741881767301242e-40,200.0,61.3,-184.23959772120577,-1.0714943710697487,-0.887089901723144,-9.892726421740203,0.0,0.0,-27.832104698289324,-7.856826208961305,-3.4395708961892173,-5.766284605572261,-5.449816187011117,-14.864498758424562
1738,3500029.21,43,34.999990229813335,35.0,291.9,0,0.0,0.8427781145667286,0.15722188543327148,6.4047876789361795e-40,200.0,61.3,-184.23959772120577,-1.0714943710697487,-0.887089901723144,-9.892726421740203,0.0,0.0,-27.832104698289324,-7.856826208961305,-3.4395708961892173,-5.766284605572261,-5.449816187011117,-14.864498758424562
1739,3500029.21,44,34.999990229813335,35.0,291.9,0,0.0,0.8427745821799684,0.15722541782003166,6.08454829498937e-40,200.0,61.3,-184.23959772120577,-1.0714943710697487,-0.887089901723144,-9.892726421740203,0.0,0.0,-27.832104698289324,-7.856826208961305,-3.4395708961892173,-5.766284605572261,-5.449816187011117,-14.864498758424562
1740,3500029.21,45,34.999990229813335,35.0,291.9,0,0.0,0.8427724253306461,0.1572275746693539,5.780320880239901e-40,200.0,61.3,-184.23959772120577,-1.0714943710697487,-0.887089901723144,-9.892726421740203,0.0,0.0,-27.832104698289324,-7.856826208961305,-3.4395708961892173,-5.766284605572261,-5.449816187011117,-14.864498758424562
1741,3500029.21,46,34.999990229813335,35.0,291.9,0,0.0,0.8427687045473639,0.15723129545263612,5.491304836227905e-40,200.0,61.3,-184.23959772120577,-1.0714943710697487,-0.887089901723144,-9.892726421740203,0.0,0.0,-27.832104698289324,-7.856826208961305,-3.4395708961892173,-5.766284605572261,-5.449816187011117,-14.864498758424562
1742,3500029.21,47,34.999990229813335,35.0,291.9,0,0.0,0.8427646469220053,0.1572353530779948,5.216739594416511e-40,200.0,61.3,-184.23959772120577,-1.0714943710697487,-0.887089901723144,-9.892726421740203,0.0,0.0,-27.832104698289324,-7.856826208961305,-3.4395708961892173,-5.766284605572261,-5.449816187011117,-14.864498758424562
1743,3500029.21,48,34.999990229813335,35.0,291.9,0,0.0,0.8427596963731507,0.15724030362684935,4.955902614695686e-40,200.0,61.3,-184.23959772120577,-1.0714943710697487,-0.887089901723144,-9.892726421740203,0.0,0.0,-27.832104698289324,-7.856826208961305,-3.4395708961892173,-5.766284605572261,-5.449816187011117,-14.864498758424562
1744,3500029.21,49,34.999990229813335,35.0,291.9,0,0.0,0.8427550450312976,0.1572449549687024,4.708107483960901e-40,200.0,61.3,-184.23959772120577,-1.0714943710697487,-0.887089901723144,-9.892726421740203,0.0,0.0,-27.832104698289324,-7.856826208961305,-3.4395708961892173,-5.766284605572261,-5.449816187011117,-14.864498758424562
1745,3500029.21,0,34.999990229813335,35.0,291.9,0,0.0,0.8427529686593972,0.15724703134060286,4.472702109762857e-40,200.0,61.3,-184.23959772120577,-1.0714943710697487,-0.887089901723144,-9.892726421740203,0.0,0.0,-27.832104698289324,-7.856826208961305,-3.4395708961892173,-5.766284605572261,-5.449816187011117,-14.864498758424562
1746,3500029.21,1,34.999990229813335,35.0,291.9,0,0.0,0.8427527626955186,0.15724723730448145,4.249067004274714e-40,200.0,61.3,-184.23959772120577,-1.0714943710697487,-0.887089901723144,-9.892726421740203,0.0,0.0,-27.832104698289324,-7.856826208961305,-3.4395708961892173,-5.766284605572261,-5.449816187011117,-14.864498758424562
1747,3500029.21,2,34.999990229813335,35.0,291.9,0,0.0,0.8427520444642312,0.1572479555357688,4.036613654060979e-40,200.0,61.3,-184.23959772120577,-1.0714943710697487,-0.887089901723144,-9.892726421740203,0.0,0.0,-27.832104698289324,-7.856826208961305,-3.4395708961892173,-5.766284605572261,-5.449816187011117,-14.864498758424562
1748,3500029.21,3,34.999990229813335,35.0,291.9,0,0.0,0.8427514115776683,0.15724858842233166,3.83478297135793e-40,200.0,61.3,-184.23959772120577,-1.0714943710697487,-0.887089901723144,-9.892726421740203,0.0,0.0,-27.832104698289324,-7.856826208961305,-3.4395708961892173,-5.766284605572261,-5.449816187011117,-14.864498758424562
1749,3500029.21,4,34.999990229813335,35.0,291.9,0,0.0,0.8427525726696945,0.1572474273303055,3.6430438227900333e-40,200.0,61.3,-184.23959772120577,-1.0714943710697487,-0.887089901723144,-9.892726421740203,0.0,0.0,-27.832104698289324,-7.856826208961305,-3.4395708961892173,-5.766284605572261,-5.449816187011117,-14.864498758424562
1750,3500029.21,5,34.999990229813335,35.0,291.9,0,0.0,0.8427514412801514,0.15724855871984852,3.4608916316505316e-40,200.0,61.3,-184.23959772120577,-1.0714943710697487,-0.887089901723144,-9.892726421740203,0.0,0.0,-27.832104698289324,-7.856826208961305,-3.4395708961892173,-5.766284605572261,-5.449816187011117,-14.864498758424562
1751,3500029.21,6,34.999990229813335,35.0,291.9,0,0.0,0.8427498455334306,0.15725015446656948,3.2878470500680053e-40,200.0,61.3,-184.23959772120577,-1.0714943710697487,-0.887089901723144,-9.892726421740203,0.0,0.0,-27.832104698289324,-7.856826208961305,-3.4395708961892173,-5.766284605572261,-5.449816187011117,-14.864498758424562
1752,3500029.21,7,34.999990229813335,35.0,291.9,0,0.0,0.8427495197544373,0.15725048024556276,3.123454697564605e-40,200.0,61.3,-184.23959772120577,-1.0714943710697487,-0.887089901723144,-9.892726421740203,0.0,0.0,-27.832104698289324,-7.856826208961305,-3.4395708961892173,-5.766284605572261,-5.449816187011117,-14.864498758424562
1753,3500029.21,8,34.999990229813335,35.0,291.9,0,0.0,0.8427481197668822,0.15725188023311765,2.9672819626863738e-40,200.0,61.3,-184.23959772120577,-1.0714943710697487,-0.887089901723144,-9.892726421740203,0.0,0.0,-27.832104698289324,-7.856826208961305,-3.4395708961892173,-5.766284605572261,-5.449816187011117,-14.864498758424562
1754,3500029.21,9,34.999990229813335,35.0,291.9,0,0.0,0.8427445607668419,0.1572554392331581,2.8189178645520555e-40,200.0,61.3,-184.23959772120577,-1.0714943710697487,-0.887089901723144,-9.892726421740203,0.0,0.0,-27.832104698289324,-7.856826208961305,-3.4395708961892173,-5.766284605572261,-5.449816187011117,-14.864498758424562
1755,3500029.21,10,34.999990229813335,35.0,291.9,0,0.0,0.842741800202151,0.15725819979784905,2.6779719713244525e-40,200.0,61.3,-184.23959772120577,-1.0714943710697487,-0.887089901723144,-9.892726421740203,0.0,0.0,-27.832104698289324,-7.856826208961305,-3.4395708961892173,-5.766284605572261,-5.449816187011117,-14.864498758424562
1756,3500029.21,11,34.999990229813335,35.0,291.9,0,0.0,0.8427392283002503,0.15726077169974972,2.5440733727582297e-40,200.0,61.3,-184.23959772120577,-1.0714943710697487,-0.887089901723144,-9.892726421740203,0.0,0.0,-27.832104698289324,-7.856826208961305,-3.4395708961892173,-5.766284605572261,-5.449816187011117,-14.864498758424562
1757,3500029.21,12,34.999990229813335,35.0,291.9,0,0.0,0.8427356979076407,0.15726430209235925,2.416869704120318e-40,200.0,61.3,-184.23959772120577,-1.0714943710697487,-0.887089901723144,-9.892726421740203,0.0,0.0,-27.832104698289324,-7.856826208961305,-3.4395708961892173,-5.766284605572261,-5.449816187011117,-14.864498758424562
1758,3500029.21,13,34.999990229813335,35.0,291.9,0,0.0,0.8427301204124534,0.15726987958754657,2.2960262189143024e-40,200.0,61.3,-184.23959772120577,-1.0714943710697487,-0.887089901723144,-9.892726421740203,0.0,0.0,-27.832104698289324,-7.856826208961305,-3.4395708961892173,-5.766284605572261,-5.449816187011117,-14.864498758424562
1759,3500029.21,14,34.999990229813335,35.0,291.9,0,0.0,0.8427254427051706,0.15727455729482945,2.1812249079685872e-40,200.0,61.3,-184.23959772120577,-1.0714943710697487,-0.887089901723144,-9.892726421740203,0.0,0.0,-27.832104698289324,-7.856826208961305,-3.4395708961892173,-5.766284605572261,-5.449816187011117,-14.864498758424562
1760,3500029.21,15,34.999990229813335,35.0,291.9,0,0.0,0.8427187779782438,0.15728122202175615,2.0721636625701577e-40,200.0,61.3,-184.23959772120577,-1.0714943710697487,-0.887089901723144,-9.892726421740203,0.0,0.0,-27.832104698289324,-7.856826208961305,-3.4395708961892173,-5.766284605572261,-5.449816187011117,-14.864498758424562
1761,3500029.21,16,34.999990229813335,35.0,291.9,0,0.0,0.842710795373832,0.157289204626168,1.9685554794416496e-40,200.0,61.3,-184.23959772120577,-1.0714943710697487,-0.887089901723144,-9.892726421740203,0.0,0.0,-27.832104698289324,-7.856826208961305,-3.4395708961892173,-5.766284605572261,-5.449816187011117,-14.864498758424562
1762,3500029.21,17,34.999990229813335,35.0,291.9,0,0.0,0.842702130184186,0.15729786981581398,1.8701277054695676e-40,200.0,61.3,-184.23959772120577,-1.0714943710697487,-0.887089901723144,-9.892726421740203,0.0,0.0,-27.832104698289324,-7.856826208961305,-3.4395708961892173,-5.766284605572261,-5.449816187011117,-14.864498758424562
1763,3500029.21,18,34.999990229813335,35.0,291.9,0,0.0,0.8426945207754273,0.15730547922457266,1.7766213201960893e-40,200.0,61.3,-184.23959772120577,-1.0714943710697487,-0.887089901723144,-9.892726421740203,0.0,0.0,-27.832104698289324,-7.856826208961305,-3.4395708961892173,-5.766284605572261,-5.449816187011117,-14.864498758424562
1764,3500029.21,19,34.999990229813335,35.0,291.9,0,0.0,0.8426884807898133,0.15731151921018677,1.687790254186285e-40,200.0,61.3,-184.23959772120577,-1.0714943710697487,-0.887089901723144,-9.892726421740203,0.0,0.0,-27.832104698289324,-7.856826208961305,-3.4395708961892173,-5.766284605572261,-5.449816187011117,-14.864498758424562
1765,3500029.21,20,34.999990229813335,35.0,291.9,0,0.0,0.8426799614121104,0.1573200385878895,1.6034007414769707e-40,200.0,61.3,-184.23959772120577,-1.0714943710697487,-0.887089901723144,-9.892726421740203,0.0,0.0,-27.832104698289324,-7.856826208961305,-3.4395708961892173,-5.766284605572261,-5.449816187011117,-14.864498758424562
1766,3500029.21,21,34.999990229813335,35.0,291.9,0,0.0,0.8426736235946098,0.15732637640539024,1.5232307044031226e-40,200.0,61.3,-184.23959772120577,-1.0714943710697487,-0.887089901723144,-9.892726421740203,0.0,0.0,-27.832104698289324,-7.856826208961305,-3.4395708961892173,-5.766284605572261,-5.449816187011117,-14.864498758424562
1767,3500029.21,22,34.999990229813335,35.0,291.9,0,0.0,0.8426682232275837,0.1573317767724163,1.4470691691829664e-40,200.0,61.3,-184.23959772120577,-1.0714943710697487,-0.887089901723144,-9.892726421740203,0.0,0.0,-27.832104698289324,-7.856826208961305,-3.4395708961892173,-5.766284605572261,-5.449816187011117,-14.864498758424562
1768,3500029.21,23,34.999990229813335,35.0,291.9,0,0.0,0.8426625807758692,0.15733741922413075,1.374715710723818e-40,200.0,61.3,-184.23959772120577,-1.0714943710697487,-0.887089901723144,-9.892726421740203,0.0,0.0,-27.832104698289324,-7.856826208961305,-3.4395708961892173,-5.766284605572261,-5.449816187011117,-14.864498758424562
1769,3500029.21,24,34.999990229813335,35.0,291.9,0,0.0,0.8426567088709563,0.15734329112904374,1.3059799251876273e-40,200.0,61.3,-184.23959772120577,-1.0714943710697487,-0.887089901723144,-9.892726421740203,0.0,0.0,-27.832104698289324,-7.856826208961305,-3.4395708961892173,-5.766284605572261,-5.449816187011117,-14.864498758424562
1770,3500029.21,25,34.999990229813335,35.0,291.9,0,0.0,0.8426500539963733,0.15734994600362678,1.240680928928246e-40,200.0,61.3,-184.23959772120577,-1.0714943710697487,-0.887089901723144,-9.892726421740203,0.0,0.0,-27.832104698289324,-7.856826208961305,-3.4395708961892173,-5.766284605572261,-5.449816187011117,-14.864498758424562
1771,3500029.21,26,34.999990229813335,35.0,291.9,0,0.0,0.8426432216028727,0.15735677839712725,1.1786468824818336e-40,200.0,61.3,-184.23959772120577,-1.0714943710697487,-0.887089901723144,-9.892726421740203,0.0,0.0,-27.832104698289324,-7.856826208961305,-3.4395708961892173,-5.766284605572261,-5.449816187011117,-14.864498758424562
1772,3500029.21,27,34.999990229813335,35.0,291.9,0,0.0,0.8426384806705658,0.1573615193294342,1.119714538357742e-40,200.0,61.3,-184.23959772120577,-1.0714943710697487,-0.887089901723144,-9.892726421740203,0.0,0.0,-27.832104698289324,-7.856826208961305,-3.4395708961892173,-5.766284605572261,-5.449816187011117,-14.864498758424562
1773,3500029.21,28,34.999990229813335,35.0,291.9,0,0.0,0.8426357240139949,0.15736427598600514,1.0637288114398548e-40,200.0,61.3,-184.23959772120577,-1.0714943710697487,-0.887089901723144,-9.892726421740203,0.0,0.0,-27.832104698289324,-7.856826208961305,-3.4395708961892173,-5.766284605572261,-5.449816187011117,-14.864498758424562
1774,3500029.21,29,34.999990229813335,35.0,291.9,0,0.0,0.842632030405045,0.15736796959495503,1.010542370867862e-40,200.0,61.3,-184.23959772120577,-1.0714943710697487,-0.887089901723144,-9.892726421740203,0.0,0.0,-27.832104698289324,-7.856826208961305,-3.4395708961892173,-5.766284605572261,-5.449816187011117,-14.864498758424562
1775,3500029.21,30,34.999990229813335,35.0,291.9,0,0.0,0.8426291389286438,0.15737086107135626,9.60015252324469e-41,200.0,61.3,-184.23959772120577,-1.0714943710697487,-0.887089901723144,-9.892726421740203,0.0,0.0,-27.832104698289324,-7.856826208961305,-3.4395708961892173,-5.766284605572261,-5.449816187011117,-14.864498758424562
1776,3500029.21,31,34.999990229813335,35.0,291.9,0,0.0,0.842625318613413,0.15737468138658697,9.120144897082457e-41,200.0,61.3,-184.23959772120577,-1.0714943710697487,-0.887089901723144,-9.892726421740203,0.0,0.0,-27.832104698289324,-7.856826208961305,-3.4395708961892173,-5.766284605572261,-5.449816187011117,-14.864498758424562
1777,3500029.21,32,34.999990229813335,35.0,291.9,0,0.0,0.8426206168767796,0.15737938312322042,8.664137652228334e-41,200.0,61.3,-184.23959772120577,-1.0714943710697487,-0.887089901723144,-9.892726421740203,0.0,0.0,-27.832104698289324,-7.856826208961305,-3.4395708961892173,-5.766284605572261,-5.449816187011117,-14.864498758424562
1778,3500029.21,33,34.999990229813335,35.0,291.9,0,0.0,0.8426173305354876,0.15738266946451235,8.230930769616917e-41,200.0,61.3,-184.23959772120577,-1.0714943710697487,-0.887089901723144,-9.892726421740203,0.0,0.0,-27.832104698289324,-7.856826208961305,-3.4395708961892173,-5.766284605572261,-5.449816187011117,-14.864498758424562
1779,3500029.21,34,34.999990229813335,35.0,291.9,0,0.0,0.8426148248102929,0.15738517518970715,7.819384231136073e-41,200.0,61.3,-184.23959772120577,-1.0714943710697487,-0.887089901723144,-9.892726421740203,0.0,0.0,-27.832104698289324,-7.856826208961305,-3.4395708961892173,-5.766284605572261,-5.449816187011117,-14.864498758424562
1780,3500029.21,35,34.999990229813335,35.0,291.9,0,0.0,0.8426113735005699,0.15738862649942997,7.428415019579266e-41,200.0,61.3,-184.23959772120577,-1.0714943710697487,-0.887089901723144,-9.892726421740203,0.0,0.0,-27.832104698289324,-7.856826208961305,-3.4395708961892173,-5.766284605572261,-5.449816187011117,-14.864498758424562
1781,3500029.21,36,34.999990229813335,35.0,291.9,0,0.0,0.8426070248565609,0.1573929751434391,7.056994268600304e-41,200.0,61.3,-184.23959772120577,-1.0714943710697487,-0.887089901723144,-9.892726421740203,0.0,0.0,-27.832104698289324,-7.856826208961305,-3.4395708961892173,-5.766284605572261,-5.449816187011117,-14.864498758424562
1782,3500029.21,37,34.999990229813335,35.0,291.9,0,0.0,0.8426035099546859,0.15739649004531414,6.704144555170288e-41,200.0,61.3,-184.23959772120577,-1.0714943710697487,-0.887089901723144,-9.892726421740203,0.0,0.0,-27.832104698289324,-7.856826208961305,-3.4395708961892173,-5.766284605572261,-5.449816187011117,-14.864498758424562
1783,3500029.21,38,34.999990229813335,35.0,291.9,0,0.0,0.8426002250415716,0.15739977495842836,6.368937327411773e-41,200.0,61.3,-184.23959772120577,-1.0714943710697487,-0.887089901723144,-9.892726421740203,0.0,0.0,-27.832104698289324,-7.856826208961305,-3.4395708961892173,-5.766284605572261,-5.449816187011117,-14.864498758424562
1784,3500029.21,39,34.999990229813335,35.0,291.9,0,0.0,0.8425982804348314,0.15740171956516857,6.050490461041183e-41,200.0,61.3,-184.23959772120577,-1.0714943710697487,-0.887089901723144,-9.892726421740203,0.0,0.0,-27.832104698289324,-7.856826208961305,-3.4395708961892173,-5.766284605572261,-5.449816187011117,-14.864498758424562
1785,3500029.21,40,34.999990229813335,35.0,291.9,0,0.0,0.8425959259502352,0.1574040740497647,5.747965937989124e-41,200.0,61.3,-184.23959772120577,-1.0714943710697487,-0.887089901723144,-9.892726421740203,0.0,0.0,-27.832104698289324,-7.856826208961305,-3.4395708961892173,-5.766284605572261,-5.449816187011117,-14.864498758424562
1786,3500029.21,41,34.999990229813335,35.0,291.9,0,0.0,0.8425948633904609,0.1574051366095392,5.460567641089669e-41,200.0,61.3,-184.23959772120577,-1.0714943710697487,-0.887089901723144,-9.892726421740203,0.0,0.0,-27.832104698289324,-7.856826208961305,-3.4395708961892173,-5.766284605572261,-5.449816187011117,-14.864498758424562
1787,3500029.21,42,34.999990229813335,35.0,291.9,0,0.0,0.842595586240029,0.15740441375997108,5.187539259035185e-41,200.0,61.3,-184.23959772120577,-1.0714943710697487,-0.887089901723144,-9.892726421740203,0.0,0.0,-27.832104698289324,-7.856826208961305,-3.4395708961892173,-5.766284605572261,-5.449816187011117,-14.864498758424562
1788,3500029.21,43,34.999990229813335,35.0,291.9,0,0.0,0.8425929678081944,0.15740703219180568,4.928162296083426e-41,200.0,61.3,-184.23959772120577,-1.0714943710697487,-0.887089901723144,-9.892726421740203,0.0,0.0,-27.832104698289324,-7.856826208961305,-3.4395708961892173,-5.766284605572261,-5.449816187011117,-14.864498758424562
1789,3500029.21,44,34.999990229813335,35.0,291.9,0,0.0,0.842588855685602,0.15741114431439795,4.681754181279254e-41,200.0,61.3,-184.23959772120577,-1.0714943710697487,-0.887089901723144,-9.892726421740203,0.0,0.0,-27.832104698289324,-7.856826208961305,-3.4395708961892173,-5.766284605572261,-5.449816187011117,-14.864498758424562
1790,3500029.21,45,34.999990229813335,35.0,291.9,0,0.0,0.8425872405178013,0.15741275948219866,4.4476664722152916e-41,200.0,61.3,-184.23959772120577,-1.0714943710697487,-0.887089901723144,-9.892726421740203,0.0,0.0,-27.832104698289324,-7.856826208961305,-3.4395708961892173,-5.766284605572261,-5.449816187011117,-14.864498758424562
1791,3500029.21,46,34.999990229813335,35.0,291.9,0,0.0,0.8425840831671837,0.15741591683281636,4.2252831486045274e-41,200.0,61.3,-184.23959772120577,-1.0714943710697487,-0.887089901723144,-9.892726421740203,0.0,0.0,-27.832104698289324,-7.856826208961305,-3.4395708961892173,-5.766284605572261,-5.449816187011117,-14.864498758424562
1792,3500029.21,47,34.999990229813335,35.0,291.9,0,0.0,0.8425805794140562,0.15741942058594388,4.0140189911743006e-41,200.0,61.3,-184.23959772120577,-1.0714943710697487,-0.887089901723144,-9.892726421740203,0.0,0.0,-27.832104698289324,-7.856826208961305,-3.4395708961892173,-5.766284605572261,-5.449816187011117,-14.864498758424562
1793,3500029.21,48,34.999990229813335,35.0,291.9,0,0.0,0.8425767470908667,0.15742325290913328,3.8133180416155856e-41,200.0,61.3,-184.23959772120577,-1.0714943710697487,-0.887089901723144,-9.892726421740203,0.0,0.0,-27.832104698289324,-7.856826208961305,-3.4395708961892173,-5.766284605572261,-5.449816187011117,-14.864498758424562
1794,3500029.21,49,34.999990229813335,35.0,291.9,0,0.0,0.842573161229581,0.15742683877041905,3.6226521395348073e-41,200.0,61.3,-184.23959772120577,-1.0714943710697487,-0.887089901723144,-9.892726421740203,0.0,0.0,-27.832104698289324,-7.856826208961305,-3.4395708961892173,-5.766284605572261,-5.449816187011117,-14.864498758424562
1795,3500029.21,0,34.999990229813335,35.0,291.9,0,0.0,0.8425675779660852,0.1574324220339148,3.4415195325580666e-41,200.0,61.3,-184.23959772120577,-1.0714943710697487,-0.887089901723144,-9.892726421740203,0.0,0.0,-27.832104698289324,-7.856826208961305,-3.4395708961892173,-5.766284605572261,-5.449816187011117,-14.864498758424562
1796,3500029.21,1,34.999990229813335,35.0,291.9,0,0.0,0.8425617721486021,0.15743822785139794,3.269443555930164e-41,200.0,61.3,-184.23959772120577,-1.0714943710697487,-0.887089901723144,-9.892726421740203,0.0,0.0,-27.832104698289324,-7.856826208961305,-3.4395708961892173,-5.766284605572261,-5.449816187011117,-14.864498758424562
1797,3500029.21,2,34.999990229813335,35.0,291.9,0,0.0,0.8425551978914948,0.15744480210850514,3.1059713781336553e-41,200.0,61.3,-184.23959772120577,-1.0714943710697487,-0.887089901723144,-9.892726421740203,0.0,0.0,-27.832104698289324,-7.856826208961305,-3.4395708961892173,-5.766284605572261,-5.449816187011117,-14.864498758424562
1798,3500029.21,3,34.999990229813335,35.0,291.9,0,0.0,0.8425490091689045,0.15745099083109543,2.9506728092269725e-41,200.0,61.3,-184.23959772120577,-1.0714943710697487,-0.887089901723144,-9.892726421740203,0.0,0.0,-27.832104698289324,-7.856826208961305,-3.4395708961892173,-5.766284605572261,-5.449816187011117,-14.864498758424562
1799,3500029.21,4,34.999990229813335,35.0,291.9,0,0.0,0.8425437435268459,0.15745625647315414,2.8031391687656243e-41,200.0,61.3,-184.23959772120577,-1.0714943710697487,-0.887089901723144,-9.892726421740203,0.0,0.0,-27.832104698289324,-7.856826208961305,-3.4395708961892173,-5.766284605572261,-5.449816187011117,-14.864498758424562
1800,3500029.21,5,34.999990229813335,35.0,291.9,0,0.0,0.842538797543402,0.15746120245659806,2.662982210327343e-41,200.0,61.3,-184.23959772120577,-1.0714943710697487,-0.887089901723144,-9.892726421740203,0.0,0.0,-27.832104698289324,-7.856826208961305,-3.4395708961892173,-5.766284605572261,-5.449816187011117,-14.864498758424562
1801,3500029.21,6,34.999990229813335,35.0,291.9,0,0.0,0.8425341551721355,0.1574658448278646,2.5298330998109756e-41,200.0,61.3,-184.23959772120577,-1.0714943710697487,-0.887089901723144,-9.892726421740203,0.0,0.0,-27.832104698289324,-7.856826208961305,-3.4395708961892173,-5.766284605572261,-5.449816187011117,-14.864498758424562
1802,3500029.21,7,34.999990229813335,35.0,291.9,0,0.0,0.8425275770399143,0.15747242296008562,2.403341444820427e-41,200.0,61.3,-184.23959772120577,-1.0714943710697487,-0.887089901723144,-9.892726421740203,0.0,0.0,-27.832104698289324,-7.856826208961305,-3.4395708961892173,-5.766284605572261,-5.449816187011117,-14.864498758424562
1803,3500029.21,8,34.999990229813335,35.0,291.9,0,0.0,0.8425197174476111,0.15748028255238897,2.2831743725794058e-41,200.0,61.3,-184.23959772120577,-1.0714943710697487,-0.887089901723144,-9.892726421740203,0.0,0.0,-27.832104698289324,-7.856826208961305,-3.4395708961892173,-5.766284605572261,-5.449816187011117,-14.864498758424562
1804,3500029.21,9,34.999990229813335,35.0,291.9,0,0.0,0.8425100857849853,0.15748991421501476,2.1690156539504353e-41,200.0,61.3,-184.23959772120577,-1.0714943710697487,-0.887089901723144,-9.892726421740203,0.0,0.0,-27.832104698289324,-7.856826208961305,-3.4395708961892173,-5.766284605572261,-5.449816187011117,-14.864498758424562
1805,3500029.21,10,34.999990229813335,35.0,291.9,0,0.0,0.8425009952377059,0.15749900476229406,2.0605648712529135e-41,200.0,61.3,-184.23959772120577,-1.0714943710697487,-0.887089901723144,-9.892726421740203,0.0,0.0,-27.832104698289324,-7.856826208961305,-3.4395708961892173,-5.766284605572261,-5.449816187011117,-14.864498758424562
1806,3500029.21,11,34.999990229813335,35.0,291.9,0,0.0,0.842492973993014,0.15750702600698602,1.957536627690268e-41,200.0,61.3,-184.23959772120577,-1.0714943710697487,-0.887089901723144,-9.892726421740203,0.0,0.0,-27.832104698289324,-7.856826208961305,-3.4395708961892173,-5.766284605572261,-5.449816187011117,-14.864498758424562
1807,3500029.21,12,34.999990229813335,35.0,291.9,0,0.0,0.842483747719344,0.15751625228065605,1.8596597963057547e-41,200.0,61.3,-184.23959772120577,-1.0714943710697487,-0.887089901723144,-9.892726421740203,0.0,0.0,-27.832104698289324,-7.856826208961305,-3.4395708961892173,-5.766284605572261,-5.449816187011117,-14.864498758424562
1808,3500029.21,13,34.999990229813335,35.0,291.9,0,0.0,0.8424761522709515,0.15752384772904846,1.7666768064904669e-41,200.0,61.3,-184.23959772120577,-1.0714943710697487,-0.887089901723144,-9.892726421740203,0.0,0.0,-27.832104698289324,-7.856826208961305,-3.4395708961892173,-5.766284605572261,-5.449816187011117,-14.864498758424562
1809,3500029.21,14,34.999990229813335,35.0,291.9,0,0.0,0.8424706587655085,0.15752934123449153,1.6783429661659438e-41,200.0,61.3,-184.23959772120577,-1.0714943710697487,-0.887089901723144,-9.892726421740203,0.0,0.0,-27.832104698289324,-7.856826208961305,-3.4395708961892173,-5.766284605572261,-5.449816187011117,-14.864498758424562
1810,3500029.21,15,34.999990229813335,35.0,291.9,0,0.0,0.8424654981916487,0.15753450180835132,1.5944258178576467e-41,200.0,61.3,-184.23959772120577,-1.0714943710697487,-0.887089901723144,-9.892726421740203,0.0,0.0,-27.832104698289324,-7.856826208961305,-3.4395708961892173,-5.766284605572261,-5.449816187011117,-14.864498758424562
1811,3500029.21,16,34.999990229813335,35.0,291.9,0,0.0,0.8424612073849385,0.15753879261506157,1.5147045269647641e-41,200.0,61.3,-184.23959772120577,-1.0714943710697487,-0.887089901723144,-9.892726421740203,0.0,0.0,-27.832104698289324,-7.856826208961305,-3.4395708961892173,-5.766284605572261,-5.449816187011117,-14.864498758424562
1812,3500029.21,17,34.999990229813335,35.0,291.9,0,0.0,0.8424555290393522,0.1575444709606479,1.4389693006165262e-41,200.0,61.3,-184.23959772120577,-1.0714943710697487,-0.887089901723144,-9.892726421740203,0.0,0.0,-27.832104698289324,-7.856826208961305,-3.4395708961892173,-5.766284605572261,-5.449816187011117,-14.864498758424562
1813,3500029.21,18,34.999990229813335,35.0,291.9,0,0.0,0.8424507463452171,0.15754925365478295,1.3670208355857e-41,200.0,61.3,-184.23959772120577,-1.0714943710697487,-0.887089901723144,-9.892726421740203,0.0,0.0,-27.832104698289324,-7.856826208961305,-3.4395708961892173,-5.766284605572261,-5.449816187011117,-14.864498758424562
1814,3500029.21,19,34.999990229813335,35.0,291.9,0,0.0,0.8424451555621542,0.15755484443784581,1.2986697938064147e-41,200.0,61.3,-184.23959772120577,-1.0714943710697487,-0.887089901723144,-9.892726421740203,0.0,0.0,-27.832104698289324,-7.856826208961305,-3.4395708961892173,-5.766284605572261,-5.449816187011117,-14.864498758424562
1815,3500029.21,20,34.999990229813335,35.0,291.9,0,0.0,0.8424393506383074,0.1575606493616925,1.233736304116094e-41,200.0,61.3,-184.23959772120577,-1.0714943710697487,-0.887089901723144,-9.892726421740203,0.0,0.0,-27.832104698289324,-7.856826208961305,-3.4395708961892173,-5.766284605572261,-5.449816187011117,-14.864498758424562
1816,3500029.21,21,34.999990229813335,35.0,291.9,0,0.0,0.8424338950751269,0.15756610492487316,1.1720494889102894e-41,200.0,61.3,-184.23959772120577,-1.0714943710697487,-0.887089901723144,-9.892726421740203,0.0,0.0,-27.832104698289324,-7.856826208961305,-3.4395708961892173,-5.766284605572261,-5.449816187011117,-14.864498758424562
1817,3500029.21,22,34.999990229813335,35.0,291.9,0,0.0,0.8424260107759315,0.1575739892240685,1.1134470144647748e-41,200.0,61.3,-184.23959772120577,-1.0714943710697487,-0.887089901723144,-9.892726421740203,0.0,0.0,-27.832104698289324,-7.856826208961305,-3.4395708961892173,-5.766284605572261,-5.449816187011117,-14.864498758424562
1818,3500029.21,23,34.999990229813335,35.0,291.9,0,0.0,0.842420236823387,0.15757976317661304,1.057774663741536e-41,200.0,61.3,-184.23959772120577,-1.0714943710697487,-0.887089901723144,-9.892726421740203,0.0,0.0,-27.832104698289324,-7.856826208961305,-3.4395708961892173,-5.766284605572261,-5.449816187011117,-14.864498758424562
1819,3500029.21,24,34.999990229813335,35.0,291.9,0,0.0,0.8424126047733025,0.15758739522669757,1.0048859305544592e-41,200.0,61.3,-184.23959772120577,-1.0714943710697487,-0.887089901723144,-9.892726421740203,0.0,0.0,-27.832104698289324,-7.856826208961305,-3.4395708961892173,-5.766284605572261,-5.449816187011117,-14.864498758424562
1820,3500029.21,25,34.999990229813335,35.0,291.9,0,0.0,0.8424032089502257,0.15759679104977425,9.546416340267362e-42,200.0,61.3,-184.23959772120577,-1.0714943710697487,-0.887089901723144,-9.892726421740203,0.0,0.0,-27.832104698289324,-7.856826208961305,-3.4395708961892173,-5.766284605572261,-5.449816187011117,-14.864498758424562
1821,3500029.21,26,34.999990229813335,35.0,291.9,0,0.0,0.8423948961176708,0.15760510388232918,9.069095523253995e-42,200.0,61.3,-184.23959772120577,-1.0714943710697487,-0.887089901723144,-9.892726421740203,0.0,0.0,-27.832104698289324,-7.856826208961305,-3.4395708961892173,-5.766284605572261,-5.449816187011117,-14.864498758424562
1822,3500029.21,27,34.999990229813335,35.0,291.9,0,0.0,0.8423848560838086,0.15761514391619139,8.615640747091295e-42,200.0,61.3,-184.23959772120577,-1.0714943710697487,-0.887089901723144,-9.892726421740203,0.0,0.0,-27.832104698289324,-7.856826208961305,-3.4395708961892173,-5.766284605572261,-5.449816187011117,-14.864498758424562
1823,3500029.21,28,34.999990229813335,35.0,291.9,0,0.0,0.8423753807387541,0.1576246192612459,8.18485870973673e-42,200.0,61.3,-184.23959772120577,-1.0714943710697487,-0.887089901723144,-9.892726421740203,0.0,0.0,-27.832104698289324,-7.856826208961305,-3.4395708961892173,-5.766284605572261,-5.449816187011117,-14.864498758424562
1824,3500029.21,29,34.999990229813335,35.0,291.9,0,0.0,0.8423680932772314,0.1576319067227687,7.775615774249895e-42,200.0,61.3,-184.23959772120577,-1.0714943710697487,-0.887089901723144,-9.892726421740203,0.0,0.0,-27.832104698289324,-7.856826208961305,-3.4395708961892173,-5.766284605572261,-5.449816187011117,-14.864498758424562
1825,3500029.21,30,34.999990229813335,35.0,291.9,0,0.0,0.8423617818719276,0.15763821812807247,7.386834985537399e-42,200.0,61.3,-184.23959772120577,-1.0714943710697487,-0.887089901723144,-9.892726421740203,0.0,0.0,-27.832104698289324,-7.856826208961305,-3.4395708961892173,-5.766284605572261,-5.449816187011117,-14.864498758424562
1826,3500029.21,31,34.999990229813335,35.0,291.9,0,0.0,0.8423574961706467,0.15764250382935333,7.01749323626053e-42,200.0,61.3,-184.23959772120577,-1.0714943710697487,-0.887089901723144,-9.892726421740203,0.0,0.0,-27.832104698289324,-7.856826208961305,-3.4395708961892173,-5.766284605572261,-5.449816187011117,-14.864498758424562
1827,3500029.21,32,34.999990229813335,35.0,291.9,0,0.0,0.8423523864174204,0.15764761358257962,6.666618574447502e-42,200.0,61.3,-184.23959772120577,-1.0714943710697487,-0.887089901723144,-9.892726421740203,0.0,0.0,-27.832104698289324,-7.856826208961305,-3.4395708961892173,-5.766284605572261,-5.449816187011117,-14.864498758424562
1828,3500029.21,33,34.999990229813335,35.0,291.9,0,0.0,0.842344846946418,0.15765515305358196,6.333287645725126e-42,200.0,61.3,-184.23959772120577,-1.0714943710697487,-0.887089901723144,-9.892726421740203,0.0,0.0,-27.832104698289324,-7.856826208961305,-3.4395708961892173,-5.766284605572261,-5.449816187011117,-14.864498758424562
1829,3500029.21,34,34.999990229813335,35.0,291.9,0,0.0,0.8423366485007033,0.1576633514992966,6.016623263438869e-42,200.0,61.3,-184.23959772120577,-1.0714943710697487,-0.887089901723144,-9.892726421740203,0.0,0.0,-27.832104698289324,-7.856826208961305,-3.4395708961892173,-5.766284605572261,-5.449816187011117,-14.864498758424562
1830,3500029.21,35,34.999990229813335,35.0,291.9,0,0.0,0.8423294716265873,0.1576705283734126,5.7157921002669257e-42,200.0,61.3,-184.23959772120577,-1.0714943710697487,-0.887089901723144,-9.892726421740203,0.0,0.0,-27.832104698289324,-7.856826208961305,-3.4395708961892173,-5.766284605572261,-5.449816187011117,-14.864498758424562
1831,3500029.21,36,34.999990229813335,35.0,291.9,0,0.0,0.8423271019967793,0.15767289800322065,5.430002495253579e-42,200.0,61.3,-184.23959772120577,-1.0714943710697487,-0.887089901723144,-9.892726421740203,0.0,0.0,-27.832104698289324,-7.856826208961305,-3.4395708961892173,-5.766284605572261,-5.449816187011117,-14.864498758424562
1832,3500029.21,37,34.999990229813335,35.0,291.9,0,0.0,0.8423292903060328,0.15767070969396732,5.1585023704909015e-42,200.0,61.3,-184.23959772120577,-1.0714943710697487,-0.887089901723144,-9.892726421740203,0.0,0.0,-27.832104698289324,-7.856826208961305,-3.4395708961892173,-5.766284605572261,-5.449816187011117,-14.864498758424562
1833,3500029.21,38,34.999990229813335,35.0,291.9,0,0.0,0.8423314265940328,0.15766857340596718,4.900577251966356e-42,200.0,61.3,-184.23959772120577,-1.0714943710697487,-0.887089901723144,-9.892726421740203,0.0,0.0,-27.832104698289324,-7.856826208961305,-3.4395708961892173,-5.766284605572261,-5.449816187011117,-14.864498758424562
1834,3500029.21,39,34.999990229813335,35.0,291.9,0,0.0,0.8423356992423119,0.15766430075768814,4.6555483893680383e-42,200.0,61.3,-184.23959772120577,-1.0714943710697487,-0.887089901723144,-9.892726421740203,0.0,0.0,-27.832104698289324,-7.856826208961305,-3.4395708961892173,-5.766284605572261,-5.449816187011117,-14.864498758424562
1835,3500029.21,40,34.999990229813335,35.0,291.9,0,0.0,0.8423398143041527,0.15766018569584733,4.422770969899637e-42,200.0,61.3,-184.23959772120577,-1.0714943710697487,-0.887089901723144,-9.892726421740203,0.0,0.0,-27.832104698289324,-7.856826208961305,-3.4395708961892173,-5.766284605572261,-5.449816187011117,-14.864498758424562
1836,3500029.21,41,34.999990229813335,35.0,291.9,0,0.0,0.8423432338384286,0.15765676616157145,4.201632421404655e-42,200.0,61.3,-184.23959772120577,-1.0714943710697487,-0.887089901723144,-9.892726421740203,0.0,0.0,-27.832104698289324,-7.856826208961305,-3.4395708961892173,-5.766284605572261,-5.449816187011117,-14.864498758424562
1837,3500029.21,42,34.999990229813335,35.0,291.9,0,0.0,0.842345447530704,0.15765455246929605,3.9915508003344215e-42,200.0,61.3,-184.23959772120577,-1.0714943710697487,-0.887089901723144,-9.892726421740203,0.0,0.0,-27.832104698289324,-7.856826208961305,-3.4395708961892173,-5.766284605572261,-5.449816187011117,-14.864498758424562
1838,3500029.21,43,34.999990229813335,35.0,291.9,0,0.0,0.8423476073116697,0.1576523926883303,3.791973260317701e-42,200.0,61.3,-184.23959772120577,-1.0714943710697487,-0.887089901723144,-9.892726421740203,0.0,0.0,-27.832104698289324,-7.856826208961305,-3.4395708961892173,-5.766284605572261,-5.449816187011117,-14.864498758424562
1839,3500029.21,44,34.999990229813335,35.0,291.9,0,0.0,0.8423469900534737,0.15765300994652634,3.6023745973018166e-42,200.0,61.3,-184.23959772120577,-1.0714943710697487,-0.887089901723144,-9.892726421740203,0.0,0.0,-27.832104698289324,-7.856826208961305,-3.4395708961892173,-5.766284605572261,-5.449816187011117,-14.864498758424562
1840,3500029.21,45,34.999990229813335,35.0,291.9,0,0.0,0.8423453717005113,0.15765462829948867,3.4222558674367255e-42,200.0,61.3,-184.23959772120577,-1.0714943710697487,-0.887089901723144,-9.892726421740203,0.0,0.0,-27.832104698289324,-7.856826208961305,-3.4395708961892173,-5.766284605572261,-5.449816187011117,-14.864498758424562
1841,3500029.21,46,34.999990229813335,35.0,291.9,0,0.0,0.8423428032137138,0.15765719678628623,3.25114307406489e-42,200.0,61.3,-184.23959772120577,-1.0714943710697487,-0.887089901723144,-9.892726421740203,0.0,0.0,-27.832104698289324,-7.856826208961305,-3.4395708961892173,-5.766284605572261,-5.449816187011117,-14.864498758424562
1842,3500029.21,47,34.999990229813335,35.0,291.9,0,0.0,0.8423415115597689,0.15765848844023111,3.088585920361645e-42,200.0,61.3,-184.23959772120577,-1.0714943710697487,-0.887089901723144,-9.892726421740203,0.0,0.0,-27.832104698289324,-7.856826208961305,-3.4395708961892173,-5.766284605572261,-5.449816187011117,-14.864498758424562
1843,3500029.21,48,34.999990229813335,35.0,291.9,0,0.0,0.8423381657282724,0.15766183427172759,2.934156624343563e-42,200.0,61.3,-184.23959772120577,-1.0714943710697487,-0.887089901723144,-9.892726421740203,0.0,0.0,-27.832104698289324,-7.856826208961305,-3.4395708961892173,-5.766284605572261,-5.449816187011117,-14.864498758424562
1844,3500029.21,49,34.999990229813335,35.0,291.9,0,0.0,0.8423345027322262,0.1576654972677738,2.787448793126385e-42,200.0,61.3,-184.23959772120577,-1.0714943710697487,-0.887089901723144,-9.892726421740203,0.0,0.0,-27.832104698289324,-7.856826208961305,-3.4395708961892173,-5.766284605572261,-5.449816187011117,-14.864498758424562
1845,3500029.21,0,34.999990229813335,35.0,291.9,0,0.0,0.8423321705554838,0.15766782944451618,2.6480763534700656e-42,200.0,61.3,-184.23959772120577,-1.0714943710697487,-0.887089901723144,-9.892726421740203,0.0,0.0,-27.832104698289324,-7.856826208961305,-3.4395708961892173,-5.766284605572261,-5.449816187011117,-14.864498758424562
1846,3500029.21,1,34.999990229813335,35.0,291.9,0,0.0,0.8423283835433629,0.15767161645663702,2.515672535796562e-42,200.0,61.3,-184.23959772120577,-1.0714943710697487,-0.887089901723144,-9.892726421740203,0.0,0.0,-27.832104698289324,-7.856826208961305,-3.4395708961892173,-5.766284605572261,-5.449816187011117,-14.864498758424562
1847,3500029.21,2,34.999990229813335,35.0,291.9,0,0.0,0.8423232156375637,0.15767678436243623,2.3898889090067338e-42,200.0,61.3,-184.23959772120577,-1.0714943710697487,-0.887089901723144,-9.892726421740203,0.0,0.0,-27.832104698289324,-7.856826208961305,-3.4395708961892173,-5.766284605572261,-5.449816187011117,-14.864498758424562
1848,3500029.21,3,34.999990229813335,35.0,291.9,0,0.0,0.8423172804827979,0.1576827195172021,2.270394463556397e-42,200.0,61.3,-184.23959772120577,-1.0714943710697487,-0.887089901723144,-9.892726421740203,0.0,0.0,-27.832104698289324,-7.856826208961305,-3.4395708961892173,-5.766284605572261,-5.449816187011117,-14.864498758424562
1849,3500029.21,4,34.999990229813335,35.0,291.9,0,0.0,0.842310617338759,0.15768938266124105,2.1568747403785773e-42,200.0,61.3,-184.23959772120577,-1.0714943710697487,-0.887089901723144,-9.892726421740203,0.0,0.0,-27.832104698289324,-7.856826208961305,-3.4395708961892173,-5.766284605572261,-5.449816187011117,-14.864498758424562
1850,3500029.21,5,34.999990229813335,35.0,291.9,0,0.0,0.8423032635009792,0.15769673649902086,2.0490310033596483e-42,200.0,61.3,-184.23959772120577,-1.0714943710697487,-0.887089901723144,-9.892726421740203,0.0,0.0,-27.832104698289324,-7.856826208961305,-3.4395708961892173,-5.766284605572261,-5.449816187011117,-14.864498758424562
1851,3500029.21,6,34.999990229813335,35.0,291.9,0,0.0,0.8422957971990501,0.15770420280094993,1.9465794531916662e-42,200.0,61.3,-184.23959772120577,-1.0714943710697487,-0.887089901723144,-9.892726421740203,0.0,0.0,-27.832104698289324,-7.856826208961305,-3.4395708961892173,-5.766284605572261,-5.449816187011117,-14.864498758424562
1852,3500029.21,7,34.999990229813335,35.0,291.9,0,0.0,0.8422898518437562,0.15771014815624385,1.8492504805320828e-42,200.0,61.3,-184.23959772120577,-1.0714943710697487,-0.887089901723144,-9.892726421740203,0.0,0.0,-27.832104698289324,-7.856826208961305,-3.4395708961892173,-5.766284605572261,-5.449816187011117,-14.864498758424562
1853,3500029.21,8,34.999990229813335,35.0,291.9,0,0.0,0.8422848079178176,0.1577151920821825,1.7567879565054785e-42,200.0,61.3,-184.23959772120577,-1.0714943710697487,-0.887089901723144,-9.892726421740203,0.0,0.0,-27.832104698289324,-7.856826208961305,-3.4395708961892173,-5.766284605572261,-5.449816187011117,-14.864498758424562
1854,3500029.21,9,34.999990229813335,35.0,291.9,0,0.0,0.842279536249164,0.15772046375083604,1.6689485586802046e-42,200.0,61.3,-184.23959772120577,-1.0714943710697487,-0.887089901723144,-9.892726421740203,0.0,0.0,-27.832104698289324,-7.856826208961305,-3.4395708961892173,-5.766284605572261,-5.449816187011117,-14.864498758424562
1855,3500029.21,10,34.999990229813335,35.0,291.9,0,0.0,0.8422740486969869,0.1577259513030131,1.5855011307461942e-42,200.0,61.3,-184.23959772120577,-1.0714943710697487,-0.887089901723144,-9.892726421740203,0.0,0.0,-27.832104698289324,-7.856826208961305,-3.4395708961892173,-5.766284605572261,-5.449816187011117,-14.864498758424562
1856,3500029.21,11,34.999990229813335,35.0,291.9,0,0.0,0.8422688977635985,0.15773110223640158,1.5062260742088848e-42,200.0,61.3,-184.23959772120577,-1.0714943710697487,-0.887089901723144,-9.892726421740203,0.0,0.0,-27.832104698289324,-7.856826208961305,-3.4395708961892173,-5.766284605572261,-5.449816187011117,-14.864498758424562
1857,3500029.21,12,34.999990229813335,35.0,291.9,0,0.0,0.8422640665499725,0.15773593345002748,1.4309147704984405e-42,200.0,61.3,-184.23959772120577,-1.0714943710697487,-0.887089901723144,-9.892726421740203,0.0,0.0,-27.832104698289324,-7.856826208961305,-3.4395708961892173,-5.766284605572261,-5.449816187011117,-14.864498758424562
1858,3500029.21,13,34.999990229813335,35.0,291.9,0,0.0,0.8422589983640664,0.15774100163593358,1.3593690319735185e-42,200.0,61.3,-184.23959772120577,-1.0714943710697487,-0.887089901723144,-9.892726421740203,0.0,0.0,-27.832104698289324,-7.856826208961305,-3.4395708961892173,-5.766284605572261,-5.449816187011117,-14.864498758424562
1859,3500029.21,14,34.999990229813335,35.0,291.9,0,0.0,0.8422526245449746,0.15774737545502532,1.2914005803748424e-42,200.0,61.3,-184.23959772120577,-1.0714943710697487,-0.887089901723144,-9.892726421740203,0.0,0.0,-27.832104698289324,-7.856826208961305,-3.4395708961892173,-5.766284605572261,-5.449816187011117,-14.864498758424562
1860,3500029.21,15,34.999990229813335,35.0,291.9,0,0.0,0.8422466325808234,0.1577533674191765,1.2268305513561002e-42,200.0,61.3,-184.23959772120577,-1.0714943710697487,-0.887089901723144,-9.892726421740203,0.0,0.0,-27.832104698289324,-7.856826208961305,-3.4395708961892173,-5.766284605572261,-5.449816187011117,-14.864498758424562
1861,3500029.21,16,34.999990229813335,35.0,291.9,0,0.0,0.8422393831818729,0.1577606168181271,1.1654890237882952e-42,200.0,61.3,-184.23959772120577,-1.0714943710697487,-0.887089901723144,-9.892726421740203,0.0,0.0,-27.832104698289324,-7.856826208961305,-3.4395708961892173,-5.766284605572261,-5.449816187011117,-14.864498758424562
1862,3500029.21,17,34.999990229813335,35.0,291.9,0,0.0,0.8422347190315991,0.1577652809684009,1.1072145725988804e-42,200.0,61.3,-184.23959772120577,-1.0714943710697487,-0.887089901723144,-9.892726421740203,0.0,0.0,-27.832104698289324,-7.856826208961305,-3.4395708961892173,-5.766284605572261,-5.449816187011117,-14.864498758424562
1863,3500029.21,18,34.999990229813335,35.0,291.9,0,0.0,0.8422298114217623,0.1577701885782376,1.0518538439689363e-42,200.0,61.3,-184.23959772120577,-1.0714943710697487,-0.887089901723144,-9.892726421740203,0.0,0.0,-27.832104698289324,-7.856826208961305,-3.4395708961892173,-5.766284605572261,-5.449816187011117,-14.864498758424562
1864,3500029.21,19,34.999990229813335,35.0,291.9,0,0.0,0.8422262900801705,0.15777370991982956,9.992611517704897e-43,200.0,61.3,-184.23959772120577,-1.0714943710697487,-0.887089901723144,-9.892726421740203,0.0,0.0,-27.832104698289324,-7.856826208961305,-3.4395708961892173,-5.766284605572261,-5.449816187011117,-14.864498758424562
1865,3500029.21,20,34.999990229813335,35.0,291.9,0,0.0,0.8422230070318816,0.15777699296811845,9.492980941819651e-43,200.0,61.3,-184.23959772120577,-1.0714943710697487,-0.887089901723144,-9.892726421740203,0.0,0.0,-27.832104698289324,-7.856826208961305,-3.4395708961892173,-5.766284605572261,-5.449816187011117,-14.864498758424562
1866,3500029.21,21,34.999990229813335,35.0,291.9,0,0.0,0.8422183349877974,0.15778166501220262,9.018331894728669e-43,200.0,61.3,-184.23959772120577,-1.0714943710697487,-0.887089901723144,-9.892726421740203,0.0,0.0,-27.832104698289324,-7.856826208961305,-3.4395708961892173,-5.766284605572261,-5.449816187011117,-14.864498758424562
1867,3500029.21,22,34.999990229813335,35.0,291.9,0,0.0,0.8422144977248145,0.15778550227518548,8.567415299992235e-43,200.0,61.3,-184.23959772120577,-1.0714943710697487,-0.887089901723144,-9.892726421740203,0.0,0.0,-27.832104698289324,-7.856826208961305,-3.4395708961892173,-5.766284605572261,-5.449816187011117,-14.864498758424562
1868,3500029.21,23,34.999990229813335,35.0,291.9,0,0.0,0.84221199056694,0.15778800943306007,8.139044534992624e-43,200.0,61.3,-184.23959772120577,-1.0714943710697487,-0.887089901723144,-9.892726421740203,0.0,0.0,-27.832104698289324,-7.856826208961305,-3.4395708961892173,-5.766284605572261,-5.449816187011117,-14.864498758424562
1869,3500029.21,24,34.999990229813335,35.0,291.9,0,0.0,0.8422107455199108,0.15778925448008915,7.732092308242992e-43,200.0,61.3,-184.23959772120577,-1.0714943710697487,-0.887089901723144,-9.892726421740203,0.0,0.0,-27.832104698289324,-7.856826208961305,-3.4395708961892173,-5.766284605572261,-5.449816187011117,-14.864498758424562
1870,3500029.21,25,34.999990229813335,35.0,291.9,0,0.0,0.8422074753725841,0.15779252462741586,7.345487692830841e-43,200.0,61.3,-184.23959772120577,-1.0714943710697487,-0.887089901723144,-9.892726421740203,0.0,0.0,-27.832104698289324,-7.856826208961305,-3.4395708961892173,-5.766284605572261,-5.449816187011117,-14.864498758424562
1871,3500029.21,26,34.999990229813335,35.0,291.9,0,0.0,0.8422055049982462,0.15779449500175374,6.978213308189299e-43,200.0,61.3,-184.23959772120577,-1.0714943710697487,-0.887089901723144,-9.892726421740203,0.0,0.0,-27.832104698289324,-7.856826208961305,-3.4395708961892173,-5.766284605572261,-5.449816187011117,-14.864498758424562
1872,3500029.21,27,34.999990229813335,35.0,291.9,0,0.0,0.8422069132675019,0.1577930867324982,6.6293026427798356e-43,200.0,61.3,-184.23959772120577,-1.0714943710697487,-0.887089901723144,-9.892726421740203,0.0,0.0,-27.832104698289324,-7.856826208961305,-3.4395708961892173,-5.766284605572261,-5.449816187011117,-14.864498758424562
1873,3500029.21,28,34.999990229813335,35.0,291.9,0,0.0,0.842208311045554,0.15779168895444592,6.297837510640843e-43,200.0,61.3,-184.23959772120577,-1.0714943710697487,-0.887089901723144,-9.892726421740203,0.0,0.0,-27.832104698289324,-7.856826208961305,-3.4395708961892173,-5.766284605572261,-5.449816187011117,-14.864498758424562
1874,3500029.21,29,34.999990229813335,35.0,291.9,0,0.0,0.8422113054149893,0.1577886945850107,5.9829456351088015e-43,200.0,61.3,-184.23959772120577,-1.0714943710697487,-0.887089901723144,-9.892726421740203,0.0,0.0,-27.832104698289324,-7.856826208961305,-3.4395708961892173,-5.766284605572261,-5.449816187011117,-14.864498758424562
1875,3500029.21,30,34.999990229813335,35.0,291.9,0,0.0,0.8422126032354966,0.15778739676450337,5.683798353353361e-43,200.0,61.3,-184.23959772120577,-1.0714943710697487,-0.887089901723144,-9.892726421740203,0.0,0.0,-27.832104698289324,-7.856826208961305,-3.4395708961892173,-5.766284605572261,-5.449816187011117,-14.864498758424562
1876,3500029.21,31,34.999990229813335,35.0,291.9,0,0.0,0.8422149658613522,0.15778503413864778,5.399608435685692e-43,200.0,61.3,-184.23959772120577,-1.0714943710697487,-0.887089901723144,-9.892726421740203,0.0,0.0,-27.832104698289324,-7.856826208961305,-3.4395708961892173,-5.766284605572261,-5.449816187011117,-14.864498758424562
1877,3500029.21,32,34.999990229813335,35.0,291.9,0,0.0,0.8422178040371008,0.1577821959628993,5.129628013901407e-43,200.0,61.3,-184.23959772120577,-1.0714943710697487,-0.887089901723144,-9.892726421740203,0.0,0.0,-27.832104698289324,-7.856826208961305,-3.4395708961892173,-5.766284605572261,-5.449816187011117,-14.864498758424562
1878,3500029.21,33,34.999990229813335,35.0,291.9,0,0.0,0.8422178868819881,0.15778211311801194,4.873146613206336e-43,200.0,61.3,-184.23959772120577,-1.0714943710697487,-0.887089901723144,-9.892726421740203,0.0,0.0,-27.832104698289324,-7.856826208961305,-3.4395708961892173,-5.766284605572261,-5.449816187011117,-14.864498758424562
1879,3500029.21,34,34.999990229813335,35.0,291.9,0,0.0,0.8422196282897242,0.1577803717102758,4.62948928254602e-43,200.0,61.3,-184.23959772120577,-1.0714943710697487,-0.887089901723144,-9.892726421740203,0.0,0.0,-27.832104698289324,-7.856826208961305,-3.4395708961892173,-5.766284605572261,-5.449816187011117,-14.864498758424562
1880,3500029.21,35,34.999990229813335,35.0,291.9,0,0.0,0.8422240101497827,0.15777598985021737,4.3980148184187184e-43,200.0,61.3,-184.23959772120577,-1.0714943710697487,-0.887089901723144,-9.892726421740203,0.0,0.0,-27.832104698289324,-7.856826208961305,-3.4395708961892173,-5.766284605572261,-5.449816187011117,-14.864498758424562
1881,3500029.21,36,34.999990229813335,35.0,291.9,0,0.0,0.8422287637770038,0.15777123622299621,4.178114077497782e-43,200.0,61.3,-184.23959772120577,-1.0714943710697487,-0.887089901723144,-9.892726421740203,0.0,0.0,-27.832104698289324,-7.856826208961305,-3.4395708961892173,-5.766284605572261,-5.449816187011117,-14.864498758424562
1882,3500029.21,37,34.999990229813335,35.0,291.9,0,0.0,0.8422333370283205,0.15776666297167957,3.969208373622893e-43,200.0,61.3,-184.23959772120577,-1.0714943710697487,-0.887089901723144,-9.892726421740203,0.0,0.0,-27.832104698289324,-7.856826208961305,-3.4395708961892173,-5.766284605572261,-5.449816187011117,-14.864498758424562
1883,3500029.21,38,34.999990229813335,35.0,291.9,0,0.0,0.8422356080268082,0.15776439197319184,3.770747954941748e-43,200.0,61.3,-184.23959772120577,-1.0714943710697487,-0.887089901723144,-9.892726421740203,0.0,0.0,-27.832104698289324,-7.856826208961305,-3.4395708961892173,-5.766284605572261,-5.449816187011117,-14.864498758424562
1884,3500029.21,39,34.999990229813335,35.0,291.9,0,0.0,0.8422404857636178,0.15775951423638224,3.5822105571946606e-43,200.0,61.3,-184.23959772120577,-1.0714943710697487,-0.887089901723144,-9.892726421740203,0.0,0.0,-27.832104698289324,-7.856826208961305,-3.4395708961892173,-5.766284605572261,-5.449816187011117,-14.864498758424562
1885,3500029.21,40,34.999990229813335,35.0,291.9,0,0.0,0.8422435803214964,0.15775641967850365,3.403100029334928e-43,200.0,61.3,-184.23959772120577,-1.0714943710697487,-0.887089901723144,-9.892726421740203,0.0,0.0,-27.832104698289324,-7.856826208961305,-3.4395708961892173,-5.766284605572261,-5.449816187011117,-14.864498758424562
1886,3500029.21,41,34.999990229813335,35.0,291.9,0,0.0,0.8422487046788949,0.15775129532110516,3.232945027868182e-43,200.0,61.3,-184.23959772120577,-1.0714943710697487,-0.887089901723144,-9.892726421740203,0.0,0.0,-27.832104698289324,-7.856826208961305,-3.4395708961892173,-5.766284605572261,-5.449816187011117,-14.864498758424562
1887,3500029.21,42,34.999990229813335,35.0,291.9,0,0.0,0.8422536292379781,0.15774637076202186,3.0712977764747728e-43,200.0,61.3,-184.23959772120577,-1.0714943710697487,-0.887089901723144,-9.892726421740203,0.0,0.0,-27.832104698289324,-7.856826208961305,-3.4395708961892173,-5.766284605572261,-5.449816187011117,-14.864498758424562
1888,3500029.21,43,34.999990229813335,35.0,291.9,0,0.0,0.8422573017552794,0.1577426982447206,2.917732887651034e-43,200.0,61.3,-184.23959772120577,-1.0714943710697487,-0.887089901723144,-9.892726421740203,0.0,0.0,-27.832104698289324,-7.856826208961305,-3.4395708961892173,-5.766284605572261,-5.449816187011117,-14.864498758424562
1889,3500029.21,44,34.999990229813335,35.0,291.9,0,0.0,0.8422597856935379,0.1577402143064621,2.7718462432684824e-43,200.0,61.3,-184.23959772120577,-1.0714943710697487,-0.887089901723144,-9.892726421740203,0.0,0.0,-27.832104698289324,-7.856826208961305,-3.4395708961892173,-5.766284605572261,-5.449816187011117,-14.864498758424562
1890,3500029.21,45,34.999990229813335,35.0,291.9,0,0.0,0.8422616721123395,0.15773832788766057,2.6332539311050582e-43,200.0,61.3,-184.23959772120577,-1.0714943710697487,-0.887089901723144,-9.892726421740203,0.0,0.0,-27.832104698289324,-7.856826208961305,-3.4395708961892173,-5.766284605572261,-5.449816187011117,-14.864498758424562
1891,3500029.21,46,34.999990229813335,35.0,291.9,0,0.0,0.8422629913440305,0.15773700865596946,2.5015912345498054e-43,200.0,61.3,-184.23959772120577,-1.0714943710697487,-0.887089901723144,-9.892726421740203,0.0,0.0,-27.832104698289324,-7.856826208961305,-3.4395708961892173,-5.766284605572261,-5.449816187011117,-14.864498758424562
1892,3500029.21,47,34.999990229813335,35.0,291.9,0,0.0,0.8422653627895899,0.15773463721041017,2.3765116728223154e-43,200.0,61.3,-184.23959772120577,-1.0714943710697487,-0.887089901723144,-9.892726421740203,0.0,0.0,-27.832104698289324,-7.856826208961305,-3.4395708961892173,-5.766284605572261,-5.449816187011117,-14.864498758424562
1893,3500029.21,48,34.999990229813335,35.0,291.9,0,0.0,0.8422666131109644,0.15773338688903554,2.2576860891811998e-43,200.0,61.3,-184.23959772120577,-1.0714943710697487,-0.887089901723144,-9.892726421740203,0.0,0.0,-27.832104698289324,-7.856826208961305,-3.4395708961892173,-5.766284605572261,-5.449816187011117,-14.864498758424562
1894,3500029.21,49,34.999990229813335,35.0,291.9,0,0.0,0.8422652096638176,0.15773479033618248,2.14480178472214e-43,200.0,61.3,-184.23959772120577,-1.0714943710697487,-0.887089901723144,-9.892726421740203,0.0,0.0,-27.832104698289324,-7.856826208961305,-3.4395708961892173,-5.766284605572261,-5.449816187011117,-14.864498758424562
1895,3500029.21,0,34.999990229813335,35.0,291.9,0,0.0,0.8422655241761131,0.15773447582388692,2.037561695486033e-43,200.0,61.3,-184.23959772120577,-1.0714943710697487,-0.887089901723144,-9.892726421740203,0.0,0.0,-27.832104698289324,-7.856826208961305,-3.4395708961892173,-5.766284605572261,-5.449816187011117,-14.864498758424562
1896,3500029.21,1,34.999990229813335,35.0,291.9,0,0.0,0.8422653519106563,0.1577346480893437,1.9356836107117313e-43,200.0,61.3,-184.23959772120577,-1.0714943710697487,-0.887089901723144,-9.892726421740203,0.0,0.0,-27.832104698289324,-7.856826208961305,-3.4395708961892173,-5.766284605572261,-5.449816187011117,-14.864498758424562
1897,3500029.21,2,34.999990229813335,35.0,291.9,0,0.0,0.8422663044617928,0.15773369553820718,1.8388994301761445e-43,200.0,61.3,-184.23959772120577,-1.0714943710697487,-0.887089901723144,-9.892726421740203,0.0,0.0,-27.832104698289324,-7.856826208961305,-3.4395708961892173,-5.766284605572261,-5.449816187011117,-14.864498758424562
1898,3500029.21,3,34.999990229813335,35.0,291.9,0,0.0,0.842268324151795,0.15773167584820497,1.7469544586673371e-43,200.0,61.3,-184.23959772120577,-1.0714943710697487,-0.887089901723144,-9.892726421740203,0.0,0.0,-27.832104698289324,-7.856826208961305,-3.4395708961892173,-5.766284605572261,-5.449816187011117,-14.864498758424562
1899,3500029.21,4,34.999990229813335,35.0,291.9,0,0.0,0.8422681868779388,0.15773181312206122,1.6596067357339704e-43,200.0,61.3,-184.23959772120577,-1.0714943710697487,-0.887089901723144,-9.892726421740203,0.0,0.0,-27.832104698289324,-7.856826208961305,-3.4395708961892173,-5.766284605572261,-5.449816187011117,-14.864498758424562
1900,3500029.21,5,34.999990229813335,35.0,291.9,0,0.0,0.8422670583468983,0.15773294165310175,1.5766263989472717e-43,200.0,61.3,-184.23959772120577,-1.0714943710697487,-0.887089901723144,-9.892726421740203,0.0,0.0,-27.832104698289324,-7.856826208961305,-3.4395708961892173,-5.766284605572261,-5.449816187011117,-14.864498758424562
1901,3500029.21,6,34.999990229813335,35.0,291.9,0,0.0,0.8422671007120675,0.1577328992879325,1.4977950789999081e-43,200.0,61.3,-184.23959772120577,-1.0714943710697487,-0.887089901723144,-9.892726421740203,0.0,0.0,-27.832104698289324,-7.856826208961305,-3.4395708961892173,-5.766284605572261,-5.449816187011117,-14.864498758424562
1902,3500029.21,7,34.999990229813335,35.0,291.9,0,0.0,0.8422671990402251,0.15773280095977488,1.4229053250499127e-43,200.0,61.3,-184.23959772120577,-1.0714943710697487,-0.887089901723144,-9.892726421740203,0.0,0.0,-27.832104698289324,-7.856826208961305,-3.4395708961892173,-5.766284605572261,-5.449816187011117,-14.864498758424562
1903,3500029.21,8,34.999990229813335,35.0,291.9,0,0.0,0.8422662958544199,0.15773370414558005,1.351760058797417e-43,200.0,61.3,-184.23959772120577,-1.0714943710697487,-0.887089901723144,-9.892726421740203,0.0,0.0,-27.832104698289324,-7.856826208961305,-3.4395708961892173,-5.766284605572261,-5.449816187011117,-14.864498758424562
1904,3500029.21,9,34.999990229813335,35.0,291.9,0,0.0,0.8422676042214766,0.15773239577852344,1.2841720558575462e-43,200.0,61.3,-184.23959772120577,-1.0714943710697487,-0.887089901723144,-9.892726421740203,0.0,0.0,-27.832104698289324,-7.856826208961305,-3.4395708961892173,-5.766284605572261,-5.449816187011117,-14.864498758424562
1905,3500029.21,10,34.999990229813335,35.0,291.9,0,0.0,0.8422704839468332,0.15772951605316674,1.2199634530646688e-43,200.0,61.3,-184.23959772120577,-1.0714943710697487,-0.887089901723144,-9.892726421740203,0.0,0.0,-27.832104698289324,-7.856826208961305,-3.4395708961892173,-5.766284605572261,-5.449816187011117,-14.864498758424562
1906,3500029.21,11,34.999990229813335,35.0,291.9,0,0.0,0.8422722237605987,0.15772777623940132,1.1589652804114354e-43,200.0,61.3,-184.23959772120577,-1.0714943710697487,-0.887089901723144,-9.892726421740203,0.0,0.0,-27.832104698289324,-7.856826208961305,-3.4395708961892173,-5.766284605572261,-5.449816187011117,-14.864498758424562
1907,3500029.21,12,34.999990229813335,35.0,291.9,0,0.0,0.842273407532992,0.15772659246700807,1.1010170163908635e-43,200.0,61.3,-184.23959772120577,-1.0714943710697487,-0.887089901723144,-9.892726421740203,0.0,0.0,-27.832104698289324,-7.856826208961305,-3.4395708961892173,-5.766284605572261,-5.449816187011117,-14.864498758424562
1908,3500029.21,13,34.999990229813335,35.0,291.9,0,0.0,0.8422761661625414,0.15772383383745858,1.0459661655713204e-43,200.0,61.3,-184.23959772120577,-1.0714943710697487,-0.887089901723144,-9.892726421740203,0.0,0.0,-27.832104698289324,-7.856826208961305,-3.4395708961892173,-5.766284605572261,-5.449816187011117,-14.864498758424562
1909,3500029.21,14,34.999990229813335,35.0,291.9,0,0.0,0.8422777924521083,0.15772220754789174,9.936678572927543e-44,200.0,61.3,-184.23959772120577,-1.0714943710697487,-0.887089901723144,-9.892726421740203,0.0,0.0,-27.832104698289324,-7.856826208961305,-3.4395708961892173,-5.766284605572261,-5.449816187011117,-14.864498758424562
1910,3500029.21,15,34.999990229813335,35.0,291.9,0,0.0,0.8422788690428269,0.1577211309571732,9.439844644281165e-44,200.0,61.3,-184.23959772120577,-1.0714943710697487,-0.887089901723144,-9.892726421740203,0.0,0.0,-27.832104698289324,-7.856826208961305,-3.4395708961892173,-5.766284605572261,-5.449816187011117,-14.864498758424562
1911,3500029.21,16,34.999990229813335,35.0,291.9,0,0.0,0.8422788989091728,0.15772110109082718,8.967852412067106e-44,200.0,61.3,-184.23959772120577,-1.0714943710697487,-0.887089901723144,-9.892726421740203,0.0,0.0,-27.832104698289324,-7.856826208961305,-3.4395708961892173,-5.766284605572261,-5.449816187011117,-14.864498758424562
1912,3500029.21,17,34.999990229813335,35.0,291.9,0,0.0,0.8422795094238058,0.15772049057619425,8.519459791463751e-44,200.0,61.3,-184.23959772120577,-1.0714943710697487,-0.887089901723144,-9.892726421740203,0.0,0.0,-27.832104698289324,-7.856826208961305,-3.4395708961892173,-5.766284605572261,-5.449816187011117,-14.864498758424562
1913,3500029.21,18,34.999990229813335,35.0,291.9,0,0.0,0.8422806708737108,0.15771932912628917,8.093486801890563e-44,200.0,61.3,-184.23959772120577,-1.0714943710697487,-0.887089901723144,-9.892726421740203,0.0,0.0,-27.832104698289324,-7.856826208961305,-3.4395708961892173,-5.766284605572261,-5.449816187011117,-14.864498758424562
1914,3500029.21,19,34.999990229813335,35.0,291.9,0,0.0,0.8422813069767228,0.1577186930232773,7.688812461796035e-44,200.0,61.3,-184.23959772120577,-1.0714943710697487,-0.887089901723144,-9.892726421740203,0.0,0.0,-27.832104698289324,-7.856826208961305,-3.4395708961892173,-5.766284605572261,-5.449816187011117,-14.864498758424562
1915,3500029.21,20,34.999990229813335,35.0,291.9,0,0.0,0.8422803966113018,0.15771960338869812,7.304371838706234e-44,200.0,61.3,-184.23959772120577,-1.0714943710697487,-0.887089901723144,-9.892726421740203,0.0,0.0,-27.832104698289324,-7.856826208961305,-3.4395708961892173,-5.766284605572261,-5.449816187011117,-14.864498758424562
1916,3500029.21,21,34.999990229813335,35.0,291.9,0,0.0,0.842278018215594,0.15772198178440602,6.939153246770923e-44,200.0,61.3,-184.23959772120577,-1.0714943710697487,-0.887089901723144,-9.892726421740203,0.0,0.0,-27.832104698289324,-7.856826208961305,-3.4395708961892173,-5.766284605572261,-5.449816187011117,-14.864498758424562
1917,3500029.21,22,34.999990229813335,35.0,291.9,0,0.0,0.8422752936940533,0.15772470630594673,6.592195584432377e-44,200.0,61.3,-184.23959772120577,-1.0714943710697487,-0.887089901723144,-9.892726421740203,0.0,0.0,-27.832104698289324,-7.856826208961305,-3.4395708961892173,-5.766284605572261,-5.449816187011117,-14.864498758424562
1918,3500029.21,23,34.999990229813335,35.0,291.9,0,0.0,0.8422748571613486,0.15772514283865138,6.262585805210759e-44,200.0,61.3,-184.23959772120577,-1.0714943710697487,-0.887089901723144,-9.892726421740203,0.0,0.0,-27.832104698289324,-7.856826208961305,-3.4395708961892173,-5.766284605572261,-5.449816187011117,-14.864498758424562
1919,3500029.21,24,34.999990229813335,35.0,291.9,0,0.0,0.8422750228802174,0.15772497711978262,5.949456514950221e-44,200.0,61.3,-184.23959772120577,-1.0714943710697487,-0.887089901723144,-9.892726421740203,0.0,0.0,-27.832104698289324,-7.856826208961305,-3.4395708961892173,-5.766284605572261,-5.449816187011117,-14.864498758424562
1920,3500029.21,25,34.999990229813335,35.0,291.9,0,0.0,0.8422752375734753,0.15772476242652464,5.65198368920271e-44,200.0,61.3,-184.23959772120577,-1.0714943710697487,-0.887089901723144,-9.892726421740203,0.0,0.0,-27.832104698289324,-7.856826208961305,-3.4395708961892173,-5.766284605572261,-5.449816187011117,-14.864498758424562
1921,3500029.21,26,34.999990229813335,35.0,291.9,0,0.0,0.8422739317666486,0.15772606823335145,5.369384504742574e-44,200.0,61.3,-184.23959772120577,-1.0714943710697487,-0.887089901723144,-9.892726421740203,0.0,0.0,-27.832104698289324,-7.856826208961305,-3.4395708961892173,-5.766284605572261,-5.449816187011117,-14.864498758424562
1922,3500029.21,27,34.999990229813335,35.0,291.9,0,0.0,0.8422727492264334,0.1577272507735667,5.100915279505445e-44,200.0,61.3,-184.23959772120577,-1.0714943710697487,-0.887089901723144,-9.892726421740203,0.0,0.0,-27.832104698289324,-7.856826208961305,-3.4395708961892173,-5.766284605572261,-5.449816187011117,-14.864498758424562
1923,3500029.21,28,34.999990229813335,35.0,291.9,0,0.0,0.8422737706726502,0.1577262293273499,4.845869515530172e-44,200.0,61.3,-184.23959772120577,-1.0714943710697487,-0.887089901723144,-9.892726421740203,0.0,0.0,-27.832104698289324,-7.856826208961305,-3.4395708961892173,-5.766284605572261,-5.449816187011117,-14.864498758424562
1924,3500029.21,29,34.999990229813335,35.0,291.9,0,0.0,0.8422747977871847,0.15772520221281533,4.603576039753663e-44,200.0,61.3,-184.23959772120577,-1.0714943710697487,-0.887089901723144,-9.892726421740203,0.0,0.0,-27.832104698289324,-7.856826208961305,-3.4395708961892173,-5.766284605572261,-5.449816187011117,-14.864498758424562
1925,3500029.21,30,34.999990229813335,35.0,291.9,0,0.0,0.8422753091310263,0.15772469086897362,4.3733972377659796e-44,200.0,61.3,-184.23959772120577,-1.0714943710697487,-0.887089901723144,-9.892726421740203,0.0,0.0,-27.832104698289324,-7.856826208961305,-3.4395708961892173,-5.766284605572261,-5.449816187011117,-14.864498758424562
1926,3500029.21,31,34.999990229813335,35.0,291.9,0,0.0,0.8422763726245014,0.15772362737549864,4.154727375877681e-44,200.0,61.3,-184.23959772120577,-1.0714943710697487,-0.887089901723144,-9.892726421740203,0.0,0.0,-27.832104698289324,-7.856826208961305,-3.4395708961892173,-5.766284605572261,-5.449816187011117,-14.864498758424562
1927,3500029.21,32,34.999990229813335,35.0,291.9,0,0.0,0.8422753570065075,0.1577246429934925,3.9469910070837965e-44,200.0,61.3,-184.23959772120577,-1.0714943710697487,-0.887089901723144,-9.892726421740203,0.0,0.0,-27.832104698289324,-7.856826208961305,-3.4395708961892173,-5.766284605572261,-5.449816187011117,-14.864498758424562
1928,3500029.21,33,34.999990229813335,35.0,291.9,0,0.0,0.8422723674971011,0.1577276325028989,3.7496414567296063e-44,200.0,61.3,-184.23959772120577,-1.0714943710697487,-0.887089901723144,-9.892726421740203,0.0,0.0,-27.832104698289324,-7.856826208961305,-3.4395708961892173,-5.766284605572261,-5.449816187011117,-14.864498758424562
1929,3500029.21,34,34.999990229813335,35.0,291.9,0,0.0,0.842270106498605,0.15772989350139502,3.562159383893126e-44,200.0,61.3,-184.23959772120577,-1.0714943710697487,-0.887089901723144,-9.892726421740203,0.0,0.0,-27.832104698289324,-7.856826208961305,-3.4395708961892173,-5.766284605572261,-5.449816187011117,-14.864498758424562
1930,3500029.21,35,34.999990229813335,35.0,291.9,0,0.0,0.8422685369142681,0.15773146308573188,3.3840514146984696e-44,200.0,61.3,-184.23959772120577,-1.0714943710697487,-0.887089901723144,-9.892726421740203,0.0,0.0,-27.832104698289324,-7.856826208961305,-3.4395708961892173,-5.766284605572261,-5.449816187011117,-14.864498758424562
1931,3500029.21,36,34.999990229813335,35.0,291.9,0,0.0,0.8422650243842341,0.15773497561576594,3.214848843963546e-44,200.0,61.3,-184.23959772120577,-1.0714943710697487,-0.887089901723144,-9.892726421740203,0.0,0.0,-27.832104698289324,-7.856826208961305,-3.4395708961892173,-5.766284605572261,-5.449816187011117,-14.864498758424562
1932,3500029.21,37,34.999990229813335,35.0,291.9,0,0.0,0.8422601871965852,0.15773981280341481,3.054106401765369e-44,200.0,61.3,-184.23959772120577,-1.0714943710697487,-0.887089901723144,-9.892726421740203,0.0,0.0,-27.832104698289324,-7.856826208961305,-3.4395708961892173,-5.766284605572261,-5.449816187011117,-14.864498758424562
1933,3500029.21,38,34.999990229813335,35.0,291.9,0,0.0,0.8422566907043135,0.15774330929568642,2.9014010816771003e-44,200.0,61.3,-184.23959772120577,-1.0714943710697487,-0.887089901723144,-9.892726421740203,0.0,0.0,-27.832104698289324,-7.856826208961305,-3.4395708961892173,-5.766284605572261,-5.449816187011117,-14.864498758424562
1934,3500029.21,39,34.999990229813335,35.0,291.9,0,0.0,0.8422523897233647,0.15774761027663534,2.7563310275932457e-44,200.0,61.3,-184.23959772120577,-1.0714943710697487,-0.887089901723144,-9.892726421740203,0.0,0.0,-27.832104698289324,-7.856826208961305,-3.4395708961892173,-5.766284605572261,-5.449816187011117,-14.864498758424562
1935,3500029.21,40,34.999990229813335,35.0,291.9,0,0.0,0.8422473252968099,0.15775267470319007,2.618514476213583e-44,200.0,61.3,-184.23959772120577,-1.0714943710697487,-0.887089901723144,-9.892726421740203,0.0,0.0,-27.832104698289324,-7.856826208961305,-3.4395708961892173,-5.766284605572261,-5.449816187011117,-14.864498758424562
1936,3500029.21,41,34.999990229813335,35.0,291.9,0,0.0,0.8422430930804196,0.15775690691958044,2.487588752402904e-44,200.0,61.3,-184.23959772120577,-1.0714943710697487,-0.887089901723144,-9.892726421740203,0.0,0.0,-27.832104698289324,-7.856826208961305,-3.4395708961892173,-5.766284605572261,-5.449816187011117,-14.864498758424562
1937,3500029.21,42,34.999990229813335,35.0,291.9,0,0.0,0.8422391322921894,0.15776086770781067,2.3632093147827585e-44,200.0,61.3,-184.23959772120577,-1.0714943710697487,-0.887089901723144,-9.892726421740203,0.0,0.0,-27.832104698289324,-7.856826208961305,-3.4395708961892173,-5.766284605572261,-5.449816187011117,-14.864498758424562
1938,3500029.21,43,34.999990229813335,35.0,291.9,0,0.0,0.8422354292980188,0.15776457070198127,2.2450488490436206e-44,200.0,61.3,-184.23959772120577,-1.0714943710697487,-0.887089901723144,-9.892726421740203,0.0,0.0,-27.832104698289324,-7.856826208961305,-3.4395708961892173,-5.766284605572261,-5.449816187011117,-14.864498758424562
1939,3500029.21,44,34.999990229813335,35.0,291.9,0,0.0,0.8422330069965024,0.15776699300349756,2.1327964065914395e-44,200.0,61.3,-184.23959772120577,-1.0714943710697487,-0.887089901723144,-9.892726421740203,0.0,0.0,-27.832104698289324,-7.856826208961305,-3.4395708961892173,-5.766284605572261,-5.449816187011117,-14.864498758424562
1940,3500029.21,45,34.999990229813335,35.0,291.9,0,0.0,0.842231282459451,0.157768717540549,2.0261565862618673e-44,200.0,61.3,-184.23959772120577,-1.0714943710697487,-0.887089901723144,-9.892726421740203,0.0,0.0,-27.832104698289324,-7.856826208961305,-3.4395708961892173,-5.766284605572261,-5.449816187011117,-14.864498758424562
1941,3500029.21,46,34.999990229813335,35.0,291.9,0,0.0,0.8422297028945427,0.15777029710545734,1.9248487569487739e-44,200.0,61.3,-184.23959772120577,-1.0714943710697487,-0.887089901723144,-9.892726421740203,0.0,0.0,-27.832104698289324,-7.856826208961305,-3.4395708961892173,-5.766284605572261,-5.449816187011117,-14.864498758424562
1942,3500029.21,47,34.999990229813335,35.0,291.9,0,0.0,0.842227226894917,0.15777277310508298,1.828606319101335e-44,200.0,61.3,-184.23959772120577,-1.0714943710697487,-0.887089901723144,-9.892726421740203,0.0,0.0,-27.832104698289324,-7.856826208961305,-3.4395708961892173,-5.766284605572261,-5.449816187011117,-14.864498758424562
1943,3500029.21,48,34.999990229813335,35.0,291.9,0,0.0,0.8422270007447246,0.1577729992552755,1.7371760031462684e-44,200.0,61.3,-184.23959772120577,-1.0714943710697487,-0.887089901723144,-9.892726421740203,0.0,0.0,-27.832104698289324,-7.856826208961305,-3.4395708961892173,-5.766284605572261,-5.449816187011117,-14.864498758424562
1944,3500029.21,49,34.999990229813335,35.0,291.9,0,0.0,0.8422263275528036,0.15777367244719642,1.6503172029889547e-44,200.0,61.3,-184.23959772120577,-1.0714943710697487,-0.887089901723144,-9.892726421740203,0.0,0.0,-27.832104698289324,-7.856826208961305,-3.4395708961892173,-5.766284605572261,-5.449816187011117,-14.864498758424562
1945,3500029.21,0,34.999990229813335,35.0,291.9,0,0.0,0.8422257462479399,0.1577742537520601,1.567801342839507e-44,200.0,61.3,-184.23959772120577,-1.0714943710697487,-0.887089901723144,-9.892726421740203,0.0,0.0,-27.832104698289324,-7.856826208961305,-3.4395708961892173,-5.766284605572261,-5.449816187011117,-14.864498758424562
1946,3500029.21,1,34.999990229813335,35.0,291.9,0,0.0,0.8422231883480125,0.15777681165198748,1.4894112756975316e-44,200.0,61.3,-184.23959772120577,-1.0714943710697487,-0.887089901723144,-9.892726421740203,0.0,0.0,-27.832104698289324,-7.856826208961305,-3.4395708961892173,-5.766284605572261,-5.449816187011117,-14.864498758424562
1947,3500029.21,2,34.999990229813335,35.0,291.9,0,0.0,0.8422213333046412,0.15777866669535875,1.414940711912655e-44,200.0,61.3,-184.23959772120577,-1.0714943710697487,-0.887089901723144,-9.892726421740203,0.0,0.0,-27.832104698289324,-7.856826208961305,-3.4395708961892173,-5.766284605572261,-5.449816187011117,-14.864498758424562
1948,3500029.21,3,34.999990229813335,35.0,291.9,0,0.0,0.842220145314556,0.15777985468544392,1.3441936763170223e-44,200.0,61.3,-184.23959772120577,-1.0714943710697487,-0.887089901723144,-9.892726421740203,0.0,0.0,-27.832104698289324,-7.856826208961305,-3.4395708961892173,-5.766284605572261,-5.449816187011117,-14.864498758424562
1949,3500029.21,4,34.999990229813335,35.0,291.9,0,0.0,0.8422195903657878,0.1577804096342122,1.2769839925011712e-44,200.0,61.3,-184.23959772120577,-1.0714943710697487,-0.887089901723144,-9.892726421740203,0.0,0.0,-27.832104698289324,-7.856826208961305,-3.4395708961892173,-5.766284605572261,-5.449816187011117,-14.864498758424562
1950,3500029.21,5,34.999990229813335,35.0,291.9,0,0.0,0.8422180916209574,0.15778190837904268,1.2131347928761128e-44,200.0,61.3,-184.23959772120577,-1.0714943710697487,-0.887089901723144,-9.892726421740203,0.0,0.0,-27.832104698289324,-7.856826208961305,-3.4395708961892173,-5.766284605572261,-5.449816187011117,-14.864498758424562
1951,3500029.21,6,34.999990229813335,35.0,291.9,0,0.0,0.8422172411166771,0.15778275888332294,1.152478053232307e-44,200.0,61.3,-184.23959772120577,-1.0714943710697487,-0.887089901723144,-9.892726421740203,0.0,0.0,-27.832104698289324,-7.856826208961305,-3.4395708961892173,-5.766284605572261,-5.449816187011117,-14.864498758424562
1952,3500029.21,7,34.999990229813335,35.0,291.9,0,0.0,0.8422149482542912,0.1577850517457088,1.0948541505706918e-44,200.0,61.3,-184.23959772120577,-1.0714943710697487,-0.887089901723144,-9.892726421740203,0.0,0.0,-27.832104698289324,-7.856826208961305,-3.4395708961892173,-5.766284605572261,-5.449816187011117,-14.864498758424562
1953,3500029.21,8,34.999990229813335,35.0,291.9,0,0.0,0.8422123148836331,0.15778768511636682,1.0401114430421572e-44,200.0,61.3,-184.23959772120577,-1.0714943710697487,-0.887089901723144,-9.892726421740203,0.0,0.0,-27.832104698289324,-7.856826208961305,-3.4395708961892173,-5.766284605572261,-5.449816187011117,-14.864498758424562
1954,3500029.21,9,34.999990229813335,35.0,291.9,0,0.0,0.8422119280709857,0.15778807192901434,9.881058708900494e-45,200.0,61.3,-184.23959772120577,-1.0714943710697487,-0.887089901723144,-9.892726421740203,0.0,0.0,-27.832104698289324,-7.856826208961305,-3.4395708961892173,-5.766284605572261,-5.449816187011117,-14.864498758424562
1955,3500029.21,10,34.999990229813335,35.0,291.9,0,0.0,0.8422100779664723,0.15778992203352765,9.387005773455469e-45,200.0,61.3,-184.23959772120577,-1.0714943710697487,-0.887089901723144,-9.892726421740203,0.0,0.0,-27.832104698289324,-7.856826208961305,-3.4395708961892173,-5.766284605572261,-5.449816187011117,-14.864498758424562
1956,3500029.21,11,34.999990229813335,35.0,291.9,0,0.0,0.8422083792797849,0.15779162072021508,8.917655484782695e-45,200.0,61.3,-184.23959772120577,-1.0714943710697487,-0.887089901723144,-9.892726421740203,0.0,0.0,-27.832104698289324,-7.856826208961305,-3.4395708961892173,-5.766284605572261,-5.449816187011117,-14.864498758424562
1957,3500029.21,12,34.999990229813335,35.0,291.9,0,0.0,0.8422073374927552,0.15779266250724472,8.47177271054356e-45,200.0,61.3,-184.23959772120577,-1.0714943710697487,-0.887089901723144,-9.892726421740203,0.0,0.0,-27.832104698289324,-7.856826208961305,-3.4395708961892173,-5.766284605572261,-5.449816187011117,-14.864498758424562
1958,3500029.21,13,34.999990229813335,35.0,291.9,0,0.0,0.8422079445252494,0.15779205547475056,8.048184075016382e-45,200.0,61.3,-184.23959772120577,-1.0714943710697487,-0.887089901723144,-9.892726421740203,0.0,0.0,-27.832104698289324,-7.856826208961305,-3.4395708961892173,-5.766284605572261,-5.449816187011117,-14.864498758424562
1959,3500029.21,14,34.999990229813335,35.0,291.9,0,0.0,0.8422101157759369,0.15778988422406323,7.645774871265564e-45,200.0,61.3,-184.23959772120577,-1.0714943710697487,-0.887089901723144,-9.892726421740203,0.0,0.0,-27.832104698289324,-7.856826208961305,-3.4395708961892173,-5.766284605572261,-5.449816187011117,-14.864498758424562
1960,3500029.21,15,34.999990229813335,35.0,291.9,0,0.0,0.842211211233676,0.15778878876632385,7.263486127702284e-45,200.0,61.3,-184.23959772120577,-1.0714943710697487,-0.887089901723144,-9.892726421740203,0.0,0.0,-27.832104698289324,-7.856826208961305,-3.4395708961892173,-5.766284605572261,-5.449816187011117,-14.864498758424562
1961,3500029.21,16,34.999990229813335,35.0,291.9,0,0.0,0.8422107735549084,0.15778922644509163,6.90031182131717e-45,200.0,61.3,-184.23959772120577,-1.0714943710697487,-0.887089901723144,-9.892726421740203,0.0,0.0,-27.832104698289324,-7.856826208961305,-3.4395708961892173,-5.766284605572261,-5.449816187011117,-14.864498758424562
1962,3500029.21,17,34.999990229813335,35.0,291.9,0,0.0,0.842209904054462,0.15779009594553797,6.555296230251313e-45,200.0,61.3,-184.23959772120577,-1.0714943710697487,-0.887089901723144,-9.892726421740203,0.0,0.0,-27.832104698289324,-7.856826208961305,-3.4395708961892173,-5.766284605572261,-5.449816187011117,-14.864498758424562
1963,3500029.21,18,34.999990229813335,35.0,291.9,0,0.0,0.8422070899129902,0.15779291008700974,6.227531418738746e-45,200.0,61.3,-184.23959772120577,-1.0714943710697487,-0.887089901723144,-9.892726421740203,0.0,0.0,-27.832104698289324,-7.856826208961305,-3.4395708961892173,-5.766284605572261,-5.449816187011117,-14.864498758424562
1964,3500029.21,19,34.999990229813335,35.0,291.9,0,0.0,0.8422029411936662,0.15779705880633385,5.91615484780181e-45,200.0,61.3,-184.23959772120577,-1.0714943710697487,-0.887089901723144,-9.892726421740203,0.0,0.0,-27.832104698289324,-7.856826208961305,-3.4395708961892173,-5.766284605572261,-5.449816187011117,-14.864498758424562
1965,3500029.21,20,34.999990229813335,35.0,291.9,0,0.0,0.8421995711716361,0.15780042882836398,5.620347105411719e-45,200.0,61.3,-184.23959772120577,-1.0714943710697487,-0.887089901723144,-9.892726421740203,0.0,0.0,-27.832104698289324,-7.856826208961305,-3.4395708961892173,-5.766284605572261,-5.449816187011117,-14.864498758424562
1966,3500029.21,21,34.999990229813335,35.0,291.9,0,0.0,0.8421964292918104,0.1578035707081896,5.339329750141132e-45,200.0,61.3,-184.23959772120577,-1.0714943710697487,-0.887089901723144,-9.892726421740203,0.0,0.0,-27.832104698289324,-7.856826208961305,-3.4395708961892173,-5.766284605572261,-5.449816187011117,-14.864498758424562
1967,3500029.21,22,34.999990229813335,35.0,291.9,0,0.0,0.842192993328834,0.15780700667116593,5.072363262634075e-45,200.0,61.3,-184.23959772120577,-1.0714943710697487,-0.887089901723144,-9.892726421740203,0.0,0.0,-27.832104698289324,-7.856826208961305,-3.4395708961892173,-5.766284605572261,-5.449816187011117,-14.864498758424562
1968,3500029.21,23,34.999990229813335,35.0,291.9,0,0.0,0.8421897889487582,0.15781021105124177,4.818745099502371e-45,200.0,61.3,-184.23959772120577,-1.0714943710697487,-0.887089901723144,-9.892726421740203,0.0,0.0,-27.832104698289324,-7.856826208961305,-3.4395708961892173,-5.766284605572261,-5.449816187011117,-14.864498758424562
1969,3500029.21,24,34.999990229813335,35.0,291.9,0,0.0,0.8421862942336825,0.15781370576631754,4.577807844527253e-45,200.0,61.3,-184.23959772120577,-1.0714943710697487,-0.887089901723144,-9.892726421740203,0.0,0.0,-27.832104698289324,-7.856826208961305,-3.4395708961892173,-5.766284605572261,-5.449816187011117,-14.864498758424562
1970,3500029.21,25,34.999990229813335,35.0,291.9,0,0.0,0.8421820139996861,0.15781798600031405,4.34891745230089e-45,200.0,61.3,-184.23959772120577,-1.0714943710697487,-0.887089901723144,-9.892726421740203,0.0,0.0,-27.832104698289324,-7.856826208961305,-3.4395708961892173,-5.766284605572261,-5.449816187011117,-14.864498758424562
1971,3500029.21,26,34.999990229813335,35.0,291.9,0,0.0,0.8421780081754294,0.15782199182457068,4.131471579685846e-45,200.0,61.3,-184.23959772120577,-1.0714943710697487,-0.887089901723144,-9.892726421740203,0.0,0.0,-27.832104698289324,-7.856826208961305,-3.4395708961892173,-5.766284605572261,-5.449816187011117,-14.864498758424562
1972,3500029.21,27,34.999990229813335,35.0,291.9,0,0.0,0.8421737533385968,0.15782624666140332,3.924898000701553e-45,200.0,61.3,-184.23959772120577,-1.0714943710697487,-0.887089901723144,-9.892726421740203,0.0,0.0,-27.832104698289324,-7.856826208961305,-3.4395708961892173,-5.766284605572261,-5.449816187011117,-14.864498758424562
1973,3500029.21,28,34.999990229813335,35.0,291.9,0,0.0,0.8421707904775063,0.15782920952249374,3.7286531006664754e-45,200.0,61.3,-184.23959772120577,-1.0714943710697487,-0.887089901723144,-9.892726421740203,0.0,0.0,-27.832104698289324,-7.856826208961305,-3.4395708961892173,-5.766284605572261,-5.449816187011117,-14.864498758424562
1974,3500029.21,29,34.999990229813335,35.0,291.9,0,0.0,0.8421700713938987,0.15782992860610132,3.542220445633151e-45,200.0,61.3,-184.23959772120577,-1.0714943710697487,-0.887089901723144,-9.892726421740203,0.0,0.0,-27.832104698289324,-7.856826208961305,-3.4395708961892173,-5.766284605572261,-5.449816187011117,-14.864498758424562
1975,3500029.21,30,34.999990229813335,35.0,291.9,0,0.0,0.8421674124612069,0.1578325875387931,3.365109423351493e-45,200.0,61.3,-184.23959772120577,-1.0714943710697487,-0.887089901723144,-9.892726421740203,0.0,0.0,-27.832104698289324,-7.856826208961305,-3.4395708961892173,-5.766284605572261,-5.449816187011117,-14.864498758424562
1976,3500029.21,31,34.999990229813335,35.0,291.9,0,0.0,0.8421624031370757,0.15783759686292437,3.196853952183919e-45,200.0,61.3,-184.23959772120577,-1.0714943710697487,-0.887089901723144,-9.892726421740203,0.0,0.0,-27.832104698289324,-7.856826208961305,-3.4395708961892173,-5.766284605572261,-5.449816187011117,-14.864498758424562
1977,3500029.21,32,34.999990229813335,35.0,291.9,0,0.0,0.8421597389408072,0.1578402610591928,3.0370112545747225e-45,200.0,61.3,-184.23959772120577,-1.0714943710697487,-0.887089901723144,-9.892726421740203,0.0,0.0,-27.832104698289324,-7.856826208961305,-3.4395708961892173,-5.766284605572261,-5.449816187011117,-14.864498758424562
1978,3500029.21,33,34.999990229813335,35.0,291.9,0,0.0,0.8421577759160015,0.15784222408399848,2.885160691845986e-45,200.0,61.3,-184.23959772120577,-1.0714943710697487,-0.887089901723144,-9.892726421740203,0.0,0.0,-27.832104698289324,-7.856826208961305,-3.4395708961892173,-5.766284605572261,-5.449816187011117,-14.864498758424562
1979,3500029.21,34,34.999990229813335,35.0,291.9,0,0.0,0.8421574935629794,0.15784250643702052,2.7409026572536865e-45,200.0,61.3,-184.23959772120577,-1.0714943710697487,-0.887089901723144,-9.892726421740203,0.0,0.0,-27.832104698289324,-7.856826208961305,-3.4395708961892173,-5.766284605572261,-5.449816187011117,-14.864498758424562
1980,3500029.21,35,34.999990229813335,35.0,291.9,0,0.0,0.8421577913727066,0.15784220862729345,2.6038575243910027e-45,200.0,61.3,-184.23959772120577,-1.0714943710697487,-0.887089901723144,-9.892726421740203,0.0,0.0,-27.832104698289324,-7.856826208961305,-3.4395708961892173,-5.766284605572261,-5.449816187011117,-14.864498758424562
1981,3500029.21,36,34.999990229813335,35.0,291.9,0,0.0,0.8421571187139093,0.15784288128609078,2.4736646481714524e-45,200.0,61.3,-184.23959772120577,-1.0714943710697487,-0.887089901723144,-9.892726421740203,0.0,0.0,-27.832104698289324,-7.856826208961305,-3.4395708961892173,-5.766284605572261,-5.449816187011117,-14.864498758424562
1982,3500029.21,37,34.999990229813335,35.0,291.9,0,0.0,0.8421565386179016,0.15784346138209837,2.3499814157628797e-45,200.0,61.3,-184.23959772120577,-1.0714943710697487,-0.887089901723144,-9.892726421740203,0.0,0.0,-27.832104698289324,-7.856826208961305,-3.4395708961892173,-5.766284605572261,-5.449816187011117,-14.864498758424562
1983,3500029.21,38,34.999990229813335,35.0,291.9,0,0.0,0.8421550331935599,0.15784496680644014,2.2324823449747356e-45,200.0,61.3,-184.23959772120577,-1.0714943710697487,-0.887089901723144,-9.892726421740203,0.0,0.0,-27.832104698289324,-7.856826208961305,-3.4395708961892173,-5.766284605572261,-5.449816187011117,-14.864498758424562
1984,3500029.21,39,34.999990229813335,35.0,291.9,0,0.0,0.8421526494854588,0.15784735051454118,2.1208582277259987e-45,200.0,61.3,-184.23959772120577,-1.0714943710697487,-0.887089901723144,-9.892726421740203,0.0,0.0,-27.832104698289324,-7.856826208961305,-3.4395708961892173,-5.766284605572261,-5.449816187011117,-14.864498758424562
1985,3500029.21,40,34.999990229813335,35.0,291.9,0,0.0,0.8421509509692394,0.15784904903076052,2.0148153163396985e-45,200.0,61.3,-184.23959772120577,-1.0714943710697487,-0.887089901723144,-9.892726421740203,0.0,0.0,-27.832104698289324,-7.856826208961305,-3.4395708961892173,-5.766284605572261,-5.449816187011117,-14.864498758424562
1986,3500029.21,41,34.999990229813335,35.0,291.9,0,0.0,0.8421483849075038,0.1578516150924963,1.9140745505227137e-45,200.0,61.3,-184.23959772120577,-1.0714943710697487,-0.887089901723144,-9.892726421740203,0.0,0.0,-27.832104698289324,-7.856826208961305,-3.4395708961892173,-5.766284605572261,-5.449816187011117,-14.864498758424562
1987,3500029.21,42,34.999990229813335,35.0,291.9,0,0.0,0.8421465128237948,0.15785348717620518,1.818370822996578e-45,200.0,61.3,-184.23959772120577,-1.0714943710697487,-0.887089901723144,-9.892726421740203,0.0,0.0,-27.832104698289324,-7.856826208961305,-3.4395708961892173,-5.766284605572261,-5.449816187011117,-14.864498758424562
1988,3500029.21,43,34.999990229813335,35.0,291.9,0,0.0,0.8421442884828401,0.15785571151715996,1.7274522818467494e-45,200.0,61.3,-184.23959772120577,-1.0714943710697487,-0.887089901723144,-9.892726421740203,0.0,0.0,-27.832104698289324,-7.856826208961305,-3.4395708961892173,-5.766284605572261,-5.449816187011117,-14.864498758424562
1989,3500029.21,44,34.999990229813335,35.0,291.9,0,0.0,0.8421407192141298,0.15785928078587017,1.6410796677544118e-45,200.0,61.3,-184.23959772120577,-1.0714943710697487,-0.887089901723144,-9.892726421740203,0.0,0.0,-27.832104698289324,-7.856826208961305,-3.4395708961892173,-5.766284605572261,-5.449816187011117,-14.864498758424562
1990,3500029.21,45,34.999990229813335,35.0,291.9,0,0.0,0.8421368837821331,0.1578631162178668,1.559025684366691e-45,200.0,61.3,-184.23959772120577,-1.0714943710697487,-0.887089901723144,-9.892726421740203,0.0,0.0,-27.832104698289324,-7.856826208961305,-3.4395708961892173,-5.766284605572261,-5.449816187011117,-14.864498758424562
1991,3500029.21,46,34.999990229813335,35.0,291.9,0,0.0,0.8421343106115002,0.15786568938849985,1.4810744001483567e-45,200.0,61.3,-184.23959772120577,-1.0714943710697487,-0.887089901723144,-9.892726421740203,0.0,0.0,-27.832104698289324,-7.856826208961305,-3.4395708961892173,-5.766284605572261,-5.449816187011117,-14.864498758424562
1992,3500029.21,47,34.999990229813335,35.0,291.9,0,0.0,0.8421314216626155,0.15786857833738457,1.4070206801409388e-45,200.0,61.3,-184.23959772120577,-1.0714943710697487,-0.887089901723144,-9.892726421740203,0.0,0.0,-27.832104698289324,-7.856826208961305,-3.4395708961892173,-5.766284605572261,-5.449816187011117,-14.864498758424562
1993,3500029.21,48,34.999990229813335,35.0,291.9,0,0.0,0.8421302503448477,0.15786974965515232,1.3366696461338918e-45,200.0,61.3,-184.23959772120577,-1.0714943710697487,-0.887089901723144,-9.892726421740203,0.0,0.0,-27.832104698289324,-7.856826208961305,-3.4395708961892173,-5.766284605572261,-5.449816187011117,-14.864498758424562
1994,3500029.21,49,34.999990229813335,35.0,291.9,0,0.0,0.8421297010161226,0.15787029898387736,1.2698361638271972e-45,200.0,61.3,-184.23959772120577,-1.0714943710697487,-0.887089901723144,-9.892726421740203,0.0,0.0,-27.832104698289324,-7.856826208961305,-3.4395708961892173,-5.766284605572261,-5.449816187011117,-14.864498758424562
1995,3500029.21,0,34.999990229813335,35.0,291.9,0,0.0,0.8421307489896404,0.1578692510103596,1.2063443556358373e-45,200.0,61.3,-184.23959772120577,-1.0714943710697487,-0.887089901723144,-9.892726421740203,0.0,0.0,-27.832104698289324,-7.856826208961305,-3.4395708961892173,-5.766284605572261,-5.449816187011117,-14.864498758424562
1996,3500029.21,1,34.999990229813335,35.0,291.9,0,0.0,0.8421297896555431,0.15787021034445697,1.1460271378540456e-45,200.0,61.3,-184.23959772120577,-1.0714943710697487,-0.887089901723144,-9.892726421740203,0.0,0.0,-27.832104698289324,-7.856826208961305,-3.4395708961892173,-5.766284605572261,-5.449816187011117,-14.864498758424562
1997,3500029.21,2,34.999990229813335,35.0,291.9,0,0.0,0.8421274279009704,0.1578725720990296,1.0887257809613432e-45,200.0,61.3,-184.23959772120577,-1.0714943710697487,-0.887089901723144,-9.892726421740203,0.0,0.0,-27.832104698289324,-7.856826208961305,-3.4395708961892173,-5.766284605572261,-5.449816187011117,-14.864498758424562
1998,3500029.21,3,34.999990229813335,35.0,291.9,0,0.0,0.8421252442796864,0.15787475572031356,1.034289491913276e-45,200.0,61.3,-184.23959772120577,-1.0714943710697487,-0.887089901723144,-9.892726421740203,0.0,0.0,-27.832104698289324,-7.856826208961305,-3.4395708961892173,-5.766284605572261,-5.449816187011117,-14.864498758424562
1999,3500029.21,4,34.999990229813335,35.0,291.9,0,0.0,0.842126245682514,0.15787375431748601,9.825750173176124e-46,200.0,61.3,-184.23959772120577,-1.0714943710697487,-0.887089901723144,-9.892726421740203,0.0,0.0,-27.832104698289324,-7.856826208961305,-3.4395708961892173,-5.766284605572261,-5.449816187011117,-14.864498758424562
