Iteration,Best_Fitness,Stagnation_Counter,Total_Load_Shed,Gen_Deviation_Sum,Gen_Rescheduling_Cost,Num_Line_Violations,Max_Line_Violation_Pct,Prob_OOA,Prob_KHA,Prob_SHO,B_1,B_2,B_3,B_4,B_5,B_6,B_7,B_8,B_9,B_10,B_11,B_12,B_13,B_14
0,20233431.043056943,0,11.634785953215413,85.98573267740478,717.1210105295559,0,0.0,0.3333333333333333,0.3333333333333333,0.3333333333333333,186.1897406846899,98.47547336209468,-202.56521404678458,-1.4,-1.0,-11.2,0.0,0.0,-29.5,-9.0,-3.5,-6.1,-5.5,-14.9
1,18034879.442700677,0,11.727211608290494,63.07615208899341,526.055108422205,0,0.0,0.33166666666666667,0.3516666666666666,0.31666666666666665,197.5983181513581,86.9744702403515,-207.94770918923598,-1.332918746867554,-0.9396068474537963,-10.50600709061476,0.0,0.0,-27.645730102856138,-8.237365192492543,-3.239579941831137,-5.575024333937375,-5.053460436138025,-14.095386510282186
2,14810947.580874743,0,8.205275848551633,66.0561661148057,550.9084253974795,0,0.0,0.3388595571095571,0.36030710955710954,0.3008333333333333,197.86927901832132,90.22544513312702,-209.64024608691662,-1.4,-0.946912411912778,-10.587624232705375,0.0,0.0,-29.041367896877368,-8.299031658852737,-3.264319863930212,-5.616720784274419,-5.0916349708645505,-14.206866245114297
3,12969433.466991687,0,5.4446353883190906,75.24735222380842,627.5629175465622,0,0.0,0.3486636883541296,0.3596539126178832,0.29168239902798726,194.65400619393623,96.20135841774464,-208.77940120384264,-1.4,-0.9759634078382594,-11.2,0.0,0.0,-29.5,-9.0,-3.5,-6.1,-5.5,-14.9
4,12681902.33232004,0,5.311127036716298,73.70713743851118,614.7175262371833,0,0.0,0.362266426051973,0.35510702124460686,0.28262655270342024,195.49086776238627,95.49800520089745,-208.96628900860446,-1.3996451683222026,-0.9776028021639864,-11.2,0.0,0.0,-29.5,-8.945335984193038,-3.5,-6.1,-5.5,-14.9
5,11201530.621933287,0,4.356144640388668,68.45328791502499,570.9004212113084,0,0.0,0.3765633901407278,0.3497482309541845,0.27368837890508774,198.59528372229317,93.34857163731816,-209.913590718863,-1.4,-0.9302646407483292,-11.2,0.0,0.0,-29.5,-9.0,-3.5,-6.1,-5.5,-14.9
6,11201530.621933287,1,4.356144640388668,68.45328791502499,570.9004212113084,0,0.0,0.39200674381249934,0.34368466046607793,0.26430859572142273,198.59528372229317,93.34857163731816,-209.913590718863,-1.4,-0.9302646407483292,-11.2,0.0,0.0,-29.5,-9.0,-3.5,-6.1,-5.5,-14.9
7,11201530.621933287,2,4.356144640388668,68.45328791502499,570.9004212113084,0,0.0,0.40650760100666855,0.33796066489995896,0.25553173409337243,198.59528372229317,93.34857163731816,-209.913590718863,-1.4,-0.9302646407483292,-11.2,0.0,0.0,-29.5,-9.0,-3.5,-6.1,-5.5,-14.9
8,11201530.621933287,3,4.356144640388668,68.45328791502499,570.9004212113084,0,0.0,0.4194156866143383,0.33311790841325634,0.2474664049724054,198.59528372229317,93.34857163731816,-209.913590718863,-1.4,-0.9302646407483292,-11.2,0.0,0.0,-29.5,-9.0,-3.5,-6.1,-5.5,-14.9
9,11201530.621933287,4,4.356144640388668,68.45328791502499,570.9004212113084,0,0.0,0.4312330904769902,0.3291131632315874,0.23965374629142244,198.59528372229317,93.34857163731816,-209.913590718863,-1.4,-0.9302646407483292,-11.2,0.0,0.0,-29.5,-9.0,-3.5,-6.1,-5.5,-14.9
10,11201530.621933287,5,4.356144640388668,68.45328791502499,570.9004212113084,0,0.0,0.4417935977227379,0.3258882893233028,0.23231811295395932,198.59528372229317,93.34857163731816,-209.913590718863,-1.4,-0.9302646407483292,-11.2,0.0,0.0,-29.5,-9.0,-3.5,-6.1,-5.5,-14.9
11,11201530.621933287,6,4.356144640388668,68.45328791502499,570.9004212113084,0,0.0,0.4520693375846444,0.32260169117492277,0.22532897124043286,198.59528372229317,93.34857163731816,-209.913590718863,-1.4,-0.9302646407483292,-11.2,0.0,0.0,-29.5,-9.0,-3.5,-6.1,-5.5,-14.9
12,11000088.813963287,0,4.353205640055824,66.18189187813124,551.9569782636145,1,0.0013538378135422135,0.4613652297017444,0.31981956534513833,0.21881520495311726,199.73245124090647,92.21434311903771,-210.02019201733543,-1.3023779745350403,-0.9242243680736909,-11.2,0.0,0.0,-29.5,-9.0,-3.5,-6.1,-5.5,-14.9
13,10967610.774986938,0,4.362478014448926,66.05077614190711,550.8634730235053,0,0.0,0.4724090329351989,0.31536824533494057,0.2122227217298605,199.79337292182197,92.14414906372907,-210.0223740434001,-1.295588362025172,-0.931356894936035,-11.2,0.0,0.0,-29.49586265141365,-8.99642175010551,-3.5,-6.09591828367059,-5.5,-14.9
14,10963497.74202061,0,4.358492887505993,66.04949709234043,550.8528057501192,0,0.0,0.4804545163535776,0.31381511204353335,0.205730371602889,199.79600501007678,92.14550210241721,-210.01939344353178,-1.2975536133829642,-0.9346339309238395,-11.199740086872188,0.0,0.0,-29.492132114844637,-9.0,-3.5,-6.0980539229385835,-5.5,-14.9
15,10963497.74202061,1,4.358492887505993,66.04949709234043,550.8528057501192,0,0.0,0.4857609302265753,0.31480235581652627,0.1994367139568985,199.79600501007678,92.14550210241721,-210.01939344353178,-1.2975536133829642,-0.9346339309238395,-11.199740086872188,0.0,0.0,-29.492132114844637,-9.0,-3.5,-6.0980539229385835,-5.5,-14.9
16,10963497.74202061,2,4.358492887505993,66.04949709234043,550.8528057501192,0,0.0,0.4905947306501318,0.31581239124524063,0.19359287810462755,199.79600501007678,92.14550210241721,-210.01939344353178,-1.2975536133829642,-0.9346339309238395,-11.199740086872188,0.0,0.0,-29.492132114844637,-9.0,-3.5,-6.0980539229385835,-5.5,-14.9
17,10963497.74202061,3,4.358492887505993,66.04949709234043,550.8528057501192,0,0.0,0.49497867902806864,0.3168785642691067,0.18814275670282468,199.79600501007678,92.14550210241721,-210.01939344353178,-1.2975536133829642,-0.9346339309238395,-11.199740086872188,0.0,0.0,-29.492132114844637,-9.0,-3.5,-6.0980539229385835,-5.5,-14.9
18,10952004.147465602,0,4.3470977502364825,66.04851272769504,550.8445961489766,0,0.0,0.49886976381349085,0.3180929544255475,0.1830372817609616,199.80219476103423,92.15070748872927,-210.01628751327988,-1.3211144415069298,-0.9380483744977235,-11.2,0.0,0.0,-29.49647338699974,-8.993135968641804,-3.4989261526310087,-6.093230493484382,-5.5,-14.895685918722041
19,10916589.811015949,0,4.335673532085706,65.80861334546711,548.8438353011957,0,0.0,0.5008031617450832,0.3212894398678593,0.17790739838705746,199.9278565612236,92.0364699066907,-210.01897200316728,-1.3305678182373781,-0.9455608119843335,-11.2,0.0,0.0,-29.5,-8.987655285095235,-3.5,-6.088937880596271,-5.5,-14.892632668833787
20,10916589.811015949,1,4.335673532085706,65.80861334546711,548.8438353011957,0,0.0,0.5045106790475917,0.3227241482260342,0.1727651727263742,199.9278565612236,92.0364699066907,-210.01897200316728,-1.3305678182373781,-0.9455608119843335,-11.2,0.0,0.0,-29.5,-8.987655285095235,-3.5,-6.088937880596271,-5.5,-14.892632668833787
21,10911706.264202692,0,4.3459964088266565,65.65383892559876,547.5530166394936,0,0.0,0.5081453272691195,0.32389630588414653,0.16795836684673401,200.0,91.95383892559876,-210.01984884258042,-1.35116783593561,-0.9343489850436003,-11.2,0.0,0.0,-29.5,-8.978985193606983,-3.5,-6.082246638602197,-5.5,-14.887406095404526
22,10911464.413428955,0,4.3459964088266565,65.65396242477968,547.5540466226626,0,0.0,0.5122579940954134,0.32445222682131364,0.16328977908327294,200.0,91.95396242477968,-210.01984884258042,-1.35116783593561,-0.9343489850436003,-11.2,0.0,0.0,-29.5,-8.978985193606983,-3.5,-6.082246638602197,-5.5,-14.887406095404526
23,10911464.413428955,1,4.3459964088266565,65.65396242477968,547.5540466226626,0,0.0,0.5170811852257508,0.3241204586952096,0.15879835607903958,200.0,91.95396242477968,-210.01984884258042,-1.35116783593561,-0.9343489850436003,-11.2,0.0,0.0,-29.5,-8.978985193606983,-3.5,-6.082246638602197,-5.5,-14.887406095404526
24,10896034.792570803,0,4.322167845699724,65.73812061278488,548.2559259106259,0,0.0,0.5214570185861824,0.32386488161613014,0.1546780997976875,199.96985577075768,92.00797638354256,-210.01680773627774,-1.3408276669998442,-0.9554235206648097,-11.2,0.0,0.0,-29.5,-9.0,-3.496731561395656,-6.0806615172459395,-5.5,-14.887380151716274
25,10893079.565703414,0,4.317723793912592,65.75300873781536,548.3800928733801,0,0.0,0.5248420758613139,0.32474099748005775,0.15041692665862835,199.964633734136,92.01764247195135,-210.015012162011,-1.3354609735873335,-0.959287880942981,-11.2,0.0,0.0,-29.5,-9.0,-3.4960727657263138,-6.091605964185094,-5.5,-14.88483645963467
26,10863940.851594176,0,4.284739943252365,65.7914598826427,548.7007754212401,0,0.0,0.528548513191592,0.3251388171210462,0.14631266968736184,199.96190008705247,92.05335996969517,-209.98698887244907,-1.3738565873414956,-0.989831693516583,-11.199981867827843,0.0,0.0,-29.492058522831616,-8.999982957814092,-3.5,-6.1,-5.5,-14.872559554966918
27,10853772.55511076,0,4.274571636768949,65.7914598826427,548.7007754212401,0,0.0,0.5326070834112878,0.3253320377998512,0.14206087878886092,199.96698424029418,92.05844412293688,-209.98698887244907,-1.3738565873414956,-1.0,-11.199981867827843,0.0,0.0,-29.492058522831616,-8.999982957814092,-3.5,-6.1,-5.5,-14.872559554966918
28,10840290.801281262,0,4.261553393385892,65.7868246168364,548.6621173044155,0,0.0,0.5370456947792682,0.3249992177241989,0.13795508749653285,199.97581099488886,92.06263561172526,-209.9837247332204,-1.4,-1.0,-11.2,0.0,0.0,-29.493513338436802,-9.0,-3.4917381667398195,-6.1,-5.5,-14.869470368217062
29,10840175.130468829,0,4.261648380540735,65.78471845472902,548.64455191244,0,0.0,0.5432292391983777,0.3229607937360102,0.13380996706561207,199.97681509458766,92.06153354931668,-209.98622136371458,-1.3919962670966344,-0.9956338248904539,-11.199996834134225,0.0,0.0,-29.5,-9.0,-3.4936590442237443,-6.099997961475498,-5.49980331024542,-14.8710430136787
30,10800870.626632772,0,4.222590566715698,65.78225127519511,548.6239756351272,0,0.0,0.54995105819978,0.32027842008674823,0.12977052171347186,199.99757907904458,92.07983035423969,-209.97925405630446,-1.4,-0.9984833907739739,-11.199997831632826,0.0,0.0,-29.49996132949442,-9.0,-3.5,-6.1,-5.499712825078617,-14.9
31,10800870.626632772,1,4.222590566715698,65.78225127519511,548.6239756351272,0,0.0,0.5571894374461948,0.31695608091590943,0.12585448163789587,199.99757907904458,92.07983035423969,-209.97925405630446,-1.4,-0.9984833907739739,-11.199997831632826,0.0,0.0,-29.49996132949442,-9.0,-3.5,-6.1,-5.499712825078617,-14.9
32,10800556.306859061,0,4.222355894297442,65.78145502585818,548.6173349156572,0,0.0,0.5639409671695933,0.31393323504568443,0.12212579778472232,199.9980945399222,92.07954956578037,-209.97979683428625,-1.3990813229159003,-1.0,-11.199997898634354,0.0,0.0,-29.499824827813857,-8.999999907871642,-3.499820705903128,-6.1,-5.499705146997856,-14.899417461279562
33,10800556.306859061,1,4.222355894297442,65.78145502585818,548.6173349156572,0,0.0,0.5710526962807589,0.3104511486419005,0.11849615507734056,199.9980945399222,92.07954956578037,-209.97979683428625,-1.3990813229159003,-1.0,-11.199997898634354,0.0,0.0,-29.499824827813857,-8.999999907871642,-3.499820705903128,-6.1,-5.499705146997856,-14.899417461279562
34,10800032.915988281,0,4.221827251887385,65.78150753970604,548.6177728811484,0,0.0,0.5777198332341251,0.30720028868973726,0.11507987807613765,199.99833260420328,92.07984014390932,-209.97976103725756,-1.3991419110588095,-0.9998999773281445,-11.199997894215501,0.0,0.0,-29.499833830306105,-8.999999913947645,-3.499832530619943,-6.1,-5.499705653378893,-14.9
35,10799405.744380748,0,4.2206123556430555,65.78738422059253,548.6667843997417,0,0.0,0.5843637683941041,0.30379803534103605,0.11183819626485988,199.9960017118822,92.08338593247473,-209.9795797873628,-1.4,-1.0,-11.2,0.0,0.0,-29.5,-9.0,-3.499807856994124,-6.1,-5.5,-14.9
36,10799405.744380748,1,4.2206123556430555,65.78738422059253,548.6667843997417,0,0.0,0.5908324456960634,0.30040802320356197,0.10875953110037473,199.9960017118822,92.08338593247473,-209.9795797873628,-1.4,-1.0,-11.2,0.0,0.0,-29.5,-9.0,-3.499807856994124,-6.1,-5.5,-14.9
37,10799405.744380748,2,4.2206123556430555,65.78738422059253,548.6667843997417,0,0.0,0.5968702648026802,0.29725088045678794,0.10587885474053194,199.9960017118822,92.08338593247473,-209.9795797873628,-1.4,-1.0,-11.2,0.0,0.0,-29.5,-9.0,-3.499807856994124,-6.1,-5.5,-14.9
38,10799123.143425977,0,4.220748032279304,65.78320179143739,548.6319029405879,0,0.0,0.6025122506589743,0.2943191675015889,0.1031685818394369,199.99802508814165,92.08122687957903,-209.97970878277005,-1.4,-0.9999288139432747,-11.199998501314832,0.0,0.0,-29.5,-8.999999938756607,-3.4998254171941725,-6.1,-5.499790513741751,-14.9
39,10798273.412440479,0,4.218242952578197,65.7840567435698,548.6390332413721,1,0.0003169708989389619,0.6080255795687266,0.29139951282403953,0.1005749076072339,199.998850151926,92.08290689549581,-209.98212546297907,-1.4,-0.9999543812379788,-11.199999039584924,0.0,0.0,-29.5,-8.999999960752879,-3.4998124497152885,-6.1,-5.499865753151651,-14.9
40,10797684.210213823,0,4.2183819962254585,65.78399458474013,548.6385148367326,1,0.00023293627116345307,0.6133604759698736,0.2885300301256509,0.09810949390447539,199.99881170951718,92.08280629425731,-209.9819191341053,-1.4,-1.0,-11.2,0.0,0.0,-29.5,-9.0,-3.4998402695512056,-6.1,-5.499858600118014,-14.9
41,10796862.653107641,0,4.218551488340527,65.78140542680781,548.6169212595771,1,7.883444923209026e-05,0.6189296024749378,0.28539015621719044,0.09568024130787173,200.0,92.0814054268078,-209.98160435092248,-1.4,-0.9999732673451559,-11.2,0.0,0.0,-29.5,-9.0,-3.5,-6.1,-5.499870893391825,-14.9
42,10796862.653107641,1,4.218551488340527,65.78140542680781,548.6169212595771,1,7.883444923209026e-05,0.6248601989423743,0.28187557679545994,0.09326422426216581,200.0,92.0814054268078,-209.98160435092248,-1.4,-0.9999732673451559,-11.2,0.0,0.0,-29.5,-9.0,-3.5,-6.1,-5.499870893391825,-14.9
43,10796862.653107641,2,4.218551488340527,65.78140542680781,548.6169212595771,1,7.883444923209026e-05,0.6303685686196973,0.2786203404212002,0.09101109095910256,200.0,92.0814054268078,-209.98160435092248,-1.4,-0.9999732673451559,-11.2,0.0,0.0,-29.5,-9.0,-3.5,-6.1,-5.499870893391825,-14.9
44,10796858.708904296,3,4.218554034139302,65.78143830958047,548.617195501901,1,8.232310714220147e-05,0.6353727532285971,0.27571752024263046,0.08890972652877245,200.0,92.08143830958046,-209.98160158924136,-1.4,-0.9999733000874048,-11.199999999717651,0.0,0.0,-29.5,-8.999999999988463,-3.5,-6.1,-5.499871076825803,-14.9
45,10796858.708904296,4,4.218554034139302,65.78143830958047,548.617195501901,1,8.232310714220147e-05,0.6402096444239196,0.2728659063882521,0.0869244491878283,200.0,92.08143830958046,-209.98160158924136,-1.4,-0.9999733000874048,-11.199999999717651,0.0,0.0,-29.5,-8.999999999988463,-3.5,-6.1,-5.499871076825803,-14.9
46,10796858.708904296,5,4.218554034139302,65.78143830958047,548.617195501901,1,8.232310714220147e-05,0.6446840523394686,0.2702316748556287,0.08508427280490267,200.0,92.08143830958046,-209.98160158924136,-1.4,-0.9999733000874048,-11.199999999717651,0.0,0.0,-29.5,-8.999999999988463,-3.5,-6.1,-5.499871076825803,-14.9
47,10796749.93686106,0,4.218467562761148,65.78152291445754,548.6179011065758,1,6.933321953965786e-05,0.6488251528559885,0.2678077754593838,0.08336707168462774,200.0,92.08152291445754,-209.9815324372644,-1.4,-1.0,-11.2,0.0,0.0,-29.5,-8.999999999974435,-3.5,-6.1,-5.5,-14.9
48,10796749.93686106,1,4.218467562761148,65.78152291445754,548.6179011065758,1,6.933321953965786e-05,0.6530925291810382,0.26524118452161255,0.08166628629734923,200.0,92.08152291445754,-209.9815324372644,-1.4,-1.0,-11.2,0.0,0.0,-29.5,-8.999999999974435,-3.5,-6.1,-5.5,-14.9
49,10796748.270405658,2,4.218468365684233,65.7815179203072,548.6178594553619,1,6.841796483740837e-05,0.65704757037081,0.26287338947212907,0.08007904015706094,200.0,92.08151792030719,-209.98153163432187,-1.4,-1.0,-11.2,0.0,0.0,-29.5,-8.999999999993888,-3.5,-6.1,-5.5,-14.9
50,10796748.200992048,3,4.218473728718314,65.78151294614949,548.6178179708868,1,6.606947957834564e-05,0.6611524232113094,0.26033159242879267,0.07851598435989796,200.0,92.08151294614949,-209.98152627128522,-1.4,-1.0,-11.2,0.0,0.0,-29.5,-8.999999999996456,-3.5,-6.1,-5.5,-14.9
51,10796748.200992048,4,4.218473728718314,65.78151294614949,548.6178179708868,1,6.606947957834564e-05,0.665206859010208,0.257758326089438,0.07703481490035408,200.0,92.08151294614949,-209.98152627128522,-1.4,-1.0,-11.2,0.0,0.0,-29.5,-8.999999999996456,-3.5,-6.1,-5.5,-14.9
52,10796748.200988552,5,4.21847372871477,65.78151294614949,548.6178179708868,1,6.606947956697696e-05,0.6689551417337521,0.25539110578763113,0.07565375247861669,200.0,92.08151294614949,-209.98152627128522,-1.4,-1.0,-11.2,0.0,0.0,-29.5,-9.0,-3.5,-6.1,-5.5,-14.9
53,10796748.140340757,6,4.218472584055974,65.7815138455407,548.6178254718094,1,6.654920497339845e-05,0.6726116319139408,0.25305406956324855,0.07433429852281061,200.0,92.0815138455407,-209.98152741594402,-1.4,-1.0,-11.2,0.0,0.0,-29.5,-9.0,-3.5,-6.1,-5.5,-14.9
54,10796748.116246086,7,4.218472211612095,65.78151412247735,548.6178277814611,1,6.670321298543058e-05,0.6762177082828472,0.25072287470529836,0.0730594170118545,200.0,92.08151412247734,-209.9815277883879,-1.4,-1.0,-11.2,0.0,0.0,-29.5,-9.0,-3.5,-6.1,-5.5,-14.9
55,10796748.116246086,8,4.218472211612095,65.78151412247735,548.6178277814611,1,6.670321298543058e-05,0.6799984690529169,0.2482065182406652,0.07179501270641792,200.0,92.08151412247734,-209.9815277883879,-1.4,-1.0,-11.2,0.0,0.0,-29.5,-9.0,-3.5,-6.1,-5.5,-14.9
56,10796748.116246086,9,4.218472211612095,65.78151412247735,548.6178277814611,1,6.670321298543058e-05,0.6834416195836943,0.24593939195669304,0.07061898845961266,200.0,92.08151412247734,-209.9815277883879,-1.4,-1.0,-11.2,0.0,0.0,-29.5,-9.0,-3.5,-6.1,-5.5,-14.9
57,10796748.07676651,10,4.218471624534317,65.78151455104943,548.6178313557522,1,6.694491783036938e-05,0.6867363144531605,0.24373908698755553,0.069524598559284,200.0,92.08151455104942,-209.98152837546567,-1.4,-1.0,-11.2,0.0,0.0,-29.5,-9.0,-3.5,-6.1,-5.5,-14.9
58,10796748.037666287,11,4.218471034793453,65.78151497818459,548.6178349180594,1,6.718727064480845e-05,0.6901533427009093,0.2414062750630288,0.06844038223606187,200.0,92.08151497818459,-209.98152896520654,-1.4,-1.0,-11.2,0.0,0.0,-29.5,-9.0,-3.5,-6.1,-5.5,-14.9
59,10796748.037666287,12,4.218471034793453,65.78151497818459,548.6178349180594,1,6.718727064480845e-05,0.6938469918855277,0.23882335451733336,0.06732965359713904,200.0,92.08151497818459,-209.98152896520654,-1.4,-1.0,-11.2,0.0,0.0,-29.5,-9.0,-3.5,-6.1,-5.5,-14.9
60,10796748.037666287,13,4.218471034793453,65.78151497818459,548.6178349180594,1,6.718727064480845e-05,0.6973156533715837,0.23638149427069105,0.0663028523577253,200.0,92.08151497818459,-209.98152896520654,-1.4,-1.0,-11.2,0.0,0.0,-29.5,-9.0,-3.5,-6.1,-5.5,-14.9
61,10796748.037666287,14,4.218471034793453,65.78151497818459,548.6178349180594,1,6.718727064480845e-05,0.7004825390106303,0.23415243651856976,0.0653650244707999,200.0,92.08151497818459,-209.98152896520654,-1.4,-1.0,-11.2,0.0,0.0,-29.5,-9.0,-3.5,-6.1,-5.5,-14.9
62,10796748.03302608,15,4.218471069963897,65.78151493442373,548.6178345530939,1,6.717039174191086e-05,0.7034633168494814,0.23204089086113525,0.0644957922893834,200.0,92.08151493442372,-209.9815289300361,-1.4,-1.0,-11.2,0.0,0.0,-29.5,-9.0,-3.5,-6.1,-5.5,-14.9
63,10796748.03302608,16,4.218471069963897,65.78151493442373,548.6178345530939,1,6.717039174191086e-05,0.7065349961019143,0.2298254070308401,0.06363959686724571,200.0,92.08151493442372,-209.9815289300361,-1.4,-1.0,-11.2,0.0,0.0,-29.5,-9.0,-3.5,-6.1,-5.5,-14.9
64,10796747.950376362,17,4.21847441037491,65.78151163155319,548.6178070071535,1,6.568047036807912e-05,0.7093688553962798,0.22777638622963506,0.06285475837408519,200.0,92.08151163155318,-209.98152558962508,-1.4,-1.0,-11.2,0.0,0.0,-29.5,-9.0,-3.5,-6.1,-5.5,-14.9
65,10796747.945403278,18,4.218474464915175,65.781511566342,548.6178064632923,1,6.565464711911772e-05,0.7121850988301337,0.22571195150457007,0.062102949665296316,200.0,92.081511566342,-209.9815255350848,-1.4,-1.0,-11.2,0.0,0.0,-29.5,-9.0,-3.5,-6.1,-5.5,-14.9
66,10796747.91798324,19,4.218476080903741,65.78150993352635,548.6177928456098,1,6.492922797178835e-05,0.7148234938694077,0.22377067141401064,0.061405834716581745,200.0,92.08150993352635,-209.98152391909625,-1.4,-1.0,-11.2,0.0,0.0,-29.5,-9.0,-3.5,-6.1,-5.5,-14.9
67,10796747.911472062,20,4.2184767463593005,65.78150926114148,548.6177872379199,1,6.463050419824867e-05,0.717635295602479,0.2216670031605221,0.060697701236999,200.0,92.08150926114148,-209.9815232536407,-1.4,-1.0,-11.2,0.0,0.0,-29.5,-9.0,-3.5,-6.1,-5.5,-14.9
68,10796747.907849917,21,4.218477250893699,65.78150874987061,548.6177829739208,1,6.440382143182432e-05,0.7203612418333599,0.21962201114201782,0.06001674702462227,200.0,92.08150874987061,-209.9815227491063,-1.4,-1.0,-11.2,0.0,0.0,-29.5,-9.0,-3.5,-6.1,-5.5,-14.9
69,10796747.907849917,22,4.218477250893699,65.78150874987061,548.6177829739208,1,6.440382143182432e-05,0.7231306101062007,0.21751517484609148,0.05935421504770778,200.0,92.08150874987061,-209.9815227491063,-1.4,-1.0,-11.2,0.0,0.0,-29.5,-9.0,-3.5,-6.1,-5.5,-14.9
70,10796747.907849917,23,4.218477250893699,65.78150874987061,548.6177829739208,1,6.440382143182432e-05,0.7256978262641357,0.21554837907657576,0.058753794659288594,200.0,92.08150874987061,-209.9815227491063,-1.4,-1.0,-11.2,0.0,0.0,-29.5,-9.0,-3.5,-6.1,-5.5,-14.9
71,10796747.907849917,24,4.218477250893699,65.78150874987061,548.6177829739208,1,6.440382143182432e-05,0.7280661961696204,0.21371616492301254,0.05821763890736712,200.0,92.08150874987061,-209.9815227491063,-1.4,-1.0,-11.2,0.0,0.0,-29.5,-9.0,-3.5,-6.1,-5.5,-14.9
72,10796747.90784904,25,4.218477251052747,65.78150874970942,548.6177829725765,1,6.440374997964683e-05,0.7302335394666762,0.21202869962869322,0.05773776090463061,200.0,92.08150874970941,-209.98152274894724,-1.4,-1.0,-11.2,0.0,0.0,-29.5,-9.0,-3.5,-6.1,-5.5,-14.9
73,10796747.907786958,26,4.218477246671593,65.7815087537884,548.6177830065952,1,6.440569402457187e-05,0.7323356882744599,0.21038157141552305,0.0572827403100171,200.0,92.0815087537884,-209.9815227534038,-1.3999999999520694,-1.0,-11.2,0.0,0.0,-29.5,-9.0,-3.4999999999725313,-6.1,-5.5,-14.9
74,10796747.907601804,27,4.218477275339513,65.78150872470752,548.6177827640606,1,6.439280172116923e-05,0.7343839838896579,0.20877040642201838,0.056845609688323744,200.0,92.08150872470752,-209.98152272471108,-1.399999999949392,-1.0,-11.2,0.0,0.0,-29.5,-9.0,-3.5,-6.1,-5.5,-14.9
75,10796747.907601804,28,4.218477275339513,65.78150872470752,548.6177827640606,1,6.439280172116923e-05,0.7364094146020865,0.20717164021757323,0.05641894518034022,200.0,92.08150872470752,-209.98152272471108,-1.399999999949392,-1.0,-11.2,0.0,0.0,-29.5,-9.0,-3.5,-6.1,-5.5,-14.9
76,10796747.907590698,29,4.21847727738713,65.78150872263183,548.6177827467494,1,6.439188179001576e-05,0.7382236430475583,0.2057438773801902,0.056032479572251534,200.0,92.08150872263182,-209.98152272266395,-1.3999999999489052,-1.0,-11.2,0.0,0.0,-29.5,-9.0,-3.5,-6.1,-5.5,-14.9
77,10796747.907568717,30,4.218477274953955,65.7815087250841,548.6177827672013,1,6.439295766540454e-05,0.739975129336157,0.20435383926436704,0.0556710313994761,200.0,92.08150872508409,-209.98152272504603,-1.4,-1.0,-11.2,0.0,0.0,-29.5,-9.0,-3.5,-6.1,-5.5,-14.9
78,10796747.907568717,31,4.218477274953955,65.7815087250841,548.6177827672013,1,6.439295766540454e-05,0.7416499182933646,0.20301111074843445,0.05533897095820109,200.0,92.08150872508409,-209.98152272504603,-1.4,-1.0,-11.2,0.0,0.0,-29.5,-9.0,-3.5,-6.1,-5.5,-14.9
79,10796747.90756791,32,4.218477274971292,65.78150872506461,548.6177827670388,1,6.439294961637642e-05,0.7431576646875673,0.20178194489667892,0.05506039041575381,200.0,92.08150872506461,-209.9815227250287,-1.4,-1.0,-11.2,0.0,0.0,-29.5,-9.0,-3.5,-6.1,-5.5,-14.9
80,10796747.907564517,33,4.21847727626556,65.781508723763,548.6177827561834,1,6.43923694269688e-05,0.7446803032799875,0.20054223096751672,0.05477746575249585,200.0,92.081508723763,-209.98152272373443,-1.4,-1.0,-11.2,0.0,0.0,-29.5,-9.0,-3.5,-6.1,-5.5,-14.9
81,10796747.907564517,34,4.21847727626556,65.781508723763,548.6177827561834,1,6.43923694269688e-05,0.7463973626988779,0.1991366294037041,0.054466007897417984,200.0,92.081508723763,-209.98152272373443,-1.4,-1.0,-11.2,0.0,0.0,-29.5,-9.0,-3.5,-6.1,-5.5,-14.9
82,10796747.907561474,35,4.218477277435397,65.78150872258652,548.6177827463716,1,6.439184502369245e-05,0.7479431766705944,0.19787122261732148,0.05418560071208409,200.0,92.08150872258652,-209.9815227225646,-1.4,-1.0,-11.2,0.0,0.0,-29.5,-9.0,-3.5,-6.1,-5.5,-14.9
83,10796747.907561474,36,4.218477277435397,65.78150872258652,548.6177827463716,1,6.439184502369245e-05,0.7494718642738161,0.1966205002308375,0.05390763549534645,200.0,92.08150872258652,-209.9815227225646,-1.4,-1.0,-11.2,0.0,0.0,-29.5,-9.0,-3.5,-6.1,-5.5,-14.9
84,10796747.907561474,37,4.218477277435397,65.78150872258652,548.6177827463716,1,6.439184502369245e-05,0.750829927206892,0.19549650468419313,0.053673568108914896,200.0,92.08150872258652,-209.9815227225646,-1.4,-1.0,-11.2,0.0,0.0,-29.5,-9.0,-3.5,-6.1,-5.5,-14.9
85,10796747.907558128,38,4.21847727871139,65.78150872130323,548.6177827356689,1,6.439127301973712e-05,0.7520719076268145,0.1944736224848873,0.053454469888298196,200.0,92.08150872130322,-209.9815227212886,-1.4,-1.0,-11.2,0.0,0.0,-29.5,-9.0,-3.5,-6.1,-5.5,-14.9
86,10796747.907558128,39,4.21847727871139,65.78150872130323,548.6177827356689,1,6.439127301973712e-05,0.7533347658422258,0.1934272292172413,0.053238004940532956,200.0,92.08150872130322,-209.9815227212886,-1.4,-1.0,-11.2,0.0,0.0,-29.5,-9.0,-3.5,-6.1,-5.5,-14.9
87,10796747.907558128,40,4.21847727871139,65.78150872130323,548.6177827356689,1,6.439127301973712e-05,0.7544636244223089,0.1924952209753128,0.05304115460237837,200.0,92.08150872130322,-209.9815227212886,-1.4,-1.0,-11.2,0.0,0.0,-29.5,-9.0,-3.5,-6.1,-5.5,-14.9
88,10796747.907558128,41,4.21847727871139,65.78150872130323,548.6177827356689,1,6.439127301973712e-05,0.7554731548400558,0.19166917497188557,0.05285767018805866,200.0,92.08150872130322,-209.9815227212886,-1.4,-1.0,-11.2,0.0,0.0,-29.5,-9.0,-3.5,-6.1,-5.5,-14.9
89,10796747.907558128,42,4.21847727871139,65.78150872130323,548.6177827356689,1,6.439127301973712e-05,0.756358830565951,0.1909397316995586,0.0527014377344904,200.0,92.08150872130322,-209.9815227212886,-1.4,-1.0,-11.2,0.0,0.0,-29.5,-9.0,-3.5,-6.1,-5.5,-14.9
90,10796747.907558128,43,4.21847727871139,65.78150872130323,548.6177827356689,1,6.439127301973712e-05,0.7571124537756755,0.19031131079876817,0.05257623542555635,200.0,92.08150872130322,-209.9815227212886,-1.4,-1.0,-11.2,0.0,0.0,-29.5,-9.0,-3.5,-6.1,-5.5,-14.9
91,10796747.907555409,44,4.2184772790112675,65.78150872099636,548.6177827331096,1,6.439113789156182e-05,0.7577351572332703,0.18977950654820316,0.052485336218526524,200.0,92.08150872099635,-209.98152272098872,-1.4,-1.0,-11.2,0.0,0.0,-29.5,-9.0,-3.5,-6.1,-5.5,-14.9
92,10796747.907555409,45,4.2184772790112675,65.78150872099636,548.6177827331096,1,6.439113789156182e-05,0.7584095533109291,0.18919637469821773,0.05239407199085325,200.0,92.08150872099635,-209.98152272098872,-1.4,-1.0,-11.2,0.0,0.0,-29.5,-9.0,-3.5,-6.1,-5.5,-14.9
93,10796747.907555409,46,4.2184772790112675,65.78150872099636,548.6177827331096,1,6.439113789156182e-05,0.7590057190447717,0.18867564769580902,0.05231863325941934,200.0,92.08150872099635,-209.98152272098872,-1.4,-1.0,-11.2,0.0,0.0,-29.5,-9.0,-3.5,-6.1,-5.5,-14.9
94,10796747.907555409,47,4.2184772790112675,65.78150872099636,548.6177827331096,1,6.439113789156182e-05,0.7595434530820396,0.18820383691328996,0.05225271000467042,200.0,92.08150872099635,-209.98152272098872,-1.4,-1.0,-11.2,0.0,0.0,-29.5,-9.0,-3.5,-6.1,-5.5,-14.9
95,10796747.907555409,48,4.2184772790112675,65.78150872099636,548.6177827331096,1,6.439113789156182e-05,0.7599708496282365,0.1878218735004558,0.05220727687130775,200.0,92.08150872099635,-209.98152272098872,-1.4,-1.0,-11.2,0.0,0.0,-29.5,-9.0,-3.5,-6.1,-5.5,-14.9
96,10796747.907554742,49,4.2184772791592025,65.78150872084676,548.617782731862,1,6.439107147571121e-05,0.7603254610607794,0.1874803010136948,0.05219423792552585,200.0,92.08150872084676,-209.9815227208408,-1.4,-1.0,-11.2,0.0,0.0,-29.5,-9.0,-3.5,-6.1,-5.5,-14.9
97,10796747.907554742,0,4.2184772791592025,65.78150872084676,548.617782731862,1,6.439107147571121e-05,0.7608280260512804,0.18702032940245633,0.052151644546263226,200.0,92.08150872084676,-209.9815227208408,-1.4,-1.0,-11.2,0.0,0.0,-29.5,-9.0,-3.5,-6.1,-5.5,-14.9
98,10796747.907554682,1,4.218477279166365,65.7815087208395,548.6177827318013,1,6.439106824700503e-05,0.7612556344208341,0.18662740201698766,0.05211696356217822,200.0,92.0815087208395,-209.98152272083362,-1.4,-1.0,-11.2,0.0,0.0,-29.5,-9.0,-3.5,-6.1,-5.5,-14.9
99,10796747.907553077,2,4.2184772803388455,65.78150871966426,548.6177827219999,1,6.439054317297632e-05,0.7617197998580069,0.18620593528997212,0.05207426485202108,200.0,92.08150871966426,-209.98152271966114,-1.4,-1.0,-11.2,0.0,0.0,-29.5,-9.0,-3.5,-6.1,-5.5,-14.9
100,10796747.90755241,3,4.218477280566219,65.78150871943538,548.6177827200911,1,6.439044121862025e-05,0.7622545381671103,0.1857319816109921,0.05201348022189764,200.0,92.08150871943538,-209.98152271943377,-1.4,-1.0,-11.2,0.0,0.0,-29.5,-9.0,-3.5,-6.1,-5.5,-14.9
101,10796747.90755241,4,4.218477280566219,65.78150871943538,548.6177827200911,1,6.439044121862025e-05,0.7629107265074216,0.18516170945049534,0.051927564042083055,200.0,92.08150871943538,-209.98152271943377,-1.4,-1.0,-11.2,0.0,0.0,-29.5,-9.0,-3.5,-6.1,-5.5,-14.9
102,10796747.907552365,5,4.218477280606777,65.7815087193947,548.6177827197517,1,6.439042306283227e-05,0.763491895895118,0.18464824142916575,0.051859862675716205,200.0,92.08150871939469,-209.9815227193932,-1.4,-1.0,-11.2,0.0,0.0,-29.5,-9.0,-3.5,-6.1,-5.5,-14.9
103,10796747.90755212,6,4.218477280684567,65.78150871931639,548.6177827190986,1,6.439038817234176e-05,0.7642062710257981,0.18403964317937535,0.05175408579482655,200.0,92.08150871931639,-209.98152271931542,-1.4,-1.0,-11.2,0.0,0.0,-29.5,-9.0,-3.5,-6.1,-5.5,-14.9
104,10796747.90755212,7,4.218477280684567,65.78150871931639,548.6177827190986,1,6.439038817234176e-05,0.7650255194185965,0.18334299407295307,0.05163148650845039,200.0,92.08150871931639,-209.98152271931542,-1.4,-1.0,-11.2,0.0,0.0,-29.5,-9.0,-3.5,-6.1,-5.5,-14.9
105,10796747.90755212,8,4.218477280684567,65.78150871931639,548.6177827190986,1,6.439038817234176e-05,0.7657721310032943,0.18270010068746684,0.05152776830923879,200.0,92.08150871931639,-209.98152271931542,-1.4,-1.0,-11.2,0.0,0.0,-29.5,-9.0,-3.5,-6.1,-5.5,-14.9
106,10796747.90755212,9,4.218477280684567,65.78150871931639,548.6177827190986,1,6.439038817234176e-05,0.7663791955818275,0.1821676014888333,0.05145320292933921,200.0,92.08150871931639,-209.98152271931542,-1.4,-1.0,-11.2,0.0,0.0,-29.5,-9.0,-3.5,-6.1,-5.5,-14.9
107,10796747.907551918,10,4.2184772808031425,65.78150871919742,548.6177827181065,1,6.439033505785119e-05,0.7669003390440803,0.18171265592369237,0.05138700503222732,200.0,92.08150871919742,-209.98152271919685,-1.4,-1.0,-11.2,0.0,0.0,-29.5,-9.0,-3.5,-6.1,-5.5,-14.9
108,10796747.907551847,11,4.218477280840801,65.78150871915959,548.617782717791,1,6.439031818672447e-05,0.7674265434380952,0.18126225366085824,0.05131120290104656,200.0,92.08150871915959,-209.9815227191592,-1.4,-1.0,-11.2,0.0,0.0,-29.5,-9.0,-3.5,-6.1,-5.5,-14.9
109,10796747.907551847,12,4.218477280840801,65.78150871915959,548.617782717791,1,6.439031818672447e-05,0.7680697064855092,0.18072174482110914,0.051208548693381734,200.0,92.08150871915959,-209.9815227191592,-1.4,-1.0,-11.2,0.0,0.0,-29.5,-9.0,-3.5,-6.1,-5.5,-14.9
110,10796747.907551847,13,4.218477280840801,65.78150871915959,548.617782717791,1,6.439031818672447e-05,0.7686242296445887,0.18025199239997322,0.051123777955438154,200.0,92.08150871915959,-209.9815227191592,-1.4,-1.0,-11.2,0.0,0.0,-29.5,-9.0,-3.5,-6.1,-5.5,-14.9
111,10796747.907551847,14,4.218477280840801,65.78150871915959,548.617782717791,1,6.439031818672447e-05,0.7691096198328634,0.17983503957566785,0.05105534059146881,200.0,92.08150871915959,-209.9815227191592,-1.4,-1.0,-11.2,0.0,0.0,-29.5,-9.0,-3.5,-6.1,-5.5,-14.9
112,10796747.907551765,15,4.218477280862942,65.78150871913732,548.6177827176052,1,6.439030825049486e-05,0.7695283592889027,0.17947351609268494,0.050998124618412355,200.0,92.08150871913732,-209.98152271913705,-1.4,-1.0,-11.2,0.0,0.0,-29.5,-9.0,-3.5,-6.1,-5.5,-14.9
113,10796747.907551765,16,4.218477280862942,65.78150871913732,548.6177827176052,1,6.439030825049486e-05,0.7699703794809587,0.17908674598028157,0.050942874538759786,200.0,92.08150871913732,-209.98152271913705,-1.4,-1.0,-11.2,0.0,0.0,-29.5,-9.0,-3.5,-6.1,-5.5,-14.9
114,10796747.907551765,17,4.218477280862942,65.78150871913732,548.6177827176052,1,6.439030825049486e-05,0.7703272550064855,0.17875733385375084,0.05091541113976366,200.0,92.08150871913732,-209.98152271913705,-1.4,-1.0,-11.2,0.0,0.0,-29.5,-9.0,-3.5,-6.1,-5.5,-14.9
115,10796747.907551765,18,4.218477280862942,65.78150871913732,548.6177827176052,1,6.439030825049486e-05,0.7706387906408977,0.17844808452500338,0.05091312483409898,200.0,92.08150871913732,-209.98152271913705,-1.4,-1.0,-11.2,0.0,0.0,-29.5,-9.0,-3.5,-6.1,-5.5,-14.9
116,10796747.907551765,19,4.218477280862942,65.78150871913732,548.6177827176052,1,6.439030825049486e-05,0.7709116368492996,0.17816233725673844,0.05092602589396196,200.0,92.08150871913732,-209.98152271913705,-1.4,-1.0,-11.2,0.0,0.0,-29.5,-9.0,-3.5,-6.1,-5.5,-14.9
117,10796747.907551754,20,4.218477280864562,65.78150871913563,548.6177827175911,1,6.43903075228991e-05,0.7711191883720903,0.17793087285506243,0.0509499387728473,200.0,92.08150871913563,-209.98152271913543,-1.4,-1.0,-11.2,0.0,0.0,-29.5,-9.0,-3.5,-6.1,-5.5,-14.9
118,10796747.907551754,21,4.218477280864562,65.78150871913563,548.6177827175911,1,6.43903075228991e-05,0.7713687763594793,0.17766486316586605,0.05096636047465458,200.0,92.08150871913563,-209.98152271913543,-1.4,-1.0,-11.2,0.0,0.0,-29.5,-9.0,-3.5,-6.1,-5.5,-14.9
119,10796747.907551754,22,4.218477280864562,65.78150871913563,548.6177827175911,1,6.43903075228991e-05,0.7715515939487008,0.17744649721663508,0.05100190883466424,200.0,92.08150871913563,-209.98152271913543,-1.4,-1.0,-11.2,0.0,0.0,-29.5,-9.0,-3.5,-6.1,-5.5,-14.9
120,10796747.90755172,23,4.218477280866665,65.78150871913347,548.6177827175732,1,6.439030656792966e-05,0.771691791683068,0.1772533383498946,0.051054869967037474,200.0,92.08150871913347,-209.98152271913332,-1.4,-1.0,-11.2,0.0,0.0,-29.5,-9.0,-3.5,-6.1,-5.5,-14.9
121,10796747.90755172,24,4.218477280866665,65.78150871913347,548.6177827175732,1,6.439030656792966e-05,0.771897084934273,0.1770093589148256,0.05109355615090145,200.0,92.08150871913347,-209.98152271913332,-1.4,-1.0,-11.2,0.0,0.0,-29.5,-9.0,-3.5,-6.1,-5.5,-14.9
122,10796747.907551717,25,4.218477280867148,65.78150871913297,548.617782717569,1,6.439030635192466e-05,0.7720077678724404,0.17683712228465592,0.051155109842903695,200.0,92.08150871913297,-209.98152271913284,-1.4,-1.0,-11.2,0.0,0.0,-29.5,-9.0,-3.5,-6.1,-5.5,-14.9
123,10796747.907551713,26,4.218477280867575,65.78150871913253,548.6177827175652,1,6.439030615865705e-05,0.7721666828638094,0.17662669855748814,0.051206618578702484,200.0,92.08150871913253,-209.9815227191324,-1.4,-1.0,-11.2,0.0,0.0,-29.5,-9.0,-3.5,-6.1,-5.5,-14.9
124,10796747.907551702,27,4.218477280868939,65.78150871913114,548.6177827175536,1,6.439030554474812e-05,0.7723589697236031,0.17638778551260492,0.05125324476379198,200.0,92.08150871913114,-209.98152271913105,-1.4,-1.0,-11.2,0.0,0.0,-29.5,-9.0,-3.5,-6.1,-5.5,-14.9
125,10796747.907551695,28,4.218477280869621,65.78150871913043,548.6177827175477,1,6.439030523779366e-05,0.7726018645028409,0.17610352858739442,0.0512946069097648,200.0,92.08150871913043,-209.98152271913037,-1.4,-1.0,-11.2,0.0,0.0,-29.5,-9.0,-3.5,-6.1,-5.5,-14.9
126,10796747.907551695,29,4.218477280869621,65.78150871913043,548.6177827175477,1,6.439030523779366e-05,0.7728464260543144,0.17582532164124623,0.05132825230443934,200.0,92.08150871913043,-209.98152271913037,-1.4,-1.0,-11.2,0.0,0.0,-29.5,-9.0,-3.5,-6.1,-5.5,-14.9
127,10796747.907551683,30,4.218477280869763,65.78150871913026,548.6177827175463,1,6.439030516958155e-05,0.7730292285206053,0.1755962521120545,0.051374519367340166,200.0,92.08150871913026,-209.98152271913023,-1.4,-1.0,-11.2,0.0,0.0,-29.5,-9.0,-3.5,-6.1,-5.5,-14.9
128,10796747.907551683,31,4.218477280869763,65.78150871913026,548.6177827175463,1,6.439030516958155e-05,0.7732555154079679,0.1753330588326854,0.051411425759346666,200.0,92.08150871913026,-209.98152271913023,-1.4,-1.0,-11.2,0.0,0.0,-29.5,-9.0,-3.5,-6.1,-5.5,-14.9
129,10796747.907551683,32,4.218477280869763,65.78150871913026,548.6177827175463,1,6.439030516958155e-05,0.7734285143272613,0.17511120400914973,0.05146028166358896,200.0,92.08150871913026,-209.98152271913023,-1.4,-1.0,-11.2,0.0,0.0,-29.5,-9.0,-3.5,-6.1,-5.5,-14.9
130,10796747.907551683,33,4.218477280869763,65.78150871913026,548.6177827175463,1,6.439030516958155e-05,0.7735877052656945,0.1748972295285215,0.051515065205784,200.0,92.08150871913026,-209.98152271913023,-1.4,-1.0,-11.2,0.0,0.0,-29.5,-9.0,-3.5,-6.1,-5.5,-14.9
131,10796747.907551683,34,4.218477280869763,65.78150871913026,548.6177827175463,1,6.439030516958155e-05,0.7737019102738425,0.17472586687631217,0.05157222284984531,200.0,92.08150871913026,-209.98152271913023,-1.4,-1.0,-11.2,0.0,0.0,-29.5,-9.0,-3.5,-6.1,-5.5,-14.9
132,10796747.907551683,35,4.218477280869763,65.78150871913026,548.6177827175463,1,6.439030516958155e-05,0.7737758341428259,0.17458435359573538,0.05163981226143869,200.0,92.08150871913026,-209.98152271913023,-1.4,-1.0,-11.2,0.0,0.0,-29.5,-9.0,-3.5,-6.1,-5.5,-14.9
133,10796747.90755168,36,4.218477280869735,65.78150871913029,548.6177827175466,1,6.439030518095024e-05,0.7738251043749199,0.17445390052824342,0.051720995096836704,200.0,92.08150871913028,-209.98152271913025,-1.4,-1.0,-11.2,0.0,0.0,-29.5,-9.0,-3.5,-6.1,-5.5,-14.9
134,10796747.90755168,37,4.218477280869735,65.78150871913029,548.6177827175466,1,6.439030518095024e-05,0.7739386514945615,0.174271467269393,0.051789881236045464,200.0,92.08150871913028,-209.98152271913025,-1.4,-1.0,-11.2,0.0,0.0,-29.5,-9.0,-3.5,-6.1,-5.5,-14.9
135,10796747.90755168,38,4.218477280869735,65.78150871913029,548.6177827175466,1,6.439030518095024e-05,0.7740140362725629,0.1741135646910267,0.05187239903641041,200.0,92.08150871913028,-209.98152271913025,-1.4,-1.0,-11.2,0.0,0.0,-29.5,-9.0,-3.5,-6.1,-5.5,-14.9
136,10796747.90755168,39,4.218477280869735,65.78150871913029,548.6177827175466,1,6.439030518095024e-05,0.7740696731568494,0.17397138215329622,0.0519589446898544,200.0,92.08150871913028,-209.98152271913025,-1.4,-1.0,-11.2,0.0,0.0,-29.5,-9.0,-3.5,-6.1,-5.5,-14.9
137,10796747.907551676,40,4.218477280870189,65.78150871912982,548.6177827175427,1,6.439030497631392e-05,0.7740787403764988,0.17386282781805917,0.052058431805442056,200.0,92.08150871912981,-209.9815227191298,-1.4,-1.0,-11.2,0.0,0.0,-29.5,-9.0,-3.5,-6.1,-5.5,-14.9
138,10796747.907551676,41,4.218477280870189,65.78150871912982,548.6177827175427,1,6.439030497631392e-05,0.7741141127680448,0.17373626085551472,0.052149626376440515,200.0,92.08150871912981,-209.9815227191298,-1.4,-1.0,-11.2,0.0,0.0,-29.5,-9.0,-3.5,-6.1,-5.5,-14.9
139,10796747.907551676,42,4.218477280870189,65.78150871912982,548.6177827175427,1,6.439030497631392e-05,0.7740983498213186,0.173652379781441,0.05224927039724031,200.0,92.08150871912981,-209.9815227191298,-1.4,-1.0,-11.2,0.0,0.0,-29.5,-9.0,-3.5,-6.1,-5.5,-14.9
140,10796747.907551676,43,4.218477280870189,65.78150871912982,548.6177827175427,1,6.439030497631392e-05,0.7740653867250628,0.1735702927608176,0.05236432051411967,200.0,92.08150871912981,-209.9815227191298,-1.4,-1.0,-11.2,0.0,0.0,-29.5,-9.0,-3.5,-6.1,-5.5,-14.9
141,10796747.907551676,44,4.218477280870189,65.78150871912982,548.6177827175427,1,6.439030497631392e-05,0.7739913790278602,0.17352234427424723,0.05248627669789264,200.0,92.08150871912981,-209.9815227191298,-1.4,-1.0,-11.2,0.0,0.0,-29.5,-9.0,-3.5,-6.1,-5.5,-14.9
142,10796747.907551676,45,4.218477280870189,65.78150871912982,548.6177827175427,1,6.439030497631392e-05,0.7738846047874948,0.17350086655530572,0.052614528657199566,200.0,92.08150871912981,-209.9815227191298,-1.4,-1.0,-11.2,0.0,0.0,-29.5,-9.0,-3.5,-6.1,-5.5,-14.9
143,10796747.907551676,46,4.218477280870189,65.78150871912982,548.6177827175427,1,6.439030497631392e-05,0.7737412901431238,0.173509876445033,0.0527488334118433,200.0,92.08150871912981,-209.9815227191298,-1.4,-1.0,-11.2,0.0,0.0,-29.5,-9.0,-3.5,-6.1,-5.5,-14.9
144,10796747.907551676,47,4.218477280870189,65.78150871912982,548.6177827175427,1,6.439030497631392e-05,0.7735759155793187,0.17353140359864008,0.05289268082204129,200.0,92.08150871912981,-209.9815227191298,-1.4,-1.0,-11.2,0.0,0.0,-29.5,-9.0,-3.5,-6.1,-5.5,-14.9
145,10796747.907551676,48,4.218477280870189,65.78150871912982,548.6177827175427,1,6.439030497631392e-05,0.7733783911648783,0.17357576079981707,0.053045848035304724,200.0,92.08150871912981,-209.9815227191298,-1.4,-1.0,-11.2,0.0,0.0,-29.5,-9.0,-3.5,-6.1,-5.5,-14.9
146,10796747.907551676,49,4.218477280870189,65.78150871912982,548.6177827175427,1,6.439030497631392e-05,0.7731506889733836,0.17364151403212325,0.05320779699449329,200.0,92.08150871912981,-209.9815227191298,-1.4,-1.0,-11.2,0.0,0.0,-29.5,-9.0,-3.5,-6.1,-5.5,-14.9
147,10796747.907551676,0,4.218477280870189,65.78150871912982,548.6177827175427,1,6.439030497631392e-05,0.7729374772300331,0.17370269983973363,0.05335982293023328,200.0,92.08150871912981,-209.9815227191298,-1.4,-1.0,-11.2,0.0,0.0,-29.5,-9.0,-3.5,-6.1,-5.5,-14.9
148,10796747.90755167,1,4.2184772808701325,65.78150871912987,548.6177827175432,1,6.43903049990513e-05,0.77270613932285,0.17377789119114412,0.053515969486005864,200.0,92.08150871912987,-209.98152271912986,-1.4,-1.0,-11.2,0.0,0.0,-29.5,-9.0,-3.5,-6.1,-5.5,-14.9
149,10796747.90755167,2,4.2184772808701325,65.78150871912987,548.6177827175432,1,6.43903049990513e-05,0.7725246085375996,0.1738162427289728,0.05365914873342756,200.0,92.08150871912987,-209.98152271912986,-1.4,-1.0,-11.2,0.0,0.0,-29.5,-9.0,-3.5,-6.1,-5.5,-14.9
150,10796747.90755167,3,4.2184772808701325,65.78150871912987,548.6177827175432,1,6.43903049990513e-05,0.7723130259185969,0.1738800237200625,0.05380695036134073,200.0,92.08150871912987,-209.98152271912986,-1.4,-1.0,-11.2,0.0,0.0,-29.5,-9.0,-3.5,-6.1,-5.5,-14.9
151,10796747.90755167,4,4.2184772808701325,65.78150871912987,548.6177827175432,1,6.43903049990513e-05,0.7720837657673353,0.17396167718563343,0.05395455704703126,200.0,92.08150871912987,-209.98152271912986,-1.4,-1.0,-11.2,0.0,0.0,-29.5,-9.0,-3.5,-6.1,-5.5,-14.9
152,10796747.90755167,5,4.2184772808701325,65.78150871912987,548.6177827175432,1,6.43903049990513e-05,0.7718336855765651,0.17405585608710666,0.054110458336328215,200.0,92.08150871912987,-209.98152271912986,-1.4,-1.0,-11.2,0.0,0.0,-29.5,-9.0,-3.5,-6.1,-5.5,-14.9
153,10796747.90755167,6,4.2184772808701325,65.78150871912987,548.6177827175432,1,6.43903049990513e-05,0.7715739641224801,0.17416058042534316,0.054265455452176724,200.0,92.08150871912987,-209.98152271912986,-1.4,-1.0,-11.2,0.0,0.0,-29.5,-9.0,-3.5,-6.1,-5.5,-14.9
154,10796747.90755167,7,4.2184772808701325,65.78150871912987,548.6177827175432,1,6.43903049990513e-05,0.7712882447913745,0.17429600764606817,0.05441574756255739,200.0,92.08150871912987,-209.98152271912986,-1.4,-1.0,-11.2,0.0,0.0,-29.5,-9.0,-3.5,-6.1,-5.5,-14.9
155,10796747.90755167,8,4.2184772808701325,65.78150871912987,548.6177827175432,1,6.43903049990513e-05,0.7709958174129564,0.17443470888819024,0.05456947369885338,200.0,92.08150871912987,-209.98152271912986,-1.4,-1.0,-11.2,0.0,0.0,-29.5,-9.0,-3.5,-6.1,-5.5,-14.9
156,10796747.90755167,9,4.2184772808701325,65.78150871912987,548.6177827175432,1,6.43903049990513e-05,0.7707026630453427,0.1745710796767383,0.05472625727791901,200.0,92.08150871912987,-209.98152271912986,-1.4,-1.0,-11.2,0.0,0.0,-29.5,-9.0,-3.5,-6.1,-5.5,-14.9
157,10796747.90755167,10,4.2184772808701325,65.78150871912987,548.6177827175432,1,6.43903049990513e-05,0.770372125095595,0.17473265049620781,0.05489522440819713,200.0,92.08150871912987,-209.98152271912986,-1.4,-1.0,-11.2,0.0,0.0,-29.5,-9.0,-3.5,-6.1,-5.5,-14.9
158,10796747.90755167,11,4.2184772808701325,65.78150871912987,548.6177827175432,1,6.43903049990513e-05,0.7700415994478468,0.1749046709815824,0.055053729570570774,200.0,92.08150871912987,-209.98152271912986,-1.4,-1.0,-11.2,0.0,0.0,-29.5,-9.0,-3.5,-6.1,-5.5,-14.9
159,10796747.90755167,12,4.2184772808701325,65.78150871912987,548.6177827175432,1,6.43903049990513e-05,0.7696978420498946,0.17507852197630097,0.055223635973804516,200.0,92.08150871912987,-209.98152271912986,-1.4,-1.0,-11.2,0.0,0.0,-29.5,-9.0,-3.5,-6.1,-5.5,-14.9
160,10796747.90755167,13,4.2184772808701325,65.78150871912987,548.6177827175432,1,6.43903049990513e-05,0.769370181779314,0.17525562211197832,0.05537419610870764,200.0,92.08150871912987,-209.98152271912986,-1.4,-1.0,-11.2,0.0,0.0,-29.5,-9.0,-3.5,-6.1,-5.5,-14.9
161,10796747.907551665,14,4.218477280869621,65.78150871913037,548.6177827175472,1,6.439030522642497e-05,0.7690512122836122,0.17545027531751492,0.055498512398872935,200.0,92.08150871913037,-209.98152271913037,-1.4,-1.0,-11.2,0.0,0.0,-29.5,-9.0,-3.5,-6.1,-5.5,-14.9
162,10796747.907551665,15,4.218477280869621,65.78150871913037,548.6177827175472,1,6.439030522642497e-05,0.7688276713485592,0.1755713224088121,0.05560100624262866,200.0,92.08150871913037,-209.98152271913037,-1.4,-1.0,-11.2,0.0,0.0,-29.5,-9.0,-3.5,-6.1,-5.5,-14.9
163,10796747.907551665,16,4.218477280869621,65.78150871913037,548.6177827175472,1,6.439030522642497e-05,0.7686060328582757,0.17568955969245287,0.05570440744927152,200.0,92.08150871913037,-209.98152271913037,-1.4,-1.0,-11.2,0.0,0.0,-29.5,-9.0,-3.5,-6.1,-5.5,-14.9
164,10796747.907551665,17,4.218477280869621,65.78150871913037,548.6177827175472,1,6.439030522642497e-05,0.7683758431255272,0.1758152953416072,0.055808861532865614,200.0,92.08150871913037,-209.98152271913037,-1.4,-1.0,-11.2,0.0,0.0,-29.5,-9.0,-3.5,-6.1,-5.5,-14.9
165,10796747.907551665,18,4.218477280869621,65.78150871913037,548.6177827175472,1,6.439030522642497e-05,0.7681284323449181,0.17594900666833363,0.055922560986748304,200.0,92.08150871913037,-209.98152271913037,-1.4,-1.0,-11.2,0.0,0.0,-29.5,-9.0,-3.5,-6.1,-5.5,-14.9
166,10796747.907551665,19,4.218477280869621,65.78150871913037,548.6177827175472,1,6.439030522642497e-05,0.7679052330834938,0.1760588133105985,0.05603595360590769,200.0,92.08150871913037,-209.98152271913037,-1.4,-1.0,-11.2,0.0,0.0,-29.5,-9.0,-3.5,-6.1,-5.5,-14.9
167,10796747.907551665,20,4.218477280869621,65.78150871913037,548.6177827175472,1,6.439030522642497e-05,0.7676591313835376,0.17618676344245657,0.056154105174005924,200.0,92.08150871913037,-209.98152271913037,-1.4,-1.0,-11.2,0.0,0.0,-29.5,-9.0,-3.5,-6.1,-5.5,-14.9
168,10796747.907551665,21,4.218477280869621,65.78150871913037,548.6177827175472,1,6.439030522642497e-05,0.7673976818476255,0.17631763464864358,0.056284683503730996,200.0,92.08150871913037,-209.98152271913037,-1.4,-1.0,-11.2,0.0,0.0,-29.5,-9.0,-3.5,-6.1,-5.5,-14.9
169,10796747.907551665,22,4.218477280869621,65.78150871913037,548.6177827175472,1,6.439030522642497e-05,0.7671310976452582,0.17645022000766314,0.05641868234707868,200.0,92.08150871913037,-209.98152271913037,-1.4,-1.0,-11.2,0.0,0.0,-29.5,-9.0,-3.5,-6.1,-5.5,-14.9
170,10796747.907551665,23,4.218477280869621,65.78150871913037,548.6177827175472,1,6.439030522642497e-05,0.7668450199142169,0.17659470314041187,0.056560276945371184,200.0,92.08150871913037,-209.98152271913037,-1.4,-1.0,-11.2,0.0,0.0,-29.5,-9.0,-3.5,-6.1,-5.5,-14.9
171,10796747.907551665,24,4.218477280869621,65.78150871913037,548.6177827175472,1,6.439030522642497e-05,0.7665646518113679,0.17673907587752724,0.05669627231110485,200.0,92.08150871913037,-209.98152271913037,-1.4,-1.0,-11.2,0.0,0.0,-29.5,-9.0,-3.5,-6.1,-5.5,-14.9
172,10796747.907551665,25,4.218477280869621,65.78150871913037,548.6177827175472,1,6.439030522642497e-05,0.766254513857063,0.17691778823134266,0.05682769791159442,200.0,92.08150871913037,-209.98152271913037,-1.4,-1.0,-11.2,0.0,0.0,-29.5,-9.0,-3.5,-6.1,-5.5,-14.9
173,10796747.907551665,26,4.218477280869621,65.78150871913037,548.6177827175472,1,6.439030522642497e-05,0.765947537056514,0.17709031501393996,0.056962147929546104,200.0,92.08150871913037,-209.98152271913037,-1.4,-1.0,-11.2,0.0,0.0,-29.5,-9.0,-3.5,-6.1,-5.5,-14.9
174,10796747.907551665,27,4.218477280869621,65.78150871913037,548.6177827175472,1,6.439030522642497e-05,0.7656140664155294,0.17728184200945055,0.05710409157501997,200.0,92.08150871913037,-209.98152271913037,-1.4,-1.0,-11.2,0.0,0.0,-29.5,-9.0,-3.5,-6.1,-5.5,-14.9
175,10796747.907551665,28,4.218477280869621,65.78150871913037,548.6177827175472,1,6.439030522642497e-05,0.7652802795902934,0.17747119724716934,0.05724852316253719,200.0,92.08150871913037,-209.98152271913037,-1.4,-1.0,-11.2,0.0,0.0,-29.5,-9.0,-3.5,-6.1,-5.5,-14.9
176,10796747.907551665,29,4.218477280869621,65.78150871913037,548.6177827175472,1,6.439030522642497e-05,0.7649272705590774,0.17766893753912624,0.05740379190179636,200.0,92.08150871913037,-209.98152271913037,-1.4,-1.0,-11.2,0.0,0.0,-29.5,-9.0,-3.5,-6.1,-5.5,-14.9
177,10796747.907551665,30,4.218477280869621,65.78150871913037,548.6177827175472,1,6.439030522642497e-05,0.7645839915904485,0.17786761262536732,0.05754839578418414,200.0,92.08150871913037,-209.98152271913037,-1.4,-1.0,-11.2,0.0,0.0,-29.5,-9.0,-3.5,-6.1,-5.5,-14.9
178,10796747.907551665,31,4.218477280869621,65.78150871913037,548.6177827175472,1,6.439030522642497e-05,0.7642655964241267,0.17804375644376588,0.05769064713210741,200.0,92.08150871913037,-209.98152271913037,-1.4,-1.0,-11.2,0.0,0.0,-29.5,-9.0,-3.5,-6.1,-5.5,-14.9
179,10796747.907551665,32,4.218477280869621,65.78150871913037,548.6177827175472,1,6.439030522642497e-05,0.763975225820539,0.17819826804489733,0.05782650613456371,200.0,92.08150871913037,-209.98152271913037,-1.4,-1.0,-11.2,0.0,0.0,-29.5,-9.0,-3.5,-6.1,-5.5,-14.9
180,10796747.907551665,33,4.218477280869621,65.78150871913037,548.6177827175472,1,6.439030522642497e-05,0.7636878031403954,0.17834741059254688,0.05796478626705777,200.0,92.08150871913037,-209.98152271913037,-1.4,-1.0,-11.2,0.0,0.0,-29.5,-9.0,-3.5,-6.1,-5.5,-14.9
181,10796747.907551665,34,4.218477280869621,65.78150871913037,548.6177827175472,1,6.439030522642497e-05,0.7634122317984315,0.17849065336668568,0.05809711483488287,200.0,92.08150871913037,-209.98152271913037,-1.4,-1.0,-11.2,0.0,0.0,-29.5,-9.0,-3.5,-6.1,-5.5,-14.9
182,10796747.907551665,35,4.218477280869621,65.78150871913037,548.6177827175472,1,6.439030522642497e-05,0.7631434921535293,0.1786286540767714,0.058227853769699335,200.0,92.08150871913037,-209.98152271913037,-1.4,-1.0,-11.2,0.0,0.0,-29.5,-9.0,-3.5,-6.1,-5.5,-14.9
183,10796747.907551665,36,4.218477280869621,65.78150871913037,548.6177827175472,1,6.439030522642497e-05,0.7628809699666654,0.1787659533779136,0.05835307665542101,200.0,92.08150871913037,-209.98152271913037,-1.4,-1.0,-11.2,0.0,0.0,-29.5,-9.0,-3.5,-6.1,-5.5,-14.9
184,10796747.907551665,37,4.218477280869621,65.78150871913037,548.6177827175472,1,6.439030522642497e-05,0.762591773048674,0.17892659811851863,0.05848162883280743,200.0,92.08150871913037,-209.98152271913037,-1.4,-1.0,-11.2,0.0,0.0,-29.5,-9.0,-3.5,-6.1,-5.5,-14.9
185,10796747.907551665,38,4.218477280869621,65.78150871913037,548.6177827175472,1,6.439030522642497e-05,0.7623199390728672,0.17907159523380287,0.05860846569332993,200.0,92.08150871913037,-209.98152271913037,-1.4,-1.0,-11.2,0.0,0.0,-29.5,-9.0,-3.5,-6.1,-5.5,-14.9
186,10796747.907551665,39,4.218477280869621,65.78150871913037,548.6177827175472,1,6.439030522642497e-05,0.7620406370004247,0.17922919283480993,0.05873017016476542,200.0,92.08150871913037,-209.98152271913037,-1.4,-1.0,-11.2,0.0,0.0,-29.5,-9.0,-3.5,-6.1,-5.5,-14.9
187,10796747.907551665,40,4.218477280869621,65.78150871913037,548.6177827175472,1,6.439030522642497e-05,0.7617641686024486,0.1793851142114304,0.058850717186121074,200.0,92.08150871913037,-209.98152271913037,-1.4,-1.0,-11.2,0.0,0.0,-29.5,-9.0,-3.5,-6.1,-5.5,-14.9
188,10796747.907551665,41,4.218477280869621,65.78150871913037,548.6177827175472,1,6.439030522642497e-05,0.7614720691189047,0.17955351829413266,0.05897441258696255,200.0,92.08150871913037,-209.98152271913037,-1.4,-1.0,-11.2,0.0,0.0,-29.5,-9.0,-3.5,-6.1,-5.5,-14.9
189,10796747.907551665,42,4.218477280869621,65.78150871913037,548.6177827175472,1,6.439030522642497e-05,0.7611743807564705,0.17972868033076161,0.059096938912767905,200.0,92.08150871913037,-209.98152271913037,-1.4,-1.0,-11.2,0.0,0.0,-29.5,-9.0,-3.5,-6.1,-5.5,-14.9
190,10796747.907551665,43,4.218477280869621,65.78150871913037,548.6177827175472,1,6.439030522642497e-05,0.7608668940852912,0.17991470722013794,0.05921839869457082,200.0,92.08150871913037,-209.98152271913037,-1.4,-1.0,-11.2,0.0,0.0,-29.5,-9.0,-3.5,-6.1,-5.5,-14.9
191,10796747.907551665,44,4.218477280869621,65.78150871913037,548.6177827175472,1,6.439030522642497e-05,0.7605456454414653,0.18011547039353343,0.05933888416500131,200.0,92.08150871913037,-209.98152271913037,-1.4,-1.0,-11.2,0.0,0.0,-29.5,-9.0,-3.5,-6.1,-5.5,-14.9
192,10796747.907551665,45,4.218477280869621,65.78150871913037,548.6177827175472,1,6.439030522642497e-05,0.7602290763735485,0.18032450494637778,0.059446418680073644,200.0,92.08150871913037,-209.98152271913037,-1.4,-1.0,-11.2,0.0,0.0,-29.5,-9.0,-3.5,-6.1,-5.5,-14.9
193,10796747.907551665,46,4.218477280869621,65.78150871913037,548.6177827175472,1,6.439030522642497e-05,0.7598995810903807,0.1805468107974268,0.05955360811219259,200.0,92.08150871913037,-209.98152271913037,-1.4,-1.0,-11.2,0.0,0.0,-29.5,-9.0,-3.5,-6.1,-5.5,-14.9
194,10796747.907551665,47,4.218477280869621,65.78150871913037,548.6177827175472,1,6.439030522642497e-05,0.7595583808797012,0.1807773414070987,0.059664277713200126,200.0,92.08150871913037,-209.98152271913037,-1.4,-1.0,-11.2,0.0,0.0,-29.5,-9.0,-3.5,-6.1,-5.5,-14.9
195,10796747.907551665,48,4.218477280869621,65.78150871913037,548.6177827175472,1,6.439030522642497e-05,0.7592420172217856,0.18099195123596715,0.05976603154224729,200.0,92.08150871913037,-209.98152271913037,-1.4,-1.0,-11.2,0.0,0.0,-29.5,-9.0,-3.5,-6.1,-5.5,-14.9
196,10796747.907551665,49,4.218477280869621,65.78150871913037,548.6177827175472,1,6.439030522642497e-05,0.7589491619416521,0.18119148211809855,0.059859355940249395,200.0,92.08150871913037,-209.98152271913037,-1.4,-1.0,-11.2,0.0,0.0,-29.5,-9.0,-3.5,-6.1,-5.5,-14.9
197,10796747.907551665,0,4.218477280869621,65.78150871913037,548.6177827175472,1,6.439030522642497e-05,0.7586743687425057,0.18137705700836806,0.05994857424912619,200.0,92.08150871913037,-209.98152271913037,-1.4,-1.0,-11.2,0.0,0.0,-29.5,-9.0,-3.5,-6.1,-5.5,-14.9
198,10796747.907551665,1,4.218477280869621,65.78150871913037,548.6177827175472,1,6.439030522642497e-05,0.7583853745766,0.18157642056427195,0.06003820485912807,200.0,92.08150871913037,-209.98152271913037,-1.4,-1.0,-11.2,0.0,0.0,-29.5,-9.0,-3.5,-6.1,-5.5,-14.9
199,10796747.907551665,2,4.218477280869621,65.78150871913037,548.6177827175472,1,6.439030522642497e-05,0.7580883155174447,0.18177601594014117,0.06013566854241414,200.0,92.08150871913037,-209.98152271913037,-1.4,-1.0,-11.2,0.0,0.0,-29.5,-9.0,-3.5,-6.1,-5.5,-14.9
200,10796747.907551665,3,4.218477280869621,65.78150871913037,548.6177827175472,1,6.439030522642497e-05,0.7577830786864053,0.18198396665599378,0.06023295465760102,200.0,92.08150871913037,-209.98152271913037,-1.4,-1.0,-11.2,0.0,0.0,-29.5,-9.0,-3.5,-6.1,-5.5,-14.9
201,10796747.907551665,4,4.218477280869621,65.78150871913037,548.6177827175472,1,6.439030522642497e-05,0.7574487884861067,0.18220945932384092,0.0603417521900523,200.0,92.08150871913037,-209.98152271913037,-1.4,-1.0,-11.2,0.0,0.0,-29.5,-9.0,-3.5,-6.1,-5.5,-14.9
202,10796747.907551665,5,4.218477280869621,65.78150871913037,548.6177827175472,1,6.439030522642497e-05,0.7571127509554078,0.1824414150656549,0.06044583397893738,200.0,92.08150871913037,-209.98152271913037,-1.4,-1.0,-11.2,0.0,0.0,-29.5,-9.0,-3.5,-6.1,-5.5,-14.9
203,10796747.907551665,6,4.218477280869621,65.78150871913037,548.6177827175472,1,6.439030522642497e-05,0.7567851164809278,0.1826582588746602,0.06055662464441197,200.0,92.08150871913037,-209.98152271913037,-1.4,-1.0,-11.2,0.0,0.0,-29.5,-9.0,-3.5,-6.1,-5.5,-14.9
204,10796747.907551665,7,4.218477280869621,65.78150871913037,548.6177827175472,1,6.439030522642497e-05,0.7564734570665523,0.1828642885207303,0.06066225441271742,200.0,92.08150871913037,-209.98152271913037,-1.4,-1.0,-11.2,0.0,0.0,-29.5,-9.0,-3.5,-6.1,-5.5,-14.9
205,10796747.907551665,8,4.218477280869621,65.78150871913037,548.6177827175472,1,6.439030522642497e-05,0.7561602053126166,0.18306523278949507,0.06077456189788831,200.0,92.08150871913037,-209.98152271913037,-1.4,-1.0,-11.2,0.0,0.0,-29.5,-9.0,-3.5,-6.1,-5.5,-14.9
206,10796747.907551665,9,4.218477280869621,65.78150871913037,548.6177827175472,1,6.439030522642497e-05,0.7558499415871165,0.1832569490957181,0.060893109317165364,200.0,92.08150871913037,-209.98152271913037,-1.4,-1.0,-11.2,0.0,0.0,-29.5,-9.0,-3.5,-6.1,-5.5,-14.9
207,10796747.907551665,10,4.218477280869621,65.78150871913037,548.6177827175472,1,6.439030522642497e-05,0.755528911431597,0.18346091690223118,0.061010171666171835,200.0,92.08150871913037,-209.98152271913037,-1.4,-1.0,-11.2,0.0,0.0,-29.5,-9.0,-3.5,-6.1,-5.5,-14.9
208,10796747.907551665,11,4.218477280869621,65.78150871913037,548.6177827175472,1,6.439030522642497e-05,0.7552276111681001,0.1836583486316399,0.061114040200260046,200.0,92.08150871913037,-209.98152271913037,-1.4,-1.0,-11.2,0.0,0.0,-29.5,-9.0,-3.5,-6.1,-5.5,-14.9
209,10796747.907551665,12,4.218477280869621,65.78150871913037,548.6177827175472,1,6.439030522642497e-05,0.7549200331111502,0.18385917455542808,0.06122079233342171,200.0,92.08150871913037,-209.98152271913037,-1.4,-1.0,-11.2,0.0,0.0,-29.5,-9.0,-3.5,-6.1,-5.5,-14.9
210,10796747.907551665,13,4.218477280869621,65.78150871913037,548.6177827175472,1,6.439030522642497e-05,0.7546155906286902,0.18405054523677064,0.06133386413453916,200.0,92.08150871913037,-209.98152271913037,-1.4,-1.0,-11.2,0.0,0.0,-29.5,-9.0,-3.5,-6.1,-5.5,-14.9
211,10796747.907551665,14,4.218477280869621,65.78150871913037,548.6177827175472,1,6.439030522642497e-05,0.7543055509609918,0.1842414152555819,0.061453033783426245,200.0,92.08150871913037,-209.98152271913037,-1.4,-1.0,-11.2,0.0,0.0,-29.5,-9.0,-3.5,-6.1,-5.5,-14.9
212,10796747.907551665,15,4.218477280869621,65.78150871913037,548.6177827175472,1,6.439030522642497e-05,0.7540287398494356,0.18439764012530216,0.06157362002526219,200.0,92.08150871913037,-209.98152271913037,-1.4,-1.0,-11.2,0.0,0.0,-29.5,-9.0,-3.5,-6.1,-5.5,-14.9
213,10796747.907551665,16,4.218477280869621,65.78150871913037,548.6177827175472,1,6.439030522642497e-05,0.7537580570676181,0.18453850604728053,0.0617034368851013,200.0,92.08150871913037,-209.98152271913037,-1.4,-1.0,-11.2,0.0,0.0,-29.5,-9.0,-3.5,-6.1,-5.5,-14.9
214,10796747.907551665,17,4.218477280869621,65.78150871913037,548.6177827175472,1,6.439030522642497e-05,0.7534886004884817,0.18467689008044472,0.061834509431073686,200.0,92.08150871913037,-209.98152271913037,-1.4,-1.0,-11.2,0.0,0.0,-29.5,-9.0,-3.5,-6.1,-5.5,-14.9
215,10796747.907551665,18,4.218477280869621,65.78150871913037,548.6177827175472,1,6.439030522642497e-05,0.7532158353689534,0.18482490066675142,0.061959263964295165,200.0,92.08150871913037,-209.98152271913037,-1.4,-1.0,-11.2,0.0,0.0,-29.5,-9.0,-3.5,-6.1,-5.5,-14.9
216,10796747.907551665,19,4.218477280869621,65.78150871913037,548.6177827175472,1,6.439030522642497e-05,0.752919301287544,0.18499487893052463,0.062085819781931374,200.0,92.08150871913037,-209.98152271913037,-1.4,-1.0,-11.2,0.0,0.0,-29.5,-9.0,-3.5,-6.1,-5.5,-14.9
217,10796747.907551665,20,4.218477280869621,65.78150871913037,548.6177827175472,1,6.439030522642497e-05,0.7526258555118422,0.18515670582518695,0.06221743866297084,200.0,92.08150871913037,-209.98152271913037,-1.4,-1.0,-11.2,0.0,0.0,-29.5,-9.0,-3.5,-6.1,-5.5,-14.9
218,10796747.907551665,21,4.218477280869621,65.78150871913037,548.6177827175472,1,6.439030522642497e-05,0.752335095756331,0.1853186029533944,0.062346301290274735,200.0,92.08150871913037,-209.98152271913037,-1.4,-1.0,-11.2,0.0,0.0,-29.5,-9.0,-3.5,-6.1,-5.5,-14.9
219,10796747.907551665,22,4.218477280869621,65.78150871913037,548.6177827175472,1,6.439030522642497e-05,0.7520307199136751,0.18548524024228336,0.06248403984404165,200.0,92.08150871913037,-209.98152271913037,-1.4,-1.0,-11.2,0.0,0.0,-29.5,-9.0,-3.5,-6.1,-5.5,-14.9
220,10796747.907551665,23,4.218477280869621,65.78150871913037,548.6177827175472,1,6.439030522642497e-05,0.7517382688071496,0.18563944729709275,0.06262228389575775,200.0,92.08150871913037,-209.98152271913037,-1.4,-1.0,-11.2,0.0,0.0,-29.5,-9.0,-3.5,-6.1,-5.5,-14.9
221,10796747.907551665,24,4.218477280869621,65.78150871913037,548.6177827175472,1,6.439030522642497e-05,0.7514448461782076,0.18579023095164487,0.06276492287014761,200.0,92.08150871913037,-209.98152271913037,-1.4,-1.0,-11.2,0.0,0.0,-29.5,-9.0,-3.5,-6.1,-5.5,-14.9
222,10796747.907551665,25,4.218477280869621,65.78150871913037,548.6177827175472,1,6.439030522642497e-05,0.7511587363150674,0.18593345772379824,0.06290780596113446,200.0,92.08150871913037,-209.98152271913037,-1.4,-1.0,-11.2,0.0,0.0,-29.5,-9.0,-3.5,-6.1,-5.5,-14.9
223,10796747.907551665,26,4.218477280869621,65.78150871913037,548.6177827175472,1,6.439030522642497e-05,0.7508549726724819,0.18609380333835074,0.06305122398916735,200.0,92.08150871913037,-209.98152271913037,-1.4,-1.0,-11.2,0.0,0.0,-29.5,-9.0,-3.5,-6.1,-5.5,-14.9
224,10796747.907551665,27,4.218477280869621,65.78150871913037,548.6177827175472,1,6.439030522642497e-05,0.7505467477068648,0.18626585661789577,0.06318739567523937,200.0,92.08150871913037,-209.98152271913037,-1.4,-1.0,-11.2,0.0,0.0,-29.5,-9.0,-3.5,-6.1,-5.5,-14.9
225,10796747.907551665,28,4.218477280869621,65.78150871913037,548.6177827175472,1,6.439030522642497e-05,0.7502426001697425,0.18644082786595928,0.06331657196429819,200.0,92.08150871913037,-209.98152271913037,-1.4,-1.0,-11.2,0.0,0.0,-29.5,-9.0,-3.5,-6.1,-5.5,-14.9
226,10796747.907551665,29,4.218477280869621,65.78150871913037,548.6177827175472,1,6.439030522642497e-05,0.749946490066442,0.18661445995554338,0.06343904997801458,200.0,92.08150871913037,-209.98152271913037,-1.4,-1.0,-11.2,0.0,0.0,-29.5,-9.0,-3.5,-6.1,-5.5,-14.9
227,10796747.907551665,30,4.218477280869621,65.78150871913037,548.6177827175472,1,6.439030522642497e-05,0.7496377122000745,0.18680686813816536,0.06355541966176012,200.0,92.08150871913037,-209.98152271913037,-1.4,-1.0,-11.2,0.0,0.0,-29.5,-9.0,-3.5,-6.1,-5.5,-14.9
228,10796747.907551665,31,4.218477280869621,65.78150871913037,548.6177827175472,1,6.439030522642497e-05,0.7493457545299824,0.18698120374939076,0.06367304172062684,200.0,92.08150871913037,-209.98152271913037,-1.4,-1.0,-11.2,0.0,0.0,-29.5,-9.0,-3.5,-6.1,-5.5,-14.9
229,10796747.907551665,32,4.218477280869621,65.78150871913037,548.6177827175472,1,6.439030522642497e-05,0.7490575163886705,0.18715422171593135,0.06378826189539827,200.0,92.08150871913037,-209.98152271913037,-1.4,-1.0,-11.2,0.0,0.0,-29.5,-9.0,-3.5,-6.1,-5.5,-14.9
230,10796747.907551665,33,4.218477280869621,65.78150871913037,548.6177827175472,1,6.439030522642497e-05,0.7487728951056496,0.18732592955709226,0.06390117533725816,200.0,92.08150871913037,-209.98152271913037,-1.4,-1.0,-11.2,0.0,0.0,-29.5,-9.0,-3.5,-6.1,-5.5,-14.9
231,10796747.907551665,34,4.218477280869621,65.78150871913037,548.6177827175472,1,6.439030522642497e-05,0.7484956917839407,0.18749616683331485,0.06400814138274448,200.0,92.08150871913037,-209.98152271913037,-1.4,-1.0,-11.2,0.0,0.0,-29.5,-9.0,-3.5,-6.1,-5.5,-14.9
232,10796747.907551665,35,4.218477280869621,65.78150871913037,548.6177827175472,1,6.439030522642497e-05,0.7482257036546025,0.18766117039398067,0.06411312595141677,200.0,92.08150871913037,-209.98152271913037,-1.4,-1.0,-11.2,0.0,0.0,-29.5,-9.0,-3.5,-6.1,-5.5,-14.9
233,10796747.907551665,36,4.218477280869621,65.78150871913037,548.6177827175472,1,6.439030522642497e-05,0.7479740851350711,0.18782443812958327,0.06420147673534561,200.0,92.08150871913037,-209.98152271913037,-1.4,-1.0,-11.2,0.0,0.0,-29.5,-9.0,-3.5,-6.1,-5.5,-14.9
234,10796747.907551665,37,4.218477280869621,65.78150871913037,548.6177827175472,1,6.439030522642497e-05,0.7477166918028714,0.18799077485130863,0.06429253334582004,200.0,92.08150871913037,-209.98152271913037,-1.4,-1.0,-11.2,0.0,0.0,-29.5,-9.0,-3.5,-6.1,-5.5,-14.9
235,10796747.907551665,38,4.218477280869621,65.78150871913037,548.6177827175472,1,6.439030522642497e-05,0.7474500928695563,0.1881601033547282,0.06438980377571552,200.0,92.08150871913037,-209.98152271913037,-1.4,-1.0,-11.2,0.0,0.0,-29.5,-9.0,-3.5,-6.1,-5.5,-14.9
236,10796747.907551665,39,4.218477280869621,65.78150871913037,548.6177827175472,1,6.439030522642497e-05,0.7472137465523792,0.18831188429687123,0.06447436915074961,200.0,92.08150871913037,-209.98152271913037,-1.4,-1.0,-11.2,0.0,0.0,-29.5,-9.0,-3.5,-6.1,-5.5,-14.9
237,10796747.907551665,40,4.218477280869621,65.78150871913037,548.6177827175472,1,6.439030522642497e-05,0.7469941974341189,0.18845870363350445,0.06454709893237662,200.0,92.08150871913037,-209.98152271913037,-1.4,-1.0,-11.2,0.0,0.0,-29.5,-9.0,-3.5,-6.1,-5.5,-14.9
238,10796747.907551665,41,4.218477280869621,65.78150871913037,548.6177827175472,1,6.439030522642497e-05,0.746818116815396,0.18856642106049057,0.0646154621241135,200.0,92.08150871913037,-209.98152271913037,-1.4,-1.0,-11.2,0.0,0.0,-29.5,-9.0,-3.5,-6.1,-5.5,-14.9
239,10796747.907551665,42,4.218477280869621,65.78150871913037,548.6177827175472,1,6.439030522642497e-05,0.7466365907201706,0.18867962528325044,0.064683783996579,200.0,92.08150871913037,-209.98152271913037,-1.4,-1.0,-11.2,0.0,0.0,-29.5,-9.0,-3.5,-6.1,-5.5,-14.9
240,10796747.907551665,43,4.218477280869621,65.78150871913037,548.6177827175472,1,6.439030522642497e-05,0.7464615938185732,0.18878650129335592,0.0647519048880709,200.0,92.08150871913037,-209.98152271913037,-1.4,-1.0,-11.2,0.0,0.0,-29.5,-9.0,-3.5,-6.1,-5.5,-14.9
241,10796747.907551665,44,4.218477280869621,65.78150871913037,548.6177827175472,1,6.439030522642497e-05,0.7462927044501352,0.1888910118826739,0.06481628366719092,200.0,92.08150871913037,-209.98152271913037,-1.4,-1.0,-11.2,0.0,0.0,-29.5,-9.0,-3.5,-6.1,-5.5,-14.9
242,10796747.907551665,45,4.218477280869621,65.78150871913037,548.6177827175472,1,6.439030522642497e-05,0.7461256778640525,0.18900067524441433,0.06487364689153315,200.0,92.08150871913037,-209.98152271913037,-1.4,-1.0,-11.2,0.0,0.0,-29.5,-9.0,-3.5,-6.1,-5.5,-14.9
243,10796747.907551665,46,4.218477280869621,65.78150871913037,548.6177827175472,1,6.439030522642497e-05,0.7459379841927808,0.1891233789167953,0.06493863689042398,200.0,92.08150871913037,-209.98152271913037,-1.4,-1.0,-11.2,0.0,0.0,-29.5,-9.0,-3.5,-6.1,-5.5,-14.9
244,10796747.907551665,47,4.218477280869621,65.78150871913037,548.6177827175472,1,6.439030522642497e-05,0.7457722264698095,0.18923491011455285,0.06499286341563766,200.0,92.08150871913037,-209.98152271913037,-1.4,-1.0,-11.2,0.0,0.0,-29.5,-9.0,-3.5,-6.1,-5.5,-14.9
245,10796747.907551665,48,4.218477280869621,65.78150871913037,548.6177827175472,1,6.439030522642497e-05,0.745604777051169,0.18934761350247273,0.06504760944635835,200.0,92.08150871913037,-209.98152271913037,-1.4,-1.0,-11.2,0.0,0.0,-29.5,-9.0,-3.5,-6.1,-5.5,-14.9
246,10796747.907551665,49,4.218477280869621,65.78150871913037,548.6177827175472,1,6.439030522642497e-05,0.7454320009791026,0.18946512940460225,0.06510286961629523,200.0,92.08150871913037,-209.98152271913037,-1.4,-1.0,-11.2,0.0,0.0,-29.5,-9.0,-3.5,-6.1,-5.5,-14.9
247,10796747.907551665,0,4.218477280869621,65.78150871913037,548.6177827175472,1,6.439030522642497e-05,0.7452431569897271,0.18959119006414824,0.06516565294612463,200.0,92.08150871913037,-209.98152271913037,-1.4,-1.0,-11.2,0.0,0.0,-29.5,-9.0,-3.5,-6.1,-5.5,-14.9
248,10796747.907551665,1,4.218477280869621,65.78150871913037,548.6177827175472,1,6.439030522642497e-05,0.7450615841135814,0.18971005177518105,0.06522836411123763,200.0,92.08150871913037,-209.98152271913037,-1.4,-1.0,-11.2,0.0,0.0,-29.5,-9.0,-3.5,-6.1,-5.5,-14.9
249,10796747.907551665,2,4.218477280869621,65.78150871913037,548.6177827175472,1,6.439030522642497e-05,0.7448831794735971,0.18982579266064292,0.06529102786576,200.0,92.08150871913037,-209.98152271913037,-1.4,-1.0,-11.2,0.0,0.0,-29.5,-9.0,-3.5,-6.1,-5.5,-14.9
250,10796747.907551665,3,4.218477280869621,65.78150871913037,548.6177827175472,1,6.439030522642497e-05,0.7447225607851431,0.1899308606765401,0.06534657853831675,200.0,92.08150871913037,-209.98152271913037,-1.4,-1.0,-11.2,0.0,0.0,-29.5,-9.0,-3.5,-6.1,-5.5,-14.9
251,10796747.907551665,4,4.218477280869621,65.78150871913037,548.6177827175472,1,6.439030522642497e-05,0.7445715413452124,0.1900261223735286,0.06540233628125906,200.0,92.08150871913037,-209.98152271913037,-1.4,-1.0,-11.2,0.0,0.0,-29.5,-9.0,-3.5,-6.1,-5.5,-14.9
252,10796747.907551665,5,4.218477280869621,65.78150871913037,548.6177827175472,1,6.439030522642497e-05,0.7444259189297691,0.19011576853622536,0.06545831253400566,200.0,92.08150871913037,-209.98152271913037,-1.4,-1.0,-11.2,0.0,0.0,-29.5,-9.0,-3.5,-6.1,-5.5,-14.9
253,10796747.907551665,6,4.218477280869621,65.78150871913037,548.6177827175472,1,6.439030522642497e-05,0.7442927161073485,0.1901962967889382,0.06551098710371332,200.0,92.08150871913037,-209.98152271913037,-1.4,-1.0,-11.2,0.0,0.0,-29.5,-9.0,-3.5,-6.1,-5.5,-14.9
254,10796747.907551665,7,4.218477280869621,65.78150871913037,548.6177827175472,1,6.439030522642497e-05,0.744156673653241,0.19027924046702124,0.06556408587973776,200.0,92.08150871913037,-209.98152271913037,-1.4,-1.0,-11.2,0.0,0.0,-29.5,-9.0,-3.5,-6.1,-5.5,-14.9
255,10796747.907551665,8,4.218477280869621,65.78150871913037,548.6177827175472,1,6.439030522642497e-05,0.744036296148723,0.19034633732467063,0.06561736652660635,200.0,92.08150871913037,-209.98152271913037,-1.4,-1.0,-11.2,0.0,0.0,-29.5,-9.0,-3.5,-6.1,-5.5,-14.9
256,10796747.907551665,9,4.218477280869621,65.78150871913037,548.6177827175472,1,6.439030522642497e-05,0.7439270724150244,0.1904020860635022,0.06567084152147343,200.0,92.08150871913037,-209.98152271913037,-1.4,-1.0,-11.2,0.0,0.0,-29.5,-9.0,-3.5,-6.1,-5.5,-14.9
257,10796747.907551665,10,4.218477280869621,65.78150871913037,548.6177827175472,1,6.439030522642497e-05,0.7438175979530028,0.19045441877482172,0.06572798327217541,200.0,92.08150871913037,-209.98152271913037,-1.4,-1.0,-11.2,0.0,0.0,-29.5,-9.0,-3.5,-6.1,-5.5,-14.9
258,10796747.907551665,11,4.218477280869621,65.78150871913037,548.6177827175472,1,6.439030522642497e-05,0.7437077870574812,0.190510377490633,0.06578183545188576,200.0,92.08150871913037,-209.98152271913037,-1.4,-1.0,-11.2,0.0,0.0,-29.5,-9.0,-3.5,-6.1,-5.5,-14.9
259,10796747.907551665,12,4.218477280869621,65.78150871913037,548.6177827175472,1,6.439030522642497e-05,0.7436086098974469,0.19055222832762647,0.06583916177492659,200.0,92.08150871913037,-209.98152271913037,-1.4,-1.0,-11.2,0.0,0.0,-29.5,-9.0,-3.5,-6.1,-5.5,-14.9
260,10796747.907551665,13,4.218477280869621,65.78150871913037,548.6177827175472,1,6.439030522642497e-05,0.743522942494844,0.19058405165771233,0.06589300584744379,200.0,92.08150871913037,-209.98152271913037,-1.4,-1.0,-11.2,0.0,0.0,-29.5,-9.0,-3.5,-6.1,-5.5,-14.9
261,10796747.907551665,14,4.218477280869621,65.78150871913037,548.6177827175472,1,6.439030522642497e-05,0.7434287230228179,0.19062414491258567,0.0659471320645964,200.0,92.08150871913037,-209.98152271913037,-1.4,-1.0,-11.2,0.0,0.0,-29.5,-9.0,-3.5,-6.1,-5.5,-14.9
262,10796747.907551665,15,4.218477280869621,65.78150871913037,548.6177827175472,1,6.439030522642497e-05,0.7433158895936698,0.19067579955844288,0.0660083108478873,200.0,92.08150871913037,-209.98152271913037,-1.4,-1.0,-11.2,0.0,0.0,-29.5,-9.0,-3.5,-6.1,-5.5,-14.9
263,10796747.907551665,16,4.218477280869621,65.78150871913037,548.6177827175472,1,6.439030522642497e-05,0.7431925070795754,0.19073810529712434,0.06606938762330021,200.0,92.08150871913037,-209.98152271913037,-1.4,-1.0,-11.2,0.0,0.0,-29.5,-9.0,-3.5,-6.1,-5.5,-14.9
264,10796747.907551665,17,4.218477280869621,65.78150871913037,548.6177827175472,1,6.439030522642497e-05,0.7430661770491447,0.1908102106556599,0.0661236122951954,200.0,92.08150871913037,-209.98152271913037,-1.4,-1.0,-11.2,0.0,0.0,-29.5,-9.0,-3.5,-6.1,-5.5,-14.9
265,10796747.907551665,18,4.218477280869621,65.78150871913037,548.6177827175472,1,6.439030522642497e-05,0.7429373138978654,0.19087806014093733,0.06618462596119717,200.0,92.08150871913037,-209.98152271913037,-1.4,-1.0,-11.2,0.0,0.0,-29.5,-9.0,-3.5,-6.1,-5.5,-14.9
266,10796747.907551665,19,4.218477280869621,65.78150871913037,548.6177827175472,1,6.439030522642497e-05,0.7428025585204463,0.1909453376761866,0.0662521038033671,200.0,92.08150871913037,-209.98152271913037,-1.4,-1.0,-11.2,0.0,0.0,-29.5,-9.0,-3.5,-6.1,-5.5,-14.9
267,10796747.907551665,20,4.218477280869621,65.78150871913037,548.6177827175472,1,6.439030522642497e-05,0.742669148982304,0.19101852780436665,0.06631232321332947,200.0,92.08150871913037,-209.98152271913037,-1.4,-1.0,-11.2,0.0,0.0,-29.5,-9.0,-3.5,-6.1,-5.5,-14.9
268,10796747.907551665,21,4.218477280869621,65.78150871913037,548.6177827175472,1,6.439030522642497e-05,0.742540583111933,0.1910904721451976,0.06636894474286942,200.0,92.08150871913037,-209.98152271913037,-1.4,-1.0,-11.2,0.0,0.0,-29.5,-9.0,-3.5,-6.1,-5.5,-14.9
269,10796747.907551665,22,4.218477280869621,65.78150871913037,548.6177827175472,1,6.439030522642497e-05,0.7424165275488877,0.19116788240417082,0.0664155900469415,200.0,92.08150871913037,-209.98152271913037,-1.4,-1.0,-11.2,0.0,0.0,-29.5,-9.0,-3.5,-6.1,-5.5,-14.9
270,10796747.907551665,23,4.218477280869621,65.78150871913037,548.6177827175472,1,6.439030522642497e-05,0.7422935050422391,0.1912405716852803,0.0664659232724806,200.0,92.08150871913037,-209.98152271913037,-1.4,-1.0,-11.2,0.0,0.0,-29.5,-9.0,-3.5,-6.1,-5.5,-14.9
271,10796747.907551665,24,4.218477280869621,65.78150871913037,548.6177827175472,1,6.439030522642497e-05,0.7421644072015446,0.191325581327845,0.06651001147061036,200.0,92.08150871913037,-209.98152271913037,-1.4,-1.0,-11.2,0.0,0.0,-29.5,-9.0,-3.5,-6.1,-5.5,-14.9
272,10796747.907551665,25,4.218477280869621,65.78150871913037,548.6177827175472,1,6.439030522642497e-05,0.7420366944043603,0.19140543584440578,0.06655786975123394,200.0,92.08150871913037,-209.98152271913037,-1.4,-1.0,-11.2,0.0,0.0,-29.5,-9.0,-3.5,-6.1,-5.5,-14.9
273,10796747.907551665,26,4.218477280869621,65.78150871913037,548.6177827175472,1,6.439030522642497e-05,0.741924028181343,0.19147007466532023,0.0666058971533369,200.0,92.08150871913037,-209.98152271913037,-1.4,-1.0,-11.2,0.0,0.0,-29.5,-9.0,-3.5,-6.1,-5.5,-14.9
274,10796747.907551665,27,4.218477280869621,65.78150871913037,548.6177827175472,1,6.439030522642497e-05,0.7418119252544171,0.1915306241800816,0.06665745056550133,200.0,92.08150871913037,-209.98152271913037,-1.4,-1.0,-11.2,0.0,0.0,-29.5,-9.0,-3.5,-6.1,-5.5,-14.9
275,10796747.907551665,28,4.218477280869621,65.78150871913037,548.6177827175472,1,6.439030522642497e-05,0.7416969388011919,0.1915939388152435,0.06670912238356466,200.0,92.08150871913037,-209.98152271913037,-1.4,-1.0,-11.2,0.0,0.0,-29.5,-9.0,-3.5,-6.1,-5.5,-14.9
276,10796747.907551665,29,4.218477280869621,65.78150871913037,548.6177827175472,1,6.439030522642497e-05,0.7415759201973069,0.19165668039940195,0.06676739940329116,200.0,92.08150871913037,-209.98152271913037,-1.4,-1.0,-11.2,0.0,0.0,-29.5,-9.0,-3.5,-6.1,-5.5,-14.9
277,10796747.907551665,30,4.218477280869621,65.78150871913037,548.6177827175472,1,6.439030522642497e-05,0.7414728066928647,0.19171488273394613,0.06681231057318918,200.0,92.08150871913037,-209.98152271913037,-1.4,-1.0,-11.2,0.0,0.0,-29.5,-9.0,-3.5,-6.1,-5.5,-14.9
278,10796747.907551665,31,4.218477280869621,65.78150871913037,548.6177827175472,1,6.439030522642497e-05,0.741373230426056,0.19176919760673528,0.06685757196720885,200.0,92.08150871913037,-209.98152271913037,-1.4,-1.0,-11.2,0.0,0.0,-29.5,-9.0,-3.5,-6.1,-5.5,-14.9
279,10796747.907551665,32,4.218477280869621,65.78150871913037,548.6177827175472,1,6.439030522642497e-05,0.7412971903458897,0.19179666365577813,0.06690614599833214,200.0,92.08150871913037,-209.98152271913037,-1.4,-1.0,-11.2,0.0,0.0,-29.5,-9.0,-3.5,-6.1,-5.5,-14.9
280,10796747.907551665,33,4.218477280869621,65.78150871913037,548.6177827175472,1,6.439030522642497e-05,0.7412332682074954,0.19181836808859057,0.06694836370391413,200.0,92.08150871913037,-209.98152271913037,-1.4,-1.0,-11.2,0.0,0.0,-29.5,-9.0,-3.5,-6.1,-5.5,-14.9
281,10796747.907551665,34,4.218477280869621,65.78150871913037,548.6177827175472,1,6.439030522642497e-05,0.7411641453382729,0.19185110166894043,0.06698475299278667,200.0,92.08150871913037,-209.98152271913037,-1.4,-1.0,-11.2,0.0,0.0,-29.5,-9.0,-3.5,-6.1,-5.5,-14.9
282,10796747.907551665,35,4.218477280869621,65.78150871913037,548.6177827175472,1,6.439030522642497e-05,0.7410901143867022,0.19189424855848777,0.06701563705480994,200.0,92.08150871913037,-209.98152271913037,-1.4,-1.0,-11.2,0.0,0.0,-29.5,-9.0,-3.5,-6.1,-5.5,-14.9
283,10796747.907551665,36,4.218477280869621,65.78150871913037,548.6177827175472,1,6.439030522642497e-05,0.7409949747140153,0.19195411401569734,0.06705091127028731,200.0,92.08150871913037,-209.98152271913037,-1.4,-1.0,-11.2,0.0,0.0,-29.5,-9.0,-3.5,-6.1,-5.5,-14.9
284,10796747.907551665,37,4.218477280869621,65.78150871913037,548.6177827175472,1,6.439030522642497e-05,0.7409063743106306,0.19200670134375994,0.06708692434560945,200.0,92.08150871913037,-209.98152271913037,-1.4,-1.0,-11.2,0.0,0.0,-29.5,-9.0,-3.5,-6.1,-5.5,-14.9
285,10796747.907551665,38,4.218477280869621,65.78150871913037,548.6177827175472,1,6.439030522642497e-05,0.740827201261057,0.1920554686143569,0.0671173301245861,200.0,92.08150871913037,-209.98152271913037,-1.4,-1.0,-11.2,0.0,0.0,-29.5,-9.0,-3.5,-6.1,-5.5,-14.9
286,10796747.907551665,39,4.218477280869621,65.78150871913037,548.6177827175472,1,6.439030522642497e-05,0.740737332138044,0.19211068178382082,0.06715198607813513,200.0,92.08150871913037,-209.98152271913037,-1.4,-1.0,-11.2,0.0,0.0,-29.5,-9.0,-3.5,-6.1,-5.5,-14.9
287,10796747.907551665,40,4.218477280869621,65.78150871913037,548.6177827175472,1,6.439030522642497e-05,0.740660232774392,0.19215868047672585,0.06718108674888215,200.0,92.08150871913037,-209.98152271913037,-1.4,-1.0,-11.2,0.0,0.0,-29.5,-9.0,-3.5,-6.1,-5.5,-14.9
288,10796747.907551665,41,4.218477280869621,65.78150871913037,548.6177827175472,1,6.439030522642497e-05,0.7405691435518307,0.1922194685352739,0.06721138791289545,200.0,92.08150871913037,-209.98152271913037,-1.4,-1.0,-11.2,0.0,0.0,-29.5,-9.0,-3.5,-6.1,-5.5,-14.9
289,10796747.907551665,42,4.218477280869621,65.78150871913037,548.6177827175472,1,6.439030522642497e-05,0.7404681923746155,0.19228282538110492,0.06724898224427966,200.0,92.08150871913037,-209.98152271913037,-1.4,-1.0,-11.2,0.0,0.0,-29.5,-9.0,-3.5,-6.1,-5.5,-14.9
290,10796747.907551665,43,4.218477280869621,65.78150871913037,548.6177827175472,1,6.439030522642497e-05,0.7403449421690778,0.1923583407480734,0.06729671708284891,200.0,92.08150871913037,-209.98152271913037,-1.4,-1.0,-11.2,0.0,0.0,-29.5,-9.0,-3.5,-6.1,-5.5,-14.9
291,10796747.907551665,44,4.218477280869621,65.78150871913037,548.6177827175472,1,6.439030522642497e-05,0.7402232223914713,0.19244156636236714,0.06733521124616162,200.0,92.08150871913037,-209.98152271913037,-1.4,-1.0,-11.2,0.0,0.0,-29.5,-9.0,-3.5,-6.1,-5.5,-14.9
292,10796747.907551665,45,4.218477280869621,65.78150871913037,548.6177827175472,1,6.439030522642497e-05,0.7401063128328832,0.1925194771679709,0.06737420999914592,200.0,92.08150871913037,-209.98152271913037,-1.4,-1.0,-11.2,0.0,0.0,-29.5,-9.0,-3.5,-6.1,-5.5,-14.9
293,10796747.907551665,46,4.218477280869621,65.78150871913037,548.6177827175472,1,6.439030522642497e-05,0.7399972287327657,0.19258604162428328,0.06741672964295103,200.0,92.08150871913037,-209.98152271913037,-1.4,-1.0,-11.2,0.0,0.0,-29.5,-9.0,-3.5,-6.1,-5.5,-14.9
294,10796747.907551665,47,4.218477280869621,65.78150871913037,548.6177827175472,1,6.439030522642497e-05,0.739898640756785,0.19265417540457283,0.06744718383864222,200.0,92.08150871913037,-209.98152271913037,-1.4,-1.0,-11.2,0.0,0.0,-29.5,-9.0,-3.5,-6.1,-5.5,-14.9
295,10796747.907551665,48,4.218477280869621,65.78150871913037,548.6177827175472,1,6.439030522642497e-05,0.7397972904904753,0.19272412848706258,0.06747858102246213,200.0,92.08150871913037,-209.98152271913037,-1.4,-1.0,-11.2,0.0,0.0,-29.5,-9.0,-3.5,-6.1,-5.5,-14.9
296,10796747.907551665,49,4.218477280869621,65.78150871913037,548.6177827175472,1,6.439030522642497e-05,0.7396837210770966,0.1928083813339453,0.06750789758895809,200.0,92.08150871913037,-209.98152271913037,-1.4,-1.0,-11.2,0.0,0.0,-29.5,-9.0,-3.5,-6.1,-5.5,-14.9
297,10796747.907551665,0,4.218477280869621,65.78150871913037,548.6177827175472,1,6.439030522642497e-05,0.7395746823039288,0.19288414189681952,0.06754117579925178,200.0,92.08150871913037,-209.98152271913037,-1.4,-1.0,-11.2,0.0,0.0,-29.5,-9.0,-3.5,-6.1,-5.5,-14.9
298,10796747.907551665,1,4.218477280869621,65.78150871913037,548.6177827175472,1,6.439030522642497e-05,0.7394699114548984,0.19295492909511217,0.06757515944998943,200.0,92.08150871913037,-209.98152271913037,-1.4,-1.0,-11.2,0.0,0.0,-29.5,-9.0,-3.5,-6.1,-5.5,-14.9
299,10796747.907551665,2,4.218477280869621,65.78150871913037,548.6177827175472,1,6.439030522642497e-05,0.7393722654348127,0.19302702492958795,0.0676007096355994,200.0,92.08150871913037,-209.98152271913037,-1.4,-1.0,-11.2,0.0,0.0,-29.5,-9.0,-3.5,-6.1,-5.5,-14.9
300,10796747.907551665,3,4.218477280869621,65.78150871913037,548.6177827175472,1,6.439030522642497e-05,0.7392719131390159,0.19310669490380514,0.06762139195717906,200.0,92.08150871913037,-209.98152271913037,-1.4,-1.0,-11.2,0.0,0.0,-29.5,-9.0,-3.5,-6.1,-5.5,-14.9
301,10796747.907551665,4,4.218477280869621,65.78150871913037,548.6177827175472,1,6.439030522642497e-05,0.7391816445353415,0.1931809801876601,0.06763737527699835,200.0,92.08150871913037,-209.98152271913037,-1.4,-1.0,-11.2,0.0,0.0,-29.5,-9.0,-3.5,-6.1,-5.5,-14.9
302,10796747.907551665,5,4.218477280869621,65.78150871913037,548.6177827175472,1,6.439030522642497e-05,0.7390916482536724,0.19325042559717392,0.06765792614915368,200.0,92.08150871913037,-209.98152271913037,-1.4,-1.0,-11.2,0.0,0.0,-29.5,-9.0,-3.5,-6.1,-5.5,-14.9
303,10796747.907551665,6,4.218477280869621,65.78150871913037,548.6177827175472,1,6.439030522642497e-05,0.7389893394667262,0.19333073938029938,0.0676799211529745,200.0,92.08150871913037,-209.98152271913037,-1.4,-1.0,-11.2,0.0,0.0,-29.5,-9.0,-3.5,-6.1,-5.5,-14.9
304,10796747.907551665,7,4.218477280869621,65.78150871913037,548.6177827175472,1,6.439030522642497e-05,0.7388909036083527,0.19341483785097716,0.06769425854067007,200.0,92.08150871913037,-209.98152271913037,-1.4,-1.0,-11.2,0.0,0.0,-29.5,-9.0,-3.5,-6.1,-5.5,-14.9
305,10796747.907551665,8,4.218477280869621,65.78150871913037,548.6177827175472,1,6.439030522642497e-05,0.7387900849193865,0.1934996506666371,0.06771026441397647,200.0,92.08150871913037,-209.98152271913037,-1.4,-1.0,-11.2,0.0,0.0,-29.5,-9.0,-3.5,-6.1,-5.5,-14.9
306,10796747.907551665,9,4.218477280869621,65.78150871913037,548.6177827175472,1,6.439030522642497e-05,0.738693272715966,0.19357893357167177,0.06772779371236234,200.0,92.08150871913037,-209.98152271913037,-1.4,-1.0,-11.2,0.0,0.0,-29.5,-9.0,-3.5,-6.1,-5.5,-14.9
307,10796747.907551665,10,4.218477280869621,65.78150871913037,548.6177827175472,1,6.439030522642497e-05,0.7386093955814357,0.19365271298629347,0.06773789143227094,200.0,92.08150871913037,-209.98152271913037,-1.4,-1.0,-11.2,0.0,0.0,-29.5,-9.0,-3.5,-6.1,-5.5,-14.9
308,10796747.907551665,11,4.218477280869621,65.78150871913037,548.6177827175472,1,6.439030522642497e-05,0.7385283763909829,0.19373345876714343,0.06773816484187377,200.0,92.08150871913037,-209.98152271913037,-1.4,-1.0,-11.2,0.0,0.0,-29.5,-9.0,-3.5,-6.1,-5.5,-14.9
309,10796747.907551665,12,4.218477280869621,65.78150871913037,548.6177827175472,1,6.439030522642497e-05,0.7384320044707197,0.19382130338378467,0.06774669214549572,200.0,92.08150871913037,-209.98152271913037,-1.4,-1.0,-11.2,0.0,0.0,-29.5,-9.0,-3.5,-6.1,-5.5,-14.9
310,10796747.907551665,13,4.218477280869621,65.78150871913037,548.6177827175472,1,6.439030522642497e-05,0.7383456413775561,0.1938973077469158,0.06775705087552812,200.0,92.08150871913037,-209.98152271913037,-1.4,-1.0,-11.2,0.0,0.0,-29.5,-9.0,-3.5,-6.1,-5.5,-14.9
311,10796747.907551665,14,4.218477280869621,65.78150871913037,548.6177827175472,1,6.439030522642497e-05,0.7382776533831577,0.19396481284408276,0.06775753377275963,200.0,92.08150871913037,-209.98152271913037,-1.4,-1.0,-11.2,0.0,0.0,-29.5,-9.0,-3.5,-6.1,-5.5,-14.9
312,10796747.907551665,15,4.218477280869621,65.78150871913037,548.6177827175472,1,6.439030522642497e-05,0.7382243913849476,0.19400966441923737,0.06776594419581507,200.0,92.08150871913037,-209.98152271913037,-1.4,-1.0,-11.2,0.0,0.0,-29.5,-9.0,-3.5,-6.1,-5.5,-14.9
313,10796747.907551665,16,4.218477280869621,65.78150871913037,548.6177827175472,1,6.439030522642497e-05,0.73816366772836,0.19405717140377954,0.06777916086786054,200.0,92.08150871913037,-209.98152271913037,-1.4,-1.0,-11.2,0.0,0.0,-29.5,-9.0,-3.5,-6.1,-5.5,-14.9
314,10796747.907551665,17,4.218477280869621,65.78150871913037,548.6177827175472,1,6.439030522642497e-05,0.7381048931606201,0.19410399508742796,0.06779111175195199,200.0,92.08150871913037,-209.98152271913037,-1.4,-1.0,-11.2,0.0,0.0,-29.5,-9.0,-3.5,-6.1,-5.5,-14.9
315,10796747.907551665,18,4.218477280869621,65.78150871913037,548.6177827175472,1,6.439030522642497e-05,0.7380450111874142,0.1941502428950519,0.06780474591753397,200.0,92.08150871913037,-209.98152271913037,-1.4,-1.0,-11.2,0.0,0.0,-29.5,-9.0,-3.5,-6.1,-5.5,-14.9
316,10796747.907551665,19,4.218477280869621,65.78150871913037,548.6177827175472,1,6.439030522642497e-05,0.7379871132621917,0.1941929430781963,0.06781994365961208,200.0,92.08150871913037,-209.98152271913037,-1.4,-1.0,-11.2,0.0,0.0,-29.5,-9.0,-3.5,-6.1,-5.5,-14.9
317,10796747.907551665,20,4.218477280869621,65.78150871913037,548.6177827175472,1,6.439030522642497e-05,0.7379370579627885,0.19422922120523586,0.06783372083197566,200.0,92.08150871913037,-209.98152271913037,-1.4,-1.0,-11.2,0.0,0.0,-29.5,-9.0,-3.5,-6.1,-5.5,-14.9
318,10796747.907551665,21,4.218477280869621,65.78150871913037,548.6177827175472,1,6.439030522642497e-05,0.737870519232396,0.1942803024640417,0.0678491783035623,200.0,92.08150871913037,-209.98152271913037,-1.4,-1.0,-11.2,0.0,0.0,-29.5,-9.0,-3.5,-6.1,-5.5,-14.9
319,10796747.907551665,22,4.218477280869621,65.78150871913037,548.6177827175472,1,6.439030522642497e-05,0.7377944451349872,0.19433654770125205,0.06786900716376079,200.0,92.08150871913037,-209.98152271913037,-1.4,-1.0,-11.2,0.0,0.0,-29.5,-9.0,-3.5,-6.1,-5.5,-14.9
320,10796747.907551665,23,4.218477280869621,65.78150871913037,548.6177827175472,1,6.439030522642497e-05,0.7377151835856464,0.19440038611684454,0.0678844302975091,200.0,92.08150871913037,-209.98152271913037,-1.4,-1.0,-11.2,0.0,0.0,-29.5,-9.0,-3.5,-6.1,-5.5,-14.9
321,10796747.907551665,24,4.218477280869621,65.78150871913037,548.6177827175472,1,6.439030522642497e-05,0.7376508426864157,0.19445078143476116,0.06789837587882322,200.0,92.08150871913037,-209.98152271913037,-1.4,-1.0,-11.2,0.0,0.0,-29.5,-9.0,-3.5,-6.1,-5.5,-14.9
322,10796747.907551665,25,4.218477280869621,65.78150871913037,548.6177827175472,1,6.439030522642497e-05,0.7375680901187751,0.19451512607102217,0.06791678381020272,200.0,92.08150871913037,-209.98152271913037,-1.4,-1.0,-11.2,0.0,0.0,-29.5,-9.0,-3.5,-6.1,-5.5,-14.9
323,10796747.907551665,26,4.218477280869621,65.78150871913037,548.6177827175472,1,6.439030522642497e-05,0.7374708446613653,0.19459258053169476,0.06793657480694007,200.0,92.08150871913037,-209.98152271913037,-1.4,-1.0,-11.2,0.0,0.0,-29.5,-9.0,-3.5,-6.1,-5.5,-14.9
324,10796747.907551665,27,4.218477280869621,65.78150871913037,548.6177827175472,1,6.439030522642497e-05,0.7373776139184175,0.19466764575232812,0.06795474032925444,200.0,92.08150871913037,-209.98152271913037,-1.4,-1.0,-11.2,0.0,0.0,-29.5,-9.0,-3.5,-6.1,-5.5,-14.9
325,10796747.907551665,28,4.218477280869621,65.78150871913037,548.6177827175472,1,6.439030522642497e-05,0.7372824228092933,0.1947405806878575,0.06797699650284919,200.0,92.08150871913037,-209.98152271913037,-1.4,-1.0,-11.2,0.0,0.0,-29.5,-9.0,-3.5,-6.1,-5.5,-14.9
326,10796747.907551665,29,4.218477280869621,65.78150871913037,548.6177827175472,1,6.439030522642497e-05,0.7371942179240749,0.19480272159669104,0.06800306047923407,200.0,92.08150871913037,-209.98152271913037,-1.4,-1.0,-11.2,0.0,0.0,-29.5,-9.0,-3.5,-6.1,-5.5,-14.9
327,10796747.907551665,30,4.218477280869621,65.78150871913037,548.6177827175472,1,6.439030522642497e-05,0.7371096030813675,0.19486323733441901,0.06802715958421342,200.0,92.08150871913037,-209.98152271913037,-1.4,-1.0,-11.2,0.0,0.0,-29.5,-9.0,-3.5,-6.1,-5.5,-14.9
328,10796747.907551665,31,4.218477280869621,65.78150871913037,548.6177827175472,1,6.439030522642497e-05,0.7370428411858789,0.19491618247452375,0.0680409763395974,200.0,92.08150871913037,-209.98152271913037,-1.4,-1.0,-11.2,0.0,0.0,-29.5,-9.0,-3.5,-6.1,-5.5,-14.9
329,10796747.907551665,32,4.218477280869621,65.78150871913037,548.6177827175472,1,6.439030522642497e-05,0.7369844847925034,0.1949565572981223,0.06805895790937427,200.0,92.08150871913037,-209.98152271913037,-1.4,-1.0,-11.2,0.0,0.0,-29.5,-9.0,-3.5,-6.1,-5.5,-14.9
330,10796747.907551665,33,4.218477280869621,65.78150871913037,548.6177827175472,1,6.439030522642497e-05,0.7369166313017752,0.19500512685538077,0.0680782418428441,200.0,92.08150871913037,-209.98152271913037,-1.4,-1.0,-11.2,0.0,0.0,-29.5,-9.0,-3.5,-6.1,-5.5,-14.9
331,10796747.907551665,34,4.218477280869621,65.78150871913037,548.6177827175472,1,6.439030522642497e-05,0.7368399481639436,0.19505301773082534,0.06810703410523104,200.0,92.08150871913037,-209.98152271913037,-1.4,-1.0,-11.2,0.0,0.0,-29.5,-9.0,-3.5,-6.1,-5.5,-14.9
332,10796747.907551665,35,4.218477280869621,65.78150871913037,548.6177827175472,1,6.439030522642497e-05,0.7367634292605292,0.19510284197166744,0.06813372876780335,200.0,92.08150871913037,-209.98152271913037,-1.4,-1.0,-11.2,0.0,0.0,-29.5,-9.0,-3.5,-6.1,-5.5,-14.9
333,10796747.907551665,36,4.218477280869621,65.78150871913037,548.6177827175472,1,6.439030522642497e-05,0.7366985513257046,0.19514584038898014,0.06815560828531526,200.0,92.08150871913037,-209.98152271913037,-1.4,-1.0,-11.2,0.0,0.0,-29.5,-9.0,-3.5,-6.1,-5.5,-14.9
334,10796747.907551665,37,4.218477280869621,65.78150871913037,548.6177827175472,1,6.439030522642497e-05,0.7366531282239102,0.19518216761240237,0.06816470416368746,200.0,92.08150871913037,-209.98152271913037,-1.4,-1.0,-11.2,0.0,0.0,-29.5,-9.0,-3.5,-6.1,-5.5,-14.9
335,10796747.907551665,38,4.218477280869621,65.78150871913037,548.6177827175472,1,6.439030522642497e-05,0.7366034715858968,0.19522104985443836,0.06817547855966488,200.0,92.08150871913037,-209.98152271913037,-1.4,-1.0,-11.2,0.0,0.0,-29.5,-9.0,-3.5,-6.1,-5.5,-14.9
336,10796747.907551665,39,4.218477280869621,65.78150871913037,548.6177827175472,1,6.439030522642497e-05,0.7365498278093107,0.1952623353632245,0.06818783682746488,200.0,92.08150871913037,-209.98152271913037,-1.4,-1.0,-11.2,0.0,0.0,-29.5,-9.0,-3.5,-6.1,-5.5,-14.9
337,10796747.907551665,40,4.218477280869621,65.78150871913037,548.6177827175472,1,6.439030522642497e-05,0.7364838350578155,0.1953171209850971,0.06819904395708748,200.0,92.08150871913037,-209.98152271913037,-1.4,-1.0,-11.2,0.0,0.0,-29.5,-9.0,-3.5,-6.1,-5.5,-14.9
338,10796747.907551665,41,4.218477280869621,65.78150871913037,548.6177827175472,1,6.439030522642497e-05,0.7364175445690616,0.19537337225747584,0.06820908317346255,200.0,92.08150871913037,-209.98152271913037,-1.4,-1.0,-11.2,0.0,0.0,-29.5,-9.0,-3.5,-6.1,-5.5,-14.9
339,10796747.907551665,42,4.218477280869621,65.78150871913037,548.6177827175472,1,6.439030522642497e-05,0.7363539410027367,0.19542268653792183,0.06822337245934156,200.0,92.08150871913037,-209.98152271913037,-1.4,-1.0,-11.2,0.0,0.0,-29.5,-9.0,-3.5,-6.1,-5.5,-14.9
340,10796747.907551665,43,4.218477280869621,65.78150871913037,548.6177827175472,1,6.439030522642497e-05,0.7363149889271777,0.19546487363061704,0.0682201374422053,200.0,92.08150871913037,-209.98152271913037,-1.4,-1.0,-11.2,0.0,0.0,-29.5,-9.0,-3.5,-6.1,-5.5,-14.9
341,10796747.907551665,44,4.218477280869621,65.78150871913037,548.6177827175472,1,6.439030522642497e-05,0.7362856225433914,0.1954979500540701,0.06821642740253854,200.0,92.08150871913037,-209.98152271913037,-1.4,-1.0,-11.2,0.0,0.0,-29.5,-9.0,-3.5,-6.1,-5.5,-14.9
342,10796747.907551665,45,4.218477280869621,65.78150871913037,548.6177827175472,1,6.439030522642497e-05,0.7362570348678913,0.1955253478922527,0.068217617239856,200.0,92.08150871913037,-209.98152271913037,-1.4,-1.0,-11.2,0.0,0.0,-29.5,-9.0,-3.5,-6.1,-5.5,-14.9
343,10796747.907551665,46,4.218477280869621,65.78150871913037,548.6177827175472,1,6.439030522642497e-05,0.7362096091541782,0.19556681093001055,0.06822357991581118,200.0,92.08150871913037,-209.98152271913037,-1.4,-1.0,-11.2,0.0,0.0,-29.5,-9.0,-3.5,-6.1,-5.5,-14.9
344,10796747.907551665,47,4.218477280869621,65.78150871913037,548.6177827175472,1,6.439030522642497e-05,0.7361498289357425,0.1956214390064484,0.06822873205780906,200.0,92.08150871913037,-209.98152271913037,-1.4,-1.0,-11.2,0.0,0.0,-29.5,-9.0,-3.5,-6.1,-5.5,-14.9
345,10796747.907551665,48,4.218477280869621,65.78150871913037,548.6177827175472,1,6.439030522642497e-05,0.7360867444440937,0.1956801939166153,0.06823306163929102,200.0,92.08150871913037,-209.98152271913037,-1.4,-1.0,-11.2,0.0,0.0,-29.5,-9.0,-3.5,-6.1,-5.5,-14.9
346,10796747.907551665,49,4.218477280869621,65.78150871913037,548.6177827175472,1,6.439030522642497e-05,0.7360096211173389,0.19574580947477388,0.06824456940788727,200.0,92.08150871913037,-209.98152271913037,-1.4,-1.0,-11.2,0.0,0.0,-29.5,-9.0,-3.5,-6.1,-5.5,-14.9
347,10796747.907551665,0,4.218477280869621,65.78150871913037,548.6177827175472,1,6.439030522642497e-05,0.7359192279064124,0.19581789159404211,0.06826288049954549,200.0,92.08150871913037,-209.98152271913037,-1.4,-1.0,-11.2,0.0,0.0,-29.5,-9.0,-3.5,-6.1,-5.5,-14.9
348,10796747.907551665,1,4.218477280869621,65.78150871913037,548.6177827175472,1,6.439030522642497e-05,0.7358354720029295,0.19588753752447471,0.06827699047259572,200.0,92.08150871913037,-209.98152271913037,-1.4,-1.0,-11.2,0.0,0.0,-29.5,-9.0,-3.5,-6.1,-5.5,-14.9
349,10796747.907551665,2,4.218477280869621,65.78150871913037,548.6177827175472,1,6.439030522642497e-05,0.7357443034927169,0.19596324653961628,0.06829244996766685,200.0,92.08150871913037,-209.98152271913037,-1.4,-1.0,-11.2,0.0,0.0,-29.5,-9.0,-3.5,-6.1,-5.5,-14.9
350,10796747.907551665,3,4.218477280869621,65.78150871913037,548.6177827175472,1,6.439030522642497e-05,0.7356573200050954,0.1960283194428408,0.06831436055206372,200.0,92.08150871913037,-209.98152271913037,-1.4,-1.0,-11.2,0.0,0.0,-29.5,-9.0,-3.5,-6.1,-5.5,-14.9
351,10796747.907551665,4,4.218477280869621,65.78150871913037,548.6177827175472,1,6.439030522642497e-05,0.7355768206322175,0.19609128882688817,0.06833189054089434,200.0,92.08150871913037,-209.98152271913037,-1.4,-1.0,-11.2,0.0,0.0,-29.5,-9.0,-3.5,-6.1,-5.5,-14.9
352,10796747.907551665,5,4.218477280869621,65.78150871913037,548.6177827175472,1,6.439030522642497e-05,0.7355106286667314,0.19614673436129462,0.0683426369719739,200.0,92.08150871913037,-209.98152271913037,-1.4,-1.0,-11.2,0.0,0.0,-29.5,-9.0,-3.5,-6.1,-5.5,-14.9
353,10796747.907551665,6,4.218477280869621,65.78150871913037,548.6177827175472,1,6.439030522642497e-05,0.7354253871249666,0.19621707930319912,0.06835753357183433,200.0,92.08150871913037,-209.98152271913037,-1.4,-1.0,-11.2,0.0,0.0,-29.5,-9.0,-3.5,-6.1,-5.5,-14.9
354,10796747.907551665,7,4.218477280869621,65.78150871913037,548.6177827175472,1,6.439030522642497e-05,0.7353410748616821,0.19629044671343962,0.06836847842487823,200.0,92.08150871913037,-209.98152271913037,-1.4,-1.0,-11.2,0.0,0.0,-29.5,-9.0,-3.5,-6.1,-5.5,-14.9
355,10796747.907551665,8,4.218477280869621,65.78150871913037,548.6177827175472,1,6.439030522642497e-05,0.7352469583110118,0.19636955551038843,0.06838348617859974,200.0,92.08150871913037,-209.98152271913037,-1.4,-1.0,-11.2,0.0,0.0,-29.5,-9.0,-3.5,-6.1,-5.5,-14.9
356,10796747.907551665,9,4.218477280869621,65.78150871913037,548.6177827175472,1,6.439030522642497e-05,0.7351624420851902,0.19644305359371375,0.068394504321096,200.0,92.08150871913037,-209.98152271913037,-1.4,-1.0,-11.2,0.0,0.0,-29.5,-9.0,-3.5,-6.1,-5.5,-14.9
357,10796747.907551665,10,4.218477280869621,65.78150871913037,548.6177827175472,1,6.439030522642497e-05,0.735070868714669,0.19652216148304488,0.06840696980228622,200.0,92.08150871913037,-209.98152271913037,-1.4,-1.0,-11.2,0.0,0.0,-29.5,-9.0,-3.5,-6.1,-5.5,-14.9
358,10796747.907551665,11,4.218477280869621,65.78150871913037,548.6177827175472,1,6.439030522642497e-05,0.7349807033666749,0.19660109995172792,0.06841819668159727,200.0,92.08150871913037,-209.98152271913037,-1.4,-1.0,-11.2,0.0,0.0,-29.5,-9.0,-3.5,-6.1,-5.5,-14.9
359,10796747.907551665,12,4.218477280869621,65.78150871913037,548.6177827175472,1,6.439030522642497e-05,0.7348975160201028,0.19666658791833524,0.06843589606156206,200.0,92.08150871913037,-209.98152271913037,-1.4,-1.0,-11.2,0.0,0.0,-29.5,-9.0,-3.5,-6.1,-5.5,-14.9
360,10796747.907551665,13,4.218477280869621,65.78150871913037,548.6177827175472,1,6.439030522642497e-05,0.7348181623180267,0.19672465618621285,0.06845718149576055,200.0,92.08150871913037,-209.98152271913037,-1.4,-1.0,-11.2,0.0,0.0,-29.5,-9.0,-3.5,-6.1,-5.5,-14.9
361,10796747.907551665,14,4.218477280869621,65.78150871913037,548.6177827175472,1,6.439030522642497e-05,0.7347398102064576,0.19677575382642998,0.06848443596711244,200.0,92.08150871913037,-209.98152271913037,-1.4,-1.0,-11.2,0.0,0.0,-29.5,-9.0,-3.5,-6.1,-5.5,-14.9
362,10796747.907551665,15,4.218477280869621,65.78150871913037,548.6177827175472,1,6.439030522642497e-05,0.7346595322474536,0.19683334432782632,0.06850712342472008,200.0,92.08150871913037,-209.98152271913037,-1.4,-1.0,-11.2,0.0,0.0,-29.5,-9.0,-3.5,-6.1,-5.5,-14.9
363,10796747.907551665,16,4.218477280869621,65.78150871913037,548.6177827175472,1,6.439030522642497e-05,0.7345854596213525,0.19688908677362746,0.06852545360502013,200.0,92.08150871913037,-209.98152271913037,-1.4,-1.0,-11.2,0.0,0.0,-29.5,-9.0,-3.5,-6.1,-5.5,-14.9
364,10796747.907551665,17,4.218477280869621,65.78150871913037,548.6177827175472,1,6.439030522642497e-05,0.7345093945790235,0.19694582967981986,0.06854477574115658,200.0,92.08150871913037,-209.98152271913037,-1.4,-1.0,-11.2,0.0,0.0,-29.5,-9.0,-3.5,-6.1,-5.5,-14.9
365,10796747.907551665,18,4.218477280869621,65.78150871913037,548.6177827175472,1,6.439030522642497e-05,0.7344342321643367,0.1969956771700261,0.06857009066563728,200.0,92.08150871913037,-209.98152271913037,-1.4,-1.0,-11.2,0.0,0.0,-29.5,-9.0,-3.5,-6.1,-5.5,-14.9
366,10796747.907551665,19,4.218477280869621,65.78150871913037,548.6177827175472,1,6.439030522642497e-05,0.7343677743205002,0.19703625769953664,0.06859596797996323,200.0,92.08150871913037,-209.98152271913037,-1.4,-1.0,-11.2,0.0,0.0,-29.5,-9.0,-3.5,-6.1,-5.5,-14.9
367,10796747.907551665,20,4.218477280869621,65.78150871913037,548.6177827175472,1,6.439030522642497e-05,0.734309508117817,0.19707064986489678,0.06861984201728621,200.0,92.08150871913037,-209.98152271913037,-1.4,-1.0,-11.2,0.0,0.0,-29.5,-9.0,-3.5,-6.1,-5.5,-14.9
368,10796747.907551665,21,4.218477280869621,65.78150871913037,548.6177827175472,1,6.439030522642497e-05,0.7342406609019969,0.19711237998980644,0.06864695910819672,200.0,92.08150871913037,-209.98152271913037,-1.4,-1.0,-11.2,0.0,0.0,-29.5,-9.0,-3.5,-6.1,-5.5,-14.9
369,10796747.907551665,22,4.218477280869621,65.78150871913037,548.6177827175472,1,6.439030522642497e-05,0.7341618944399191,0.1971559056302496,0.06868219992983142,200.0,92.08150871913037,-209.98152271913037,-1.4,-1.0,-11.2,0.0,0.0,-29.5,-9.0,-3.5,-6.1,-5.5,-14.9
370,10796747.907551665,23,4.218477280869621,65.78150871913037,548.6177827175472,1,6.439030522642497e-05,0.7340736457406216,0.19720880121925585,0.06871755304012261,200.0,92.08150871913037,-209.98152271913037,-1.4,-1.0,-11.2,0.0,0.0,-29.5,-9.0,-3.5,-6.1,-5.5,-14.9
371,10796747.907551665,24,4.218477280869621,65.78150871913037,548.6177827175472,1,6.439030522642497e-05,0.7339869541998104,0.19725756717602433,0.06875547862416526,200.0,92.08150871913037,-209.98152271913037,-1.4,-1.0,-11.2,0.0,0.0,-29.5,-9.0,-3.5,-6.1,-5.5,-14.9
372,10796747.907551665,25,4.218477280869621,65.78150871913037,548.6177827175472,1,6.439030522642497e-05,0.7339017947930747,0.19729731080363247,0.06880089440329284,200.0,92.08150871913037,-209.98152271913037,-1.4,-1.0,-11.2,0.0,0.0,-29.5,-9.0,-3.5,-6.1,-5.5,-14.9
373,10796747.907551665,26,4.218477280869621,65.78150871913037,548.6177827175472,1,6.439030522642497e-05,0.7338232252423907,0.19733098034492613,0.06884579441268314,200.0,92.08150871913037,-209.98152271913037,-1.4,-1.0,-11.2,0.0,0.0,-29.5,-9.0,-3.5,-6.1,-5.5,-14.9
374,10796747.907551665,27,4.218477280869621,65.78150871913037,548.6177827175472,1,6.439030522642497e-05,0.7337353435745526,0.1973743832081579,0.06889027321728955,200.0,92.08150871913037,-209.98152271913037,-1.4,-1.0,-11.2,0.0,0.0,-29.5,-9.0,-3.5,-6.1,-5.5,-14.9
375,10796747.907551665,28,4.218477280869621,65.78150871913037,548.6177827175472,1,6.439030522642497e-05,0.7336463990428831,0.19742433008578397,0.06892927087133299,200.0,92.08150871913037,-209.98152271913037,-1.4,-1.0,-11.2,0.0,0.0,-29.5,-9.0,-3.5,-6.1,-5.5,-14.9
376,10796747.907551665,29,4.218477280869621,65.78150871913037,548.6177827175472,1,6.439030522642497e-05,0.7335667039624567,0.19747775390221362,0.0689555421353297,200.0,92.08150871913037,-209.98152271913037,-1.4,-1.0,-11.2,0.0,0.0,-29.5,-9.0,-3.5,-6.1,-5.5,-14.9
377,10796747.907551665,30,4.218477280869621,65.78150871913037,548.6177827175472,1,6.439030522642497e-05,0.7334856798380472,0.1975270450674032,0.0689872750945496,200.0,92.08150871913037,-209.98152271913037,-1.4,-1.0,-11.2,0.0,0.0,-29.5,-9.0,-3.5,-6.1,-5.5,-14.9
378,10796747.907551665,31,4.218477280869621,65.78150871913037,548.6177827175472,1,6.439030522642497e-05,0.7334034231109517,0.19756989256937468,0.06902668431967365,200.0,92.08150871913037,-209.98152271913037,-1.4,-1.0,-11.2,0.0,0.0,-29.5,-9.0,-3.5,-6.1,-5.5,-14.9
379,10796747.907551665,32,4.218477280869621,65.78150871913037,548.6177827175472,1,6.439030522642497e-05,0.7333250745769228,0.19760907167165498,0.06906585375142232,200.0,92.08150871913037,-209.98152271913037,-1.4,-1.0,-11.2,0.0,0.0,-29.5,-9.0,-3.5,-6.1,-5.5,-14.9
380,10796747.907551665,33,4.218477280869621,65.78150871913037,548.6177827175472,1,6.439030522642497e-05,0.7332427812709921,0.19764990151245626,0.06910731721655178,200.0,92.08150871913037,-209.98152271913037,-1.4,-1.0,-11.2,0.0,0.0,-29.5,-9.0,-3.5,-6.1,-5.5,-14.9
381,10796747.907551665,34,4.218477280869621,65.78150871913037,548.6177827175472,1,6.439030522642497e-05,0.7331592806824552,0.19769725412696407,0.06914346519058076,200.0,92.08150871913037,-209.98152271913037,-1.4,-1.0,-11.2,0.0,0.0,-29.5,-9.0,-3.5,-6.1,-5.5,-14.9
382,10796747.907551665,35,4.218477280869621,65.78150871913037,548.6177827175472,1,6.439030522642497e-05,0.7330823339726351,0.19773815903794373,0.0691795069894211,200.0,92.08150871913037,-209.98152271913037,-1.4,-1.0,-11.2,0.0,0.0,-29.5,-9.0,-3.5,-6.1,-5.5,-14.9
383,10796747.907551665,36,4.218477280869621,65.78150871913037,548.6177827175472,1,6.439030522642497e-05,0.733001398104143,0.1977880635459393,0.0692105383499177,200.0,92.08150871913037,-209.98152271913037,-1.4,-1.0,-11.2,0.0,0.0,-29.5,-9.0,-3.5,-6.1,-5.5,-14.9
384,10796747.907551665,37,4.218477280869621,65.78150871913037,548.6177827175472,1,6.439030522642497e-05,0.7329193077055839,0.19783647815642177,0.06924421413799432,200.0,92.08150871913037,-209.98152271913037,-1.4,-1.0,-11.2,0.0,0.0,-29.5,-9.0,-3.5,-6.1,-5.5,-14.9
385,10796747.907551665,38,4.218477280869621,65.78150871913037,548.6177827175472,1,6.439030522642497e-05,0.7328462404579578,0.19787588048924193,0.06927787905280025,200.0,92.08150871913037,-209.98152271913037,-1.4,-1.0,-11.2,0.0,0.0,-29.5,-9.0,-3.5,-6.1,-5.5,-14.9
386,10796747.907551665,39,4.218477280869621,65.78150871913037,548.6177827175472,1,6.439030522642497e-05,0.7327792115336066,0.19790432355004398,0.06931646491634944,200.0,92.08150871913037,-209.98152271913037,-1.4,-1.0,-11.2,0.0,0.0,-29.5,-9.0,-3.5,-6.1,-5.5,-14.9
387,10796747.907551665,40,4.218477280869621,65.78150871913037,548.6177827175472,1,6.439030522642497e-05,0.7327128566315866,0.19793233880591413,0.06935480456249937,200.0,92.08150871913037,-209.98152271913037,-1.4,-1.0,-11.2,0.0,0.0,-29.5,-9.0,-3.5,-6.1,-5.5,-14.9
388,10796747.907551665,41,4.218477280869621,65.78150871913037,548.6177827175472,1,6.439030522642497e-05,0.7326471546560946,0.19795994227718428,0.06939290306672104,200.0,92.08150871913037,-209.98152271913037,-1.4,-1.0,-11.2,0.0,0.0,-29.5,-9.0,-3.5,-6.1,-5.5,-14.9
389,10796747.907551665,42,4.218477280869621,65.78150871913037,548.6177827175472,1,6.439030522642497e-05,0.7325820819065352,0.19798223722124147,0.0694356808722233,200.0,92.08150871913037,-209.98152271913037,-1.4,-1.0,-11.2,0.0,0.0,-29.5,-9.0,-3.5,-6.1,-5.5,-14.9
390,10796747.907551665,43,4.218477280869621,65.78150871913037,548.6177827175472,1,6.439030522642497e-05,0.7325176250669437,0.19800685709876534,0.069475517834291,200.0,92.08150871913037,-209.98152271913037,-1.4,-1.0,-11.2,0.0,0.0,-29.5,-9.0,-3.5,-6.1,-5.5,-14.9
391,10796747.907551665,44,4.218477280869621,65.78150871913037,548.6177827175472,1,6.439030522642497e-05,0.7324587251690393,0.1980238330061406,0.06951744182482018,200.0,92.08150871913037,-209.98152271913037,-1.4,-1.0,-11.2,0.0,0.0,-29.5,-9.0,-3.5,-6.1,-5.5,-14.9
392,10796747.907551665,45,4.218477280869621,65.78150871913037,548.6177827175472,1,6.439030522642497e-05,0.7324075814592278,0.19803599049922097,0.06955642804155125,200.0,92.08150871913037,-209.98152271913037,-1.4,-1.0,-11.2,0.0,0.0,-29.5,-9.0,-3.5,-6.1,-5.5,-14.9
393,10796747.907551665,46,4.218477280869621,65.78150871913037,548.6177827175472,1,6.439030522642497e-05,0.7323712082102554,0.1980459243847979,0.06958286740494676,200.0,92.08150871913037,-209.98152271913037,-1.4,-1.0,-11.2,0.0,0.0,-29.5,-9.0,-3.5,-6.1,-5.5,-14.9
394,10796747.907551665,47,4.218477280869621,65.78150871913037,548.6177827175472,1,6.439030522642497e-05,0.73233892680097,0.1980562970567959,0.06960477614223406,200.0,92.08150871913037,-209.98152271913037,-1.4,-1.0,-11.2,0.0,0.0,-29.5,-9.0,-3.5,-6.1,-5.5,-14.9
395,10796747.907551665,48,4.218477280869621,65.78150871913037,548.6177827175472,1,6.439030522642497e-05,0.7322982264695646,0.19807690809702658,0.06962486543340883,200.0,92.08150871913037,-209.98152271913037,-1.4,-1.0,-11.2,0.0,0.0,-29.5,-9.0,-3.5,-6.1,-5.5,-14.9
396,10796747.907551665,49,4.218477280869621,65.78150871913037,548.6177827175472,1,6.439030522642497e-05,0.7322716274054093,0.19809243283158123,0.06963593976300941,200.0,92.08150871913037,-209.98152271913037,-1.4,-1.0,-11.2,0.0,0.0,-29.5,-9.0,-3.5,-6.1,-5.5,-14.9
397,10796747.907551665,0,4.218477280869621,65.78150871913037,548.6177827175472,1,6.439030522642497e-05,0.7322510346298283,0.19810565083687248,0.06964331453329915,200.0,92.08150871913037,-209.98152271913037,-1.4,-1.0,-11.2,0.0,0.0,-29.5,-9.0,-3.5,-6.1,-5.5,-14.9
398,10796747.907551665,1,4.218477280869621,65.78150871913037,548.6177827175472,1,6.439030522642497e-05,0.7322263506302712,0.19812640895477338,0.06964724041495543,200.0,92.08150871913037,-209.98152271913037,-1.4,-1.0,-11.2,0.0,0.0,-29.5,-9.0,-3.5,-6.1,-5.5,-14.9
399,10796747.907551665,2,4.218477280869621,65.78150871913037,548.6177827175472,1,6.439030522642497e-05,0.7321832663823834,0.1981569107059592,0.06965982291165738,200.0,92.08150871913037,-209.98152271913037,-1.4,-1.0,-11.2,0.0,0.0,-29.5,-9.0,-3.5,-6.1,-5.5,-14.9
400,10796747.907551665,3,4.218477280869621,65.78150871913037,548.6177827175472,1,6.439030522642497e-05,0.7321202844116892,0.1982038434571212,0.06967587213118968,200.0,92.08150871913037,-209.98152271913037,-1.4,-1.0,-11.2,0.0,0.0,-29.5,-9.0,-3.5,-6.1,-5.5,-14.9
401,10796747.907551665,4,4.218477280869621,65.78150871913037,548.6177827175472,1,6.439030522642497e-05,0.73206035362156,0.19824927992816166,0.06969036645027835,200.0,92.08150871913037,-209.98152271913037,-1.4,-1.0,-11.2,0.0,0.0,-29.5,-9.0,-3.5,-6.1,-5.5,-14.9
402,10796747.907551665,5,4.218477280869621,65.78150871913037,548.6177827175472,1,6.439030522642497e-05,0.732008177564087,0.19828845398093722,0.06970336845497584,200.0,92.08150871913037,-209.98152271913037,-1.4,-1.0,-11.2,0.0,0.0,-29.5,-9.0,-3.5,-6.1,-5.5,-14.9
403,10796747.907551665,6,4.218477280869621,65.78150871913037,548.6177827175472,1,6.439030522642497e-05,0.7319633211088118,0.19832407752457337,0.06971260136661481,200.0,92.08150871913037,-209.98152271913037,-1.4,-1.0,-11.2,0.0,0.0,-29.5,-9.0,-3.5,-6.1,-5.5,-14.9
404,10796747.907551665,7,4.218477280869621,65.78150871913037,548.6177827175472,1,6.439030522642497e-05,0.7319230227181337,0.19835399951810984,0.06972297776375641,200.0,92.08150871913037,-209.98152271913037,-1.4,-1.0,-11.2,0.0,0.0,-29.5,-9.0,-3.5,-6.1,-5.5,-14.9
405,10796747.907551665,8,4.218477280869621,65.78150871913037,548.6177827175472,1,6.439030522642497e-05,0.7318725379962709,0.19839765709776083,0.06972980490596829,200.0,92.08150871913037,-209.98152271913037,-1.4,-1.0,-11.2,0.0,0.0,-29.5,-9.0,-3.5,-6.1,-5.5,-14.9
406,10796747.907551665,9,4.218477280869621,65.78150871913037,548.6177827175472,1,6.439030522642497e-05,0.7318268557818286,0.1984399213022829,0.06973322291588852,200.0,92.08150871913037,-209.98152271913037,-1.4,-1.0,-11.2,0.0,0.0,-29.5,-9.0,-3.5,-6.1,-5.5,-14.9
407,10796747.907551665,10,4.218477280869621,65.78150871913037,548.6177827175472,1,6.439030522642497e-05,0.7317857841954939,0.19847614454998383,0.06973807125452233,200.0,92.08150871913037,-209.98152271913037,-1.4,-1.0,-11.2,0.0,0.0,-29.5,-9.0,-3.5,-6.1,-5.5,-14.9
408,10796747.907551665,11,4.218477280869621,65.78150871913037,548.6177827175472,1,6.439030522642497e-05,0.7317418349224605,0.1985185072489191,0.0697396578286205,200.0,92.08150871913037,-209.98152271913037,-1.4,-1.0,-11.2,0.0,0.0,-29.5,-9.0,-3.5,-6.1,-5.5,-14.9
409,10796747.907551665,12,4.218477280869621,65.78150871913037,548.6177827175472,1,6.439030522642497e-05,0.7316904861713602,0.19856439235052736,0.06974512147811238,200.0,92.08150871913037,-209.98152271913037,-1.4,-1.0,-11.2,0.0,0.0,-29.5,-9.0,-3.5,-6.1,-5.5,-14.9
410,10796747.907551665,13,4.218477280869621,65.78150871913037,548.6177827175472,1,6.439030522642497e-05,0.7316391697110329,0.19861584383537478,0.06974498645359233,200.0,92.08150871913037,-209.98152271913037,-1.4,-1.0,-11.2,0.0,0.0,-29.5,-9.0,-3.5,-6.1,-5.5,-14.9
411,10796747.907551665,14,4.218477280869621,65.78150871913037,548.6177827175472,1,6.439030522642497e-05,0.7315880050709469,0.19866552876488644,0.0697464661641666,200.0,92.08150871913037,-209.98152271913037,-1.4,-1.0,-11.2,0.0,0.0,-29.5,-9.0,-3.5,-6.1,-5.5,-14.9
412,10796747.907551665,15,4.218477280869621,65.78150871913037,548.6177827175472,1,6.439030522642497e-05,0.7315346172780544,0.1987159011135593,0.06974948160838643,200.0,92.08150871913037,-209.98152271913037,-1.4,-1.0,-11.2,0.0,0.0,-29.5,-9.0,-3.5,-6.1,-5.5,-14.9
413,10796747.907551665,16,4.218477280869621,65.78150871913037,548.6177827175472,1,6.439030522642497e-05,0.7314909621345642,0.19875742288614182,0.06975161497929394,200.0,92.08150871913037,-209.98152271913037,-1.4,-1.0,-11.2,0.0,0.0,-29.5,-9.0,-3.5,-6.1,-5.5,-14.9
414,10796747.907551665,17,4.218477280869621,65.78150871913037,548.6177827175472,1,6.439030522642497e-05,0.731435294936346,0.1988071404871585,0.06975756457649562,200.0,92.08150871913037,-209.98152271913037,-1.4,-1.0,-11.2,0.0,0.0,-29.5,-9.0,-3.5,-6.1,-5.5,-14.9
415,10796747.907551665,18,4.218477280869621,65.78150871913037,548.6177827175472,1,6.439030522642497e-05,0.7313871005226174,0.19885041078756496,0.06976248868981776,200.0,92.08150871913037,-209.98152271913037,-1.4,-1.0,-11.2,0.0,0.0,-29.5,-9.0,-3.5,-6.1,-5.5,-14.9
416,10796747.907551665,19,4.218477280869621,65.78150871913037,548.6177827175472,1,6.439030522642497e-05,0.7313389501936202,0.1988923035974216,0.0697687462089582,200.0,92.08150871913037,-209.98152271913037,-1.4,-1.0,-11.2,0.0,0.0,-29.5,-9.0,-3.5,-6.1,-5.5,-14.9
417,10796747.907551665,20,4.218477280869621,65.78150871913037,548.6177827175472,1,6.439030522642497e-05,0.7312861145174394,0.19893988208252786,0.06977400340003277,200.0,92.08150871913037,-209.98152271913037,-1.4,-1.0,-11.2,0.0,0.0,-29.5,-9.0,-3.5,-6.1,-5.5,-14.9
418,10796747.907551665,21,4.218477280869621,65.78150871913037,548.6177827175472,1,6.439030522642497e-05,0.7312453439978543,0.19897185457646283,0.06978280142568283,200.0,92.08150871913037,-209.98152271913037,-1.4,-1.0,-11.2,0.0,0.0,-29.5,-9.0,-3.5,-6.1,-5.5,-14.9
419,10796747.907551665,22,4.218477280869621,65.78150871913037,548.6177827175472,1,6.439030522642497e-05,0.7311995851339589,0.19900767823039012,0.06979273663565098,200.0,92.08150871913037,-209.98152271913037,-1.4,-1.0,-11.2,0.0,0.0,-29.5,-9.0,-3.5,-6.1,-5.5,-14.9
420,10796747.907551665,23,4.218477280869621,65.78150871913037,548.6177827175472,1,6.439030522642497e-05,0.7311514779772637,0.19904251597938616,0.06980600604335027,200.0,92.08150871913037,-209.98152271913037,-1.4,-1.0,-11.2,0.0,0.0,-29.5,-9.0,-3.5,-6.1,-5.5,-14.9
421,10796747.907551665,24,4.218477280869621,65.78150871913037,548.6177827175472,1,6.439030522642497e-05,0.7311104163800214,0.19907171512416308,0.06981786849581548,200.0,92.08150871913037,-209.98152271913037,-1.4,-1.0,-11.2,0.0,0.0,-29.5,-9.0,-3.5,-6.1,-5.5,-14.9
422,10796747.907551665,25,4.218477280869621,65.78150871913037,548.6177827175472,1,6.439030522642497e-05,0.7310714297069427,0.19909563678192174,0.06983293351113555,200.0,92.08150871913037,-209.98152271913037,-1.4,-1.0,-11.2,0.0,0.0,-29.5,-9.0,-3.5,-6.1,-5.5,-14.9
423,10796747.907551665,26,4.218477280869621,65.78150871913037,548.6177827175472,1,6.439030522642497e-05,0.7310390149149237,0.19911223131822256,0.06984875376685376,200.0,92.08150871913037,-209.98152271913037,-1.4,-1.0,-11.2,0.0,0.0,-29.5,-9.0,-3.5,-6.1,-5.5,-14.9
424,10796747.907551665,27,4.218477280869621,65.78150871913037,548.6177827175472,1,6.439030522642497e-05,0.731003605373503,0.19912881956744763,0.06986757505904947,200.0,92.08150871913037,-209.98152271913037,-1.4,-1.0,-11.2,0.0,0.0,-29.5,-9.0,-3.5,-6.1,-5.5,-14.9
425,10796747.907551665,28,4.218477280869621,65.78150871913037,548.6177827175472,1,6.439030522642497e-05,0.7309722591113815,0.19914078448640501,0.06988695640221344,200.0,92.08150871913037,-209.98152271913037,-1.4,-1.0,-11.2,0.0,0.0,-29.5,-9.0,-3.5,-6.1,-5.5,-14.9
426,10796747.907551665,29,4.218477280869621,65.78150871913037,548.6177827175472,1,6.439030522642497e-05,0.7309378902327894,0.19915071398880083,0.06991139577840974,200.0,92.08150871913037,-209.98152271913037,-1.4,-1.0,-11.2,0.0,0.0,-29.5,-9.0,-3.5,-6.1,-5.5,-14.9
427,10796747.907551665,30,4.218477280869621,65.78150871913037,548.6177827175472,1,6.439030522642497e-05,0.7308937862940074,0.19916781481438148,0.06993839889161124,200.0,92.08150871913037,-209.98152271913037,-1.4,-1.0,-11.2,0.0,0.0,-29.5,-9.0,-3.5,-6.1,-5.5,-14.9
428,10796747.907551665,31,4.218477280869621,65.78150871913037,548.6177827175472,1,6.439030522642497e-05,0.7308564502912255,0.199187019291572,0.06995653041720247,200.0,92.08150871913037,-209.98152271913037,-1.4,-1.0,-11.2,0.0,0.0,-29.5,-9.0,-3.5,-6.1,-5.5,-14.9
429,10796747.907551665,32,4.218477280869621,65.78150871913037,548.6177827175472,1,6.439030522642497e-05,0.7308141582224515,0.19920833385775083,0.06997750791979765,200.0,92.08150871913037,-209.98152271913037,-1.4,-1.0,-11.2,0.0,0.0,-29.5,-9.0,-3.5,-6.1,-5.5,-14.9
430,10796747.907551665,33,4.218477280869621,65.78150871913037,548.6177827175472,1,6.439030522642497e-05,0.7307694532139657,0.1992316144082873,0.06999893237774697,200.0,92.08150871913037,-209.98152271913037,-1.4,-1.0,-11.2,0.0,0.0,-29.5,-9.0,-3.5,-6.1,-5.5,-14.9
431,10796747.907551665,34,4.218477280869621,65.78150871913037,548.6177827175472,1,6.439030522642497e-05,0.7307179411163442,0.1992567951932534,0.0700252636904023,200.0,92.08150871913037,-209.98152271913037,-1.4,-1.0,-11.2,0.0,0.0,-29.5,-9.0,-3.5,-6.1,-5.5,-14.9
432,10796747.907551665,35,4.218477280869621,65.78150871913037,548.6177827175472,1,6.439030522642497e-05,0.7306622541325761,0.19928598330376537,0.07005176256365851,200.0,92.08150871913037,-209.98152271913037,-1.4,-1.0,-11.2,0.0,0.0,-29.5,-9.0,-3.5,-6.1,-5.5,-14.9
433,10796747.907551665,36,4.218477280869621,65.78150871913037,548.6177827175472,1,6.439030522642497e-05,0.7306094109722657,0.19931665591122294,0.0700739331165113,200.0,92.08150871913037,-209.98152271913037,-1.4,-1.0,-11.2,0.0,0.0,-29.5,-9.0,-3.5,-6.1,-5.5,-14.9
434,10796747.907551665,37,4.218477280869621,65.78150871913037,548.6177827175472,1,6.439030522642497e-05,0.7305592508432218,0.19935095659328514,0.07008979256349307,200.0,92.08150871913037,-209.98152271913037,-1.4,-1.0,-11.2,0.0,0.0,-29.5,-9.0,-3.5,-6.1,-5.5,-14.9
435,10796747.907551665,38,4.218477280869621,65.78150871913037,548.6177827175472,1,6.439030522642497e-05,0.7305207024314075,0.19937079039615338,0.07010850717243902,200.0,92.08150871913037,-209.98152271913037,-1.4,-1.0,-11.2,0.0,0.0,-29.5,-9.0,-3.5,-6.1,-5.5,-14.9
436,10796747.907551665,39,4.218477280869621,65.78150871913037,548.6177827175472,1,6.439030522642497e-05,0.7304773945734017,0.1993926309582998,0.0701299744682985,200.0,92.08150871913037,-209.98152271913037,-1.4,-1.0,-11.2,0.0,0.0,-29.5,-9.0,-3.5,-6.1,-5.5,-14.9
437,10796747.907551665,40,4.218477280869621,65.78150871913037,548.6177827175472,1,6.439030522642497e-05,0.7304385485645678,0.19941406265942282,0.07014738877600939,200.0,92.08150871913037,-209.98152271913037,-1.4,-1.0,-11.2,0.0,0.0,-29.5,-9.0,-3.5,-6.1,-5.5,-14.9
438,10796747.907551665,41,4.218477280869621,65.78150871913037,548.6177827175472,1,6.439030522642497e-05,0.7303994729140713,0.1994329378893288,0.07016758919659989,200.0,92.08150871913037,-209.98152271913037,-1.4,-1.0,-11.2,0.0,0.0,-29.5,-9.0,-3.5,-6.1,-5.5,-14.9
439,10796747.907551665,42,4.218477280869621,65.78150871913037,548.6177827175472,1,6.439030522642497e-05,0.7303624141644344,0.19944936932230928,0.07018821651325632,200.0,92.08150871913037,-209.98152271913037,-1.4,-1.0,-11.2,0.0,0.0,-29.5,-9.0,-3.5,-6.1,-5.5,-14.9
440,10796747.907551665,43,4.218477280869621,65.78150871913037,548.6177827175472,1,6.439030522642497e-05,0.730333947084866,0.19945902803723026,0.07020702487790384,200.0,92.08150871913037,-209.98152271913037,-1.4,-1.0,-11.2,0.0,0.0,-29.5,-9.0,-3.5,-6.1,-5.5,-14.9
441,10796747.907551665,44,4.218477280869621,65.78150871913037,548.6177827175472,1,6.439030522642497e-05,0.730304728686861,0.1994689417864327,0.07022632952670627,200.0,92.08150871913037,-209.98152271913037,-1.4,-1.0,-11.2,0.0,0.0,-29.5,-9.0,-3.5,-6.1,-5.5,-14.9
442,10796747.907551665,45,4.218477280869621,65.78150871913037,548.6177827175472,1,6.439030522642497e-05,0.7302748054107211,0.19948128219360792,0.07024391239567107,200.0,92.08150871913037,-209.98152271913037,-1.4,-1.0,-11.2,0.0,0.0,-29.5,-9.0,-3.5,-6.1,-5.5,-14.9
443,10796747.907551665,46,4.218477280869621,65.78150871913037,548.6177827175472,1,6.439030522642497e-05,0.7302375852002011,0.19949597642057235,0.07026643837922654,200.0,92.08150871913037,-209.98152271913037,-1.4,-1.0,-11.2,0.0,0.0,-29.5,-9.0,-3.5,-6.1,-5.5,-14.9
444,10796747.907551665,47,4.218477280869621,65.78150871913037,548.6177827175472,1,6.439030522642497e-05,0.7302044978294018,0.19950407515796903,0.07029142701262915,200.0,92.08150871913037,-209.98152271913037,-1.4,-1.0,-11.2,0.0,0.0,-29.5,-9.0,-3.5,-6.1,-5.5,-14.9
445,10796747.907551665,48,4.218477280869621,65.78150871913037,548.6177827175472,1,6.439030522642497e-05,0.7301753465498098,0.1995189829874731,0.0703056704627171,200.0,92.08150871913037,-209.98152271913037,-1.4,-1.0,-11.2,0.0,0.0,-29.5,-9.0,-3.5,-6.1,-5.5,-14.9
446,10796747.907551665,49,4.218477280869621,65.78150871913037,548.6177827175472,1,6.439030522642497e-05,0.7301477183446258,0.19953166741562717,0.07032061423974711,200.0,92.08150871913037,-209.98152271913037,-1.4,-1.0,-11.2,0.0,0.0,-29.5,-9.0,-3.5,-6.1,-5.5,-14.9
447,10796747.907551665,0,4.218477280869621,65.78150871913037,548.6177827175472,1,6.439030522642497e-05,0.7301193435669321,0.1995444313440538,0.07033622508901409,200.0,92.08150871913037,-209.98152271913037,-1.4,-1.0,-11.2,0.0,0.0,-29.5,-9.0,-3.5,-6.1,-5.5,-14.9
448,10796747.907551665,1,4.218477280869621,65.78150871913037,548.6177827175472,1,6.439030522642497e-05,0.7300880745775129,0.19955512496041247,0.07035680046207471,200.0,92.08150871913037,-209.98152271913037,-1.4,-1.0,-11.2,0.0,0.0,-29.5,-9.0,-3.5,-6.1,-5.5,-14.9
449,10796747.907551665,2,4.218477280869621,65.78150871913037,548.6177827175472,1,6.439030522642497e-05,0.7300518890592221,0.19956818777769736,0.07037992316308056,200.0,92.08150871913037,-209.98152271913037,-1.4,-1.0,-11.2,0.0,0.0,-29.5,-9.0,-3.5,-6.1,-5.5,-14.9
450,10796747.907551665,3,4.218477280869621,65.78150871913037,548.6177827175472,1,6.439030522642497e-05,0.7300175754601086,0.19957482219066697,0.0704076023492244,200.0,92.08150871913037,-209.98152271913037,-1.4,-1.0,-11.2,0.0,0.0,-29.5,-9.0,-3.5,-6.1,-5.5,-14.9
451,10796747.907551665,4,4.218477280869621,65.78150871913037,548.6177827175472,1,6.439030522642497e-05,0.7299829026515242,0.19958398603945593,0.07043311130901993,200.0,92.08150871913037,-209.98152271913037,-1.4,-1.0,-11.2,0.0,0.0,-29.5,-9.0,-3.5,-6.1,-5.5,-14.9
452,10796747.907551665,5,4.218477280869621,65.78150871913037,548.6177827175472,1,6.439030522642497e-05,0.7299457280354755,0.19959770298001486,0.0704565689845097,200.0,92.08150871913037,-209.98152271913037,-1.4,-1.0,-11.2,0.0,0.0,-29.5,-9.0,-3.5,-6.1,-5.5,-14.9
453,10796747.907551665,6,4.218477280869621,65.78150871913037,548.6177827175472,1,6.439030522642497e-05,0.7299126850111601,0.1996092536438212,0.0704780613450186,200.0,92.08150871913037,-209.98152271913037,-1.4,-1.0,-11.2,0.0,0.0,-29.5,-9.0,-3.5,-6.1,-5.5,-14.9
454,10796747.907551665,7,4.218477280869621,65.78150871913037,548.6177827175472,1,6.439030522642497e-05,0.729887825925063,0.1996080513527988,0.0705041227221382,200.0,92.08150871913037,-209.98152271913037,-1.4,-1.0,-11.2,0.0,0.0,-29.5,-9.0,-3.5,-6.1,-5.5,-14.9
455,10796747.907551665,8,4.218477280869621,65.78150871913037,548.6177827175472,1,6.439030522642497e-05,0.7298578298224401,0.19961191485700802,0.07053025532055185,200.0,92.08150871913037,-209.98152271913037,-1.4,-1.0,-11.2,0.0,0.0,-29.5,-9.0,-3.5,-6.1,-5.5,-14.9
456,10796747.907551665,9,4.218477280869621,65.78150871913037,548.6177827175472,1,6.439030522642497e-05,0.7298251055157603,0.19961630401003858,0.07055859047420117,200.0,92.08150871913037,-209.98152271913037,-1.4,-1.0,-11.2,0.0,0.0,-29.5,-9.0,-3.5,-6.1,-5.5,-14.9
457,10796747.907551665,10,4.218477280869621,65.78150871913037,548.6177827175472,1,6.439030522642497e-05,0.7297940869692737,0.19961691785764632,0.07058899517308005,200.0,92.08150871913037,-209.98152271913037,-1.4,-1.0,-11.2,0.0,0.0,-29.5,-9.0,-3.5,-6.1,-5.5,-14.9
458,10796747.907551665,11,4.218477280869621,65.78150871913037,548.6177827175472,1,6.439030522642497e-05,0.7297754645722657,0.1996117815829348,0.0706127538447995,200.0,92.08150871913037,-209.98152271913037,-1.4,-1.0,-11.2,0.0,0.0,-29.5,-9.0,-3.5,-6.1,-5.5,-14.9
459,10796747.907551665,12,4.218477280869621,65.78150871913037,548.6177827175472,1,6.439030522642497e-05,0.7297748933725791,0.1995906385208705,0.07063446810655041,200.0,92.08150871913037,-209.98152271913037,-1.4,-1.0,-11.2,0.0,0.0,-29.5,-9.0,-3.5,-6.1,-5.5,-14.9
460,10796747.907551665,13,4.218477280869621,65.78150871913037,548.6177827175472,1,6.439030522642497e-05,0.729765832981183,0.19957344449581327,0.0706607225230037,200.0,92.08150871913037,-209.98152271913037,-1.4,-1.0,-11.2,0.0,0.0,-29.5,-9.0,-3.5,-6.1,-5.5,-14.9
461,10796747.907551665,14,4.218477280869621,65.78150871913037,548.6177827175472,1,6.439030522642497e-05,0.7297615360500497,0.1995536201956041,0.07068484375434626,200.0,92.08150871913037,-209.98152271913037,-1.4,-1.0,-11.2,0.0,0.0,-29.5,-9.0,-3.5,-6.1,-5.5,-14.9
462,10796747.907551665,15,4.218477280869621,65.78150871913037,548.6177827175472,1,6.439030522642497e-05,0.7297553769939173,0.1995355347425002,0.07070908826358246,200.0,92.08150871913037,-209.98152271913037,-1.4,-1.0,-11.2,0.0,0.0,-29.5,-9.0,-3.5,-6.1,-5.5,-14.9
463,10796747.907551665,16,4.218477280869621,65.78150871913037,548.6177827175472,1,6.439030522642497e-05,0.7297431716474898,0.1995191217077636,0.07073770664474663,200.0,92.08150871913037,-209.98152271913037,-1.4,-1.0,-11.2,0.0,0.0,-29.5,-9.0,-3.5,-6.1,-5.5,-14.9
464,10796747.907551665,17,4.218477280869621,65.78150871913037,548.6177827175472,1,6.439030522642497e-05,0.7297316632145958,0.19950425814917086,0.07076407863623334,200.0,92.08150871913037,-209.98152271913037,-1.4,-1.0,-11.2,0.0,0.0,-29.5,-9.0,-3.5,-6.1,-5.5,-14.9
465,10796747.907551665,18,4.218477280869621,65.78150871913037,548.6177827175472,1,6.439030522642497e-05,0.729720741485163,0.1994867044048201,0.07079255411001699,200.0,92.08150871913037,-209.98152271913037,-1.4,-1.0,-11.2,0.0,0.0,-29.5,-9.0,-3.5,-6.1,-5.5,-14.9
466,10796747.907551665,19,4.218477280869621,65.78150871913037,548.6177827175472,1,6.439030522642497e-05,0.7297125463008414,0.19946867426512646,0.07081877943403225,200.0,92.08150871913037,-209.98152271913037,-1.4,-1.0,-11.2,0.0,0.0,-29.5,-9.0,-3.5,-6.1,-5.5,-14.9
467,10796747.907551665,20,4.218477280869621,65.78150871913037,548.6177827175472,1,6.439030522642497e-05,0.7296985744962977,0.19945852392808247,0.07084290157561988,200.0,92.08150871913037,-209.98152271913037,-1.4,-1.0,-11.2,0.0,0.0,-29.5,-9.0,-3.5,-6.1,-5.5,-14.9
468,10796747.907551665,21,4.218477280869621,65.78150871913037,548.6177827175472,1,6.439030522642497e-05,0.7296833091427092,0.19945167688535304,0.07086501397193783,200.0,92.08150871913037,-209.98152271913037,-1.4,-1.0,-11.2,0.0,0.0,-29.5,-9.0,-3.5,-6.1,-5.5,-14.9
469,10796747.907551665,22,4.218477280869621,65.78150871913037,548.6177827175472,1,6.439030522642497e-05,0.729668832120938,0.19944175440071277,0.07088941347834916,200.0,92.08150871913037,-209.98152271913037,-1.4,-1.0,-11.2,0.0,0.0,-29.5,-9.0,-3.5,-6.1,-5.5,-14.9
470,10796747.907551665,23,4.218477280869621,65.78150871913037,548.6177827175472,1,6.439030522642497e-05,0.7296614064582875,0.199426837381214,0.07091175616049859,200.0,92.08150871913037,-209.98152271913037,-1.4,-1.0,-11.2,0.0,0.0,-29.5,-9.0,-3.5,-6.1,-5.5,-14.9
471,10796747.907551665,24,4.218477280869621,65.78150871913037,548.6177827175472,1,6.439030522642497e-05,0.7296585378702117,0.19940721373535417,0.07093424839443406,200.0,92.08150871913037,-209.98152271913037,-1.4,-1.0,-11.2,0.0,0.0,-29.5,-9.0,-3.5,-6.1,-5.5,-14.9
472,10796747.907551665,25,4.218477280869621,65.78150871913037,548.6177827175472,1,6.439030522642497e-05,0.7296599760871996,0.1993831462257451,0.07095687768705537,200.0,92.08150871913037,-209.98152271913037,-1.4,-1.0,-11.2,0.0,0.0,-29.5,-9.0,-3.5,-6.1,-5.5,-14.9
473,10796747.907551665,26,4.218477280869621,65.78150871913037,548.6177827175472,1,6.439030522642497e-05,0.7296737588266188,0.19934872814479385,0.07097751302858735,200.0,92.08150871913037,-209.98152271913037,-1.4,-1.0,-11.2,0.0,0.0,-29.5,-9.0,-3.5,-6.1,-5.5,-14.9
474,10796747.907551665,27,4.218477280869621,65.78150871913037,548.6177827175472,1,6.439030522642497e-05,0.7296703272223289,0.19932705097134346,0.07100262180632758,200.0,92.08150871913037,-209.98152271913037,-1.4,-1.0,-11.2,0.0,0.0,-29.5,-9.0,-3.5,-6.1,-5.5,-14.9
475,10796747.907551665,28,4.218477280869621,65.78150871913037,548.6177827175472,1,6.439030522642497e-05,0.7296691970014121,0.19930515731985082,0.07102564567873705,200.0,92.08150871913037,-209.98152271913037,-1.4,-1.0,-11.2,0.0,0.0,-29.5,-9.0,-3.5,-6.1,-5.5,-14.9
476,10796747.907551665,29,4.218477280869621,65.78150871913037,548.6177827175472,1,6.439030522642497e-05,0.7296619622433774,0.19928715682464404,0.0710508809319785,200.0,92.08150871913037,-209.98152271913037,-1.4,-1.0,-11.2,0.0,0.0,-29.5,-9.0,-3.5,-6.1,-5.5,-14.9
477,10796747.907551665,30,4.218477280869621,65.78150871913037,548.6177827175472,1,6.439030522642497e-05,0.7296509912352176,0.1992708080898593,0.0710782006749231,200.0,92.08150871913037,-209.98152271913037,-1.4,-1.0,-11.2,0.0,0.0,-29.5,-9.0,-3.5,-6.1,-5.5,-14.9
478,10796747.907551665,31,4.218477280869621,65.78150871913037,548.6177827175472,1,6.439030522642497e-05,0.7296488674163475,0.19924991422422697,0.0711012183594256,200.0,92.08150871913037,-209.98152271913037,-1.4,-1.0,-11.2,0.0,0.0,-29.5,-9.0,-3.5,-6.1,-5.5,-14.9
479,10796747.907551665,32,4.218477280869621,65.78150871913037,548.6177827175472,1,6.439030522642497e-05,0.7296346769916612,0.19924094494249114,0.07112437806584765,200.0,92.08150871913037,-209.98152271913037,-1.4,-1.0,-11.2,0.0,0.0,-29.5,-9.0,-3.5,-6.1,-5.5,-14.9
480,10796747.907551665,33,4.218477280869621,65.78150871913037,548.6177827175472,1,6.439030522642497e-05,0.7296130229562678,0.1992351879246598,0.07115178911907231,200.0,92.08150871913037,-209.98152271913037,-1.4,-1.0,-11.2,0.0,0.0,-29.5,-9.0,-3.5,-6.1,-5.5,-14.9
481,10796747.907551665,34,4.218477280869621,65.78150871913037,548.6177827175472,1,6.439030522642497e-05,0.7295904387557174,0.19922842361064097,0.0711811376336416,200.0,92.08150871913037,-209.98152271913037,-1.4,-1.0,-11.2,0.0,0.0,-29.5,-9.0,-3.5,-6.1,-5.5,-14.9
482,10796747.907551665,35,4.218477280869621,65.78150871913037,548.6177827175472,1,6.439030522642497e-05,0.7295711340457871,0.19922069672609968,0.07120816922811324,200.0,92.08150871913037,-209.98152271913037,-1.4,-1.0,-11.2,0.0,0.0,-29.5,-9.0,-3.5,-6.1,-5.5,-14.9
483,10796747.907551665,36,4.218477280869621,65.78150871913037,548.6177827175472,1,6.439030522642497e-05,0.7295548789440209,0.19921005660408928,0.07123506445188987,200.0,92.08150871913037,-209.98152271913037,-1.4,-1.0,-11.2,0.0,0.0,-29.5,-9.0,-3.5,-6.1,-5.5,-14.9
484,10796747.907532241,37,4.218477355254066,65.78150864474698,548.6177820971898,1,6.435701684495143e-05,0.7295374850977476,0.19920067398726363,0.0712618409149888,200.0,92.08150864474698,-209.98152264474592,-1.4,-1.0,-11.2,0.0,0.0,-29.5,-9.0,-3.5,-6.1,-5.5,-14.9
485,10796747.907532241,38,4.218477355254066,65.78150864474698,548.6177820971898,1,6.435701684495143e-05,0.729986394266421,0.19885097217298175,0.07116263356059722,200.0,92.08150864474698,-209.98152264474592,-1.4,-1.0,-11.2,0.0,0.0,-29.5,-9.0,-3.5,-6.1,-5.5,-14.9
486,10796747.907532206,39,4.218477362493587,65.78150863750756,548.617782036813,1,6.43537770315561e-05,0.7304129258661911,0.1985175167342415,0.07106955739956745,200.0,92.08150863750755,-209.9815226375064,-1.4,-1.0,-11.2,0.0,0.0,-29.5,-9.0,-3.5,-6.1,-5.5,-14.9
487,10796747.907532174,40,4.218477359926311,65.7815086400748,548.6177820582238,1,6.435492592800074e-05,0.7309098765818832,0.19813552043302496,0.07095460298509189,200.0,92.0815086400748,-209.98152264007368,-1.4,-1.0,-11.2,0.0,0.0,-29.5,-9.0,-3.5,-6.1,-5.5,-14.9
488,10796747.907532169,41,4.218477360574639,65.78150863942648,548.6177820528168,1,6.435463578782218e-05,0.7314705381678469,0.19771020766872394,0.07081925416342924,200.0,92.08150863942647,-209.98152263942535,-1.4,-1.0,-11.2,0.0,0.0,-29.5,-9.0,-3.5,-6.1,-5.5,-14.9
489,10796747.907532169,42,4.218477360574639,65.78150863942648,548.6177820528168,1,6.435463578782218e-05,0.7320846516718904,0.1972465548141506,0.07066879351395908,200.0,92.08150863942647,-209.98152263942535,-1.4,-1.0,-11.2,0.0,0.0,-29.5,-9.0,-3.5,-6.1,-5.5,-14.9
490,10796747.907532163,43,4.218477360117873,65.78150863988323,548.6177820566261,1,6.435484019675641e-05,0.7326680834972185,0.19680299620216282,0.07052892030061875,200.0,92.08150863988322,-209.98152263988212,-1.4,-1.0,-11.2,0.0,0.0,-29.5,-9.0,-3.5,-6.1,-5.5,-14.9
491,10796747.907532163,44,4.218477360117873,65.78150863988323,548.6177820566261,1,6.435484019675641e-05,0.7333082924520603,0.1963115982642196,0.07038010928372013,200.0,92.08150863988322,-209.98152263988212,-1.4,-1.0,-11.2,0.0,0.0,-29.5,-9.0,-3.5,-6.1,-5.5,-14.9
492,10796747.907532163,45,4.218477360117873,65.78150863988323,548.6177820566261,1,6.435484019675641e-05,0.733912629638743,0.19584365394523265,0.07024371641602434,200.0,92.08150863988322,-209.98152263988212,-1.4,-1.0,-11.2,0.0,0.0,-29.5,-9.0,-3.5,-6.1,-5.5,-14.9
493,10796747.907532163,46,4.218477360117873,65.78150863988323,548.6177820566261,1,6.435484019675641e-05,0.7344867565772116,0.1953960807638759,0.07011716265891244,200.0,92.08150863988322,-209.98152263988212,-1.4,-1.0,-11.2,0.0,0.0,-29.5,-9.0,-3.5,-6.1,-5.5,-14.9
494,10796747.907532163,47,4.218477360117873,65.78150863988323,548.6177820566261,1,6.435484019675641e-05,0.7350322488567314,0.1949697148382492,0.06999803630501948,200.0,92.08150863988322,-209.98152263988212,-1.4,-1.0,-11.2,0.0,0.0,-29.5,-9.0,-3.5,-6.1,-5.5,-14.9
495,10796747.90753216,48,4.218477359392665,65.78150864060842,548.6177820626742,1,6.435516473857206e-05,0.735546759103901,0.19456724256439148,0.06988599833170751,200.0,92.08150864060842,-209.98152264060732,-1.4,-1.0,-11.2,0.0,0.0,-29.5,-9.0,-3.5,-6.1,-5.5,-14.9
496,10796747.90753216,49,4.218477359392665,65.78150864060842,548.6177820626742,1,6.435516473857206e-05,0.7361206906520749,0.1941250416905399,0.06975426765738518,200.0,92.08150864060842,-209.98152264060732,-1.4,-1.0,-11.2,0.0,0.0,-29.5,-9.0,-3.5,-6.1,-5.5,-14.9
497,10796747.90753216,0,4.218477359392665,65.78150864060842,548.6177820626742,1,6.435516473857206e-05,0.7366680718502232,0.19370738873919277,0.06962453941058404,200.0,92.08150864060842,-209.98152264060732,-1.4,-1.0,-11.2,0.0,0.0,-29.5,-9.0,-3.5,-6.1,-5.5,-14.9
498,10796747.90753216,1,4.218477359392665,65.78150864060842,548.6177820626742,1,6.435516473857206e-05,0.737190093716193,0.19330941407638572,0.06950049220742123,200.0,92.08150864060842,-209.98152264060732,-1.4,-1.0,-11.2,0.0,0.0,-29.5,-9.0,-3.5,-6.1,-5.5,-14.9
499,10796747.90753216,2,4.218477359392665,65.78150864060842,548.6177820626742,1,6.435516473857206e-05,0.7376822904363144,0.19293206026170953,0.06938564930197602,200.0,92.08150864060842,-209.98152264060732,-1.4,-1.0,-11.2,0.0,0.0,-29.5,-9.0,-3.5,-6.1,-5.5,-14.9
500,10796747.907532152,3,4.2184773592657905,65.78150864073528,548.6177820637322,1,6.435522151377881e-05,0.7381405708236293,0.19257983010384983,0.06927959907252099,200.0,92.08150864073528,-209.9815226407342,-1.4,-1.0,-11.2,0.0,0.0,-29.5,-9.0,-3.5,-6.1,-5.5,-14.9
501,10796747.907532148,4,4.218477359326073,65.78150864067499,548.6177820632294,1,6.435519453589221e-05,0.7387426839352491,0.19212351277473766,0.06913380329001327,200.0,92.08150864067498,-209.98152264067392,-1.4,-1.0,-11.2,0.0,0.0,-29.5,-9.0,-3.5,-6.1,-5.5,-14.9
502,10796747.907532148,5,4.218477359326073,65.78150864067499,548.6177820632294,1,6.435519453589221e-05,0.7394019443289713,0.19162346053480647,0.0689745951362222,200.0,92.08150864067498,-209.98152264067392,-1.4,-1.0,-11.2,0.0,0.0,-29.5,-9.0,-3.5,-6.1,-5.5,-14.9
503,10796747.907532148,6,4.218477359326073,65.78150864067499,548.6177820632294,1,6.435519453589221e-05,0.740034058475283,0.1911489073488105,0.06881703417590652,200.0,92.08150864067498,-209.98152264067392,-1.4,-1.0,-11.2,0.0,0.0,-29.5,-9.0,-3.5,-6.1,-5.5,-14.9
504,10796747.907532148,7,4.218477359326073,65.78150864067499,548.6177820632294,1,6.435519453589221e-05,0.7406217401749071,0.1907060605654967,0.06867219925959629,200.0,92.08150864067498,-209.98152264067392,-1.4,-1.0,-11.2,0.0,0.0,-29.5,-9.0,-3.5,-6.1,-5.5,-14.9
505,10796747.907532148,8,4.218477359326073,65.78150864067499,548.6177820632294,1,6.435519453589221e-05,0.7411821366034663,0.19028768152033235,0.06853018187620136,200.0,92.08150864067498,-209.98152264067392,-1.4,-1.0,-11.2,0.0,0.0,-29.5,-9.0,-3.5,-6.1,-5.5,-14.9
506,10796747.907532126,9,4.218477358467226,65.78150864153372,548.6177820703912,1,6.43555788769845e-05,0.7417146099867211,0.18988907147766995,0.06839631853560893,200.0,92.08150864153372,-209.98152264153276,-1.4,-1.0,-11.2,0.0,0.0,-29.5,-9.0,-3.5,-6.1,-5.5,-14.9
507,10796747.907531984,10,4.218477355526062,65.78150864447433,548.6177820949158,1,6.435689502950481e-05,0.7424628807939053,0.18933209914462756,0.06820502006146711,200.0,92.08150864447433,-209.98152264447393,-1.4,-1.0,-11.2,0.0,0.0,-29.5,-9.0,-3.5,-6.1,-5.5,-14.9
508,10796747.907531943,11,4.21847735310223,65.7815086468978,548.6177821151277,1,6.435797969288615e-05,0.7436896764219622,0.1884297104171141,0.06788061316092384,200.0,92.0815086468978,-209.98152264689776,-1.4,-1.0,-11.2,0.0,0.0,-29.5,-9.0,-3.5,-6.1,-5.5,-14.9
509,10796747.907531943,12,4.21847735310223,65.7815086468978,548.6177821151277,1,6.435797969288615e-05,0.7449825513143862,0.18747621014339466,0.0675412385422192,200.0,92.0815086468978,-209.98152264689776,-1.4,-1.0,-11.2,0.0,0.0,-29.5,-9.0,-3.5,-6.1,-5.5,-14.9
510,10796747.907531943,13,4.21847735310223,65.7815086468978,548.6177821151277,1,6.435797969288615e-05,0.7462058004304435,0.18657598296197378,0.06721821660758276,200.0,92.0815086468978,-209.98152264689776,-1.4,-1.0,-11.2,0.0,0.0,-29.5,-9.0,-3.5,-6.1,-5.5,-14.9
511,10796747.907531943,14,4.21847735310223,65.7815086468978,548.6177821151277,1,6.435797969288615e-05,0.7473680235666091,0.18571966660856626,0.06691230982482464,200.0,92.0815086468978,-209.98152264689776,-1.4,-1.0,-11.2,0.0,0.0,-29.5,-9.0,-3.5,-6.1,-5.5,-14.9
512,10796747.907531943,15,4.21847735310223,65.7815086468978,548.6177821151277,1,6.435797969288615e-05,0.7484756955857023,0.18490170389576438,0.06662260051853333,200.0,92.0815086468978,-209.98152264689776,-1.4,-1.0,-11.2,0.0,0.0,-29.5,-9.0,-3.5,-6.1,-5.5,-14.9
513,10796747.907531943,16,4.21847735310223,65.7815086468978,548.6177821151277,1,6.435797969288615e-05,0.7495262942824068,0.18412201518021926,0.06635169053737397,200.0,92.0815086468978,-209.98152264689776,-1.4,-1.0,-11.2,0.0,0.0,-29.5,-9.0,-3.5,-6.1,-5.5,-14.9
514,10796747.907531943,17,4.21847735310223,65.7815086468978,548.6177821151277,1,6.435797969288615e-05,0.7505176699910548,0.1833869367791988,0.06609539322974639,200.0,92.0815086468978,-209.98152264689776,-1.4,-1.0,-11.2,0.0,0.0,-29.5,-9.0,-3.5,-6.1,-5.5,-14.9
515,10796747.907531932,18,4.218477353580596,65.78150864641944,548.617782111138,1,6.435776562057072e-05,0.7514596174435128,0.18268752509245392,0.06585285746403341,200.0,92.08150864641944,-209.9815226464194,-1.4,-1.0,-11.2,0.0,0.0,-29.5,-9.0,-3.5,-6.1,-5.5,-14.9
516,10796747.90753192,19,4.218477353747772,65.78150864625226,548.6177821097439,1,6.435769080326281e-05,0.7524241024401499,0.18197259800986448,0.06560329954998564,200.0,92.08150864625226,-209.98152264625222,-1.4,-1.0,-11.2,0.0,0.0,-29.5,-9.0,-3.5,-6.1,-5.5,-14.9
517,10796747.90753191,20,4.218477353841024,65.781508646159,548.617782108966,1,6.435764906882468e-05,0.7534819214622884,0.18118723803325623,0.06533084050445531,200.0,92.081508646159,-209.98152264615896,-1.4,-1.0,-11.2,0.0,0.0,-29.5,-9.0,-3.5,-6.1,-5.5,-14.9
518,10796747.90753191,21,4.218477353841024,65.781508646159,548.617782108966,1,6.435764906882468e-05,0.7545522223461916,0.18039100233019575,0.06505677532361276,200.0,92.081508646159,-209.98152264615896,-1.4,-1.0,-11.2,0.0,0.0,-29.5,-9.0,-3.5,-6.1,-5.5,-14.9
519,10796747.90753191,22,4.218477353841024,65.781508646159,548.617782108966,1,6.435764906882468e-05,0.7555726256036331,0.17963494254809334,0.06479243184827362,200.0,92.081508646159,-209.98152264615896,-1.4,-1.0,-11.2,0.0,0.0,-29.5,-9.0,-3.5,-6.1,-5.5,-14.9
520,10796747.90753191,23,4.218477353841024,65.781508646159,548.617782108966,1,6.435764906882468e-05,0.7565405819381948,0.17892037330023505,0.0645390447615702,200.0,92.081508646159,-209.98152264615896,-1.4,-1.0,-11.2,0.0,0.0,-29.5,-9.0,-3.5,-6.1,-5.5,-14.9
521,10796747.907531902,24,4.218477353834743,65.78150864616526,548.6177821090182,1,6.435765187688958e-05,0.7574453150425119,0.1782535593111417,0.06430112564634644,200.0,92.08150864616526,-209.98152264616525,-1.4,-1.0,-11.2,0.0,0.0,-29.5,-9.0,-3.5,-6.1,-5.5,-14.9
522,10796747.907531902,25,4.218477353834743,65.78150864616526,548.6177821090182,1,6.435765187688958e-05,0.7583595671840285,0.17757859054597444,0.064061842269997,200.0,92.08150864616526,-209.98152264616525,-1.4,-1.0,-11.2,0.0,0.0,-29.5,-9.0,-3.5,-6.1,-5.5,-14.9
523,10796747.907531902,26,4.218477353834743,65.78150864616526,548.6177821090182,1,6.435765187688958e-05,0.7592267380492332,0.17694098998223143,0.0638322719685353,200.0,92.08150864616526,-209.98152264616525,-1.4,-1.0,-11.2,0.0,0.0,-29.5,-9.0,-3.5,-6.1,-5.5,-14.9
524,10796747.907531898,27,4.218477353992881,65.78150864600714,548.6177821076994,1,6.43575811068331e-05,0.7600524701739929,0.17633565112107494,0.06361187870493223,200.0,92.08150864600714,-209.9815226460071,-1.4,-1.0,-11.2,0.0,0.0,-29.5,-9.0,-3.5,-6.1,-5.5,-14.9
525,10796747.907531898,28,4.218477353992881,65.78150864600714,548.6177821076994,1,6.43575811068331e-05,0.7608993349845021,0.17571456021593584,0.06338610479956205,200.0,92.08150864600714,-209.9815226460071,-1.4,-1.0,-11.2,0.0,0.0,-29.5,-9.0,-3.5,-6.1,-5.5,-14.9
526,10796747.907531898,29,4.218477353992881,65.78150864600714,548.6177821076994,1,6.43575811068331e-05,0.7617007750182052,0.1751266495571906,0.06317257542460414,200.0,92.08150864600714,-209.9815226460071,-1.4,-1.0,-11.2,0.0,0.0,-29.5,-9.0,-3.5,-6.1,-5.5,-14.9
527,10796747.907531898,30,4.218477353992881,65.78150864600714,548.6177821076994,1,6.43575811068331e-05,0.7624623767254395,0.17456857813787605,0.06296904513668448,200.0,92.08150864600714,-209.9815226460071,-1.4,-1.0,-11.2,0.0,0.0,-29.5,-9.0,-3.5,-6.1,-5.5,-14.9
528,10796747.907531898,31,4.218477353992881,65.78150864600714,548.6177821076994,1,6.43575811068331e-05,0.7631893344193932,0.1740341475703681,0.06277651801023879,200.0,92.08150864600714,-209.9815226460071,-1.4,-1.0,-11.2,0.0,0.0,-29.5,-9.0,-3.5,-6.1,-5.5,-14.9
529,10796747.907531898,32,4.218477353992881,65.78150864600714,548.6177821076994,1,6.43575811068331e-05,0.7638801223117001,0.17352537399486936,0.06259450369343053,200.0,92.08150864600714,-209.9815226460071,-1.4,-1.0,-11.2,0.0,0.0,-29.5,-9.0,-3.5,-6.1,-5.5,-14.9
530,10796747.907531898,33,4.218477353992881,65.78150864600714,548.6177821076994,1,6.43575811068331e-05,0.7645415452192004,0.17304074881129028,0.062417705969509386,200.0,92.08150864600714,-209.9815226460071,-1.4,-1.0,-11.2,0.0,0.0,-29.5,-9.0,-3.5,-6.1,-5.5,-14.9
531,10796747.90753188,34,4.218477354452233,65.78150864554777,548.6177821038684,1,6.435737553829312e-05,0.7651684505391606,0.1725808830266708,0.06225066643416856,200.0,92.08150864554777,-209.98152264554776,-1.4,-1.0,-11.2,0.0,0.0,-29.5,-9.0,-3.5,-6.1,-5.5,-14.9
532,10796747.90753188,35,4.218477354452233,65.78150864554777,548.6177821038684,1,6.435737553829312e-05,0.7658849244738575,0.1720561803872265,0.062058895138916007,200.0,92.08150864554777,-209.98152264554776,-1.4,-1.0,-11.2,0.0,0.0,-29.5,-9.0,-3.5,-6.1,-5.5,-14.9
533,10796747.907531876,36,4.218477354838939,65.78150864516108,548.6177821006434,1,6.435720248418875e-05,0.7665610098853692,0.17156284226290608,0.06187614785172463,200.0,92.08150864516108,-209.98152264516105,-1.4,-1.0,-11.2,0.0,0.0,-29.5,-9.0,-3.5,-6.1,-5.5,-14.9
534,10796747.907531854,37,4.218477355410954,65.78150864458905,548.6177820958726,1,6.435694649553625e-05,0.7672621104087594,0.17105418941712675,0.06168370017411394,200.0,92.08150864458905,-209.98152264458903,-1.4,-1.0,-11.2,0.0,0.0,-29.5,-9.0,-3.5,-6.1,-5.5,-14.9
535,10796747.907531839,38,4.2184773556917605,65.78150864430825,548.6177820935308,1,6.435682082610583e-05,0.768111000542355,0.17043929458084206,0.0614497048768029,200.0,92.08150864430824,-209.98152264430823,-1.4,-1.0,-11.2,0.0,0.0,-29.5,-9.0,-3.5,-6.1,-5.5,-14.9
536,10796747.907531802,39,4.218477357112846,65.78150864288716,548.6177820816789,1,6.435618486193562e-05,0.7689765420343403,0.1698082025319412,0.061215255433718516,200.0,92.08150864288716,-209.98152264288714,-1.4,-1.0,-11.2,0.0,0.0,-29.5,-9.0,-3.5,-6.1,-5.5,-14.9
537,10796747.907531783,40,4.218477358504316,65.78150864149569,548.6177820700741,1,6.435556215365067e-05,0.7698604949023777,0.16916494277242128,0.06097456232520094,200.0,92.08150864149569,-209.98152264149567,-1.4,-1.0,-11.2,0.0,0.0,-29.5,-9.0,-3.5,-6.1,-5.5,-14.9
538,10796747.907531777,41,4.218477359245782,65.78150864075421,548.6177820638901,1,6.435523033587742e-05,0.7708167018802797,0.16847054461437552,0.0607127535053448,200.0,92.08150864075421,-209.9815226407542,-1.4,-1.0,-11.2,0.0,0.0,-29.5,-9.0,-3.5,-6.1,-5.5,-14.9
539,10796747.907531777,42,4.218477359245782,65.78150864075421,548.6177820638901,1,6.435523033587742e-05,0.7717816689159102,0.1677687284776537,0.06044960260643617,200.0,92.08150864075421,-209.9815226407542,-1.4,-1.0,-11.2,0.0,0.0,-29.5,-9.0,-3.5,-6.1,-5.5,-14.9
540,10796747.907531777,43,4.218477359245782,65.78150864075421,548.6177820638901,1,6.435523033587742e-05,0.7726924940774539,0.1671069348315457,0.06020057109100047,200.0,92.08150864075421,-209.9815226407542,-1.4,-1.0,-11.2,0.0,0.0,-29.5,-9.0,-3.5,-6.1,-5.5,-14.9
541,10796747.907531777,44,4.218477359245782,65.78150864075421,548.6177820638901,1,6.435523033587742e-05,0.7735549144615834,0.16647877276855128,0.05996631276986533,200.0,92.08150864075421,-209.9815226407542,-1.4,-1.0,-11.2,0.0,0.0,-29.5,-9.0,-3.5,-6.1,-5.5,-14.9
542,10796747.90753177,45,4.2184773592040585,65.78150864079595,548.6177820642381,1,6.435524900325617e-05,0.774371429205122,0.16588535028992665,0.0597432205049513,200.0,92.08150864079595,-209.98152264079593,-1.4,-1.0,-11.2,0.0,0.0,-29.5,-9.0,-3.5,-6.1,-5.5,-14.9
543,10796747.90753177,46,4.2184773592040585,65.78150864079595,548.6177820642381,1,6.435524900325617e-05,0.7752031784970697,0.1652812543090692,0.05951556719386111,200.0,92.08150864079595,-209.98152264079593,-1.4,-1.0,-11.2,0.0,0.0,-29.5,-9.0,-3.5,-6.1,-5.5,-14.9
544,10796747.907531768,47,4.218477359744753,65.78150864025525,548.6177820597288,1,6.435500703219076e-05,0.7759905809517498,0.16471066107963553,0.05929875796861474,200.0,92.08150864025525,-209.98152264025524,-1.4,-1.0,-11.2,0.0,0.0,-29.5,-9.0,-3.5,-6.1,-5.5,-14.9
545,10796747.90753176,48,4.21847735977579,65.78150864022422,548.61778205947,1,6.43549931396592e-05,0.7767895436430103,0.16413169147290668,0.05907876488408301,200.0,92.08150864022421,-209.9815226402242,-1.4,-1.0,-11.2,0.0,0.0,-29.5,-9.0,-3.5,-6.1,-5.5,-14.9
546,10796747.90753176,49,4.21847735977579,65.78150864022422,548.61778205947,1,6.43549931396592e-05,0.7775944505399399,0.16354954452809842,0.058856004931961636,200.0,92.08150864022421,-209.9815226402242,-1.4,-1.0,-11.2,0.0,0.0,-29.5,-9.0,-3.5,-6.1,-5.5,-14.9
547,10796747.907531759,0,4.218477360158346,65.78150863984165,548.6177820562793,1,6.435482193865028e-05,0.7783579089382924,0.16299827494423277,0.0586438161174748,200.0,92.08150863984164,-209.98152263984164,-1.4,-1.0,-11.2,0.0,0.0,-29.5,-9.0,-3.5,-6.1,-5.5,-14.9
548,10796747.907531759,1,4.218477360158346,65.78150863984165,548.6177820562793,1,6.435482193865028e-05,0.7791360742185757,0.16243686384191566,0.058427061939508695,200.0,92.08150863984164,-209.98152263984164,-1.4,-1.0,-11.2,0.0,0.0,-29.5,-9.0,-3.5,-6.1,-5.5,-14.9
549,10796747.907531759,2,4.218477360158346,65.78150863984165,548.6177820562793,1,6.435482193865028e-05,0.7798682010939783,0.16191107234903887,0.05822072655698284,200.0,92.08150863984164,-209.98152263984164,-1.4,-1.0,-11.2,0.0,0.0,-29.5,-9.0,-3.5,-6.1,-5.5,-14.9
550,10796747.907531759,3,4.218477360158346,65.78150863984165,548.6177820562793,1,6.435482193865028e-05,0.7805535419602692,0.1614165736714095,0.05802988436832135,200.0,92.08150863984164,-209.98152263984164,-1.4,-1.0,-11.2,0.0,0.0,-29.5,-9.0,-3.5,-6.1,-5.5,-14.9
551,10796747.907531759,4,4.218477360158346,65.78150863984165,548.6177820562793,1,6.435482193865028e-05,0.7812034063620552,0.16094581278902645,0.05785078084891842,200.0,92.08150863984164,-209.98152263984164,-1.4,-1.0,-11.2,0.0,0.0,-29.5,-9.0,-3.5,-6.1,-5.5,-14.9
552,10796747.907531759,5,4.218477360158346,65.78150863984165,548.6177820562793,1,6.435482193865028e-05,0.7818166116396171,0.1605004945310599,0.05768289382932293,200.0,92.08150863984164,-209.98152263984164,-1.4,-1.0,-11.2,0.0,0.0,-29.5,-9.0,-3.5,-6.1,-5.5,-14.9
553,10796747.907531759,6,4.218477360158346,65.78150863984165,548.6177820562793,1,6.435482193865028e-05,0.7823979560092512,0.16007645565518963,0.05752558833555917,200.0,92.08150863984164,-209.98152263984164,-1.4,-1.0,-11.2,0.0,0.0,-29.5,-9.0,-3.5,-6.1,-5.5,-14.9
554,10796747.907531759,7,4.218477360158346,65.78150863984165,548.6177820562793,1,6.435482193865028e-05,0.782944702667669,0.15968100431523882,0.057374293017092126,200.0,92.08150863984164,-209.98152263984164,-1.4,-1.0,-11.2,0.0,0.0,-29.5,-9.0,-3.5,-6.1,-5.5,-14.9
555,10796747.907531759,8,4.218477360158346,65.78150863984165,548.6177820562793,1,6.435482193865028e-05,0.783458537269609,0.15930999572460494,0.057231467005786095,200.0,92.08150863984164,-209.98152263984164,-1.4,-1.0,-11.2,0.0,0.0,-29.5,-9.0,-3.5,-6.1,-5.5,-14.9
556,10796747.907531759,9,4.218477360158346,65.78150863984165,548.6177820562793,1,6.435482193865028e-05,0.7839455377824639,0.15895788088509746,0.0570965813324386,200.0,92.08150863984164,-209.98152263984164,-1.4,-1.0,-11.2,0.0,0.0,-29.5,-9.0,-3.5,-6.1,-5.5,-14.9
557,10796747.907531759,10,4.218477360158346,65.78150863984165,548.6177820562793,1,6.435482193865028e-05,0.7843996998772765,0.15863089353283236,0.056969406589891164,200.0,92.08150863984164,-209.98152263984164,-1.4,-1.0,-11.2,0.0,0.0,-29.5,-9.0,-3.5,-6.1,-5.5,-14.9
558,10796747.907531759,11,4.218477360158346,65.78150863984165,548.6177820562793,1,6.435482193865028e-05,0.7848197194647757,0.15832928704596705,0.056850993489257366,200.0,92.08150863984164,-209.98152263984164,-1.4,-1.0,-11.2,0.0,0.0,-29.5,-9.0,-3.5,-6.1,-5.5,-14.9
559,10796747.907531759,12,4.218477360158346,65.78150863984165,548.6177820562793,1,6.435482193865028e-05,0.785217581605816,0.1580403818244411,0.05674203656974276,200.0,92.08150863984164,-209.98152263984164,-1.4,-1.0,-11.2,0.0,0.0,-29.5,-9.0,-3.5,-6.1,-5.5,-14.9
560,10796747.907531759,13,4.218477360158346,65.78150863984165,548.6177820562793,1,6.435482193865028e-05,0.7855870957685152,0.15777205213626894,0.05664085209521591,200.0,92.08150863984164,-209.98152263984164,-1.4,-1.0,-11.2,0.0,0.0,-29.5,-9.0,-3.5,-6.1,-5.5,-14.9
561,10796747.907531759,14,4.218477360158346,65.78150863984165,548.6177820562793,1,6.435482193865028e-05,0.7859370807393795,0.15751878524652427,0.05654413401409628,200.0,92.08150863984164,-209.98152263984164,-1.4,-1.0,-11.2,0.0,0.0,-29.5,-9.0,-3.5,-6.1,-5.5,-14.9
562,10796747.907531757,15,4.2184773603951555,65.78150863960484,548.6177820543044,1,6.435471595978015e-05,0.7862685159955407,0.15727982267733168,0.05645166132712756,200.0,92.08150863960483,-209.98152263960483,-1.4,-1.0,-11.2,0.0,0.0,-29.5,-9.0,-3.5,-6.1,-5.5,-14.9
563,10796747.907531757,16,4.2184773603951555,65.78150863960484,548.6177820543044,1,6.435471595978015e-05,0.7866346201822413,0.157013933551486,0.05635144626627267,200.0,92.08150863960483,-209.98152263960483,-1.4,-1.0,-11.2,0.0,0.0,-29.5,-9.0,-3.5,-6.1,-5.5,-14.9
564,10796747.907531757,17,4.2184773603951555,65.78150863960484,548.6177820543044,1,6.435471595978015e-05,0.7869726148189365,0.15676881342770724,0.0562585717533563,200.0,92.08150863960483,-209.98152263960483,-1.4,-1.0,-11.2,0.0,0.0,-29.5,-9.0,-3.5,-6.1,-5.5,-14.9
565,10796747.907531757,18,4.2184773603951555,65.78150863960484,548.6177820543044,1,6.435471595978015e-05,0.7872897348038814,0.15653773297942788,0.05617253221669071,200.0,92.08150863960483,-209.98152263960483,-1.4,-1.0,-11.2,0.0,0.0,-29.5,-9.0,-3.5,-6.1,-5.5,-14.9
566,10796747.907531757,19,4.2184773603951555,65.78150863960484,548.6177820543044,1,6.435471595978015e-05,0.7875870646954337,0.15632131313603678,0.056091622168529566,200.0,92.08150863960483,-209.98152263960483,-1.4,-1.0,-11.2,0.0,0.0,-29.5,-9.0,-3.5,-6.1,-5.5,-14.9
567,10796747.907531755,20,4.218477360640378,65.78150863935961,548.6177820522591,1,6.435460621787569e-05,0.7878641290952179,0.15611889798396014,0.056016972920822,200.0,92.08150863935961,-209.9815226393596,-1.4,-1.0,-11.2,0.0,0.0,-29.5,-9.0,-3.5,-6.1,-5.5,-14.9
568,10796747.907531753,21,4.218477360610933,65.78150863938906,548.6177820525047,1,6.435461939418019e-05,0.7881753045203823,0.15589085995533555,0.05593383552428221,200.0,92.08150863938906,-209.98152263938906,-1.4,-1.0,-11.2,0.0,0.0,-29.5,-9.0,-3.5,-6.1,-5.5,-14.9
569,10796747.907531753,22,4.218477360610933,65.78150863938906,548.6177820525047,1,6.435461939418019e-05,0.7885097135790998,0.15564463432080486,0.055845652100095386,200.0,92.08150863938906,-209.98152263938906,-1.4,-1.0,-11.2,0.0,0.0,-29.5,-9.0,-3.5,-6.1,-5.5,-14.9
570,10796747.907531753,23,4.218477360610933,65.78150863938906,548.6177820525047,1,6.435461939418019e-05,0.7888235965460478,0.1554150677170408,0.05576133573691146,200.0,92.08150863938906,-209.98152263938906,-1.4,-1.0,-11.2,0.0,0.0,-29.5,-9.0,-3.5,-6.1,-5.5,-14.9
571,10796747.907531753,24,4.218477360610933,65.78150863938906,548.6177820525047,1,6.435461939418019e-05,0.7891192967478109,0.1551946699278964,0.055686033324292804,200.0,92.08150863938906,-209.98152263938906,-1.4,-1.0,-11.2,0.0,0.0,-29.5,-9.0,-3.5,-6.1,-5.5,-14.9
572,10796747.907531753,25,4.218477360610933,65.78150863938906,548.6177820525047,1,6.435461939418019e-05,0.7893992188174221,0.1549842133881622,0.05561656779441574,200.0,92.08150863938906,-209.98152263938906,-1.4,-1.0,-11.2,0.0,0.0,-29.5,-9.0,-3.5,-6.1,-5.5,-14.9
573,10796747.907531753,26,4.218477360610933,65.78150863938906,548.6177820525047,1,6.435461939418019e-05,0.7896728410897704,0.15478008173452745,0.05554707717570208,200.0,92.08150863938906,-209.98152263938906,-1.4,-1.0,-11.2,0.0,0.0,-29.5,-9.0,-3.5,-6.1,-5.5,-14.9
574,10796747.907531753,27,4.218477360610933,65.78150863938906,548.6177820525047,1,6.435461939418019e-05,0.7899290062172121,0.15459047691440103,0.05548051686838684,200.0,92.08150863938906,-209.98152263938906,-1.4,-1.0,-11.2,0.0,0.0,-29.5,-9.0,-3.5,-6.1,-5.5,-14.9
575,10796747.907531753,28,4.218477360610933,65.78150863938906,548.6177820525047,1,6.435461939418019e-05,0.7901643012014086,0.15441752407171985,0.05541817472687161,200.0,92.08150863938906,-209.98152263938906,-1.4,-1.0,-11.2,0.0,0.0,-29.5,-9.0,-3.5,-6.1,-5.5,-14.9
576,10796747.907531753,29,4.218477360610933,65.78150863938906,548.6177820525047,1,6.435461939418019e-05,0.7903840498342942,0.15425621150237837,0.05535973866332748,200.0,92.08150863938906,-209.98152263938906,-1.4,-1.0,-11.2,0.0,0.0,-29.5,-9.0,-3.5,-6.1,-5.5,-14.9
577,10796747.907531753,30,4.218477360610933,65.78150863938906,548.6177820525047,1,6.435461939418019e-05,0.7905876517494687,0.1541086362435845,0.05530371200694691,200.0,92.08150863938906,-209.98152263938906,-1.4,-1.0,-11.2,0.0,0.0,-29.5,-9.0,-3.5,-6.1,-5.5,-14.9
578,10796747.90753175,31,4.218477360568073,65.78150863943192,548.6177820528621,1,6.435463857314971e-05,0.7907787613353776,0.15397132736279112,0.05524991130183122,200.0,92.08150863943192,-209.98152263943192,-1.4,-1.0,-11.2,0.0,0.0,-29.5,-9.0,-3.5,-6.1,-5.5,-14.9
579,10796747.90753175,32,4.218477360568073,65.78150863943192,548.6177820528621,1,6.435463857314971e-05,0.7910089948230508,0.15380689905512734,0.055184106121821855,200.0,92.08150863943192,-209.98152263943192,-1.4,-1.0,-11.2,0.0,0.0,-29.5,-9.0,-3.5,-6.1,-5.5,-14.9
580,10796747.90753175,33,4.218477360568073,65.78150863943192,548.6177820528621,1,6.435463857314971e-05,0.7912268380492374,0.15365217066935344,0.0551209912814092,200.0,92.08150863943192,-209.98152263943192,-1.4,-1.0,-11.2,0.0,0.0,-29.5,-9.0,-3.5,-6.1,-5.5,-14.9
581,10796747.90753175,34,4.218477360568073,65.78150863943192,548.6177820528621,1,6.435463857314971e-05,0.7914230121497201,0.15351370042749363,0.055063287422786336,200.0,92.08150863943192,-209.98152263943192,-1.4,-1.0,-11.2,0.0,0.0,-29.5,-9.0,-3.5,-6.1,-5.5,-14.9
582,10796747.90753175,35,4.218477360568073,65.78150863943192,548.6177820528621,1,6.435463857314971e-05,0.7916056832155223,0.1533850725879424,0.05500924419653527,200.0,92.08150863943192,-209.98152263943192,-1.4,-1.0,-11.2,0.0,0.0,-29.5,-9.0,-3.5,-6.1,-5.5,-14.9
583,10796747.90753175,36,4.218477360568073,65.78150863943192,548.6177820528621,1,6.435463857314971e-05,0.7917825049705641,0.1532563520127186,0.05496114301671728,200.0,92.08150863943192,-209.98152263943192,-1.4,-1.0,-11.2,0.0,0.0,-29.5,-9.0,-3.5,-6.1,-5.5,-14.9
584,10796747.90753175,37,4.218477360568073,65.78150863943192,548.6177820528621,1,6.435463857314971e-05,0.7919439747741895,0.15313843287366838,0.05491759235214203,200.0,92.08150863943192,-209.98152263943192,-1.4,-1.0,-11.2,0.0,0.0,-29.5,-9.0,-3.5,-6.1,-5.5,-14.9
585,10796747.90753175,38,4.218477360568073,65.78150863943192,548.6177820528621,1,6.435463857314971e-05,0.7920909318855517,0.15303333352938686,0.05487573458506142,200.0,92.08150863943192,-209.98152263943192,-1.4,-1.0,-11.2,0.0,0.0,-29.5,-9.0,-3.5,-6.1,-5.5,-14.9
586,10796747.90753175,39,4.218477360568073,65.78150863943192,548.6177820528621,1,6.435463857314971e-05,0.7922240903282689,0.15293911407210206,0.05483679559962901,200.0,92.08150863943192,-209.98152263943192,-1.4,-1.0,-11.2,0.0,0.0,-29.5,-9.0,-3.5,-6.1,-5.5,-14.9
587,10796747.90753175,40,4.218477360568073,65.78150863943192,548.6177820528621,1,6.435463857314971e-05,0.7923483983718413,0.15285368393129264,0.054797917696866066,200.0,92.08150863943192,-209.98152263943192,-1.4,-1.0,-11.2,0.0,0.0,-29.5,-9.0,-3.5,-6.1,-5.5,-14.9
588,10796747.90753175,41,4.218477360568073,65.78150863943192,548.6177820528621,1,6.435463857314971e-05,0.7924685103371634,0.15277377840683817,0.054757711255998404,200.0,92.08150863943192,-209.98152263943192,-1.4,-1.0,-11.2,0.0,0.0,-29.5,-9.0,-3.5,-6.1,-5.5,-14.9
589,10796747.90753175,42,4.218477360568073,65.78150863943192,548.6177820528621,1,6.435463857314971e-05,0.7925803847632642,0.15269936771994963,0.05472024751678622,200.0,92.08150863943192,-209.98152263943192,-1.4,-1.0,-11.2,0.0,0.0,-29.5,-9.0,-3.5,-6.1,-5.5,-14.9
590,10796747.90753175,43,4.218477360568073,65.78150863943192,548.6177820528621,1,6.435463857314971e-05,0.7926732542742647,0.15263851218404512,0.05468823354169025,200.0,92.08150863943192,-209.98152263943192,-1.4,-1.0,-11.2,0.0,0.0,-29.5,-9.0,-3.5,-6.1,-5.5,-14.9
591,10796747.90753175,44,4.218477360568073,65.78150863943192,548.6177820528621,1,6.435463857314971e-05,0.7927564513210712,0.1525823420962751,0.054661206582653686,200.0,92.08150863943192,-209.98152263943192,-1.4,-1.0,-11.2,0.0,0.0,-29.5,-9.0,-3.5,-6.1,-5.5,-14.9
592,10796747.90753175,45,4.218477360568073,65.78150863943192,548.6177820528621,1,6.435463857314971e-05,0.7928388309973039,0.15252374212748065,0.0546374268752154,200.0,92.08150863943192,-209.98152263943192,-1.4,-1.0,-11.2,0.0,0.0,-29.5,-9.0,-3.5,-6.1,-5.5,-14.9
593,10796747.90753175,46,4.218477360568073,65.78150863943192,548.6177820528621,1,6.435463857314971e-05,0.7929051363040932,0.1524764954524074,0.0546183682434994,200.0,92.08150863943192,-209.98152263943192,-1.4,-1.0,-11.2,0.0,0.0,-29.5,-9.0,-3.5,-6.1,-5.5,-14.9
594,10796747.90753175,47,4.218477360568073,65.78150863943192,548.6177820528621,1,6.435463857314971e-05,0.792963180421454,0.15243578609865222,0.05460103347989386,200.0,92.08150863943192,-209.98152263943192,-1.4,-1.0,-11.2,0.0,0.0,-29.5,-9.0,-3.5,-6.1,-5.5,-14.9
595,10796747.90753175,48,4.218477360568073,65.78150863943192,548.6177820528621,1,6.435463857314971e-05,0.7930092536783657,0.1524066199149893,0.05458412640664503,200.0,92.08150863943192,-209.98152263943192,-1.4,-1.0,-11.2,0.0,0.0,-29.5,-9.0,-3.5,-6.1,-5.5,-14.9
596,10796747.90753175,49,4.218477360568073,65.78150863943192,548.6177820528621,1,6.435463857314971e-05,0.7930439057749487,0.1523845770044103,0.05457151722064101,200.0,92.08150863943192,-209.98152263943192,-1.4,-1.0,-11.2,0.0,0.0,-29.5,-9.0,-3.5,-6.1,-5.5,-14.9
597,10796747.90753175,0,4.218477360568073,65.78150863943192,548.6177820528621,1,6.435463857314971e-05,0.7930733339343795,0.15236769335280387,0.05455897271281664,200.0,92.08150863943192,-209.98152263943192,-1.4,-1.0,-11.2,0.0,0.0,-29.5,-9.0,-3.5,-6.1,-5.5,-14.9
598,10796747.90753175,1,4.218477360568073,65.78150863943192,548.6177820528621,1,6.435463857314971e-05,0.7931005066579073,0.1523491758280471,0.05455031751404563,200.0,92.08150863943192,-209.98152263943192,-1.4,-1.0,-11.2,0.0,0.0,-29.5,-9.0,-3.5,-6.1,-5.5,-14.9
599,10796747.90753175,2,4.218477360568073,65.78150863943192,548.6177820528621,1,6.435463857314971e-05,0.7931173239527644,0.15234103152397202,0.05454164452326361,200.0,92.08150863943192,-209.98152263943192,-1.4,-1.0,-11.2,0.0,0.0,-29.5,-9.0,-3.5,-6.1,-5.5,-14.9
600,10796747.90753175,3,4.218477360568073,65.78150863943192,548.6177820528621,1,6.435463857314971e-05,0.7931243170291802,0.15234272812657376,0.05453295484424612,200.0,92.08150863943192,-209.98152263943192,-1.4,-1.0,-11.2,0.0,0.0,-29.5,-9.0,-3.5,-6.1,-5.5,-14.9
601,10796747.90753175,4,4.218477360568073,65.78150863943192,548.6177820528621,1,6.435463857314971e-05,0.7931261342778897,0.1523497038375269,0.05452416188458335,200.0,92.08150863943192,-209.98152263943192,-1.4,-1.0,-11.2,0.0,0.0,-29.5,-9.0,-3.5,-6.1,-5.5,-14.9
602,10796747.90753175,5,4.218477360568073,65.78150863943192,548.6177820528621,1,6.435463857314971e-05,0.7931258188348943,0.15236025320383834,0.054513927961267444,200.0,92.08150863943192,-209.98152263943192,-1.4,-1.0,-11.2,0.0,0.0,-29.5,-9.0,-3.5,-6.1,-5.5,-14.9
603,10796747.90753175,6,4.218477360568073,65.78150863943192,548.6177820528621,1,6.435463857314971e-05,0.7931179401397372,0.15237704438515143,0.054505015475111426,200.0,92.08150863943192,-209.98152263943192,-1.4,-1.0,-11.2,0.0,0.0,-29.5,-9.0,-3.5,-6.1,-5.5,-14.9
604,10796747.90753175,7,4.218477360568073,65.78150863943192,548.6177820528621,1,6.435463857314971e-05,0.7931111258233581,0.1523891241895494,0.054499749987092644,200.0,92.08150863943192,-209.98152263943192,-1.4,-1.0,-11.2,0.0,0.0,-29.5,-9.0,-3.5,-6.1,-5.5,-14.9
605,10796747.90753175,8,4.218477360568073,65.78150863943192,548.6177820528621,1,6.435463857314971e-05,0.7930956975913296,0.15240615446885428,0.05449814793981618,200.0,92.08150863943192,-209.98152263943192,-1.4,-1.0,-11.2,0.0,0.0,-29.5,-9.0,-3.5,-6.1,-5.5,-14.9
606,10796747.90753175,9,4.218477360568073,65.78150863943192,548.6177820528621,1,6.435463857314971e-05,0.7930762767528037,0.15242764241832166,0.05449608082887464,200.0,92.08150863943192,-209.98152263943192,-1.4,-1.0,-11.2,0.0,0.0,-29.5,-9.0,-3.5,-6.1,-5.5,-14.9
607,10796747.90753175,10,4.218477360568073,65.78150863943192,548.6177820528621,1,6.435463857314971e-05,0.793059898616415,0.15244410727272495,0.054495994110860105,200.0,92.08150863943192,-209.98152263943192,-1.4,-1.0,-11.2,0.0,0.0,-29.5,-9.0,-3.5,-6.1,-5.5,-14.9
608,10796747.90753175,11,4.218477360568073,65.78150863943192,548.6177820528621,1,6.435463857314971e-05,0.7930409281556753,0.15246117224800457,0.054497899596320204,200.0,92.08150863943192,-209.98152263943192,-1.4,-1.0,-11.2,0.0,0.0,-29.5,-9.0,-3.5,-6.1,-5.5,-14.9
609,10796747.90753175,12,4.218477360568073,65.78150863943192,548.6177820528621,1,6.435463857314971e-05,0.7930140864406708,0.15248794755363468,0.054497966005694544,200.0,92.08150863943192,-209.98152263943192,-1.4,-1.0,-11.2,0.0,0.0,-29.5,-9.0,-3.5,-6.1,-5.5,-14.9
610,10796747.90753175,13,4.218477360568073,65.78150863943192,548.6177820528621,1,6.435463857314971e-05,0.7929810864582247,0.15251753988147468,0.054501373660300605,200.0,92.08150863943192,-209.98152263943192,-1.4,-1.0,-11.2,0.0,0.0,-29.5,-9.0,-3.5,-6.1,-5.5,-14.9
611,10796747.90753175,14,4.218477360568073,65.78150863943192,548.6177820528621,1,6.435463857314971e-05,0.7929422692384939,0.15255105932447544,0.0545066714370307,200.0,92.08150863943192,-209.98152263943192,-1.4,-1.0,-11.2,0.0,0.0,-29.5,-9.0,-3.5,-6.1,-5.5,-14.9
612,10796747.90753175,15,4.218477360568073,65.78150863943192,548.6177820528621,1,6.435463857314971e-05,0.7928951947136076,0.15258970945896347,0.054515095827429014,200.0,92.08150863943192,-209.98152263943192,-1.4,-1.0,-11.2,0.0,0.0,-29.5,-9.0,-3.5,-6.1,-5.5,-14.9
613,10796747.90753175,16,4.218477360568073,65.78150863943192,548.6177820528621,1,6.435463857314971e-05,0.7928498633300738,0.15262512576998732,0.054525010899938914,200.0,92.08150863943192,-209.98152263943192,-1.4,-1.0,-11.2,0.0,0.0,-29.5,-9.0,-3.5,-6.1,-5.5,-14.9
614,10796747.90753175,17,4.218477360568073,65.78150863943192,548.6177820528621,1,6.435463857314971e-05,0.7928089483451316,0.15265732588172568,0.05453372577314274,200.0,92.08150863943192,-209.98152263943192,-1.4,-1.0,-11.2,0.0,0.0,-29.5,-9.0,-3.5,-6.1,-5.5,-14.9
615,10796747.90753175,18,4.218477360568073,65.78150863943192,548.6177820528621,1,6.435463857314971e-05,0.7927694858159506,0.1526878803487427,0.05454263383530662,200.0,92.08150863943192,-209.98152263943192,-1.4,-1.0,-11.2,0.0,0.0,-29.5,-9.0,-3.5,-6.1,-5.5,-14.9
616,10796747.90753175,19,4.218477360568073,65.78150863943192,548.6177820528621,1,6.435463857314971e-05,0.7927245810365052,0.15272100585586207,0.05455441310763275,200.0,92.08150863943192,-209.98152263943192,-1.4,-1.0,-11.2,0.0,0.0,-29.5,-9.0,-3.5,-6.1,-5.5,-14.9
617,10796747.90753175,20,4.218477360568073,65.78150863943192,548.6177820528621,1,6.435463857314971e-05,0.7926704920710661,0.15276306232862757,0.05456644560030633,200.0,92.08150863943192,-209.98152263943192,-1.4,-1.0,-11.2,0.0,0.0,-29.5,-9.0,-3.5,-6.1,-5.5,-14.9
618,10796747.90753175,21,4.218477360568073,65.78150863943192,548.6177820528621,1,6.435463857314971e-05,0.7926158361128477,0.15280561272970467,0.05457855115744764,200.0,92.08150863943192,-209.98152263943192,-1.4,-1.0,-11.2,0.0,0.0,-29.5,-9.0,-3.5,-6.1,-5.5,-14.9
619,10796747.90753175,22,4.218477360568073,65.78150863943192,548.6177820528621,1,6.435463857314971e-05,0.7925620390939201,0.15284980673641163,0.05458815416966831,200.0,92.08150863943192,-209.98152263943192,-1.4,-1.0,-11.2,0.0,0.0,-29.5,-9.0,-3.5,-6.1,-5.5,-14.9
620,10796747.90753175,23,4.218477360568073,65.78150863943192,548.6177820528621,1,6.435463857314971e-05,0.7925049844558332,0.15289827919865384,0.05459673634551297,200.0,92.08150863943192,-209.98152263943192,-1.4,-1.0,-11.2,0.0,0.0,-29.5,-9.0,-3.5,-6.1,-5.5,-14.9
621,10796747.90753175,24,4.218477360568073,65.78150863943192,548.6177820528621,1,6.435463857314971e-05,0.7924407607670004,0.1529522759844826,0.05460696324851701,200.0,92.08150863943192,-209.98152263943192,-1.4,-1.0,-11.2,0.0,0.0,-29.5,-9.0,-3.5,-6.1,-5.5,-14.9
622,10796747.90753175,25,4.218477360568073,65.78150863943192,548.6177820528621,1,6.435463857314971e-05,0.7923724519236687,0.15300885371872952,0.054618694357601784,200.0,92.08150863943192,-209.98152263943192,-1.4,-1.0,-11.2,0.0,0.0,-29.5,-9.0,-3.5,-6.1,-5.5,-14.9
623,10796747.90753175,26,4.218477360568073,65.78150863943192,548.6177820528621,1,6.435463857314971e-05,0.792308412185342,0.1530624285793606,0.05462915923529738,200.0,92.08150863943192,-209.98152263943192,-1.4,-1.0,-11.2,0.0,0.0,-29.5,-9.0,-3.5,-6.1,-5.5,-14.9
624,10796747.90753175,27,4.218477360568073,65.78150863943192,548.6177820528621,1,6.435463857314971e-05,0.7922429748907307,0.1531134378993563,0.05464358720991295,200.0,92.08150863943192,-209.98152263943192,-1.4,-1.0,-11.2,0.0,0.0,-29.5,-9.0,-3.5,-6.1,-5.5,-14.9
625,10796747.90753175,28,4.218477360568073,65.78150863943192,548.6177820528621,1,6.435463857314971e-05,0.7921816516086958,0.15316047540473143,0.05465787298657277,200.0,92.08150863943192,-209.98152263943192,-1.4,-1.0,-11.2,0.0,0.0,-29.5,-9.0,-3.5,-6.1,-5.5,-14.9
626,10796747.90753175,29,4.218477360568073,65.78150863943192,548.6177820528621,1,6.435463857314971e-05,0.792118857512957,0.1532090146930406,0.05467212779400245,200.0,92.08150863943192,-209.98152263943192,-1.4,-1.0,-11.2,0.0,0.0,-29.5,-9.0,-3.5,-6.1,-5.5,-14.9
627,10796747.90753175,30,4.218477360568073,65.78150863943192,548.6177820528621,1,6.435463857314971e-05,0.7920465649773345,0.15326313474364853,0.054690300279016946,200.0,92.08150863943192,-209.98152263943192,-1.4,-1.0,-11.2,0.0,0.0,-29.5,-9.0,-3.5,-6.1,-5.5,-14.9
628,10796747.90753175,31,4.218477360568073,65.78150863943192,548.6177820528621,1,6.435463857314971e-05,0.7919760494815404,0.15331449972674407,0.05470945079171546,200.0,92.08150863943192,-209.98152263943192,-1.4,-1.0,-11.2,0.0,0.0,-29.5,-9.0,-3.5,-6.1,-5.5,-14.9
629,10796747.90753175,32,4.218477360568073,65.78150863943192,548.6177820528621,1,6.435463857314971e-05,0.7919005227212125,0.15336982026663598,0.05472965701215159,200.0,92.08150863943192,-209.98152263943192,-1.4,-1.0,-11.2,0.0,0.0,-29.5,-9.0,-3.5,-6.1,-5.5,-14.9
630,10796747.90753175,33,4.218477360568073,65.78150863943192,548.6177820528621,1,6.435463857314971e-05,0.7918269533391638,0.15342231447418192,0.05475073218665433,200.0,92.08150863943192,-209.98152263943192,-1.4,-1.0,-11.2,0.0,0.0,-29.5,-9.0,-3.5,-6.1,-5.5,-14.9
631,10796747.90753175,34,4.218477360568073,65.78150863943192,548.6177820528621,1,6.435463857314971e-05,0.7917566612586662,0.15347578388224908,0.05476755485908477,200.0,92.08150863943192,-209.98152263943192,-1.4,-1.0,-11.2,0.0,0.0,-29.5,-9.0,-3.5,-6.1,-5.5,-14.9
632,10796747.90753175,35,4.218477360568073,65.78150863943192,548.6177820528621,1,6.435463857314971e-05,0.7916813923921563,0.15353306906038916,0.05478553854745456,200.0,92.08150863943192,-209.98152263943192,-1.4,-1.0,-11.2,0.0,0.0,-29.5,-9.0,-3.5,-6.1,-5.5,-14.9
633,10796747.90753175,36,4.218477360568073,65.78150863943192,548.6177820528621,1,6.435463857314971e-05,0.7916054544179821,0.1535925181944663,0.05480202738755156,200.0,92.08150863943192,-209.98152263943192,-1.4,-1.0,-11.2,0.0,0.0,-29.5,-9.0,-3.5,-6.1,-5.5,-14.9
634,10796747.90753175,37,4.218477360568073,65.78150863943192,548.6177820528621,1,6.435463857314971e-05,0.7915315855126003,0.15365387476507025,0.054814539722329525,200.0,92.08150863943192,-209.98152263943192,-1.4,-1.0,-11.2,0.0,0.0,-29.5,-9.0,-3.5,-6.1,-5.5,-14.9
635,10796747.90753175,38,4.218477360568073,65.78150863943192,548.6177820528621,1,6.435463857314971e-05,0.7914582897640767,0.15371214056726804,0.05482956966865523,200.0,92.08150863943192,-209.98152263943192,-1.4,-1.0,-11.2,0.0,0.0,-29.5,-9.0,-3.5,-6.1,-5.5,-14.9
636,10796747.90753175,39,4.218477360568073,65.78150863943192,548.6177820528621,1,6.435463857314971e-05,0.7913788963429778,0.153775243444891,0.054845860212131316,200.0,92.08150863943192,-209.98152263943192,-1.4,-1.0,-11.2,0.0,0.0,-29.5,-9.0,-3.5,-6.1,-5.5,-14.9
637,10796747.90753175,40,4.218477360568073,65.78150863943192,548.6177820528621,1,6.435463857314971e-05,0.7913004144069613,0.15383887044822492,0.05486071514481379,200.0,92.08150863943192,-209.98152263943192,-1.4,-1.0,-11.2,0.0,0.0,-29.5,-9.0,-3.5,-6.1,-5.5,-14.9
638,10796747.90753175,41,4.218477360568073,65.78150863943192,548.6177820528621,1,6.435463857314971e-05,0.7912214521286635,0.15390181608295678,0.0548767317883798,200.0,92.08150863943192,-209.98152263943192,-1.4,-1.0,-11.2,0.0,0.0,-29.5,-9.0,-3.5,-6.1,-5.5,-14.9
639,10796747.90753175,42,4.218477360568073,65.78150863943192,548.6177820528621,1,6.435463857314971e-05,0.7911393589017865,0.1539642409009719,0.05489640019724154,200.0,92.08150863943192,-209.98152263943192,-1.4,-1.0,-11.2,0.0,0.0,-29.5,-9.0,-3.5,-6.1,-5.5,-14.9
640,10796747.90753175,43,4.218477360568073,65.78150863943192,548.6177820528621,1,6.435463857314971e-05,0.7910623535573482,0.15402576286425046,0.054911883578401315,200.0,92.08150863943192,-209.98152263943192,-1.4,-1.0,-11.2,0.0,0.0,-29.5,-9.0,-3.5,-6.1,-5.5,-14.9
641,10796747.90753175,44,4.218477360568073,65.78150863943192,548.6177820528621,1,6.435463857314971e-05,0.7909861222484867,0.15408291888364156,0.054930958867871714,200.0,92.08150863943192,-209.98152263943192,-1.4,-1.0,-11.2,0.0,0.0,-29.5,-9.0,-3.5,-6.1,-5.5,-14.9
642,10796747.90753175,45,4.218477360568073,65.78150863943192,548.6177820528621,1,6.435463857314971e-05,0.7909040411307282,0.15414489049784671,0.054951068371425056,200.0,92.08150863943192,-209.98152263943192,-1.4,-1.0,-11.2,0.0,0.0,-29.5,-9.0,-3.5,-6.1,-5.5,-14.9
643,10796747.90753175,46,4.218477360568073,65.78150863943192,548.6177820528621,1,6.435463857314971e-05,0.7908244267181879,0.1542097946703053,0.0549657786115069,200.0,92.08150863943192,-209.98152263943192,-1.4,-1.0,-11.2,0.0,0.0,-29.5,-9.0,-3.5,-6.1,-5.5,-14.9
644,10796747.90753175,47,4.218477360568073,65.78150863943192,548.6177820528621,1,6.435463857314971e-05,0.7907444439281056,0.15427267508572698,0.054982880986167396,200.0,92.08150863943192,-209.98152263943192,-1.4,-1.0,-11.2,0.0,0.0,-29.5,-9.0,-3.5,-6.1,-5.5,-14.9
645,10796747.90753175,48,4.218477360568073,65.78150863943192,548.6177820528621,1,6.435463857314971e-05,0.7906628118758438,0.15433615583362023,0.055001032290536066,200.0,92.08150863943192,-209.98152263943192,-1.4,-1.0,-11.2,0.0,0.0,-29.5,-9.0,-3.5,-6.1,-5.5,-14.9
646,10796747.90753175,49,4.218477360568073,65.78150863943192,548.6177820528621,1,6.435463857314971e-05,0.7905862476411628,0.15439618150993928,0.055017570848897926,200.0,92.08150863943192,-209.98152263943192,-1.4,-1.0,-11.2,0.0,0.0,-29.5,-9.0,-3.5,-6.1,-5.5,-14.9
647,10796747.90753175,0,4.218477360568073,65.78150863943192,548.6177820528621,1,6.435463857314971e-05,0.7905065783883044,0.1544594583450025,0.05503396326669312,200.0,92.08150863943192,-209.98152263943192,-1.4,-1.0,-11.2,0.0,0.0,-29.5,-9.0,-3.5,-6.1,-5.5,-14.9
648,10796747.90753175,1,4.218477360568073,65.78150863943192,548.6177820528621,1,6.435463857314971e-05,0.7904318336179099,0.15451437437189708,0.05505379201019299,200.0,92.08150863943192,-209.98152263943192,-1.4,-1.0,-11.2,0.0,0.0,-29.5,-9.0,-3.5,-6.1,-5.5,-14.9
649,10796747.90753175,2,4.218477360568073,65.78150863943192,548.6177820528621,1,6.435463857314971e-05,0.7903578627910561,0.15456890663614922,0.055073230572794694,200.0,92.08150863943192,-209.98152263943192,-1.4,-1.0,-11.2,0.0,0.0,-29.5,-9.0,-3.5,-6.1,-5.5,-14.9
650,10796747.90753175,3,4.218477360568073,65.78150863943192,548.6177820528621,1,6.435463857314971e-05,0.7902885357342128,0.15461675932371563,0.05509470494207161,200.0,92.08150863943192,-209.98152263943192,-1.4,-1.0,-11.2,0.0,0.0,-29.5,-9.0,-3.5,-6.1,-5.5,-14.9
651,10796747.90753175,4,4.218477360568073,65.78150863943192,548.6177820528621,1,6.435463857314971e-05,0.7902223217925851,0.15466078516389614,0.055116893043518696,200.0,92.08150863943192,-209.98152263943192,-1.4,-1.0,-11.2,0.0,0.0,-29.5,-9.0,-3.5,-6.1,-5.5,-14.9
652,10796747.90753175,5,4.218477360568073,65.78150863943192,548.6177820528621,1,6.435463857314971e-05,0.7901564723035394,0.15470496358846697,0.055138564107993705,200.0,92.08150863943192,-209.98152263943192,-1.4,-1.0,-11.2,0.0,0.0,-29.5,-9.0,-3.5,-6.1,-5.5,-14.9
653,10796747.90753175,6,4.218477360568073,65.78150863943192,548.6177820528621,1,6.435463857314971e-05,0.7900870210845439,0.1547506875624899,0.055162291352966235,200.0,92.08150863943192,-209.98152263943192,-1.4,-1.0,-11.2,0.0,0.0,-29.5,-9.0,-3.5,-6.1,-5.5,-14.9
654,10796747.90753175,7,4.218477360568073,65.78150863943192,548.6177820528621,1,6.435463857314971e-05,0.7900181167755297,0.15479646504197325,0.055185418182497004,200.0,92.08150863943192,-209.98152263943192,-1.4,-1.0,-11.2,0.0,0.0,-29.5,-9.0,-3.5,-6.1,-5.5,-14.9
655,10796747.90753175,8,4.218477360568073,65.78150863943192,548.6177820528621,1,6.435463857314971e-05,0.7899510421719195,0.1548410085276061,0.05520794930047446,200.0,92.08150863943192,-209.98152263943192,-1.4,-1.0,-11.2,0.0,0.0,-29.5,-9.0,-3.5,-6.1,-5.5,-14.9
656,10796747.90753175,9,4.218477360568073,65.78150863943192,548.6177820528621,1,6.435463857314971e-05,0.7898817657307419,0.15488577705645987,0.055232457212798305,200.0,92.08150863943192,-209.98152263943192,-1.4,-1.0,-11.2,0.0,0.0,-29.5,-9.0,-3.5,-6.1,-5.5,-14.9
657,10796747.90753175,10,4.218477360568073,65.78150863943192,548.6177820528621,1,6.435463857314971e-05,0.7898091091645565,0.15493202759516822,0.05525886324027537,200.0,92.08150863943192,-209.98152263943192,-1.4,-1.0,-11.2,0.0,0.0,-29.5,-9.0,-3.5,-6.1,-5.5,-14.9
658,10796747.90753175,11,4.218477360568073,65.78150863943192,548.6177820528621,1,6.435463857314971e-05,0.7897358758271464,0.15497834070670743,0.05528578346614614,200.0,92.08150863943192,-209.98152263943192,-1.4,-1.0,-11.2,0.0,0.0,-29.5,-9.0,-3.5,-6.1,-5.5,-14.9
659,10796747.90753175,12,4.218477360568073,65.78150863943192,548.6177820528621,1,6.435463857314971e-05,0.7896620527928472,0.1550222807243268,0.05531566648282605,200.0,92.08150863943192,-209.98152263943192,-1.4,-1.0,-11.2,0.0,0.0,-29.5,-9.0,-3.5,-6.1,-5.5,-14.9
660,10796747.90753175,13,4.218477360568073,65.78150863943192,548.6177820528621,1,6.435463857314971e-05,0.7895903187175991,0.15506384577078497,0.05534583551161592,200.0,92.08150863943192,-209.98152263943192,-1.4,-1.0,-11.2,0.0,0.0,-29.5,-9.0,-3.5,-6.1,-5.5,-14.9
661,10796747.90753175,14,4.218477360568073,65.78150863943192,548.6177820528621,1,6.435463857314971e-05,0.78952321360194,0.15510303622087446,0.05537375017718553,200.0,92.08150863943192,-209.98152263943192,-1.4,-1.0,-11.2,0.0,0.0,-29.5,-9.0,-3.5,-6.1,-5.5,-14.9
662,10796747.90753175,15,4.218477360568073,65.78150863943192,548.6177820528621,1,6.435463857314971e-05,0.7894578947443621,0.15514129783208427,0.055400807423553654,200.0,92.08150863943192,-209.98152263943192,-1.4,-1.0,-11.2,0.0,0.0,-29.5,-9.0,-3.5,-6.1,-5.5,-14.9
663,10796747.90753175,16,4.218477360568073,65.78150863943192,548.6177820528621,1,6.435463857314971e-05,0.7893981697389136,0.15517608492747256,0.05542574533361378,200.0,92.08150863943192,-209.98152263943192,-1.4,-1.0,-11.2,0.0,0.0,-29.5,-9.0,-3.5,-6.1,-5.5,-14.9
664,10796747.90753175,17,4.218477360568073,65.78150863943192,548.6177820528621,1,6.435463857314971e-05,0.7893360058463326,0.15521395138084557,0.055450042772821936,200.0,92.08150863943192,-209.98152263943192,-1.4,-1.0,-11.2,0.0,0.0,-29.5,-9.0,-3.5,-6.1,-5.5,-14.9
665,10796747.90753175,18,4.218477360568073,65.78150863943192,548.6177820528621,1,6.435463857314971e-05,0.7892754208975679,0.1552521483051184,0.05547243079731381,200.0,92.08150863943192,-209.98152263943192,-1.4,-1.0,-11.2,0.0,0.0,-29.5,-9.0,-3.5,-6.1,-5.5,-14.9
666,10796747.90753175,19,4.218477360568073,65.78150863943192,548.6177820528621,1,6.435463857314971e-05,0.7892189783422687,0.15529173668598165,0.05548928497174963,200.0,92.08150863943192,-209.98152263943192,-1.4,-1.0,-11.2,0.0,0.0,-29.5,-9.0,-3.5,-6.1,-5.5,-14.9
667,10796747.90753175,20,4.218477360568073,65.78150863943192,548.6177820528621,1,6.435463857314971e-05,0.78916511239862,0.15533029654553918,0.05550459105584083,200.0,92.08150863943192,-209.98152263943192,-1.4,-1.0,-11.2,0.0,0.0,-29.5,-9.0,-3.5,-6.1,-5.5,-14.9
668,10796747.90753175,21,4.218477360568073,65.78150863943192,548.6177820528621,1,6.435463857314971e-05,0.7891059834078479,0.15537423164697223,0.055519784945179854,200.0,92.08150863943192,-209.98152263943192,-1.4,-1.0,-11.2,0.0,0.0,-29.5,-9.0,-3.5,-6.1,-5.5,-14.9
669,10796747.90753175,22,4.218477360568073,65.78150863943192,548.6177820528621,1,6.435463857314971e-05,0.7890443921346972,0.1554183432286477,0.05553726463665507,200.0,92.08150863943192,-209.98152263943192,-1.4,-1.0,-11.2,0.0,0.0,-29.5,-9.0,-3.5,-6.1,-5.5,-14.9
670,10796747.90753175,23,4.218477360568073,65.78150863943192,548.6177820528621,1,6.435463857314971e-05,0.7889830309166095,0.15546010150365017,0.05555686757974043,200.0,92.08150863943192,-209.98152263943192,-1.4,-1.0,-11.2,0.0,0.0,-29.5,-9.0,-3.5,-6.1,-5.5,-14.9
671,10796747.90753175,24,4.218477360568073,65.78150863943192,548.6177820528621,1,6.435463857314971e-05,0.7889193371177537,0.15550213325186196,0.055578529630384274,200.0,92.08150863943192,-209.98152263943192,-1.4,-1.0,-11.2,0.0,0.0,-29.5,-9.0,-3.5,-6.1,-5.5,-14.9
672,10796747.90753175,25,4.218477360568073,65.78150863943192,548.6177820528621,1,6.435463857314971e-05,0.7888522114820536,0.1555480655717908,0.05559972294615552,200.0,92.08150863943192,-209.98152263943192,-1.4,-1.0,-11.2,0.0,0.0,-29.5,-9.0,-3.5,-6.1,-5.5,-14.9
673,10796747.90753175,26,4.218477360568073,65.78150863943192,548.6177820528621,1,6.435463857314971e-05,0.7887895614946914,0.15559375769896638,0.055616680806342286,200.0,92.08150863943192,-209.98152263943192,-1.4,-1.0,-11.2,0.0,0.0,-29.5,-9.0,-3.5,-6.1,-5.5,-14.9
674,10796747.90753175,27,4.218477360568073,65.78150863943192,548.6177820528621,1,6.435463857314971e-05,0.7887272498673675,0.15563819529602135,0.0556345548366112,200.0,92.08150863943192,-209.98152263943192,-1.4,-1.0,-11.2,0.0,0.0,-29.5,-9.0,-3.5,-6.1,-5.5,-14.9
675,10796747.90753175,28,4.218477360568073,65.78150863943192,548.6177820528621,1,6.435463857314971e-05,0.7886640370129436,0.1556850748843364,0.055650888102719946,200.0,92.08150863943192,-209.98152263943192,-1.4,-1.0,-11.2,0.0,0.0,-29.5,-9.0,-3.5,-6.1,-5.5,-14.9
676,10796747.90753175,29,4.218477360568073,65.78150863943192,548.6177820528621,1,6.435463857314971e-05,0.7885974304603465,0.15573676625242983,0.055665803287223765,200.0,92.08150863943192,-209.98152263943192,-1.4,-1.0,-11.2,0.0,0.0,-29.5,-9.0,-3.5,-6.1,-5.5,-14.9
677,10796747.90753175,30,4.218477360568073,65.78150863943192,548.6177820528621,1,6.435463857314971e-05,0.7885224669552438,0.15579444052201505,0.05568309252274121,200.0,92.08150863943192,-209.98152263943192,-1.4,-1.0,-11.2,0.0,0.0,-29.5,-9.0,-3.5,-6.1,-5.5,-14.9
678,10796747.90753175,31,4.218477360568073,65.78150863943192,548.6177820528621,1,6.435463857314971e-05,0.7884510839502356,0.15585011276136768,0.055698803288396735,200.0,92.08150863943192,-209.98152263943192,-1.4,-1.0,-11.2,0.0,0.0,-29.5,-9.0,-3.5,-6.1,-5.5,-14.9
679,10796747.90753175,32,4.218477360568073,65.78150863943192,548.6177820528621,1,6.435463857314971e-05,0.7883728884806462,0.15591029422858052,0.055716817290773324,200.0,92.08150863943192,-209.98152263943192,-1.4,-1.0,-11.2,0.0,0.0,-29.5,-9.0,-3.5,-6.1,-5.5,-14.9
680,10796747.90753175,33,4.218477360568073,65.78150863943192,548.6177820528621,1,6.435463857314971e-05,0.7883009701022822,0.15596464955909561,0.055734380338622255,200.0,92.08150863943192,-209.98152263943192,-1.4,-1.0,-11.2,0.0,0.0,-29.5,-9.0,-3.5,-6.1,-5.5,-14.9
681,10796747.90753175,34,4.218477360568073,65.78150863943192,548.6177820528621,1,6.435463857314971e-05,0.7882286343941246,0.15601732628149032,0.05575403932438514,200.0,92.08150863943192,-209.98152263943192,-1.4,-1.0,-11.2,0.0,0.0,-29.5,-9.0,-3.5,-6.1,-5.5,-14.9
682,10796747.90753175,35,4.218477360568073,65.78150863943192,548.6177820528621,1,6.435463857314971e-05,0.788162317438266,0.15606693848274752,0.055770744078986405,200.0,92.08150863943192,-209.98152263943192,-1.4,-1.0,-11.2,0.0,0.0,-29.5,-9.0,-3.5,-6.1,-5.5,-14.9
683,10796747.90753175,36,4.218477360568073,65.78150863943192,548.6177820528621,1,6.435463857314971e-05,0.7880966192481713,0.1561162357332874,0.055787145018541366,200.0,92.08150863943192,-209.98152263943192,-1.4,-1.0,-11.2,0.0,0.0,-29.5,-9.0,-3.5,-6.1,-5.5,-14.9
684,10796747.90753175,37,4.218477360568073,65.78150863943192,548.6177820528621,1,6.435463857314971e-05,0.7880315343861162,0.15616641352508998,0.05580205208879386,200.0,92.08150863943192,-209.98152263943192,-1.4,-1.0,-11.2,0.0,0.0,-29.5,-9.0,-3.5,-6.1,-5.5,-14.9
685,10796747.90753175,38,4.218477360568073,65.78150863943192,548.6177820528621,1,6.435463857314971e-05,0.7879619573686597,0.15622001217661505,0.05581803045472527,200.0,92.08150863943192,-209.98152263943192,-1.4,-1.0,-11.2,0.0,0.0,-29.5,-9.0,-3.5,-6.1,-5.5,-14.9
686,10796747.90753175,39,4.218477360568073,65.78150863943192,548.6177820528621,1,6.435463857314971e-05,0.7878881278788538,0.15627684948863182,0.05583502263251445,200.0,92.08150863943192,-209.98152263943192,-1.4,-1.0,-11.2,0.0,0.0,-29.5,-9.0,-3.5,-6.1,-5.5,-14.9
687,10796747.90753175,40,4.218477360568073,65.78150863943192,548.6177820528621,1,6.435463857314971e-05,0.7878115340028922,0.15633551272403043,0.055852953273077474,200.0,92.08150863943192,-209.98152263943192,-1.4,-1.0,-11.2,0.0,0.0,-29.5,-9.0,-3.5,-6.1,-5.5,-14.9
688,10796747.90753175,41,4.218477360568073,65.78150863943192,548.6177820528621,1,6.435463857314971e-05,0.7877373814900588,0.15639213112756353,0.05587048738237766,200.0,92.08150863943192,-209.98152263943192,-1.4,-1.0,-11.2,0.0,0.0,-29.5,-9.0,-3.5,-6.1,-5.5,-14.9
689,10796747.90753175,42,4.218477360568073,65.78150863943192,548.6177820528621,1,6.435463857314971e-05,0.787664294904851,0.15644804096031942,0.05588766413482953,200.0,92.08150863943192,-209.98152263943192,-1.4,-1.0,-11.2,0.0,0.0,-29.5,-9.0,-3.5,-6.1,-5.5,-14.9
690,10796747.90753175,43,4.218477360568073,65.78150863943192,548.6177820528621,1,6.435463857314971e-05,0.7875859602739771,0.15651063549556898,0.05590340423045387,200.0,92.08150863943192,-209.98152263943192,-1.4,-1.0,-11.2,0.0,0.0,-29.5,-9.0,-3.5,-6.1,-5.5,-14.9
691,10796747.90753175,44,4.218477360568073,65.78150863943192,548.6177820528621,1,6.435463857314971e-05,0.7875139586947988,0.15656844400550543,0.05591759729969574,200.0,92.08150863943192,-209.98152263943192,-1.4,-1.0,-11.2,0.0,0.0,-29.5,-9.0,-3.5,-6.1,-5.5,-14.9
692,10796747.90753175,45,4.218477360568073,65.78150863943192,548.6177820528621,1,6.435463857314971e-05,0.7874404541893958,0.15663029337039597,0.055929252440208216,200.0,92.08150863943192,-209.98152263943192,-1.4,-1.0,-11.2,0.0,0.0,-29.5,-9.0,-3.5,-6.1,-5.5,-14.9
693,10796747.90753175,46,4.218477360568073,65.78150863943192,548.6177820528621,1,6.435463857314971e-05,0.7873705429394461,0.15669103405688645,0.05593842300366743,200.0,92.08150863943192,-209.98152263943192,-1.4,-1.0,-11.2,0.0,0.0,-29.5,-9.0,-3.5,-6.1,-5.5,-14.9
694,10796747.90753175,47,4.218477360568073,65.78150863943192,548.6177820528621,1,6.435463857314971e-05,0.7872990377810621,0.156756826608826,0.05594413561011186,200.0,92.08150863943192,-209.98152263943192,-1.4,-1.0,-11.2,0.0,0.0,-29.5,-9.0,-3.5,-6.1,-5.5,-14.9
695,10796747.90753175,48,4.218477360568073,65.78150863943192,548.6177820528621,1,6.435463857314971e-05,0.7872272341918917,0.1568191054201123,0.05595366038799606,200.0,92.08150863943192,-209.98152263943192,-1.4,-1.0,-11.2,0.0,0.0,-29.5,-9.0,-3.5,-6.1,-5.5,-14.9
696,10796747.90753175,49,4.218477360568073,65.78150863943192,548.6177820528621,1,6.435463857314971e-05,0.7871539434029206,0.15688516007753295,0.05596089651954655,200.0,92.08150863943192,-209.98152263943192,-1.4,-1.0,-11.2,0.0,0.0,-29.5,-9.0,-3.5,-6.1,-5.5,-14.9
697,10796747.90753175,0,4.218477360568073,65.78150863943192,548.6177820528621,1,6.435463857314971e-05,0.7870767131469323,0.15695136819945968,0.05597191865360809,200.0,92.08150863943192,-209.98152263943192,-1.4,-1.0,-11.2,0.0,0.0,-29.5,-9.0,-3.5,-6.1,-5.5,-14.9
698,10796747.90753175,1,4.218477360568073,65.78150863943192,548.6177820528621,1,6.435463857314971e-05,0.7870032730090447,0.15701386413163732,0.05598286285931803,200.0,92.08150863943192,-209.98152263943192,-1.4,-1.0,-11.2,0.0,0.0,-29.5,-9.0,-3.5,-6.1,-5.5,-14.9
699,10796747.90753175,2,4.218477360568073,65.78150863943192,548.6177820528621,1,6.435463857314971e-05,0.7869334135684457,0.15707048771399487,0.0559960987175594,200.0,92.08150863943192,-209.98152263943192,-1.4,-1.0,-11.2,0.0,0.0,-29.5,-9.0,-3.5,-6.1,-5.5,-14.9
700,10796747.90753175,3,4.218477360568073,65.78150863943192,548.6177820528621,1,6.435463857314971e-05,0.7868594706309061,0.157127717186318,0.05601281218277585,200.0,92.08150863943192,-209.98152263943192,-1.4,-1.0,-11.2,0.0,0.0,-29.5,-9.0,-3.5,-6.1,-5.5,-14.9
701,10796747.90753175,4,4.218477360568073,65.78150863943192,548.6177820528621,1,6.435463857314971e-05,0.7867804293851974,0.1571879099116966,0.05603166070310597,200.0,92.08150863943192,-209.98152263943192,-1.4,-1.0,-11.2,0.0,0.0,-29.5,-9.0,-3.5,-6.1,-5.5,-14.9
702,10796747.90753175,5,4.218477360568073,65.78150863943192,548.6177820528621,1,6.435463857314971e-05,0.7867015480000574,0.15724718227030302,0.056051269729639606,200.0,92.08150863943192,-209.98152263943192,-1.4,-1.0,-11.2,0.0,0.0,-29.5,-9.0,-3.5,-6.1,-5.5,-14.9
703,10796747.90753175,6,4.218477360568073,65.78150863943192,548.6177820528621,1,6.435463857314971e-05,0.7866278348995398,0.1573041979999256,0.05606796710053462,200.0,92.08150863943192,-209.98152263943192,-1.4,-1.0,-11.2,0.0,0.0,-29.5,-9.0,-3.5,-6.1,-5.5,-14.9
704,10796747.90753175,7,4.218477360568073,65.78150863943192,548.6177820528621,1,6.435463857314971e-05,0.7865577744729525,0.15735911946618847,0.05608310606085901,200.0,92.08150863943192,-209.98152263943192,-1.4,-1.0,-11.2,0.0,0.0,-29.5,-9.0,-3.5,-6.1,-5.5,-14.9
705,10796747.90753175,8,4.218477360568073,65.78150863943192,548.6177820528621,1,6.435463857314971e-05,0.7864837274111872,0.15741703115440994,0.05609924143440292,200.0,92.08150863943192,-209.98152263943192,-1.4,-1.0,-11.2,0.0,0.0,-29.5,-9.0,-3.5,-6.1,-5.5,-14.9
706,10796747.90753175,9,4.218477360568073,65.78150863943192,548.6177820528621,1,6.435463857314971e-05,0.7864084066902305,0.15747767056608167,0.05611392274368795,200.0,92.08150863943192,-209.98152263943192,-1.4,-1.0,-11.2,0.0,0.0,-29.5,-9.0,-3.5,-6.1,-5.5,-14.9
707,10796747.90753175,10,4.218477360568073,65.78150863943192,548.6177820528621,1,6.435463857314971e-05,0.7863306533022907,0.1575432795474273,0.056126067150282094,200.0,92.08150863943192,-209.98152263943192,-1.4,-1.0,-11.2,0.0,0.0,-29.5,-9.0,-3.5,-6.1,-5.5,-14.9
708,10796747.90753175,11,4.218477360568073,65.78150863943192,548.6177820528621,1,6.435463857314971e-05,0.7862530515113169,0.15760765625520629,0.05613929223347686,200.0,92.08150863943192,-209.98152263943192,-1.4,-1.0,-11.2,0.0,0.0,-29.5,-9.0,-3.5,-6.1,-5.5,-14.9
709,10796747.90753175,12,4.218477360568073,65.78150863943192,548.6177820528621,1,6.435463857314971e-05,0.7861718754788404,0.15767217591138585,0.056155948609773826,200.0,92.08150863943192,-209.98152263943192,-1.4,-1.0,-11.2,0.0,0.0,-29.5,-9.0,-3.5,-6.1,-5.5,-14.9
710,10796747.90753175,13,4.218477360568073,65.78150863943192,548.6177820528621,1,6.435463857314971e-05,0.7860947342634657,0.15773069156804836,0.05617457416848601,200.0,92.08150863943192,-209.98152263943192,-1.4,-1.0,-11.2,0.0,0.0,-29.5,-9.0,-3.5,-6.1,-5.5,-14.9
711,10796747.90753175,14,4.218477360568073,65.78150863943192,548.6177820528621,1,6.435463857314971e-05,0.7860214472168991,0.15778583887506523,0.05619271390803569,200.0,92.08150863943192,-209.98152263943192,-1.4,-1.0,-11.2,0.0,0.0,-29.5,-9.0,-3.5,-6.1,-5.5,-14.9
712,10796747.90753175,15,4.218477360568073,65.78150863943192,548.6177820528621,1,6.435463857314971e-05,0.7859542944599286,0.15783652606708826,0.0562091794729832,200.0,92.08150863943192,-209.98152263943192,-1.4,-1.0,-11.2,0.0,0.0,-29.5,-9.0,-3.5,-6.1,-5.5,-14.9
713,10796747.90753175,16,4.218477360568073,65.78150863943192,548.6177820528621,1,6.435463857314971e-05,0.7858855777638538,0.15788908148615582,0.056225340749990305,200.0,92.08150863943192,-209.98152263943192,-1.4,-1.0,-11.2,0.0,0.0,-29.5,-9.0,-3.5,-6.1,-5.5,-14.9
714,10796747.90753175,17,4.218477360568073,65.78150863943192,548.6177820528621,1,6.435463857314971e-05,0.7858141458845236,0.1579434525769684,0.056242401538508055,200.0,92.08150863943192,-209.98152263943192,-1.4,-1.0,-11.2,0.0,0.0,-29.5,-9.0,-3.5,-6.1,-5.5,-14.9
715,10796747.90753175,18,4.218477360568073,65.78150863943192,548.6177820528621,1,6.435463857314971e-05,0.7857401348376727,0.15799837920710666,0.05626148595522063,200.0,92.08150863943192,-209.98152263943192,-1.4,-1.0,-11.2,0.0,0.0,-29.5,-9.0,-3.5,-6.1,-5.5,-14.9
716,10796747.90753175,19,4.218477360568073,65.78150863943192,548.6177820528621,1,6.435463857314971e-05,0.7856698417912619,0.15805010495680724,0.05628005325193085,200.0,92.08150863943192,-209.98152263943192,-1.4,-1.0,-11.2,0.0,0.0,-29.5,-9.0,-3.5,-6.1,-5.5,-14.9
717,10796747.90753175,20,4.218477360568073,65.78150863943192,548.6177820528621,1,6.435463857314971e-05,0.7855957074105653,0.15810371225199843,0.0563005803374363,200.0,92.08150863943192,-209.98152263943192,-1.4,-1.0,-11.2,0.0,0.0,-29.5,-9.0,-3.5,-6.1,-5.5,-14.9
718,10796747.90753175,21,4.218477360568073,65.78150863943192,548.6177820528621,1,6.435463857314971e-05,0.7855277523838589,0.1581517707988789,0.05632047681726227,200.0,92.08150863943192,-209.98152263943192,-1.4,-1.0,-11.2,0.0,0.0,-29.5,-9.0,-3.5,-6.1,-5.5,-14.9
719,10796747.90753175,22,4.218477360568073,65.78150863943192,548.6177820528621,1,6.435463857314971e-05,0.7854619821805445,0.15819701990124216,0.05634099791821339,200.0,92.08150863943192,-209.98152263943192,-1.4,-1.0,-11.2,0.0,0.0,-29.5,-9.0,-3.5,-6.1,-5.5,-14.9
720,10796747.90753175,23,4.218477360568073,65.78150863943192,548.6177820528621,1,6.435463857314971e-05,0.7853946623829423,0.1582455119821636,0.05635982563489418,200.0,92.08150863943192,-209.98152263943192,-1.4,-1.0,-11.2,0.0,0.0,-29.5,-9.0,-3.5,-6.1,-5.5,-14.9
721,10796747.90753175,24,4.218477360568073,65.78150863943192,548.6177820528621,1,6.435463857314971e-05,0.7853282886613422,0.15829236668669375,0.05637934465196408,200.0,92.08150863943192,-209.98152263943192,-1.4,-1.0,-11.2,0.0,0.0,-29.5,-9.0,-3.5,-6.1,-5.5,-14.9
722,10796747.90753175,25,4.218477360568073,65.78150863943192,548.6177820528621,1,6.435463857314971e-05,0.7852628344345187,0.1583388152310327,0.0563983503344486,200.0,92.08150863943192,-209.98152263943192,-1.4,-1.0,-11.2,0.0,0.0,-29.5,-9.0,-3.5,-6.1,-5.5,-14.9
723,10796747.90753175,26,4.218477360568073,65.78150863943192,548.6177820528621,1,6.435463857314971e-05,0.7852007059865828,0.15838362788785829,0.056415666125558935,200.0,92.08150863943192,-209.98152263943192,-1.4,-1.0,-11.2,0.0,0.0,-29.5,-9.0,-3.5,-6.1,-5.5,-14.9
724,10796747.90753175,27,4.218477360568073,65.78150863943192,548.6177820528621,1,6.435463857314971e-05,0.7851380493855495,0.15842702644492584,0.0564349241695247,200.0,92.08150863943192,-209.98152263943192,-1.4,-1.0,-11.2,0.0,0.0,-29.5,-9.0,-3.5,-6.1,-5.5,-14.9
725,10796747.90753175,28,4.218477360568073,65.78150863943192,548.6177820528621,1,6.435463857314971e-05,0.7850785841131466,0.15846893801189274,0.05645247787496073,200.0,92.08150863943192,-209.98152263943192,-1.4,-1.0,-11.2,0.0,0.0,-29.5,-9.0,-3.5,-6.1,-5.5,-14.9
726,10796747.90753175,29,4.218477360568073,65.78150863943192,548.6177820528621,1,6.435463857314971e-05,0.785022150048203,0.15850943509356485,0.05646841485823225,200.0,92.08150863943192,-209.98152263943192,-1.4,-1.0,-11.2,0.0,0.0,-29.5,-9.0,-3.5,-6.1,-5.5,-14.9
727,10796747.90753175,30,4.218477360568073,65.78150863943192,548.6177820528621,1,6.435463857314971e-05,0.784958869494813,0.15855468981097606,0.05648644069421096,200.0,92.08150863943192,-209.98152263943192,-1.4,-1.0,-11.2,0.0,0.0,-29.5,-9.0,-3.5,-6.1,-5.5,-14.9
728,10796747.90753175,31,4.218477360568073,65.78150863943192,548.6177820528621,1,6.435463857314971e-05,0.7848903391356699,0.15860555371769508,0.05650410714663509,200.0,92.08150863943192,-209.98152263943192,-1.4,-1.0,-11.2,0.0,0.0,-29.5,-9.0,-3.5,-6.1,-5.5,-14.9
729,10796747.90753175,32,4.218477360568073,65.78150863943192,548.6177820528621,1,6.435463857314971e-05,0.7848228709446058,0.15865462654667542,0.05652250250871881,200.0,92.08150863943192,-209.98152263943192,-1.4,-1.0,-11.2,0.0,0.0,-29.5,-9.0,-3.5,-6.1,-5.5,-14.9
730,10796747.90753175,33,4.218477360568073,65.78150863943192,548.6177820528621,1,6.435463857314971e-05,0.7847540007671986,0.15870437684375455,0.056541622389046926,200.0,92.08150863943192,-209.98152263943192,-1.4,-1.0,-11.2,0.0,0.0,-29.5,-9.0,-3.5,-6.1,-5.5,-14.9
731,10796747.90753175,34,4.218477360568073,65.78150863943192,548.6177820528621,1,6.435463857314971e-05,0.7846838233213743,0.15875590815980245,0.05656026851882331,200.0,92.08150863943192,-209.98152263943192,-1.4,-1.0,-11.2,0.0,0.0,-29.5,-9.0,-3.5,-6.1,-5.5,-14.9
732,10796747.90753175,35,4.218477360568073,65.78150863943192,548.6177820528621,1,6.435463857314971e-05,0.784612399923634,0.15880797912659222,0.056579620949773875,200.0,92.08150863943192,-209.98152263943192,-1.4,-1.0,-11.2,0.0,0.0,-29.5,-9.0,-3.5,-6.1,-5.5,-14.9
733,10796747.90753175,36,4.218477360568073,65.78150863943192,548.6177820528621,1,6.435463857314971e-05,0.7845385824752549,0.15886060057605267,0.05660081694869251,200.0,92.08150863943192,-209.98152263943192,-1.4,-1.0,-11.2,0.0,0.0,-29.5,-9.0,-3.5,-6.1,-5.5,-14.9
734,10796747.90753175,37,4.218477360568073,65.78150863943192,548.6177820528621,1,6.435463857314971e-05,0.7844661459824545,0.1589124607979396,0.056621393219605895,200.0,92.08150863943192,-209.98152263943192,-1.4,-1.0,-11.2,0.0,0.0,-29.5,-9.0,-3.5,-6.1,-5.5,-14.9
735,10796747.90753175,38,4.218477360568073,65.78150863943192,548.6177820528621,1,6.435463857314971e-05,0.7843914022901397,0.15896601030193688,0.0566425874079234,200.0,92.08150863943192,-209.98152263943192,-1.4,-1.0,-11.2,0.0,0.0,-29.5,-9.0,-3.5,-6.1,-5.5,-14.9
736,10796747.90753175,39,4.218477360568073,65.78150863943192,548.6177820528621,1,6.435463857314971e-05,0.7843156961693891,0.1590211118595577,0.056663191971053205,200.0,92.08150863943192,-209.98152263943192,-1.4,-1.0,-11.2,0.0,0.0,-29.5,-9.0,-3.5,-6.1,-5.5,-14.9
737,10796747.90753175,40,4.218477360568073,65.78150863943192,548.6177820528621,1,6.435463857314971e-05,0.784241473679908,0.1590741694387784,0.05668435688131356,200.0,92.08150863943192,-209.98152263943192,-1.4,-1.0,-11.2,0.0,0.0,-29.5,-9.0,-3.5,-6.1,-5.5,-14.9
738,10796747.90753175,41,4.218477360568073,65.78150863943192,548.6177820528621,1,6.435463857314971e-05,0.7841662657348676,0.1591276493806232,0.05670608488450925,200.0,92.08150863943192,-209.98152263943192,-1.4,-1.0,-11.2,0.0,0.0,-29.5,-9.0,-3.5,-6.1,-5.5,-14.9
739,10796747.90753175,42,4.218477360568073,65.78150863943192,548.6177820528621,1,6.435463857314971e-05,0.7840913463294704,0.15918148021867778,0.05672717345185178,200.0,92.08150863943192,-209.98152263943192,-1.4,-1.0,-11.2,0.0,0.0,-29.5,-9.0,-3.5,-6.1,-5.5,-14.9
740,10796747.90753175,43,4.218477360568073,65.78150863943192,548.6177820528621,1,6.435463857314971e-05,0.7840143120626973,0.15923800160618495,0.0567476863311177,200.0,92.08150863943192,-209.98152263943192,-1.4,-1.0,-11.2,0.0,0.0,-29.5,-9.0,-3.5,-6.1,-5.5,-14.9
741,10796747.90753175,44,4.218477360568073,65.78150863943192,548.6177820528621,1,6.435463857314971e-05,0.7839460360598576,0.15928530923491144,0.05676865470523101,200.0,92.08150863943192,-209.98152263943192,-1.4,-1.0,-11.2,0.0,0.0,-29.5,-9.0,-3.5,-6.1,-5.5,-14.9
742,10796747.90753175,45,4.218477360568073,65.78150863943192,548.6177820528621,1,6.435463857314971e-05,0.7838741506410827,0.1593379340010766,0.056787915357840696,200.0,92.08150863943192,-209.98152263943192,-1.4,-1.0,-11.2,0.0,0.0,-29.5,-9.0,-3.5,-6.1,-5.5,-14.9
743,10796747.90753175,46,4.218477360568073,65.78150863943192,548.6177820528621,1,6.435463857314971e-05,0.7838060137201885,0.15938852937379167,0.05680545690601984,200.0,92.08150863943192,-209.98152263943192,-1.4,-1.0,-11.2,0.0,0.0,-29.5,-9.0,-3.5,-6.1,-5.5,-14.9
744,10796747.90753175,47,4.218477360568073,65.78150863943192,548.6177820528621,1,6.435463857314971e-05,0.7837342366505802,0.1594408540474038,0.056824909302016065,200.0,92.08150863943192,-209.98152263943192,-1.4,-1.0,-11.2,0.0,0.0,-29.5,-9.0,-3.5,-6.1,-5.5,-14.9
745,10796747.90753175,48,4.218477360568073,65.78150863943192,548.6177820528621,1,6.435463857314971e-05,0.7836637820733064,0.15949010878352232,0.05684610914317129,200.0,92.08150863943192,-209.98152263943192,-1.4,-1.0,-11.2,0.0,0.0,-29.5,-9.0,-3.5,-6.1,-5.5,-14.9
746,10796747.90753175,49,4.218477360568073,65.78150863943192,548.6177820528621,1,6.435463857314971e-05,0.7835910323054844,0.15954110234296515,0.05686786535155041,200.0,92.08150863943192,-209.98152263943192,-1.4,-1.0,-11.2,0.0,0.0,-29.5,-9.0,-3.5,-6.1,-5.5,-14.9
747,10796747.90753175,0,4.218477360568073,65.78150863943192,548.6177820528621,1,6.435463857314971e-05,0.7835196827788782,0.15959021846336546,0.05689009875775642,200.0,92.08150863943192,-209.98152263943192,-1.4,-1.0,-11.2,0.0,0.0,-29.5,-9.0,-3.5,-6.1,-5.5,-14.9
748,10796747.90753175,1,4.218477360568073,65.78150863943192,548.6177820528621,1,6.435463857314971e-05,0.7834508739766799,0.15963750757274445,0.056911618450575636,200.0,92.08150863943192,-209.98152263943192,-1.4,-1.0,-11.2,0.0,0.0,-29.5,-9.0,-3.5,-6.1,-5.5,-14.9
749,10796747.90753175,2,4.218477360568073,65.78150863943192,548.6177820528621,1,6.435463857314971e-05,0.7833928346313658,0.15967825492062837,0.05692891044800593,200.0,92.08150863943192,-209.98152263943192,-1.4,-1.0,-11.2,0.0,0.0,-29.5,-9.0,-3.5,-6.1,-5.5,-14.9
750,10796747.90753175,3,4.218477360568073,65.78150863943192,548.6177820528621,1,6.435463857314971e-05,0.7833355261746251,0.15972214439990978,0.05694232942546518,200.0,92.08150863943192,-209.98152263943192,-1.4,-1.0,-11.2,0.0,0.0,-29.5,-9.0,-3.5,-6.1,-5.5,-14.9
751,10796747.90753175,4,4.218477360568073,65.78150863943192,548.6177820528621,1,6.435463857314971e-05,0.7832776747710962,0.1597656737898216,0.05695665143908213,200.0,92.08150863943192,-209.98152263943192,-1.4,-1.0,-11.2,0.0,0.0,-29.5,-9.0,-3.5,-6.1,-5.5,-14.9
752,10796747.90753175,5,4.218477360568073,65.78150863943192,548.6177820528621,1,6.435463857314971e-05,0.783227644738186,0.1598051895456456,0.05696716571616846,200.0,92.08150863943192,-209.98152263943192,-1.4,-1.0,-11.2,0.0,0.0,-29.5,-9.0,-3.5,-6.1,-5.5,-14.9
753,10796747.90753175,6,4.218477360568073,65.78150863943192,548.6177820528621,1,6.435463857314971e-05,0.7831767508514925,0.15984792804648945,0.05697532110201803,200.0,92.08150863943192,-209.98152263943192,-1.4,-1.0,-11.2,0.0,0.0,-29.5,-9.0,-3.5,-6.1,-5.5,-14.9
754,10796747.90753175,7,4.218477360568073,65.78150863943192,548.6177820528621,1,6.435463857314971e-05,0.7831250300248883,0.15989259686586596,0.05698237310924568,200.0,92.08150863943192,-209.98152263943192,-1.4,-1.0,-11.2,0.0,0.0,-29.5,-9.0,-3.5,-6.1,-5.5,-14.9
755,10796747.90753175,8,4.218477360568073,65.78150863943192,548.6177820528621,1,6.435463857314971e-05,0.7830748605331086,0.15993340052266,0.05699173894423146,200.0,92.08150863943192,-209.98152263943192,-1.4,-1.0,-11.2,0.0,0.0,-29.5,-9.0,-3.5,-6.1,-5.5,-14.9
756,10796747.90753175,9,4.218477360568073,65.78150863943192,548.6177820528621,1,6.435463857314971e-05,0.7830262068965167,0.1599750147741229,0.056998778329360456,200.0,92.08150863943192,-209.98152263943192,-1.4,-1.0,-11.2,0.0,0.0,-29.5,-9.0,-3.5,-6.1,-5.5,-14.9
757,10796747.90753175,10,4.218477360568073,65.78150863943192,548.6177820528621,1,6.435463857314971e-05,0.7829766228644609,0.16001747744774067,0.05700589968779839,200.0,92.08150863943192,-209.98152263943192,-1.4,-1.0,-11.2,0.0,0.0,-29.5,-9.0,-3.5,-6.1,-5.5,-14.9
758,10796747.90753175,11,4.218477360568073,65.78150863943192,548.6177820528621,1,6.435463857314971e-05,0.782926143847091,0.16005850355794235,0.05701535259496662,200.0,92.08150863943192,-209.98152263943192,-1.4,-1.0,-11.2,0.0,0.0,-29.5,-9.0,-3.5,-6.1,-5.5,-14.9
759,10796747.90753175,12,4.218477360568073,65.78150863943192,548.6177820528621,1,6.435463857314971e-05,0.7828736756454823,0.1601026734410778,0.05702365091343991,200.0,92.08150863943192,-209.98152263943192,-1.4,-1.0,-11.2,0.0,0.0,-29.5,-9.0,-3.5,-6.1,-5.5,-14.9
760,10796747.90753175,13,4.218477360568073,65.78150863943192,548.6177820528621,1,6.435463857314971e-05,0.7828240278323185,0.16014630349728273,0.057029668670398735,200.0,92.08150863943192,-209.98152263943192,-1.4,-1.0,-11.2,0.0,0.0,-29.5,-9.0,-3.5,-6.1,-5.5,-14.9
761,10796747.90753175,14,4.218477360568073,65.78150863943192,548.6177820528621,1,6.435463857314971e-05,0.7827829279053925,0.16018586150075628,0.05703121059385121,200.0,92.08150863943192,-209.98152263943192,-1.4,-1.0,-11.2,0.0,0.0,-29.5,-9.0,-3.5,-6.1,-5.5,-14.9
762,10796747.90753175,15,4.218477360568073,65.78150863943192,548.6177820528621,1,6.435463857314971e-05,0.7827358444957245,0.16022762719210082,0.057036528312174664,200.0,92.08150863943192,-209.98152263943192,-1.4,-1.0,-11.2,0.0,0.0,-29.5,-9.0,-3.5,-6.1,-5.5,-14.9
763,10796747.90753175,16,4.218477360568073,65.78150863943192,548.6177820528621,1,6.435463857314971e-05,0.7826877828711624,0.16026908779367854,0.05704312933515904,200.0,92.08150863943192,-209.98152263943192,-1.4,-1.0,-11.2,0.0,0.0,-29.5,-9.0,-3.5,-6.1,-5.5,-14.9
764,10796747.90753175,17,4.218477360568073,65.78150863943192,548.6177820528621,1,6.435463857314971e-05,0.7826481501226358,0.16030214444861987,0.05704970542874441,200.0,92.08150863943192,-209.98152263943192,-1.4,-1.0,-11.2,0.0,0.0,-29.5,-9.0,-3.5,-6.1,-5.5,-14.9
765,10796747.90753175,18,4.218477360568073,65.78150863943192,548.6177820528621,1,6.435463857314971e-05,0.7826106775904862,0.16033298890057013,0.05705633350894374,200.0,92.08150863943192,-209.98152263943192,-1.4,-1.0,-11.2,0.0,0.0,-29.5,-9.0,-3.5,-6.1,-5.5,-14.9
766,10796747.90753175,19,4.218477360568073,65.78150863943192,548.6177820528621,1,6.435463857314971e-05,0.7825764292861973,0.16036169189313212,0.05706187882067056,200.0,92.08150863943192,-209.98152263943192,-1.4,-1.0,-11.2,0.0,0.0,-29.5,-9.0,-3.5,-6.1,-5.5,-14.9
767,10796747.90753175,20,4.218477360568073,65.78150863943192,548.6177820528621,1,6.435463857314971e-05,0.7825463836570299,0.16038500535129752,0.05706861099167264,200.0,92.08150863943192,-209.98152263943192,-1.4,-1.0,-11.2,0.0,0.0,-29.5,-9.0,-3.5,-6.1,-5.5,-14.9
768,10796747.90753175,21,4.218477360568073,65.78150863943192,548.6177820528621,1,6.435463857314971e-05,0.7825180012049393,0.16040549983752572,0.057076498957534964,200.0,92.08150863943192,-209.98152263943192,-1.4,-1.0,-11.2,0.0,0.0,-29.5,-9.0,-3.5,-6.1,-5.5,-14.9
769,10796747.90753175,22,4.218477360568073,65.78150863943192,548.6177820528621,1,6.435463857314971e-05,0.782488913164239,0.1604289129893977,0.05708217384636328,200.0,92.08150863943192,-209.98152263943192,-1.4,-1.0,-11.2,0.0,0.0,-29.5,-9.0,-3.5,-6.1,-5.5,-14.9
770,10796747.90753175,23,4.218477360568073,65.78150863943192,548.6177820528621,1,6.435463857314971e-05,0.7824544872173531,0.160455255403531,0.05709025737911595,200.0,92.08150863943192,-209.98152263943192,-1.4,-1.0,-11.2,0.0,0.0,-29.5,-9.0,-3.5,-6.1,-5.5,-14.9
771,10796747.90753175,24,4.218477360568073,65.78150863943192,548.6177820528621,1,6.435463857314971e-05,0.7824150015995889,0.16048437203335816,0.057100626367052994,200.0,92.08150863943192,-209.98152263943192,-1.4,-1.0,-11.2,0.0,0.0,-29.5,-9.0,-3.5,-6.1,-5.5,-14.9
772,10796747.90753175,25,4.218477360568073,65.78150863943192,548.6177820528621,1,6.435463857314971e-05,0.7823742128385113,0.16051489408016567,0.05711089308132305,200.0,92.08150863943192,-209.98152263943192,-1.4,-1.0,-11.2,0.0,0.0,-29.5,-9.0,-3.5,-6.1,-5.5,-14.9
773,10796747.90753175,26,4.218477360568073,65.78150863943192,548.6177820528621,1,6.435463857314971e-05,0.7823287425425131,0.16055237137329928,0.057118886084187616,200.0,92.08150863943192,-209.98152263943192,-1.4,-1.0,-11.2,0.0,0.0,-29.5,-9.0,-3.5,-6.1,-5.5,-14.9
774,10796747.90753175,27,4.218477360568073,65.78150863943192,548.6177820528621,1,6.435463857314971e-05,0.782283447247344,0.16059078001195323,0.05712577274070283,200.0,92.08150863943192,-209.98152263943192,-1.4,-1.0,-11.2,0.0,0.0,-29.5,-9.0,-3.5,-6.1,-5.5,-14.9
775,10796747.90753175,28,4.218477360568073,65.78150863943192,548.6177820528621,1,6.435463857314971e-05,0.7822371542894873,0.1606290079602903,0.05713383775022248,200.0,92.08150863943192,-209.98152263943192,-1.4,-1.0,-11.2,0.0,0.0,-29.5,-9.0,-3.5,-6.1,-5.5,-14.9
776,10796747.90753175,29,4.218477360568073,65.78150863943192,548.6177820528621,1,6.435463857314971e-05,0.7821899121198929,0.16066596100909095,0.05714412687101627,200.0,92.08150863943192,-209.98152263943192,-1.4,-1.0,-11.2,0.0,0.0,-29.5,-9.0,-3.5,-6.1,-5.5,-14.9
777,10796747.90753175,30,4.218477360568073,65.78150863943192,548.6177820528621,1,6.435463857314971e-05,0.7821464075841229,0.16070044514204745,0.057153147273829745,200.0,92.08150863943192,-209.98152263943192,-1.4,-1.0,-11.2,0.0,0.0,-29.5,-9.0,-3.5,-6.1,-5.5,-14.9
778,10796747.90753175,31,4.218477360568073,65.78150863943192,548.6177820528621,1,6.435463857314971e-05,0.7820972106093151,0.16073728629421372,0.05716550309647122,200.0,92.08150863943192,-209.98152263943192,-1.4,-1.0,-11.2,0.0,0.0,-29.5,-9.0,-3.5,-6.1,-5.5,-14.9
779,10796747.90753175,32,4.218477360568073,65.78150863943192,548.6177820528621,1,6.435463857314971e-05,0.782044927294739,0.16077518308117533,0.05717988962408577,200.0,92.08150863943192,-209.98152263943192,-1.4,-1.0,-11.2,0.0,0.0,-29.5,-9.0,-3.5,-6.1,-5.5,-14.9
780,10796747.90753175,33,4.218477360568073,65.78150863943192,548.6177820528621,1,6.435463857314971e-05,0.7819885722274943,0.1608152105351736,0.057196217237332175,200.0,92.08150863943192,-209.98152263943192,-1.4,-1.0,-11.2,0.0,0.0,-29.5,-9.0,-3.5,-6.1,-5.5,-14.9
781,10796747.90753175,34,4.218477360568073,65.78150863943192,548.6177820528621,1,6.435463857314971e-05,0.7819318488476801,0.16085823584070394,0.05720991531161603,200.0,92.08150863943192,-209.98152263943192,-1.4,-1.0,-11.2,0.0,0.0,-29.5,-9.0,-3.5,-6.1,-5.5,-14.9
782,10796747.90753175,35,4.218477360568073,65.78150863943192,548.6177820528621,1,6.435463857314971e-05,0.781875899471575,0.16089968139950028,0.057224419128924696,200.0,92.08150863943192,-209.98152263943192,-1.4,-1.0,-11.2,0.0,0.0,-29.5,-9.0,-3.5,-6.1,-5.5,-14.9
783,10796747.90753175,36,4.218477360568073,65.78150863943192,548.6177820528621,1,6.435463857314971e-05,0.7818206998251312,0.16094071847472138,0.05723858170014737,200.0,92.08150863943192,-209.98152263943192,-1.4,-1.0,-11.2,0.0,0.0,-29.5,-9.0,-3.5,-6.1,-5.5,-14.9
784,10796747.90753175,37,4.218477360568073,65.78150863943192,548.6177820528621,1,6.435463857314971e-05,0.7817639060612658,0.1609814392070657,0.0572546547316686,200.0,92.08150863943192,-209.98152263943192,-1.4,-1.0,-11.2,0.0,0.0,-29.5,-9.0,-3.5,-6.1,-5.5,-14.9
785,10796747.90753175,38,4.218477360568073,65.78150863943192,548.6177820528621,1,6.435463857314971e-05,0.7817056050565444,0.16102185462587643,0.057272540317579224,200.0,92.08150863943192,-209.98152263943192,-1.4,-1.0,-11.2,0.0,0.0,-29.5,-9.0,-3.5,-6.1,-5.5,-14.9
786,10796747.90753175,39,4.218477360568073,65.78150863943192,548.6177820528621,1,6.435463857314971e-05,0.7816458793228764,0.16106197522642715,0.05729214545069648,200.0,92.08150863943192,-209.98152263943192,-1.4,-1.0,-11.2,0.0,0.0,-29.5,-9.0,-3.5,-6.1,-5.5,-14.9
787,10796747.90753175,40,4.218477360568073,65.78150863943192,548.6177820528621,1,6.435463857314971e-05,0.7815882459918493,0.16109951987778026,0.05731223413037051,200.0,92.08150863943192,-209.98152263943192,-1.4,-1.0,-11.2,0.0,0.0,-29.5,-9.0,-3.5,-6.1,-5.5,-14.9
788,10796747.90753175,41,4.218477360568073,65.78150863943192,548.6177820528621,1,6.435463857314971e-05,0.7815337410129147,0.1611334932359796,0.05733276575110573,200.0,92.08150863943192,-209.98152263943192,-1.4,-1.0,-11.2,0.0,0.0,-29.5,-9.0,-3.5,-6.1,-5.5,-14.9
789,10796747.90753175,42,4.218477360568073,65.78150863943192,548.6177820528621,1,6.435463857314971e-05,0.7814776535097502,0.16116857436213364,0.057353772128116175,200.0,92.08150863943192,-209.98152263943192,-1.4,-1.0,-11.2,0.0,0.0,-29.5,-9.0,-3.5,-6.1,-5.5,-14.9
790,10796747.90753175,43,4.218477360568073,65.78150863943192,548.6177820528621,1,6.435463857314971e-05,0.7814212085930622,0.16120357840957594,0.05737521299736181,200.0,92.08150863943192,-209.98152263943192,-1.4,-1.0,-11.2,0.0,0.0,-29.5,-9.0,-3.5,-6.1,-5.5,-14.9
791,10796747.90753175,44,4.218477360568073,65.78150863943192,548.6177820528621,1,6.435463857314971e-05,0.7813621408094648,0.16123966300855744,0.05739819618197782,200.0,92.08150863943192,-209.98152263943192,-1.4,-1.0,-11.2,0.0,0.0,-29.5,-9.0,-3.5,-6.1,-5.5,-14.9
792,10796747.90753175,45,4.218477360568073,65.78150863943192,548.6177820528621,1,6.435463857314971e-05,0.7813029133034108,0.16127778383262298,0.05741930286396626,200.0,92.08150863943192,-209.98152263943192,-1.4,-1.0,-11.2,0.0,0.0,-29.5,-9.0,-3.5,-6.1,-5.5,-14.9
793,10796747.90753175,46,4.218477360568073,65.78150863943192,548.6177820528621,1,6.435463857314971e-05,0.7812503611829593,0.161312193026205,0.05743744579083566,200.0,92.08150863943192,-209.98152263943192,-1.4,-1.0,-11.2,0.0,0.0,-29.5,-9.0,-3.5,-6.1,-5.5,-14.9
794,10796747.90753175,47,4.218477360568073,65.78150863943192,548.6177820528621,1,6.435463857314971e-05,0.781198430860671,0.1613454247705326,0.05745614436879638,200.0,92.08150863943192,-209.98152263943192,-1.4,-1.0,-11.2,0.0,0.0,-29.5,-9.0,-3.5,-6.1,-5.5,-14.9
795,10796747.90753175,48,4.218477360568073,65.78150863943192,548.6177820528621,1,6.435463857314971e-05,0.7811470779030716,0.16137645400208445,0.05747646809484405,200.0,92.08150863943192,-209.98152263943192,-1.4,-1.0,-11.2,0.0,0.0,-29.5,-9.0,-3.5,-6.1,-5.5,-14.9
796,10796747.90753175,49,4.218477360568073,65.78150863943192,548.6177820528621,1,6.435463857314971e-05,0.7811008299536446,0.16140309106745332,0.05749607897890212,200.0,92.08150863943192,-209.98152263943192,-1.4,-1.0,-11.2,0.0,0.0,-29.5,-9.0,-3.5,-6.1,-5.5,-14.9
797,10796747.90753175,0,4.218477360568073,65.78150863943192,548.6177820528621,1,6.435463857314971e-05,0.7810526198519295,0.1614300884169951,0.05751729173107541,200.0,92.08150863943192,-209.98152263943192,-1.4,-1.0,-11.2,0.0,0.0,-29.5,-9.0,-3.5,-6.1,-5.5,-14.9
798,10796747.90753175,1,4.218477360568073,65.78150863943192,548.6177820528621,1,6.435463857314971e-05,0.7810081841633568,0.16145186090206118,0.05753995493458201,200.0,92.08150863943192,-209.98152263943192,-1.4,-1.0,-11.2,0.0,0.0,-29.5,-9.0,-3.5,-6.1,-5.5,-14.9
799,10796747.90753175,2,4.218477360568073,65.78150863943192,548.6177820528621,1,6.435463857314971e-05,0.780960601526604,0.16147642144328694,0.057562977030109166,200.0,92.08150863943192,-209.98152263943192,-1.4,-1.0,-11.2,0.0,0.0,-29.5,-9.0,-3.5,-6.1,-5.5,-14.9
800,10796747.90753175,3,4.218477360568073,65.78150863943192,548.6177820528621,1,6.435463857314971e-05,0.7809146195423973,0.16150348776673343,0.057581892690869274,200.0,92.08150863943192,-209.98152263943192,-1.4,-1.0,-11.2,0.0,0.0,-29.5,-9.0,-3.5,-6.1,-5.5,-14.9
801,10796747.90753175,4,4.218477360568073,65.78150863943192,548.6177820528621,1,6.435463857314971e-05,0.7808689554689545,0.16152973458976627,0.057601309941279266,200.0,92.08150863943192,-209.98152263943192,-1.4,-1.0,-11.2,0.0,0.0,-29.5,-9.0,-3.5,-6.1,-5.5,-14.9
802,10796747.90753175,5,4.218477360568073,65.78150863943192,548.6177820528621,1,6.435463857314971e-05,0.7808270406298048,0.16155617358608407,0.057616785784111085,200.0,92.08150863943192,-209.98152263943192,-1.4,-1.0,-11.2,0.0,0.0,-29.5,-9.0,-3.5,-6.1,-5.5,-14.9
803,10796747.90753175,6,4.218477360568073,65.78150863943192,548.6177820528621,1,6.435463857314971e-05,0.7807773966326818,0.16158957683752567,0.05763302652979267,200.0,92.08150863943192,-209.98152263943192,-1.4,-1.0,-11.2,0.0,0.0,-29.5,-9.0,-3.5,-6.1,-5.5,-14.9
804,10796747.90753175,7,4.218477360568073,65.78150863943192,548.6177820528621,1,6.435463857314971e-05,0.7807260480510989,0.16162511948682734,0.05764883246207361,200.0,92.08150863943192,-209.98152263943192,-1.4,-1.0,-11.2,0.0,0.0,-29.5,-9.0,-3.5,-6.1,-5.5,-14.9
805,10796747.90753175,8,4.218477360568073,65.78150863943192,548.6177820528621,1,6.435463857314971e-05,0.7806775342669133,0.16165611360112608,0.05766635213196062,200.0,92.08150863943192,-209.98152263943192,-1.4,-1.0,-11.2,0.0,0.0,-29.5,-9.0,-3.5,-6.1,-5.5,-14.9
806,10796747.90753175,9,4.218477360568073,65.78150863943192,548.6177820528621,1,6.435463857314971e-05,0.7806295110151539,0.1616871465160834,0.057683342468762736,200.0,92.08150863943192,-209.98152263943192,-1.4,-1.0,-11.2,0.0,0.0,-29.5,-9.0,-3.5,-6.1,-5.5,-14.9
807,10796747.90753175,10,4.218477360568073,65.78150863943192,548.6177820528621,1,6.435463857314971e-05,0.780580891024518,0.16172253059853928,0.05769657837694273,200.0,92.08150863943192,-209.98152263943192,-1.4,-1.0,-11.2,0.0,0.0,-29.5,-9.0,-3.5,-6.1,-5.5,-14.9
808,10796747.90753175,11,4.218477360568073,65.78150863943192,548.6177820528621,1,6.435463857314971e-05,0.7805305559090341,0.16176100260639376,0.05770844148457213,200.0,92.08150863943192,-209.98152263943192,-1.4,-1.0,-11.2,0.0,0.0,-29.5,-9.0,-3.5,-6.1,-5.5,-14.9
809,10796747.90753175,12,4.218477360568073,65.78150863943192,548.6177820528621,1,6.435463857314971e-05,0.7804774531458389,0.16180136361749506,0.057721183236666015,200.0,92.08150863943192,-209.98152263943192,-1.4,-1.0,-11.2,0.0,0.0,-29.5,-9.0,-3.5,-6.1,-5.5,-14.9
810,10796747.90753175,13,4.218477360568073,65.78150863943192,548.6177820528621,1,6.435463857314971e-05,0.7804261949325453,0.161839099740047,0.057734705327407675,200.0,92.08150863943192,-209.98152263943192,-1.4,-1.0,-11.2,0.0,0.0,-29.5,-9.0,-3.5,-6.1,-5.5,-14.9
811,10796747.90753175,14,4.218477360568073,65.78150863943192,548.6177820528621,1,6.435463857314971e-05,0.780374461257749,0.16187654627915077,0.05774899246310032,200.0,92.08150863943192,-209.98152263943192,-1.4,-1.0,-11.2,0.0,0.0,-29.5,-9.0,-3.5,-6.1,-5.5,-14.9
812,10796747.90753175,15,4.218477360568073,65.78150863943192,548.6177820528621,1,6.435463857314971e-05,0.7803211684067232,0.16191481461455481,0.05776401697872211,200.0,92.08150863943192,-209.98152263943192,-1.4,-1.0,-11.2,0.0,0.0,-29.5,-9.0,-3.5,-6.1,-5.5,-14.9
813,10796747.90753175,16,4.218477360568073,65.78150863943192,548.6177820528621,1,6.435463857314971e-05,0.7802630472027939,0.16195609085643248,0.05778086194077363,200.0,92.08150863943192,-209.98152263943192,-1.4,-1.0,-11.2,0.0,0.0,-29.5,-9.0,-3.5,-6.1,-5.5,-14.9
814,10796747.90753175,17,4.218477360568073,65.78150863943192,548.6177820528621,1,6.435463857314971e-05,0.7802037360701611,0.16200011951225815,0.057796144417580776,200.0,92.08150863943192,-209.98152263943192,-1.4,-1.0,-11.2,0.0,0.0,-29.5,-9.0,-3.5,-6.1,-5.5,-14.9
815,10796747.90753175,18,4.218477360568073,65.78150863943192,548.6177820528621,1,6.435463857314971e-05,0.780147717238905,0.16204022591814488,0.05781205684295014,200.0,92.08150863943192,-209.98152263943192,-1.4,-1.0,-11.2,0.0,0.0,-29.5,-9.0,-3.5,-6.1,-5.5,-14.9
816,10796747.90753175,19,4.218477360568073,65.78150863943192,548.6177820528621,1,6.435463857314971e-05,0.780087068676373,0.1620853590463885,0.057827572277238566,200.0,92.08150863943192,-209.98152263943192,-1.4,-1.0,-11.2,0.0,0.0,-29.5,-9.0,-3.5,-6.1,-5.5,-14.9
817,10796747.90753175,20,4.218477360568073,65.78150863943192,548.6177820528621,1,6.435463857314971e-05,0.7800220026882122,0.16213312646939754,0.057844870842390206,200.0,92.08150863943192,-209.98152263943192,-1.4,-1.0,-11.2,0.0,0.0,-29.5,-9.0,-3.5,-6.1,-5.5,-14.9
818,10796747.90753175,21,4.218477360568073,65.78150863943192,548.6177820528621,1,6.435463857314971e-05,0.779958298921874,0.1621779022122876,0.057863798865838485,200.0,92.08150863943192,-209.98152263943192,-1.4,-1.0,-11.2,0.0,0.0,-29.5,-9.0,-3.5,-6.1,-5.5,-14.9
819,10796747.90753175,22,4.218477360568073,65.78150863943192,548.6177820528621,1,6.435463857314971e-05,0.7798948336831693,0.16222412560837718,0.05788104070845359,200.0,92.08150863943192,-209.98152263943192,-1.4,-1.0,-11.2,0.0,0.0,-29.5,-9.0,-3.5,-6.1,-5.5,-14.9
820,10796747.90753175,23,4.218477360568073,65.78150863943192,548.6177820528621,1,6.435463857314971e-05,0.7798304280441767,0.1622685567550517,0.057901015200771636,200.0,92.08150863943192,-209.98152263943192,-1.4,-1.0,-11.2,0.0,0.0,-29.5,-9.0,-3.5,-6.1,-5.5,-14.9
821,10796747.90753175,24,4.218477360568073,65.78150863943192,548.6177820528621,1,6.435463857314971e-05,0.7797674328725142,0.16231441089158927,0.05791815623589652,200.0,92.08150863943192,-209.98152263943192,-1.4,-1.0,-11.2,0.0,0.0,-29.5,-9.0,-3.5,-6.1,-5.5,-14.9
822,10796747.90753175,25,4.218477360568073,65.78150863943192,548.6177820528621,1,6.435463857314971e-05,0.779702431240566,0.16236276594720986,0.0579348028122242,200.0,92.08150863943192,-209.98152263943192,-1.4,-1.0,-11.2,0.0,0.0,-29.5,-9.0,-3.5,-6.1,-5.5,-14.9
823,10796747.90753175,26,4.218477360568073,65.78150863943192,548.6177820528621,1,6.435463857314971e-05,0.7796377426587991,0.16241130297886347,0.057950954362337395,200.0,92.08150863943192,-209.98152263943192,-1.4,-1.0,-11.2,0.0,0.0,-29.5,-9.0,-3.5,-6.1,-5.5,-14.9
824,10796747.90753175,27,4.218477360568073,65.78150863943192,548.6177820528621,1,6.435463857314971e-05,0.7795788909878326,0.16245560991678734,0.057965499095380006,200.0,92.08150863943192,-209.98152263943192,-1.4,-1.0,-11.2,0.0,0.0,-29.5,-9.0,-3.5,-6.1,-5.5,-14.9
825,10796747.90753175,28,4.218477360568073,65.78150863943192,548.6177820528621,1,6.435463857314971e-05,0.7795211940405855,0.16250238322503588,0.057976422734378655,200.0,92.08150863943192,-209.98152263943192,-1.4,-1.0,-11.2,0.0,0.0,-29.5,-9.0,-3.5,-6.1,-5.5,-14.9
826,10796747.90753175,29,4.218477360568073,65.78150863943192,548.6177820528621,1,6.435463857314971e-05,0.7794590228592668,0.1625516470617965,0.05798933007893663,200.0,92.08150863943192,-209.98152263943192,-1.4,-1.0,-11.2,0.0,0.0,-29.5,-9.0,-3.5,-6.1,-5.5,-14.9
827,10796747.90753175,30,4.218477360568073,65.78150863943192,548.6177820528621,1,6.435463857314971e-05,0.7794014620453238,0.16259772810078912,0.05800080985388703,200.0,92.08150863943192,-209.98152263943192,-1.4,-1.0,-11.2,0.0,0.0,-29.5,-9.0,-3.5,-6.1,-5.5,-14.9
828,10796747.90753175,31,4.218477360568073,65.78150863943192,548.6177820528621,1,6.435463857314971e-05,0.7793427653068457,0.16264517081507635,0.05801206387807797,200.0,92.08150863943192,-209.98152263943192,-1.4,-1.0,-11.2,0.0,0.0,-29.5,-9.0,-3.5,-6.1,-5.5,-14.9
829,10796747.90753175,32,4.218477360568073,65.78150863943192,548.6177820528621,1,6.435463857314971e-05,0.7792818738030238,0.16269287367582733,0.0580252525211489,200.0,92.08150863943192,-209.98152263943192,-1.4,-1.0,-11.2,0.0,0.0,-29.5,-9.0,-3.5,-6.1,-5.5,-14.9
830,10796747.90753175,33,4.218477360568073,65.78150863943192,548.6177820528621,1,6.435463857314971e-05,0.7792189054777549,0.16274081773128923,0.05804027679095593,200.0,92.08150863943192,-209.98152263943192,-1.4,-1.0,-11.2,0.0,0.0,-29.5,-9.0,-3.5,-6.1,-5.5,-14.9
831,10796747.90753175,34,4.218477360568073,65.78150863943192,548.6177820528621,1,6.435463857314971e-05,0.7791539860946043,0.16279004173152933,0.05805597217386641,200.0,92.08150863943192,-209.98152263943192,-1.4,-1.0,-11.2,0.0,0.0,-29.5,-9.0,-3.5,-6.1,-5.5,-14.9
832,10796747.90753175,35,4.218477360568073,65.78150863943192,548.6177820528621,1,6.435463857314971e-05,0.7790927462691076,0.1628382147437259,0.058069038987166505,200.0,92.08150863943192,-209.98152263943192,-1.4,-1.0,-11.2,0.0,0.0,-29.5,-9.0,-3.5,-6.1,-5.5,-14.9
833,10796747.90753175,36,4.218477360568073,65.78150863943192,548.6177820528621,1,6.435463857314971e-05,0.7790338677802139,0.16288330705047632,0.0580828251693098,200.0,92.08150863943192,-209.98152263943192,-1.4,-1.0,-11.2,0.0,0.0,-29.5,-9.0,-3.5,-6.1,-5.5,-14.9
834,10796747.90753175,37,4.218477360568073,65.78150863943192,548.6177820528621,1,6.435463857314971e-05,0.7789794347083454,0.16292436221647294,0.05809620307518161,200.0,92.08150863943192,-209.98152263943192,-1.4,-1.0,-11.2,0.0,0.0,-29.5,-9.0,-3.5,-6.1,-5.5,-14.9
835,10796747.90753175,38,4.218477360568073,65.78150863943192,548.6177820528621,1,6.435463857314971e-05,0.7789270609841495,0.16296585214462347,0.058107086871227,200.0,92.08150863943192,-209.98152263943192,-1.4,-1.0,-11.2,0.0,0.0,-29.5,-9.0,-3.5,-6.1,-5.5,-14.9
836,10796747.90753175,39,4.218477360568073,65.78150863943192,548.6177820528621,1,6.435463857314971e-05,0.7788788152610139,0.16300453849483695,0.0581166462441492,200.0,92.08150863943192,-209.98152263943192,-1.4,-1.0,-11.2,0.0,0.0,-29.5,-9.0,-3.5,-6.1,-5.5,-14.9
837,10796747.90753175,40,4.218477360568073,65.78150863943192,548.6177820528621,1,6.435463857314971e-05,0.7788355772549863,0.163039484597332,0.0581249381476817,200.0,92.08150863943192,-209.98152263943192,-1.4,-1.0,-11.2,0.0,0.0,-29.5,-9.0,-3.5,-6.1,-5.5,-14.9
838,10796747.90753175,41,4.218477360568073,65.78150863943192,548.6177820528621,1,6.435463857314971e-05,0.7787960390733837,0.16307614831147366,0.05812781261514265,200.0,92.08150863943192,-209.98152263943192,-1.4,-1.0,-11.2,0.0,0.0,-29.5,-9.0,-3.5,-6.1,-5.5,-14.9
839,10796747.90753175,42,4.218477360568073,65.78150863943192,548.6177820528621,1,6.435463857314971e-05,0.7787567077010846,0.16311348113221674,0.05812981116669862,200.0,92.08150863943192,-209.98152263943192,-1.4,-1.0,-11.2,0.0,0.0,-29.5,-9.0,-3.5,-6.1,-5.5,-14.9
840,10796747.90753175,43,4.218477360568073,65.78150863943192,548.6177820528621,1,6.435463857314971e-05,0.7787132109196904,0.16315365902757242,0.058133130052737174,200.0,92.08150863943192,-209.98152263943192,-1.4,-1.0,-11.2,0.0,0.0,-29.5,-9.0,-3.5,-6.1,-5.5,-14.9
841,10796747.90753175,44,4.218477360568073,65.78150863943192,548.6177820528621,1,6.435463857314971e-05,0.7786679596734248,0.16319751817987763,0.05813452214669754,200.0,92.08150863943192,-209.98152263943192,-1.4,-1.0,-11.2,0.0,0.0,-29.5,-9.0,-3.5,-6.1,-5.5,-14.9
842,10796747.90753175,45,4.218477360568073,65.78150863943192,548.6177820528621,1,6.435463857314971e-05,0.7786188527027755,0.163242835486028,0.05813831181119645,200.0,92.08150863943192,-209.98152263943192,-1.4,-1.0,-11.2,0.0,0.0,-29.5,-9.0,-3.5,-6.1,-5.5,-14.9
843,10796747.90753175,46,4.218477360568073,65.78150863943192,548.6177820528621,1,6.435463857314971e-05,0.7785747925076991,0.16328302135388678,0.05814218613841404,200.0,92.08150863943192,-209.98152263943192,-1.4,-1.0,-11.2,0.0,0.0,-29.5,-9.0,-3.5,-6.1,-5.5,-14.9
844,10796747.90753175,47,4.218477360568073,65.78150863943192,548.6177820528621,1,6.435463857314971e-05,0.7785279380128863,0.1633279416967522,0.05814412029036152,200.0,92.08150863943192,-209.98152263943192,-1.4,-1.0,-11.2,0.0,0.0,-29.5,-9.0,-3.5,-6.1,-5.5,-14.9
845,10796747.90753175,48,4.218477360568073,65.78150863943192,548.6177820528621,1,6.435463857314971e-05,0.7784795114207003,0.16337418998736145,0.05814629859193836,200.0,92.08150863943192,-209.98152263943192,-1.4,-1.0,-11.2,0.0,0.0,-29.5,-9.0,-3.5,-6.1,-5.5,-14.9
846,10796747.90753175,49,4.218477360568073,65.78150863943192,548.6177820528621,1,6.435463857314971e-05,0.7784328417267936,0.16341638949781145,0.058150768775394955,200.0,92.08150863943192,-209.98152263943192,-1.4,-1.0,-11.2,0.0,0.0,-29.5,-9.0,-3.5,-6.1,-5.5,-14.9
847,10796747.90753175,0,4.218477360568073,65.78150863943192,548.6177820528621,1,6.435463857314971e-05,0.7783911007577952,0.16345465790791427,0.05815424133429062,200.0,92.08150863943192,-209.98152263943192,-1.4,-1.0,-11.2,0.0,0.0,-29.5,-9.0,-3.5,-6.1,-5.5,-14.9
848,10796747.90753175,1,4.218477360568073,65.78150863943192,548.6177820528621,1,6.435463857314971e-05,0.7783453857512654,0.1634967146034367,0.058157899645297835,200.0,92.08150863943192,-209.98152263943192,-1.4,-1.0,-11.2,0.0,0.0,-29.5,-9.0,-3.5,-6.1,-5.5,-14.9
849,10796747.90753175,2,4.218477360568073,65.78150863943192,548.6177820528621,1,6.435463857314971e-05,0.7783002329008687,0.16354016300619734,0.058159604092934004,200.0,92.08150863943192,-209.98152263943192,-1.4,-1.0,-11.2,0.0,0.0,-29.5,-9.0,-3.5,-6.1,-5.5,-14.9
850,10796747.90753175,3,4.218477360568073,65.78150863943192,548.6177820528621,1,6.435463857314971e-05,0.778257772672309,0.1635817500308701,0.05816047729682096,200.0,92.08150863943192,-209.98152263943192,-1.4,-1.0,-11.2,0.0,0.0,-29.5,-9.0,-3.5,-6.1,-5.5,-14.9
851,10796747.90753175,4,4.218477360568073,65.78150863943192,548.6177820528621,1,6.435463857314971e-05,0.7782157121229417,0.16362370358555703,0.05816058429150122,200.0,92.08150863943192,-209.98152263943192,-1.4,-1.0,-11.2,0.0,0.0,-29.5,-9.0,-3.5,-6.1,-5.5,-14.9
852,10796747.90753175,5,4.218477360568073,65.78150863943192,548.6177820528621,1,6.435463857314971e-05,0.7781783407466732,0.16365966078110228,0.05816199847222455,200.0,92.08150863943192,-209.98152263943192,-1.4,-1.0,-11.2,0.0,0.0,-29.5,-9.0,-3.5,-6.1,-5.5,-14.9
853,10796747.90753175,6,4.218477360568073,65.78150863943192,548.6177820528621,1,6.435463857314971e-05,0.7781432698831313,0.16369413131345598,0.05816259880341279,200.0,92.08150863943192,-209.98152263943192,-1.4,-1.0,-11.2,0.0,0.0,-29.5,-9.0,-3.5,-6.1,-5.5,-14.9
854,10796747.90753175,7,4.218477360568073,65.78150863943192,548.6177820528621,1,6.435463857314971e-05,0.7781082328078488,0.16372828228933875,0.05816348490281249,200.0,92.08150863943192,-209.98152263943192,-1.4,-1.0,-11.2,0.0,0.0,-29.5,-9.0,-3.5,-6.1,-5.5,-14.9
855,10796747.90753175,8,4.218477360568073,65.78150863943192,548.6177820528621,1,6.435463857314971e-05,0.77807966888782,0.163755753455943,0.05816457765623697,200.0,92.08150863943192,-209.98152263943192,-1.4,-1.0,-11.2,0.0,0.0,-29.5,-9.0,-3.5,-6.1,-5.5,-14.9
856,10796747.90753175,9,4.218477360568073,65.78150863943192,548.6177820528621,1,6.435463857314971e-05,0.7780497432608321,0.16378431568521326,0.05816594105395467,200.0,92.08150863943192,-209.98152263943192,-1.4,-1.0,-11.2,0.0,0.0,-29.5,-9.0,-3.5,-6.1,-5.5,-14.9
857,10796747.90753175,10,4.218477360568073,65.78150863943192,548.6177820528621,1,6.435463857314971e-05,0.7780185324759268,0.16381597104380924,0.058165496480264006,200.0,92.08150863943192,-209.98152263943192,-1.4,-1.0,-11.2,0.0,0.0,-29.5,-9.0,-3.5,-6.1,-5.5,-14.9
858,10796747.90753175,11,4.218477360568073,65.78150863943192,548.6177820528621,1,6.435463857314971e-05,0.7779893132899034,0.1638463487829284,0.05816433792716821,200.0,92.08150863943192,-209.98152263943192,-1.4,-1.0,-11.2,0.0,0.0,-29.5,-9.0,-3.5,-6.1,-5.5,-14.9
859,10796747.90753175,12,4.218477360568073,65.78150863943192,548.6177820528621,1,6.435463857314971e-05,0.7779545002787102,0.1638798354590291,0.05816566426226074,200.0,92.08150863943192,-209.98152263943192,-1.4,-1.0,-11.2,0.0,0.0,-29.5,-9.0,-3.5,-6.1,-5.5,-14.9
860,10796747.90753175,13,4.218477360568073,65.78150863943192,548.6177820528621,1,6.435463857314971e-05,0.7779122436895937,0.1639173556796203,0.05817040063078605,200.0,92.08150863943192,-209.98152263943192,-1.4,-1.0,-11.2,0.0,0.0,-29.5,-9.0,-3.5,-6.1,-5.5,-14.9
861,10796747.90753175,14,4.218477360568073,65.78150863943192,548.6177820528621,1,6.435463857314971e-05,0.7778736154760773,0.16395120674198163,0.058175177781941166,200.0,92.08150863943192,-209.98152263943192,-1.4,-1.0,-11.2,0.0,0.0,-29.5,-9.0,-3.5,-6.1,-5.5,-14.9
862,10796747.90753175,15,4.218477360568073,65.78150863943192,548.6177820528621,1,6.435463857314971e-05,0.7778384322198931,0.16398260375620483,0.05817896402390201,200.0,92.08150863943192,-209.98152263943192,-1.4,-1.0,-11.2,0.0,0.0,-29.5,-9.0,-3.5,-6.1,-5.5,-14.9
863,10796747.90753175,16,4.218477360568073,65.78150863943192,548.6177820528621,1,6.435463857314971e-05,0.7778043861191303,0.1640127548151622,0.05818285906570753,200.0,92.08150863943192,-209.98152263943192,-1.4,-1.0,-11.2,0.0,0.0,-29.5,-9.0,-3.5,-6.1,-5.5,-14.9
864,10796747.90753175,17,4.218477360568073,65.78150863943192,548.6177820528621,1,6.435463857314971e-05,0.7777692934719929,0.16404382904236306,0.058186877485644155,200.0,92.08150863943192,-209.98152263943192,-1.4,-1.0,-11.2,0.0,0.0,-29.5,-9.0,-3.5,-6.1,-5.5,-14.9
865,10796747.90753175,18,4.218477360568073,65.78150863943192,548.6177820528621,1,6.435463857314971e-05,0.7777342753394664,0.16407472258981634,0.05819100207071734,200.0,92.08150863943192,-209.98152263943192,-1.4,-1.0,-11.2,0.0,0.0,-29.5,-9.0,-3.5,-6.1,-5.5,-14.9
866,10796747.90753175,19,4.218477360568073,65.78150863943192,548.6177820528621,1,6.435463857314971e-05,0.7777003918363474,0.1641033664746504,0.05819624168900217,200.0,92.08150863943192,-209.98152263943192,-1.4,-1.0,-11.2,0.0,0.0,-29.5,-9.0,-3.5,-6.1,-5.5,-14.9
867,10796747.90753175,20,4.218477360568073,65.78150863943192,548.6177820528621,1,6.435463857314971e-05,0.7776633448301378,0.16413510043719298,0.05820155473266919,200.0,92.08150863943192,-209.98152263943192,-1.4,-1.0,-11.2,0.0,0.0,-29.5,-9.0,-3.5,-6.1,-5.5,-14.9
868,10796747.90753175,21,4.218477360568073,65.78150863943192,548.6177820528621,1,6.435463857314971e-05,0.7776264781418932,0.16416456728811005,0.058208954569996744,200.0,92.08150863943192,-209.98152263943192,-1.4,-1.0,-11.2,0.0,0.0,-29.5,-9.0,-3.5,-6.1,-5.5,-14.9
869,10796747.90753175,22,4.218477360568073,65.78150863943192,548.6177820528621,1,6.435463857314971e-05,0.7775919140323219,0.16419386693568888,0.058214219031989256,200.0,92.08150863943192,-209.98152263943192,-1.4,-1.0,-11.2,0.0,0.0,-29.5,-9.0,-3.5,-6.1,-5.5,-14.9
870,10796747.90753175,23,4.218477360568073,65.78150863943192,548.6177820528621,1,6.435463857314971e-05,0.7775574135507883,0.16422204153353767,0.05822054491567396,200.0,92.08150863943192,-209.98152263943192,-1.4,-1.0,-11.2,0.0,0.0,-29.5,-9.0,-3.5,-6.1,-5.5,-14.9
871,10796747.90753175,24,4.218477360568073,65.78150863943192,548.6177820528621,1,6.435463857314971e-05,0.77752297916429,0.16425016525110386,0.05822685558460605,200.0,92.08150863943192,-209.98152263943192,-1.4,-1.0,-11.2,0.0,0.0,-29.5,-9.0,-3.5,-6.1,-5.5,-14.9
872,10796747.90753175,25,4.218477360568073,65.78150863943192,548.6177820528621,1,6.435463857314971e-05,0.7774907250377078,0.16427716395301672,0.05823211100927552,200.0,92.08150863943192,-209.98152263943192,-1.4,-1.0,-11.2,0.0,0.0,-29.5,-9.0,-3.5,-6.1,-5.5,-14.9
873,10796747.90753175,26,4.218477360568073,65.78150863943192,548.6177820528621,1,6.435463857314971e-05,0.777458429552232,0.1643041660141823,0.05823740443358578,200.0,92.08150863943192,-209.98152263943192,-1.4,-1.0,-11.2,0.0,0.0,-29.5,-9.0,-3.5,-6.1,-5.5,-14.9
874,10796747.90753175,27,4.218477360568073,65.78150863943192,548.6177820528621,1,6.435463857314971e-05,0.7774271535812451,0.16433114053077544,0.05824170588797938,200.0,92.08150863943192,-209.98152263943192,-1.4,-1.0,-11.2,0.0,0.0,-29.5,-9.0,-3.5,-6.1,-5.5,-14.9
875,10796747.90753175,28,4.218477360568073,65.78150863943192,548.6177820528621,1,6.435463857314971e-05,0.7773978987296545,0.16435602854465015,0.058246072725695375,200.0,92.08150863943192,-209.98152263943192,-1.4,-1.0,-11.2,0.0,0.0,-29.5,-9.0,-3.5,-6.1,-5.5,-14.9
876,10796747.90753175,29,4.218477360568073,65.78150863943192,548.6177820528621,1,6.435463857314971e-05,0.7773653029725253,0.16438313064572874,0.05825156638174599,200.0,92.08150863943192,-209.98152263943192,-1.4,-1.0,-11.2,0.0,0.0,-29.5,-9.0,-3.5,-6.1,-5.5,-14.9
877,10796747.90753175,30,4.218477360568073,65.78150863943192,548.6177820528621,1,6.435463857314971e-05,0.7773358505270346,0.16440811027595983,0.058256039197005664,200.0,92.08150863943192,-209.98152263943192,-1.4,-1.0,-11.2,0.0,0.0,-29.5,-9.0,-3.5,-6.1,-5.5,-14.9
878,10796747.90753175,31,4.218477360568073,65.78150863943192,548.6177820528621,1,6.435463857314971e-05,0.7773104296737628,0.16443003602185138,0.05825953430438581,200.0,92.08150863943192,-209.98152263943192,-1.4,-1.0,-11.2,0.0,0.0,-29.5,-9.0,-3.5,-6.1,-5.5,-14.9
879,10796747.90753175,32,4.218477360568073,65.78150863943192,548.6177820528621,1,6.435463857314971e-05,0.7772846393683034,0.16445220703991498,0.05826315359178161,200.0,92.08150863943192,-209.98152263943192,-1.4,-1.0,-11.2,0.0,0.0,-29.5,-9.0,-3.5,-6.1,-5.5,-14.9
880,10796747.90753175,33,4.218477360568073,65.78150863943192,548.6177820528621,1,6.435463857314971e-05,0.7772605938603115,0.16447152483400831,0.05826788130568013,200.0,92.08150863943192,-209.98152263943192,-1.4,-1.0,-11.2,0.0,0.0,-29.5,-9.0,-3.5,-6.1,-5.5,-14.9
881,10796747.90753175,34,4.218477360568073,65.78150863943192,548.6177820528621,1,6.435463857314971e-05,0.7772371607302734,0.16449017979704425,0.058272659472682446,200.0,92.08150863943192,-209.98152263943192,-1.4,-1.0,-11.2,0.0,0.0,-29.5,-9.0,-3.5,-6.1,-5.5,-14.9
882,10796747.90753175,35,4.218477360568073,65.78150863943192,548.6177820528621,1,6.435463857314971e-05,0.7772153521089629,0.16450616320668435,0.05827848468435289,200.0,92.08150863943192,-209.98152263943192,-1.4,-1.0,-11.2,0.0,0.0,-29.5,-9.0,-3.5,-6.1,-5.5,-14.9
883,10796747.90753175,36,4.218477360568073,65.78150863943192,548.6177820528621,1,6.435463857314971e-05,0.7771909127004233,0.1645237449051719,0.058285342394404825,200.0,92.08150863943192,-209.98152263943192,-1.4,-1.0,-11.2,0.0,0.0,-29.5,-9.0,-3.5,-6.1,-5.5,-14.9
884,10796747.90753175,37,4.218477360568073,65.78150863943192,548.6177820528621,1,6.435463857314971e-05,0.7771639897651172,0.16454686386764966,0.05828914636723315,200.0,92.08150863943192,-209.98152263943192,-1.4,-1.0,-11.2,0.0,0.0,-29.5,-9.0,-3.5,-6.1,-5.5,-14.9
885,10796747.90753175,38,4.218477360568073,65.78150863943192,548.6177820528621,1,6.435463857314971e-05,0.7771388766828429,0.1645690931937967,0.058292030123360525,200.0,92.08150863943192,-209.98152263943192,-1.4,-1.0,-11.2,0.0,0.0,-29.5,-9.0,-3.5,-6.1,-5.5,-14.9
886,10796747.90753175,39,4.218477360568073,65.78150863943192,548.6177820528621,1,6.435463857314971e-05,0.7771175632122593,0.16458941792999832,0.05829301885774237,200.0,92.08150863943192,-209.98152263943192,-1.4,-1.0,-11.2,0.0,0.0,-29.5,-9.0,-3.5,-6.1,-5.5,-14.9
887,10796747.90753175,40,4.218477360568073,65.78150863943192,548.6177820528621,1,6.435463857314971e-05,0.7770977742767233,0.16460799028453638,0.05829423543874024,200.0,92.08150863943192,-209.98152263943192,-1.4,-1.0,-11.2,0.0,0.0,-29.5,-9.0,-3.5,-6.1,-5.5,-14.9
888,10796747.90753175,41,4.218477360568073,65.78150863943192,548.6177820528621,1,6.435463857314971e-05,0.7770804699132082,0.16462287059068256,0.05829665949610931,200.0,92.08150863943192,-209.98152263943192,-1.4,-1.0,-11.2,0.0,0.0,-29.5,-9.0,-3.5,-6.1,-5.5,-14.9
889,10796747.90753175,42,4.218477360568073,65.78150863943192,548.6177820528621,1,6.435463857314971e-05,0.7770613752245441,0.16463935797187879,0.0582992668035772,200.0,92.08150863943192,-209.98152263943192,-1.4,-1.0,-11.2,0.0,0.0,-29.5,-9.0,-3.5,-6.1,-5.5,-14.9
890,10796747.90753175,43,4.218477360568073,65.78150863943192,548.6177820528621,1,6.435463857314971e-05,0.7770488722606773,0.16465115653251133,0.05829997120681141,200.0,92.08150863943192,-209.98152263943192,-1.4,-1.0,-11.2,0.0,0.0,-29.5,-9.0,-3.5,-6.1,-5.5,-14.9
891,10796747.90753175,44,4.218477360568073,65.78150863943192,548.6177820528621,1,6.435463857314971e-05,0.777033304152479,0.1646627448981352,0.05830395094938587,200.0,92.08150863943192,-209.98152263943192,-1.4,-1.0,-11.2,0.0,0.0,-29.5,-9.0,-3.5,-6.1,-5.5,-14.9
892,10796747.90753175,45,4.218477360568073,65.78150863943192,548.6177820528621,1,6.435463857314971e-05,0.7770200049821552,0.1646739963756772,0.05830599864216767,200.0,92.08150863943192,-209.98152263943192,-1.4,-1.0,-11.2,0.0,0.0,-29.5,-9.0,-3.5,-6.1,-5.5,-14.9
893,10796747.90753175,46,4.218477360568073,65.78150863943192,548.6177820528621,1,6.435463857314971e-05,0.777006791833718,0.16468597665327062,0.05830723151301143,200.0,92.08150863943192,-209.98152263943192,-1.4,-1.0,-11.2,0.0,0.0,-29.5,-9.0,-3.5,-6.1,-5.5,-14.9
894,10796747.90753175,47,4.218477360568073,65.78150863943192,548.6177820528621,1,6.435463857314971e-05,0.7769957225777716,0.1646985916082718,0.058305685813956544,200.0,92.08150863943192,-209.98152263943192,-1.4,-1.0,-11.2,0.0,0.0,-29.5,-9.0,-3.5,-6.1,-5.5,-14.9
895,10796747.90753175,48,4.218477360568073,65.78150863943192,548.6177820528621,1,6.435463857314971e-05,0.7769784464931334,0.16471401330093735,0.05830754020592921,200.0,92.08150863943192,-209.98152263943192,-1.4,-1.0,-11.2,0.0,0.0,-29.5,-9.0,-3.5,-6.1,-5.5,-14.9
896,10796747.90753175,49,4.218477360568073,65.78150863943192,548.6177820528621,1,6.435463857314971e-05,0.776965579136867,0.1647248748792971,0.05830954598383586,200.0,92.08150863943192,-209.98152263943192,-1.4,-1.0,-11.2,0.0,0.0,-29.5,-9.0,-3.5,-6.1,-5.5,-14.9
897,10796747.90753175,0,4.218477360568073,65.78150863943192,548.6177820528621,1,6.435463857314971e-05,0.7769476378478045,0.1647385950330214,0.05831376711917415,200.0,92.08150863943192,-209.98152263943192,-1.4,-1.0,-11.2,0.0,0.0,-29.5,-9.0,-3.5,-6.1,-5.5,-14.9
898,10796747.90753175,1,4.218477360568073,65.78150863943192,548.6177820528621,1,6.435463857314971e-05,0.7769300265160848,0.16475290871372922,0.0583170647701861,200.0,92.08150863943192,-209.98152263943192,-1.4,-1.0,-11.2,0.0,0.0,-29.5,-9.0,-3.5,-6.1,-5.5,-14.9
899,10796747.90753175,2,4.218477360568073,65.78150863943192,548.6177820528621,1,6.435463857314971e-05,0.7769147816988615,0.16476772957669156,0.05831748872444702,200.0,92.08150863943192,-209.98152263943192,-1.4,-1.0,-11.2,0.0,0.0,-29.5,-9.0,-3.5,-6.1,-5.5,-14.9
900,10796747.90753175,3,4.218477360568073,65.78150863943192,548.6177820528621,1,6.435463857314971e-05,0.7768966556038605,0.16478316477378013,0.05832017962235936,200.0,92.08150863943192,-209.98152263943192,-1.4,-1.0,-11.2,0.0,0.0,-29.5,-9.0,-3.5,-6.1,-5.5,-14.9
901,10796747.90753175,4,4.218477360568073,65.78150863943192,548.6177820528621,1,6.435463857314971e-05,0.7768788723441382,0.16479811192405858,0.05832301573180328,200.0,92.08150863943192,-209.98152263943192,-1.4,-1.0,-11.2,0.0,0.0,-29.5,-9.0,-3.5,-6.1,-5.5,-14.9
902,10796747.90753175,5,4.218477360568073,65.78150863943192,548.6177820528621,1,6.435463857314971e-05,0.7768614153682941,0.164814569173095,0.05832401545861094,200.0,92.08150863943192,-209.98152263943192,-1.4,-1.0,-11.2,0.0,0.0,-29.5,-9.0,-3.5,-6.1,-5.5,-14.9
903,10796747.90753175,6,4.218477360568073,65.78150863943192,548.6177820528621,1,6.435463857314971e-05,0.7768381344080216,0.1648345915622353,0.05832727402974314,200.0,92.08150863943192,-209.98152263943192,-1.4,-1.0,-11.2,0.0,0.0,-29.5,-9.0,-3.5,-6.1,-5.5,-14.9
904,10796747.90753175,7,4.218477360568073,65.78150863943192,548.6177820528621,1,6.435463857314971e-05,0.7768154642944796,0.16485290200585268,0.05833163369966781,200.0,92.08150863943192,-209.98152263943192,-1.4,-1.0,-11.2,0.0,0.0,-29.5,-9.0,-3.5,-6.1,-5.5,-14.9
905,10796747.90753175,8,4.218477360568073,65.78150863943192,548.6177820528621,1,6.435463857314971e-05,0.7767954158483057,0.1648675652717039,0.058337018879990474,200.0,92.08150863943192,-209.98152263943192,-1.4,-1.0,-11.2,0.0,0.0,-29.5,-9.0,-3.5,-6.1,-5.5,-14.9
906,10796747.90753175,9,4.218477360568073,65.78150863943192,548.6177820528621,1,6.435463857314971e-05,0.7767778525228651,0.1648787710331299,0.058343376444005036,200.0,92.08150863943192,-209.98152263943192,-1.4,-1.0,-11.2,0.0,0.0,-29.5,-9.0,-3.5,-6.1,-5.5,-14.9
907,10796747.90753175,10,4.218477360568073,65.78150863943192,548.6177820528621,1,6.435463857314971e-05,0.7767616305042899,0.16488868920517513,0.058349680290535055,200.0,92.08150863943192,-209.98152263943192,-1.4,-1.0,-11.2,0.0,0.0,-29.5,-9.0,-3.5,-6.1,-5.5,-14.9
908,10796747.90753175,11,4.218477360568073,65.78150863943192,548.6177820528621,1,6.435463857314971e-05,0.7767426125171266,0.1649004330814892,0.05835695440138429,200.0,92.08150863943192,-209.98152263943192,-1.4,-1.0,-11.2,0.0,0.0,-29.5,-9.0,-3.5,-6.1,-5.5,-14.9
909,10796747.90753175,12,4.218477360568073,65.78150863943192,548.6177820528621,1,6.435463857314971e-05,0.7767229857125164,0.16491679831183945,0.058360215975644135,200.0,92.08150863943192,-209.98152263943192,-1.4,-1.0,-11.2,0.0,0.0,-29.5,-9.0,-3.5,-6.1,-5.5,-14.9
910,10796747.90753175,13,4.218477360568073,65.78150863943192,548.6177820528621,1,6.435463857314971e-05,0.7767017614293766,0.16493463101124484,0.058363607559378604,200.0,92.08150863943192,-209.98152263943192,-1.4,-1.0,-11.2,0.0,0.0,-29.5,-9.0,-3.5,-6.1,-5.5,-14.9
911,10796747.90753175,14,4.218477360568073,65.78150863943192,548.6177820528621,1,6.435463857314971e-05,0.7766840974068759,0.1649507843455963,0.05836511824752784,200.0,92.08150863943192,-209.98152263943192,-1.4,-1.0,-11.2,0.0,0.0,-29.5,-9.0,-3.5,-6.1,-5.5,-14.9
912,10796747.90753175,15,4.218477360568073,65.78150863943192,548.6177820528621,1,6.435463857314971e-05,0.7766687973222154,0.16496439247177846,0.058366810206006134,200.0,92.08150863943192,-209.98152263943192,-1.4,-1.0,-11.2,0.0,0.0,-29.5,-9.0,-3.5,-6.1,-5.5,-14.9
913,10796747.90753175,16,4.218477360568073,65.78150863943192,548.6177820528621,1,6.435463857314971e-05,0.7766557378642793,0.16497753978562135,0.058366722350099334,200.0,92.08150863943192,-209.98152263943192,-1.4,-1.0,-11.2,0.0,0.0,-29.5,-9.0,-3.5,-6.1,-5.5,-14.9
914,10796747.90753175,17,4.218477360568073,65.78150863943192,548.6177820528621,1,6.435463857314971e-05,0.7766407628611147,0.1649903540764395,0.05836888306244574,200.0,92.08150863943192,-209.98152263943192,-1.4,-1.0,-11.2,0.0,0.0,-29.5,-9.0,-3.5,-6.1,-5.5,-14.9
915,10796747.90753175,18,4.218477360568073,65.78150863943192,548.6177820528621,1,6.435463857314971e-05,0.7766259918792575,0.16500279873373874,0.05837120938700377,200.0,92.08150863943192,-209.98152263943192,-1.4,-1.0,-11.2,0.0,0.0,-29.5,-9.0,-3.5,-6.1,-5.5,-14.9
916,10796747.90753175,19,4.218477360568073,65.78150863943192,548.6177820528621,1,6.435463857314971e-05,0.776613432688511,0.16501483935999922,0.05837172795148972,200.0,92.08150863943192,-209.98152263943192,-1.4,-1.0,-11.2,0.0,0.0,-29.5,-9.0,-3.5,-6.1,-5.5,-14.9
917,10796747.90753175,20,4.218477360568073,65.78150863943192,548.6177820528621,1,6.435463857314971e-05,0.7765989418786888,0.16502757294689957,0.058373485174411585,200.0,92.08150863943192,-209.98152263943192,-1.4,-1.0,-11.2,0.0,0.0,-29.5,-9.0,-3.5,-6.1,-5.5,-14.9
918,10796747.90753175,21,4.218477360568073,65.78150863943192,548.6177820528621,1,6.435463857314971e-05,0.7765906731639238,0.16503589587904488,0.05837343095703133,200.0,92.08150863943192,-209.98152263943192,-1.4,-1.0,-11.2,0.0,0.0,-29.5,-9.0,-3.5,-6.1,-5.5,-14.9
919,10796747.90753175,22,4.218477360568073,65.78150863943192,548.6177820528621,1,6.435463857314971e-05,0.7765903087418217,0.1650380486651282,0.05837164259305016,200.0,92.08150863943192,-209.98152263943192,-1.4,-1.0,-11.2,0.0,0.0,-29.5,-9.0,-3.5,-6.1,-5.5,-14.9
920,10796747.90753175,23,4.218477360568073,65.78150863943192,548.6177820528621,1,6.435463857314971e-05,0.7765884030029001,0.16504330130301256,0.05836829569408734,200.0,92.08150863943192,-209.98152263943192,-1.4,-1.0,-11.2,0.0,0.0,-29.5,-9.0,-3.5,-6.1,-5.5,-14.9
921,10796747.90753175,24,4.218477360568073,65.78150863943192,548.6177820528621,1,6.435463857314971e-05,0.776586039279167,0.16504953250252938,0.05836442821830361,200.0,92.08150863943192,-209.98152263943192,-1.4,-1.0,-11.2,0.0,0.0,-29.5,-9.0,-3.5,-6.1,-5.5,-14.9
922,10796747.90753175,25,4.218477360568073,65.78150863943192,548.6177820528621,1,6.435463857314971e-05,0.7765782400163238,0.16505778980994065,0.05836397017373549,200.0,92.08150863943192,-209.98152263943192,-1.4,-1.0,-11.2,0.0,0.0,-29.5,-9.0,-3.5,-6.1,-5.5,-14.9
923,10796747.90753175,26,4.218477360568073,65.78150863943192,548.6177820528621,1,6.435463857314971e-05,0.7765692782444505,0.1650697944910857,0.058360927264463736,200.0,92.08150863943192,-209.98152263943192,-1.4,-1.0,-11.2,0.0,0.0,-29.5,-9.0,-3.5,-6.1,-5.5,-14.9
924,10796747.90753175,27,4.218477360568073,65.78150863943192,548.6177820528621,1,6.435463857314971e-05,0.7765622123421225,0.1650823762244197,0.05835541143345777,200.0,92.08150863943192,-209.98152263943192,-1.4,-1.0,-11.2,0.0,0.0,-29.5,-9.0,-3.5,-6.1,-5.5,-14.9
925,10796747.90753175,28,4.218477360568073,65.78150863943192,548.6177820528621,1,6.435463857314971e-05,0.7765529627374812,0.16509561043188933,0.05835142683062945,200.0,92.08150863943192,-209.98152263943192,-1.4,-1.0,-11.2,0.0,0.0,-29.5,-9.0,-3.5,-6.1,-5.5,-14.9
926,10796747.90753175,29,4.218477360568073,65.78150863943192,548.6177820528621,1,6.435463857314971e-05,0.7765386446598199,0.16511243330446823,0.05834892203571189,200.0,92.08150863943192,-209.98152263943192,-1.4,-1.0,-11.2,0.0,0.0,-29.5,-9.0,-3.5,-6.1,-5.5,-14.9
927,10796747.90753175,30,4.218477360568073,65.78150863943192,548.6177820528621,1,6.435463857314971e-05,0.7765265110342389,0.165125730427349,0.058347758538412224,200.0,92.08150863943192,-209.98152263943192,-1.4,-1.0,-11.2,0.0,0.0,-29.5,-9.0,-3.5,-6.1,-5.5,-14.9
928,10796747.90753175,31,4.218477360568073,65.78150863943192,548.6177820528621,1,6.435463857314971e-05,0.77651045602137,0.16514353963430176,0.05834600434432825,200.0,92.08150863943192,-209.98152263943192,-1.4,-1.0,-11.2,0.0,0.0,-29.5,-9.0,-3.5,-6.1,-5.5,-14.9
929,10796747.90753175,32,4.218477360568073,65.78150863943192,548.6177820528621,1,6.435463857314971e-05,0.7764916933897897,0.16516175307096986,0.05834655353924039,200.0,92.08150863943192,-209.98152263943192,-1.4,-1.0,-11.2,0.0,0.0,-29.5,-9.0,-3.5,-6.1,-5.5,-14.9
930,10796747.90753175,33,4.218477360568073,65.78150863943192,548.6177820528621,1,6.435463857314971e-05,0.7764763238779007,0.16517826936874788,0.058345406753351405,200.0,92.08150863943192,-209.98152263943192,-1.4,-1.0,-11.2,0.0,0.0,-29.5,-9.0,-3.5,-6.1,-5.5,-14.9
931,10796747.90753175,34,4.218477360568073,65.78150863943192,548.6177820528621,1,6.435463857314971e-05,0.7764612047799798,0.16519229337055472,0.058346501849465514,200.0,92.08150863943192,-209.98152263943192,-1.4,-1.0,-11.2,0.0,0.0,-29.5,-9.0,-3.5,-6.1,-5.5,-14.9
932,10796747.90753175,35,4.218477360568073,65.78150863943192,548.6177820528621,1,6.435463857314971e-05,0.7764433386543472,0.16520786620723787,0.05834879513841487,200.0,92.08150863943192,-209.98152263943192,-1.4,-1.0,-11.2,0.0,0.0,-29.5,-9.0,-3.5,-6.1,-5.5,-14.9
933,10796747.90753175,36,4.218477360568073,65.78150863943192,548.6177820528621,1,6.435463857314971e-05,0.7764228713391967,0.16522394747491723,0.05835318118588611,200.0,92.08150863943192,-209.98152263943192,-1.4,-1.0,-11.2,0.0,0.0,-29.5,-9.0,-3.5,-6.1,-5.5,-14.9
934,10796747.90753175,37,4.218477360568073,65.78150863943192,548.6177820528621,1,6.435463857314971e-05,0.7763989412499909,0.1652434090575791,0.05835764969243009,200.0,92.08150863943192,-209.98152263943192,-1.4,-1.0,-11.2,0.0,0.0,-29.5,-9.0,-3.5,-6.1,-5.5,-14.9
935,10796747.90753175,38,4.218477360568073,65.78150863943192,548.6177820528621,1,6.435463857314971e-05,0.776372725424977,0.16526317648880148,0.05836409808622146,200.0,92.08150863943192,-209.98152263943192,-1.4,-1.0,-11.2,0.0,0.0,-29.5,-9.0,-3.5,-6.1,-5.5,-14.9
936,10796747.90753175,39,4.218477360568073,65.78150863943192,548.6177820528621,1,6.435463857314971e-05,0.776345330645529,0.165284164068442,0.058370505286028974,200.0,92.08150863943192,-209.98152263943192,-1.4,-1.0,-11.2,0.0,0.0,-29.5,-9.0,-3.5,-6.1,-5.5,-14.9
937,10796747.90753175,40,4.218477360568073,65.78150863943192,548.6177820528621,1,6.435463857314971e-05,0.7763197882914065,0.16530431896154668,0.05837589274704684,200.0,92.08150863943192,-209.98152263943192,-1.4,-1.0,-11.2,0.0,0.0,-29.5,-9.0,-3.5,-6.1,-5.5,-14.9
938,10796747.90753175,41,4.218477360568073,65.78150863943192,548.6177820528621,1,6.435463857314971e-05,0.7762969902455126,0.1653236572186315,0.058379352535855966,200.0,92.08150863943192,-209.98152263943192,-1.4,-1.0,-11.2,0.0,0.0,-29.5,-9.0,-3.5,-6.1,-5.5,-14.9
939,10796747.90753175,42,4.218477360568073,65.78150863943192,548.6177820528621,1,6.435463857314971e-05,0.7762748294207437,0.16534131504640512,0.05838385553285126,200.0,92.08150863943192,-209.98152263943192,-1.4,-1.0,-11.2,0.0,0.0,-29.5,-9.0,-3.5,-6.1,-5.5,-14.9
940,10796747.90753175,43,4.218477360568073,65.78150863943192,548.6177820528621,1,6.435463857314971e-05,0.7762522892393953,0.1653574026652001,0.05839030809540466,200.0,92.08150863943192,-209.98152263943192,-1.4,-1.0,-11.2,0.0,0.0,-29.5,-9.0,-3.5,-6.1,-5.5,-14.9
941,10796747.90753175,44,4.218477360568073,65.78150863943192,548.6177820528621,1,6.435463857314971e-05,0.7762313586912246,0.16537195054280468,0.058396690765970725,200.0,92.08150863943192,-209.98152263943192,-1.4,-1.0,-11.2,0.0,0.0,-29.5,-9.0,-3.5,-6.1,-5.5,-14.9
942,10796747.90753175,45,4.218477360568073,65.78150863943192,548.6177820528621,1,6.435463857314971e-05,0.776209987287414,0.16538698897662607,0.05840302373595993,200.0,92.08150863943192,-209.98152263943192,-1.4,-1.0,-11.2,0.0,0.0,-29.5,-9.0,-3.5,-6.1,-5.5,-14.9
943,10796747.90753175,46,4.218477360568073,65.78150863943192,548.6177820528621,1,6.435463857314971e-05,0.7761882009849086,0.1654015404761795,0.05841025853891194,200.0,92.08150863943192,-209.98152263943192,-1.4,-1.0,-11.2,0.0,0.0,-29.5,-9.0,-3.5,-6.1,-5.5,-14.9
944,10796747.90753175,47,4.218477360568073,65.78150863943192,548.6177820528621,1,6.435463857314971e-05,0.7761630748449265,0.1654176011728932,0.058419323982180325,200.0,92.08150863943192,-209.98152263943192,-1.4,-1.0,-11.2,0.0,0.0,-29.5,-9.0,-3.5,-6.1,-5.5,-14.9
945,10796747.90753175,48,4.218477360568073,65.78150863943192,548.6177820528621,1,6.435463857314971e-05,0.7761416560998511,0.16543112571262308,0.05842721818752581,200.0,92.08150863943192,-209.98152263943192,-1.4,-1.0,-11.2,0.0,0.0,-29.5,-9.0,-3.5,-6.1,-5.5,-14.9
946,10796747.90753175,49,4.218477360568073,65.78150863943192,548.6177820528621,1,6.435463857314971e-05,0.7761227731078029,0.16544226922449404,0.05843495766770306,200.0,92.08150863943192,-209.98152263943192,-1.4,-1.0,-11.2,0.0,0.0,-29.5,-9.0,-3.5,-6.1,-5.5,-14.9
947,10796747.90753175,0,4.218477360568073,65.78150863943192,548.6177820528621,1,6.435463857314971e-05,0.7760984592599628,0.16545797553390562,0.05844356520613166,200.0,92.08150863943192,-209.98152263943192,-1.4,-1.0,-11.2,0.0,0.0,-29.5,-9.0,-3.5,-6.1,-5.5,-14.9
948,10796747.90753175,1,4.218477360568073,65.78150863943192,548.6177820528621,1,6.435463857314971e-05,0.7760758499961895,0.16547216092021283,0.05845198908359769,200.0,92.08150863943192,-209.98152263943192,-1.4,-1.0,-11.2,0.0,0.0,-29.5,-9.0,-3.5,-6.1,-5.5,-14.9
949,10796747.90753175,2,4.218477360568073,65.78150863943192,548.6177820528621,1,6.435463857314971e-05,0.7760548580161171,0.16548395770749066,0.0584611842763923,200.0,92.08150863943192,-209.98152263943192,-1.4,-1.0,-11.2,0.0,0.0,-29.5,-9.0,-3.5,-6.1,-5.5,-14.9
950,10796747.90753175,3,4.218477360568073,65.78150863943192,548.6177820528621,1,6.435463857314971e-05,0.7760334452790545,0.1654944805760205,0.05847207414492495,200.0,92.08150863943192,-209.98152263943192,-1.4,-1.0,-11.2,0.0,0.0,-29.5,-9.0,-3.5,-6.1,-5.5,-14.9
951,10796747.90753175,4,4.218477360568073,65.78150863943192,548.6177820528621,1,6.435463857314971e-05,0.7760096826769691,0.16550572800574725,0.05848458931728367,200.0,92.08150863943192,-209.98152263943192,-1.4,-1.0,-11.2,0.0,0.0,-29.5,-9.0,-3.5,-6.1,-5.5,-14.9
952,10796747.90753175,5,4.218477360568073,65.78150863943192,548.6177820528621,1,6.435463857314971e-05,0.7759876039269902,0.16551756837148965,0.05849482770152015,200.0,92.08150863943192,-209.98152263943192,-1.4,-1.0,-11.2,0.0,0.0,-29.5,-9.0,-3.5,-6.1,-5.5,-14.9
953,10796747.90753175,6,4.218477360568073,65.78150863943192,548.6177820528621,1,6.435463857314971e-05,0.7759690620376909,0.16552521434069717,0.058505723621611896,200.0,92.08150863943192,-209.98152263943192,-1.4,-1.0,-11.2,0.0,0.0,-29.5,-9.0,-3.5,-6.1,-5.5,-14.9
954,10796747.90753175,7,4.218477360568073,65.78150863943192,548.6177820528621,1,6.435463857314971e-05,0.7759470679227158,0.16553563029991492,0.05851730177736922,200.0,92.08150863943192,-209.98152263943192,-1.4,-1.0,-11.2,0.0,0.0,-29.5,-9.0,-3.5,-6.1,-5.5,-14.9
955,10796747.90753175,8,4.218477360568073,65.78150863943192,548.6177820528621,1,6.435463857314971e-05,0.7759247070491732,0.165543901948402,0.058531391002424854,200.0,92.08150863943192,-209.98152263943192,-1.4,-1.0,-11.2,0.0,0.0,-29.5,-9.0,-3.5,-6.1,-5.5,-14.9
956,10796747.90753175,9,4.218477360568073,65.78150863943192,548.6177820528621,1,6.435463857314971e-05,0.7759020232414371,0.16555483634821686,0.058543140410346,200.0,92.08150863943192,-209.98152263943192,-1.4,-1.0,-11.2,0.0,0.0,-29.5,-9.0,-3.5,-6.1,-5.5,-14.9
957,10796747.90753175,10,4.218477360568073,65.78150863943192,548.6177820528621,1,6.435463857314971e-05,0.7758819350583462,0.16556353365838128,0.05855453128327243,200.0,92.08150863943192,-209.98152263943192,-1.4,-1.0,-11.2,0.0,0.0,-29.5,-9.0,-3.5,-6.1,-5.5,-14.9
958,10796747.90753175,11,4.218477360568073,65.78150863943192,548.6177820528621,1,6.435463857314971e-05,0.7758536380067327,0.16557786075225003,0.0585685012410173,200.0,92.08150863943192,-209.98152263943192,-1.4,-1.0,-11.2,0.0,0.0,-29.5,-9.0,-3.5,-6.1,-5.5,-14.9
959,10796747.90753175,12,4.218477360568073,65.78150863943192,548.6177820528621,1,6.435463857314971e-05,0.775826291190143,0.1655926365298064,0.05858107228005055,200.0,92.08150863943192,-209.98152263943192,-1.4,-1.0,-11.2,0.0,0.0,-29.5,-9.0,-3.5,-6.1,-5.5,-14.9
960,10796747.90753175,13,4.218477360568073,65.78150863943192,548.6177820528621,1,6.435463857314971e-05,0.775800810987465,0.16560593997969314,0.05859324903284185,200.0,92.08150863943192,-209.98152263943192,-1.4,-1.0,-11.2,0.0,0.0,-29.5,-9.0,-3.5,-6.1,-5.5,-14.9
961,10796747.90753175,14,4.218477360568073,65.78150863943192,548.6177820528621,1,6.435463857314971e-05,0.7757732363726844,0.16562167993739357,0.058605083689922025,200.0,92.08150863943192,-209.98152263943192,-1.4,-1.0,-11.2,0.0,0.0,-29.5,-9.0,-3.5,-6.1,-5.5,-14.9
962,10796747.90753175,15,4.218477360568073,65.78150863943192,548.6177820528621,1,6.435463857314971e-05,0.7757465832707073,0.16563872711395627,0.05861468961533645,200.0,92.08150863943192,-209.98152263943192,-1.4,-1.0,-11.2,0.0,0.0,-29.5,-9.0,-3.5,-6.1,-5.5,-14.9
963,10796747.90753175,16,4.218477360568073,65.78150863943192,548.6177820528621,1,6.435463857314971e-05,0.7757169369143406,0.16565897262797266,0.058624090457686746,200.0,92.08150863943192,-209.98152263943192,-1.4,-1.0,-11.2,0.0,0.0,-29.5,-9.0,-3.5,-6.1,-5.5,-14.9
964,10796747.90753175,17,4.218477360568073,65.78150863943192,548.6177820528621,1,6.435463857314971e-05,0.7756863784801284,0.1656784664906702,0.058635155029201406,200.0,92.08150863943192,-209.98152263943192,-1.4,-1.0,-11.2,0.0,0.0,-29.5,-9.0,-3.5,-6.1,-5.5,-14.9
965,10796747.90753175,18,4.218477360568073,65.78150863943192,548.6177820528621,1,6.435463857314971e-05,0.7756578560250932,0.16569624557902263,0.058645898395884216,200.0,92.08150863943192,-209.98152263943192,-1.4,-1.0,-11.2,0.0,0.0,-29.5,-9.0,-3.5,-6.1,-5.5,-14.9
966,10796747.90753175,19,4.218477360568073,65.78150863943192,548.6177820528621,1,6.435463857314971e-05,0.7756264436315468,0.16571530559926395,0.05865825076918928,200.0,92.08150863943192,-209.98152263943192,-1.4,-1.0,-11.2,0.0,0.0,-29.5,-9.0,-3.5,-6.1,-5.5,-14.9
967,10796747.90753175,20,4.218477360568073,65.78150863943192,548.6177820528621,1,6.435463857314971e-05,0.7755951882734143,0.1657345807118494,0.05867023101473626,200.0,92.08150863943192,-209.98152263943192,-1.4,-1.0,-11.2,0.0,0.0,-29.5,-9.0,-3.5,-6.1,-5.5,-14.9
968,10796747.90753175,21,4.218477360568073,65.78150863943192,548.6177820528621,1,6.435463857314971e-05,0.7755621470552396,0.16575316882459248,0.05868468412016787,200.0,92.08150863943192,-209.98152263943192,-1.4,-1.0,-11.2,0.0,0.0,-29.5,-9.0,-3.5,-6.1,-5.5,-14.9
969,10796747.90753175,22,4.218477360568073,65.78150863943192,548.6177820528621,1,6.435463857314971e-05,0.7755322325171872,0.16576913484533184,0.05869863263748098,200.0,92.08150863943192,-209.98152263943192,-1.4,-1.0,-11.2,0.0,0.0,-29.5,-9.0,-3.5,-6.1,-5.5,-14.9
970,10796747.90753175,23,4.218477360568073,65.78150863943192,548.6177820528621,1,6.435463857314971e-05,0.7755052965127899,0.16578447326266801,0.058710230224542165,200.0,92.08150863943192,-209.98152263943192,-1.4,-1.0,-11.2,0.0,0.0,-29.5,-9.0,-3.5,-6.1,-5.5,-14.9
971,10796747.90753175,24,4.218477360568073,65.78150863943192,548.6177820528621,1,6.435463857314971e-05,0.775483110014111,0.16579917142180142,0.05871771856408756,200.0,92.08150863943192,-209.98152263943192,-1.4,-1.0,-11.2,0.0,0.0,-29.5,-9.0,-3.5,-6.1,-5.5,-14.9
972,10796747.90753175,25,4.218477360568073,65.78150863943192,548.6177820528621,1,6.435463857314971e-05,0.775460621331131,0.16581336908413152,0.05872600958473744,200.0,92.08150863943192,-209.98152263943192,-1.4,-1.0,-11.2,0.0,0.0,-29.5,-9.0,-3.5,-6.1,-5.5,-14.9
973,10796747.90753175,26,4.218477360568073,65.78150863943192,548.6177820528621,1,6.435463857314971e-05,0.7754359387703188,0.16582991492560803,0.05873414630407325,200.0,92.08150863943192,-209.98152263943192,-1.4,-1.0,-11.2,0.0,0.0,-29.5,-9.0,-3.5,-6.1,-5.5,-14.9
974,10796747.90753175,27,4.218477360568073,65.78150863943192,548.6177820528621,1,6.435463857314971e-05,0.7754063046834365,0.1658506055715874,0.05874308974497618,200.0,92.08150863943192,-209.98152263943192,-1.4,-1.0,-11.2,0.0,0.0,-29.5,-9.0,-3.5,-6.1,-5.5,-14.9
975,10796747.90753175,28,4.218477360568073,65.78150863943192,548.6177820528621,1,6.435463857314971e-05,0.7753767546040373,0.16587048675888721,0.05875275863707549,200.0,92.08150863943192,-209.98152263943192,-1.4,-1.0,-11.2,0.0,0.0,-29.5,-9.0,-3.5,-6.1,-5.5,-14.9
976,10796747.90753175,29,4.218477360568073,65.78150863943192,548.6177820528621,1,6.435463857314971e-05,0.7753472864981547,0.16588959833616054,0.058763115165684804,200.0,92.08150863943192,-209.98152263943192,-1.4,-1.0,-11.2,0.0,0.0,-29.5,-9.0,-3.5,-6.1,-5.5,-14.9
977,10796747.90753175,30,4.218477360568073,65.78150863943192,548.6177820528621,1,6.435463857314971e-05,0.7753169529829045,0.16591077469442173,0.05877227232267375,200.0,92.08150863943192,-209.98152263943192,-1.4,-1.0,-11.2,0.0,0.0,-29.5,-9.0,-3.5,-6.1,-5.5,-14.9
978,10796747.90753175,31,4.218477360568073,65.78150863943192,548.6177820528621,1,6.435463857314971e-05,0.7752877000837335,0.16593016752466916,0.05878213239159742,200.0,92.08150863943192,-209.98152263943192,-1.4,-1.0,-11.2,0.0,0.0,-29.5,-9.0,-3.5,-6.1,-5.5,-14.9
979,10796747.90753175,32,4.218477360568073,65.78150863943192,548.6177820528621,1,6.435463857314971e-05,0.7752566125277653,0.16594977692174878,0.058793610550485965,200.0,92.08150863943192,-209.98152263943192,-1.4,-1.0,-11.2,0.0,0.0,-29.5,-9.0,-3.5,-6.1,-5.5,-14.9
980,10796747.90753175,33,4.218477360568073,65.78150863943192,548.6177820528621,1,6.435463857314971e-05,0.7752285635451184,0.16596856313974012,0.05880287331514149,200.0,92.08150863943192,-209.98152263943192,-1.4,-1.0,-11.2,0.0,0.0,-29.5,-9.0,-3.5,-6.1,-5.5,-14.9
981,10796747.90753175,34,4.218477360568073,65.78150863943192,548.6177820528621,1,6.435463857314971e-05,0.7751986428892434,0.16599128230503143,0.05881007480572514,200.0,92.08150863943192,-209.98152263943192,-1.4,-1.0,-11.2,0.0,0.0,-29.5,-9.0,-3.5,-6.1,-5.5,-14.9
982,10796747.90753175,35,4.218477360568073,65.78150863943192,548.6177820528621,1,6.435463857314971e-05,0.775170747985268,0.16601395966295965,0.058815292351772464,200.0,92.08150863943192,-209.98152263943192,-1.4,-1.0,-11.2,0.0,0.0,-29.5,-9.0,-3.5,-6.1,-5.5,-14.9
983,10796747.90753175,36,4.218477360568073,65.78150863943192,548.6177820528621,1,6.435463857314971e-05,0.7751419248746759,0.16603850062912998,0.05881957449619418,200.0,92.08150863943192,-209.98152263943192,-1.4,-1.0,-11.2,0.0,0.0,-29.5,-9.0,-3.5,-6.1,-5.5,-14.9
984,10796747.90753175,37,4.218477360568073,65.78150863943192,548.6177820528621,1,6.435463857314971e-05,0.7751150705872747,0.1660629027968864,0.058822026615838977,200.0,92.08150863943192,-209.98152263943192,-1.4,-1.0,-11.2,0.0,0.0,-29.5,-9.0,-3.5,-6.1,-5.5,-14.9
985,10796747.90753175,38,4.218477360568073,65.78150863943192,548.6177820528621,1,6.435463857314971e-05,0.7750853432752135,0.16608819676470796,0.05882645996007854,200.0,92.08150863943192,-209.98152263943192,-1.4,-1.0,-11.2,0.0,0.0,-29.5,-9.0,-3.5,-6.1,-5.5,-14.9
986,10796747.90753175,39,4.218477360568073,65.78150863943192,548.6177820528621,1,6.435463857314971e-05,0.7750528933536854,0.16611617325363667,0.05883093339267794,200.0,92.08150863943192,-209.98152263943192,-1.4,-1.0,-11.2,0.0,0.0,-29.5,-9.0,-3.5,-6.1,-5.5,-14.9
987,10796747.90753175,40,4.218477360568073,65.78150863943192,548.6177820528621,1,6.435463857314971e-05,0.775017863173955,0.16614577345218126,0.058836363373863755,200.0,92.08150863943192,-209.98152263943192,-1.4,-1.0,-11.2,0.0,0.0,-29.5,-9.0,-3.5,-6.1,-5.5,-14.9
988,10796747.90753175,41,4.218477360568073,65.78150863943192,548.6177820528621,1,6.435463857314971e-05,0.7749841758931568,0.16617407198521397,0.05884175212162917,200.0,92.08150863943192,-209.98152263943192,-1.4,-1.0,-11.2,0.0,0.0,-29.5,-9.0,-3.5,-6.1,-5.5,-14.9
989,10796747.90753175,42,4.218477360568073,65.78150863943192,548.6177820528621,1,6.435463857314971e-05,0.7749498731804474,0.16620209273482753,0.058848034084725116,200.0,92.08150863943192,-209.98152263943192,-1.4,-1.0,-11.2,0.0,0.0,-29.5,-9.0,-3.5,-6.1,-5.5,-14.9
990,10796747.90753175,43,4.218477360568073,65.78150863943192,548.6177820528621,1,6.435463857314971e-05,0.7749168805732211,0.16622980629693165,0.05885331312984736,200.0,92.08150863943192,-209.98152263943192,-1.4,-1.0,-11.2,0.0,0.0,-29.5,-9.0,-3.5,-6.1,-5.5,-14.9
991,10796747.90753175,44,4.218477360568073,65.78150863943192,548.6177820528621,1,6.435463857314971e-05,0.7748841889341318,0.16625724662748836,0.05885856443837983,200.0,92.08150863943192,-209.98152263943192,-1.4,-1.0,-11.2,0.0,0.0,-29.5,-9.0,-3.5,-6.1,-5.5,-14.9
992,10796747.90753175,45,4.218477360568073,65.78150863943192,548.6177820528621,1,6.435463857314971e-05,0.7748508421458251,0.16628444582634766,0.05886471202782726,200.0,92.08150863943192,-209.98152263943192,-1.4,-1.0,-11.2,0.0,0.0,-29.5,-9.0,-3.5,-6.1,-5.5,-14.9
993,10796747.90753175,46,4.218477360568073,65.78150863943192,548.6177820528621,1,6.435463857314971e-05,0.7748234744880702,0.16630852577181926,0.058867999740110526,200.0,92.08150863943192,-209.98152263943192,-1.4,-1.0,-11.2,0.0,0.0,-29.5,-9.0,-3.5,-6.1,-5.5,-14.9
994,10796747.90753175,47,4.218477360568073,65.78150863943192,548.6177820528621,1,6.435463857314971e-05,0.7747980130760224,0.16632972868836302,0.05887225823561467,200.0,92.08150863943192,-209.98152263943192,-1.4,-1.0,-11.2,0.0,0.0,-29.5,-9.0,-3.5,-6.1,-5.5,-14.9
995,10796747.90753175,48,4.218477360568073,65.78150863943192,548.6177820528621,1,6.435463857314971e-05,0.7747753011683086,0.1663490938886311,0.05887560494306029,200.0,92.08150863943192,-209.98152263943192,-1.4,-1.0,-11.2,0.0,0.0,-29.5,-9.0,-3.5,-6.1,-5.5,-14.9
996,10796747.90753175,49,4.218477360568073,65.78150863943192,548.6177820528621,1,6.435463857314971e-05,0.7747561369562569,0.16636578319191883,0.05887807985182435,200.0,92.08150863943192,-209.98152263943192,-1.4,-1.0,-11.2,0.0,0.0,-29.5,-9.0,-3.5,-6.1,-5.5,-14.9
997,10796747.90753175,0,4.218477360568073,65.78150863943192,548.6177820528621,1,6.435463857314971e-05,0.7747318944959475,0.16638558104608667,0.058882524457965886,200.0,92.08150863943192,-209.98152263943192,-1.4,-1.0,-11.2,0.0,0.0,-29.5,-9.0,-3.5,-6.1,-5.5,-14.9
998,10796747.90753175,1,4.218477360568073,65.78150863943192,548.6177820528621,1,6.435463857314971e-05,0.7747094003171211,0.16640272274878434,0.058887876934094516,200.0,92.08150863943192,-209.98152263943192,-1.4,-1.0,-11.2,0.0,0.0,-29.5,-9.0,-3.5,-6.1,-5.5,-14.9
999,10796747.90753175,2,4.218477360568073,65.78150863943192,548.6177820528621,1,6.435463857314971e-05,0.7746885673579698,0.16642098027677052,0.05889045236525977,200.0,92.08150863943192,-209.98152263943192,-1.4,-1.0,-11.2,0.0,0.0,-29.5,-9.0,-3.5,-6.1,-5.5,-14.9
1000,10796747.90753175,3,4.218477360568073,65.78150863943192,548.6177820528621,1,6.435463857314971e-05,0.7746683753933599,0.16643759012721082,0.05889403447942932,200.0,92.08150863943192,-209.98152263943192,-1.4,-1.0,-11.2,0.0,0.0,-29.5,-9.0,-3.5,-6.1,-5.5,-14.9
1001,10796747.90753175,4,4.218477360568073,65.78150863943192,548.6177820528621,1,6.435463857314971e-05,0.7746459874751885,0.16645723441830632,0.058896778106505114,200.0,92.08150863943192,-209.98152263943192,-1.4,-1.0,-11.2,0.0,0.0,-29.5,-9.0,-3.5,-6.1,-5.5,-14.9
1002,10796747.90753175,5,4.218477360568073,65.78150863943192,548.6177820528621,1,6.435463857314971e-05,0.774620583534171,0.16647977686760707,0.05889963959822205,200.0,92.08150863943192,-209.98152263943192,-1.4,-1.0,-11.2,0.0,0.0,-29.5,-9.0,-3.5,-6.1,-5.5,-14.9
1003,10796747.90753175,6,4.218477360568073,65.78150863943192,548.6177820528621,1,6.435463857314971e-05,0.7745979262376532,0.16649859804124603,0.05890347572110073,200.0,92.08150863943192,-209.98152263943192,-1.4,-1.0,-11.2,0.0,0.0,-29.5,-9.0,-3.5,-6.1,-5.5,-14.9
1004,10796747.90753175,7,4.218477360568073,65.78150863943192,548.6177820528621,1,6.435463857314971e-05,0.7745722763540942,0.1665203503349758,0.05890737331093003,200.0,92.08150863943192,-209.98152263943192,-1.4,-1.0,-11.2,0.0,0.0,-29.5,-9.0,-3.5,-6.1,-5.5,-14.9
1005,10796747.90753175,8,4.218477360568073,65.78150863943192,548.6177820528621,1,6.435463857314971e-05,0.7745437891995172,0.16654488223787245,0.058911328562610346,200.0,92.08150863943192,-209.98152263943192,-1.4,-1.0,-11.2,0.0,0.0,-29.5,-9.0,-3.5,-6.1,-5.5,-14.9
1006,10796747.90753175,9,4.218477360568073,65.78150863943192,548.6177820528621,1,6.435463857314971e-05,0.7745163434205096,0.16656653789952586,0.058917118679964624,200.0,92.08150863943192,-209.98152263943192,-1.4,-1.0,-11.2,0.0,0.0,-29.5,-9.0,-3.5,-6.1,-5.5,-14.9
1007,10796747.90753175,10,4.218477360568073,65.78150863943192,548.6177820528621,1,6.435463857314971e-05,0.7744861616852345,0.1665900647663039,0.058923773548461574,200.0,92.08150863943192,-209.98152263943192,-1.4,-1.0,-11.2,0.0,0.0,-29.5,-9.0,-3.5,-6.1,-5.5,-14.9
1008,10796747.90753175,11,4.218477360568073,65.78150863943192,548.6177820528621,1,6.435463857314971e-05,0.7744543176784102,0.16661444092019348,0.058931241401396266,200.0,92.08150863943192,-209.98152263943192,-1.4,-1.0,-11.2,0.0,0.0,-29.5,-9.0,-3.5,-6.1,-5.5,-14.9
1009,10796747.90753175,12,4.218477360568073,65.78150863943192,548.6177820528621,1,6.435463857314971e-05,0.774419039095413,0.16664146717736475,0.05893949372722231,200.0,92.08150863943192,-209.98152263943192,-1.4,-1.0,-11.2,0.0,0.0,-29.5,-9.0,-3.5,-6.1,-5.5,-14.9
1010,10796747.90753175,13,4.218477360568073,65.78150863943192,548.6177820528621,1,6.435463857314971e-05,0.7743842235175665,0.16666731408223937,0.0589484624001941,200.0,92.08150863943192,-209.98152263943192,-1.4,-1.0,-11.2,0.0,0.0,-29.5,-9.0,-3.5,-6.1,-5.5,-14.9
1011,10796747.90753175,14,4.218477360568073,65.78150863943192,548.6177820528621,1,6.435463857314971e-05,0.7743535608988145,0.16668745239565635,0.058958986705529216,200.0,92.08150863943192,-209.98152263943192,-1.4,-1.0,-11.2,0.0,0.0,-29.5,-9.0,-3.5,-6.1,-5.5,-14.9
1012,10796747.90753175,15,4.218477360568073,65.78150863943192,548.6177820528621,1,6.435463857314971e-05,0.7743249837783872,0.1667049193007752,0.05897009692083756,200.0,92.08150863943192,-209.98152263943192,-1.4,-1.0,-11.2,0.0,0.0,-29.5,-9.0,-3.5,-6.1,-5.5,-14.9
1013,10796747.90753175,16,4.218477360568073,65.78150863943192,548.6177820528621,1,6.435463857314971e-05,0.7743020862964629,0.1667161791758337,0.05898173452770346,200.0,92.08150863943192,-209.98152263943192,-1.4,-1.0,-11.2,0.0,0.0,-29.5,-9.0,-3.5,-6.1,-5.5,-14.9
1014,10796747.90753175,17,4.218477360568073,65.78150863943192,548.6177820528621,1,6.435463857314971e-05,0.7742799577867719,0.16672703883030626,0.05899300338292181,200.0,92.08150863943192,-209.98152263943192,-1.4,-1.0,-11.2,0.0,0.0,-29.5,-9.0,-3.5,-6.1,-5.5,-14.9
1015,10796747.90753175,18,4.218477360568073,65.78150863943192,548.6177820528621,1,6.435463857314971e-05,0.7742604013709209,0.16673478881368295,0.05900480981539612,200.0,92.08150863943192,-209.98152263943192,-1.4,-1.0,-11.2,0.0,0.0,-29.5,-9.0,-3.5,-6.1,-5.5,-14.9
1016,10796747.90753175,19,4.218477360568073,65.78150863943192,548.6177820528621,1,6.435463857314971e-05,0.7742433000452873,0.16674227878247752,0.05901442117223517,200.0,92.08150863943192,-209.98152263943192,-1.4,-1.0,-11.2,0.0,0.0,-29.5,-9.0,-3.5,-6.1,-5.5,-14.9
1017,10796747.90753175,20,4.218477360568073,65.78150863943192,548.6177820528621,1,6.435463857314971e-05,0.7742285181091989,0.16674773116002758,0.05902375073077358,200.0,92.08150863943192,-209.98152263943192,-1.4,-1.0,-11.2,0.0,0.0,-29.5,-9.0,-3.5,-6.1,-5.5,-14.9
1018,10796747.90753175,21,4.218477360568073,65.78150863943192,548.6177820528621,1,6.435463857314971e-05,0.7742168607893268,0.16675123290163266,0.059031906309040594,200.0,92.08150863943192,-209.98152263943192,-1.4,-1.0,-11.2,0.0,0.0,-29.5,-9.0,-3.5,-6.1,-5.5,-14.9
1019,10796747.90753175,22,4.218477360568073,65.78150863943192,548.6177820528621,1,6.435463857314971e-05,0.7742017347359739,0.16675926803419025,0.059038997229835966,200.0,92.08150863943192,-209.98152263943192,-1.4,-1.0,-11.2,0.0,0.0,-29.5,-9.0,-3.5,-6.1,-5.5,-14.9
1020,10796747.90753175,23,4.218477360568073,65.78150863943192,548.6177820528621,1,6.435463857314971e-05,0.7741833107492709,0.1667698179796594,0.05904687127106965,200.0,92.08150863943192,-209.98152263943192,-1.4,-1.0,-11.2,0.0,0.0,-29.5,-9.0,-3.5,-6.1,-5.5,-14.9
1021,10796747.90753175,24,4.218477360568073,65.78150863943192,548.6177820528621,1,6.435463857314971e-05,0.7741617596931227,0.16678275263138323,0.05905548767549403,200.0,92.08150863943192,-209.98152263943192,-1.4,-1.0,-11.2,0.0,0.0,-29.5,-9.0,-3.5,-6.1,-5.5,-14.9
1022,10796747.90753175,25,4.218477360568073,65.78150863943192,548.6177820528621,1,6.435463857314971e-05,0.7741372475180265,0.16679884126509636,0.059063911216877096,200.0,92.08150863943192,-209.98152263943192,-1.4,-1.0,-11.2,0.0,0.0,-29.5,-9.0,-3.5,-6.1,-5.5,-14.9
1023,10796747.90753175,26,4.218477360568073,65.78150863943192,548.6177820528621,1,6.435463857314971e-05,0.7741126767835346,0.16681429678382453,0.05907302643264097,200.0,92.08150863943192,-209.98152263943192,-1.4,-1.0,-11.2,0.0,0.0,-29.5,-9.0,-3.5,-6.1,-5.5,-14.9
1024,10796747.90753175,27,4.218477360568073,65.78150863943192,548.6177820528621,1,6.435463857314971e-05,0.7740880523020182,0.16682915035987195,0.05908279733810993,200.0,92.08150863943192,-209.98152263943192,-1.4,-1.0,-11.2,0.0,0.0,-29.5,-9.0,-3.5,-6.1,-5.5,-14.9
1025,10796747.90753175,28,4.218477360568073,65.78150863943192,548.6177820528621,1,6.435463857314971e-05,0.7740670488723675,0.16684157842171757,0.05909137270591485,200.0,92.08150863943192,-209.98152263943192,-1.4,-1.0,-11.2,0.0,0.0,-29.5,-9.0,-3.5,-6.1,-5.5,-14.9
1026,10796747.90753175,29,4.218477360568073,65.78150863943192,548.6177820528621,1,6.435463857314971e-05,0.7740449001993636,0.1668544645555985,0.05910063524503798,200.0,92.08150863943192,-209.98152263943192,-1.4,-1.0,-11.2,0.0,0.0,-29.5,-9.0,-3.5,-6.1,-5.5,-14.9
1027,10796747.90753175,30,4.218477360568073,65.78150863943192,548.6177820528621,1,6.435463857314971e-05,0.7740244074312267,0.16686506363730103,0.05911052893147229,200.0,92.08150863943192,-209.98152263943192,-1.4,-1.0,-11.2,0.0,0.0,-29.5,-9.0,-3.5,-6.1,-5.5,-14.9
1028,10796747.90753175,31,4.218477360568073,65.78150863943192,548.6177820528621,1,6.435463857314971e-05,0.7740082432107059,0.16687432714514047,0.05911742964415362,200.0,92.08150863943192,-209.98152263943192,-1.4,-1.0,-11.2,0.0,0.0,-29.5,-9.0,-3.5,-6.1,-5.5,-14.9
1029,10796747.90753175,32,4.218477360568073,65.78150863943192,548.6177820528621,1,6.435463857314971e-05,0.7739943470107711,0.16688147315327823,0.05912417983595069,200.0,92.08150863943192,-209.98152263943192,-1.4,-1.0,-11.2,0.0,0.0,-29.5,-9.0,-3.5,-6.1,-5.5,-14.9
1030,10796747.90753175,33,4.218477360568073,65.78150863943192,548.6177820528621,1,6.435463857314971e-05,0.7739798665828439,0.1668884359706956,0.059131697446460456,200.0,92.08150863943192,-209.98152263943192,-1.4,-1.0,-11.2,0.0,0.0,-29.5,-9.0,-3.5,-6.1,-5.5,-14.9
1031,10796747.90753175,34,4.218477360568073,65.78150863943192,548.6177820528621,1,6.435463857314971e-05,0.7739639235418854,0.1668961269684852,0.059139949489629536,200.0,92.08150863943192,-209.98152263943192,-1.4,-1.0,-11.2,0.0,0.0,-29.5,-9.0,-3.5,-6.1,-5.5,-14.9
1032,10796747.90753175,35,4.218477360568073,65.78150863943192,548.6177820528621,1,6.435463857314971e-05,0.7739502285859361,0.16690090064024468,0.05914887077381919,200.0,92.08150863943192,-209.98152263943192,-1.4,-1.0,-11.2,0.0,0.0,-29.5,-9.0,-3.5,-6.1,-5.5,-14.9
1033,10796747.90753175,36,4.218477360568073,65.78150863943192,548.6177820528621,1,6.435463857314971e-05,0.7739359431948184,0.1669056100016752,0.059158446803506445,200.0,92.08150863943192,-209.98152263943192,-1.4,-1.0,-11.2,0.0,0.0,-29.5,-9.0,-3.5,-6.1,-5.5,-14.9
1034,10796747.90753175,37,4.218477360568073,65.78150863943192,548.6177820528621,1,6.435463857314971e-05,0.7739201991261275,0.166912040100081,0.05916776077379149,200.0,92.08150863943192,-209.98152263943192,-1.4,-1.0,-11.2,0.0,0.0,-29.5,-9.0,-3.5,-6.1,-5.5,-14.9
1035,10796747.90753175,38,4.218477360568073,65.78150863943192,548.6177820528621,1,6.435463857314971e-05,0.7739012660467932,0.16692278351467418,0.0591759504385326,200.0,92.08150863943192,-209.98152263943192,-1.4,-1.0,-11.2,0.0,0.0,-29.5,-9.0,-3.5,-6.1,-5.5,-14.9
1036,10796747.90753175,39,4.218477360568073,65.78150863943192,548.6177820528621,1,6.435463857314971e-05,0.7738810959984949,0.16693229276866148,0.05918661123284366,200.0,92.08150863943192,-209.98152263943192,-1.4,-1.0,-11.2,0.0,0.0,-29.5,-9.0,-3.5,-6.1,-5.5,-14.9
1037,10796747.90753175,40,4.218477360568073,65.78150863943192,548.6177820528621,1,6.435463857314971e-05,0.7738661132685618,0.16693786838016333,0.05919601835127482,200.0,92.08150863943192,-209.98152263943192,-1.4,-1.0,-11.2,0.0,0.0,-29.5,-9.0,-3.5,-6.1,-5.5,-14.9
1038,10796747.90753175,41,4.218477360568073,65.78150863943192,548.6177820528621,1,6.435463857314971e-05,0.7738515252253434,0.166943318668738,0.05920515610591859,200.0,92.08150863943192,-209.98152263943192,-1.4,-1.0,-11.2,0.0,0.0,-29.5,-9.0,-3.5,-6.1,-5.5,-14.9
1039,10796747.90753175,42,4.218477360568073,65.78150863943192,548.6177820528621,1,6.435463857314971e-05,0.7738327914451247,0.16695225131913755,0.05921495723573776,200.0,92.08150863943192,-209.98152263943192,-1.4,-1.0,-11.2,0.0,0.0,-29.5,-9.0,-3.5,-6.1,-5.5,-14.9
1040,10796747.90753175,43,4.218477360568073,65.78150863943192,548.6177820528621,1,6.435463857314971e-05,0.7738119381240143,0.16696357424553718,0.0592244876304485,200.0,92.08150863943192,-209.98152263943192,-1.4,-1.0,-11.2,0.0,0.0,-29.5,-9.0,-3.5,-6.1,-5.5,-14.9
1041,10796747.90753175,44,4.218477360568073,65.78150863943192,548.6177820528621,1,6.435463857314971e-05,0.7737908569687384,0.16697273826951592,0.05923640476174573,200.0,92.08150863943192,-209.98152263943192,-1.4,-1.0,-11.2,0.0,0.0,-29.5,-9.0,-3.5,-6.1,-5.5,-14.9
1042,10796747.90753175,45,4.218477360568073,65.78150863943192,548.6177820528621,1,6.435463857314971e-05,0.7737722949486165,0.16698068130404414,0.059247023747339304,200.0,92.08150863943192,-209.98152263943192,-1.4,-1.0,-11.2,0.0,0.0,-29.5,-9.0,-3.5,-6.1,-5.5,-14.9
1043,10796747.90753175,46,4.218477360568073,65.78150863943192,548.6177820528621,1,6.435463857314971e-05,0.7737497902746376,0.16699021199205819,0.059259997733304225,200.0,92.08150863943192,-209.98152263943192,-1.4,-1.0,-11.2,0.0,0.0,-29.5,-9.0,-3.5,-6.1,-5.5,-14.9
1044,10796747.90753175,47,4.218477360568073,65.78150863943192,548.6177820528621,1,6.435463857314971e-05,0.7737280700596129,0.16699941261104398,0.059272517329343154,200.0,92.08150863943192,-209.98152263943192,-1.4,-1.0,-11.2,0.0,0.0,-29.5,-9.0,-3.5,-6.1,-5.5,-14.9
1045,10796747.90753175,48,4.218477360568073,65.78150863943192,548.6177820528621,1,6.435463857314971e-05,0.7737116210976168,0.16700734140659254,0.05928103749579065,200.0,92.08150863943192,-209.98152263943192,-1.4,-1.0,-11.2,0.0,0.0,-29.5,-9.0,-3.5,-6.1,-5.5,-14.9
1046,10796747.90753175,49,4.218477360568073,65.78150863943192,548.6177820528621,1,6.435463857314971e-05,0.7736938562519141,0.1670168023961661,0.05928934135191979,200.0,92.08150863943192,-209.98152263943192,-1.4,-1.0,-11.2,0.0,0.0,-29.5,-9.0,-3.5,-6.1,-5.5,-14.9
1047,10796747.90753175,0,4.218477360568073,65.78150863943192,548.6177820528621,1,6.435463857314971e-05,0.7736802397596351,0.1670241215811446,0.05929563865922041,200.0,92.08150863943192,-209.98152263943192,-1.4,-1.0,-11.2,0.0,0.0,-29.5,-9.0,-3.5,-6.1,-5.5,-14.9
1048,10796747.90753175,1,4.218477360568073,65.78150863943192,548.6177820528621,1,6.435463857314971e-05,0.7736651615546644,0.16703212717067673,0.05930271127465899,200.0,92.08150863943192,-209.98152263943192,-1.4,-1.0,-11.2,0.0,0.0,-29.5,-9.0,-3.5,-6.1,-5.5,-14.9
1049,10796747.90753175,2,4.218477360568073,65.78150863943192,548.6177820528621,1,6.435463857314971e-05,0.7736487126338738,0.1670425268407349,0.05930876052539135,200.0,92.08150863943192,-209.98152263943192,-1.4,-1.0,-11.2,0.0,0.0,-29.5,-9.0,-3.5,-6.1,-5.5,-14.9
1050,10796747.90753175,3,4.218477360568073,65.78150863943192,548.6177820528621,1,6.435463857314971e-05,0.7736336342069866,0.1670507900449668,0.059315575748046634,200.0,92.08150863943192,-209.98152263943192,-1.4,-1.0,-11.2,0.0,0.0,-29.5,-9.0,-3.5,-6.1,-5.5,-14.9
1051,10796747.90753175,4,4.218477360568073,65.78150863943192,548.6177820528621,1,6.435463857314971e-05,0.7736154023453394,0.16706320362438457,0.05932139403027605,200.0,92.08150863943192,-209.98152263943192,-1.4,-1.0,-11.2,0.0,0.0,-29.5,-9.0,-3.5,-6.1,-5.5,-14.9
1052,10796747.90753175,5,4.218477360568073,65.78150863943192,548.6177820528621,1,6.435463857314971e-05,0.7735995393601962,0.16707423259546678,0.059326228044337,200.0,92.08150863943192,-209.98152263943192,-1.4,-1.0,-11.2,0.0,0.0,-29.5,-9.0,-3.5,-6.1,-5.5,-14.9
1053,10796747.90753175,6,4.218477360568073,65.78150863943192,548.6177820528621,1,6.435463857314971e-05,0.7735823540489485,0.1670874916907845,0.05933015426026698,200.0,92.08150863943192,-209.98152263943192,-1.4,-1.0,-11.2,0.0,0.0,-29.5,-9.0,-3.5,-6.1,-5.5,-14.9
1054,10796747.90753175,7,4.218477360568073,65.78150863943192,548.6177820528621,1,6.435463857314971e-05,0.7735594428821622,0.16710555740330346,0.059334999714534334,200.0,92.08150863943192,-209.98152263943192,-1.4,-1.0,-11.2,0.0,0.0,-29.5,-9.0,-3.5,-6.1,-5.5,-14.9
1055,10796747.90753175,8,4.218477360568073,65.78150863943192,548.6177820528621,1,6.435463857314971e-05,0.773537344093989,0.16712198314967908,0.05934067275633198,200.0,92.08150863943192,-209.98152263943192,-1.4,-1.0,-11.2,0.0,0.0,-29.5,-9.0,-3.5,-6.1,-5.5,-14.9
1056,10796747.90753175,9,4.218477360568073,65.78150863943192,548.6177820528621,1,6.435463857314971e-05,0.7735187009045831,0.16713593501182983,0.05934536408358709,200.0,92.08150863943192,-209.98152263943192,-1.4,-1.0,-11.2,0.0,0.0,-29.5,-9.0,-3.5,-6.1,-5.5,-14.9
1057,10796747.90753175,10,4.218477360568073,65.78150863943192,548.6177820528621,1,6.435463857314971e-05,0.7735024556986939,0.16715015694120122,0.059347387360104885,200.0,92.08150863943192,-209.98152263943192,-1.4,-1.0,-11.2,0.0,0.0,-29.5,-9.0,-3.5,-6.1,-5.5,-14.9
1058,10796747.90753175,11,4.218477360568073,65.78150863943192,548.6177820528621,1,6.435463857314971e-05,0.7734920345746937,0.1671602371478808,0.05934772827742546,200.0,92.08150863943192,-209.98152263943192,-1.4,-1.0,-11.2,0.0,0.0,-29.5,-9.0,-3.5,-6.1,-5.5,-14.9
1059,10796747.90753175,12,4.218477360568073,65.78150863943192,548.6177820528621,1,6.435463857314971e-05,0.773480903255802,0.1671691020016545,0.059349994742543585,200.0,92.08150863943192,-209.98152263943192,-1.4,-1.0,-11.2,0.0,0.0,-29.5,-9.0,-3.5,-6.1,-5.5,-14.9
1060,10796747.90753175,13,4.218477360568073,65.78150863943192,548.6177820528621,1,6.435463857314971e-05,0.7734691137373109,0.1671794047918197,0.05935148147086945,200.0,92.08150863943192,-209.98152263943192,-1.4,-1.0,-11.2,0.0,0.0,-29.5,-9.0,-3.5,-6.1,-5.5,-14.9
1061,10796747.90753175,14,4.218477360568073,65.78150863943192,548.6177820528621,1,6.435463857314971e-05,0.7734522538507265,0.1671928815637847,0.05935486458548892,200.0,92.08150863943192,-209.98152263943192,-1.4,-1.0,-11.2,0.0,0.0,-29.5,-9.0,-3.5,-6.1,-5.5,-14.9
1062,10796747.90753175,15,4.218477360568073,65.78150863943192,548.6177820528621,1,6.435463857314971e-05,0.7734367792418342,0.167202347475904,0.05936087328226179,200.0,92.08150863943192,-209.98152263943192,-1.4,-1.0,-11.2,0.0,0.0,-29.5,-9.0,-3.5,-6.1,-5.5,-14.9
1063,10796747.90753175,16,4.218477360568073,65.78150863943192,548.6177820528621,1,6.435463857314971e-05,0.7734199888500937,0.16721409355399475,0.05936591759591153,200.0,92.08150863943192,-209.98152263943192,-1.4,-1.0,-11.2,0.0,0.0,-29.5,-9.0,-3.5,-6.1,-5.5,-14.9
1064,10796747.90753175,17,4.218477360568073,65.78150863943192,548.6177820528621,1,6.435463857314971e-05,0.7734054984703681,0.1672262126762182,0.05936828885341368,200.0,92.08150863943192,-209.98152263943192,-1.4,-1.0,-11.2,0.0,0.0,-29.5,-9.0,-3.5,-6.1,-5.5,-14.9
1065,10796747.90753175,18,4.218477360568073,65.78150863943192,548.6177820528621,1,6.435463857314971e-05,0.7733923034725851,0.16723956140654492,0.05936813512086996,200.0,92.08150863943192,-209.98152263943192,-1.4,-1.0,-11.2,0.0,0.0,-29.5,-9.0,-3.5,-6.1,-5.5,-14.9
1066,10796747.90753175,19,4.218477360568073,65.78150863943192,548.6177820528621,1,6.435463857314971e-05,0.7733829652397681,0.16724714687474582,0.05936988788548609,200.0,92.08150863943192,-209.98152263943192,-1.4,-1.0,-11.2,0.0,0.0,-29.5,-9.0,-3.5,-6.1,-5.5,-14.9
1067,10796747.90753175,20,4.218477360568073,65.78150863943192,548.6177820528621,1,6.435463857314971e-05,0.7733711215401864,0.16725711241532948,0.05937176604448418,200.0,92.08150863943192,-209.98152263943192,-1.4,-1.0,-11.2,0.0,0.0,-29.5,-9.0,-3.5,-6.1,-5.5,-14.9
1068,10796747.90753175,21,4.218477360568073,65.78150863943192,548.6177820528621,1,6.435463857314971e-05,0.7733630848527859,0.16726664368936778,0.059370271457846256,200.0,92.08150863943192,-209.98152263943192,-1.4,-1.0,-11.2,0.0,0.0,-29.5,-9.0,-3.5,-6.1,-5.5,-14.9
1069,10796747.90753175,22,4.218477360568073,65.78150863943192,548.6177820528621,1,6.435463857314971e-05,0.7733559994332974,0.16727409819796568,0.059369902368737015,200.0,92.08150863943192,-209.98152263943192,-1.4,-1.0,-11.2,0.0,0.0,-29.5,-9.0,-3.5,-6.1,-5.5,-14.9
1070,10796747.90753175,23,4.218477360568073,65.78150863943192,548.6177820528621,1,6.435463857314971e-05,0.7733471741306771,0.16728134516864518,0.059371480700677735,200.0,92.08150863943192,-209.98152263943192,-1.4,-1.0,-11.2,0.0,0.0,-29.5,-9.0,-3.5,-6.1,-5.5,-14.9
1071,10796747.90753175,24,4.218477360568073,65.78150863943192,548.6177820528621,1,6.435463857314971e-05,0.7733384542582267,0.1672866503972407,0.059374895344532594,200.0,92.08150863943192,-209.98152263943192,-1.4,-1.0,-11.2,0.0,0.0,-29.5,-9.0,-3.5,-6.1,-5.5,-14.9
1072,10796747.90753175,25,4.218477360568073,65.78150863943192,548.6177820528621,1,6.435463857314971e-05,0.7733298511723184,0.16729267797953382,0.05937747084814775,200.0,92.08150863943192,-209.98152263943192,-1.4,-1.0,-11.2,0.0,0.0,-29.5,-9.0,-3.5,-6.1,-5.5,-14.9
1073,10796747.90753175,26,4.218477360568073,65.78150863943192,548.6177820528621,1,6.435463857314971e-05,0.7733178417630487,0.16730116396072559,0.05938099427622564,200.0,92.08150863943192,-209.98152263943192,-1.4,-1.0,-11.2,0.0,0.0,-29.5,-9.0,-3.5,-6.1,-5.5,-14.9
1074,10796747.90753175,27,4.218477360568073,65.78150863943192,548.6177820528621,1,6.435463857314971e-05,0.7733096314442406,0.1673084359991702,0.05938193255658928,200.0,92.08150863943192,-209.98152263943192,-1.4,-1.0,-11.2,0.0,0.0,-29.5,-9.0,-3.5,-6.1,-5.5,-14.9
1075,10796747.90753175,28,4.218477360568073,65.78150863943192,548.6177820528621,1,6.435463857314971e-05,0.7732971346621933,0.1673206746497812,0.05938219068802553,200.0,92.08150863943192,-209.98152263943192,-1.4,-1.0,-11.2,0.0,0.0,-29.5,-9.0,-3.5,-6.1,-5.5,-14.9
1076,10796747.90753175,29,4.218477360568073,65.78150863943192,548.6177820528621,1,6.435463857314971e-05,0.7732805605382427,0.16733506690875188,0.0593843725530054,200.0,92.08150863943192,-209.98152263943192,-1.4,-1.0,-11.2,0.0,0.0,-29.5,-9.0,-3.5,-6.1,-5.5,-14.9
1077,10796747.90753175,30,4.218477360568073,65.78150863943192,548.6177820528621,1,6.435463857314971e-05,0.7732627547994804,0.16735145235845647,0.05938579284206311,200.0,92.08150863943192,-209.98152263943192,-1.4,-1.0,-11.2,0.0,0.0,-29.5,-9.0,-3.5,-6.1,-5.5,-14.9
1078,10796747.90753175,31,4.218477360568073,65.78150863943192,548.6177820528621,1,6.435463857314971e-05,0.7732420265597364,0.1673697601127289,0.059388213327534765,200.0,92.08150863943192,-209.98152263943192,-1.4,-1.0,-11.2,0.0,0.0,-29.5,-9.0,-3.5,-6.1,-5.5,-14.9
1079,10796747.90753175,32,4.218477360568073,65.78150863943192,548.6177820528621,1,6.435463857314971e-05,0.7732211495838701,0.1673872856233464,0.05939156479278346,200.0,92.08150863943192,-209.98152263943192,-1.4,-1.0,-11.2,0.0,0.0,-29.5,-9.0,-3.5,-6.1,-5.5,-14.9
1080,10796747.90753175,33,4.218477360568073,65.78150863943192,548.6177820528621,1,6.435463857314971e-05,0.7732018892177283,0.16740488681892612,0.059393223963345704,200.0,92.08150863943192,-209.98152263943192,-1.4,-1.0,-11.2,0.0,0.0,-29.5,-9.0,-3.5,-6.1,-5.5,-14.9
1081,10796747.90753175,34,4.218477360568073,65.78150863943192,548.6177820528621,1,6.435463857314971e-05,0.7731841543950966,0.16742000711632868,0.05939583848857477,200.0,92.08150863943192,-209.98152263943192,-1.4,-1.0,-11.2,0.0,0.0,-29.5,-9.0,-3.5,-6.1,-5.5,-14.9
1082,10796747.90753175,35,4.218477360568073,65.78150863943192,548.6177820528621,1,6.435463857314971e-05,0.7731643844212968,0.16743708568034438,0.059398529898358934,200.0,92.08150863943192,-209.98152263943192,-1.4,-1.0,-11.2,0.0,0.0,-29.5,-9.0,-3.5,-6.1,-5.5,-14.9
1083,10796747.90753175,36,4.218477360568073,65.78150863943192,548.6177820528621,1,6.435463857314971e-05,0.7731444326343031,0.1674559888875351,0.059399578478161824,200.0,92.08150863943192,-209.98152263943192,-1.4,-1.0,-11.2,0.0,0.0,-29.5,-9.0,-3.5,-6.1,-5.5,-14.9
1084,10796747.90753175,37,4.218477360568073,65.78150863943192,548.6177820528621,1,6.435463857314971e-05,0.7731286594481436,0.16747144929773675,0.05939989125411966,200.0,92.08150863943192,-209.98152263943192,-1.4,-1.0,-11.2,0.0,0.0,-29.5,-9.0,-3.5,-6.1,-5.5,-14.9
1085,10796747.90753175,38,4.218477360568073,65.78150863943192,548.6177820528621,1,6.435463857314971e-05,0.7731168520647931,0.16748533865070164,0.059397809284505325,200.0,92.08150863943192,-209.98152263943192,-1.4,-1.0,-11.2,0.0,0.0,-29.5,-9.0,-3.5,-6.1,-5.5,-14.9
1086,10796747.90753175,39,4.218477360568073,65.78150863943192,548.6177820528621,1,6.435463857314971e-05,0.7731035872081604,0.16749868112616892,0.05939773166567061,200.0,92.08150863943192,-209.98152263943192,-1.4,-1.0,-11.2,0.0,0.0,-29.5,-9.0,-3.5,-6.1,-5.5,-14.9
1087,10796747.90753175,40,4.218477360568073,65.78150863943192,548.6177820528621,1,6.435463857314971e-05,0.7730889441565035,0.16751319523124036,0.059397860612256125,200.0,92.08150863943192,-209.98152263943192,-1.4,-1.0,-11.2,0.0,0.0,-29.5,-9.0,-3.5,-6.1,-5.5,-14.9
1088,10796747.90753175,41,4.218477360568073,65.78150863943192,548.6177820528621,1,6.435463857314971e-05,0.7730695210995844,0.16753057522419132,0.05939990367622435,200.0,92.08150863943192,-209.98152263943192,-1.4,-1.0,-11.2,0.0,0.0,-29.5,-9.0,-3.5,-6.1,-5.5,-14.9
1089,10796747.90753175,42,4.218477360568073,65.78150863943192,548.6177820528621,1,6.435463857314971e-05,0.7730490289474865,0.16754638198854094,0.05940458906397263,200.0,92.08150863943192,-209.98152263943192,-1.4,-1.0,-11.2,0.0,0.0,-29.5,-9.0,-3.5,-6.1,-5.5,-14.9
1090,10796747.90753175,43,4.218477360568073,65.78150863943192,548.6177820528621,1,6.435463857314971e-05,0.7730301307906408,0.16756064830253758,0.05940922090682162,200.0,92.08150863943192,-209.98152263943192,-1.4,-1.0,-11.2,0.0,0.0,-29.5,-9.0,-3.5,-6.1,-5.5,-14.9
1091,10796747.90753175,44,4.218477360568073,65.78150863943192,548.6177820528621,1,6.435463857314971e-05,0.7730110118792812,0.16757432742137193,0.05941466069934689,200.0,92.08150863943192,-209.98152263943192,-1.4,-1.0,-11.2,0.0,0.0,-29.5,-9.0,-3.5,-6.1,-5.5,-14.9
1092,10796747.90753175,45,4.218477360568073,65.78150863943192,548.6177820528621,1,6.435463857314971e-05,0.7729925490872951,0.1675865898908164,0.05942086102188854,200.0,92.08150863943192,-209.98152263943192,-1.4,-1.0,-11.2,0.0,0.0,-29.5,-9.0,-3.5,-6.1,-5.5,-14.9
1093,10796747.90753175,46,4.218477360568073,65.78150863943192,548.6177820528621,1,6.435463857314971e-05,0.7729764408944286,0.16759663517365325,0.059426923931918174,200.0,92.08150863943192,-209.98152263943192,-1.4,-1.0,-11.2,0.0,0.0,-29.5,-9.0,-3.5,-6.1,-5.5,-14.9
1094,10796747.90753175,47,4.218477360568073,65.78150863943192,548.6177820528621,1,6.435463857314971e-05,0.7729573817157198,0.16760803424214232,0.05943458404213789,200.0,92.08150863943192,-209.98152263943192,-1.4,-1.0,-11.2,0.0,0.0,-29.5,-9.0,-3.5,-6.1,-5.5,-14.9
1095,10796747.90753175,48,4.218477360568073,65.78150863943192,548.6177820528621,1,6.435463857314971e-05,0.7729398499593907,0.16761895864950693,0.05944119139110238,200.0,92.08150863943192,-209.98152263943192,-1.4,-1.0,-11.2,0.0,0.0,-29.5,-9.0,-3.5,-6.1,-5.5,-14.9
1096,10796747.90753175,49,4.218477360568073,65.78150863943192,548.6177820528621,1,6.435463857314971e-05,0.7729229019620824,0.16762944708315178,0.059447650954765875,200.0,92.08150863943192,-209.98152263943192,-1.4,-1.0,-11.2,0.0,0.0,-29.5,-9.0,-3.5,-6.1,-5.5,-14.9
1097,10796747.90753175,0,4.218477360568073,65.78150863943192,548.6177820528621,1,6.435463857314971e-05,0.7729039361729464,0.1676437652268397,0.05945229860021388,200.0,92.08150863943192,-209.98152263943192,-1.4,-1.0,-11.2,0.0,0.0,-29.5,-9.0,-3.5,-6.1,-5.5,-14.9
1098,10796747.90753175,1,4.218477360568073,65.78150863943192,548.6177820528621,1,6.435463857314971e-05,0.7728813235200935,0.16766090765201022,0.05945776882789623,200.0,92.08150863943192,-209.98152263943192,-1.4,-1.0,-11.2,0.0,0.0,-29.5,-9.0,-3.5,-6.1,-5.5,-14.9
1099,10796747.90753175,2,4.218477360568073,65.78150863943192,548.6177820528621,1,6.435463857314971e-05,0.7728578284314813,0.16767732572877972,0.059464845839738954,200.0,92.08150863943192,-209.98152263943192,-1.4,-1.0,-11.2,0.0,0.0,-29.5,-9.0,-3.5,-6.1,-5.5,-14.9
1100,10796747.90753175,3,4.218477360568073,65.78150863943192,548.6177820528621,1,6.435463857314971e-05,0.7728352201343637,0.16769218688220905,0.05947259298342724,200.0,92.08150863943192,-209.98152263943192,-1.4,-1.0,-11.2,0.0,0.0,-29.5,-9.0,-3.5,-6.1,-5.5,-14.9
1101,10796747.90753175,4,4.218477360568073,65.78150863943192,548.6177820528621,1,6.435463857314971e-05,0.7728100155949446,0.16770814276024643,0.05948184164480907,200.0,92.08150863943192,-209.98152263943192,-1.4,-1.0,-11.2,0.0,0.0,-29.5,-9.0,-3.5,-6.1,-5.5,-14.9
1102,10796747.90753175,5,4.218477360568073,65.78150863943192,548.6177820528621,1,6.435463857314971e-05,0.7727789220045843,0.16772938431695034,0.05949169367846542,200.0,92.08150863943192,-209.98152263943192,-1.4,-1.0,-11.2,0.0,0.0,-29.5,-9.0,-3.5,-6.1,-5.5,-14.9
1103,10796747.90753175,6,4.218477360568073,65.78150863943192,548.6177820528621,1,6.435463857314971e-05,0.7727465411798706,0.16775305521111727,0.05950040360901217,200.0,92.08150863943192,-209.98152263943192,-1.4,-1.0,-11.2,0.0,0.0,-29.5,-9.0,-3.5,-6.1,-5.5,-14.9
1104,10796747.90753175,7,4.218477360568073,65.78150863943192,548.6177820528621,1,6.435463857314971e-05,0.7727206613635564,0.1677721991537366,0.05950713948270694,200.0,92.08150863943192,-209.98152263943192,-1.4,-1.0,-11.2,0.0,0.0,-29.5,-9.0,-3.5,-6.1,-5.5,-14.9
1105,10796747.90753175,8,4.218477360568073,65.78150863943192,548.6177820528621,1,6.435463857314971e-05,0.7726923757918389,0.16779388544811008,0.05951373876005097,200.0,92.08150863943192,-209.98152263943192,-1.4,-1.0,-11.2,0.0,0.0,-29.5,-9.0,-3.5,-6.1,-5.5,-14.9
1106,10796747.90753175,9,4.218477360568073,65.78150863943192,548.6177820528621,1,6.435463857314971e-05,0.7726660967955199,0.16781540116490445,0.05951850203957565,200.0,92.08150863943192,-209.98152263943192,-1.4,-1.0,-11.2,0.0,0.0,-29.5,-9.0,-3.5,-6.1,-5.5,-14.9
1107,10796747.90753175,10,4.218477360568073,65.78150863943192,548.6177820528621,1,6.435463857314971e-05,0.7726382947311907,0.1678384828804173,0.059523222388391965,200.0,92.08150863943192,-209.98152263943192,-1.4,-1.0,-11.2,0.0,0.0,-29.5,-9.0,-3.5,-6.1,-5.5,-14.9
1108,10796747.90753175,11,4.218477360568073,65.78150863943192,548.6177820528621,1,6.435463857314971e-05,0.772609049704096,0.1678630487970993,0.05952790149880462,200.0,92.08150863943192,-209.98152263943192,-1.4,-1.0,-11.2,0.0,0.0,-29.5,-9.0,-3.5,-6.1,-5.5,-14.9
1109,10796747.90753175,12,4.218477360568073,65.78150863943192,548.6177820528621,1,6.435463857314971e-05,0.7725827107243788,0.16788477490715806,0.059532514368463144,200.0,92.08150863943192,-209.98152263943192,-1.4,-1.0,-11.2,0.0,0.0,-29.5,-9.0,-3.5,-6.1,-5.5,-14.9
1110,10796747.90753175,13,4.218477360568073,65.78150863943192,548.6177820528621,1,6.435463857314971e-05,0.7725565712877958,0.1679071847347405,0.05953624397746371,200.0,92.08150863943192,-209.98152263943192,-1.4,-1.0,-11.2,0.0,0.0,-29.5,-9.0,-3.5,-6.1,-5.5,-14.9
1111,10796747.90753175,14,4.218477360568073,65.78150863943192,548.6177820528621,1,6.435463857314971e-05,0.7725323182223038,0.16792521405597188,0.059542467721724335,200.0,92.08150863943192,-209.98152263943192,-1.4,-1.0,-11.2,0.0,0.0,-29.5,-9.0,-3.5,-6.1,-5.5,-14.9
1112,10796747.90753175,15,4.218477360568073,65.78150863943192,548.6177820528621,1,6.435463857314971e-05,0.7725038966581692,0.16794667885546452,0.059549424486366256,200.0,92.08150863943192,-209.98152263943192,-1.4,-1.0,-11.2,0.0,0.0,-29.5,-9.0,-3.5,-6.1,-5.5,-14.9
1113,10796747.90753175,16,4.218477360568073,65.78150863943192,548.6177820528621,1,6.435463857314971e-05,0.7724749249412611,0.16796718368216773,0.059557891376571095,200.0,92.08150863943192,-209.98152263943192,-1.4,-1.0,-11.2,0.0,0.0,-29.5,-9.0,-3.5,-6.1,-5.5,-14.9
1114,10796747.90753175,17,4.218477360568073,65.78150863943192,548.6177820528621,1,6.435463857314971e-05,0.7724462924362515,0.1679875937964501,0.05956611376729846,200.0,92.08150863943192,-209.98152263943192,-1.4,-1.0,-11.2,0.0,0.0,-29.5,-9.0,-3.5,-6.1,-5.5,-14.9
1115,10796747.90753175,18,4.218477360568073,65.78150863943192,548.6177820528621,1,6.435463857314971e-05,0.7724145736816298,0.16800963041811287,0.05957579590025735,200.0,92.08150863943192,-209.98152263943192,-1.4,-1.0,-11.2,0.0,0.0,-29.5,-9.0,-3.5,-6.1,-5.5,-14.9
1116,10796747.90753175,19,4.218477360568073,65.78150863943192,548.6177820528621,1,6.435463857314971e-05,0.7723841920382755,0.1680314776769486,0.05958433028477593,200.0,92.08150863943192,-209.98152263943192,-1.4,-1.0,-11.2,0.0,0.0,-29.5,-9.0,-3.5,-6.1,-5.5,-14.9
1117,10796747.90753175,20,4.218477360568073,65.78150863943192,548.6177820528621,1,6.435463857314971e-05,0.7723516752677614,0.16805485942128326,0.05959346531095541,200.0,92.08150863943192,-209.98152263943192,-1.4,-1.0,-11.2,0.0,0.0,-29.5,-9.0,-3.5,-6.1,-5.5,-14.9
1118,10796747.90753175,21,4.218477360568073,65.78150863943192,548.6177820528621,1,6.435463857314971e-05,0.7723205455091227,0.1680796406132802,0.059599813877597156,200.0,92.08150863943192,-209.98152263943192,-1.4,-1.0,-11.2,0.0,0.0,-29.5,-9.0,-3.5,-6.1,-5.5,-14.9
1119,10796747.90753175,22,4.218477360568073,65.78150863943192,548.6177820528621,1,6.435463857314971e-05,0.7722881682926056,0.16810329981614092,0.059608531891253556,200.0,92.08150863943192,-209.98152263943192,-1.4,-1.0,-11.2,0.0,0.0,-29.5,-9.0,-3.5,-6.1,-5.5,-14.9
1120,10796747.90753175,23,4.218477360568073,65.78150863943192,548.6177820528621,1,6.435463857314971e-05,0.7722537686046408,0.1681283934236927,0.059617837971666574,200.0,92.08150863943192,-209.98152263943192,-1.4,-1.0,-11.2,0.0,0.0,-29.5,-9.0,-3.5,-6.1,-5.5,-14.9
1121,10796747.90753175,24,4.218477360568073,65.78150863943192,548.6177820528621,1,6.435463857314971e-05,0.772218299987667,0.16815400364784652,0.05962769636448655,200.0,92.08150863943192,-209.98152263943192,-1.4,-1.0,-11.2,0.0,0.0,-29.5,-9.0,-3.5,-6.1,-5.5,-14.9
1122,10796747.90753175,25,4.218477360568073,65.78150863943192,548.6177820528621,1,6.435463857314971e-05,0.7721792785579666,0.1681826282740573,0.05963809316797611,200.0,92.08150863943192,-209.98152263943192,-1.4,-1.0,-11.2,0.0,0.0,-29.5,-9.0,-3.5,-6.1,-5.5,-14.9
1123,10796747.90753175,26,4.218477360568073,65.78150863943192,548.6177820528621,1,6.435463857314971e-05,0.7721445159423201,0.168208193478156,0.0596472905795239,200.0,92.08150863943192,-209.98152263943192,-1.4,-1.0,-11.2,0.0,0.0,-29.5,-9.0,-3.5,-6.1,-5.5,-14.9
1124,10796747.90753175,27,4.218477360568073,65.78150863943192,548.6177820528621,1,6.435463857314971e-05,0.7721188724801741,0.16822746847659353,0.05965365904323236,200.0,92.08150863943192,-209.98152263943192,-1.4,-1.0,-11.2,0.0,0.0,-29.5,-9.0,-3.5,-6.1,-5.5,-14.9
1125,10796747.90753175,28,4.218477360568073,65.78150863943192,548.6177820528621,1,6.435463857314971e-05,0.7720925670179966,0.16824505435517184,0.05966237862683158,200.0,92.08150863943192,-209.98152263943192,-1.4,-1.0,-11.2,0.0,0.0,-29.5,-9.0,-3.5,-6.1,-5.5,-14.9
1126,10796747.90753175,29,4.218477360568073,65.78150863943192,548.6177820528621,1,6.435463857314971e-05,0.7720673352482167,0.16826183510250775,0.05967082964927563,200.0,92.08150863943192,-209.98152263943192,-1.4,-1.0,-11.2,0.0,0.0,-29.5,-9.0,-3.5,-6.1,-5.5,-14.9
1127,10796747.90753175,30,4.218477360568073,65.78150863943192,548.6177820528621,1,6.435463857314971e-05,0.7720448136572223,0.16827700024664588,0.05967818609613187,200.0,92.08150863943192,-209.98152263943192,-1.4,-1.0,-11.2,0.0,0.0,-29.5,-9.0,-3.5,-6.1,-5.5,-14.9
1128,10796747.90753175,31,4.218477360568073,65.78150863943192,548.6177820528621,1,6.435463857314971e-05,0.7720214966978334,0.16829397896320228,0.0596845243389642,200.0,92.08150863943192,-209.98152263943192,-1.4,-1.0,-11.2,0.0,0.0,-29.5,-9.0,-3.5,-6.1,-5.5,-14.9
1129,10796747.90753175,32,4.218477360568073,65.78150863943192,548.6177820528621,1,6.435463857314971e-05,0.7719974261752832,0.16831267721934856,0.05968989660536831,200.0,92.08150863943192,-209.98152263943192,-1.4,-1.0,-11.2,0.0,0.0,-29.5,-9.0,-3.5,-6.1,-5.5,-14.9
1130,10796747.90753175,33,4.218477360568073,65.78150863943192,548.6177820528621,1,6.435463857314971e-05,0.7719793716549782,0.16832714114821468,0.05969348719680712,200.0,92.08150863943192,-209.98152263943192,-1.4,-1.0,-11.2,0.0,0.0,-29.5,-9.0,-3.5,-6.1,-5.5,-14.9
1131,10796747.90753175,34,4.218477360568073,65.78150863943192,548.6177820528621,1,6.435463857314971e-05,0.7719602947300199,0.1683418029530389,0.05969790231694122,200.0,92.08150863943192,-209.98152263943192,-1.4,-1.0,-11.2,0.0,0.0,-29.5,-9.0,-3.5,-6.1,-5.5,-14.9
1132,10796747.90753175,35,4.218477360568073,65.78150863943192,548.6177820528621,1,6.435463857314971e-05,0.7719419231936572,0.16835416226772756,0.05970391453861523,200.0,92.08150863943192,-209.98152263943192,-1.4,-1.0,-11.2,0.0,0.0,-29.5,-9.0,-3.5,-6.1,-5.5,-14.9
1133,10796747.90753175,36,4.218477360568073,65.78150863943192,548.6177820528621,1,6.435463857314971e-05,0.7719250632944064,0.16836432407284152,0.0597106126327521,200.0,92.08150863943192,-209.98152263943192,-1.4,-1.0,-11.2,0.0,0.0,-29.5,-9.0,-3.5,-6.1,-5.5,-14.9
1134,10796747.90753175,37,4.218477360568073,65.78150863943192,548.6177820528621,1,6.435463857314971e-05,0.7719062888872487,0.16837572983294544,0.05971798127980594,200.0,92.08150863943192,-209.98152263943192,-1.4,-1.0,-11.2,0.0,0.0,-29.5,-9.0,-3.5,-6.1,-5.5,-14.9
1135,10796747.90753175,38,4.218477360568073,65.78150863943192,548.6177820528621,1,6.435463857314971e-05,0.7718857096490129,0.16838995291396822,0.05972433743701883,200.0,92.08150863943192,-209.98152263943192,-1.4,-1.0,-11.2,0.0,0.0,-29.5,-9.0,-3.5,-6.1,-5.5,-14.9
1136,10796747.90753175,39,4.218477360568073,65.78150863943192,548.6177820528621,1,6.435463857314971e-05,0.7718659139632607,0.16840189795804306,0.059732188078696256,200.0,92.08150863943192,-209.98152263943192,-1.4,-1.0,-11.2,0.0,0.0,-29.5,-9.0,-3.5,-6.1,-5.5,-14.9
1137,10796747.90753175,40,4.218477360568073,65.78150863943192,548.6177820528621,1,6.435463857314971e-05,0.7718460428867885,0.16841496533158068,0.05973899178163079,200.0,92.08150863943192,-209.98152263943192,-1.4,-1.0,-11.2,0.0,0.0,-29.5,-9.0,-3.5,-6.1,-5.5,-14.9
1138,10796747.90753175,41,4.218477360568073,65.78150863943192,548.6177820528621,1,6.435463857314971e-05,0.7718269142619217,0.16842499775404615,0.0597480879840321,200.0,92.08150863943192,-209.98152263943192,-1.4,-1.0,-11.2,0.0,0.0,-29.5,-9.0,-3.5,-6.1,-5.5,-14.9
1139,10796747.90753175,42,4.218477360568073,65.78150863943192,548.6177820528621,1,6.435463857314971e-05,0.7718093651662502,0.1684370365786233,0.059753598255126494,200.0,92.08150863943192,-209.98152263943192,-1.4,-1.0,-11.2,0.0,0.0,-29.5,-9.0,-3.5,-6.1,-5.5,-14.9
1140,10796747.90753175,43,4.218477360568073,65.78150863943192,548.6177820528621,1,6.435463857314971e-05,0.7717924548074212,0.1684477272458595,0.0597598179467193,200.0,92.08150863943192,-209.98152263943192,-1.4,-1.0,-11.2,0.0,0.0,-29.5,-9.0,-3.5,-6.1,-5.5,-14.9
1141,10796747.90753175,44,4.218477360568073,65.78150863943192,548.6177820528621,1,6.435463857314971e-05,0.7717786645495879,0.16845710014120366,0.05976423530920846,200.0,92.08150863943192,-209.98152263943192,-1.4,-1.0,-11.2,0.0,0.0,-29.5,-9.0,-3.5,-6.1,-5.5,-14.9
1142,10796747.90753175,45,4.218477360568073,65.78150863943192,548.6177820528621,1,6.435463857314971e-05,0.7717670014578509,0.16846604916400543,0.05976694937814367,200.0,92.08150863943192,-209.98152263943192,-1.4,-1.0,-11.2,0.0,0.0,-29.5,-9.0,-3.5,-6.1,-5.5,-14.9
1143,10796747.90753175,46,4.218477360568073,65.78150863943192,548.6177820528621,1,6.435463857314971e-05,0.7717548501384393,0.16847463431758614,0.0597705155439746,200.0,92.08150863943192,-209.98152263943192,-1.4,-1.0,-11.2,0.0,0.0,-29.5,-9.0,-3.5,-6.1,-5.5,-14.9
1144,10796747.90753175,47,4.218477360568073,65.78150863943192,548.6177820528621,1,6.435463857314971e-05,0.7717464014035471,0.16848118403827744,0.05977241455817544,200.0,92.08150863943192,-209.98152263943192,-1.4,-1.0,-11.2,0.0,0.0,-29.5,-9.0,-3.5,-6.1,-5.5,-14.9
1145,10796747.90753175,48,4.218477360568073,65.78150863943192,548.6177820528621,1,6.435463857314971e-05,0.7717364825028175,0.1684899390764693,0.05977357842071332,200.0,92.08150863943192,-209.98152263943192,-1.4,-1.0,-11.2,0.0,0.0,-29.5,-9.0,-3.5,-6.1,-5.5,-14.9
1146,10796747.90753175,49,4.218477360568073,65.78150863943192,548.6177820528621,1,6.435463857314971e-05,0.7717243330357884,0.16849998756611279,0.05977567939809892,200.0,92.08150863943192,-209.98152263943192,-1.4,-1.0,-11.2,0.0,0.0,-29.5,-9.0,-3.5,-6.1,-5.5,-14.9
1147,10796747.90753175,0,4.218477360568073,65.78150863943192,548.6177820528621,1,6.435463857314971e-05,0.7717092459532591,0.16851370875519223,0.05977704529154879,200.0,92.08150863943192,-209.98152263943192,-1.4,-1.0,-11.2,0.0,0.0,-29.5,-9.0,-3.5,-6.1,-5.5,-14.9
1148,10796747.90753175,1,4.218477360568073,65.78150863943192,548.6177820528621,1,6.435463857314971e-05,0.7716979930434748,0.16852270466043068,0.05977930229609455,200.0,92.08150863943192,-209.98152263943192,-1.4,-1.0,-11.2,0.0,0.0,-29.5,-9.0,-3.5,-6.1,-5.5,-14.9
1149,10796747.90753175,2,4.218477360568073,65.78150863943192,548.6177820528621,1,6.435463857314971e-05,0.7716845887355764,0.16853378596531343,0.059781625299110186,200.0,92.08150863943192,-209.98152263943192,-1.4,-1.0,-11.2,0.0,0.0,-29.5,-9.0,-3.5,-6.1,-5.5,-14.9
1150,10796747.90753175,3,4.218477360568073,65.78150863943192,548.6177820528621,1,6.435463857314971e-05,0.7716749437108897,0.16854432663965663,0.05978072964945364,200.0,92.08150863943192,-209.98152263943192,-1.4,-1.0,-11.2,0.0,0.0,-29.5,-9.0,-3.5,-6.1,-5.5,-14.9
1151,10796747.90753175,4,4.218477360568073,65.78150863943192,548.6177820528621,1,6.435463857314971e-05,0.7716614172512276,0.16855851371969677,0.059780069029075615,200.0,92.08150863943192,-209.98152263943192,-1.4,-1.0,-11.2,0.0,0.0,-29.5,-9.0,-3.5,-6.1,-5.5,-14.9
1152,10796747.90753175,5,4.218477360568073,65.78150863943192,548.6177820528621,1,6.435463857314971e-05,0.7716458626606196,0.1685761345144179,0.059778002824962526,200.0,92.08150863943192,-209.98152263943192,-1.4,-1.0,-11.2,0.0,0.0,-29.5,-9.0,-3.5,-6.1,-5.5,-14.9
1153,10796747.90753175,6,4.218477360568073,65.78150863943192,548.6177820528621,1,6.435463857314971e-05,0.7716325120369324,0.16859129059010142,0.05977619737296629,200.0,92.08150863943192,-209.98152263943192,-1.4,-1.0,-11.2,0.0,0.0,-29.5,-9.0,-3.5,-6.1,-5.5,-14.9
1154,10796747.90753175,7,4.218477360568073,65.78150863943192,548.6177820528621,1,6.435463857314971e-05,0.771618778197068,0.16860737582541113,0.059773845977520945,200.0,92.08150863943192,-209.98152263943192,-1.4,-1.0,-11.2,0.0,0.0,-29.5,-9.0,-3.5,-6.1,-5.5,-14.9
1155,10796747.90753175,8,4.218477360568073,65.78150863943192,548.6177820528621,1,6.435463857314971e-05,0.7716063294062366,0.1686243145775123,0.059769356016251024,200.0,92.08150863943192,-209.98152263943192,-1.4,-1.0,-11.2,0.0,0.0,-29.5,-9.0,-3.5,-6.1,-5.5,-14.9
1156,10796747.90753175,9,4.218477360568073,65.78150863943192,548.6177820528621,1,6.435463857314971e-05,0.7715918054763475,0.16864292147589813,0.059765273047754336,200.0,92.08150863943192,-209.98152263943192,-1.4,-1.0,-11.2,0.0,0.0,-29.5,-9.0,-3.5,-6.1,-5.5,-14.9
1157,10796747.90753175,10,4.218477360568073,65.78150863943192,548.6177820528621,1,6.435463857314971e-05,0.7715851901942181,0.16865570046047967,0.059759109345302194,200.0,92.08150863943192,-209.98152263943192,-1.4,-1.0,-11.2,0.0,0.0,-29.5,-9.0,-3.5,-6.1,-5.5,-14.9
1158,10796747.90753175,11,4.218477360568073,65.78150863943192,548.6177820528621,1,6.435463857314971e-05,0.7715770282201968,0.1686711428746135,0.059751828905189736,200.0,92.08150863943192,-209.98152263943192,-1.4,-1.0,-11.2,0.0,0.0,-29.5,-9.0,-3.5,-6.1,-5.5,-14.9
1159,10796747.90753175,12,4.218477360568073,65.78150863943192,548.6177820528621,1,6.435463857314971e-05,0.77156739326748,0.1686899156865382,0.05974269104598184,200.0,92.08150863943192,-209.98152263943192,-1.4,-1.0,-11.2,0.0,0.0,-29.5,-9.0,-3.5,-6.1,-5.5,-14.9
1160,10796747.90753175,13,4.218477360568073,65.78150863943192,548.6177820528621,1,6.435463857314971e-05,0.7715572009457102,0.16870701269472752,0.05973578635956231,200.0,92.08150863943192,-209.98152263943192,-1.4,-1.0,-11.2,0.0,0.0,-29.5,-9.0,-3.5,-6.1,-5.5,-14.9
1161,10796747.90753175,14,4.218477360568073,65.78150863943192,548.6177820528621,1,6.435463857314971e-05,0.7715448343034564,0.16872495452660982,0.05973021116993369,200.0,92.08150863943192,-209.98152263943192,-1.4,-1.0,-11.2,0.0,0.0,-29.5,-9.0,-3.5,-6.1,-5.5,-14.9
1162,10796747.90753175,15,4.218477360568073,65.78150863943192,548.6177820528621,1,6.435463857314971e-05,0.7715369566833519,0.16874037769337913,0.05972266562326908,200.0,92.08150863943192,-209.98152263943192,-1.4,-1.0,-11.2,0.0,0.0,-29.5,-9.0,-3.5,-6.1,-5.5,-14.9
1163,10796747.90753175,16,4.218477360568073,65.78150863943192,548.6177820528621,1,6.435463857314971e-05,0.7715300554969808,0.16875667095766028,0.059713273545358915,200.0,92.08150863943192,-209.98152263943192,-1.4,-1.0,-11.2,0.0,0.0,-29.5,-9.0,-3.5,-6.1,-5.5,-14.9
1164,10796747.90753175,17,4.218477360568073,65.78150863943192,548.6177820528621,1,6.435463857314971e-05,0.7715240891767442,0.16877218684582068,0.05970372397743518,200.0,92.08150863943192,-209.98152263943192,-1.4,-1.0,-11.2,0.0,0.0,-29.5,-9.0,-3.5,-6.1,-5.5,-14.9
1165,10796747.90753175,18,4.218477360568073,65.78150863943192,548.6177820528621,1,6.435463857314971e-05,0.7715181912191289,0.16878777810711057,0.059694030673760515,200.0,92.08150863943192,-209.98152263943192,-1.4,-1.0,-11.2,0.0,0.0,-29.5,-9.0,-3.5,-6.1,-5.5,-14.9
1166,10796747.90753175,19,4.218477360568073,65.78150863943192,548.6177820528621,1,6.435463857314971e-05,0.7715148118476037,0.16880099969544735,0.059684188456949,200.0,92.08150863943192,-209.98152263943192,-1.4,-1.0,-11.2,0.0,0.0,-29.5,-9.0,-3.5,-6.1,-5.5,-14.9
1167,10796747.90753175,20,4.218477360568073,65.78150863943192,548.6177820528621,1,6.435463857314971e-05,0.7715097520651846,0.1688136402878538,0.05967660764696165,200.0,92.08150863943192,-209.98152263943192,-1.4,-1.0,-11.2,0.0,0.0,-29.5,-9.0,-3.5,-6.1,-5.5,-14.9
1168,10796747.90753175,21,4.218477360568073,65.78150863943192,548.6177820528621,1,6.435463857314971e-05,0.7715022766602334,0.16882733822330911,0.0596703851164575,200.0,92.08150863943192,-209.98152263943192,-1.4,-1.0,-11.2,0.0,0.0,-29.5,-9.0,-3.5,-6.1,-5.5,-14.9
1169,10796747.90753175,22,4.218477360568073,65.78150863943192,548.6177820528621,1,6.435463857314971e-05,0.7714990218779537,0.16883794022820336,0.05966303789384288,200.0,92.08150863943192,-209.98152263943192,-1.4,-1.0,-11.2,0.0,0.0,-29.5,-9.0,-3.5,-6.1,-5.5,-14.9
1170,10796747.90753175,23,4.218477360568073,65.78150863943192,548.6177820528621,1,6.435463857314971e-05,0.7715014017131108,0.16884319101178585,0.05965540727510342,200.0,92.08150863943192,-209.98152263943192,-1.4,-1.0,-11.2,0.0,0.0,-29.5,-9.0,-3.5,-6.1,-5.5,-14.9
1171,10796747.90753175,24,4.218477360568073,65.78150863943192,548.6177820528621,1,6.435463857314971e-05,0.771505873296003,0.16884580958109952,0.059648317122897546,200.0,92.08150863943192,-209.98152263943192,-1.4,-1.0,-11.2,0.0,0.0,-29.5,-9.0,-3.5,-6.1,-5.5,-14.9
1172,10796747.90753175,25,4.218477360568073,65.78150863943192,548.6177820528621,1,6.435463857314971e-05,0.7715098942698512,0.16884756179387342,0.05964254393627539,200.0,92.08150863943192,-209.98152263943192,-1.4,-1.0,-11.2,0.0,0.0,-29.5,-9.0,-3.5,-6.1,-5.5,-14.9
1173,10796747.90753175,26,4.218477360568073,65.78150863943192,548.6177820528621,1,6.435463857314971e-05,0.7715142952524238,0.1688484782644037,0.059637226483172594,200.0,92.08150863943192,-209.98152263943192,-1.4,-1.0,-11.2,0.0,0.0,-29.5,-9.0,-3.5,-6.1,-5.5,-14.9
1174,10796747.90753175,27,4.218477360568073,65.78150863943192,548.6177820528621,1,6.435463857314971e-05,0.7715190526837246,0.16884939427594373,0.05963155304033172,200.0,92.08150863943192,-209.98152263943192,-1.4,-1.0,-11.2,0.0,0.0,-29.5,-9.0,-3.5,-6.1,-5.5,-14.9
1175,10796747.90753175,28,4.218477360568073,65.78150863943192,548.6177820528621,1,6.435463857314971e-05,0.771522526984676,0.16885192100380045,0.05962555201152355,200.0,92.08150863943192,-209.98152263943192,-1.4,-1.0,-11.2,0.0,0.0,-29.5,-9.0,-3.5,-6.1,-5.5,-14.9
1176,10796747.90753175,29,4.218477360568073,65.78150863943192,548.6177820528621,1,6.435463857314971e-05,0.7715231722032315,0.1688560036633462,0.05962082413342235,200.0,92.08150863943192,-209.98152263943192,-1.4,-1.0,-11.2,0.0,0.0,-29.5,-9.0,-3.5,-6.1,-5.5,-14.9
1177,10796747.90753175,30,4.218477360568073,65.78150863943192,548.6177820528621,1,6.435463857314971e-05,0.7715219388575558,0.16886154807934772,0.05961651306309643,200.0,92.08150863943192,-209.98152263943192,-1.4,-1.0,-11.2,0.0,0.0,-29.5,-9.0,-3.5,-6.1,-5.5,-14.9
1178,10796747.90753175,31,4.218477360568073,65.78150863943192,548.6177820528621,1,6.435463857314971e-05,0.7715156912769264,0.16887090651031217,0.05961340221276136,200.0,92.08150863943192,-209.98152263943192,-1.4,-1.0,-11.2,0.0,0.0,-29.5,-9.0,-3.5,-6.1,-5.5,-14.9
1179,10796747.90753175,32,4.218477360568073,65.78150863943192,548.6177820528621,1,6.435463857314971e-05,0.7715103506558474,0.1688774640601627,0.059612185283989955,200.0,92.08150863943192,-209.98152263943192,-1.4,-1.0,-11.2,0.0,0.0,-29.5,-9.0,-3.5,-6.1,-5.5,-14.9
1180,10796747.90753175,33,4.218477360568073,65.78150863943192,548.6177820528621,1,6.435463857314971e-05,0.7715066701516669,0.1688821411349495,0.05961118871338366,200.0,92.08150863943192,-209.98152263943192,-1.4,-1.0,-11.2,0.0,0.0,-29.5,-9.0,-3.5,-6.1,-5.5,-14.9
1181,10796747.90753175,34,4.218477360568073,65.78150863943192,548.6177820528621,1,6.435463857314971e-05,0.7715005358260999,0.1688874681331326,0.0596119960407675,200.0,92.08150863943192,-209.98152263943192,-1.4,-1.0,-11.2,0.0,0.0,-29.5,-9.0,-3.5,-6.1,-5.5,-14.9
1182,10796747.90753175,35,4.218477360568073,65.78150863943192,548.6177820528621,1,6.435463857314971e-05,0.7714944849822585,0.16889337073493327,0.059612144282808234,200.0,92.08150863943192,-209.98152263943192,-1.4,-1.0,-11.2,0.0,0.0,-29.5,-9.0,-3.5,-6.1,-5.5,-14.9
1183,10796747.90753175,36,4.218477360568073,65.78150863943192,548.6177820528621,1,6.435463857314971e-05,0.7714860922255813,0.16890301092248422,0.05961089685193449,200.0,92.08150863943192,-209.98152263943192,-1.4,-1.0,-11.2,0.0,0.0,-29.5,-9.0,-3.5,-6.1,-5.5,-14.9
1184,10796747.90753175,37,4.218477360568073,65.78150863943192,548.6177820528621,1,6.435463857314971e-05,0.7714795082039575,0.16891140420502676,0.059609087591015804,200.0,92.08150863943192,-209.98152263943192,-1.4,-1.0,-11.2,0.0,0.0,-29.5,-9.0,-3.5,-6.1,-5.5,-14.9
1185,10796747.90753175,38,4.218477360568073,65.78150863943192,548.6177820528621,1,6.435463857314971e-05,0.7714714251719403,0.16892102865921946,0.05960754616884021,200.0,92.08150863943192,-209.98152263943192,-1.4,-1.0,-11.2,0.0,0.0,-29.5,-9.0,-3.5,-6.1,-5.5,-14.9
1186,10796747.90753175,39,4.218477360568073,65.78150863943192,548.6177820528621,1,6.435463857314971e-05,0.7714651287927055,0.16893019341885743,0.059604677788437074,200.0,92.08150863943192,-209.98152263943192,-1.4,-1.0,-11.2,0.0,0.0,-29.5,-9.0,-3.5,-6.1,-5.5,-14.9
1187,10796747.90753175,40,4.218477360568073,65.78150863943192,548.6177820528621,1,6.435463857314971e-05,0.7714557143567873,0.16894214604495938,0.05960213959825333,200.0,92.08150863943192,-209.98152263943192,-1.4,-1.0,-11.2,0.0,0.0,-29.5,-9.0,-3.5,-6.1,-5.5,-14.9
1188,10796747.90753175,41,4.218477360568073,65.78150863943192,548.6177820528621,1,6.435463857314971e-05,0.7714449434755623,0.1689559306312953,0.059599125893142445,200.0,92.08150863943192,-209.98152263943192,-1.4,-1.0,-11.2,0.0,0.0,-29.5,-9.0,-3.5,-6.1,-5.5,-14.9
1189,10796747.90753175,42,4.218477360568073,65.78150863943192,548.6177820528621,1,6.435463857314971e-05,0.7714336951067673,0.16896986859116586,0.05959643630206679,200.0,92.08150863943192,-209.98152263943192,-1.4,-1.0,-11.2,0.0,0.0,-29.5,-9.0,-3.5,-6.1,-5.5,-14.9
1190,10796747.90753175,43,4.218477360568073,65.78150863943192,548.6177820528621,1,6.435463857314971e-05,0.7714243959805674,0.1689823412035603,0.05959326281587228,200.0,92.08150863943192,-209.98152263943192,-1.4,-1.0,-11.2,0.0,0.0,-29.5,-9.0,-3.5,-6.1,-5.5,-14.9
1191,10796747.90753175,44,4.218477360568073,65.78150863943192,548.6177820528621,1,6.435463857314971e-05,0.7714177475040923,0.1689926259803697,0.059589626515538036,200.0,92.08150863943192,-209.98152263943192,-1.4,-1.0,-11.2,0.0,0.0,-29.5,-9.0,-3.5,-6.1,-5.5,-14.9
1192,10796747.90753175,45,4.218477360568073,65.78150863943192,548.6177820528621,1,6.435463857314971e-05,0.771414419082916,0.16899925705292485,0.05958632386415919,200.0,92.08150863943192,-209.98152263943192,-1.4,-1.0,-11.2,0.0,0.0,-29.5,-9.0,-3.5,-6.1,-5.5,-14.9
1193,10796747.90753175,46,4.218477360568073,65.78150863943192,548.6177820528621,1,6.435463857314971e-05,0.7714086513964142,0.16900642685097114,0.05958492175261458,200.0,92.08150863943192,-209.98152263943192,-1.4,-1.0,-11.2,0.0,0.0,-29.5,-9.0,-3.5,-6.1,-5.5,-14.9
1194,10796747.90753175,47,4.218477360568073,65.78150863943192,548.6177820528621,1,6.435463857314971e-05,0.7713997602511189,0.16901646473229462,0.05958377501658653,200.0,92.08150863943192,-209.98152263943192,-1.4,-1.0,-11.2,0.0,0.0,-29.5,-9.0,-3.5,-6.1,-5.5,-14.9
1195,10796747.90753175,48,4.218477360568073,65.78150863943192,548.6177820528621,1,6.435463857314971e-05,0.7713911115954917,0.16902448297963174,0.059584405424876606,200.0,92.08150863943192,-209.98152263943192,-1.4,-1.0,-11.2,0.0,0.0,-29.5,-9.0,-3.5,-6.1,-5.5,-14.9
1196,10796747.90753175,49,4.218477360568073,65.78150863943192,548.6177820528621,1,6.435463857314971e-05,0.7713826839484984,0.1690321456523717,0.059585170399129944,200.0,92.08150863943192,-209.98152263943192,-1.4,-1.0,-11.2,0.0,0.0,-29.5,-9.0,-3.5,-6.1,-5.5,-14.9
1197,10796747.90753175,0,4.218477360568073,65.78150863943192,548.6177820528621,1,6.435463857314971e-05,0.7713744572896142,0.16904102981657898,0.05958451289380687,200.0,92.08150863943192,-209.98152263943192,-1.4,-1.0,-11.2,0.0,0.0,-29.5,-9.0,-3.5,-6.1,-5.5,-14.9
1198,10796747.90753175,1,4.218477360568073,65.78150863943192,548.6177820528621,1,6.435463857314971e-05,0.7713640402981251,0.1690518917791219,0.059584067922753024,200.0,92.08150863943192,-209.98152263943192,-1.4,-1.0,-11.2,0.0,0.0,-29.5,-9.0,-3.5,-6.1,-5.5,-14.9
1199,10796747.90753175,2,4.218477360568073,65.78150863943192,548.6177820528621,1,6.435463857314971e-05,0.7713555286725611,0.16906066832556546,0.05958380300187353,200.0,92.08150863943192,-209.98152263943192,-1.4,-1.0,-11.2,0.0,0.0,-29.5,-9.0,-3.5,-6.1,-5.5,-14.9
1200,10796747.90753175,3,4.218477360568073,65.78150863943192,548.6177820528621,1,6.435463857314971e-05,0.771348006049192,0.16907136969148095,0.059580624259327135,200.0,92.08150863943192,-209.98152263943192,-1.4,-1.0,-11.2,0.0,0.0,-29.5,-9.0,-3.5,-6.1,-5.5,-14.9
1201,10796747.90753175,4,4.218477360568073,65.78150863943192,548.6177820528621,1,6.435463857314971e-05,0.7713390719485154,0.16908160424748467,0.05957932380399994,200.0,92.08150863943192,-209.98152263943192,-1.4,-1.0,-11.2,0.0,0.0,-29.5,-9.0,-3.5,-6.1,-5.5,-14.9
1202,10796747.90753175,5,4.218477360568073,65.78150863943192,548.6177820528621,1,6.435463857314971e-05,0.7713279923006222,0.16909373976975323,0.05957826792962457,200.0,92.08150863943192,-209.98152263943192,-1.4,-1.0,-11.2,0.0,0.0,-29.5,-9.0,-3.5,-6.1,-5.5,-14.9
1203,10796747.90753175,6,4.218477360568073,65.78150863943192,548.6177820528621,1,6.435463857314971e-05,0.7713148777215186,0.16910767825366896,0.059577444024812486,200.0,92.08150863943192,-209.98152263943192,-1.4,-1.0,-11.2,0.0,0.0,-29.5,-9.0,-3.5,-6.1,-5.5,-14.9
1204,10796747.90753175,7,4.218477360568073,65.78150863943192,548.6177820528621,1,6.435463857314971e-05,0.7713006338632662,0.16912175993860512,0.05957760619812874,200.0,92.08150863943192,-209.98152263943192,-1.4,-1.0,-11.2,0.0,0.0,-29.5,-9.0,-3.5,-6.1,-5.5,-14.9
1205,10796747.90753175,8,4.218477360568073,65.78150863943192,548.6177820528621,1,6.435463857314971e-05,0.7712900837665991,0.16913046697708825,0.05957944925631264,200.0,92.08150863943192,-209.98152263943192,-1.4,-1.0,-11.2,0.0,0.0,-29.5,-9.0,-3.5,-6.1,-5.5,-14.9
1206,10796747.90753175,9,4.218477360568073,65.78150863943192,548.6177820528621,1,6.435463857314971e-05,0.7712766973263927,0.1691403807076834,0.059582921965923866,200.0,92.08150863943192,-209.98152263943192,-1.4,-1.0,-11.2,0.0,0.0,-29.5,-9.0,-3.5,-6.1,-5.5,-14.9
1207,10796747.90753175,10,4.218477360568073,65.78150863943192,548.6177820528621,1,6.435463857314971e-05,0.7712653424539339,0.16915136025767039,0.05958329728839584,200.0,92.08150863943192,-209.98152263943192,-1.4,-1.0,-11.2,0.0,0.0,-29.5,-9.0,-3.5,-6.1,-5.5,-14.9
1208,10796747.90753175,11,4.218477360568073,65.78150863943192,548.6177820528621,1,6.435463857314971e-05,0.7712567316918209,0.16915869411444015,0.059584574193738964,200.0,92.08150863943192,-209.98152263943192,-1.4,-1.0,-11.2,0.0,0.0,-29.5,-9.0,-3.5,-6.1,-5.5,-14.9
1209,10796747.90753175,12,4.218477360568073,65.78150863943192,548.6177820528621,1,6.435463857314971e-05,0.7712451913616073,0.16916807248828405,0.059586736150108593,200.0,92.08150863943192,-209.98152263943192,-1.4,-1.0,-11.2,0.0,0.0,-29.5,-9.0,-3.5,-6.1,-5.5,-14.9
1210,10796747.90753175,13,4.218477360568073,65.78150863943192,548.6177820528621,1,6.435463857314971e-05,0.7712363915065291,0.1691754357297924,0.05958817276367845,200.0,92.08150863943192,-209.98152263943192,-1.4,-1.0,-11.2,0.0,0.0,-29.5,-9.0,-3.5,-6.1,-5.5,-14.9
1211,10796747.90753175,14,4.218477360568073,65.78150863943192,548.6177820528621,1,6.435463857314971e-05,0.7712301858400263,0.1691816589591315,0.059588155200842104,200.0,92.08150863943192,-209.98152263943192,-1.4,-1.0,-11.2,0.0,0.0,-29.5,-9.0,-3.5,-6.1,-5.5,-14.9
1212,10796747.90753175,15,4.218477360568073,65.78150863943192,548.6177820528621,1,6.435463857314971e-05,0.7712177888672271,0.1691923429390601,0.059589868193712814,200.0,92.08150863943192,-209.98152263943192,-1.4,-1.0,-11.2,0.0,0.0,-29.5,-9.0,-3.5,-6.1,-5.5,-14.9
1213,10796747.90753175,16,4.218477360568073,65.78150863943192,548.6177820528621,1,6.435463857314971e-05,0.7712058077506789,0.1692032995495507,0.059590892699770366,200.0,92.08150863943192,-209.98152263943192,-1.4,-1.0,-11.2,0.0,0.0,-29.5,-9.0,-3.5,-6.1,-5.5,-14.9
1214,10796747.90753175,17,4.218477360568073,65.78150863943192,548.6177820528621,1,6.435463857314971e-05,0.771192662844354,0.16921376923894138,0.05959356791670466,200.0,92.08150863943192,-209.98152263943192,-1.4,-1.0,-11.2,0.0,0.0,-29.5,-9.0,-3.5,-6.1,-5.5,-14.9
1215,10796747.90753175,18,4.218477360568073,65.78150863943192,548.6177820528621,1,6.435463857314971e-05,0.771178409258713,0.16922454608596768,0.0595970446553194,200.0,92.08150863943192,-209.98152263943192,-1.4,-1.0,-11.2,0.0,0.0,-29.5,-9.0,-3.5,-6.1,-5.5,-14.9
1216,10796747.90753175,19,4.218477360568073,65.78150863943192,548.6177820528621,1,6.435463857314971e-05,0.7711654548313399,0.16923480554069043,0.059599739627969744,200.0,92.08150863943192,-209.98152263943192,-1.4,-1.0,-11.2,0.0,0.0,-29.5,-9.0,-3.5,-6.1,-5.5,-14.9
1217,10796747.90753175,20,4.218477360568073,65.78150863943192,548.6177820528621,1,6.435463857314971e-05,0.7711521668522054,0.16924536794877276,0.05960246519902167,200.0,92.08150863943192,-209.98152263943192,-1.4,-1.0,-11.2,0.0,0.0,-29.5,-9.0,-3.5,-6.1,-5.5,-14.9
1218,10796747.90753175,21,4.218477360568073,65.78150863943192,548.6177820528621,1,6.435463857314971e-05,0.7711369748612105,0.16926008626196892,0.05960293887682063,200.0,92.08150863943192,-209.98152263943192,-1.4,-1.0,-11.2,0.0,0.0,-29.5,-9.0,-3.5,-6.1,-5.5,-14.9
1219,10796747.90753175,22,4.218477360568073,65.78150863943192,548.6177820528621,1,6.435463857314971e-05,0.771119208606857,0.16927722408437315,0.0596035673087698,200.0,92.08150863943192,-209.98152263943192,-1.4,-1.0,-11.2,0.0,0.0,-29.5,-9.0,-3.5,-6.1,-5.5,-14.9
1220,10796747.90753175,23,4.218477360568073,65.78150863943192,548.6177820528621,1,6.435463857314971e-05,0.7710997859867313,0.16929587566082813,0.05960433835244054,200.0,92.08150863943192,-209.98152263943192,-1.4,-1.0,-11.2,0.0,0.0,-29.5,-9.0,-3.5,-6.1,-5.5,-14.9
1221,10796747.90753175,24,4.218477360568073,65.78150863943192,548.6177820528621,1,6.435463857314971e-05,0.7710788070141553,0.16931442602493493,0.05960676696090982,200.0,92.08150863943192,-209.98152263943192,-1.4,-1.0,-11.2,0.0,0.0,-29.5,-9.0,-3.5,-6.1,-5.5,-14.9
1222,10796747.90753175,25,4.218477360568073,65.78150863943192,548.6177820528621,1,6.435463857314971e-05,0.7710602662685739,0.16932974581008292,0.05960998792134322,200.0,92.08150863943192,-209.98152263943192,-1.4,-1.0,-11.2,0.0,0.0,-29.5,-9.0,-3.5,-6.1,-5.5,-14.9
1223,10796747.90753175,26,4.218477360568073,65.78150863943192,548.6177820528621,1,6.435463857314971e-05,0.7710432497682965,0.16934354666533724,0.059613203566366214,200.0,92.08150863943192,-209.98152263943192,-1.4,-1.0,-11.2,0.0,0.0,-29.5,-9.0,-3.5,-6.1,-5.5,-14.9
1224,10796747.90753175,27,4.218477360568073,65.78150863943192,548.6177820528621,1,6.435463857314971e-05,0.7710284568618875,0.16935589329108658,0.05961564984702589,200.0,92.08150863943192,-209.98152263943192,-1.4,-1.0,-11.2,0.0,0.0,-29.5,-9.0,-3.5,-6.1,-5.5,-14.9
1225,10796747.90753175,28,4.218477360568073,65.78150863943192,548.6177820528621,1,6.435463857314971e-05,0.7710134346549122,0.16936842778358172,0.05961813756150613,200.0,92.08150863943192,-209.98152263943192,-1.4,-1.0,-11.2,0.0,0.0,-29.5,-9.0,-3.5,-6.1,-5.5,-14.9
1226,10796747.90753175,29,4.218477360568073,65.78150863943192,548.6177820528621,1,6.435463857314971e-05,0.7709950636148821,0.16938501495439215,0.05961992143072574,200.0,92.08150863943192,-209.98152263943192,-1.4,-1.0,-11.2,0.0,0.0,-29.5,-9.0,-3.5,-6.1,-5.5,-14.9
1227,10796747.90753175,30,4.218477360568073,65.78150863943192,548.6177820528621,1,6.435463857314971e-05,0.7709750913208521,0.16940236293325894,0.059622545745889065,200.0,92.08150863943192,-209.98152263943192,-1.4,-1.0,-11.2,0.0,0.0,-29.5,-9.0,-3.5,-6.1,-5.5,-14.9
1228,10796747.90753175,31,4.218477360568073,65.78150863943192,548.6177820528621,1,6.435463857314971e-05,0.770952032250164,0.16942275064349735,0.05962521710633878,200.0,92.08150863943192,-209.98152263943192,-1.4,-1.0,-11.2,0.0,0.0,-29.5,-9.0,-3.5,-6.1,-5.5,-14.9
1229,10796747.90753175,32,4.218477360568073,65.78150863943192,548.6177820528621,1,6.435463857314971e-05,0.7709260591506933,0.16944449279593327,0.05962944805337344,200.0,92.08150863943192,-209.98152263943192,-1.4,-1.0,-11.2,0.0,0.0,-29.5,-9.0,-3.5,-6.1,-5.5,-14.9
1230,10796747.90753175,33,4.218477360568073,65.78150863943192,548.6177820528621,1,6.435463857314971e-05,0.7708980891592014,0.1694682709294813,0.05963363991131728,200.0,92.08150863943192,-209.98152263943192,-1.4,-1.0,-11.2,0.0,0.0,-29.5,-9.0,-3.5,-6.1,-5.5,-14.9
1231,10796747.90753175,34,4.218477360568073,65.78150863943192,548.6177820528621,1,6.435463857314971e-05,0.7708744517920489,0.16948929719625136,0.05963625101169965,200.0,92.08150863943192,-209.98152263943192,-1.4,-1.0,-11.2,0.0,0.0,-29.5,-9.0,-3.5,-6.1,-5.5,-14.9
1232,10796747.90753175,35,4.218477360568073,65.78150863943192,548.6177820528621,1,6.435463857314971e-05,0.7708541529731615,0.1695077243351965,0.05963812269164205,200.0,92.08150863943192,-209.98152263943192,-1.4,-1.0,-11.2,0.0,0.0,-29.5,-9.0,-3.5,-6.1,-5.5,-14.9
1233,10796747.90753175,36,4.218477360568073,65.78150863943192,548.6177820528621,1,6.435463857314971e-05,0.7708339232457753,0.16952525887362177,0.05964081788060303,200.0,92.08150863943192,-209.98152263943192,-1.4,-1.0,-11.2,0.0,0.0,-29.5,-9.0,-3.5,-6.1,-5.5,-14.9
1234,10796747.90753175,37,4.218477360568073,65.78150863943192,548.6177820528621,1,6.435463857314971e-05,0.7708106413058655,0.16954580412080686,0.05964355457332769,200.0,92.08150863943192,-209.98152263943192,-1.4,-1.0,-11.2,0.0,0.0,-29.5,-9.0,-3.5,-6.1,-5.5,-14.9
1235,10796747.90753175,38,4.218477360568073,65.78150863943192,548.6177820528621,1,6.435463857314971e-05,0.7707868051142114,0.16956612141571514,0.05964707347007353,200.0,92.08150863943192,-209.98152263943192,-1.4,-1.0,-11.2,0.0,0.0,-29.5,-9.0,-3.5,-6.1,-5.5,-14.9
1236,10796747.90753175,39,4.218477360568073,65.78150863943192,548.6177820528621,1,6.435463857314971e-05,0.7707585650804722,0.16958932752684489,0.05965210739268287,200.0,92.08150863943192,-209.98152263943192,-1.4,-1.0,-11.2,0.0,0.0,-29.5,-9.0,-3.5,-6.1,-5.5,-14.9
1237,10796747.90753175,40,4.218477360568073,65.78150863943192,548.6177820528621,1,6.435463857314971e-05,0.7707307804207165,0.16961367892187754,0.059655540657406,200.0,92.08150863943192,-209.98152263943192,-1.4,-1.0,-11.2,0.0,0.0,-29.5,-9.0,-3.5,-6.1,-5.5,-14.9
1238,10796747.90753175,41,4.218477360568073,65.78150863943192,548.6177820528621,1,6.435463857314971e-05,0.7707065348049,0.1696360230776265,0.05965744211747355,200.0,92.08150863943192,-209.98152263943192,-1.4,-1.0,-11.2,0.0,0.0,-29.5,-9.0,-3.5,-6.1,-5.5,-14.9
1239,10796747.90753175,42,4.218477360568073,65.78150863943192,548.6177820528621,1,6.435463857314971e-05,0.7706802489666241,0.16965882704553742,0.05966092398783847,200.0,92.08150863943192,-209.98152263943192,-1.4,-1.0,-11.2,0.0,0.0,-29.5,-9.0,-3.5,-6.1,-5.5,-14.9
1240,10796747.90753175,43,4.218477360568073,65.78150863943192,548.6177820528621,1,6.435463857314971e-05,0.770651219056159,0.16968587907503765,0.05966290186880337,200.0,92.08150863943192,-209.98152263943192,-1.4,-1.0,-11.2,0.0,0.0,-29.5,-9.0,-3.5,-6.1,-5.5,-14.9
1241,10796747.90753175,44,4.218477360568073,65.78150863943192,548.6177820528621,1,6.435463857314971e-05,0.7706242661206689,0.16971004931198733,0.05966568456734381,200.0,92.08150863943192,-209.98152263943192,-1.4,-1.0,-11.2,0.0,0.0,-29.5,-9.0,-3.5,-6.1,-5.5,-14.9
1242,10796747.90753175,45,4.218477360568073,65.78150863943192,548.6177820528621,1,6.435463857314971e-05,0.7705954192773059,0.16973458106063716,0.05966999966205694,200.0,92.08150863943192,-209.98152263943192,-1.4,-1.0,-11.2,0.0,0.0,-29.5,-9.0,-3.5,-6.1,-5.5,-14.9
1243,10796747.90753175,46,4.218477360568073,65.78150863943192,548.6177820528621,1,6.435463857314971e-05,0.7705670753731431,0.16975941846028808,0.05967350616656883,200.0,92.08150863943192,-209.98152263943192,-1.4,-1.0,-11.2,0.0,0.0,-29.5,-9.0,-3.5,-6.1,-5.5,-14.9
1244,10796747.90753175,47,4.218477360568073,65.78150863943192,548.6177820528621,1,6.435463857314971e-05,0.7705415563204043,0.1697799583608152,0.059678485318780464,200.0,92.08150863943192,-209.98152263943192,-1.4,-1.0,-11.2,0.0,0.0,-29.5,-9.0,-3.5,-6.1,-5.5,-14.9
1245,10796747.90753175,48,4.218477360568073,65.78150863943192,548.6177820528621,1,6.435463857314971e-05,0.7705179290858828,0.16979870567955002,0.05968336523456727,200.0,92.08150863943192,-209.98152263943192,-1.4,-1.0,-11.2,0.0,0.0,-29.5,-9.0,-3.5,-6.1,-5.5,-14.9
1246,10796747.90753175,49,4.218477360568073,65.78150863943192,548.6177820528621,1,6.435463857314971e-05,0.7704930238454983,0.16981731167691438,0.05968966447758729,200.0,92.08150863943192,-209.98152263943192,-1.4,-1.0,-11.2,0.0,0.0,-29.5,-9.0,-3.5,-6.1,-5.5,-14.9
1247,10796747.90753175,0,4.218477360568073,65.78150863943192,548.6177820528621,1,6.435463857314971e-05,0.7704699927013348,0.16983271030147426,0.05969729699719095,200.0,92.08150863943192,-209.98152263943192,-1.4,-1.0,-11.2,0.0,0.0,-29.5,-9.0,-3.5,-6.1,-5.5,-14.9
1248,10796747.90753175,1,4.218477360568073,65.78150863943192,548.6177820528621,1,6.435463857314971e-05,0.7704456386854808,0.16985040208001906,0.059703959234500184,200.0,92.08150863943192,-209.98152263943192,-1.4,-1.0,-11.2,0.0,0.0,-29.5,-9.0,-3.5,-6.1,-5.5,-14.9
1249,10796747.90753175,2,4.218477360568073,65.78150863943192,548.6177820528621,1,6.435463857314971e-05,0.7704238893197644,0.16986567861155258,0.059710432068683025,200.0,92.08150863943192,-209.98152263943192,-1.4,-1.0,-11.2,0.0,0.0,-29.5,-9.0,-3.5,-6.1,-5.5,-14.9
1250,10796747.90753175,3,4.218477360568073,65.78150863943192,548.6177820528621,1,6.435463857314971e-05,0.7704046055277622,0.16987941800738274,0.059715976464855006,200.0,92.08150863943192,-209.98152263943192,-1.4,-1.0,-11.2,0.0,0.0,-29.5,-9.0,-3.5,-6.1,-5.5,-14.9
1251,10796747.90753175,4,4.218477360568073,65.78150863943192,548.6177820528621,1,6.435463857314971e-05,0.7703861095412146,0.16989473710620273,0.059719153352582745,200.0,92.08150863943192,-209.98152263943192,-1.4,-1.0,-11.2,0.0,0.0,-29.5,-9.0,-3.5,-6.1,-5.5,-14.9
1252,10796747.90753175,5,4.218477360568073,65.78150863943192,548.6177820528621,1,6.435463857314971e-05,0.7703668380298488,0.16991157727051656,0.059721584699634594,200.0,92.08150863943192,-209.98152263943192,-1.4,-1.0,-11.2,0.0,0.0,-29.5,-9.0,-3.5,-6.1,-5.5,-14.9
1253,10796747.90753175,6,4.218477360568073,65.78150863943192,548.6177820528621,1,6.435463857314971e-05,0.770351432756653,0.16992602379591107,0.059722543447435945,200.0,92.08150863943192,-209.98152263943192,-1.4,-1.0,-11.2,0.0,0.0,-29.5,-9.0,-3.5,-6.1,-5.5,-14.9
1254,10796747.90753175,7,4.218477360568073,65.78150863943192,548.6177820528621,1,6.435463857314971e-05,0.7703351152514566,0.16994052615122457,0.059724358597318866,200.0,92.08150863943192,-209.98152263943192,-1.4,-1.0,-11.2,0.0,0.0,-29.5,-9.0,-3.5,-6.1,-5.5,-14.9
1255,10796747.90753175,8,4.218477360568073,65.78150863943192,548.6177820528621,1,6.435463857314971e-05,0.7703187002911605,0.16995431679489406,0.05972698291394545,200.0,92.08150863943192,-209.98152263943192,-1.4,-1.0,-11.2,0.0,0.0,-29.5,-9.0,-3.5,-6.1,-5.5,-14.9
1256,10796747.90753175,9,4.218477360568073,65.78150863943192,548.6177820528621,1,6.435463857314971e-05,0.7703037262156969,0.16996590572789377,0.0597303680564094,200.0,92.08150863943192,-209.98152263943192,-1.4,-1.0,-11.2,0.0,0.0,-29.5,-9.0,-3.5,-6.1,-5.5,-14.9
1257,10796747.90753175,10,4.218477360568073,65.78150863943192,548.6177820528621,1,6.435463857314971e-05,0.7702885950443437,0.16997617903830664,0.05973522591734973,200.0,92.08150863943192,-209.98152263943192,-1.4,-1.0,-11.2,0.0,0.0,-29.5,-9.0,-3.5,-6.1,-5.5,-14.9
1258,10796747.90753175,11,4.218477360568073,65.78150863943192,548.6177820528621,1,6.435463857314971e-05,0.7702725555239209,0.1699852146422286,0.05974222983385042,200.0,92.08150863943192,-209.98152263943192,-1.4,-1.0,-11.2,0.0,0.0,-29.5,-9.0,-3.5,-6.1,-5.5,-14.9
1259,10796747.90753175,12,4.218477360568073,65.78150863943192,548.6177820528621,1,6.435463857314971e-05,0.7702556430858694,0.16999457417777042,0.0597497827363602,200.0,92.08150863943192,-209.98152263943192,-1.4,-1.0,-11.2,0.0,0.0,-29.5,-9.0,-3.5,-6.1,-5.5,-14.9
1260,10796747.90753175,13,4.218477360568073,65.78150863943192,548.6177820528621,1,6.435463857314971e-05,0.7702394306293061,0.17000272008992293,0.059757849280771026,200.0,92.08150863943192,-209.98152263943192,-1.4,-1.0,-11.2,0.0,0.0,-29.5,-9.0,-3.5,-6.1,-5.5,-14.9
1261,10796747.90753175,14,4.218477360568073,65.78150863943192,548.6177820528621,1,6.435463857314971e-05,0.770223882878515,0.1700097142609759,0.05976640286050913,200.0,92.08150863943192,-209.98152263943192,-1.4,-1.0,-11.2,0.0,0.0,-29.5,-9.0,-3.5,-6.1,-5.5,-14.9
1262,10796747.90753175,15,4.218477360568073,65.78150863943192,548.6177820528621,1,6.435463857314971e-05,0.7702074420771493,0.1700171327468109,0.05977542517603983,200.0,92.08150863943192,-209.98152263943192,-1.4,-1.0,-11.2,0.0,0.0,-29.5,-9.0,-3.5,-6.1,-5.5,-14.9
1263,10796747.90753175,16,4.218477360568073,65.78150863943192,548.6177820528621,1,6.435463857314971e-05,0.7701947121286772,0.17002264647334844,0.05978264139797438,200.0,92.08150863943192,-209.98152263943192,-1.4,-1.0,-11.2,0.0,0.0,-29.5,-9.0,-3.5,-6.1,-5.5,-14.9
1264,10796747.90753175,17,4.218477360568073,65.78150863943192,548.6177820528621,1,6.435463857314971e-05,0.7701779101147763,0.17003094140898434,0.05979114847623932,200.0,92.08150863943192,-209.98152263943192,-1.4,-1.0,-11.2,0.0,0.0,-29.5,-9.0,-3.5,-6.1,-5.5,-14.9
1265,10796747.90753175,18,4.218477360568073,65.78150863943192,548.6177820528621,1,6.435463857314971e-05,0.7701625527480992,0.1700395599508336,0.059797887301067214,200.0,92.08150863943192,-209.98152263943192,-1.4,-1.0,-11.2,0.0,0.0,-29.5,-9.0,-3.5,-6.1,-5.5,-14.9
1266,10796747.90753175,19,4.218477360568073,65.78150863943192,548.6177820528621,1,6.435463857314971e-05,0.7701500956419016,0.17004548015495405,0.05980442420314436,200.0,92.08150863943192,-209.98152263943192,-1.4,-1.0,-11.2,0.0,0.0,-29.5,-9.0,-3.5,-6.1,-5.5,-14.9
1267,10796747.90753175,20,4.218477360568073,65.78150863943192,548.6177820528621,1,6.435463857314971e-05,0.770137357318208,0.17005111901420178,0.059811523667590245,200.0,92.08150863943192,-209.98152263943192,-1.4,-1.0,-11.2,0.0,0.0,-29.5,-9.0,-3.5,-6.1,-5.5,-14.9
1268,10796747.90753175,21,4.218477360568073,65.78150863943192,548.6177820528621,1,6.435463857314971e-05,0.7701228392107617,0.1700572562782937,0.05981990451094461,200.0,92.08150863943192,-209.98152263943192,-1.4,-1.0,-11.2,0.0,0.0,-29.5,-9.0,-3.5,-6.1,-5.5,-14.9
1269,10796747.90753175,22,4.218477360568073,65.78150863943192,548.6177820528621,1,6.435463857314971e-05,0.7701096550752098,0.17006307931819065,0.059827265606599574,200.0,92.08150863943192,-209.98152263943192,-1.4,-1.0,-11.2,0.0,0.0,-29.5,-9.0,-3.5,-6.1,-5.5,-14.9
1270,10796747.90753175,23,4.218477360568073,65.78150863943192,548.6177820528621,1,6.435463857314971e-05,0.7700939565853773,0.17007088763659492,0.05983515577802782,200.0,92.08150863943192,-209.98152263943192,-1.4,-1.0,-11.2,0.0,0.0,-29.5,-9.0,-3.5,-6.1,-5.5,-14.9
1271,10796747.90753175,24,4.218477360568073,65.78150863943192,548.6177820528621,1,6.435463857314971e-05,0.7700766306694858,0.17007982516513634,0.05984354416537781,200.0,92.08150863943192,-209.98152263943192,-1.4,-1.0,-11.2,0.0,0.0,-29.5,-9.0,-3.5,-6.1,-5.5,-14.9
1272,10796747.90753175,25,4.218477360568073,65.78150863943192,548.6177820528621,1,6.435463857314971e-05,0.7700585151056424,0.17008982300022232,0.05985166189413532,200.0,92.08150863943192,-209.98152263943192,-1.4,-1.0,-11.2,0.0,0.0,-29.5,-9.0,-3.5,-6.1,-5.5,-14.9
1273,10796747.90753175,26,4.218477360568073,65.78150863943192,548.6177820528621,1,6.435463857314971e-05,0.7700426803413576,0.17009707178340824,0.05986024787523414,200.0,92.08150863943192,-209.98152263943192,-1.4,-1.0,-11.2,0.0,0.0,-29.5,-9.0,-3.5,-6.1,-5.5,-14.9
1274,10796747.90753175,27,4.218477360568073,65.78150863943192,548.6177820528621,1,6.435463857314971e-05,0.7700282536634039,0.17010246519558953,0.0598692811410066,200.0,92.08150863943192,-209.98152263943192,-1.4,-1.0,-11.2,0.0,0.0,-29.5,-9.0,-3.5,-6.1,-5.5,-14.9
1275,10796747.90753175,28,4.218477360568073,65.78150863943192,548.6177820528621,1,6.435463857314971e-05,0.7700136453061518,0.170109824669755,0.059876530024093204,200.0,92.08150863943192,-209.98152263943192,-1.4,-1.0,-11.2,0.0,0.0,-29.5,-9.0,-3.5,-6.1,-5.5,-14.9
1276,10796747.90753175,29,4.218477360568073,65.78150863943192,548.6177820528621,1,6.435463857314971e-05,0.769999626001047,0.17011681636918555,0.05988355762976753,200.0,92.08150863943192,-209.98152263943192,-1.4,-1.0,-11.2,0.0,0.0,-29.5,-9.0,-3.5,-6.1,-5.5,-14.9
1277,10796747.90753175,30,4.218477360568073,65.78150863943192,548.6177820528621,1,6.435463857314971e-05,0.7699831540318418,0.1701257206657378,0.05989112530242037,200.0,92.08150863943192,-209.98152263943192,-1.4,-1.0,-11.2,0.0,0.0,-29.5,-9.0,-3.5,-6.1,-5.5,-14.9
1278,10796747.90753175,31,4.218477360568073,65.78150863943192,548.6177820528621,1,6.435463857314971e-05,0.7699658684509416,0.1701334583347121,0.05990067321434628,200.0,92.08150863943192,-209.98152263943192,-1.4,-1.0,-11.2,0.0,0.0,-29.5,-9.0,-3.5,-6.1,-5.5,-14.9
1279,10796747.90753175,32,4.218477360568073,65.78150863943192,548.6177820528621,1,6.435463857314971e-05,0.7699478062373245,0.1701415674741806,0.05991062628849487,200.0,92.08150863943192,-209.98152263943192,-1.4,-1.0,-11.2,0.0,0.0,-29.5,-9.0,-3.5,-6.1,-5.5,-14.9
1280,10796747.90753175,33,4.218477360568073,65.78150863943192,548.6177820528621,1,6.435463857314971e-05,0.7699290083248996,0.17015002832184128,0.05992096335325915,200.0,92.08150863943192,-209.98152263943192,-1.4,-1.0,-11.2,0.0,0.0,-29.5,-9.0,-3.5,-6.1,-5.5,-14.9
1281,10796747.90753175,34,4.218477360568073,65.78150863943192,548.6177820528621,1,6.435463857314971e-05,0.7699125171616908,0.1701573056136542,0.059930177224654914,200.0,92.08150863943192,-209.98152263943192,-1.4,-1.0,-11.2,0.0,0.0,-29.5,-9.0,-3.5,-6.1,-5.5,-14.9
1282,10796747.90753175,35,4.218477360568073,65.78150863943192,548.6177820528621,1,6.435463857314971e-05,0.7698937135633043,0.170165732649255,0.0599405537874407,200.0,92.08150863943192,-209.98152263943192,-1.4,-1.0,-11.2,0.0,0.0,-29.5,-9.0,-3.5,-6.1,-5.5,-14.9
1283,10796747.90753175,36,4.218477360568073,65.78150863943192,548.6177820528621,1,6.435463857314971e-05,0.769875716915219,0.1701737354511301,0.0599505476336508,200.0,92.08150863943192,-209.98152263943192,-1.4,-1.0,-11.2,0.0,0.0,-29.5,-9.0,-3.5,-6.1,-5.5,-14.9
1284,10796747.90753175,37,4.218477360568073,65.78150863943192,548.6177820528621,1,6.435463857314971e-05,0.7698607294051553,0.17018204295815312,0.059957227636691646,200.0,92.08150863943192,-209.98152263943192,-1.4,-1.0,-11.2,0.0,0.0,-29.5,-9.0,-3.5,-6.1,-5.5,-14.9
1285,10796747.90753175,38,4.218477360568073,65.78150863943192,548.6177820528621,1,6.435463857314971e-05,0.7698456118311997,0.1701892050855322,0.05996518308326804,200.0,92.08150863943192,-209.98152263943192,-1.4,-1.0,-11.2,0.0,0.0,-29.5,-9.0,-3.5,-6.1,-5.5,-14.9
1286,10796747.90753175,39,4.218477360568073,65.78150863943192,548.6177820528621,1,6.435463857314971e-05,0.7698341127773366,0.17019228902888373,0.0599735981937797,200.0,92.08150863943192,-209.98152263943192,-1.4,-1.0,-11.2,0.0,0.0,-29.5,-9.0,-3.5,-6.1,-5.5,-14.9
1287,10796747.90753175,40,4.218477360568073,65.78150863943192,548.6177820528621,1,6.435463857314971e-05,0.7698282842985289,0.17019147775756935,0.0599802379439018,200.0,92.08150863943192,-209.98152263943192,-1.4,-1.0,-11.2,0.0,0.0,-29.5,-9.0,-3.5,-6.1,-5.5,-14.9
1288,10796747.90753175,41,4.218477360568073,65.78150863943192,548.6177820528621,1,6.435463857314971e-05,0.7698248477773492,0.17018848004268236,0.05998667217996843,200.0,92.08150863943192,-209.98152263943192,-1.4,-1.0,-11.2,0.0,0.0,-29.5,-9.0,-3.5,-6.1,-5.5,-14.9
1289,10796747.90753175,42,4.218477360568073,65.78150863943192,548.6177820528621,1,6.435463857314971e-05,0.7698259163190292,0.17018118313351668,0.0599929005474541,200.0,92.08150863943192,-209.98152263943192,-1.4,-1.0,-11.2,0.0,0.0,-29.5,-9.0,-3.5,-6.1,-5.5,-14.9
1290,10796747.90753175,43,4.218477360568073,65.78150863943192,548.6177820528621,1,6.435463857314971e-05,0.7698252957102011,0.17017720596286776,0.05999749832693114,200.0,92.08150863943192,-209.98152263943192,-1.4,-1.0,-11.2,0.0,0.0,-29.5,-9.0,-3.5,-6.1,-5.5,-14.9
1291,10796747.90753175,44,4.218477360568073,65.78150863943192,548.6177820528621,1,6.435463857314971e-05,0.7698208398816317,0.17017640922490995,0.0600027508934583,200.0,92.08150863943192,-209.98152263943192,-1.4,-1.0,-11.2,0.0,0.0,-29.5,-9.0,-3.5,-6.1,-5.5,-14.9
1292,10796747.90753175,45,4.218477360568073,65.78150863943192,548.6177820528621,1,6.435463857314971e-05,0.7698142342619061,0.17017714800306835,0.06000861773502561,200.0,92.08150863943192,-209.98152263943192,-1.4,-1.0,-11.2,0.0,0.0,-29.5,-9.0,-3.5,-6.1,-5.5,-14.9
1293,10796747.90753175,46,4.218477360568073,65.78150863943192,548.6177820528621,1,6.435463857314971e-05,0.7698063296160391,0.170180796300187,0.06001287408377382,200.0,92.08150863943192,-209.98152263943192,-1.4,-1.0,-11.2,0.0,0.0,-29.5,-9.0,-3.5,-6.1,-5.5,-14.9
1294,10796747.90753175,47,4.218477360568073,65.78150863943192,548.6177820528621,1,6.435463857314971e-05,0.7698016547929666,0.17018276164353657,0.06001558356349694,200.0,92.08150863943192,-209.98152263943192,-1.4,-1.0,-11.2,0.0,0.0,-29.5,-9.0,-3.5,-6.1,-5.5,-14.9
1295,10796747.90753175,48,4.218477360568073,65.78150863943192,548.6177820528621,1,6.435463857314971e-05,0.7697963295978754,0.17018609981210242,0.06001757059002219,200.0,92.08150863943192,-209.98152263943192,-1.4,-1.0,-11.2,0.0,0.0,-29.5,-9.0,-3.5,-6.1,-5.5,-14.9
1296,10796747.90753175,49,4.218477360568073,65.78150863943192,548.6177820528621,1,6.435463857314971e-05,0.7697896472757606,0.1701907502565964,0.060019602467642943,200.0,92.08150863943192,-209.98152263943192,-1.4,-1.0,-11.2,0.0,0.0,-29.5,-9.0,-3.5,-6.1,-5.5,-14.9
1297,10796747.90753175,0,4.218477360568073,65.78150863943192,548.6177820528621,1,6.435463857314971e-05,0.7697809352569499,0.1701973847627218,0.06002167998032828,200.0,92.08150863943192,-209.98152263943192,-1.4,-1.0,-11.2,0.0,0.0,-29.5,-9.0,-3.5,-6.1,-5.5,-14.9
1298,10796747.90753175,1,4.218477360568073,65.78150863943192,548.6177820528621,1,6.435463857314971e-05,0.7697769663973787,0.1702014389532268,0.060021594649394515,200.0,92.08150863943192,-209.98152263943192,-1.4,-1.0,-11.2,0.0,0.0,-29.5,-9.0,-3.5,-6.1,-5.5,-14.9
1299,10796747.90753175,2,4.218477360568073,65.78150863943192,548.6177820528621,1,6.435463857314971e-05,0.7697730615922872,0.1702045617178453,0.060022376689867527,200.0,92.08150863943192,-209.98152263943192,-1.4,-1.0,-11.2,0.0,0.0,-29.5,-9.0,-3.5,-6.1,-5.5,-14.9
1300,10796747.90753175,3,4.218477360568073,65.78150863943192,548.6177820528621,1,6.435463857314971e-05,0.7697684740397979,0.17020826525926985,0.06002326070093223,200.0,92.08150863943192,-209.98152263943192,-1.4,-1.0,-11.2,0.0,0.0,-29.5,-9.0,-3.5,-6.1,-5.5,-14.9
1301,10796747.90753175,4,4.218477360568073,65.78150863943192,548.6177820528621,1,6.435463857314971e-05,0.7697639820212758,0.17021105592189628,0.06002496205682794,200.0,92.08150863943192,-209.98152263943192,-1.4,-1.0,-11.2,0.0,0.0,-29.5,-9.0,-3.5,-6.1,-5.5,-14.9
1302,10796747.90753175,5,4.218477360568073,65.78150863943192,548.6177820528621,1,6.435463857314971e-05,0.7697617934557636,0.17021222470621453,0.060025981838021936,200.0,92.08150863943192,-209.98152263943192,-1.4,-1.0,-11.2,0.0,0.0,-29.5,-9.0,-3.5,-6.1,-5.5,-14.9
1303,10796747.90753175,6,4.218477360568073,65.78150863943192,548.6177820528621,1,6.435463857314971e-05,0.7697581055628067,0.17021263012528337,0.060029264311910066,200.0,92.08150863943192,-209.98152263943192,-1.4,-1.0,-11.2,0.0,0.0,-29.5,-9.0,-3.5,-6.1,-5.5,-14.9
1304,10796747.90753175,7,4.218477360568073,65.78150863943192,548.6177820528621,1,6.435463857314971e-05,0.7697544613355078,0.17021446643322294,0.06003107223126924,200.0,92.08150863943192,-209.98152263943192,-1.4,-1.0,-11.2,0.0,0.0,-29.5,-9.0,-3.5,-6.1,-5.5,-14.9
1305,10796747.90753175,8,4.218477360568073,65.78150863943192,548.6177820528621,1,6.435463857314971e-05,0.7697508543458104,0.1702183846356387,0.06003076101855093,200.0,92.08150863943192,-209.98152263943192,-1.4,-1.0,-11.2,0.0,0.0,-29.5,-9.0,-3.5,-6.1,-5.5,-14.9
1306,10796747.90753175,9,4.218477360568073,65.78150863943192,548.6177820528621,1,6.435463857314971e-05,0.769750242951613,0.17021844644160744,0.06003131060677954,200.0,92.08150863943192,-209.98152263943192,-1.4,-1.0,-11.2,0.0,0.0,-29.5,-9.0,-3.5,-6.1,-5.5,-14.9
1307,10796747.90753175,10,4.218477360568073,65.78150863943192,548.6177820528621,1,6.435463857314971e-05,0.7697509909318573,0.17021848644690094,0.06003052262124186,200.0,92.08150863943192,-209.98152263943192,-1.4,-1.0,-11.2,0.0,0.0,-29.5,-9.0,-3.5,-6.1,-5.5,-14.9
1308,10796747.90753175,11,4.218477360568073,65.78150863943192,548.6177820528621,1,6.435463857314971e-05,0.7697567051321011,0.17021484455008387,0.060028450317815014,200.0,92.08150863943192,-209.98152263943192,-1.4,-1.0,-11.2,0.0,0.0,-29.5,-9.0,-3.5,-6.1,-5.5,-14.9
1309,10796747.90753175,12,4.218477360568073,65.78150863943192,548.6177820528621,1,6.435463857314971e-05,0.7697605212766107,0.17021285193147095,0.06002662679191846,200.0,92.08150863943192,-209.98152263943192,-1.4,-1.0,-11.2,0.0,0.0,-29.5,-9.0,-3.5,-6.1,-5.5,-14.9
1310,10796747.90753175,13,4.218477360568073,65.78150863943192,548.6177820528621,1,6.435463857314971e-05,0.7697625363691883,0.17021242427367578,0.06002503935713589,200.0,92.08150863943192,-209.98152263943192,-1.4,-1.0,-11.2,0.0,0.0,-29.5,-9.0,-3.5,-6.1,-5.5,-14.9
1311,10796747.90753175,14,4.218477360568073,65.78150863943192,548.6177820528621,1,6.435463857314971e-05,0.7697628425593263,0.17021348147869417,0.06002367596197955,200.0,92.08150863943192,-209.98152263943192,-1.4,-1.0,-11.2,0.0,0.0,-29.5,-9.0,-3.5,-6.1,-5.5,-14.9
1312,10796747.90753175,15,4.218477360568073,65.78150863943192,548.6177820528621,1,6.435463857314971e-05,0.769765925239142,0.17021228601001775,0.0600217887508402,200.0,92.08150863943192,-209.98152263943192,-1.4,-1.0,-11.2,0.0,0.0,-29.5,-9.0,-3.5,-6.1,-5.5,-14.9
1313,10796747.90753175,16,4.218477360568073,65.78150863943192,548.6177820528621,1,6.435463857314971e-05,0.7697665178395964,0.1702126220653482,0.06002086009505544,200.0,92.08150863943192,-209.98152263943192,-1.4,-1.0,-11.2,0.0,0.0,-29.5,-9.0,-3.5,-6.1,-5.5,-14.9
1314,10796747.90753175,17,4.218477360568073,65.78150863943192,548.6177820528621,1,6.435463857314971e-05,0.7697610799962242,0.17021877858355083,0.060020141420224896,200.0,92.08150863943192,-209.98152263943192,-1.4,-1.0,-11.2,0.0,0.0,-29.5,-9.0,-3.5,-6.1,-5.5,-14.9
1315,10796747.90753175,18,4.218477360568073,65.78150863943192,548.6177820528621,1,6.435463857314971e-05,0.7697587127202605,0.17022098881494876,0.06002029846479077,200.0,92.08150863943192,-209.98152263943192,-1.4,-1.0,-11.2,0.0,0.0,-29.5,-9.0,-3.5,-6.1,-5.5,-14.9
1316,10796747.90753175,19,4.218477360568073,65.78150863943192,548.6177820528621,1,6.435463857314971e-05,0.7697577873284885,0.17022234999809702,0.06001986267341444,200.0,92.08150863943192,-209.98152263943192,-1.4,-1.0,-11.2,0.0,0.0,-29.5,-9.0,-3.5,-6.1,-5.5,-14.9
1317,10796747.90753175,20,4.218477360568073,65.78150863943192,548.6177820528621,1,6.435463857314971e-05,0.7697538467951517,0.1702265546579504,0.06001959854689793,200.0,92.08150863943192,-209.98152263943192,-1.4,-1.0,-11.2,0.0,0.0,-29.5,-9.0,-3.5,-6.1,-5.5,-14.9
1318,10796747.90753175,21,4.218477360568073,65.78150863943192,548.6177820528621,1,6.435463857314971e-05,0.7697514298122089,0.17022909238863837,0.06001947779915272,200.0,92.08150863943192,-209.98152263943192,-1.4,-1.0,-11.2,0.0,0.0,-29.5,-9.0,-3.5,-6.1,-5.5,-14.9
1319,10796747.90753175,22,4.218477360568073,65.78150863943192,548.6177820528621,1,6.435463857314971e-05,0.7697489906903281,0.170232935982389,0.0600180733272829,200.0,92.08150863943192,-209.98152263943192,-1.4,-1.0,-11.2,0.0,0.0,-29.5,-9.0,-3.5,-6.1,-5.5,-14.9
1320,10796747.90753175,23,4.218477360568073,65.78150863943192,548.6177820528621,1,6.435463857314971e-05,0.7697450828583604,0.17023732189901125,0.06001759524262831,200.0,92.08150863943192,-209.98152263943192,-1.4,-1.0,-11.2,0.0,0.0,-29.5,-9.0,-3.5,-6.1,-5.5,-14.9
1321,10796747.90753175,24,4.218477360568073,65.78150863943192,548.6177820528621,1,6.435463857314971e-05,0.7697375937179349,0.17024440033532864,0.06001800594673651,200.0,92.08150863943192,-209.98152263943192,-1.4,-1.0,-11.2,0.0,0.0,-29.5,-9.0,-3.5,-6.1,-5.5,-14.9
1322,10796747.90753175,25,4.218477360568073,65.78150863943192,548.6177820528621,1,6.435463857314971e-05,0.7697288898881102,0.170252571798605,0.06001853831328481,200.0,92.08150863943192,-209.98152263943192,-1.4,-1.0,-11.2,0.0,0.0,-29.5,-9.0,-3.5,-6.1,-5.5,-14.9
1323,10796747.90753175,26,4.218477360568073,65.78150863943192,548.6177820528621,1,6.435463857314971e-05,0.7697212235836148,0.17025888812365603,0.060019888292729084,200.0,92.08150863943192,-209.98152263943192,-1.4,-1.0,-11.2,0.0,0.0,-29.5,-9.0,-3.5,-6.1,-5.5,-14.9
1324,10796747.90753175,27,4.218477360568073,65.78150863943192,548.6177820528621,1,6.435463857314971e-05,0.7697094492763482,0.17026780256995205,0.06002274815369979,200.0,92.08150863943192,-209.98152263943192,-1.4,-1.0,-11.2,0.0,0.0,-29.5,-9.0,-3.5,-6.1,-5.5,-14.9
1325,10796747.90753175,28,4.218477360568073,65.78150863943192,548.6177820528621,1,6.435463857314971e-05,0.7696995972642654,0.17027338638216996,0.060027016353564666,200.0,92.08150863943192,-209.98152263943192,-1.4,-1.0,-11.2,0.0,0.0,-29.5,-9.0,-3.5,-6.1,-5.5,-14.9
1326,10796747.90753175,29,4.218477360568073,65.78150863943192,548.6177820528621,1,6.435463857314971e-05,0.7696879319495641,0.17028014287465504,0.060031925175780924,200.0,92.08150863943192,-209.98152263943192,-1.4,-1.0,-11.2,0.0,0.0,-29.5,-9.0,-3.5,-6.1,-5.5,-14.9
1327,10796747.90753175,30,4.218477360568073,65.78150863943192,548.6177820528621,1,6.435463857314971e-05,0.7696738223302071,0.17028802077729963,0.060038156892493255,200.0,92.08150863943192,-209.98152263943192,-1.4,-1.0,-11.2,0.0,0.0,-29.5,-9.0,-3.5,-6.1,-5.5,-14.9
1328,10796747.90753175,31,4.218477360568073,65.78150863943192,548.6177820528621,1,6.435463857314971e-05,0.7696595701283824,0.1702955069623833,0.060044922909234286,200.0,92.08150863943192,-209.98152263943192,-1.4,-1.0,-11.2,0.0,0.0,-29.5,-9.0,-3.5,-6.1,-5.5,-14.9
1329,10796747.90753175,32,4.218477360568073,65.78150863943192,548.6177820528621,1,6.435463857314971e-05,0.769648083057532,0.17030044550137297,0.06005147144109511,200.0,92.08150863943192,-209.98152263943192,-1.4,-1.0,-11.2,0.0,0.0,-29.5,-9.0,-3.5,-6.1,-5.5,-14.9
1330,10796747.90753175,33,4.218477360568073,65.78150863943192,548.6177820528621,1,6.435463857314971e-05,0.7696355964366672,0.17030657474092323,0.06005782882240959,200.0,92.08150863943192,-209.98152263943192,-1.4,-1.0,-11.2,0.0,0.0,-29.5,-9.0,-3.5,-6.1,-5.5,-14.9
1331,10796747.90753175,34,4.218477360568073,65.78150863943192,548.6177820528621,1,6.435463857314971e-05,0.7696199888261757,0.17031599753597282,0.060064013637851486,200.0,92.08150863943192,-209.98152263943192,-1.4,-1.0,-11.2,0.0,0.0,-29.5,-9.0,-3.5,-6.1,-5.5,-14.9
1332,10796747.90753175,35,4.218477360568073,65.78150863943192,548.6177820528621,1,6.435463857314971e-05,0.7696028718721152,0.17032567907389734,0.06007144905398748,200.0,92.08150863943192,-209.98152263943192,-1.4,-1.0,-11.2,0.0,0.0,-29.5,-9.0,-3.5,-6.1,-5.5,-14.9
1333,10796747.90753175,36,4.218477360568073,65.78150863943192,548.6177820528621,1,6.435463857314971e-05,0.7695879377946839,0.17033413733018046,0.060077924875135594,200.0,92.08150863943192,-209.98152263943192,-1.4,-1.0,-11.2,0.0,0.0,-29.5,-9.0,-3.5,-6.1,-5.5,-14.9
1334,10796747.90753175,37,4.218477360568073,65.78150863943192,548.6177820528621,1,6.435463857314971e-05,0.7695700178588442,0.17034434144161287,0.06008564069954293,200.0,92.08150863943192,-209.98152263943192,-1.4,-1.0,-11.2,0.0,0.0,-29.5,-9.0,-3.5,-6.1,-5.5,-14.9
1335,10796747.90753175,38,4.218477360568073,65.78150863943192,548.6177820528621,1,6.435463857314971e-05,0.7695543229915576,0.17035187484875786,0.060093802159684545,200.0,92.08150863943192,-209.98152263943192,-1.4,-1.0,-11.2,0.0,0.0,-29.5,-9.0,-3.5,-6.1,-5.5,-14.9
1336,10796747.90753175,39,4.218477360568073,65.78150863943192,548.6177820528621,1,6.435463857314971e-05,0.7695407381463925,0.17035829482505757,0.06010096702855001,200.0,92.08150863943192,-209.98152263943192,-1.4,-1.0,-11.2,0.0,0.0,-29.5,-9.0,-3.5,-6.1,-5.5,-14.9
1337,10796747.90753175,40,4.218477360568073,65.78150863943192,548.6177820528621,1,6.435463857314971e-05,0.7695262718648037,0.17036511216271252,0.060108615972483764,200.0,92.08150863943192,-209.98152263943192,-1.4,-1.0,-11.2,0.0,0.0,-29.5,-9.0,-3.5,-6.1,-5.5,-14.9
1338,10796747.90753175,41,4.218477360568073,65.78150863943192,548.6177820528621,1,6.435463857314971e-05,0.7695116906269509,0.17037229722619193,0.06011601214685711,200.0,92.08150863943192,-209.98152263943192,-1.4,-1.0,-11.2,0.0,0.0,-29.5,-9.0,-3.5,-6.1,-5.5,-14.9
1339,10796747.90753175,42,4.218477360568073,65.78150863943192,548.6177820528621,1,6.435463857314971e-05,0.7694941201358294,0.17038128285771317,0.06012459700645748,200.0,92.08150863943192,-209.98152263943192,-1.4,-1.0,-11.2,0.0,0.0,-29.5,-9.0,-3.5,-6.1,-5.5,-14.9
1340,10796747.90753175,43,4.218477360568073,65.78150863943192,548.6177820528621,1,6.435463857314971e-05,0.7694780341877514,0.17038909089104373,0.06013287492120495,200.0,92.08150863943192,-209.98152263943192,-1.4,-1.0,-11.2,0.0,0.0,-29.5,-9.0,-3.5,-6.1,-5.5,-14.9
1341,10796747.90753175,44,4.218477360568073,65.78150863943192,548.6177820528621,1,6.435463857314971e-05,0.7694626374513001,0.17039791351814132,0.06013944903055863,200.0,92.08150863943192,-209.98152263943192,-1.4,-1.0,-11.2,0.0,0.0,-29.5,-9.0,-3.5,-6.1,-5.5,-14.9
1342,10796747.90753175,45,4.218477360568073,65.78150863943192,548.6177820528621,1,6.435463857314971e-05,0.7694478969595904,0.17040557580287616,0.06014652723753344,200.0,92.08150863943192,-209.98152263943192,-1.4,-1.0,-11.2,0.0,0.0,-29.5,-9.0,-3.5,-6.1,-5.5,-14.9
1343,10796747.90753175,46,4.218477360568073,65.78150863943192,548.6177820528621,1,6.435463857314971e-05,0.7694316242576714,0.17041428322733176,0.06015409251499685,200.0,92.08150863943192,-209.98152263943192,-1.4,-1.0,-11.2,0.0,0.0,-29.5,-9.0,-3.5,-6.1,-5.5,-14.9
1344,10796747.90753175,47,4.218477360568073,65.78150863943192,548.6177820528621,1,6.435463857314971e-05,0.7694146168479407,0.17042326647221068,0.06016211667984863,200.0,92.08150863943192,-209.98152263943192,-1.4,-1.0,-11.2,0.0,0.0,-29.5,-9.0,-3.5,-6.1,-5.5,-14.9
1345,10796747.90753175,48,4.218477360568073,65.78150863943192,548.6177820528621,1,6.435463857314971e-05,0.7693990662930018,0.17043107309562391,0.06016986061137436,200.0,92.08150863943192,-209.98152263943192,-1.4,-1.0,-11.2,0.0,0.0,-29.5,-9.0,-3.5,-6.1,-5.5,-14.9
1346,10796747.90753175,49,4.218477360568073,65.78150863943192,548.6177820528621,1,6.435463857314971e-05,0.7693856157917024,0.1704377546951785,0.0601766295131192,200.0,92.08150863943192,-209.98152263943192,-1.4,-1.0,-11.2,0.0,0.0,-29.5,-9.0,-3.5,-6.1,-5.5,-14.9
1347,10796747.90753175,0,4.218477360568073,65.78150863943192,548.6177820528621,1,6.435463857314971e-05,0.7693698595347591,0.17044623935070502,0.06018390111453593,200.0,92.08150863943192,-209.98152263943192,-1.4,-1.0,-11.2,0.0,0.0,-29.5,-9.0,-3.5,-6.1,-5.5,-14.9
1348,10796747.90753175,1,4.218477360568073,65.78150863943192,548.6177820528621,1,6.435463857314971e-05,0.769353348636614,0.17045500786198856,0.06019164350139748,200.0,92.08150863943192,-209.98152263943192,-1.4,-1.0,-11.2,0.0,0.0,-29.5,-9.0,-3.5,-6.1,-5.5,-14.9
1349,10796747.90753175,2,4.218477360568073,65.78150863943192,548.6177820528621,1,6.435463857314971e-05,0.769336836535733,0.17046192340081492,0.060201240063452115,200.0,92.08150863943192,-209.98152263943192,-1.4,-1.0,-11.2,0.0,0.0,-29.5,-9.0,-3.5,-6.1,-5.5,-14.9
1350,10796747.90753175,3,4.218477360568073,65.78150863943192,548.6177820528621,1,6.435463857314971e-05,0.7693253344082092,0.17046843083434343,0.06020623475744741,200.0,92.08150863943192,-209.98152263943192,-1.4,-1.0,-11.2,0.0,0.0,-29.5,-9.0,-3.5,-6.1,-5.5,-14.9
1351,10796747.90753175,4,4.218477360568073,65.78150863943192,548.6177820528621,1,6.435463857314971e-05,0.7693121527290033,0.17047673487091336,0.06021111240008331,200.0,92.08150863943192,-209.98152263943192,-1.4,-1.0,-11.2,0.0,0.0,-29.5,-9.0,-3.5,-6.1,-5.5,-14.9
1352,10796747.90753175,5,4.218477360568073,65.78150863943192,548.6177820528621,1,6.435463857314971e-05,0.7693002343877368,0.1704846009738262,0.060215164638437124,200.0,92.08150863943192,-209.98152263943192,-1.4,-1.0,-11.2,0.0,0.0,-29.5,-9.0,-3.5,-6.1,-5.5,-14.9
1353,10796747.90753175,6,4.218477360568073,65.78150863943192,548.6177820528621,1,6.435463857314971e-05,0.7692888027197438,0.17049135726948297,0.060219840010773316,200.0,92.08150863943192,-209.98152263943192,-1.4,-1.0,-11.2,0.0,0.0,-29.5,-9.0,-3.5,-6.1,-5.5,-14.9
1354,10796747.90753175,7,4.218477360568073,65.78150863943192,548.6177820528621,1,6.435463857314971e-05,0.7692756937784865,0.1704998925201507,0.060224413701362826,200.0,92.08150863943192,-209.98152263943192,-1.4,-1.0,-11.2,0.0,0.0,-29.5,-9.0,-3.5,-6.1,-5.5,-14.9
1355,10796747.90753175,8,4.218477360568073,65.78150863943192,548.6177820528621,1,6.435463857314971e-05,0.7692624197254538,0.1705086955229626,0.06022888475158356,200.0,92.08150863943192,-209.98152263943192,-1.4,-1.0,-11.2,0.0,0.0,-29.5,-9.0,-3.5,-6.1,-5.5,-14.9
1356,10796747.90753175,9,4.218477360568073,65.78150863943192,548.6177820528621,1,6.435463857314971e-05,0.7692525505556395,0.1705142058812385,0.060233243563122055,200.0,92.08150863943192,-209.98152263943192,-1.4,-1.0,-11.2,0.0,0.0,-29.5,-9.0,-3.5,-6.1,-5.5,-14.9
1357,10796747.90753175,10,4.218477360568073,65.78150863943192,548.6177820528621,1,6.435463857314971e-05,0.7692444882802544,0.17051871027349103,0.06023680144625458,200.0,92.08150863943192,-209.98152263943192,-1.4,-1.0,-11.2,0.0,0.0,-29.5,-9.0,-3.5,-6.1,-5.5,-14.9
1358,10796747.90753175,11,4.218477360568073,65.78150863943192,548.6177820528621,1,6.435463857314971e-05,0.7692360059752289,0.17052578316053923,0.06023821086423184,200.0,92.08150863943192,-209.98152263943192,-1.4,-1.0,-11.2,0.0,0.0,-29.5,-9.0,-3.5,-6.1,-5.5,-14.9
1359,10796747.90753175,12,4.218477360568073,65.78150863943192,548.6177820528621,1,6.435463857314971e-05,0.7692242872850985,0.17053462760017485,0.060241085114726596,200.0,92.08150863943192,-209.98152263943192,-1.4,-1.0,-11.2,0.0,0.0,-29.5,-9.0,-3.5,-6.1,-5.5,-14.9
1360,10796747.90753175,13,4.218477360568073,65.78150863943192,548.6177820528621,1,6.435463857314971e-05,0.7692151765796693,0.17054228884687572,0.06024253457345502,200.0,92.08150863943192,-209.98152263943192,-1.4,-1.0,-11.2,0.0,0.0,-29.5,-9.0,-3.5,-6.1,-5.5,-14.9
1361,10796747.90753175,14,4.218477360568073,65.78150863943192,548.6177820528621,1,6.435463857314971e-05,0.7692049970177621,0.17054886916974452,0.06024613381249336,200.0,92.08150863943192,-209.98152263943192,-1.4,-1.0,-11.2,0.0,0.0,-29.5,-9.0,-3.5,-6.1,-5.5,-14.9
1362,10796747.90753175,15,4.218477360568073,65.78150863943192,548.6177820528621,1,6.435463857314971e-05,0.7691916742938949,0.17055724022589736,0.06025108548020774,200.0,92.08150863943192,-209.98152263943192,-1.4,-1.0,-11.2,0.0,0.0,-29.5,-9.0,-3.5,-6.1,-5.5,-14.9
1363,10796747.90753175,16,4.218477360568073,65.78150863943192,548.6177820528621,1,6.435463857314971e-05,0.7691817479293223,0.17056374738295557,0.06025450468772217,200.0,92.08150863943192,-209.98152263943192,-1.4,-1.0,-11.2,0.0,0.0,-29.5,-9.0,-3.5,-6.1,-5.5,-14.9
1364,10796747.90753175,17,4.218477360568073,65.78150863943192,548.6177820528621,1,6.435463857314971e-05,0.7691700877455538,0.17057133191963336,0.06025858033481288,200.0,92.08150863943192,-209.98152263943192,-1.4,-1.0,-11.2,0.0,0.0,-29.5,-9.0,-3.5,-6.1,-5.5,-14.9
1365,10796747.90753175,18,4.218477360568073,65.78150863943192,548.6177820528621,1,6.435463857314971e-05,0.7691624429885722,0.17057708566673696,0.06026047134469096,200.0,92.08150863943192,-209.98152263943192,-1.4,-1.0,-11.2,0.0,0.0,-29.5,-9.0,-3.5,-6.1,-5.5,-14.9
1366,10796747.90753175,19,4.218477360568073,65.78150863943192,548.6177820528621,1,6.435463857314971e-05,0.7691571948468964,0.1705804233572316,0.06026238179587203,200.0,92.08150863943192,-209.98152263943192,-1.4,-1.0,-11.2,0.0,0.0,-29.5,-9.0,-3.5,-6.1,-5.5,-14.9
1367,10796747.90753175,20,4.218477360568073,65.78150863943192,548.6177820528621,1,6.435463857314971e-05,0.7691485692445734,0.17058640241620324,0.0602650283392233,200.0,92.08150863943192,-209.98152263943192,-1.4,-1.0,-11.2,0.0,0.0,-29.5,-9.0,-3.5,-6.1,-5.5,-14.9
1368,10796747.90753175,21,4.218477360568073,65.78150863943192,548.6177820528621,1,6.435463857314971e-05,0.7691388580861448,0.1705920822629206,0.06026905965093454,200.0,92.08150863943192,-209.98152263943192,-1.4,-1.0,-11.2,0.0,0.0,-29.5,-9.0,-3.5,-6.1,-5.5,-14.9
1369,10796747.90753175,22,4.218477360568073,65.78150863943192,548.6177820528621,1,6.435463857314971e-05,0.7691281169933423,0.1705981723865451,0.0602737106201126,200.0,92.08150863943192,-209.98152263943192,-1.4,-1.0,-11.2,0.0,0.0,-29.5,-9.0,-3.5,-6.1,-5.5,-14.9
1370,10796747.90753175,23,4.218477360568073,65.78150863943192,548.6177820528621,1,6.435463857314971e-05,0.7691192187869456,0.170601148238654,0.06027963297440053,200.0,92.08150863943192,-209.98152263943192,-1.4,-1.0,-11.2,0.0,0.0,-29.5,-9.0,-3.5,-6.1,-5.5,-14.9
1371,10796747.90753175,24,4.218477360568073,65.78150863943192,548.6177820528621,1,6.435463857314971e-05,0.7691127740480332,0.1706018563326821,0.06028536961928465,200.0,92.08150863943192,-209.98152263943192,-1.4,-1.0,-11.2,0.0,0.0,-29.5,-9.0,-3.5,-6.1,-5.5,-14.9
1372,10796747.90753175,25,4.218477360568073,65.78150863943192,548.6177820528621,1,6.435463857314971e-05,0.7691079514018766,0.17060042182931204,0.06029162676881132,200.0,92.08150863943192,-209.98152263943192,-1.4,-1.0,-11.2,0.0,0.0,-29.5,-9.0,-3.5,-6.1,-5.5,-14.9
1373,10796747.90753175,26,4.218477360568073,65.78150863943192,548.6177820528621,1,6.435463857314971e-05,0.7691039680862729,0.1705990392703803,0.06029699264334673,200.0,92.08150863943192,-209.98152263943192,-1.4,-1.0,-11.2,0.0,0.0,-29.5,-9.0,-3.5,-6.1,-5.5,-14.9
1374,10796747.90753175,27,4.218477360568073,65.78150863943192,548.6177820528621,1,6.435463857314971e-05,0.7691007795057722,0.17059701461322024,0.060302205881007674,200.0,92.08150863943192,-209.98152263943192,-1.4,-1.0,-11.2,0.0,0.0,-29.5,-9.0,-3.5,-6.1,-5.5,-14.9
1375,10796747.90753175,28,4.218477360568073,65.78150863943192,548.6177820528621,1,6.435463857314971e-05,0.7691025573005884,0.17059157123443314,0.06030587146497844,200.0,92.08150863943192,-209.98152263943192,-1.4,-1.0,-11.2,0.0,0.0,-29.5,-9.0,-3.5,-6.1,-5.5,-14.9
1376,10796747.90753175,29,4.218477360568073,65.78150863943192,548.6177820528621,1,6.435463857314971e-05,0.7691062355972201,0.17058360863424013,0.060310155768539805,200.0,92.08150863943192,-209.98152263943192,-1.4,-1.0,-11.2,0.0,0.0,-29.5,-9.0,-3.5,-6.1,-5.5,-14.9
1377,10796747.90753175,30,4.218477360568073,65.78150863943192,548.6177820528621,1,6.435463857314971e-05,0.7691103204072011,0.17057602946935285,0.06031365012344605,200.0,92.08150863943192,-209.98152263943192,-1.4,-1.0,-11.2,0.0,0.0,-29.5,-9.0,-3.5,-6.1,-5.5,-14.9
1378,10796747.90753175,31,4.218477360568073,65.78150863943192,548.6177820528621,1,6.435463857314971e-05,0.7691147830070585,0.17056674941001745,0.06031846758292406,200.0,92.08150863943192,-209.98152263943192,-1.4,-1.0,-11.2,0.0,0.0,-29.5,-9.0,-3.5,-6.1,-5.5,-14.9
1379,10796747.90753175,32,4.218477360568073,65.78150863943192,548.6177820528621,1,6.435463857314971e-05,0.7691140117435608,0.1705614230794181,0.06032456517702115,200.0,92.08150863943192,-209.98152263943192,-1.4,-1.0,-11.2,0.0,0.0,-29.5,-9.0,-3.5,-6.1,-5.5,-14.9
1380,10796747.90753175,33,4.218477360568073,65.78150863943192,548.6177820528621,1,6.435463857314971e-05,0.7691159562076303,0.17055219859426124,0.06033184519810844,200.0,92.08150863943192,-209.98152263943192,-1.4,-1.0,-11.2,0.0,0.0,-29.5,-9.0,-3.5,-6.1,-5.5,-14.9
1381,10796747.90753175,34,4.218477360568073,65.78150863943192,548.6177820528621,1,6.435463857314971e-05,0.7691155995140451,0.17054551461015766,0.060338885875797235,200.0,92.08150863943192,-209.98152263943192,-1.4,-1.0,-11.2,0.0,0.0,-29.5,-9.0,-3.5,-6.1,-5.5,-14.9
1382,10796747.90753175,35,4.218477360568073,65.78150863943192,548.6177820528621,1,6.435463857314971e-05,0.7691172386534856,0.17053638953159922,0.06034637181491525,200.0,92.08150863943192,-209.98152263943192,-1.4,-1.0,-11.2,0.0,0.0,-29.5,-9.0,-3.5,-6.1,-5.5,-14.9
1383,10796747.90753175,36,4.218477360568073,65.78150863943192,548.6177820528621,1,6.435463857314971e-05,0.769116599575923,0.17053048344073735,0.0603529169833396,200.0,92.08150863943192,-209.98152263943192,-1.4,-1.0,-11.2,0.0,0.0,-29.5,-9.0,-3.5,-6.1,-5.5,-14.9
1384,10796747.90753175,37,4.218477360568073,65.78150863943192,548.6177820528621,1,6.435463857314971e-05,0.7691158940426068,0.17052692392320115,0.06035718203419198,200.0,92.08150863943192,-209.98152263943192,-1.4,-1.0,-11.2,0.0,0.0,-29.5,-9.0,-3.5,-6.1,-5.5,-14.9
1385,10796747.90753175,38,4.218477360568073,65.78150863943192,548.6177820528621,1,6.435463857314971e-05,0.7691144218730104,0.17052491330829456,0.06036066481869506,200.0,92.08150863943192,-209.98152263943192,-1.4,-1.0,-11.2,0.0,0.0,-29.5,-9.0,-3.5,-6.1,-5.5,-14.9
1386,10796747.90753175,39,4.218477360568073,65.78150863943192,548.6177820528621,1,6.435463857314971e-05,0.7691108253362705,0.17052438787333052,0.06036478679039899,200.0,92.08150863943192,-209.98152263943192,-1.4,-1.0,-11.2,0.0,0.0,-29.5,-9.0,-3.5,-6.1,-5.5,-14.9
1387,10796747.90753175,40,4.218477360568073,65.78150863943192,548.6177820528621,1,6.435463857314971e-05,0.7691031263528472,0.1705273497988349,0.06036952384831796,200.0,92.08150863943192,-209.98152263943192,-1.4,-1.0,-11.2,0.0,0.0,-29.5,-9.0,-3.5,-6.1,-5.5,-14.9
1388,10796747.90753175,41,4.218477360568073,65.78150863943192,548.6177820528621,1,6.435463857314971e-05,0.7690950138487543,0.17053084381303096,0.06037414233821477,200.0,92.08150863943192,-209.98152263943192,-1.4,-1.0,-11.2,0.0,0.0,-29.5,-9.0,-3.5,-6.1,-5.5,-14.9
1389,10796747.90753175,42,4.218477360568073,65.78150863943192,548.6177820528621,1,6.435463857314971e-05,0.7690851236797074,0.17053759616664604,0.06037728015364657,200.0,92.08150863943192,-209.98152263943192,-1.4,-1.0,-11.2,0.0,0.0,-29.5,-9.0,-3.5,-6.1,-5.5,-14.9
1390,10796747.90753175,43,4.218477360568073,65.78150863943192,548.6177820528621,1,6.435463857314971e-05,0.7690763235366097,0.17054398812978136,0.06037968833360901,200.0,92.08150863943192,-209.98152263943192,-1.4,-1.0,-11.2,0.0,0.0,-29.5,-9.0,-3.5,-6.1,-5.5,-14.9
1391,10796747.90753175,44,4.218477360568073,65.78150863943192,548.6177820528621,1,6.435463857314971e-05,0.769066475767164,0.17055279631483916,0.060380727917996806,200.0,92.08150863943192,-209.98152263943192,-1.4,-1.0,-11.2,0.0,0.0,-29.5,-9.0,-3.5,-6.1,-5.5,-14.9
1392,10796747.90753175,45,4.218477360568073,65.78150863943192,548.6177820528621,1,6.435463857314971e-05,0.7690604907207513,0.17055837494711576,0.06038113433213299,200.0,92.08150863943192,-209.98152263943192,-1.4,-1.0,-11.2,0.0,0.0,-29.5,-9.0,-3.5,-6.1,-5.5,-14.9
1393,10796747.90753175,46,4.218477360568073,65.78150863943192,548.6177820528621,1,6.435463857314971e-05,0.7690533168439466,0.17056708924034852,0.06037959391570496,200.0,92.08150863943192,-209.98152263943192,-1.4,-1.0,-11.2,0.0,0.0,-29.5,-9.0,-3.5,-6.1,-5.5,-14.9
1394,10796747.90753175,47,4.218477360568073,65.78150863943192,548.6177820528621,1,6.435463857314971e-05,0.7690470935297724,0.17057534242025596,0.06037756404997159,200.0,92.08150863943192,-209.98152263943192,-1.4,-1.0,-11.2,0.0,0.0,-29.5,-9.0,-3.5,-6.1,-5.5,-14.9
1395,10796747.90753175,48,4.218477360568073,65.78150863943192,548.6177820528621,1,6.435463857314971e-05,0.769041078701144,0.17058452942589583,0.06037439187296009,200.0,92.08150863943192,-209.98152263943192,-1.4,-1.0,-11.2,0.0,0.0,-29.5,-9.0,-3.5,-6.1,-5.5,-14.9
1396,10796747.90753175,49,4.218477360568073,65.78150863943192,548.6177820528621,1,6.435463857314971e-05,0.76903111122576,0.17059533157764578,0.0603735571965943,200.0,92.08150863943192,-209.98152263943192,-1.4,-1.0,-11.2,0.0,0.0,-29.5,-9.0,-3.5,-6.1,-5.5,-14.9
1397,10796747.90753175,0,4.218477360568073,65.78150863943192,548.6177820528621,1,6.435463857314971e-05,0.7690229275066177,0.17060487661435142,0.06037219587903089,200.0,92.08150863943192,-209.98152263943192,-1.4,-1.0,-11.2,0.0,0.0,-29.5,-9.0,-3.5,-6.1,-5.5,-14.9
1398,10796747.90753175,1,4.218477360568073,65.78150863943192,548.6177820528621,1,6.435463857314971e-05,0.7690143625820611,0.17061461382502566,0.06037102359291331,200.0,92.08150863943192,-209.98152263943192,-1.4,-1.0,-11.2,0.0,0.0,-29.5,-9.0,-3.5,-6.1,-5.5,-14.9
1399,10796747.90753175,2,4.218477360568073,65.78150863943192,548.6177820528621,1,6.435463857314971e-05,0.769008890753324,0.1706217719110204,0.06036933733565545,200.0,92.08150863943192,-209.98152263943192,-1.4,-1.0,-11.2,0.0,0.0,-29.5,-9.0,-3.5,-6.1,-5.5,-14.9
1400,10796747.90753175,3,4.218477360568073,65.78150863943192,548.6177820528621,1,6.435463857314971e-05,0.7690008312850409,0.17063062476587607,0.060368543949083066,200.0,92.08150863943192,-209.98152263943192,-1.4,-1.0,-11.2,0.0,0.0,-29.5,-9.0,-3.5,-6.1,-5.5,-14.9
1401,10796747.90753175,4,4.218477360568073,65.78150863943192,548.6177820528621,1,6.435463857314971e-05,0.7689937652845305,0.1706396868128137,0.06036654790265582,200.0,92.08150863943192,-209.98152263943192,-1.4,-1.0,-11.2,0.0,0.0,-29.5,-9.0,-3.5,-6.1,-5.5,-14.9
1402,10796747.90753175,5,4.218477360568073,65.78150863943192,548.6177820528621,1,6.435463857314971e-05,0.7689835073957099,0.17065035244666282,0.060366140157627333,200.0,92.08150863943192,-209.98152263943192,-1.4,-1.0,-11.2,0.0,0.0,-29.5,-9.0,-3.5,-6.1,-5.5,-14.9
1403,10796747.90753175,6,4.218477360568073,65.78150863943192,548.6177820528621,1,6.435463857314971e-05,0.7689764207690849,0.17065975285273915,0.06036382637817602,200.0,92.08150863943192,-209.98152263943192,-1.4,-1.0,-11.2,0.0,0.0,-29.5,-9.0,-3.5,-6.1,-5.5,-14.9
1404,10796747.90753175,7,4.218477360568073,65.78150863943192,548.6177820528621,1,6.435463857314971e-05,0.7689688964425407,0.1706713832293921,0.060359720328067176,200.0,92.08150863943192,-209.98152263943192,-1.4,-1.0,-11.2,0.0,0.0,-29.5,-9.0,-3.5,-6.1,-5.5,-14.9
1405,10796747.90753175,8,4.218477360568073,65.78150863943192,548.6177820528621,1,6.435463857314971e-05,0.7689616491399339,0.1706830869984672,0.060355263861598854,200.0,92.08150863943192,-209.98152263943192,-1.4,-1.0,-11.2,0.0,0.0,-29.5,-9.0,-3.5,-6.1,-5.5,-14.9
1406,10796747.90753175,9,4.218477360568073,65.78150863943192,548.6177820528621,1,6.435463857314971e-05,0.7689512309270969,0.17069625535546884,0.06035251371743421,200.0,92.08150863943192,-209.98152263943192,-1.4,-1.0,-11.2,0.0,0.0,-29.5,-9.0,-3.5,-6.1,-5.5,-14.9
1407,10796747.90753175,10,4.218477360568073,65.78150863943192,548.6177820528621,1,6.435463857314971e-05,0.7689384896309935,0.17071080470628822,0.06035070566271823,200.0,92.08150863943192,-209.98152263943192,-1.4,-1.0,-11.2,0.0,0.0,-29.5,-9.0,-3.5,-6.1,-5.5,-14.9
1408,10796747.90753175,11,4.218477360568073,65.78150863943192,548.6177820528621,1,6.435463857314971e-05,0.7689242323775689,0.17072597844306264,0.06034978917936853,200.0,92.08150863943192,-209.98152263943192,-1.4,-1.0,-11.2,0.0,0.0,-29.5,-9.0,-3.5,-6.1,-5.5,-14.9
1409,10796747.90753175,12,4.218477360568073,65.78150863943192,548.6177820528621,1,6.435463857314971e-05,0.7689085410668178,0.17074038936387947,0.06035106956930273,200.0,92.08150863943192,-209.98152263943192,-1.4,-1.0,-11.2,0.0,0.0,-29.5,-9.0,-3.5,-6.1,-5.5,-14.9
1410,10796747.90753175,13,4.218477360568073,65.78150863943192,548.6177820528621,1,6.435463857314971e-05,0.7688914881600637,0.17075407505062065,0.06035443678931561,200.0,92.08150863943192,-209.98152263943192,-1.4,-1.0,-11.2,0.0,0.0,-29.5,-9.0,-3.5,-6.1,-5.5,-14.9
1411,10796747.90753175,14,4.218477360568073,65.78150863943192,548.6177820528621,1,6.435463857314971e-05,0.7688738282821079,0.17076774033746953,0.06035843138042249,200.0,92.08150863943192,-209.98152263943192,-1.4,-1.0,-11.2,0.0,0.0,-29.5,-9.0,-3.5,-6.1,-5.5,-14.9
1412,10796747.90753175,15,4.218477360568073,65.78150863943192,548.6177820528621,1,6.435463857314971e-05,0.7688555929480207,0.17078206144198818,0.060362345609991125,200.0,92.08150863943192,-209.98152263943192,-1.4,-1.0,-11.2,0.0,0.0,-29.5,-9.0,-3.5,-6.1,-5.5,-14.9
1413,10796747.90753175,16,4.218477360568073,65.78150863943192,548.6177820528621,1,6.435463857314971e-05,0.7688368117305484,0.1707976798866441,0.060365508382807465,200.0,92.08150863943192,-209.98152263943192,-1.4,-1.0,-11.2,0.0,0.0,-29.5,-9.0,-3.5,-6.1,-5.5,-14.9
1414,10796747.90753175,17,4.218477360568073,65.78150863943192,548.6177820528621,1,6.435463857314971e-05,0.7688175163929948,0.17081250190428832,0.06036998170271692,200.0,92.08150863943192,-209.98152263943192,-1.4,-1.0,-11.2,0.0,0.0,-29.5,-9.0,-3.5,-6.1,-5.5,-14.9
1415,10796747.90753175,18,4.218477360568073,65.78150863943192,548.6177820528621,1,6.435463857314971e-05,0.7688011544008773,0.17082653064775868,0.06037231495136413,200.0,92.08150863943192,-209.98152263943192,-1.4,-1.0,-11.2,0.0,0.0,-29.5,-9.0,-3.5,-6.1,-5.5,-14.9
1416,10796747.90753175,19,4.218477360568073,65.78150863943192,548.6177820528621,1,6.435463857314971e-05,0.7687841584214774,0.17084051715851817,0.0603753244200045,200.0,92.08150863943192,-209.98152263943192,-1.4,-1.0,-11.2,0.0,0.0,-29.5,-9.0,-3.5,-6.1,-5.5,-14.9
1417,10796747.90753175,20,4.218477360568073,65.78150863943192,548.6177820528621,1,6.435463857314971e-05,0.7687679261708266,0.17085512210431242,0.060376951724861086,200.0,92.08150863943192,-209.98152263943192,-1.4,-1.0,-11.2,0.0,0.0,-29.5,-9.0,-3.5,-6.1,-5.5,-14.9
1418,10796747.90753175,21,4.218477360568073,65.78150863943192,548.6177820528621,1,6.435463857314971e-05,0.7687558405791179,0.17086488752150963,0.06037927189937245,200.0,92.08150863943192,-209.98152263943192,-1.4,-1.0,-11.2,0.0,0.0,-29.5,-9.0,-3.5,-6.1,-5.5,-14.9
1419,10796747.90753175,22,4.218477360568073,65.78150863943192,548.6177820528621,1,6.435463857314971e-05,0.7687442737180022,0.17087413617946476,0.060381590102532995,200.0,92.08150863943192,-209.98152263943192,-1.4,-1.0,-11.2,0.0,0.0,-29.5,-9.0,-3.5,-6.1,-5.5,-14.9
1420,10796747.90753175,23,4.218477360568073,65.78150863943192,548.6177820528621,1,6.435463857314971e-05,0.7687325164909479,0.17088424604871746,0.06038323746033462,200.0,92.08150863943192,-209.98152263943192,-1.4,-1.0,-11.2,0.0,0.0,-29.5,-9.0,-3.5,-6.1,-5.5,-14.9
1421,10796747.90753175,24,4.218477360568073,65.78150863943192,548.6177820528621,1,6.435463857314971e-05,0.7687205790361488,0.1708951725021882,0.06038424846166305,200.0,92.08150863943192,-209.98152263943192,-1.4,-1.0,-11.2,0.0,0.0,-29.5,-9.0,-3.5,-6.1,-5.5,-14.9
1422,10796747.90753175,25,4.218477360568073,65.78150863943192,548.6177820528621,1,6.435463857314971e-05,0.7687084727217424,0.17090620143737734,0.06038532584088028,200.0,92.08150863943192,-209.98152263943192,-1.4,-1.0,-11.2,0.0,0.0,-29.5,-9.0,-3.5,-6.1,-5.5,-14.9
1423,10796747.90753175,26,4.218477360568073,65.78150863943192,548.6177820528621,1,6.435463857314971e-05,0.7686962069930038,0.17091732689174613,0.06038646611525008,200.0,92.08150863943192,-209.98152263943192,-1.4,-1.0,-11.2,0.0,0.0,-29.5,-9.0,-3.5,-6.1,-5.5,-14.9
1424,10796747.90753175,27,4.218477360568073,65.78150863943192,548.6177820528621,1,6.435463857314971e-05,0.7686851546455931,0.17092584528217153,0.06038900007223544,200.0,92.08150863943192,-209.98152263943192,-1.4,-1.0,-11.2,0.0,0.0,-29.5,-9.0,-3.5,-6.1,-5.5,-14.9
1425,10796747.90753175,28,4.218477360568073,65.78150863943192,548.6177820528621,1,6.435463857314971e-05,0.7686738889990244,0.17093592628194015,0.06039018471903547,200.0,92.08150863943192,-209.98152263943192,-1.4,-1.0,-11.2,0.0,0.0,-29.5,-9.0,-3.5,-6.1,-5.5,-14.9
1426,10796747.90753175,29,4.218477360568073,65.78150863943192,548.6177820528621,1,6.435463857314971e-05,0.768662422364684,0.17094681950362725,0.06039075813168877,200.0,92.08150863943192,-209.98152263943192,-1.4,-1.0,-11.2,0.0,0.0,-29.5,-9.0,-3.5,-6.1,-5.5,-14.9
1427,10796747.90753175,30,4.218477360568073,65.78150863943192,548.6177820528621,1,6.435463857314971e-05,0.7686500912968993,0.1709571507819125,0.06039275792118817,200.0,92.08150863943192,-209.98152263943192,-1.4,-1.0,-11.2,0.0,0.0,-29.5,-9.0,-3.5,-6.1,-5.5,-14.9
1428,10796747.90753175,31,4.218477360568073,65.78150863943192,548.6177820528621,1,6.435463857314971e-05,0.7686389764586614,0.17096491892707533,0.06039610461426329,200.0,92.08150863943192,-209.98152263943192,-1.4,-1.0,-11.2,0.0,0.0,-29.5,-9.0,-3.5,-6.1,-5.5,-14.9
1429,10796747.90753175,32,4.218477360568073,65.78150863943192,548.6177820528621,1,6.435463857314971e-05,0.7686303662432967,0.1709729148762148,0.060396718880488455,200.0,92.08150863943192,-209.98152263943192,-1.4,-1.0,-11.2,0.0,0.0,-29.5,-9.0,-3.5,-6.1,-5.5,-14.9
1430,10796747.90753175,33,4.218477360568073,65.78150863943192,548.6177820528621,1,6.435463857314971e-05,0.768618713610349,0.17098385803211816,0.060397428357532895,200.0,92.08150863943192,-209.98152263943192,-1.4,-1.0,-11.2,0.0,0.0,-29.5,-9.0,-3.5,-6.1,-5.5,-14.9
1431,10796747.90753175,34,4.218477360568073,65.78150863943192,548.6177820528621,1,6.435463857314971e-05,0.7686095944520911,0.17099286298624833,0.06039754256166053,200.0,92.08150863943192,-209.98152263943192,-1.4,-1.0,-11.2,0.0,0.0,-29.5,-9.0,-3.5,-6.1,-5.5,-14.9
1432,10796747.90753175,35,4.218477360568073,65.78150863943192,548.6177820528621,1,6.435463857314971e-05,0.7686008476486968,0.17100205278726416,0.06039709956403904,200.0,92.08150863943192,-209.98152263943192,-1.4,-1.0,-11.2,0.0,0.0,-29.5,-9.0,-3.5,-6.1,-5.5,-14.9
1433,10796747.90753175,36,4.218477360568073,65.78150863943192,548.6177820528621,1,6.435463857314971e-05,0.7685904305261695,0.1710114395001386,0.06039812997369198,200.0,92.08150863943192,-209.98152263943192,-1.4,-1.0,-11.2,0.0,0.0,-29.5,-9.0,-3.5,-6.1,-5.5,-14.9
1434,10796747.90753175,37,4.218477360568073,65.78150863943192,548.6177820528621,1,6.435463857314971e-05,0.7685791033278514,0.17102100496391034,0.060399891708238236,200.0,92.08150863943192,-209.98152263943192,-1.4,-1.0,-11.2,0.0,0.0,-29.5,-9.0,-3.5,-6.1,-5.5,-14.9
1435,10796747.90753175,38,4.218477360568073,65.78150863943192,548.6177820528621,1,6.435463857314971e-05,0.7685675903394829,0.17102939950265536,0.060403010157861814,200.0,92.08150863943192,-209.98152263943192,-1.4,-1.0,-11.2,0.0,0.0,-29.5,-9.0,-3.5,-6.1,-5.5,-14.9
1436,10796747.90753175,39,4.218477360568073,65.78150863943192,548.6177820528621,1,6.435463857314971e-05,0.7685538737618671,0.1710393674626335,0.06040675877549943,200.0,92.08150863943192,-209.98152263943192,-1.4,-1.0,-11.2,0.0,0.0,-29.5,-9.0,-3.5,-6.1,-5.5,-14.9
1437,10796747.90753175,40,4.218477360568073,65.78150863943192,548.6177820528621,1,6.435463857314971e-05,0.7685400923282963,0.17104880957973337,0.06041109809197031,200.0,92.08150863943192,-209.98152263943192,-1.4,-1.0,-11.2,0.0,0.0,-29.5,-9.0,-3.5,-6.1,-5.5,-14.9
1438,10796747.90753175,41,4.218477360568073,65.78150863943192,548.6177820528621,1,6.435463857314971e-05,0.7685275990949528,0.17105640785318485,0.060415993051862404,200.0,92.08150863943192,-209.98152263943192,-1.4,-1.0,-11.2,0.0,0.0,-29.5,-9.0,-3.5,-6.1,-5.5,-14.9
1439,10796747.90753175,42,4.218477360568073,65.78150863943192,548.6177820528621,1,6.435463857314971e-05,0.7685143054546754,0.17106560098002727,0.0604200935652974,200.0,92.08150863943192,-209.98152263943192,-1.4,-1.0,-11.2,0.0,0.0,-29.5,-9.0,-3.5,-6.1,-5.5,-14.9
1440,10796747.90753175,43,4.218477360568073,65.78150863943192,548.6177820528621,1,6.435463857314971e-05,0.7685009280959822,0.1710743065611711,0.06042476534284668,200.0,92.08150863943192,-209.98152263943192,-1.4,-1.0,-11.2,0.0,0.0,-29.5,-9.0,-3.5,-6.1,-5.5,-14.9
1441,10796747.90753175,44,4.218477360568073,65.78150863943192,548.6177820528621,1,6.435463857314971e-05,0.7684867986493941,0.17108321985576774,0.06042998149483815,200.0,92.08150863943192,-209.98152263943192,-1.4,-1.0,-11.2,0.0,0.0,-29.5,-9.0,-3.5,-6.1,-5.5,-14.9
1442,10796747.90753175,45,4.218477360568073,65.78150863943192,548.6177820528621,1,6.435463857314971e-05,0.7684712801734461,0.17109565619183,0.060433063634723845,200.0,92.08150863943192,-209.98152263943192,-1.4,-1.0,-11.2,0.0,0.0,-29.5,-9.0,-3.5,-6.1,-5.5,-14.9
1443,10796747.90753175,46,4.218477360568073,65.78150863943192,548.6177820528621,1,6.435463857314971e-05,0.7684557939280862,0.17110743967281114,0.060436766399102684,200.0,92.08150863943192,-209.98152263943192,-1.4,-1.0,-11.2,0.0,0.0,-29.5,-9.0,-3.5,-6.1,-5.5,-14.9
1444,10796747.90753175,47,4.218477360568073,65.78150863943192,548.6177820528621,1,6.435463857314971e-05,0.7684389941489751,0.1711199431600997,0.060441062690925154,200.0,92.08150863943192,-209.98152263943192,-1.4,-1.0,-11.2,0.0,0.0,-29.5,-9.0,-3.5,-6.1,-5.5,-14.9
1445,10796747.90753175,48,4.218477360568073,65.78150863943192,548.6177820528621,1,6.435463857314971e-05,0.7684209488510889,0.1711331290585991,0.06044592209031203,200.0,92.08150863943192,-209.98152263943192,-1.4,-1.0,-11.2,0.0,0.0,-29.5,-9.0,-3.5,-6.1,-5.5,-14.9
1446,10796747.90753175,49,4.218477360568073,65.78150863943192,548.6177820528621,1,6.435463857314971e-05,0.7684017204054502,0.17114828765176748,0.06044999194278229,200.0,92.08150863943192,-209.98152263943192,-1.4,-1.0,-11.2,0.0,0.0,-29.5,-9.0,-3.5,-6.1,-5.5,-14.9
1447,10796747.90753175,0,4.218477360568073,65.78150863943192,548.6177820528621,1,6.435463857314971e-05,0.7683813727521845,0.17116399225098713,0.06045463499682835,200.0,92.08150863943192,-209.98152263943192,-1.4,-1.0,-11.2,0.0,0.0,-29.5,-9.0,-3.5,-6.1,-5.5,-14.9
1448,10796747.90753175,1,4.218477360568073,65.78150863943192,548.6177820528621,1,6.435463857314971e-05,0.7683626480086789,0.17117820030539446,0.06045915168592668,200.0,92.08150863943192,-209.98152263943192,-1.4,-1.0,-11.2,0.0,0.0,-29.5,-9.0,-3.5,-6.1,-5.5,-14.9
1449,10796747.90753175,2,4.218477360568073,65.78150863943192,548.6177820528621,1,6.435463857314971e-05,0.7683434519495987,0.1711929931319027,0.06046355491849859,200.0,92.08150863943192,-209.98152263943192,-1.4,-1.0,-11.2,0.0,0.0,-29.5,-9.0,-3.5,-6.1,-5.5,-14.9
1450,10796747.90753175,3,4.218477360568073,65.78150863943192,548.6177820528621,1,6.435463857314971e-05,0.7683251492551567,0.1712076651276363,0.06046718561720704,200.0,92.08150863943192,-209.98152263943192,-1.4,-1.0,-11.2,0.0,0.0,-29.5,-9.0,-3.5,-6.1,-5.5,-14.9
1451,10796747.90753175,4,4.218477360568073,65.78150863943192,548.6177820528621,1,6.435463857314971e-05,0.7683056894744921,0.171222241358156,0.060472069167351955,200.0,92.08150863943192,-209.98152263943192,-1.4,-1.0,-11.2,0.0,0.0,-29.5,-9.0,-3.5,-6.1,-5.5,-14.9
1452,10796747.90753175,5,4.218477360568073,65.78150863943192,548.6177820528621,1,6.435463857314971e-05,0.7682851301547421,0.1712380476447399,0.06047682220051802,200.0,92.08150863943192,-209.98152263943192,-1.4,-1.0,-11.2,0.0,0.0,-29.5,-9.0,-3.5,-6.1,-5.5,-14.9
1453,10796747.90753175,6,4.218477360568073,65.78150863943192,548.6177820528621,1,6.435463857314971e-05,0.768266875280556,0.17125168462353993,0.06048144009590405,200.0,92.08150863943192,-209.98152263943192,-1.4,-1.0,-11.2,0.0,0.0,-29.5,-9.0,-3.5,-6.1,-5.5,-14.9
1454,10796747.90753175,7,4.218477360568073,65.78150863943192,548.6177820528621,1,6.435463857314971e-05,0.7682467971186688,0.17126594187640806,0.06048726100492305,200.0,92.08150863943192,-209.98152263943192,-1.4,-1.0,-11.2,0.0,0.0,-29.5,-9.0,-3.5,-6.1,-5.5,-14.9
1455,10796747.90753175,8,4.218477360568073,65.78150863943192,548.6177820528621,1,6.435463857314971e-05,0.7682229814103079,0.1712841068045216,0.06049291178517054,200.0,92.08150863943192,-209.98152263943192,-1.4,-1.0,-11.2,0.0,0.0,-29.5,-9.0,-3.5,-6.1,-5.5,-14.9
1456,10796747.90753175,9,4.218477360568073,65.78150863943192,548.6177820528621,1,6.435463857314971e-05,0.7681996324947884,0.17130066179161813,0.06049970571359355,200.0,92.08150863943192,-209.98152263943192,-1.4,-1.0,-11.2,0.0,0.0,-29.5,-9.0,-3.5,-6.1,-5.5,-14.9
1457,10796747.90753175,10,4.218477360568073,65.78150863943192,548.6177820528621,1,6.435463857314971e-05,0.7681767265533546,0.17131634772740884,0.060506925719236646,200.0,92.08150863943192,-209.98152263943192,-1.4,-1.0,-11.2,0.0,0.0,-29.5,-9.0,-3.5,-6.1,-5.5,-14.9
1458,10796747.90753175,11,4.218477360568073,65.78150863943192,548.6177820528621,1,6.435463857314971e-05,0.7681535747012889,0.1713318733629776,0.0605145519357335,200.0,92.08150863943192,-209.98152263943192,-1.4,-1.0,-11.2,0.0,0.0,-29.5,-9.0,-3.5,-6.1,-5.5,-14.9
1459,10796747.90753175,12,4.218477360568073,65.78150863943192,548.6177820528621,1,6.435463857314971e-05,0.7681335251839675,0.17134523915016053,0.06052123566587195,200.0,92.08150863943192,-209.98152263943192,-1.4,-1.0,-11.2,0.0,0.0,-29.5,-9.0,-3.5,-6.1,-5.5,-14.9
1460,10796747.90753175,13,4.218477360568073,65.78150863943192,548.6177820528621,1,6.435463857314971e-05,0.7681150854306023,0.17135919993308016,0.06052571463631761,200.0,92.08150863943192,-209.98152263943192,-1.4,-1.0,-11.2,0.0,0.0,-29.5,-9.0,-3.5,-6.1,-5.5,-14.9
1461,10796747.90753175,14,4.218477360568073,65.78150863943192,548.6177820528621,1,6.435463857314971e-05,0.768099509055005,0.17136976597577608,0.060530724969218935,200.0,92.08150863943192,-209.98152263943192,-1.4,-1.0,-11.2,0.0,0.0,-29.5,-9.0,-3.5,-6.1,-5.5,-14.9
1462,10796747.90753175,15,4.218477360568073,65.78150863943192,548.6177820528621,1,6.435463857314971e-05,0.7680813265498251,0.17138110287010566,0.06053757058006932,200.0,92.08150863943192,-209.98152263943192,-1.4,-1.0,-11.2,0.0,0.0,-29.5,-9.0,-3.5,-6.1,-5.5,-14.9
1463,10796747.90753175,16,4.218477360568073,65.78150863943192,548.6177820528621,1,6.435463857314971e-05,0.7680620010228707,0.17139447240043687,0.06054352657669252,200.0,92.08150863943192,-209.98152263943192,-1.4,-1.0,-11.2,0.0,0.0,-29.5,-9.0,-3.5,-6.1,-5.5,-14.9
1464,10796747.90753175,17,4.218477360568073,65.78150863943192,548.6177820528621,1,6.435463857314971e-05,0.7680422538296097,0.17141042143149463,0.06054732473889578,200.0,92.08150863943192,-209.98152263943192,-1.4,-1.0,-11.2,0.0,0.0,-29.5,-9.0,-3.5,-6.1,-5.5,-14.9
1465,10796747.90753175,18,4.218477360568073,65.78150863943192,548.6177820528621,1,6.435463857314971e-05,0.7680247564641467,0.17142813587785757,0.06054710765799576,200.0,92.08150863943192,-209.98152263943192,-1.4,-1.0,-11.2,0.0,0.0,-29.5,-9.0,-3.5,-6.1,-5.5,-14.9
1466,10796747.90753175,19,4.218477360568073,65.78150863943192,548.6177820528621,1,6.435463857314971e-05,0.7680060912876933,0.17144558774727572,0.06054832096503103,200.0,92.08150863943192,-209.98152263943192,-1.4,-1.0,-11.2,0.0,0.0,-29.5,-9.0,-3.5,-6.1,-5.5,-14.9
1467,10796747.90753175,20,4.218477360568073,65.78150863943192,548.6177820528621,1,6.435463857314971e-05,0.7679863133151839,0.17146410125290906,0.0605495854319071,200.0,92.08150863943192,-209.98152263943192,-1.4,-1.0,-11.2,0.0,0.0,-29.5,-9.0,-3.5,-6.1,-5.5,-14.9
1468,10796747.90753175,21,4.218477360568073,65.78150863943192,548.6177820528621,1,6.435463857314971e-05,0.7679648217787867,0.17148297170642132,0.06055220651479203,200.0,92.08150863943192,-209.98152263943192,-1.4,-1.0,-11.2,0.0,0.0,-29.5,-9.0,-3.5,-6.1,-5.5,-14.9
1469,10796747.90753175,22,4.218477360568073,65.78150863943192,548.6177820528621,1,6.435463857314971e-05,0.767944355039858,0.1715008437397773,0.06055480122036472,200.0,92.08150863943192,-209.98152263943192,-1.4,-1.0,-11.2,0.0,0.0,-29.5,-9.0,-3.5,-6.1,-5.5,-14.9
1470,10796747.90753175,23,4.218477360568073,65.78150863943192,548.6177820528621,1,6.435463857314971e-05,0.7679248619202101,0.17151776734799914,0.060557370731790815,200.0,92.08150863943192,-209.98152263943192,-1.4,-1.0,-11.2,0.0,0.0,-29.5,-9.0,-3.5,-6.1,-5.5,-14.9
1471,10796747.90753175,24,4.218477360568073,65.78150863943192,548.6177820528621,1,6.435463857314971e-05,0.7679043077267724,0.17153511784710984,0.06056057442611784,200.0,92.08150863943192,-209.98152263943192,-1.4,-1.0,-11.2,0.0,0.0,-29.5,-9.0,-3.5,-6.1,-5.5,-14.9
1472,10796747.90753175,25,4.218477360568073,65.78150863943192,548.6177820528621,1,6.435463857314971e-05,0.7678840727472962,0.1715515512998266,0.06056437595287707,200.0,92.08150863943192,-209.98152263943192,-1.4,-1.0,-11.2,0.0,0.0,-29.5,-9.0,-3.5,-6.1,-5.5,-14.9
1473,10796747.90753175,26,4.218477360568073,65.78150863943192,548.6177820528621,1,6.435463857314971e-05,0.7678641416993164,0.17156711355672624,0.06056874474395744,200.0,92.08150863943192,-209.98152263943192,-1.4,-1.0,-11.2,0.0,0.0,-29.5,-9.0,-3.5,-6.1,-5.5,-14.9
1474,10796747.90753175,27,4.218477360568073,65.78150863943192,548.6177820528621,1,6.435463857314971e-05,0.7678444983423622,0.17158250180453496,0.06057299985310277,200.0,92.08150863943192,-209.98152263943192,-1.4,-1.0,-11.2,0.0,0.0,-29.5,-9.0,-3.5,-6.1,-5.5,-14.9
1475,10796747.90753175,28,4.218477360568073,65.78150863943192,548.6177820528621,1,6.435463857314971e-05,0.7678277733968264,0.17159508764847875,0.06057713895469491,200.0,92.08150863943192,-209.98152263943192,-1.4,-1.0,-11.2,0.0,0.0,-29.5,-9.0,-3.5,-6.1,-5.5,-14.9
1476,10796747.90753175,29,4.218477360568073,65.78150863943192,548.6177820528621,1,6.435463857314971e-05,0.7678105136831058,0.1716089595815305,0.060580526735363766,200.0,92.08150863943192,-209.98152263943192,-1.4,-1.0,-11.2,0.0,0.0,-29.5,-9.0,-3.5,-6.1,-5.5,-14.9
1477,10796747.90753175,30,4.218477360568073,65.78150863943192,548.6177820528621,1,6.435463857314971e-05,0.7677947280108794,0.17162207620956899,0.060583195779551534,200.0,92.08150863943192,-209.98152263943192,-1.4,-1.0,-11.2,0.0,0.0,-29.5,-9.0,-3.5,-6.1,-5.5,-14.9
1478,10796747.90753175,31,4.218477360568073,65.78150863943192,548.6177820528621,1,6.435463857314971e-05,0.7677790164443159,0.17163709499755556,0.06058388855812862,200.0,92.08150863943192,-209.98152263943192,-1.4,-1.0,-11.2,0.0,0.0,-29.5,-9.0,-3.5,-6.1,-5.5,-14.9
1479,10796747.90753175,32,4.218477360568073,65.78150863943192,548.6177820528621,1,6.435463857314971e-05,0.7677614077937078,0.17165328506990468,0.0605853071363875,200.0,92.08150863943192,-209.98152263943192,-1.4,-1.0,-11.2,0.0,0.0,-29.5,-9.0,-3.5,-6.1,-5.5,-14.9
1480,10796747.90753175,33,4.218477360568073,65.78150863943192,548.6177820528621,1,6.435463857314971e-05,0.7677452939198336,0.1716679496168153,0.06058675646335107,200.0,92.08150863943192,-209.98152263943192,-1.4,-1.0,-11.2,0.0,0.0,-29.5,-9.0,-3.5,-6.1,-5.5,-14.9
1481,10796747.90753175,34,4.218477360568073,65.78150863943192,548.6177820528621,1,6.435463857314971e-05,0.7677306018260964,0.17168051521394906,0.06058888295995446,200.0,92.08150863943192,-209.98152263943192,-1.4,-1.0,-11.2,0.0,0.0,-29.5,-9.0,-3.5,-6.1,-5.5,-14.9
1482,10796747.90753175,35,4.218477360568073,65.78150863943192,548.6177820528621,1,6.435463857314971e-05,0.7677172589809005,0.17169108894200139,0.0605916520770982,200.0,92.08150863943192,-209.98152263943192,-1.4,-1.0,-11.2,0.0,0.0,-29.5,-9.0,-3.5,-6.1,-5.5,-14.9
1483,10796747.90753175,36,4.218477360568073,65.78150863943192,548.6177820528621,1,6.435463857314971e-05,0.7677032236443662,0.1717017395339911,0.06059503682164273,200.0,92.08150863943192,-209.98152263943192,-1.4,-1.0,-11.2,0.0,0.0,-29.5,-9.0,-3.5,-6.1,-5.5,-14.9
1484,10796747.90753175,37,4.218477360568073,65.78150863943192,548.6177820528621,1,6.435463857314971e-05,0.7676898426878433,0.17171245053609632,0.06059770677606031,200.0,92.08150863943192,-209.98152263943192,-1.4,-1.0,-11.2,0.0,0.0,-29.5,-9.0,-3.5,-6.1,-5.5,-14.9
1485,10796747.90753175,38,4.218477360568073,65.78150863943192,548.6177820528621,1,6.435463857314971e-05,0.7676797082898502,0.1717212473392974,0.06059904437085242,200.0,92.08150863943192,-209.98152263943192,-1.4,-1.0,-11.2,0.0,0.0,-29.5,-9.0,-3.5,-6.1,-5.5,-14.9
1486,10796747.90753175,39,4.218477360568073,65.78150863943192,548.6177820528621,1,6.435463857314971e-05,0.7676693796544916,0.17172955442013024,0.06060106592537823,200.0,92.08150863943192,-209.98152263943192,-1.4,-1.0,-11.2,0.0,0.0,-29.5,-9.0,-3.5,-6.1,-5.5,-14.9
1487,10796747.90753175,40,4.218477360568073,65.78150863943192,548.6177820528621,1,6.435463857314971e-05,0.7676588689216385,0.1717367482758912,0.060604382802470325,200.0,92.08150863943192,-209.98152263943192,-1.4,-1.0,-11.2,0.0,0.0,-29.5,-9.0,-3.5,-6.1,-5.5,-14.9
1488,10796747.90753175,41,4.218477360568073,65.78150863943192,548.6177820528621,1,6.435463857314971e-05,0.7676468730451064,0.17174483987463157,0.060608287080262016,200.0,92.08150863943192,-209.98152263943192,-1.4,-1.0,-11.2,0.0,0.0,-29.5,-9.0,-3.5,-6.1,-5.5,-14.9
1489,10796747.90753175,42,4.218477360568073,65.78150863943192,548.6177820528621,1,6.435463857314971e-05,0.7676354265747722,0.17175441282478915,0.06061016060043866,200.0,92.08150863943192,-209.98152263943192,-1.4,-1.0,-11.2,0.0,0.0,-29.5,-9.0,-3.5,-6.1,-5.5,-14.9
1490,10796747.90753175,43,4.218477360568073,65.78150863943192,548.6177820528621,1,6.435463857314971e-05,0.767624507937479,0.17176344974377497,0.06061204231874593,200.0,92.08150863943192,-209.98152263943192,-1.4,-1.0,-11.2,0.0,0.0,-29.5,-9.0,-3.5,-6.1,-5.5,-14.9
1491,10796747.90753175,44,4.218477360568073,65.78150863943192,548.6177820528621,1,6.435463857314971e-05,0.7676147471500937,0.1717706786515513,0.06061457419835505,200.0,92.08150863943192,-209.98152263943192,-1.4,-1.0,-11.2,0.0,0.0,-29.5,-9.0,-3.5,-6.1,-5.5,-14.9
1492,10796747.90753175,45,4.218477360568073,65.78150863943192,548.6177820528621,1,6.435463857314971e-05,0.7676067384825027,0.1717755404027525,0.06061772111474485,200.0,92.08150863943192,-209.98152263943192,-1.4,-1.0,-11.2,0.0,0.0,-29.5,-9.0,-3.5,-6.1,-5.5,-14.9
1493,10796747.90753175,46,4.218477360568073,65.78150863943192,548.6177820528621,1,6.435463857314971e-05,0.7675971263326726,0.1717814123620514,0.06062146130527597,200.0,92.08150863943192,-209.98152263943192,-1.4,-1.0,-11.2,0.0,0.0,-29.5,-9.0,-3.5,-6.1,-5.5,-14.9
1494,10796747.90753175,47,4.218477360568073,65.78150863943192,548.6177820528621,1,6.435463857314971e-05,0.7675872987720269,0.17178694064211092,0.06062576058586211,200.0,92.08150863943192,-209.98152263943192,-1.4,-1.0,-11.2,0.0,0.0,-29.5,-9.0,-3.5,-6.1,-5.5,-14.9
1495,10796747.90753175,48,4.218477360568073,65.78150863943192,548.6177820528621,1,6.435463857314971e-05,0.76757987538168,0.17179018584730285,0.06062993877101718,200.0,92.08150863943192,-209.98152263943192,-1.4,-1.0,-11.2,0.0,0.0,-29.5,-9.0,-3.5,-6.1,-5.5,-14.9
1496,10796747.90753175,49,4.218477360568073,65.78150863943192,548.6177820528621,1,6.435463857314971e-05,0.7675753814952202,0.1717925475185482,0.060632070986231586,200.0,92.08150863943192,-209.98152263943192,-1.4,-1.0,-11.2,0.0,0.0,-29.5,-9.0,-3.5,-6.1,-5.5,-14.9
1497,10796747.90753175,0,4.218477360568073,65.78150863943192,548.6177820528621,1,6.435463857314971e-05,0.7675691115828056,0.1717966854261986,0.060634202990995735,200.0,92.08150863943192,-209.98152263943192,-1.4,-1.0,-11.2,0.0,0.0,-29.5,-9.0,-3.5,-6.1,-5.5,-14.9
1498,10796747.90753175,1,4.218477360568073,65.78150863943192,548.6177820528621,1,6.435463857314971e-05,0.7675644100774393,0.1717999065974118,0.06063568332514899,200.0,92.08150863943192,-209.98152263943192,-1.4,-1.0,-11.2,0.0,0.0,-29.5,-9.0,-3.5,-6.1,-5.5,-14.9
1499,10796747.90753175,2,4.218477360568073,65.78150863943192,548.6177820528621,1,6.435463857314971e-05,0.7675605502598671,0.1718009785571247,0.060638471183008164,200.0,92.08150863943192,-209.98152263943192,-1.4,-1.0,-11.2,0.0,0.0,-29.5,-9.0,-3.5,-6.1,-5.5,-14.9
1500,10796747.90753175,3,4.218477360568073,65.78150863943192,548.6177820528621,1,6.435463857314971e-05,0.7675581368167983,0.1718000062925963,0.06064185689060543,200.0,92.08150863943192,-209.98152263943192,-1.4,-1.0,-11.2,0.0,0.0,-29.5,-9.0,-3.5,-6.1,-5.5,-14.9
1501,10796747.90753175,4,4.218477360568073,65.78150863943192,548.6177820528621,1,6.435463857314971e-05,0.7675570942709898,0.1717983780348712,0.06064452769413893,200.0,92.08150863943192,-209.98152263943192,-1.4,-1.0,-11.2,0.0,0.0,-29.5,-9.0,-3.5,-6.1,-5.5,-14.9
1502,10796747.90753175,5,4.218477360568073,65.78150863943192,548.6177820528621,1,6.435463857314971e-05,0.7675528121549533,0.17179937291490568,0.06064781493014097,200.0,92.08150863943192,-209.98152263943192,-1.4,-1.0,-11.2,0.0,0.0,-29.5,-9.0,-3.5,-6.1,-5.5,-14.9
1503,10796747.90753175,6,4.218477360568073,65.78150863943192,548.6177820528621,1,6.435463857314971e-05,0.7675467513615732,0.17180284620164482,0.06065040243678201,200.0,92.08150863943192,-209.98152263943192,-1.4,-1.0,-11.2,0.0,0.0,-29.5,-9.0,-3.5,-6.1,-5.5,-14.9
1504,10796747.90753175,7,4.218477360568073,65.78150863943192,548.6177820528621,1,6.435463857314971e-05,0.7675403021691123,0.17180545610132192,0.060654241729565864,200.0,92.08150863943192,-209.98152263943192,-1.4,-1.0,-11.2,0.0,0.0,-29.5,-9.0,-3.5,-6.1,-5.5,-14.9
1505,10796747.90753175,8,4.218477360568073,65.78150863943192,548.6177820528621,1,6.435463857314971e-05,0.7675334837307164,0.17180788692637305,0.060658629342910615,200.0,92.08150863943192,-209.98152263943192,-1.4,-1.0,-11.2,0.0,0.0,-29.5,-9.0,-3.5,-6.1,-5.5,-14.9
1506,10796747.90753175,9,4.218477360568073,65.78150863943192,548.6177820528621,1,6.435463857314971e-05,0.7675263151570803,0.1718101476293622,0.06066353721355754,200.0,92.08150863943192,-209.98152263943192,-1.4,-1.0,-11.2,0.0,0.0,-29.5,-9.0,-3.5,-6.1,-5.5,-14.9
1507,10796747.90753175,10,4.218477360568073,65.78150863943192,548.6177820528621,1,6.435463857314971e-05,0.7675175205383904,0.17181417665930648,0.06066830280230312,200.0,92.08150863943192,-209.98152263943192,-1.4,-1.0,-11.2,0.0,0.0,-29.5,-9.0,-3.5,-6.1,-5.5,-14.9
1508,10796747.90753175,11,4.218477360568073,65.78150863943192,548.6177820528621,1,6.435463857314971e-05,0.7675078298264694,0.17181732028211777,0.06067484989141294,200.0,92.08150863943192,-209.98152263943192,-1.4,-1.0,-11.2,0.0,0.0,-29.5,-9.0,-3.5,-6.1,-5.5,-14.9
1509,10796747.90753175,12,4.218477360568073,65.78150863943192,548.6177820528621,1,6.435463857314971e-05,0.7674959972847107,0.17182346903218587,0.06068053368310343,200.0,92.08150863943192,-209.98152263943192,-1.4,-1.0,-11.2,0.0,0.0,-29.5,-9.0,-3.5,-6.1,-5.5,-14.9
1510,10796747.90753175,13,4.218477360568073,65.78150863943192,548.6177820528621,1,6.435463857314971e-05,0.7674853628119415,0.17182797047011136,0.06068666671794715,200.0,92.08150863943192,-209.98152263943192,-1.4,-1.0,-11.2,0.0,0.0,-29.5,-9.0,-3.5,-6.1,-5.5,-14.9
1511,10796747.90753175,14,4.218477360568073,65.78150863943192,548.6177820528621,1,6.435463857314971e-05,0.7674758661208997,0.1718328240566545,0.060691309822445874,200.0,92.08150863943192,-209.98152263943192,-1.4,-1.0,-11.2,0.0,0.0,-29.5,-9.0,-3.5,-6.1,-5.5,-14.9
1512,10796747.90753175,15,4.218477360568073,65.78150863943192,548.6177820528621,1,6.435463857314971e-05,0.7674648683251746,0.17183803255497654,0.06069709911984883,200.0,92.08150863943192,-209.98152263943192,-1.4,-1.0,-11.2,0.0,0.0,-29.5,-9.0,-3.5,-6.1,-5.5,-14.9
1513,10796747.90753175,16,4.218477360568073,65.78150863943192,548.6177820528621,1,6.435463857314971e-05,0.7674550249553357,0.17184100589342638,0.060703969151238005,200.0,92.08150863943192,-209.98152263943192,-1.4,-1.0,-11.2,0.0,0.0,-29.5,-9.0,-3.5,-6.1,-5.5,-14.9
1514,10796747.90753175,17,4.218477360568073,65.78150863943192,548.6177820528621,1,6.435463857314971e-05,0.7674417667079609,0.1718463549780244,0.06071187831401467,200.0,92.08150863943192,-209.98152263943192,-1.4,-1.0,-11.2,0.0,0.0,-29.5,-9.0,-3.5,-6.1,-5.5,-14.9
1515,10796747.90753175,18,4.218477360568073,65.78150863943192,548.6177820528621,1,6.435463857314971e-05,0.7674278439821982,0.17185138950174955,0.06072076651605224,200.0,92.08150863943192,-209.98152263943192,-1.4,-1.0,-11.2,0.0,0.0,-29.5,-9.0,-3.5,-6.1,-5.5,-14.9
1516,10796747.90753175,19,4.218477360568073,65.78150863943192,548.6177820528621,1,6.435463857314971e-05,0.7674139379199085,0.17185675711978954,0.06072930496030188,200.0,92.08150863943192,-209.98152263943192,-1.4,-1.0,-11.2,0.0,0.0,-29.5,-9.0,-3.5,-6.1,-5.5,-14.9
1517,10796747.90753175,20,4.218477360568073,65.78150863943192,548.6177820528621,1,6.435463857314971e-05,0.7674026239168709,0.17186114801402355,0.060736228069105634,200.0,92.08150863943192,-209.98152263943192,-1.4,-1.0,-11.2,0.0,0.0,-29.5,-9.0,-3.5,-6.1,-5.5,-14.9
1518,10796747.90753175,21,4.218477360568073,65.78150863943192,548.6177820528621,1,6.435463857314971e-05,0.7673905535104396,0.17186654443993138,0.06074290204962911,200.0,92.08150863943192,-209.98152263943192,-1.4,-1.0,-11.2,0.0,0.0,-29.5,-9.0,-3.5,-6.1,-5.5,-14.9
1519,10796747.90753175,22,4.218477360568073,65.78150863943192,548.6177820528621,1,6.435463857314971e-05,0.7673803366964073,0.17187096807080757,0.0607486952327852,200.0,92.08150863943192,-209.98152263943192,-1.4,-1.0,-11.2,0.0,0.0,-29.5,-9.0,-3.5,-6.1,-5.5,-14.9
1520,10796747.90753175,23,4.218477360568073,65.78150863943192,548.6177820528621,1,6.435463857314971e-05,0.7673680252290133,0.17187703893253353,0.06075493583845319,200.0,92.08150863943192,-209.98152263943192,-1.4,-1.0,-11.2,0.0,0.0,-29.5,-9.0,-3.5,-6.1,-5.5,-14.9
1521,10796747.90753175,24,4.218477360568073,65.78150863943192,548.6177820528621,1,6.435463857314971e-05,0.7673575801702934,0.17188337300786546,0.06075904682184108,200.0,92.08150863943192,-209.98152263943192,-1.4,-1.0,-11.2,0.0,0.0,-29.5,-9.0,-3.5,-6.1,-5.5,-14.9
1522,10796747.90753175,25,4.218477360568073,65.78150863943192,548.6177820528621,1,6.435463857314971e-05,0.7673476218856791,0.17188933184122188,0.060763046273099114,200.0,92.08150863943192,-209.98152263943192,-1.4,-1.0,-11.2,0.0,0.0,-29.5,-9.0,-3.5,-6.1,-5.5,-14.9
1523,10796747.90753175,26,4.218477360568073,65.78150863943192,548.6177820528621,1,6.435463857314971e-05,0.7673406896877009,0.1718930123411077,0.060766297971191485,200.0,92.08150863943192,-209.98152263943192,-1.4,-1.0,-11.2,0.0,0.0,-29.5,-9.0,-3.5,-6.1,-5.5,-14.9
1524,10796747.90753175,27,4.218477360568073,65.78150863943192,548.6177820528621,1,6.435463857314971e-05,0.7673321455155252,0.171897733755517,0.06077012072895786,200.0,92.08150863943192,-209.98152263943192,-1.4,-1.0,-11.2,0.0,0.0,-29.5,-9.0,-3.5,-6.1,-5.5,-14.9
1525,10796747.90753175,28,4.218477360568073,65.78150863943192,548.6177820528621,1,6.435463857314971e-05,0.7673233511471654,0.17190153302813602,0.0607751158246985,200.0,92.08150863943192,-209.98152263943192,-1.4,-1.0,-11.2,0.0,0.0,-29.5,-9.0,-3.5,-6.1,-5.5,-14.9
1526,10796747.90753175,29,4.218477360568073,65.78150863943192,548.6177820528621,1,6.435463857314971e-05,0.767314962099825,0.17190571768723026,0.06077932021294481,200.0,92.08150863943192,-209.98152263943192,-1.4,-1.0,-11.2,0.0,0.0,-29.5,-9.0,-3.5,-6.1,-5.5,-14.9
1527,10796747.90753175,30,4.218477360568073,65.78150863943192,548.6177820528621,1,6.435463857314971e-05,0.7673088714645033,0.17190645965852328,0.060784668876973466,200.0,92.08150863943192,-209.98152263943192,-1.4,-1.0,-11.2,0.0,0.0,-29.5,-9.0,-3.5,-6.1,-5.5,-14.9
1528,10796747.90753175,31,4.218477360568073,65.78150863943192,548.6177820528621,1,6.435463857314971e-05,0.7673036870541227,0.1719064725129373,0.0607898404329401,200.0,92.08150863943192,-209.98152263943192,-1.4,-1.0,-11.2,0.0,0.0,-29.5,-9.0,-3.5,-6.1,-5.5,-14.9
1529,10796747.90753175,32,4.218477360568073,65.78150863943192,548.6177820528621,1,6.435463857314971e-05,0.7672974452091078,0.1719064392300937,0.0607961155607985,200.0,92.08150863943192,-209.98152263943192,-1.4,-1.0,-11.2,0.0,0.0,-29.5,-9.0,-3.5,-6.1,-5.5,-14.9
1530,10796747.90753175,33,4.218477360568073,65.78150863943192,548.6177820528621,1,6.435463857314971e-05,0.7672933858091862,0.1719031850957156,0.06080342909509826,200.0,92.08150863943192,-209.98152263943192,-1.4,-1.0,-11.2,0.0,0.0,-29.5,-9.0,-3.5,-6.1,-5.5,-14.9
1531,10796747.90753175,34,4.218477360568073,65.78150863943192,548.6177820528621,1,6.435463857314971e-05,0.7672888580431392,0.17190130583241925,0.060809836124441644,200.0,92.08150863943192,-209.98152263943192,-1.4,-1.0,-11.2,0.0,0.0,-29.5,-9.0,-3.5,-6.1,-5.5,-14.9
1532,10796747.90753175,35,4.218477360568073,65.78150863943192,548.6177820528621,1,6.435463857314971e-05,0.7672877036309507,0.1718969248048864,0.060815371564162966,200.0,92.08150863943192,-209.98152263943192,-1.4,-1.0,-11.2,0.0,0.0,-29.5,-9.0,-3.5,-6.1,-5.5,-14.9
1533,10796747.90753175,36,4.218477360568073,65.78150863943192,548.6177820528621,1,6.435463857314971e-05,0.7672846548333774,0.17189335413416928,0.060821991032453344,200.0,92.08150863943192,-209.98152263943192,-1.4,-1.0,-11.2,0.0,0.0,-29.5,-9.0,-3.5,-6.1,-5.5,-14.9
1534,10796747.90753175,37,4.218477360568073,65.78150863943192,548.6177820528621,1,6.435463857314971e-05,0.7672829973464145,0.17188990043929653,0.06082710221428901,200.0,92.08150863943192,-209.98152263943192,-1.4,-1.0,-11.2,0.0,0.0,-29.5,-9.0,-3.5,-6.1,-5.5,-14.9
1535,10796747.90753175,38,4.218477360568073,65.78150863943192,548.6177820528621,1,6.435463857314971e-05,0.7672763004730623,0.17189100485980127,0.060832694667136526,200.0,92.08150863943192,-209.98152263943192,-1.4,-1.0,-11.2,0.0,0.0,-29.5,-9.0,-3.5,-6.1,-5.5,-14.9
1536,10796747.90753175,39,4.218477360568073,65.78150863943192,548.6177820528621,1,6.435463857314971e-05,0.7672724477317018,0.1718907236210822,0.06083682864721608,200.0,92.08150863943192,-209.98152263943192,-1.4,-1.0,-11.2,0.0,0.0,-29.5,-9.0,-3.5,-6.1,-5.5,-14.9
1537,10796747.90753175,40,4.218477360568073,65.78150863943192,548.6177820528621,1,6.435463857314971e-05,0.7672687509483875,0.17189040235102135,0.0608408467005912,200.0,92.08150863943192,-209.98152263943192,-1.4,-1.0,-11.2,0.0,0.0,-29.5,-9.0,-3.5,-6.1,-5.5,-14.9
1538,10796747.90753175,41,4.218477360568073,65.78150863943192,548.6177820528621,1,6.435463857314971e-05,0.767262658433997,0.17189068916959502,0.06084665239640803,200.0,92.08150863943192,-209.98152263943192,-1.4,-1.0,-11.2,0.0,0.0,-29.5,-9.0,-3.5,-6.1,-5.5,-14.9
1539,10796747.90753175,42,4.218477360568073,65.78150863943192,548.6177820528621,1,6.435463857314971e-05,0.7672549283997838,0.17189154804365087,0.06085352355656534,200.0,92.08150863943192,-209.98152263943192,-1.4,-1.0,-11.2,0.0,0.0,-29.5,-9.0,-3.5,-6.1,-5.5,-14.9
1540,10796747.90753175,43,4.218477360568073,65.78150863943192,548.6177820528621,1,6.435463857314971e-05,0.7672507232908262,0.1718904062742466,0.06085887043492714,200.0,92.08150863943192,-209.98152263943192,-1.4,-1.0,-11.2,0.0,0.0,-29.5,-9.0,-3.5,-6.1,-5.5,-14.9
1541,10796747.90753175,44,4.218477360568073,65.78150863943192,548.6177820528621,1,6.435463857314971e-05,0.767245430082519,0.1718911563407004,0.06086341357678057,200.0,92.08150863943192,-209.98152263943192,-1.4,-1.0,-11.2,0.0,0.0,-29.5,-9.0,-3.5,-6.1,-5.5,-14.9
1542,10796747.90753175,45,4.218477360568073,65.78150863943192,548.6177820528621,1,6.435463857314971e-05,0.7672422636925473,0.17188992282518104,0.06086781348227163,200.0,92.08150863943192,-209.98152263943192,-1.4,-1.0,-11.2,0.0,0.0,-29.5,-9.0,-3.5,-6.1,-5.5,-14.9
1543,10796747.90753175,46,4.218477360568073,65.78150863943192,548.6177820528621,1,6.435463857314971e-05,0.767241125408198,0.17188930909348657,0.060869565498315494,200.0,92.08150863943192,-209.98152263943192,-1.4,-1.0,-11.2,0.0,0.0,-29.5,-9.0,-3.5,-6.1,-5.5,-14.9
1544,10796747.90753175,47,4.218477360568073,65.78150863943192,548.6177820528621,1,6.435463857314971e-05,0.7672374760884879,0.17188994126258383,0.06087258264892828,200.0,92.08150863943192,-209.98152263943192,-1.4,-1.0,-11.2,0.0,0.0,-29.5,-9.0,-3.5,-6.1,-5.5,-14.9
1545,10796747.90753175,48,4.218477360568073,65.78150863943192,548.6177820528621,1,6.435463857314971e-05,0.7672333424952484,0.17189111685802297,0.060875540646728656,200.0,92.08150863943192,-209.98152263943192,-1.4,-1.0,-11.2,0.0,0.0,-29.5,-9.0,-3.5,-6.1,-5.5,-14.9
1546,10796747.90753175,49,4.218477360568073,65.78150863943192,548.6177820528621,1,6.435463857314971e-05,0.767230013703108,0.1718921743241662,0.06087781197272591,200.0,92.08150863943192,-209.98152263943192,-1.4,-1.0,-11.2,0.0,0.0,-29.5,-9.0,-3.5,-6.1,-5.5,-14.9
1547,10796747.90753175,0,4.218477360568073,65.78150863943192,548.6177820528621,1,6.435463857314971e-05,0.7672280789702913,0.17189249102850046,0.06087943000120827,200.0,92.08150863943192,-209.98152263943192,-1.4,-1.0,-11.2,0.0,0.0,-29.5,-9.0,-3.5,-6.1,-5.5,-14.9
1548,10796747.90753175,1,4.218477360568073,65.78150863943192,548.6177820528621,1,6.435463857314971e-05,0.7672249447661522,0.17189399416729548,0.06088106106655226,200.0,92.08150863943192,-209.98152263943192,-1.4,-1.0,-11.2,0.0,0.0,-29.5,-9.0,-3.5,-6.1,-5.5,-14.9
1549,10796747.90753175,2,4.218477360568073,65.78150863943192,548.6177820528621,1,6.435463857314971e-05,0.7672225616477086,0.17189473942984135,0.06088269892245004,200.0,92.08150863943192,-209.98152263943192,-1.4,-1.0,-11.2,0.0,0.0,-29.5,-9.0,-3.5,-6.1,-5.5,-14.9
1550,10796747.90753175,3,4.218477360568073,65.78150863943192,548.6177820528621,1,6.435463857314971e-05,0.7672234096286078,0.17189287936310982,0.060883711008282326,200.0,92.08150863943192,-209.98152263943192,-1.4,-1.0,-11.2,0.0,0.0,-29.5,-9.0,-3.5,-6.1,-5.5,-14.9
1551,10796747.90753175,4,4.218477360568073,65.78150863943192,548.6177820528621,1,6.435463857314971e-05,0.7672229181059244,0.17189169103293744,0.060885390861138165,200.0,92.08150863943192,-209.98152263943192,-1.4,-1.0,-11.2,0.0,0.0,-29.5,-9.0,-3.5,-6.1,-5.5,-14.9
1552,10796747.90753175,5,4.218477360568073,65.78150863943192,548.6177820528621,1,6.435463857314971e-05,0.7672224166555652,0.17189113077450188,0.06088645256993283,200.0,92.08150863943192,-209.98152263943192,-1.4,-1.0,-11.2,0.0,0.0,-29.5,-9.0,-3.5,-6.1,-5.5,-14.9
1553,10796747.90753175,6,4.218477360568073,65.78150863943192,548.6177820528621,1,6.435463857314971e-05,0.7672244188411145,0.1718892837765187,0.06088629738236688,200.0,92.08150863943192,-209.98152263943192,-1.4,-1.0,-11.2,0.0,0.0,-29.5,-9.0,-3.5,-6.1,-5.5,-14.9
1554,10796747.90753175,7,4.218477360568073,65.78150863943192,548.6177820528621,1,6.435463857314971e-05,0.7672237689502298,0.17188873720672987,0.06088749384304035,200.0,92.08150863943192,-209.98152263943192,-1.4,-1.0,-11.2,0.0,0.0,-29.5,-9.0,-3.5,-6.1,-5.5,-14.9
1555,10796747.90753175,8,4.218477360568073,65.78150863943192,548.6177820528621,1,6.435463857314971e-05,0.7672224917118121,0.17189003118492763,0.06088747710326023,200.0,92.08150863943192,-209.98152263943192,-1.4,-1.0,-11.2,0.0,0.0,-29.5,-9.0,-3.5,-6.1,-5.5,-14.9
1556,10796747.90753175,9,4.218477360568073,65.78150863943192,548.6177820528621,1,6.435463857314971e-05,0.7672199867550383,0.17189183585563023,0.06088817738933144,200.0,92.08150863943192,-209.98152263943192,-1.4,-1.0,-11.2,0.0,0.0,-29.5,-9.0,-3.5,-6.1,-5.5,-14.9
1557,10796747.90753175,10,4.218477360568073,65.78150863943192,548.6177820528621,1,6.435463857314971e-05,0.7672207087178363,0.1718922320744722,0.06088705920769144,200.0,92.08150863943192,-209.98152263943192,-1.4,-1.0,-11.2,0.0,0.0,-29.5,-9.0,-3.5,-6.1,-5.5,-14.9
1558,10796747.90753175,11,4.218477360568073,65.78150863943192,548.6177820528621,1,6.435463857314971e-05,0.7672194762556496,0.17189318839823783,0.06088733534611268,200.0,92.08150863943192,-209.98152263943192,-1.4,-1.0,-11.2,0.0,0.0,-29.5,-9.0,-3.5,-6.1,-5.5,-14.9
1559,10796747.90753175,12,4.218477360568073,65.78150863943192,548.6177820528621,1,6.435463857314971e-05,0.7672207712896708,0.17189154819358446,0.060887680516744605,200.0,92.08150863943192,-209.98152263943192,-1.4,-1.0,-11.2,0.0,0.0,-29.5,-9.0,-3.5,-6.1,-5.5,-14.9
1560,10796747.90753175,13,4.218477360568073,65.78150863943192,548.6177820528621,1,6.435463857314971e-05,0.7672232158346247,0.1718893097173175,0.06088747444805781,200.0,92.08150863943192,-209.98152263943192,-1.4,-1.0,-11.2,0.0,0.0,-29.5,-9.0,-3.5,-6.1,-5.5,-14.9
1561,10796747.90753175,14,4.218477360568073,65.78150863943192,548.6177820528621,1,6.435463857314971e-05,0.7672248771458288,0.1718883717622277,0.06088675109194359,200.0,92.08150863943192,-209.98152263943192,-1.4,-1.0,-11.2,0.0,0.0,-29.5,-9.0,-3.5,-6.1,-5.5,-14.9
1562,10796747.90753175,15,4.218477360568073,65.78150863943192,548.6177820528621,1,6.435463857314971e-05,0.7672270433664683,0.17188742315638197,0.060885533477149735,200.0,92.08150863943192,-209.98152263943192,-1.4,-1.0,-11.2,0.0,0.0,-29.5,-9.0,-3.5,-6.1,-5.5,-14.9
1563,10796747.90753175,16,4.218477360568073,65.78150863943192,548.6177820528621,1,6.435463857314971e-05,0.7672265643552294,0.17188772295517454,0.06088571268959608,200.0,92.08150863943192,-209.98152263943192,-1.4,-1.0,-11.2,0.0,0.0,-29.5,-9.0,-3.5,-6.1,-5.5,-14.9
1564,10796747.90753175,17,4.218477360568073,65.78150863943192,548.6177820528621,1,6.435463857314971e-05,0.7672260744339722,0.1718885713268175,0.06088535423921028,200.0,92.08150863943192,-209.98152263943192,-1.4,-1.0,-11.2,0.0,0.0,-29.5,-9.0,-3.5,-6.1,-5.5,-14.9
1565,10796747.90753175,18,4.218477360568073,65.78150863943192,548.6177820528621,1,6.435463857314971e-05,0.7672261995088481,0.17189055191414077,0.06088324857701124,200.0,92.08150863943192,-209.98152263943192,-1.4,-1.0,-11.2,0.0,0.0,-29.5,-9.0,-3.5,-6.1,-5.5,-14.9
1566,10796747.90753175,19,4.218477360568073,65.78150863943192,548.6177820528621,1,6.435463857314971e-05,0.7672293973171405,0.17189050615469237,0.06088009652816723,200.0,92.08150863943192,-209.98152263943192,-1.4,-1.0,-11.2,0.0,0.0,-29.5,-9.0,-3.5,-6.1,-5.5,-14.9
1567,10796747.90753175,20,4.218477360568073,65.78150863943192,548.6177820528621,1,6.435463857314971e-05,0.7672286615226696,0.17189413376246396,0.06087720471486645,200.0,92.08150863943192,-209.98152263943192,-1.4,-1.0,-11.2,0.0,0.0,-29.5,-9.0,-3.5,-6.1,-5.5,-14.9
1568,10796747.90753175,21,4.218477360568073,65.78150863943192,548.6177820528621,1,6.435463857314971e-05,0.7672254363656513,0.17189939126272316,0.060875172371625576,200.0,92.08150863943192,-209.98152263943192,-1.4,-1.0,-11.2,0.0,0.0,-29.5,-9.0,-3.5,-6.1,-5.5,-14.9
1569,10796747.90753175,22,4.218477360568073,65.78150863943192,548.6177820528621,1,6.435463857314971e-05,0.7672210936077432,0.17190557001814671,0.06087333637411013,200.0,92.08150863943192,-209.98152263943192,-1.4,-1.0,-11.2,0.0,0.0,-29.5,-9.0,-3.5,-6.1,-5.5,-14.9
1570,10796747.90753175,23,4.218477360568073,65.78150863943192,548.6177820528621,1,6.435463857314971e-05,0.767213824336564,0.17191386806507095,0.060872307598365,200.0,92.08150863943192,-209.98152263943192,-1.4,-1.0,-11.2,0.0,0.0,-29.5,-9.0,-3.5,-6.1,-5.5,-14.9
1571,10796747.90753175,24,4.218477360568073,65.78150863943192,548.6177820528621,1,6.435463857314971e-05,0.7672037773725222,0.17192356187098468,0.060872660756493197,200.0,92.08150863943192,-209.98152263943192,-1.4,-1.0,-11.2,0.0,0.0,-29.5,-9.0,-3.5,-6.1,-5.5,-14.9
1572,10796747.90753175,25,4.218477360568073,65.78150863943192,548.6177820528621,1,6.435463857314971e-05,0.7671948248520053,0.17193270621083998,0.060872468937154756,200.0,92.08150863943192,-209.98152263943192,-1.4,-1.0,-11.2,0.0,0.0,-29.5,-9.0,-3.5,-6.1,-5.5,-14.9
1573,10796747.90753175,26,4.218477360568073,65.78150863943192,548.6177820528621,1,6.435463857314971e-05,0.7671856684198769,0.1719413380520751,0.060872993528047994,200.0,92.08150863943192,-209.98152263943192,-1.4,-1.0,-11.2,0.0,0.0,-29.5,-9.0,-3.5,-6.1,-5.5,-14.9
1574,10796747.90753175,27,4.218477360568073,65.78150863943192,548.6177820528621,1,6.435463857314971e-05,0.7671744567172605,0.17195134011088184,0.0608742031718577,200.0,92.08150863943192,-209.98152263943192,-1.4,-1.0,-11.2,0.0,0.0,-29.5,-9.0,-3.5,-6.1,-5.5,-14.9
1575,10796747.90753175,28,4.218477360568073,65.78150863943192,548.6177820528621,1,6.435463857314971e-05,0.7671662600731559,0.1719601482995755,0.06087359162726853,200.0,92.08150863943192,-209.98152263943192,-1.4,-1.0,-11.2,0.0,0.0,-29.5,-9.0,-3.5,-6.1,-5.5,-14.9
1576,10796747.90753175,29,4.218477360568073,65.78150863943192,548.6177820528621,1,6.435463857314971e-05,0.7671559634013116,0.17197092917579712,0.060873107422891246,200.0,92.08150863943192,-209.98152263943192,-1.4,-1.0,-11.2,0.0,0.0,-29.5,-9.0,-3.5,-6.1,-5.5,-14.9
1577,10796747.90753175,30,4.218477360568073,65.78150863943192,548.6177820528621,1,6.435463857314971e-05,0.7671461536416145,0.17198049551938424,0.06087335083900122,200.0,92.08150863943192,-209.98152263943192,-1.4,-1.0,-11.2,0.0,0.0,-29.5,-9.0,-3.5,-6.1,-5.5,-14.9
1578,10796747.90753175,31,4.218477360568073,65.78150863943192,548.6177820528621,1,6.435463857314971e-05,0.7671374258886887,0.17198951726637626,0.060873056844934964,200.0,92.08150863943192,-209.98152263943192,-1.4,-1.0,-11.2,0.0,0.0,-29.5,-9.0,-3.5,-6.1,-5.5,-14.9
1579,10796747.90753175,32,4.218477360568073,65.78150863943192,548.6177820528621,1,6.435463857314971e-05,0.7671253917366512,0.17200111834762585,0.060873489915723056,200.0,92.08150863943192,-209.98152263943192,-1.4,-1.0,-11.2,0.0,0.0,-29.5,-9.0,-3.5,-6.1,-5.5,-14.9
1580,10796747.90753175,33,4.218477360568073,65.78150863943192,548.6177820528621,1,6.435463857314971e-05,0.7671133137377103,0.17201391861185705,0.06087276765043268,200.0,92.08150863943192,-209.98152263943192,-1.4,-1.0,-11.2,0.0,0.0,-29.5,-9.0,-3.5,-6.1,-5.5,-14.9
1581,10796747.90753175,34,4.218477360568073,65.78150863943192,548.6177820528621,1,6.435463857314971e-05,0.7670999580468225,0.17202786577079965,0.060872176182377856,200.0,92.08150863943192,-209.98152263943192,-1.4,-1.0,-11.2,0.0,0.0,-29.5,-9.0,-3.5,-6.1,-5.5,-14.9
1582,10796747.90753175,35,4.218477360568073,65.78150863943192,548.6177820528621,1,6.435463857314971e-05,0.7670878635612584,0.17204104522999514,0.06087109120874658,200.0,92.08150863943192,-209.98152263943192,-1.4,-1.0,-11.2,0.0,0.0,-29.5,-9.0,-3.5,-6.1,-5.5,-14.9
1583,10796747.90753175,36,4.218477360568073,65.78150863943192,548.6177820528621,1,6.435463857314971e-05,0.7670744949082505,0.17205534984832851,0.060870155243420945,200.0,92.08150863943192,-209.98152263943192,-1.4,-1.0,-11.2,0.0,0.0,-29.5,-9.0,-3.5,-6.1,-5.5,-14.9
1584,10796747.90753175,37,4.218477360568073,65.78150863943192,548.6177820528621,1,6.435463857314971e-05,0.7670642368688706,0.17206885343339756,0.06086690969773185,200.0,92.08150863943192,-209.98152263943192,-1.4,-1.0,-11.2,0.0,0.0,-29.5,-9.0,-3.5,-6.1,-5.5,-14.9
1585,10796747.90753175,38,4.218477360568073,65.78150863943192,548.6177820528621,1,6.435463857314971e-05,0.767054465107285,0.17208222633256634,0.06086330856014867,200.0,92.08150863943192,-209.98152263943192,-1.4,-1.0,-11.2,0.0,0.0,-29.5,-9.0,-3.5,-6.1,-5.5,-14.9
1586,10796747.90753175,39,4.218477360568073,65.78150863943192,548.6177820528621,1,6.435463857314971e-05,0.7670457723166456,0.17209485882358203,0.06085936885977233,200.0,92.08150863943192,-209.98152263943192,-1.4,-1.0,-11.2,0.0,0.0,-29.5,-9.0,-3.5,-6.1,-5.5,-14.9
1587,10796747.90753175,40,4.218477360568073,65.78150863943192,548.6177820528621,1,6.435463857314971e-05,0.7670368700726928,0.17210801846087184,0.06085511146643531,200.0,92.08150863943192,-209.98152263943192,-1.4,-1.0,-11.2,0.0,0.0,-29.5,-9.0,-3.5,-6.1,-5.5,-14.9
1588,10796747.90753175,41,4.218477360568073,65.78150863943192,548.6177820528621,1,6.435463857314971e-05,0.7670271554004178,0.17212168263262778,0.06085116196695449,200.0,92.08150863943192,-209.98152263943192,-1.4,-1.0,-11.2,0.0,0.0,-29.5,-9.0,-3.5,-6.1,-5.5,-14.9
1589,10796747.90753175,42,4.218477360568073,65.78150863943192,548.6177820528621,1,6.435463857314971e-05,0.7670203646469004,0.17213274681343047,0.06084688853966915,200.0,92.08150863943192,-209.98152263943192,-1.4,-1.0,-11.2,0.0,0.0,-29.5,-9.0,-3.5,-6.1,-5.5,-14.9
1590,10796747.90753175,43,4.218477360568073,65.78150863943192,548.6177820528621,1,6.435463857314971e-05,0.7670126616862791,0.17214320081578638,0.06084413749793456,200.0,92.08150863943192,-209.98152263943192,-1.4,-1.0,-11.2,0.0,0.0,-29.5,-9.0,-3.5,-6.1,-5.5,-14.9
1591,10796747.90753175,44,4.218477360568073,65.78150863943192,548.6177820528621,1,6.435463857314971e-05,0.7670059346146798,0.17215245169135537,0.06084161369396482,200.0,92.08150863943192,-209.98152263943192,-1.4,-1.0,-11.2,0.0,0.0,-29.5,-9.0,-3.5,-6.1,-5.5,-14.9
1592,10796747.90753175,45,4.218477360568073,65.78150863943192,548.6177820528621,1,6.435463857314971e-05,0.7669989042945221,0.17216178692389147,0.06083930878158639,200.0,92.08150863943192,-209.98152263943192,-1.4,-1.0,-11.2,0.0,0.0,-29.5,-9.0,-3.5,-6.1,-5.5,-14.9
1593,10796747.90753175,46,4.218477360568073,65.78150863943192,548.6177820528621,1,6.435463857314971e-05,0.7669922010983545,0.17217058875743746,0.06083721014420809,200.0,92.08150863943192,-209.98152263943192,-1.4,-1.0,-11.2,0.0,0.0,-29.5,-9.0,-3.5,-6.1,-5.5,-14.9
1594,10796747.90753175,47,4.218477360568073,65.78150863943192,548.6177820528621,1,6.435463857314971e-05,0.7669851946296107,0.17217949645657035,0.06083530891381898,200.0,92.08150863943192,-209.98152263943192,-1.4,-1.0,-11.2,0.0,0.0,-29.5,-9.0,-3.5,-6.1,-5.5,-14.9
1595,10796747.90753175,48,4.218477360568073,65.78150863943192,548.6177820528621,1,6.435463857314971e-05,0.7669754512008846,0.17218913068979033,0.060835418109324996,200.0,92.08150863943192,-209.98152263943192,-1.4,-1.0,-11.2,0.0,0.0,-29.5,-9.0,-3.5,-6.1,-5.5,-14.9
1596,10796747.90753175,49,4.218477360568073,65.78150863943192,548.6177820528621,1,6.435463857314971e-05,0.7669637186906275,0.1722006637149977,0.0608356175943748,200.0,92.08150863943192,-209.98152263943192,-1.4,-1.0,-11.2,0.0,0.0,-29.5,-9.0,-3.5,-6.1,-5.5,-14.9
1597,10796747.90753175,0,4.218477360568073,65.78150863943192,548.6177820528621,1,6.435463857314971e-05,0.7669525523245682,0.17221155101805127,0.0608358966573806,200.0,92.08150863943192,-209.98152263943192,-1.4,-1.0,-11.2,0.0,0.0,-29.5,-9.0,-3.5,-6.1,-5.5,-14.9
1598,10796747.90753175,1,4.218477360568073,65.78150863943192,548.6177820528621,1,6.435463857314971e-05,0.7669425327732633,0.1722224269560558,0.06083504027068089,200.0,92.08150863943192,-209.98152263943192,-1.4,-1.0,-11.2,0.0,0.0,-29.5,-9.0,-3.5,-6.1,-5.5,-14.9
1599,10796747.90753175,2,4.218477360568073,65.78150863943192,548.6177820528621,1,6.435463857314971e-05,0.7669360586661979,0.1722284235154787,0.0608355178183234,200.0,92.08150863943192,-209.98152263943192,-1.4,-1.0,-11.2,0.0,0.0,-29.5,-9.0,-3.5,-6.1,-5.5,-14.9
1600,10796747.90753175,3,4.218477360568073,65.78150863943192,548.6177820528621,1,6.435463857314971e-05,0.7669311106984844,0.17223162283191584,0.0608372664695998,200.0,92.08150863943192,-209.98152263943192,-1.4,-1.0,-11.2,0.0,0.0,-29.5,-9.0,-3.5,-6.1,-5.5,-14.9
1601,10796747.90753175,4,4.218477360568073,65.78150863943192,548.6177820528621,1,6.435463857314971e-05,0.7669239416757485,0.17223703597051696,0.06083902235373452,200.0,92.08150863943192,-209.98152263943192,-1.4,-1.0,-11.2,0.0,0.0,-29.5,-9.0,-3.5,-6.1,-5.5,-14.9
1602,10796747.90753175,5,4.218477360568073,65.78150863943192,548.6177820528621,1,6.435463857314971e-05,0.7669189408838428,0.1722408888546305,0.060840170261526744,200.0,92.08150863943192,-209.98152263943192,-1.4,-1.0,-11.2,0.0,0.0,-29.5,-9.0,-3.5,-6.1,-5.5,-14.9
1603,10796747.90753175,6,4.218477360568073,65.78150863943192,548.6177820528621,1,6.435463857314971e-05,0.7669172189141056,0.17224083612657015,0.0608419449593243,200.0,92.08150863943192,-209.98152263943192,-1.4,-1.0,-11.2,0.0,0.0,-29.5,-9.0,-3.5,-6.1,-5.5,-14.9
1604,10796747.90753175,7,4.218477360568073,65.78150863943192,548.6177820528621,1,6.435463857314971e-05,0.7669137289911783,0.17224194383733393,0.060844327171487876,200.0,92.08150863943192,-209.98152263943192,-1.4,-1.0,-11.2,0.0,0.0,-29.5,-9.0,-3.5,-6.1,-5.5,-14.9
1605,10796747.90753175,8,4.218477360568073,65.78150863943192,548.6177820528621,1,6.435463857314971e-05,0.7669109990459718,0.17224232459146485,0.060846676362563384,200.0,92.08150863943192,-209.98152263943192,-1.4,-1.0,-11.2,0.0,0.0,-29.5,-9.0,-3.5,-6.1,-5.5,-14.9
1606,10796747.90753175,9,4.218477360568073,65.78150863943192,548.6177820528621,1,6.435463857314971e-05,0.7669114255399315,0.17224018945956138,0.060848385000507155,200.0,92.08150863943192,-209.98152263943192,-1.4,-1.0,-11.2,0.0,0.0,-29.5,-9.0,-3.5,-6.1,-5.5,-14.9
1607,10796747.90753175,10,4.218477360568073,65.78150863943192,548.6177820528621,1,6.435463857314971e-05,0.7669087621901329,0.17223992892115716,0.06085130888870991,200.0,92.08150863943192,-209.98152263943192,-1.4,-1.0,-11.2,0.0,0.0,-29.5,-9.0,-3.5,-6.1,-5.5,-14.9
1608,10796747.90753175,11,4.218477360568073,65.78150863943192,548.6177820528621,1,6.435463857314971e-05,0.7669049913667568,0.17224083186524708,0.06085417676799607,200.0,92.08150863943192,-209.98152263943192,-1.4,-1.0,-11.2,0.0,0.0,-29.5,-9.0,-3.5,-6.1,-5.5,-14.9
1609,10796747.90753175,12,4.218477360568073,65.78150863943192,548.6177820528621,1,6.435463857314971e-05,0.7669001697675385,0.1722428389245065,0.060856991307954994,200.0,92.08150863943192,-209.98152263943192,-1.4,-1.0,-11.2,0.0,0.0,-29.5,-9.0,-3.5,-6.1,-5.5,-14.9
1610,10796747.90753175,13,4.218477360568073,65.78150863943192,548.6177820528621,1,6.435463857314971e-05,0.7668961738653247,0.17224527864326433,0.06085854749141101,200.0,92.08150863943192,-209.98152263943192,-1.4,-1.0,-11.2,0.0,0.0,-29.5,-9.0,-3.5,-6.1,-5.5,-14.9
1611,10796747.90753175,14,4.218477360568073,65.78150863943192,548.6177820528621,1,6.435463857314971e-05,0.7668929616438384,0.17224752742566563,0.06085951093049602,200.0,92.08150863943192,-209.98152263943192,-1.4,-1.0,-11.2,0.0,0.0,-29.5,-9.0,-3.5,-6.1,-5.5,-14.9
1612,10796747.90753175,15,4.218477360568073,65.78150863943192,548.6177820528621,1,6.435463857314971e-05,0.7668886710383732,0.1722520122428467,0.060859316718780074,200.0,92.08150863943192,-209.98152263943192,-1.4,-1.0,-11.2,0.0,0.0,-29.5,-9.0,-3.5,-6.1,-5.5,-14.9
1613,10796747.90753175,16,4.218477360568073,65.78150863943192,548.6177820528621,1,6.435463857314971e-05,0.7668845735159894,0.172255606406935,0.06085982007707563,200.0,92.08150863943192,-209.98152263943192,-1.4,-1.0,-11.2,0.0,0.0,-29.5,-9.0,-3.5,-6.1,-5.5,-14.9
1614,10796747.90753175,17,4.218477360568073,65.78150863943192,548.6177820528621,1,6.435463857314971e-05,0.7668806591321424,0.17225835530808578,0.06086098555977176,200.0,92.08150863943192,-209.98152263943192,-1.4,-1.0,-11.2,0.0,0.0,-29.5,-9.0,-3.5,-6.1,-5.5,-14.9
1615,10796747.90753175,18,4.218477360568073,65.78150863943192,548.6177820528621,1,6.435463857314971e-05,0.7668757069813139,0.17226091079573785,0.06086338222294823,200.0,92.08150863943192,-209.98152263943192,-1.4,-1.0,-11.2,0.0,0.0,-29.5,-9.0,-3.5,-6.1,-5.5,-14.9
1616,10796747.90753175,19,4.218477360568073,65.78150863943192,548.6177820528621,1,6.435463857314971e-05,0.7668746125876185,0.17226084952091497,0.060864537891466564,200.0,92.08150863943192,-209.98152263943192,-1.4,-1.0,-11.2,0.0,0.0,-29.5,-9.0,-3.5,-6.1,-5.5,-14.9
1617,10796747.90753175,20,4.218477360568073,65.78150863943192,548.6177820528621,1,6.435463857314971e-05,0.7668729421428172,0.1722631282604327,0.06086392959675007,200.0,92.08150863943192,-209.98152263943192,-1.4,-1.0,-11.2,0.0,0.0,-29.5,-9.0,-3.5,-6.1,-5.5,-14.9
1618,10796747.90753175,21,4.218477360568073,65.78150863943192,548.6177820528621,1,6.435463857314971e-05,0.7668695183312702,0.17226643957039936,0.060864042098330434,200.0,92.08150863943192,-209.98152263943192,-1.4,-1.0,-11.2,0.0,0.0,-29.5,-9.0,-3.5,-6.1,-5.5,-14.9
1619,10796747.90753175,22,4.218477360568073,65.78150863943192,548.6177820528621,1,6.435463857314971e-05,0.7668632213429538,0.172271936863971,0.06086484179307517,200.0,92.08150863943192,-209.98152263943192,-1.4,-1.0,-11.2,0.0,0.0,-29.5,-9.0,-3.5,-6.1,-5.5,-14.9
1620,10796747.90753175,23,4.218477360568073,65.78150863943192,548.6177820528621,1,6.435463857314971e-05,0.7668584252731762,0.17227708350965965,0.06086449121716423,200.0,92.08150863943192,-209.98152263943192,-1.4,-1.0,-11.2,0.0,0.0,-29.5,-9.0,-3.5,-6.1,-5.5,-14.9
1621,10796747.90753175,24,4.218477360568073,65.78150863943192,548.6177820528621,1,6.435463857314971e-05,0.7668526398888914,0.17228311123069753,0.060864248880411094,200.0,92.08150863943192,-209.98152263943192,-1.4,-1.0,-11.2,0.0,0.0,-29.5,-9.0,-3.5,-6.1,-5.5,-14.9
1622,10796747.90753175,25,4.218477360568073,65.78150863943192,548.6177820528621,1,6.435463857314971e-05,0.7668471257083118,0.17228757496033434,0.06086529933135384,200.0,92.08150863943192,-209.98152263943192,-1.4,-1.0,-11.2,0.0,0.0,-29.5,-9.0,-3.5,-6.1,-5.5,-14.9
1623,10796747.90753175,26,4.218477360568073,65.78150863943192,548.6177820528621,1,6.435463857314971e-05,0.7668406612237587,0.17229235516027328,0.06086698361596807,200.0,92.08150863943192,-209.98152263943192,-1.4,-1.0,-11.2,0.0,0.0,-29.5,-9.0,-3.5,-6.1,-5.5,-14.9
1624,10796747.90753175,27,4.218477360568073,65.78150863943192,548.6177820528621,1,6.435463857314971e-05,0.7668320860347657,0.17230043016623153,0.06086748379900278,200.0,92.08150863943192,-209.98152263943192,-1.4,-1.0,-11.2,0.0,0.0,-29.5,-9.0,-3.5,-6.1,-5.5,-14.9
1625,10796747.90753175,28,4.218477360568073,65.78150863943192,548.6177820528621,1,6.435463857314971e-05,0.7668263325978399,0.17230562737293215,0.06086804002922799,200.0,92.08150863943192,-209.98152263943192,-1.4,-1.0,-11.2,0.0,0.0,-29.5,-9.0,-3.5,-6.1,-5.5,-14.9
1626,10796747.90753175,29,4.218477360568073,65.78150863943192,548.6177820528621,1,6.435463857314971e-05,0.7668178366686139,0.17231290533616805,0.060869257995218064,200.0,92.08150863943192,-209.98152263943192,-1.4,-1.0,-11.2,0.0,0.0,-29.5,-9.0,-3.5,-6.1,-5.5,-14.9
1627,10796747.90753175,30,4.218477360568073,65.78150863943192,548.6177820528621,1,6.435463857314971e-05,0.7668133586005839,0.17231674376709688,0.060869897632319224,200.0,92.08150863943192,-209.98152263943192,-1.4,-1.0,-11.2,0.0,0.0,-29.5,-9.0,-3.5,-6.1,-5.5,-14.9
1628,10796747.90753175,31,4.218477360568073,65.78150863943192,548.6177820528621,1,6.435463857314971e-05,0.7668078833392858,0.17232033224464705,0.06087178441606709,200.0,92.08150863943192,-209.98152263943192,-1.4,-1.0,-11.2,0.0,0.0,-29.5,-9.0,-3.5,-6.1,-5.5,-14.9
1629,10796747.90753175,32,4.218477360568073,65.78150863943192,548.6177820528621,1,6.435463857314971e-05,0.7668026627288411,0.17232367453074587,0.06087366274041306,200.0,92.08150863943192,-209.98152263943192,-1.4,-1.0,-11.2,0.0,0.0,-29.5,-9.0,-3.5,-6.1,-5.5,-14.9
1630,10796747.90753175,33,4.218477360568073,65.78150863943192,548.6177820528621,1,6.435463857314971e-05,0.7667952808886784,0.17232918027400193,0.06087553883731965,200.0,92.08150863943192,-209.98152263943192,-1.4,-1.0,-11.2,0.0,0.0,-29.5,-9.0,-3.5,-6.1,-5.5,-14.9
1631,10796747.90753175,34,4.218477360568073,65.78150863943192,548.6177820528621,1,6.435463857314971e-05,0.7667882505686923,0.17233434262510217,0.06087740680620558,200.0,92.08150863943192,-209.98152263943192,-1.4,-1.0,-11.2,0.0,0.0,-29.5,-9.0,-3.5,-6.1,-5.5,-14.9
1632,10796747.90753175,35,4.218477360568073,65.78150863943192,548.6177820528621,1,6.435463857314971e-05,0.7667803545129862,0.1723397818488924,0.06087986363812136,200.0,92.08150863943192,-209.98152263943192,-1.4,-1.0,-11.2,0.0,0.0,-29.5,-9.0,-3.5,-6.1,-5.5,-14.9
1633,10796747.90753175,36,4.218477360568073,65.78150863943192,548.6177820528621,1,6.435463857314971e-05,0.7667740346002482,0.17234487219384734,0.060881093205904444,200.0,92.08150863943192,-209.98152263943192,-1.4,-1.0,-11.2,0.0,0.0,-29.5,-9.0,-3.5,-6.1,-5.5,-14.9
1634,10796747.90753175,37,4.218477360568073,65.78150863943192,548.6177820528621,1,6.435463857314971e-05,0.7667656135619008,0.1723526263406362,0.06088176009746299,200.0,92.08150863943192,-209.98152263943192,-1.4,-1.0,-11.2,0.0,0.0,-29.5,-9.0,-3.5,-6.1,-5.5,-14.9
1635,10796747.90753175,38,4.218477360568073,65.78150863943192,548.6177820528621,1,6.435463857314971e-05,0.7667593966110458,0.17235753577586077,0.06088306761309353,200.0,92.08150863943192,-209.98152263943192,-1.4,-1.0,-11.2,0.0,0.0,-29.5,-9.0,-3.5,-6.1,-5.5,-14.9
1636,10796747.90753175,39,4.218477360568073,65.78150863943192,548.6177820528621,1,6.435463857314971e-05,0.766752273212736,0.17236451246877182,0.060883214318492154,200.0,92.08150863943192,-209.98152263943192,-1.4,-1.0,-11.2,0.0,0.0,-29.5,-9.0,-3.5,-6.1,-5.5,-14.9
1637,10796747.90753175,40,4.218477360568073,65.78150863943192,548.6177820528621,1,6.435463857314971e-05,0.7667460850629992,0.17237165892897596,0.06088225600802477,200.0,92.08150863943192,-209.98152263943192,-1.4,-1.0,-11.2,0.0,0.0,-29.5,-9.0,-3.5,-6.1,-5.5,-14.9
1638,10796747.90753175,41,4.218477360568073,65.78150863943192,548.6177820528621,1,6.435463857314971e-05,0.7667372011736677,0.17238017783301152,0.06088262099332071,200.0,92.08150863943192,-209.98152263943192,-1.4,-1.0,-11.2,0.0,0.0,-29.5,-9.0,-3.5,-6.1,-5.5,-14.9
1639,10796747.90753175,42,4.218477360568073,65.78150863943192,548.6177820528621,1,6.435463857314971e-05,0.7667275503530406,0.1723893932570793,0.06088305638988002,200.0,92.08150863943192,-209.98152263943192,-1.4,-1.0,-11.2,0.0,0.0,-29.5,-9.0,-3.5,-6.1,-5.5,-14.9
1640,10796747.90753175,43,4.218477360568073,65.78150863943192,548.6177820528621,1,6.435463857314971e-05,0.7667153798887857,0.1724004669050141,0.060884153206200255,200.0,92.08150863943192,-209.98152263943192,-1.4,-1.0,-11.2,0.0,0.0,-29.5,-9.0,-3.5,-6.1,-5.5,-14.9
1641,10796747.90753175,44,4.218477360568073,65.78150863943192,548.6177820528621,1,6.435463857314971e-05,0.7667008141668309,0.17241448881269386,0.0608846970204753,200.0,92.08150863943192,-209.98152263943192,-1.4,-1.0,-11.2,0.0,0.0,-29.5,-9.0,-3.5,-6.1,-5.5,-14.9
1642,10796747.90753175,45,4.218477360568073,65.78150863943192,548.6177820528621,1,6.435463857314971e-05,0.7666851794593605,0.17242774695322227,0.06088707358741717,200.0,92.08150863943192,-209.98152263943192,-1.4,-1.0,-11.2,0.0,0.0,-29.5,-9.0,-3.5,-6.1,-5.5,-14.9
1643,10796747.90753175,46,4.218477360568073,65.78150863943192,548.6177820528621,1,6.435463857314971e-05,0.7666703133283271,0.17244145070152084,0.0608882359701521,200.0,92.08150863943192,-209.98152263943192,-1.4,-1.0,-11.2,0.0,0.0,-29.5,-9.0,-3.5,-6.1,-5.5,-14.9
1644,10796747.90753175,47,4.218477360568073,65.78150863943192,548.6177820528621,1,6.435463857314971e-05,0.7666567784345208,0.17245379761460214,0.060889423950877014,200.0,92.08150863943192,-209.98152263943192,-1.4,-1.0,-11.2,0.0,0.0,-29.5,-9.0,-3.5,-6.1,-5.5,-14.9
1645,10796747.90753175,48,4.218477360568073,65.78150863943192,548.6177820528621,1,6.435463857314971e-05,0.7666439107886521,0.17246545174220002,0.060890637469147815,200.0,92.08150863943192,-209.98152263943192,-1.4,-1.0,-11.2,0.0,0.0,-29.5,-9.0,-3.5,-6.1,-5.5,-14.9
1646,10796747.90753175,49,4.218477360568073,65.78150863943192,548.6177820528621,1,6.435463857314971e-05,0.7666328713095416,0.17247466738436465,0.060892461306093756,200.0,92.08150863943192,-209.98152263943192,-1.4,-1.0,-11.2,0.0,0.0,-29.5,-9.0,-3.5,-6.1,-5.5,-14.9
1647,10796747.90753175,0,4.218477360568073,65.78150863943192,548.6177820528621,1,6.435463857314971e-05,0.7666193941004757,0.1724863209211538,0.06089428497837053,200.0,92.08150863943192,-209.98152263943192,-1.4,-1.0,-11.2,0.0,0.0,-29.5,-9.0,-3.5,-6.1,-5.5,-14.9
1648,10796747.90753175,1,4.218477360568073,65.78150863943192,548.6177820528621,1,6.435463857314971e-05,0.7666065803035816,0.1724979060989861,0.06089551359743232,200.0,92.08150863943192,-209.98152263943192,-1.4,-1.0,-11.2,0.0,0.0,-29.5,-9.0,-3.5,-6.1,-5.5,-14.9
1649,10796747.90753175,2,4.218477360568073,65.78150863943192,548.6177820528621,1,6.435463857314971e-05,0.7665949941632233,0.1725082418147928,0.060896764021983914,200.0,92.08150863943192,-209.98152263943192,-1.4,-1.0,-11.2,0.0,0.0,-29.5,-9.0,-3.5,-6.1,-5.5,-14.9
1650,10796747.90753175,3,4.218477360568073,65.78150863943192,548.6177820528621,1,6.435463857314971e-05,0.7665869462996955,0.17251678519789257,0.06089626850241191,200.0,92.08150863943192,-209.98152263943192,-1.4,-1.0,-11.2,0.0,0.0,-29.5,-9.0,-3.5,-6.1,-5.5,-14.9
1651,10796747.90753175,4,4.218477360568073,65.78150863943192,548.6177820528621,1,6.435463857314971e-05,0.7665810734894539,0.17252304742520258,0.06089587908534355,200.0,92.08150863943192,-209.98152263943192,-1.4,-1.0,-11.2,0.0,0.0,-29.5,-9.0,-3.5,-6.1,-5.5,-14.9
1652,10796747.90753175,5,4.218477360568073,65.78150863943192,548.6177820528621,1,6.435463857314971e-05,0.7665772621535496,0.17252773352069473,0.06089500432575572,200.0,92.08150863943192,-209.98152263943192,-1.4,-1.0,-11.2,0.0,0.0,-29.5,-9.0,-3.5,-6.1,-5.5,-14.9
1653,10796747.90753175,6,4.218477360568073,65.78150863943192,548.6177820528621,1,6.435463857314971e-05,0.7665724439781783,0.1725327088974393,0.060894847124382465,200.0,92.08150863943192,-209.98152263943192,-1.4,-1.0,-11.2,0.0,0.0,-29.5,-9.0,-3.5,-6.1,-5.5,-14.9
1654,10796747.90753175,7,4.218477360568073,65.78150863943192,548.6177820528621,1,6.435463857314971e-05,0.7665648906951995,0.172539734253967,0.06089537505083353,200.0,92.08150863943192,-209.98152263943192,-1.4,-1.0,-11.2,0.0,0.0,-29.5,-9.0,-3.5,-6.1,-5.5,-14.9
1655,10796747.90753175,8,4.218477360568073,65.78150863943192,548.6177820528621,1,6.435463857314971e-05,0.7665571119679467,0.17254692552801942,0.0608959625040338,200.0,92.08150863943192,-209.98152263943192,-1.4,-1.0,-11.2,0.0,0.0,-29.5,-9.0,-3.5,-6.1,-5.5,-14.9
1656,10796747.90753175,9,4.218477360568073,65.78150863943192,548.6177820528621,1,6.435463857314971e-05,0.7665514902339657,0.17255190864798192,0.060896601118052326,200.0,92.08150863943192,-209.98152263943192,-1.4,-1.0,-11.2,0.0,0.0,-29.5,-9.0,-3.5,-6.1,-5.5,-14.9
1657,10796747.90753175,10,4.218477360568073,65.78150863943192,548.6177820528621,1,6.435463857314971e-05,0.7665479149433723,0.17255479687282116,0.06089728818380665,200.0,92.08150863943192,-209.98152263943192,-1.4,-1.0,-11.2,0.0,0.0,-29.5,-9.0,-3.5,-6.1,-5.5,-14.9
1658,10796747.90753175,11,4.218477360568073,65.78150863943192,548.6177820528621,1,6.435463857314971e-05,0.7665403658825224,0.17256101509408783,0.06089861902338977,200.0,92.08150863943192,-209.98152263943192,-1.4,-1.0,-11.2,0.0,0.0,-29.5,-9.0,-3.5,-6.1,-5.5,-14.9
1659,10796747.90753175,12,4.218477360568073,65.78150863943192,548.6177820528621,1,6.435463857314971e-05,0.7665331829495813,0.17256743401976457,0.06089938303065418,200.0,92.08150863943192,-209.98152263943192,-1.4,-1.0,-11.2,0.0,0.0,-29.5,-9.0,-3.5,-6.1,-5.5,-14.9
1660,10796747.90753175,13,4.218477360568073,65.78150863943192,548.6177820528621,1,6.435463857314971e-05,0.7665275279715483,0.17257344878597006,0.06089902324248168,200.0,92.08150863943192,-209.98152263943192,-1.4,-1.0,-11.2,0.0,0.0,-29.5,-9.0,-3.5,-6.1,-5.5,-14.9
1661,10796747.90753175,14,4.218477360568073,65.78150863943192,548.6177820528621,1,6.435463857314971e-05,0.7665215548143455,0.17257967777138983,0.06089876741426477,200.0,92.08150863943192,-209.98152263943192,-1.4,-1.0,-11.2,0.0,0.0,-29.5,-9.0,-3.5,-6.1,-5.5,-14.9
1662,10796747.90753175,15,4.218477360568073,65.78150863943192,548.6177820528621,1,6.435463857314971e-05,0.766516461290659,0.17258493107352504,0.06089860763581601,200.0,92.08150863943192,-209.98152263943192,-1.4,-1.0,-11.2,0.0,0.0,-29.5,-9.0,-3.5,-6.1,-5.5,-14.9
1663,10796747.90753175,16,4.218477360568073,65.78150863943192,548.6177820528621,1,6.435463857314971e-05,0.7665098439903574,0.17259102930151665,0.060899126708126035,200.0,92.08150863943192,-209.98152263943192,-1.4,-1.0,-11.2,0.0,0.0,-29.5,-9.0,-3.5,-6.1,-5.5,-14.9
1664,10796747.90753175,17,4.218477360568073,65.78150863943192,548.6177820528621,1,6.435463857314971e-05,0.7665000104339799,0.17259969561052194,0.060900293955498244,200.0,92.08150863943192,-209.98152263943192,-1.4,-1.0,-11.2,0.0,0.0,-29.5,-9.0,-3.5,-6.1,-5.5,-14.9
1665,10796747.90753175,18,4.218477360568073,65.78150863943192,548.6177820528621,1,6.435463857314971e-05,0.766490071911855,0.17260844035228387,0.06090148773586106,200.0,92.08150863943192,-209.98152263943192,-1.4,-1.0,-11.2,0.0,0.0,-29.5,-9.0,-3.5,-6.1,-5.5,-14.9
1666,10796747.90753175,19,4.218477360568073,65.78150863943192,548.6177820528621,1,6.435463857314971e-05,0.7664806214841849,0.17261725492184563,0.06090212359396945,200.0,92.08150863943192,-209.98152263943192,-1.4,-1.0,-11.2,0.0,0.0,-29.5,-9.0,-3.5,-6.1,-5.5,-14.9
1667,10796747.90753175,20,4.218477360568073,65.78150863943192,548.6177820528621,1,6.435463857314971e-05,0.7664681083126067,0.17262732779680642,0.060904563890586925,200.0,92.08150863943192,-209.98152263943192,-1.4,-1.0,-11.2,0.0,0.0,-29.5,-9.0,-3.5,-6.1,-5.5,-14.9
1668,10796747.90753175,21,4.218477360568073,65.78150863943192,548.6177820528621,1,6.435463857314971e-05,0.766456803320855,0.17263681460180824,0.060906382077336806,200.0,92.08150863943192,-209.98152263943192,-1.4,-1.0,-11.2,0.0,0.0,-29.5,-9.0,-3.5,-6.1,-5.5,-14.9
1669,10796747.90753175,22,4.218477360568073,65.78150863943192,548.6177820528621,1,6.435463857314971e-05,0.7664460565569569,0.17264633219915765,0.0609076112438855,200.0,92.08150863943192,-209.98152263943192,-1.4,-1.0,-11.2,0.0,0.0,-29.5,-9.0,-3.5,-6.1,-5.5,-14.9
1670,10796747.90753175,23,4.218477360568073,65.78150863943192,548.6177820528621,1,6.435463857314971e-05,0.7664376096676531,0.17265295123753968,0.06090943909480732,200.0,92.08150863943192,-209.98152263943192,-1.4,-1.0,-11.2,0.0,0.0,-29.5,-9.0,-3.5,-6.1,-5.5,-14.9
1671,10796747.90753175,24,4.218477360568073,65.78150863943192,548.6177820528621,1,6.435463857314971e-05,0.766426637261344,0.1726626786709762,0.060910684067679854,200.0,92.08150863943192,-209.98152263943192,-1.4,-1.0,-11.2,0.0,0.0,-29.5,-9.0,-3.5,-6.1,-5.5,-14.9
1672,10796747.90753175,25,4.218477360568073,65.78150863943192,548.6177820528621,1,6.435463857314971e-05,0.7664156218094261,0.1726724272220437,0.06091195096853025,200.0,92.08150863943192,-209.98152263943192,-1.4,-1.0,-11.2,0.0,0.0,-29.5,-9.0,-3.5,-6.1,-5.5,-14.9
1673,10796747.90753175,26,4.218477360568073,65.78150863943192,548.6177820528621,1,6.435463857314971e-05,0.7664051603160615,0.17267986234106592,0.06091497734287264,200.0,92.08150863943192,-209.98152263943192,-1.4,-1.0,-11.2,0.0,0.0,-29.5,-9.0,-3.5,-6.1,-5.5,-14.9
1674,10796747.90753175,27,4.218477360568073,65.78150863943192,548.6177820528621,1,6.435463857314971e-05,0.7663958011754322,0.17268742536126985,0.06091677346329786,200.0,92.08150863943192,-209.98152263943192,-1.4,-1.0,-11.2,0.0,0.0,-29.5,-9.0,-3.5,-6.1,-5.5,-14.9
1675,10796747.90753175,28,4.218477360568073,65.78150863943192,548.6177820528621,1,6.435463857314971e-05,0.7663874879547842,0.17269510920446599,0.06091740284074984,200.0,92.08150863943192,-209.98152263943192,-1.4,-1.0,-11.2,0.0,0.0,-29.5,-9.0,-3.5,-6.1,-5.5,-14.9
1676,10796747.90753175,29,4.218477360568073,65.78150863943192,548.6177820528621,1,6.435463857314971e-05,0.7663819353929338,0.1726988284805638,0.060919236126502435,200.0,92.08150863943192,-209.98152263943192,-1.4,-1.0,-11.2,0.0,0.0,-29.5,-9.0,-3.5,-6.1,-5.5,-14.9
1677,10796747.90753175,30,4.218477360568073,65.78150863943192,548.6177820528621,1,6.435463857314971e-05,0.7663772420804508,0.17270112057404405,0.06092163734550524,200.0,92.08150863943192,-209.98152263943192,-1.4,-1.0,-11.2,0.0,0.0,-29.5,-9.0,-3.5,-6.1,-5.5,-14.9
1678,10796747.90753175,31,4.218477360568073,65.78150863943192,548.6177820528621,1,6.435463857314971e-05,0.7663751127408797,0.17270262651889048,0.06092226074022984,200.0,92.08150863943192,-209.98152263943192,-1.4,-1.0,-11.2,0.0,0.0,-29.5,-9.0,-3.5,-6.1,-5.5,-14.9
1679,10796747.90753175,32,4.218477360568073,65.78150863943192,548.6177820528621,1,6.435463857314971e-05,0.7663701619198848,0.17270574071340014,0.0609240973667151,200.0,92.08150863943192,-209.98152263943192,-1.4,-1.0,-11.2,0.0,0.0,-29.5,-9.0,-3.5,-6.1,-5.5,-14.9
1680,10796747.90753175,33,4.218477360568073,65.78150863943192,548.6177820528621,1,6.435463857314971e-05,0.7663637007946182,0.1727097936718429,0.060926505533538955,200.0,92.08150863943192,-209.98152263943192,-1.4,-1.0,-11.2,0.0,0.0,-29.5,-9.0,-3.5,-6.1,-5.5,-14.9
1681,10796747.90753175,34,4.218477360568073,65.78150863943192,548.6177820528621,1,6.435463857314971e-05,0.766356973733701,0.1727141502560766,0.06092887601022243,200.0,92.08150863943192,-209.98152263943192,-1.4,-1.0,-11.2,0.0,0.0,-29.5,-9.0,-3.5,-6.1,-5.5,-14.9
1682,10796747.90753175,35,4.218477360568073,65.78150863943192,548.6177820528621,1,6.435463857314971e-05,0.7663511627553906,0.1727176291280163,0.060931208116593055,200.0,92.08150863943192,-209.98152263943192,-1.4,-1.0,-11.2,0.0,0.0,-29.5,-9.0,-3.5,-6.1,-5.5,-14.9
1683,10796747.90753175,36,4.218477360568073,65.78150863943192,548.6177820528621,1,6.435463857314971e-05,0.7663473907121543,0.1727179539304553,0.06093465535739047,200.0,92.08150863943192,-209.98152263943192,-1.4,-1.0,-11.2,0.0,0.0,-29.5,-9.0,-3.5,-6.1,-5.5,-14.9
1684,10796747.90753175,37,4.218477360568073,65.78150863943192,548.6177820528621,1,6.435463857314971e-05,0.7663443857815743,0.17271645032874774,0.06093916388967784,200.0,92.08150863943192,-209.98152263943192,-1.4,-1.0,-11.2,0.0,0.0,-29.5,-9.0,-3.5,-6.1,-5.5,-14.9
1685,10796747.90753175,38,4.218477360568073,65.78150863943192,548.6177820528621,1,6.435463857314971e-05,0.7663409427897171,0.17271495191762293,0.06094410529265998,200.0,92.08150863943192,-209.98152263943192,-1.4,-1.0,-11.2,0.0,0.0,-29.5,-9.0,-3.5,-6.1,-5.5,-14.9
1686,10796747.90753175,39,4.218477360568073,65.78150863943192,548.6177820528621,1,6.435463857314971e-05,0.7663341729611286,0.1727163633065026,0.060949463732368855,200.0,92.08150863943192,-209.98152263943192,-1.4,-1.0,-11.2,0.0,0.0,-29.5,-9.0,-3.5,-6.1,-5.5,-14.9
1687,10796747.90753175,40,4.218477360568073,65.78150863943192,548.6177820528621,1,6.435463857314971e-05,0.7663265737233698,0.17271879049443575,0.060954635782194504,200.0,92.08150863943192,-209.98152263943192,-1.4,-1.0,-11.2,0.0,0.0,-29.5,-9.0,-3.5,-6.1,-5.5,-14.9
1688,10796747.90753175,41,4.218477360568073,65.78150863943192,548.6177820528621,1,6.435463857314971e-05,0.7663176058231751,0.17272276230479425,0.06095963187203064,200.0,92.08150863943192,-209.98152263943192,-1.4,-1.0,-11.2,0.0,0.0,-29.5,-9.0,-3.5,-6.1,-5.5,-14.9
1689,10796747.90753175,42,4.218477360568073,65.78150863943192,548.6177820528621,1,6.435463857314971e-05,0.7663108283769308,0.17272529443878568,0.06096387718428361,200.0,92.08150863943192,-209.98152263943192,-1.4,-1.0,-11.2,0.0,0.0,-29.5,-9.0,-3.5,-6.1,-5.5,-14.9
1690,10796747.90753175,43,4.218477360568073,65.78150863943192,548.6177820528621,1,6.435463857314971e-05,0.7663043841238856,0.17272935286193192,0.060966263014182565,200.0,92.08150863943192,-209.98152263943192,-1.4,-1.0,-11.2,0.0,0.0,-29.5,-9.0,-3.5,-6.1,-5.5,-14.9
1691,10796747.90753175,44,4.218477360568073,65.78150863943192,548.6177820528621,1,6.435463857314971e-05,0.7663005769139627,0.1727331161466032,0.06096630693943409,200.0,92.08150863943192,-209.98152263943192,-1.4,-1.0,-11.2,0.0,0.0,-29.5,-9.0,-3.5,-6.1,-5.5,-14.9
1692,10796747.90753175,45,4.218477360568073,65.78150863943192,548.6177820528621,1,6.435463857314971e-05,0.7662992742759038,0.17273544786155076,0.06096527786254549,200.0,92.08150863943192,-209.98152263943192,-1.4,-1.0,-11.2,0.0,0.0,-29.5,-9.0,-3.5,-6.1,-5.5,-14.9
1693,10796747.90753175,46,4.218477360568073,65.78150863943192,548.6177820528621,1,6.435463857314971e-05,0.7662962904804308,0.17273932397770034,0.06096438554186886,200.0,92.08150863943192,-209.98152263943192,-1.4,-1.0,-11.2,0.0,0.0,-29.5,-9.0,-3.5,-6.1,-5.5,-14.9
1694,10796747.90753175,47,4.218477360568073,65.78150863943192,548.6177820528621,1,6.435463857314971e-05,0.7662951910832683,0.1727411932306404,0.06096361568609132,200.0,92.08150863943192,-209.98152263943192,-1.4,-1.0,-11.2,0.0,0.0,-29.5,-9.0,-3.5,-6.1,-5.5,-14.9
1695,10796747.90753175,48,4.218477360568073,65.78150863943192,548.6177820528621,1,6.435463857314971e-05,0.7662947185660041,0.1727428891615157,0.06096239227248025,200.0,92.08150863943192,-209.98152263943192,-1.4,-1.0,-11.2,0.0,0.0,-29.5,-9.0,-3.5,-6.1,-5.5,-14.9
1696,10796747.90753175,49,4.218477360568073,65.78150863943192,548.6177820528621,1,6.435463857314971e-05,0.76629426578252,0.1727438505930277,0.06096188362445226,200.0,92.08150863943192,-209.98152263943192,-1.4,-1.0,-11.2,0.0,0.0,-29.5,-9.0,-3.5,-6.1,-5.5,-14.9
1697,10796747.90753175,0,4.218477360568073,65.78150863943192,548.6177820528621,1,6.435463857314971e-05,0.7662932490292856,0.1727458397065826,0.06096091126413178,200.0,92.08150863943192,-209.98152263943192,-1.4,-1.0,-11.2,0.0,0.0,-29.5,-9.0,-3.5,-6.1,-5.5,-14.9
1698,10796747.90753175,1,4.218477360568073,65.78150863943192,548.6177820528621,1,6.435463857314971e-05,0.7662916944182648,0.17274937743803212,0.060958928143703045,200.0,92.08150863943192,-209.98152263943192,-1.4,-1.0,-11.2,0.0,0.0,-29.5,-9.0,-3.5,-6.1,-5.5,-14.9
1699,10796747.90753175,2,4.218477360568073,65.78150863943192,548.6177820528621,1,6.435463857314971e-05,0.7662890627004347,0.1727520961952044,0.06095884110436093,200.0,92.08150863943192,-209.98152263943192,-1.4,-1.0,-11.2,0.0,0.0,-29.5,-9.0,-3.5,-6.1,-5.5,-14.9
1700,10796747.90753175,3,4.218477360568073,65.78150863943192,548.6177820528621,1,6.435463857314971e-05,0.7662871339396837,0.17275459860648523,0.060958267453831004,200.0,92.08150863943192,-209.98152263943192,-1.4,-1.0,-11.2,0.0,0.0,-29.5,-9.0,-3.5,-6.1,-5.5,-14.9
1701,10796747.90753175,4,4.218477360568073,65.78150863943192,548.6177820528621,1,6.435463857314971e-05,0.7662829904028461,0.17275806002720379,0.06095894956995018,200.0,92.08150863943192,-209.98152263943192,-1.4,-1.0,-11.2,0.0,0.0,-29.5,-9.0,-3.5,-6.1,-5.5,-14.9
1702,10796747.90753175,5,4.218477360568073,65.78150863943192,548.6177820528621,1,6.435463857314971e-05,0.7662790440486831,0.17276298825915176,0.06095796769216512,200.0,92.08150863943192,-209.98152263943192,-1.4,-1.0,-11.2,0.0,0.0,-29.5,-9.0,-3.5,-6.1,-5.5,-14.9
1703,10796747.90753175,6,4.218477360568073,65.78150863943192,548.6177820528621,1,6.435463857314971e-05,0.7662741397590624,0.1727681720116855,0.060957688229252016,200.0,92.08150863943192,-209.98152263943192,-1.4,-1.0,-11.2,0.0,0.0,-29.5,-9.0,-3.5,-6.1,-5.5,-14.9
1704,10796747.90753175,7,4.218477360568073,65.78150863943192,548.6177820528621,1,6.435463857314971e-05,0.7662671726794827,0.1727747494300885,0.06095807789042877,200.0,92.08150863943192,-209.98152263943192,-1.4,-1.0,-11.2,0.0,0.0,-29.5,-9.0,-3.5,-6.1,-5.5,-14.9
1705,10796747.90753175,8,4.218477360568073,65.78150863943192,548.6177820528621,1,6.435463857314971e-05,0.7662582480301724,0.1727826493122755,0.06095910265755212,200.0,92.08150863943192,-209.98152263943192,-1.4,-1.0,-11.2,0.0,0.0,-29.5,-9.0,-3.5,-6.1,-5.5,-14.9
1706,10796747.90753175,9,4.218477360568073,65.78150863943192,548.6177820528621,1,6.435463857314971e-05,0.7662486228201282,0.17278950995725714,0.06096186722261476,200.0,92.08150863943192,-209.98152263943192,-1.4,-1.0,-11.2,0.0,0.0,-29.5,-9.0,-3.5,-6.1,-5.5,-14.9
1707,10796747.90753175,10,4.218477360568073,65.78150863943192,548.6177820528621,1,6.435463857314971e-05,0.7662394733094483,0.17279766172087596,0.060962864969675734,200.0,92.08150863943192,-209.98152263943192,-1.4,-1.0,-11.2,0.0,0.0,-29.5,-9.0,-3.5,-6.1,-5.5,-14.9
1708,10796747.90753175,11,4.218477360568073,65.78150863943192,548.6177820528621,1,6.435463857314971e-05,0.7662336584549494,0.1728030230381225,0.060963318506928175,200.0,92.08150863943192,-209.98152263943192,-1.4,-1.0,-11.2,0.0,0.0,-29.5,-9.0,-3.5,-6.1,-5.5,-14.9
1709,10796747.90753175,12,4.218477360568073,65.78150863943192,548.6177820528621,1,6.435463857314971e-05,0.7662269825799842,0.1728091855821162,0.06096383183789965,200.0,92.08150863943192,-209.98152263943192,-1.4,-1.0,-11.2,0.0,0.0,-29.5,-9.0,-3.5,-6.1,-5.5,-14.9
1710,10796747.90753175,13,4.218477360568073,65.78150863943192,548.6177820528621,1,6.435463857314971e-05,0.7662252370699367,0.17281094040959052,0.060963822520472784,200.0,92.08150863943192,-209.98152263943192,-1.4,-1.0,-11.2,0.0,0.0,-29.5,-9.0,-3.5,-6.1,-5.5,-14.9
1711,10796747.90753175,14,4.218477360568073,65.78150863943192,548.6177820528621,1,6.435463857314971e-05,0.7662241501020796,0.17281195713408232,0.0609638927638381,200.0,92.08150863943192,-209.98152263943192,-1.4,-1.0,-11.2,0.0,0.0,-29.5,-9.0,-3.5,-6.1,-5.5,-14.9
1712,10796747.90753175,15,4.218477360568073,65.78150863943192,548.6177820528621,1,6.435463857314971e-05,0.7662219660398709,0.17281399188949997,0.060964042070629186,200.0,92.08150863943192,-209.98152263943192,-1.4,-1.0,-11.2,0.0,0.0,-29.5,-9.0,-3.5,-6.1,-5.5,-14.9
1713,10796747.90753175,16,4.218477360568073,65.78150863943192,548.6177820528621,1,6.435463857314971e-05,0.7662181691435394,0.1728169965219548,0.06096483433450592,200.0,92.08150863943192,-209.98152263943192,-1.4,-1.0,-11.2,0.0,0.0,-29.5,-9.0,-3.5,-6.1,-5.5,-14.9
1714,10796747.90753175,17,4.218477360568073,65.78150863943192,548.6177820528621,1,6.435463857314971e-05,0.766217421102407,0.17281861693475947,0.060963961962833636,200.0,92.08150863943192,-209.98152263943192,-1.4,-1.0,-11.2,0.0,0.0,-29.5,-9.0,-3.5,-6.1,-5.5,-14.9
1715,10796747.90753175,18,4.218477360568073,65.78150863943192,548.6177820528621,1,6.435463857314971e-05,0.7662184280496769,0.1728177960277397,0.060963775922583445,200.0,92.08150863943192,-209.98152263943192,-1.4,-1.0,-11.2,0.0,0.0,-29.5,-9.0,-3.5,-6.1,-5.5,-14.9
1716,10796747.90753175,19,4.218477360568073,65.78150863943192,548.6177820528621,1,6.435463857314971e-05,0.7662170936452,0.17281809071571277,0.06096481563908729,200.0,92.08150863943192,-209.98152263943192,-1.4,-1.0,-11.2,0.0,0.0,-29.5,-9.0,-3.5,-6.1,-5.5,-14.9
1717,10796747.90753175,20,4.218477360568073,65.78150863943192,548.6177820528621,1,6.435463857314971e-05,0.7662175359814115,0.17281771570556165,0.06096474831302684,200.0,92.08150863943192,-209.98152263943192,-1.4,-1.0,-11.2,0.0,0.0,-29.5,-9.0,-3.5,-6.1,-5.5,-14.9
1718,10796747.90753175,21,4.218477360568073,65.78150863943192,548.6177820528621,1,6.435463857314971e-05,0.7662225253310356,0.17281272014152363,0.060964754527440775,200.0,92.08150863943192,-209.98152263943192,-1.4,-1.0,-11.2,0.0,0.0,-29.5,-9.0,-3.5,-6.1,-5.5,-14.9
1719,10796747.90753175,22,4.218477360568073,65.78150863943192,548.6177820528621,1,6.435463857314971e-05,0.7662266857515904,0.17280903722355018,0.060964277024859445,200.0,92.08150863943192,-209.98152263943192,-1.4,-1.0,-11.2,0.0,0.0,-29.5,-9.0,-3.5,-6.1,-5.5,-14.9
1720,10796747.90753175,23,4.218477360568073,65.78150863943192,548.6177820528621,1,6.435463857314971e-05,0.7662317717412188,0.17280489127914672,0.06096333697963456,200.0,92.08150863943192,-209.98152263943192,-1.4,-1.0,-11.2,0.0,0.0,-29.5,-9.0,-3.5,-6.1,-5.5,-14.9
1721,10796747.90753175,24,4.218477360568073,65.78150863943192,548.6177820528621,1,6.435463857314971e-05,0.7662383019930852,0.17280086749772366,0.06096083050919118,200.0,92.08150863943192,-209.98152263943192,-1.4,-1.0,-11.2,0.0,0.0,-29.5,-9.0,-3.5,-6.1,-5.5,-14.9
1722,10796747.90753175,25,4.218477360568073,65.78150863943192,548.6177820528621,1,6.435463857314971e-05,0.7662439275855446,0.1727975407026206,0.06095853171183486,200.0,92.08150863943192,-209.98152263943192,-1.4,-1.0,-11.2,0.0,0.0,-29.5,-9.0,-3.5,-6.1,-5.5,-14.9
1723,10796747.90753175,26,4.218477360568073,65.78150863943192,548.6177820528621,1,6.435463857314971e-05,0.7662515433090911,0.17279203281802824,0.06095642387288065,200.0,92.08150863943192,-209.98152263943192,-1.4,-1.0,-11.2,0.0,0.0,-29.5,-9.0,-3.5,-6.1,-5.5,-14.9
1724,10796747.90753175,27,4.218477360568073,65.78150863943192,548.6177820528621,1,6.435463857314971e-05,0.7662570630711635,0.17278786858117573,0.06095506834766077,200.0,92.08150863943192,-209.98152263943192,-1.4,-1.0,-11.2,0.0,0.0,-29.5,-9.0,-3.5,-6.1,-5.5,-14.9
1725,10796747.90753175,28,4.218477360568073,65.78150863943192,548.6177820528621,1,6.435463857314971e-05,0.7662594505626841,0.1727872440867619,0.06095330535055396,200.0,92.08150863943192,-209.98152263943192,-1.4,-1.0,-11.2,0.0,0.0,-29.5,-9.0,-3.5,-6.1,-5.5,-14.9
1726,10796747.90753175,29,4.218477360568073,65.78150863943192,548.6177820528621,1,6.435463857314971e-05,0.7662662649877143,0.172781472042224,0.06095226297006175,200.0,92.08150863943192,-209.98152263943192,-1.4,-1.0,-11.2,0.0,0.0,-29.5,-9.0,-3.5,-6.1,-5.5,-14.9
1727,10796747.90753175,30,4.218477360568073,65.78150863943192,548.6177820528621,1,6.435463857314971e-05,0.7662749950107574,0.172775901120503,0.06094910386873972,200.0,92.08150863943192,-209.98152263943192,-1.4,-1.0,-11.2,0.0,0.0,-29.5,-9.0,-3.5,-6.1,-5.5,-14.9
1728,10796747.90753175,31,4.218477360568073,65.78150863943192,548.6177820528621,1,6.435463857314971e-05,0.7662832760113011,0.1727711000579658,0.060945623930733134,200.0,92.08150863943192,-209.98152263943192,-1.4,-1.0,-11.2,0.0,0.0,-29.5,-9.0,-3.5,-6.1,-5.5,-14.9
1729,10796747.90753175,32,4.218477360568073,65.78150863943192,548.6177820528621,1,6.435463857314971e-05,0.7662905674744378,0.17276647164539669,0.06094296088016558,200.0,92.08150863943192,-209.98152263943192,-1.4,-1.0,-11.2,0.0,0.0,-29.5,-9.0,-3.5,-6.1,-5.5,-14.9
1730,10796747.90753175,33,4.218477360568073,65.78150863943192,548.6177820528621,1,6.435463857314971e-05,0.76629748451562,0.17276200322091162,0.060940512263468374,200.0,92.08150863943192,-209.98152263943192,-1.4,-1.0,-11.2,0.0,0.0,-29.5,-9.0,-3.5,-6.1,-5.5,-14.9
1731,10796747.90753175,34,4.218477360568073,65.78150863943192,548.6177820528621,1,6.435463857314971e-05,0.7663051775340795,0.1727571170931466,0.060937705372774036,200.0,92.08150863943192,-209.98152263943192,-1.4,-1.0,-11.2,0.0,0.0,-29.5,-9.0,-3.5,-6.1,-5.5,-14.9
1732,10796747.90753175,35,4.218477360568073,65.78150863943192,548.6177820528621,1,6.435463857314971e-05,0.7663102086479124,0.17275466609781567,0.06093512525427186,200.0,92.08150863943192,-209.98152263943192,-1.4,-1.0,-11.2,0.0,0.0,-29.5,-9.0,-3.5,-6.1,-5.5,-14.9
1733,10796747.90753175,36,4.218477360568073,65.78150863943192,548.6177820528621,1,6.435463857314971e-05,0.7663155477955822,0.17275113922111862,0.06093331298329924,200.0,92.08150863943192,-209.98152263943192,-1.4,-1.0,-11.2,0.0,0.0,-29.5,-9.0,-3.5,-6.1,-5.5,-14.9
1734,10796747.90753175,37,4.218477360568073,65.78150863943192,548.6177820528621,1,6.435463857314971e-05,0.7663194804926332,0.1727482860711274,0.060932233436239464,200.0,92.08150863943192,-209.98152263943192,-1.4,-1.0,-11.2,0.0,0.0,-29.5,-9.0,-3.5,-6.1,-5.5,-14.9
1735,10796747.90753175,38,4.218477360568073,65.78150863943192,548.6177820528621,1,6.435463857314971e-05,0.7663277284042301,0.1727421098871545,0.06093016170861536,200.0,92.08150863943192,-209.98152263943192,-1.4,-1.0,-11.2,0.0,0.0,-29.5,-9.0,-3.5,-6.1,-5.5,-14.9
1736,10796747.90753175,39,4.218477360568073,65.78150863943192,548.6177820528621,1,6.435463857314971e-05,0.766332726328005,0.17273899271185092,0.06092828096014409,200.0,92.08150863943192,-209.98152263943192,-1.4,-1.0,-11.2,0.0,0.0,-29.5,-9.0,-3.5,-6.1,-5.5,-14.9
1737,10796747.90753175,40,4.218477360568073,65.78150863943192,548.6177820528621,1,6.435463857314971e-05,0.7663385982997811,0.17273371365534182,0.06092768804487701,200.0,92.08150863943192,-209.98152263943192,-1.4,-1.0,-11.2,0.0,0.0,-29.5,-9.0,-3.5,-6.1,-5.5,-14.9
1738,10796747.90753175,41,4.218477360568073,65.78150863943192,548.6177820528621,1,6.435463857314971e-05,0.7663424725101211,0.17273031863570626,0.06092720885417265,200.0,92.08150863943192,-209.98152263943192,-1.4,-1.0,-11.2,0.0,0.0,-29.5,-9.0,-3.5,-6.1,-5.5,-14.9
1739,10796747.90753175,42,4.218477360568073,65.78150863943192,548.6177820528621,1,6.435463857314971e-05,0.7663438837892724,0.17272983463109123,0.06092628157963631,200.0,92.08150863943192,-209.98152263943192,-1.4,-1.0,-11.2,0.0,0.0,-29.5,-9.0,-3.5,-6.1,-5.5,-14.9
1740,10796747.90753175,43,4.218477360568073,65.78150863943192,548.6177820528621,1,6.435463857314971e-05,0.7663474729162855,0.17272705100507238,0.060925476078642196,200.0,92.08150863943192,-209.98152263943192,-1.4,-1.0,-11.2,0.0,0.0,-29.5,-9.0,-3.5,-6.1,-5.5,-14.9
1741,10796747.90753175,44,4.218477360568073,65.78150863943192,548.6177820528621,1,6.435463857314971e-05,0.7663497456479097,0.17272546069931063,0.060924793652779634,200.0,92.08150863943192,-209.98152263943192,-1.4,-1.0,-11.2,0.0,0.0,-29.5,-9.0,-3.5,-6.1,-5.5,-14.9
1742,10796747.90753175,45,4.218477360568073,65.78150863943192,548.6177820528621,1,6.435463857314971e-05,0.7663502073908235,0.17272500699070226,0.06092478561847421,200.0,92.08150863943192,-209.98152263943192,-1.4,-1.0,-11.2,0.0,0.0,-29.5,-9.0,-3.5,-6.1,-5.5,-14.9
1743,10796747.90753175,46,4.218477360568073,65.78150863943192,548.6177820528621,1,6.435463857314971e-05,0.7663478234935782,0.17272675632873008,0.060925420177691696,200.0,92.08150863943192,-209.98152263943192,-1.4,-1.0,-11.2,0.0,0.0,-29.5,-9.0,-3.5,-6.1,-5.5,-14.9
1744,10796747.90753175,47,4.218477360568073,65.78150863943192,548.6177820528621,1,6.435463857314971e-05,0.7663455526123705,0.17272834492840886,0.0609261024592207,200.0,92.08150863943192,-209.98152263943192,-1.4,-1.0,-11.2,0.0,0.0,-29.5,-9.0,-3.5,-6.1,-5.5,-14.9
1745,10796747.90753175,48,4.218477360568073,65.78150863943192,548.6177820528621,1,6.435463857314971e-05,0.7663439518568833,0.1727292193656602,0.06092682877745652,200.0,92.08150863943192,-209.98152263943192,-1.4,-1.0,-11.2,0.0,0.0,-29.5,-9.0,-3.5,-6.1,-5.5,-14.9
1746,10796747.90753175,49,4.218477360568073,65.78150863943192,548.6177820528621,1,6.435463857314971e-05,0.7663407408035497,0.17273054616199063,0.060928713034459694,200.0,92.08150863943192,-209.98152263943192,-1.4,-1.0,-11.2,0.0,0.0,-29.5,-9.0,-3.5,-6.1,-5.5,-14.9
1747,10796747.90753175,0,4.218477360568073,65.78150863943192,548.6177820528621,1,6.435463857314971e-05,0.7663404946736148,0.17272892974857165,0.06093057557781356,200.0,92.08150863943192,-209.98152263943192,-1.4,-1.0,-11.2,0.0,0.0,-29.5,-9.0,-3.5,-6.1,-5.5,-14.9
1748,10796747.90753175,1,4.218477360568073,65.78150863943192,548.6177820528621,1,6.435463857314971e-05,0.7663385701289085,0.1727284473122359,0.06093298255885561,200.0,92.08150863943192,-209.98152263943192,-1.4,-1.0,-11.2,0.0,0.0,-29.5,-9.0,-3.5,-6.1,-5.5,-14.9
1749,10796747.90753175,2,4.218477360568073,65.78150863943192,548.6177820528621,1,6.435463857314971e-05,0.7663367342702565,0.17272847347089315,0.06093479225885035,200.0,92.08150863943192,-209.98152263943192,-1.4,-1.0,-11.2,0.0,0.0,-29.5,-9.0,-3.5,-6.1,-5.5,-14.9
1750,10796747.90753175,3,4.218477360568073,65.78150863943192,548.6177820528621,1,6.435463857314971e-05,0.766334422928556,0.1727289860346872,0.060936591036756735,200.0,92.08150863943192,-209.98152263943192,-1.4,-1.0,-11.2,0.0,0.0,-29.5,-9.0,-3.5,-6.1,-5.5,-14.9
1751,10796747.90753175,4,4.218477360568073,65.78150863943192,548.6177820528621,1,6.435463857314971e-05,0.7663322197713164,0.17272995640327787,0.0609378238254058,200.0,92.08150863943192,-209.98152263943192,-1.4,-1.0,-11.2,0.0,0.0,-29.5,-9.0,-3.5,-6.1,-5.5,-14.9
1752,10796747.90753175,5,4.218477360568073,65.78150863943192,548.6177820528621,1,6.435463857314971e-05,0.7663295586816251,0.1727319205139524,0.06093852080442244,200.0,92.08150863943192,-209.98152263943192,-1.4,-1.0,-11.2,0.0,0.0,-29.5,-9.0,-3.5,-6.1,-5.5,-14.9
1753,10796747.90753175,6,4.218477360568073,65.78150863943192,548.6177820528621,1,6.435463857314971e-05,0.7663287020064612,0.1727331465303989,0.060938151463139946,200.0,92.08150863943192,-209.98152263943192,-1.4,-1.0,-11.2,0.0,0.0,-29.5,-9.0,-3.5,-6.1,-5.5,-14.9
1754,10796747.90753175,7,4.218477360568073,65.78150863943192,548.6177820528621,1,6.435463857314971e-05,0.7663289947459692,0.17273478543369203,0.06093621982033878,200.0,92.08150863943192,-209.98152263943192,-1.4,-1.0,-11.2,0.0,0.0,-29.5,-9.0,-3.5,-6.1,-5.5,-14.9
1755,10796747.90753175,8,4.218477360568073,65.78150863943192,548.6177820528621,1,6.435463857314971e-05,0.766328149037637,0.1727368318277638,0.060935019134599255,200.0,92.08150863943192,-209.98152263943192,-1.4,-1.0,-11.2,0.0,0.0,-29.5,-9.0,-3.5,-6.1,-5.5,-14.9
1756,10796747.90753175,9,4.218477360568073,65.78150863943192,548.6177820528621,1,6.435463857314971e-05,0.7663284529023763,0.17273869475452294,0.06093285234310082,200.0,92.08150863943192,-209.98152263943192,-1.4,-1.0,-11.2,0.0,0.0,-29.5,-9.0,-3.5,-6.1,-5.5,-14.9
1757,10796747.90753175,10,4.218477360568073,65.78150863943192,548.6177820528621,1,6.435463857314971e-05,0.7663248231299022,0.1727437433715287,0.06093143349856907,200.0,92.08150863943192,-209.98152263943192,-1.4,-1.0,-11.2,0.0,0.0,-29.5,-9.0,-3.5,-6.1,-5.5,-14.9
1758,10796747.90753175,11,4.218477360568073,65.78150863943192,548.6177820528621,1,6.435463857314971e-05,0.7663185745038931,0.17275125446778497,0.060930171028321975,200.0,92.08150863943192,-209.98152263943192,-1.4,-1.0,-11.2,0.0,0.0,-29.5,-9.0,-3.5,-6.1,-5.5,-14.9
1759,10796747.90753175,12,4.218477360568073,65.78150863943192,548.6177820528621,1,6.435463857314971e-05,0.7663115231642009,0.17275832122424287,0.06093015561155629,200.0,92.08150863943192,-209.98152263943192,-1.4,-1.0,-11.2,0.0,0.0,-29.5,-9.0,-3.5,-6.1,-5.5,-14.9
1760,10796747.90753175,13,4.218477360568073,65.78150863943192,548.6177820528621,1,6.435463857314971e-05,0.7663037098257056,0.17276496576693495,0.06093132440735945,200.0,92.08150863943192,-209.98152263943192,-1.4,-1.0,-11.2,0.0,0.0,-29.5,-9.0,-3.5,-6.1,-5.5,-14.9
1761,10796747.90753175,14,4.218477360568073,65.78150863943192,548.6177820528621,1,6.435463857314971e-05,0.7662979598518381,0.1727695305371792,0.06093250961098268,200.0,92.08150863943192,-209.98152263943192,-1.4,-1.0,-11.2,0.0,0.0,-29.5,-9.0,-3.5,-6.1,-5.5,-14.9
1762,10796747.90753175,15,4.218477360568073,65.78150863943192,548.6177820528621,1,6.435463857314971e-05,0.7662941676703842,0.17277212206080222,0.060933710268813675,200.0,92.08150863943192,-209.98152263943192,-1.4,-1.0,-11.2,0.0,0.0,-29.5,-9.0,-3.5,-6.1,-5.5,-14.9
1763,10796747.90753175,16,4.218477360568073,65.78150863943192,548.6177820528621,1,6.435463857314971e-05,0.7662905612690851,0.17277450973447722,0.060934928996437654,200.0,92.08150863943192,-209.98152263943192,-1.4,-1.0,-11.2,0.0,0.0,-29.5,-9.0,-3.5,-6.1,-5.5,-14.9
1764,10796747.90753175,17,4.218477360568073,65.78150863943192,548.6177820528621,1,6.435463857314971e-05,0.7662888037982799,0.17277448470579232,0.060936711495927796,200.0,92.08150863943192,-209.98152263943192,-1.4,-1.0,-11.2,0.0,0.0,-29.5,-9.0,-3.5,-6.1,-5.5,-14.9
1765,10796747.90753175,18,4.218477360568073,65.78150863943192,548.6177820528621,1,6.435463857314971e-05,0.7662854627668567,0.17277495075688398,0.06093958647625937,200.0,92.08150863943192,-209.98152263943192,-1.4,-1.0,-11.2,0.0,0.0,-29.5,-9.0,-3.5,-6.1,-5.5,-14.9
1766,10796747.90753175,19,4.218477360568073,65.78150863943192,548.6177820528621,1,6.435463857314971e-05,0.7662800622852838,0.1727764377263594,0.060943499988356804,200.0,92.08150863943192,-209.98152263943192,-1.4,-1.0,-11.2,0.0,0.0,-29.5,-9.0,-3.5,-6.1,-5.5,-14.9
1767,10796747.90753175,20,4.218477360568073,65.78150863943192,548.6177820528621,1,6.435463857314971e-05,0.7662749291417512,0.17277777669851704,0.06094729415973182,200.0,92.08150863943192,-209.98152263943192,-1.4,-1.0,-11.2,0.0,0.0,-29.5,-9.0,-3.5,-6.1,-5.5,-14.9
1768,10796747.90753175,21,4.218477360568073,65.78150863943192,548.6177820528621,1,6.435463857314971e-05,0.7662706075486866,0.17277676818654997,0.06095262426476347,200.0,92.08150863943192,-209.98152263943192,-1.4,-1.0,-11.2,0.0,0.0,-29.5,-9.0,-3.5,-6.1,-5.5,-14.9
1769,10796747.90753175,22,4.218477360568073,65.78150863943192,548.6177820528621,1,6.435463857314971e-05,0.7662676091574371,0.1727740797926225,0.06095831104994042,200.0,92.08150863943192,-209.98152263943192,-1.4,-1.0,-11.2,0.0,0.0,-29.5,-9.0,-3.5,-6.1,-5.5,-14.9
1770,10796747.90753175,23,4.218477360568073,65.78150863943192,548.6177820528621,1,6.435463857314971e-05,0.7662642022680983,0.17277200809434334,0.060963789637558365,200.0,92.08150863943192,-209.98152263943192,-1.4,-1.0,-11.2,0.0,0.0,-29.5,-9.0,-3.5,-6.1,-5.5,-14.9
1771,10796747.90753175,24,4.218477360568073,65.78150863943192,548.6177820528621,1,6.435463857314971e-05,0.7662598534620166,0.1727710750002402,0.060969071537743245,200.0,92.08150863943192,-209.98152263943192,-1.4,-1.0,-11.2,0.0,0.0,-29.5,-9.0,-3.5,-6.1,-5.5,-14.9
1772,10796747.90753175,25,4.218477360568073,65.78150863943192,548.6177820528621,1,6.435463857314971e-05,0.7662529481032359,0.17277123252695695,0.0609758193698072,200.0,92.08150863943192,-209.98152263943192,-1.4,-1.0,-11.2,0.0,0.0,-29.5,-9.0,-3.5,-6.1,-5.5,-14.9
1773,10796747.90753175,26,4.218477360568073,65.78150863943192,548.6177820528621,1,6.435463857314971e-05,0.7662441701234897,0.17277242161510079,0.06098340826140963,200.0,92.08150863943192,-209.98152263943192,-1.4,-1.0,-11.2,0.0,0.0,-29.5,-9.0,-3.5,-6.1,-5.5,-14.9
1774,10796747.90753175,27,4.218477360568073,65.78150863943192,548.6177820528621,1,6.435463857314971e-05,0.7662347235103325,0.1727745832826989,0.06099069320696857,200.0,92.08150863943192,-209.98152263943192,-1.4,-1.0,-11.2,0.0,0.0,-29.5,-9.0,-3.5,-6.1,-5.5,-14.9
1775,10796747.90753175,28,4.218477360568073,65.78150863943192,548.6177820528621,1,6.435463857314971e-05,0.7662263026444762,0.17277546180096168,0.06099823555456209,200.0,92.08150863943192,-209.98152263943192,-1.4,-1.0,-11.2,0.0,0.0,-29.5,-9.0,-3.5,-6.1,-5.5,-14.9
1776,10796747.90753175,29,4.218477360568073,65.78150863943192,548.6177820528621,1,6.435463857314971e-05,0.7662133227581359,0.17278009407346545,0.06100658316839865,200.0,92.08150863943192,-209.98152263943192,-1.4,-1.0,-11.2,0.0,0.0,-29.5,-9.0,-3.5,-6.1,-5.5,-14.9
1777,10796747.90753175,30,4.218477360568073,65.78150863943192,548.6177820528621,1,6.435463857314971e-05,0.7662009948934574,0.17278441960745544,0.061014585499087205,200.0,92.08150863943192,-209.98152263943192,-1.4,-1.0,-11.2,0.0,0.0,-29.5,-9.0,-3.5,-6.1,-5.5,-14.9
1778,10796747.90753175,31,4.218477360568073,65.78150863943192,548.6177820528621,1,6.435463857314971e-05,0.7661881781432796,0.17278791107978103,0.061023910776939416,200.0,92.08150863943192,-209.98152263943192,-1.4,-1.0,-11.2,0.0,0.0,-29.5,-9.0,-3.5,-6.1,-5.5,-14.9
1779,10796747.90753175,32,4.218477360568073,65.78150863943192,548.6177820528621,1,6.435463857314971e-05,0.7661743459117125,0.17279171029759444,0.061033943790693095,200.0,92.08150863943192,-209.98152263943192,-1.4,-1.0,-11.2,0.0,0.0,-29.5,-9.0,-3.5,-6.1,-5.5,-14.9
1780,10796747.90753175,33,4.218477360568073,65.78150863943192,548.6177820528621,1,6.435463857314971e-05,0.7661617618236934,0.1727946937028791,0.061043544473427504,200.0,92.08150863943192,-209.98152263943192,-1.4,-1.0,-11.2,0.0,0.0,-29.5,-9.0,-3.5,-6.1,-5.5,-14.9
1781,10796747.90753175,34,4.218477360568073,65.78150863943192,548.6177820528621,1,6.435463857314971e-05,0.7661498093863549,0.1727969056483545,0.06105328496529065,200.0,92.08150863943192,-209.98152263943192,-1.4,-1.0,-11.2,0.0,0.0,-29.5,-9.0,-3.5,-6.1,-5.5,-14.9
1782,10796747.90753175,35,4.218477360568073,65.78150863943192,548.6177820528621,1,6.435463857314971e-05,0.7661390058548141,0.17279728791293444,0.061063706232251456,200.0,92.08150863943192,-209.98152263943192,-1.4,-1.0,-11.2,0.0,0.0,-29.5,-9.0,-3.5,-6.1,-5.5,-14.9
1783,10796747.90753175,36,4.218477360568073,65.78150863943192,548.6177820528621,1,6.435463857314971e-05,0.7661304010237107,0.17279647588210498,0.061073123094184306,200.0,92.08150863943192,-209.98152263943192,-1.4,-1.0,-11.2,0.0,0.0,-29.5,-9.0,-3.5,-6.1,-5.5,-14.9
1784,10796747.90753175,37,4.218477360568073,65.78150863943192,548.6177820528621,1,6.435463857314971e-05,0.7661244307339735,0.17279343523128204,0.06108213403474443,200.0,92.08150863943192,-209.98152263943192,-1.4,-1.0,-11.2,0.0,0.0,-29.5,-9.0,-3.5,-6.1,-5.5,-14.9
1785,10796747.90753175,38,4.218477360568073,65.78150863943192,548.6177820528621,1,6.435463857314971e-05,0.7661149073007882,0.17279377201419943,0.06109132068501232,200.0,92.08150863943192,-209.98152263943192,-1.4,-1.0,-11.2,0.0,0.0,-29.5,-9.0,-3.5,-6.1,-5.5,-14.9
1786,10796747.90753175,39,4.218477360568073,65.78150863943192,548.6177820528621,1,6.435463857314971e-05,0.7661047560340064,0.1727934782157082,0.06110176575028541,200.0,92.08150863943192,-209.98152263943192,-1.4,-1.0,-11.2,0.0,0.0,-29.5,-9.0,-3.5,-6.1,-5.5,-14.9
1787,10796747.90753175,40,4.218477360568073,65.78150863943192,548.6177820528621,1,6.435463857314971e-05,0.7660918127257889,0.1727953258035999,0.06111286147061119,200.0,92.08150863943192,-209.98152263943192,-1.4,-1.0,-11.2,0.0,0.0,-29.5,-9.0,-3.5,-6.1,-5.5,-14.9
1788,10796747.90753175,41,4.218477360568073,65.78150863943192,548.6177820528621,1,6.435463857314971e-05,0.7660800778278033,0.17279755070517844,0.06112237146701826,200.0,92.08150863943192,-209.98152263943192,-1.4,-1.0,-11.2,0.0,0.0,-29.5,-9.0,-3.5,-6.1,-5.5,-14.9
1789,10796747.90753175,42,4.218477360568073,65.78150863943192,548.6177820528621,1,6.435463857314971e-05,0.7660694754915183,0.17279740614386652,0.061133118364615276,200.0,92.08150863943192,-209.98152263943192,-1.4,-1.0,-11.2,0.0,0.0,-29.5,-9.0,-3.5,-6.1,-5.5,-14.9
1790,10796747.90753175,43,4.218477360568073,65.78150863943192,548.6177820528621,1,6.435463857314971e-05,0.7660594086871217,0.17279719626763418,0.06114339504524416,200.0,92.08150863943192,-209.98152263943192,-1.4,-1.0,-11.2,0.0,0.0,-29.5,-9.0,-3.5,-6.1,-5.5,-14.9
1791,10796747.90753175,44,4.218477360568073,65.78150863943192,548.6177820528621,1,6.435463857314971e-05,0.7660515021636765,0.17279637230639672,0.061152125529926785,200.0,92.08150863943192,-209.98152263943192,-1.4,-1.0,-11.2,0.0,0.0,-29.5,-9.0,-3.5,-6.1,-5.5,-14.9
1792,10796747.90753175,45,4.218477360568073,65.78150863943192,548.6177820528621,1,6.435463857314971e-05,0.766044536574524,0.17279388211011204,0.06116158131536397,200.0,92.08150863943192,-209.98152263943192,-1.4,-1.0,-11.2,0.0,0.0,-29.5,-9.0,-3.5,-6.1,-5.5,-14.9
1793,10796747.90753175,46,4.218477360568073,65.78150863943192,548.6177820528621,1,6.435463857314971e-05,0.7660368245975455,0.17279199417814783,0.061171181224306675,200.0,92.08150863943192,-209.98152263943192,-1.4,-1.0,-11.2,0.0,0.0,-29.5,-9.0,-3.5,-6.1,-5.5,-14.9
1794,10796747.90753175,47,4.218477360568073,65.78150863943192,548.6177820528621,1,6.435463857314971e-05,0.766029502950306,0.17279012935579854,0.06118036769389549,200.0,92.08150863943192,-209.98152263943192,-1.4,-1.0,-11.2,0.0,0.0,-29.5,-9.0,-3.5,-6.1,-5.5,-14.9
1795,10796747.90753175,48,4.218477360568073,65.78150863943192,548.6177820528621,1,6.435463857314971e-05,0.7660263946039079,0.1727866395840564,0.06118696581203576,200.0,92.08150863943192,-209.98152263943192,-1.4,-1.0,-11.2,0.0,0.0,-29.5,-9.0,-3.5,-6.1,-5.5,-14.9
1796,10796747.90753175,49,4.218477360568073,65.78150863943192,548.6177820528621,1,6.435463857314971e-05,0.7660234408182833,0.17278271132716616,0.06119384785455053,200.0,92.08150863943192,-209.98152263943192,-1.4,-1.0,-11.2,0.0,0.0,-29.5,-9.0,-3.5,-6.1,-5.5,-14.9
1797,10796747.90753175,0,4.218477360568073,65.78150863943192,548.6177820528621,1,6.435463857314971e-05,0.7660233674206077,0.1727761855156385,0.061200447063753785,200.0,92.08150863943192,-209.98152263943192,-1.4,-1.0,-11.2,0.0,0.0,-29.5,-9.0,-3.5,-6.1,-5.5,-14.9
1798,10796747.90753175,1,4.218477360568073,65.78150863943192,548.6177820528621,1,6.435463857314971e-05,0.7660260260692995,0.172767196549544,0.0612067773811565,200.0,92.08150863943192,-209.98152263943192,-1.4,-1.0,-11.2,0.0,0.0,-29.5,-9.0,-3.5,-6.1,-5.5,-14.9
1799,10796747.90753175,2,4.218477360568073,65.78150863943192,548.6177820528621,1,6.435463857314971e-05,0.7660269159471995,0.17276022217863024,0.06121286187417033,200.0,92.08150863943192,-209.98152263943192,-1.4,-1.0,-11.2,0.0,0.0,-29.5,-9.0,-3.5,-6.1,-5.5,-14.9
1800,10796747.90753175,3,4.218477360568073,65.78150863943192,548.6177820528621,1,6.435463857314971e-05,0.7660266678669302,0.17275407529616305,0.061219256836906814,200.0,92.08150863943192,-209.98152263943192,-1.4,-1.0,-11.2,0.0,0.0,-29.5,-9.0,-3.5,-6.1,-5.5,-14.9
1801,10796747.90753175,4,4.218477360568073,65.78150863943192,548.6177820528621,1,6.435463857314971e-05,0.7660275223164162,0.17274708142274442,0.061225396260839365,200.0,92.08150863943192,-209.98152263943192,-1.4,-1.0,-11.2,0.0,0.0,-29.5,-9.0,-3.5,-6.1,-5.5,-14.9
1802,10796747.90753175,5,4.218477360568073,65.78150863943192,548.6177820528621,1,6.435463857314971e-05,0.7660283425978796,0.17274145145159048,0.06123020595052999,200.0,92.08150863943192,-209.98152263943192,-1.4,-1.0,-11.2,0.0,0.0,-29.5,-9.0,-3.5,-6.1,-5.5,-14.9
1803,10796747.90753175,6,4.218477360568073,65.78150863943192,548.6177820528621,1,6.435463857314971e-05,0.7660285855807587,0.17273765907615152,0.061233755343089856,200.0,92.08150863943192,-209.98152263943192,-1.4,-1.0,-11.2,0.0,0.0,-29.5,-9.0,-3.5,-6.1,-5.5,-14.9
1804,10796747.90753175,7,4.218477360568073,65.78150863943192,548.6177820528621,1,6.435463857314971e-05,0.7660304484983117,0.17273236029622738,0.0612371912054609,200.0,92.08150863943192,-209.98152263943192,-1.4,-1.0,-11.2,0.0,0.0,-29.5,-9.0,-3.5,-6.1,-5.5,-14.9
1805,10796747.90753175,8,4.218477360568073,65.78150863943192,548.6177820528621,1,6.435463857314971e-05,0.7660322281933152,0.1727288781131059,0.06123889369357888,200.0,92.08150863943192,-209.98152263943192,-1.4,-1.0,-11.2,0.0,0.0,-29.5,-9.0,-3.5,-6.1,-5.5,-14.9
1806,10796747.90753175,9,4.218477360568073,65.78150863943192,548.6177820528621,1,6.435463857314971e-05,0.7660339086746862,0.1727238838470511,0.061242207478262665,200.0,92.08150863943192,-209.98152263943192,-1.4,-1.0,-11.2,0.0,0.0,-29.5,-9.0,-3.5,-6.1,-5.5,-14.9
1807,10796747.90753175,10,4.218477360568073,65.78150863943192,548.6177820528621,1,6.435463857314971e-05,0.7660365941348456,0.17271852801934,0.06124487784581439,200.0,92.08150863943192,-209.98152263943192,-1.4,-1.0,-11.2,0.0,0.0,-29.5,-9.0,-3.5,-6.1,-5.5,-14.9
1808,10796747.90753175,11,4.218477360568073,65.78150863943192,548.6177820528621,1,6.435463857314971e-05,0.7660385984465174,0.17271337578403761,0.061248025769444915,200.0,92.08150863943192,-209.98152263943192,-1.4,-1.0,-11.2,0.0,0.0,-29.5,-9.0,-3.5,-6.1,-5.5,-14.9
1809,10796747.90753175,12,4.218477360568073,65.78150863943192,548.6177820528621,1,6.435463857314971e-05,0.7660383295401823,0.17271003993761866,0.061251630522199146,200.0,92.08150863943192,-209.98152263943192,-1.4,-1.0,-11.2,0.0,0.0,-29.5,-9.0,-3.5,-6.1,-5.5,-14.9
1810,10796747.90753175,13,4.218477360568073,65.78150863943192,548.6177820528621,1,6.435463857314971e-05,0.766036994428159,0.1727084233368573,0.06125458223498378,200.0,92.08150863943192,-209.98152263943192,-1.4,-1.0,-11.2,0.0,0.0,-29.5,-9.0,-3.5,-6.1,-5.5,-14.9
1811,10796747.90753175,14,4.218477360568073,65.78150863943192,548.6177820528621,1,6.435463857314971e-05,0.766036817797283,0.17270681407144145,0.061256368131275565,200.0,92.08150863943192,-209.98152263943192,-1.4,-1.0,-11.2,0.0,0.0,-29.5,-9.0,-3.5,-6.1,-5.5,-14.9
1812,10796747.90753175,15,4.218477360568073,65.78150863943192,548.6177820528621,1,6.435463857314971e-05,0.7660344779230941,0.17270630278977145,0.061259219287134445,200.0,92.08150863943192,-209.98152263943192,-1.4,-1.0,-11.2,0.0,0.0,-29.5,-9.0,-3.5,-6.1,-5.5,-14.9
1813,10796747.90753175,16,4.218477360568073,65.78150863943192,548.6177820528621,1,6.435463857314971e-05,0.7660306329643238,0.17270736878964257,0.06126199824603357,200.0,92.08150863943192,-209.98152263943192,-1.4,-1.0,-11.2,0.0,0.0,-29.5,-9.0,-3.5,-6.1,-5.5,-14.9
1814,10796747.90753175,17,4.218477360568073,65.78150863943192,548.6177820528621,1,6.435463857314971e-05,0.7660253527856176,0.17270885669708017,0.061265790517302215,200.0,92.08150863943192,-209.98152263943192,-1.4,-1.0,-11.2,0.0,0.0,-29.5,-9.0,-3.5,-6.1,-5.5,-14.9
1815,10796747.90753175,18,4.218477360568073,65.78150863943192,548.6177820528621,1,6.435463857314971e-05,0.766021428987152,0.17271019539761778,0.06126837561523031,200.0,92.08150863943192,-209.98152263943192,-1.4,-1.0,-11.2,0.0,0.0,-29.5,-9.0,-3.5,-6.1,-5.5,-14.9
1816,10796747.90753175,19,4.218477360568073,65.78150863943192,548.6177820528621,1,6.435463857314971e-05,0.7660182378873255,0.172709784248961,0.061271977863713536,200.0,92.08150863943192,-209.98152263943192,-1.4,-1.0,-11.2,0.0,0.0,-29.5,-9.0,-3.5,-6.1,-5.5,-14.9
1817,10796747.90753175,20,4.218477360568073,65.78150863943192,548.6177820528621,1,6.435463857314971e-05,0.766015201135185,0.17270825178635033,0.061276547078464694,200.0,92.08150863943192,-209.98152263943192,-1.4,-1.0,-11.2,0.0,0.0,-29.5,-9.0,-3.5,-6.1,-5.5,-14.9
1818,10796747.90753175,21,4.218477360568073,65.78150863943192,548.6177820528621,1,6.435463857314971e-05,0.76601015138857,0.1727078095078514,0.06128203910357868,200.0,92.08150863943192,-209.98152263943192,-1.4,-1.0,-11.2,0.0,0.0,-29.5,-9.0,-3.5,-6.1,-5.5,-14.9
1819,10796747.90753175,22,4.218477360568073,65.78150863943192,548.6177820528621,1,6.435463857314971e-05,0.7660037350198274,0.17270839959770495,0.06128786538246768,200.0,92.08150863943192,-209.98152263943192,-1.4,-1.0,-11.2,0.0,0.0,-29.5,-9.0,-3.5,-6.1,-5.5,-14.9
1820,10796747.90753175,23,4.218477360568073,65.78150863943192,548.6177820528621,1,6.435463857314971e-05,0.7659960305114061,0.17271104161105444,0.061292927877539476,200.0,92.08150863943192,-209.98152263943192,-1.4,-1.0,-11.2,0.0,0.0,-29.5,-9.0,-3.5,-6.1,-5.5,-14.9
1821,10796747.90753175,24,4.218477360568073,65.78150863943192,548.6177820528621,1,6.435463857314971e-05,0.7659887210288472,0.17271401695023833,0.06129726202091449,200.0,92.08150863943192,-209.98152263943192,-1.4,-1.0,-11.2,0.0,0.0,-29.5,-9.0,-3.5,-6.1,-5.5,-14.9
1822,10796747.90753175,25,4.218477360568073,65.78150863943192,548.6177820528621,1,6.435463857314971e-05,0.765982851870391,0.17271462666608084,0.061302521463528235,200.0,92.08150863943192,-209.98152263943192,-1.4,-1.0,-11.2,0.0,0.0,-29.5,-9.0,-3.5,-6.1,-5.5,-14.9
1823,10796747.90753175,26,4.218477360568073,65.78150863943192,548.6177820528621,1,6.435463857314971e-05,0.7659767334925973,0.17271460363954652,0.06130866286785621,200.0,92.08150863943192,-209.98152263943192,-1.4,-1.0,-11.2,0.0,0.0,-29.5,-9.0,-3.5,-6.1,-5.5,-14.9
1824,10796747.90753175,27,4.218477360568073,65.78150863943192,548.6177820528621,1,6.435463857314971e-05,0.7659720164308094,0.17271504323428616,0.06131294033490454,200.0,92.08150863943192,-209.98152263943192,-1.4,-1.0,-11.2,0.0,0.0,-29.5,-9.0,-3.5,-6.1,-5.5,-14.9
1825,10796747.90753175,28,4.218477360568073,65.78150863943192,548.6177820528621,1,6.435463857314971e-05,0.765967540003223,0.17271539167681518,0.06131706831996186,200.0,92.08150863943192,-209.98152263943192,-1.4,-1.0,-11.2,0.0,0.0,-29.5,-9.0,-3.5,-6.1,-5.5,-14.9
1826,10796747.90753175,29,4.218477360568073,65.78150863943192,548.6177820528621,1,6.435463857314971e-05,0.7659638296520931,0.17271511726251385,0.06132105308539304,200.0,92.08150863943192,-209.98152263943192,-1.4,-1.0,-11.2,0.0,0.0,-29.5,-9.0,-3.5,-6.1,-5.5,-14.9
1827,10796747.90753175,30,4.218477360568073,65.78150863943192,548.6177820528621,1,6.435463857314971e-05,0.7659592348727395,0.17271585997709907,0.061324905150161445,200.0,92.08150863943192,-209.98152263943192,-1.4,-1.0,-11.2,0.0,0.0,-29.5,-9.0,-3.5,-6.1,-5.5,-14.9
1828,10796747.90753175,31,4.218477360568073,65.78150863943192,548.6177820528621,1,6.435463857314971e-05,0.7659521895437372,0.17271917603964262,0.06132863441662018,200.0,92.08150863943192,-209.98152263943192,-1.4,-1.0,-11.2,0.0,0.0,-29.5,-9.0,-3.5,-6.1,-5.5,-14.9
1829,10796747.90753175,32,4.218477360568073,65.78150863943192,548.6177820528621,1,6.435463857314971e-05,0.7659460355477693,0.17272118634960357,0.061332778102627106,200.0,92.08150863943192,-209.98152263943192,-1.4,-1.0,-11.2,0.0,0.0,-29.5,-9.0,-3.5,-6.1,-5.5,-14.9
1830,10796747.90753175,33,4.218477360568073,65.78150863943192,548.6177820528621,1,6.435463857314971e-05,0.7659407363531175,0.1727230239859786,0.06133623966090391,200.0,92.08150863943192,-209.98152263943192,-1.4,-1.0,-11.2,0.0,0.0,-29.5,-9.0,-3.5,-6.1,-5.5,-14.9
1831,10796747.90753175,34,4.218477360568073,65.78150863943192,548.6177820528621,1,6.435463857314971e-05,0.7659330264976717,0.17272737583487816,0.06133959766745017,200.0,92.08150863943192,-209.98152263943192,-1.4,-1.0,-11.2,0.0,0.0,-29.5,-9.0,-3.5,-6.1,-5.5,-14.9
1832,10796747.90753175,35,4.218477360568073,65.78150863943192,548.6177820528621,1,6.435463857314971e-05,0.7659257095526415,0.17273143875692878,0.0613428516904297,200.0,92.08150863943192,-209.98152263943192,-1.4,-1.0,-11.2,0.0,0.0,-29.5,-9.0,-3.5,-6.1,-5.5,-14.9
1833,10796747.90753175,36,4.218477360568073,65.78150863943192,548.6177820528621,1,6.435463857314971e-05,0.7659171498102311,0.17273576626213907,0.061347083927629886,200.0,92.08150863943192,-209.98152263943192,-1.4,-1.0,-11.2,0.0,0.0,-29.5,-9.0,-3.5,-6.1,-5.5,-14.9
1834,10796747.90753175,37,4.218477360568073,65.78150863943192,548.6177820528621,1,6.435463857314971e-05,0.7659084907109215,0.17274034041202355,0.061351168877055,200.0,92.08150863943192,-209.98152263943192,-1.4,-1.0,-11.2,0.0,0.0,-29.5,-9.0,-3.5,-6.1,-5.5,-14.9
1835,10796747.90753175,38,4.218477360568073,65.78150863943192,548.6177820528621,1,6.435463857314971e-05,0.7658975959281001,0.1727472859629962,0.061355118108903726,200.0,92.08150863943192,-209.98152263943192,-1.4,-1.0,-11.2,0.0,0.0,-29.5,-9.0,-3.5,-6.1,-5.5,-14.9
1836,10796747.90753175,39,4.218477360568073,65.78150863943192,548.6177820528621,1,6.435463857314971e-05,0.7658867206235175,0.17275434533612352,0.061358934040359095,200.0,92.08150863943192,-209.98152263943192,-1.4,-1.0,-11.2,0.0,0.0,-29.5,-9.0,-3.5,-6.1,-5.5,-14.9
1837,10796747.90753175,40,4.218477360568073,65.78150863943192,548.6177820528621,1,6.435463857314971e-05,0.7658780041792768,0.1727593767932094,0.0613626190275138,200.0,92.08150863943192,-209.98152263943192,-1.4,-1.0,-11.2,0.0,0.0,-29.5,-9.0,-3.5,-6.1,-5.5,-14.9
1838,10796747.90753175,41,4.218477360568073,65.78150863943192,548.6177820528621,1,6.435463857314971e-05,0.765870801984633,0.1727630174270026,0.06136618058836441,200.0,92.08150863943192,-209.98152263943192,-1.4,-1.0,-11.2,0.0,0.0,-29.5,-9.0,-3.5,-6.1,-5.5,-14.9
1839,10796747.90753175,42,4.218477360568073,65.78150863943192,548.6177820528621,1,6.435463857314971e-05,0.7658645113458893,0.17276693330732998,0.06136855534678069,200.0,92.08150863943192,-209.98152263943192,-1.4,-1.0,-11.2,0.0,0.0,-29.5,-9.0,-3.5,-6.1,-5.5,-14.9
1840,10796747.90753175,43,4.218477360568073,65.78150863943192,548.6177820528621,1,6.435463857314971e-05,0.7658590776634171,0.17277004866650894,0.06137087367007396,200.0,92.08150863943192,-209.98152263943192,-1.4,-1.0,-11.2,0.0,0.0,-29.5,-9.0,-3.5,-6.1,-5.5,-14.9
1841,10796747.90753175,44,4.218477360568073,65.78150863943192,548.6177820528621,1,6.435463857314971e-05,0.7658566035744144,0.17277186534194922,0.061371531083636396,200.0,92.08150863943192,-209.98152263943192,-1.4,-1.0,-11.2,0.0,0.0,-29.5,-9.0,-3.5,-6.1,-5.5,-14.9
1842,10796747.90753175,45,4.218477360568073,65.78150863943192,548.6177820528621,1,6.435463857314971e-05,0.765853200577172,0.17277564474926527,0.061371154673562765,200.0,92.08150863943192,-209.98152263943192,-1.4,-1.0,-11.2,0.0,0.0,-29.5,-9.0,-3.5,-6.1,-5.5,-14.9
1843,10796747.90753175,46,4.218477360568073,65.78150863943192,548.6177820528621,1,6.435463857314971e-05,0.7658515706054393,0.17277703780140977,0.061371391593151026,200.0,92.08150863943192,-209.98152263943192,-1.4,-1.0,-11.2,0.0,0.0,-29.5,-9.0,-3.5,-6.1,-5.5,-14.9
1844,10796747.90753175,47,4.218477360568073,65.78150863943192,548.6177820528621,1,6.435463857314971e-05,0.7658505612144113,0.17277775902232012,0.061371679763268586,200.0,92.08150863943192,-209.98152263943192,-1.4,-1.0,-11.2,0.0,0.0,-29.5,-9.0,-3.5,-6.1,-5.5,-14.9
1845,10796747.90753175,48,4.218477360568073,65.78150863943192,548.6177820528621,1,6.435463857314971e-05,0.765850136762143,0.17277731383739528,0.06137254940046173,200.0,92.08150863943192,-209.98152263943192,-1.4,-1.0,-11.2,0.0,0.0,-29.5,-9.0,-3.5,-6.1,-5.5,-14.9
1846,10796747.90753175,49,4.218477360568073,65.78150863943192,548.6177820528621,1,6.435463857314971e-05,0.7658508110524465,0.17277681680582763,0.06137237214172588,200.0,92.08150863943192,-209.98152263943192,-1.4,-1.0,-11.2,0.0,0.0,-29.5,-9.0,-3.5,-6.1,-5.5,-14.9
1847,10796747.90753175,0,4.218477360568073,65.78150863943192,548.6177820528621,1,6.435463857314971e-05,0.7658498619204496,0.1727778667689116,0.06137227131063886,200.0,92.08150863943192,-209.98152263943192,-1.4,-1.0,-11.2,0.0,0.0,-29.5,-9.0,-3.5,-6.1,-5.5,-14.9
1848,10796747.90753175,1,4.218477360568073,65.78150863943192,548.6177820528621,1,6.435463857314971e-05,0.7658489700180052,0.172779321981115,0.06137170800087979,200.0,92.08150863943192,-209.98152263943192,-1.4,-1.0,-11.2,0.0,0.0,-29.5,-9.0,-3.5,-6.1,-5.5,-14.9
1849,10796747.90753175,2,4.218477360568073,65.78150863943192,548.6177820528621,1,6.435463857314971e-05,0.7658507879947932,0.1727785115237997,0.06137070048140709,200.0,92.08150863943192,-209.98152263943192,-1.4,-1.0,-11.2,0.0,0.0,-29.5,-9.0,-3.5,-6.1,-5.5,-14.9
1850,10796747.90753175,3,4.218477360568073,65.78150863943192,548.6177820528621,1,6.435463857314971e-05,0.7658514616706854,0.1727792590166892,0.06136927931262544,200.0,92.08150863943192,-209.98152263943192,-1.4,-1.0,-11.2,0.0,0.0,-29.5,-9.0,-3.5,-6.1,-5.5,-14.9
1851,10796747.90753175,4,4.218477360568073,65.78150863943192,548.6177820528621,1,6.435463857314971e-05,0.76585050830774,0.17278043311307423,0.061369058579185745,200.0,92.08150863943192,-209.98152263943192,-1.4,-1.0,-11.2,0.0,0.0,-29.5,-9.0,-3.5,-6.1,-5.5,-14.9
1852,10796747.90753175,5,4.218477360568073,65.78150863943192,548.6177820528621,1,6.435463857314971e-05,0.7658485444514164,0.1727820096506368,0.0613694458979469,200.0,92.08150863943192,-209.98152263943192,-1.4,-1.0,-11.2,0.0,0.0,-29.5,-9.0,-3.5,-6.1,-5.5,-14.9
1853,10796747.90753175,6,4.218477360568073,65.78150863943192,548.6177820528621,1,6.435463857314971e-05,0.7658482792563562,0.17278237668480076,0.06136934405884302,200.0,92.08150863943192,-209.98152263943192,-1.4,-1.0,-11.2,0.0,0.0,-29.5,-9.0,-3.5,-6.1,-5.5,-14.9
1854,10796747.90753175,7,4.218477360568073,65.78150863943192,548.6177820528621,1,6.435463857314971e-05,0.7658474997256317,0.17278265769881843,0.061369842575549886,200.0,92.08150863943192,-209.98152263943192,-1.4,-1.0,-11.2,0.0,0.0,-29.5,-9.0,-3.5,-6.1,-5.5,-14.9
1855,10796747.90753175,8,4.218477360568073,65.78150863943192,548.6177820528621,1,6.435463857314971e-05,0.7658462278909629,0.17278233091732598,0.061371441191711194,200.0,92.08150863943192,-209.98152263943192,-1.4,-1.0,-11.2,0.0,0.0,-29.5,-9.0,-3.5,-6.1,-5.5,-14.9
1856,10796747.90753175,9,4.218477360568073,65.78150863943192,548.6177820528621,1,6.435463857314971e-05,0.7658439636122406,0.17278248109891897,0.061373555288840496,200.0,92.08150863943192,-209.98152263943192,-1.4,-1.0,-11.2,0.0,0.0,-29.5,-9.0,-3.5,-6.1,-5.5,-14.9
1857,10796747.90753175,10,4.218477360568073,65.78150863943192,548.6177820528621,1,6.435463857314971e-05,0.7658412906229927,0.17278308180962715,0.06137562756738028,200.0,92.08150863943192,-209.98152263943192,-1.4,-1.0,-11.2,0.0,0.0,-29.5,-9.0,-3.5,-6.1,-5.5,-14.9
1858,10796747.90753175,11,4.218477360568073,65.78150863943192,548.6177820528621,1,6.435463857314971e-05,0.7658398350088584,0.1727851543531783,0.06137501063796331,200.0,92.08150863943192,-209.98152263943192,-1.4,-1.0,-11.2,0.0,0.0,-29.5,-9.0,-3.5,-6.1,-5.5,-14.9
1859,10796747.90753175,12,4.218477360568073,65.78150863943192,548.6177820528621,1,6.435463857314971e-05,0.76584004391409,0.17278547079078505,0.06137448529512493,200.0,92.08150863943192,-209.98152263943192,-1.4,-1.0,-11.2,0.0,0.0,-29.5,-9.0,-3.5,-6.1,-5.5,-14.9
1860,10796747.90753175,13,4.218477360568073,65.78150863943192,548.6177820528621,1,6.435463857314971e-05,0.7658402611744526,0.17278780042523692,0.06137193840031058,200.0,92.08150863943192,-209.98152263943192,-1.4,-1.0,-11.2,0.0,0.0,-29.5,-9.0,-3.5,-6.1,-5.5,-14.9
1861,10796747.90753175,14,4.218477360568073,65.78150863943192,548.6177820528621,1,6.435463857314971e-05,0.7658404762606601,0.17279046723399633,0.06136905650534367,200.0,92.08150863943192,-209.98152263943192,-1.4,-1.0,-11.2,0.0,0.0,-29.5,-9.0,-3.5,-6.1,-5.5,-14.9
1862,10796747.90753175,15,4.218477360568073,65.78150863943192,548.6177820528621,1,6.435463857314971e-05,0.7658417356840509,0.17279082851745936,0.061367435798489765,200.0,92.08150863943192,-209.98152263943192,-1.4,-1.0,-11.2,0.0,0.0,-29.5,-9.0,-3.5,-6.1,-5.5,-14.9
1863,10796747.90753175,16,4.218477360568073,65.78150863943192,548.6177820528621,1,6.435463857314971e-05,0.7658455760878623,0.1727889956390213,0.06136542827311639,200.0,92.08150863943192,-209.98152263943192,-1.4,-1.0,-11.2,0.0,0.0,-29.5,-9.0,-3.5,-6.1,-5.5,-14.9
1864,10796747.90753175,17,4.218477360568073,65.78150863943192,548.6177820528621,1,6.435463857314971e-05,0.765849747925033,0.1727856139809931,0.061364638093973904,200.0,92.08150863943192,-209.98152263943192,-1.4,-1.0,-11.2,0.0,0.0,-29.5,-9.0,-3.5,-6.1,-5.5,-14.9
1865,10796747.90753175,18,4.218477360568073,65.78150863943192,548.6177820528621,1,6.435463857314971e-05,0.7658531919692378,0.1727833818796334,0.06136342615112879,200.0,92.08150863943192,-209.98152263943192,-1.4,-1.0,-11.2,0.0,0.0,-29.5,-9.0,-3.5,-6.1,-5.5,-14.9
1866,10796747.90753175,19,4.218477360568073,65.78150863943192,548.6177820528621,1,6.435463857314971e-05,0.7658564710479682,0.172781715914297,0.06136181303773485,200.0,92.08150863943192,-209.98152263943192,-1.4,-1.0,-11.2,0.0,0.0,-29.5,-9.0,-3.5,-6.1,-5.5,-14.9
1867,10796747.90753175,20,4.218477360568073,65.78150863943192,548.6177820528621,1,6.435463857314971e-05,0.765859589988461,0.17278006492184722,0.06136034508969172,200.0,92.08150863943192,-209.98152263943192,-1.4,-1.0,-11.2,0.0,0.0,-29.5,-9.0,-3.5,-6.1,-5.5,-14.9
1868,10796747.90753175,21,4.218477360568073,65.78150863943192,548.6177820528621,1,6.435463857314971e-05,0.7658615117941838,0.17278052165734673,0.06135796654846951,200.0,92.08150863943192,-209.98152263943192,-1.4,-1.0,-11.2,0.0,0.0,-29.5,-9.0,-3.5,-6.1,-5.5,-14.9
1869,10796747.90753175,22,4.218477360568073,65.78150863943192,548.6177820528621,1,6.435463857314971e-05,0.7658628164528335,0.17278141062727426,0.06135577291989231,200.0,92.08150863943192,-209.98152263943192,-1.4,-1.0,-11.2,0.0,0.0,-29.5,-9.0,-3.5,-6.1,-5.5,-14.9
1870,10796747.90753175,23,4.218477360568073,65.78150863943192,548.6177820528621,1,6.435463857314971e-05,0.7658603774721829,0.17278481158429557,0.06135481094352156,200.0,92.08150863943192,-209.98152263943192,-1.4,-1.0,-11.2,0.0,0.0,-29.5,-9.0,-3.5,-6.1,-5.5,-14.9
1871,10796747.90753175,24,4.218477360568073,65.78150863943192,548.6177820528621,1,6.435463857314971e-05,0.7658570137587288,0.17278849799642956,0.061354488244841625,200.0,92.08150863943192,-209.98152263943192,-1.4,-1.0,-11.2,0.0,0.0,-29.5,-9.0,-3.5,-6.1,-5.5,-14.9
1872,10796747.90753175,25,4.218477360568073,65.78150863943192,548.6177820528621,1,6.435463857314971e-05,0.7658543470873549,0.1727908836450822,0.061354769267562906,200.0,92.08150863943192,-209.98152263943192,-1.4,-1.0,-11.2,0.0,0.0,-29.5,-9.0,-3.5,-6.1,-5.5,-14.9
1873,10796747.90753175,26,4.218477360568073,65.78150863943192,548.6177820528621,1,6.435463857314971e-05,0.7658533939843737,0.1727915093956274,0.06135509661999896,200.0,92.08150863943192,-209.98152263943192,-1.4,-1.0,-11.2,0.0,0.0,-29.5,-9.0,-3.5,-6.1,-5.5,-14.9
1874,10796747.90753175,27,4.218477360568073,65.78150863943192,548.6177820528621,1,6.435463857314971e-05,0.7658519704297875,0.17279255736490406,0.06135547220530842,200.0,92.08150863943192,-209.98152263943192,-1.4,-1.0,-11.2,0.0,0.0,-29.5,-9.0,-3.5,-6.1,-5.5,-14.9
1875,10796747.90753175,28,4.218477360568073,65.78150863943192,548.6177820528621,1,6.435463857314971e-05,0.7658490525723824,0.17279505176016804,0.06135589566744957,200.0,92.08150863943192,-209.98152263943192,-1.4,-1.0,-11.2,0.0,0.0,-29.5,-9.0,-3.5,-6.1,-5.5,-14.9
1876,10796747.90753175,29,4.218477360568073,65.78150863943192,548.6177820528621,1,6.435463857314971e-05,0.7658462843024528,0.17279683049141423,0.06135688520613301,200.0,92.08150863943192,-209.98152263943192,-1.4,-1.0,-11.2,0.0,0.0,-29.5,-9.0,-3.5,-6.1,-5.5,-14.9
1877,10796747.90753175,30,4.218477360568073,65.78150863943192,548.6177820528621,1,6.435463857314971e-05,0.765842087731214,0.17279949699411454,0.06135841527467147,200.0,92.08150863943192,-209.98152263943192,-1.4,-1.0,-11.2,0.0,0.0,-29.5,-9.0,-3.5,-6.1,-5.5,-14.9
1878,10796747.90753175,31,4.218477360568073,65.78150863943192,548.6177820528621,1,6.435463857314971e-05,0.7658370624840676,0.1728030038355682,0.06135993368036417,200.0,92.08150863943192,-209.98152263943192,-1.4,-1.0,-11.2,0.0,0.0,-29.5,-9.0,-3.5,-6.1,-5.5,-14.9
1879,10796747.90753175,32,4.218477360568073,65.78150863943192,548.6177820528621,1,6.435463857314971e-05,0.7658328199416925,0.1728057422553708,0.06136143780293674,200.0,92.08150863943192,-209.98152263943192,-1.4,-1.0,-11.2,0.0,0.0,-29.5,-9.0,-3.5,-6.1,-5.5,-14.9
1880,10796747.90753175,33,4.218477360568073,65.78150863943192,548.6177820528621,1,6.435463857314971e-05,0.7658282713912242,0.17280827506119315,0.06136345354758268,200.0,92.08150863943192,-209.98152263943192,-1.4,-1.0,-11.2,0.0,0.0,-29.5,-9.0,-3.5,-6.1,-5.5,-14.9
1881,10796747.90753175,34,4.218477360568073,65.78150863943192,548.6177820528621,1,6.435463857314971e-05,0.765823950803266,0.17280957209205025,0.061366477104683764,200.0,92.08150863943192,-209.98152263943192,-1.4,-1.0,-11.2,0.0,0.0,-29.5,-9.0,-3.5,-6.1,-5.5,-14.9
1882,10796747.90753175,35,4.218477360568073,65.78150863943192,548.6177820528621,1,6.435463857314971e-05,0.7658208941619516,0.17280917362783135,0.061369932210217026,200.0,92.08150863943192,-209.98152263943192,-1.4,-1.0,-11.2,0.0,0.0,-29.5,-9.0,-3.5,-6.1,-5.5,-14.9
1883,10796747.90753175,36,4.218477360568073,65.78150863943192,548.6177820528621,1,6.435463857314971e-05,0.7658174808800214,0.17280976497904588,0.06137275414093267,200.0,92.08150863943192,-209.98152263943192,-1.4,-1.0,-11.2,0.0,0.0,-29.5,-9.0,-3.5,-6.1,-5.5,-14.9
1884,10796747.90753175,37,4.218477360568073,65.78150863943192,548.6177820528621,1,6.435463857314971e-05,0.765814258260319,0.17281181205301369,0.061373929686667335,200.0,92.08150863943192,-209.98152263943192,-1.4,-1.0,-11.2,0.0,0.0,-29.5,-9.0,-3.5,-6.1,-5.5,-14.9
1885,10796747.90753175,38,4.218477360568073,65.78150863943192,548.6177820528621,1,6.435463857314971e-05,0.7658122509951286,0.17281316405648459,0.061374584948386754,200.0,92.08150863943192,-209.98152263943192,-1.4,-1.0,-11.2,0.0,0.0,-29.5,-9.0,-3.5,-6.1,-5.5,-14.9
1886,10796747.90753175,39,4.218477360568073,65.78150863943192,548.6177820528621,1,6.435463857314971e-05,0.7658098231742034,0.17281386278103303,0.06137631404476355,200.0,92.08150863943192,-209.98152263943192,-1.4,-1.0,-11.2,0.0,0.0,-29.5,-9.0,-3.5,-6.1,-5.5,-14.9
1887,10796747.90753175,40,4.218477360568073,65.78150863943192,548.6177820528621,1,6.435463857314971e-05,0.7658080528081751,0.1728149721856618,0.061376975006163174,200.0,92.08150863943192,-209.98152263943192,-1.4,-1.0,-11.2,0.0,0.0,-29.5,-9.0,-3.5,-6.1,-5.5,-14.9
1888,10796747.90753175,41,4.218477360568073,65.78150863943192,548.6177820528621,1,6.435463857314971e-05,0.7658037727158102,0.17281803584854652,0.06137819143564326,200.0,92.08150863943192,-209.98152263943192,-1.4,-1.0,-11.2,0.0,0.0,-29.5,-9.0,-3.5,-6.1,-5.5,-14.9
1889,10796747.90753175,42,4.218477360568073,65.78150863943192,548.6177820528621,1,6.435463857314971e-05,0.7658012760603362,0.17281931797333713,0.06137940596632661,200.0,92.08150863943192,-209.98152263943192,-1.4,-1.0,-11.2,0.0,0.0,-29.5,-9.0,-3.5,-6.1,-5.5,-14.9
1890,10796747.90753175,43,4.218477360568073,65.78150863943192,548.6177820528621,1,6.435463857314971e-05,0.7657989229526102,0.17282201608582856,0.061379060961561316,200.0,92.08150863943192,-209.98152263943192,-1.4,-1.0,-11.2,0.0,0.0,-29.5,-9.0,-3.5,-6.1,-5.5,-14.9
1891,10796747.90753175,44,4.218477360568073,65.78150863943192,548.6177820528621,1,6.435463857314971e-05,0.7657951423339511,0.17282709792052572,0.061377759745523175,200.0,92.08150863943192,-209.98152263943192,-1.4,-1.0,-11.2,0.0,0.0,-29.5,-9.0,-3.5,-6.1,-5.5,-14.9
1892,10796747.90753175,45,4.218477360568073,65.78150863943192,548.6177820528621,1,6.435463857314971e-05,0.7657910342149916,0.17283133932649544,0.061377626458513,200.0,92.08150863943192,-209.98152263943192,-1.4,-1.0,-11.2,0.0,0.0,-29.5,-9.0,-3.5,-6.1,-5.5,-14.9
1893,10796747.90753175,46,4.218477360568073,65.78150863943192,548.6177820528621,1,6.435463857314971e-05,0.765787653249278,0.17283374652335382,0.06137860022736813,200.0,92.08150863943192,-209.98152263943192,-1.4,-1.0,-11.2,0.0,0.0,-29.5,-9.0,-3.5,-6.1,-5.5,-14.9
1894,10796747.90753175,47,4.218477360568073,65.78150863943192,548.6177820528621,1,6.435463857314971e-05,0.7657854841222811,0.17283441124914925,0.061380104628569736,200.0,92.08150863943192,-209.98152263943192,-1.4,-1.0,-11.2,0.0,0.0,-29.5,-9.0,-3.5,-6.1,-5.5,-14.9
1895,10796747.90753175,48,4.218477360568073,65.78150863943192,548.6177820528621,1,6.435463857314971e-05,0.7657829205632811,0.172836521072145,0.06138055836457373,200.0,92.08150863943192,-209.98152263943192,-1.4,-1.0,-11.2,0.0,0.0,-29.5,-9.0,-3.5,-6.1,-5.5,-14.9
1896,10796747.90753175,49,4.218477360568073,65.78150863943192,548.6177820528621,1,6.435463857314971e-05,0.7657794570708288,0.1728394893544931,0.06138105357467813,200.0,92.08150863943192,-209.98152263943192,-1.4,-1.0,-11.2,0.0,0.0,-29.5,-9.0,-3.5,-6.1,-5.5,-14.9
1897,10796747.90753175,0,4.218477360568073,65.78150863943192,548.6177820528621,1,6.435463857314971e-05,0.7657756543080264,0.17284224010516955,0.061382105586804056,200.0,92.08150863943192,-209.98152263943192,-1.4,-1.0,-11.2,0.0,0.0,-29.5,-9.0,-3.5,-6.1,-5.5,-14.9
1898,10796747.90753175,1,4.218477360568073,65.78150863943192,548.6177820528621,1,6.435463857314971e-05,0.7657710080068307,0.17284478625099034,0.06138420574217898,200.0,92.08150863943192,-209.98152263943192,-1.4,-1.0,-11.2,0.0,0.0,-29.5,-9.0,-3.5,-6.1,-5.5,-14.9
1899,10796747.90753175,2,4.218477360568073,65.78150863943192,548.6177820528621,1,6.435463857314971e-05,0.7657686815310151,0.17284609697441788,0.06138522149456713,200.0,92.08150863943192,-209.98152263943192,-1.4,-1.0,-11.2,0.0,0.0,-29.5,-9.0,-3.5,-6.1,-5.5,-14.9
1900,10796747.90753175,3,4.218477360568073,65.78150863943192,548.6177820528621,1,6.435463857314971e-05,0.7657685594924168,0.17284674925257507,0.06138469125500813,200.0,92.08150863943192,-209.98152263943192,-1.4,-1.0,-11.2,0.0,0.0,-29.5,-9.0,-3.5,-6.1,-5.5,-14.9
1901,10796747.90753175,4,4.218477360568073,65.78150863943192,548.6177820528621,1,6.435463857314971e-05,0.7657715441819152,0.1728431778979774,0.0613852779201074,200.0,92.08150863943192,-209.98152263943192,-1.4,-1.0,-11.2,0.0,0.0,-29.5,-9.0,-3.5,-6.1,-5.5,-14.9
1902,10796747.90753175,5,4.218477360568073,65.78150863943192,548.6177820528621,1,6.435463857314971e-05,0.7657759209245002,0.1728366333350529,0.061387445740446966,200.0,92.08150863943192,-209.98152263943192,-1.4,-1.0,-11.2,0.0,0.0,-29.5,-9.0,-3.5,-6.1,-5.5,-14.9
1903,10796747.90753175,6,4.218477360568073,65.78150863943192,548.6177820528621,1,6.435463857314971e-05,0.7657805897449648,0.17282881032645878,0.0613905999285765,200.0,92.08150863943192,-209.98152263943192,-1.4,-1.0,-11.2,0.0,0.0,-29.5,-9.0,-3.5,-6.1,-5.5,-14.9
1904,10796747.90753175,7,4.218477360568073,65.78150863943192,548.6177820528621,1,6.435463857314971e-05,0.7657839941182758,0.1728218294531026,0.061394176428621584,200.0,92.08150863943192,-209.98152263943192,-1.4,-1.0,-11.2,0.0,0.0,-29.5,-9.0,-3.5,-6.1,-5.5,-14.9
1905,10796747.90753175,8,4.218477360568073,65.78150863943192,548.6177820528621,1,6.435463857314971e-05,0.7657877376803771,0.17281359439160032,0.06139866792802255,200.0,92.08150863943192,-209.98152263943192,-1.4,-1.0,-11.2,0.0,0.0,-29.5,-9.0,-3.5,-6.1,-5.5,-14.9
1906,10796747.90753175,9,4.218477360568073,65.78150863943192,548.6177820528621,1,6.435463857314971e-05,0.7657918193479454,0.17280570472954157,0.06140247592251303,200.0,92.08150863943192,-209.98152263943192,-1.4,-1.0,-11.2,0.0,0.0,-29.5,-9.0,-3.5,-6.1,-5.5,-14.9
1907,10796747.90753175,10,4.218477360568073,65.78150863943192,548.6177820528621,1,6.435463857314971e-05,0.7657962320729639,0.17279916596706518,0.061404601959970946,200.0,92.08150863943192,-209.98152263943192,-1.4,-1.0,-11.2,0.0,0.0,-29.5,-9.0,-3.5,-6.1,-5.5,-14.9
1908,10796747.90753175,11,4.218477360568073,65.78150863943192,548.6177820528621,1,6.435463857314971e-05,0.7657999144765849,0.17279340236850516,0.061406683154910005,200.0,92.08150863943192,-209.98152263943192,-1.4,-1.0,-11.2,0.0,0.0,-29.5,-9.0,-3.5,-6.1,-5.5,-14.9
1909,10796747.90753175,12,4.218477360568073,65.78150863943192,548.6177820528621,1,6.435463857314971e-05,0.7658003178451956,0.17278940636423212,0.06141027579057226,200.0,92.08150863943192,-209.98152263943192,-1.4,-1.0,-11.2,0.0,0.0,-29.5,-9.0,-3.5,-6.1,-5.5,-14.9
1910,10796747.90753175,13,4.218477360568073,65.78150863943192,548.6177820528621,1,6.435463857314971e-05,0.7658037837716326,0.1727819583146567,0.06141425791371073,200.0,92.08150863943192,-209.98152263943192,-1.4,-1.0,-11.2,0.0,0.0,-29.5,-9.0,-3.5,-6.1,-5.5,-14.9
1911,10796747.90753175,14,4.218477360568073,65.78150863943192,548.6177820528621,1,6.435463857314971e-05,0.7658065619991626,0.1727748206153431,0.061418617385494326,200.0,92.08150863943192,-209.98152263943192,-1.4,-1.0,-11.2,0.0,0.0,-29.5,-9.0,-3.5,-6.1,-5.5,-14.9
1912,10796747.90753175,15,4.218477360568073,65.78150863943192,548.6177820528621,1,6.435463857314971e-05,0.7658112637901443,0.1727664388985676,0.061422297311288176,200.0,92.08150863943192,-209.98152263943192,-1.4,-1.0,-11.2,0.0,0.0,-29.5,-9.0,-3.5,-6.1,-5.5,-14.9
1913,10796747.90753175,16,4.218477360568073,65.78150863943192,548.6177820528621,1,6.435463857314971e-05,0.7658162468919141,0.17275790196079463,0.061425851147291266,200.0,92.08150863943192,-209.98152263943192,-1.4,-1.0,-11.2,0.0,0.0,-29.5,-9.0,-3.5,-6.1,-5.5,-14.9
1914,10796747.90753175,17,4.218477360568073,65.78150863943192,548.6177820528621,1,6.435463857314971e-05,0.7658214904512048,0.17274870901825554,0.06142980053053959,200.0,92.08150863943192,-209.98152263943192,-1.4,-1.0,-11.2,0.0,0.0,-29.5,-9.0,-3.5,-6.1,-5.5,-14.9
1915,10796747.90753175,18,4.218477360568073,65.78150863943192,548.6177820528621,1,6.435463857314971e-05,0.7658305817096034,0.17273684656407756,0.061432571726319087,200.0,92.08150863943192,-209.98152263943192,-1.4,-1.0,-11.2,0.0,0.0,-29.5,-9.0,-3.5,-6.1,-5.5,-14.9
1916,10796747.90753175,19,4.218477360568073,65.78150863943192,548.6177820528621,1,6.435463857314971e-05,0.7658402356564337,0.17272398852720777,0.06143577581635863,200.0,92.08150863943192,-209.98152263943192,-1.4,-1.0,-11.2,0.0,0.0,-29.5,-9.0,-3.5,-6.1,-5.5,-14.9
1917,10796747.90753175,20,4.218477360568073,65.78150863943192,548.6177820528621,1,6.435463857314971e-05,0.7658499116635256,0.17271069641690323,0.06143939191957126,200.0,92.08150863943192,-209.98152263943192,-1.4,-1.0,-11.2,0.0,0.0,-29.5,-9.0,-3.5,-6.1,-5.5,-14.9
1918,10796747.90753175,21,4.218477360568073,65.78150863943192,548.6177820528621,1,6.435463857314971e-05,0.7658585866544966,0.17269801192339626,0.06144340142210725,200.0,92.08150863943192,-209.98152263943192,-1.4,-1.0,-11.2,0.0,0.0,-29.5,-9.0,-3.5,-6.1,-5.5,-14.9
1919,10796747.90753175,22,4.218477360568073,65.78150863943192,548.6177820528621,1,6.435463857314971e-05,0.7658637519875569,0.17268794323737052,0.06144830477507267,200.0,92.08150863943192,-209.98152263943192,-1.4,-1.0,-11.2,0.0,0.0,-29.5,-9.0,-3.5,-6.1,-5.5,-14.9
1920,10796747.90753175,23,4.218477360568073,65.78150863943192,548.6177820528621,1,6.435463857314971e-05,0.7658707293687712,0.1726783111811999,0.06145095945002894,200.0,92.08150863943192,-209.98152263943192,-1.4,-1.0,-11.2,0.0,0.0,-29.5,-9.0,-3.5,-6.1,-5.5,-14.9
1921,10796747.90753175,24,4.218477360568073,65.78150863943192,548.6177820528621,1,6.435463857314971e-05,0.7658793845403277,0.17266605289528594,0.0614545625643864,200.0,92.08150863943192,-209.98152263943192,-1.4,-1.0,-11.2,0.0,0.0,-29.5,-9.0,-3.5,-6.1,-5.5,-14.9
1922,10796747.90753175,25,4.218477360568073,65.78150863943192,548.6177820528621,1,6.435463857314971e-05,0.7658871045138671,0.17265536425851255,0.06145753122762039,200.0,92.08150863943192,-209.98152263943192,-1.4,-1.0,-11.2,0.0,0.0,-29.5,-9.0,-3.5,-6.1,-5.5,-14.9
1923,10796747.90753175,26,4.218477360568073,65.78150863943192,548.6177820528621,1,6.435463857314971e-05,0.7658970116326274,0.17264463613472195,0.06145835223265068,200.0,92.08150863943192,-209.98152263943192,-1.4,-1.0,-11.2,0.0,0.0,-29.5,-9.0,-3.5,-6.1,-5.5,-14.9
1924,10796747.90753175,27,4.218477360568073,65.78150863943192,548.6177820528621,1,6.435463857314971e-05,0.7659053979645858,0.1726348959392723,0.06145970609614185,200.0,92.08150863943192,-209.98152263943192,-1.4,-1.0,-11.2,0.0,0.0,-29.5,-9.0,-3.5,-6.1,-5.5,-14.9
1925,10796747.90753175,28,4.218477360568073,65.78150863943192,548.6177820528621,1,6.435463857314971e-05,0.7659133509879055,0.17262457319475327,0.061462075817341276,200.0,92.08150863943192,-209.98152263943192,-1.4,-1.0,-11.2,0.0,0.0,-29.5,-9.0,-3.5,-6.1,-5.5,-14.9
1926,10796747.90753175,29,4.218477360568073,65.78150863943192,548.6177820528621,1,6.435463857314971e-05,0.765922444480577,0.1726141980234136,0.061463357496009376,200.0,92.08150863943192,-209.98152263943192,-1.4,-1.0,-11.2,0.0,0.0,-29.5,-9.0,-3.5,-6.1,-5.5,-14.9
1927,10796747.90753175,30,4.218477360568073,65.78150863943192,548.6177820528621,1,6.435463857314971e-05,0.7659315900150473,0.17260377739179525,0.061464632593157494,200.0,92.08150863943192,-209.98152263943192,-1.4,-1.0,-11.2,0.0,0.0,-29.5,-9.0,-3.5,-6.1,-5.5,-14.9
1928,10796747.90753175,31,4.218477360568073,65.78150863943192,548.6177820528621,1,6.435463857314971e-05,0.7659417996949023,0.17259230137740933,0.06146589892768838,200.0,92.08150863943192,-209.98152263943192,-1.4,-1.0,-11.2,0.0,0.0,-29.5,-9.0,-3.5,-6.1,-5.5,-14.9
1929,10796747.90753175,32,4.218477360568073,65.78150863943192,548.6177820528621,1,6.435463857314971e-05,0.765952017481047,0.17258184525642106,0.061466137262531924,200.0,92.08150863943192,-209.98152263943192,-1.4,-1.0,-11.2,0.0,0.0,-29.5,-9.0,-3.5,-6.1,-5.5,-14.9
1930,10796747.90753175,33,4.218477360568073,65.78150863943192,548.6177820528621,1,6.435463857314971e-05,0.7659627359097132,0.1725708438342685,0.061466420256018256,200.0,92.08150863943192,-209.98152263943192,-1.4,-1.0,-11.2,0.0,0.0,-29.5,-9.0,-3.5,-6.1,-5.5,-14.9
1931,10796747.90753175,34,4.218477360568073,65.78150863943192,548.6177820528621,1,6.435463857314971e-05,0.7659723946805569,0.17255983495719043,0.06146777036225273,200.0,92.08150863943192,-209.98152263943192,-1.4,-1.0,-11.2,0.0,0.0,-29.5,-9.0,-3.5,-6.1,-5.5,-14.9
1932,10796747.90753175,35,4.218477360568073,65.78150863943192,548.6177820528621,1,6.435463857314971e-05,0.7659825944338694,0.17254931721005937,0.061468088356071295,200.0,92.08150863943192,-209.98152263943192,-1.4,-1.0,-11.2,0.0,0.0,-29.5,-9.0,-3.5,-6.1,-5.5,-14.9
1933,10796747.90753175,36,4.218477360568073,65.78150863943192,548.6177820528621,1,6.435463857314971e-05,0.7659917676887649,0.17253927181447962,0.06146896049675554,200.0,92.08150863943192,-209.98152263943192,-1.4,-1.0,-11.2,0.0,0.0,-29.5,-9.0,-3.5,-6.1,-5.5,-14.9
1934,10796747.90753175,37,4.218477360568073,65.78150863943192,548.6177820528621,1,6.435463857314971e-05,0.7659994530414009,0.17252967701389638,0.06147086994470276,200.0,92.08150863943192,-209.98152263943192,-1.4,-1.0,-11.2,0.0,0.0,-29.5,-9.0,-3.5,-6.1,-5.5,-14.9
1935,10796747.90753175,38,4.218477360568073,65.78150863943192,548.6177820528621,1,6.435463857314971e-05,0.7660037097669952,0.17252303102326366,0.0614732592097412,200.0,92.08150863943192,-209.98152263943192,-1.4,-1.0,-11.2,0.0,0.0,-29.5,-9.0,-3.5,-6.1,-5.5,-14.9
1936,10796747.90753175,39,4.218477360568073,65.78150863943192,548.6177820528621,1,6.435463857314971e-05,0.7660072609321236,0.17251817042846085,0.0614745686394156,200.0,92.08150863943192,-209.98152263943192,-1.4,-1.0,-11.2,0.0,0.0,-29.5,-9.0,-3.5,-6.1,-5.5,-14.9
1937,10796747.90753175,40,4.218477360568073,65.78150863943192,548.6177820528621,1,6.435463857314971e-05,0.7660126481336345,0.17251097667109266,0.06147637519527296,200.0,92.08150863943192,-209.98152263943192,-1.4,-1.0,-11.2,0.0,0.0,-29.5,-9.0,-3.5,-6.1,-5.5,-14.9
1938,10796747.90753175,41,4.218477360568073,65.78150863943192,548.6177820528621,1,6.435463857314971e-05,0.7660172591257385,0.17250459040458402,0.06147815046967751,200.0,92.08150863943192,-209.98152263943192,-1.4,-1.0,-11.2,0.0,0.0,-29.5,-9.0,-3.5,-6.1,-5.5,-14.9
1939,10796747.90753175,42,4.218477360568073,65.78150863943192,548.6177820528621,1,6.435463857314971e-05,0.766022156760895,0.17249896717478408,0.06147887606432095,200.0,92.08150863943192,-209.98152263943192,-1.4,-1.0,-11.2,0.0,0.0,-29.5,-9.0,-3.5,-6.1,-5.5,-14.9
1940,10796747.90753175,43,4.218477360568073,65.78150863943192,548.6177820528621,1,6.435463857314971e-05,0.766025293913914,0.1724950788863757,0.061479627199710354,200.0,92.08150863943192,-209.98152263943192,-1.4,-1.0,-11.2,0.0,0.0,-29.5,-9.0,-3.5,-6.1,-5.5,-14.9
1941,10796747.90753175,44,4.218477360568073,65.78150863943192,548.6177820528621,1,6.435463857314971e-05,0.7660262552912253,0.17249334102506078,0.06148040368371406,200.0,92.08150863943192,-209.98152263943192,-1.4,-1.0,-11.2,0.0,0.0,-29.5,-9.0,-3.5,-6.1,-5.5,-14.9
1942,10796747.90753175,45,4.218477360568073,65.78150863943192,548.6177820528621,1,6.435463857314971e-05,0.7660261663820294,0.1724931396389483,0.06148069397902238,200.0,92.08150863943192,-209.98152263943192,-1.4,-1.0,-11.2,0.0,0.0,-29.5,-9.0,-3.5,-6.1,-5.5,-14.9
1943,10796747.90753175,46,4.218477360568073,65.78150863943192,548.6177820528621,1,6.435463857314971e-05,0.7660275947587293,0.172491380737577,0.061481024503693714,200.0,92.08150863943192,-209.98152263943192,-1.4,-1.0,-11.2,0.0,0.0,-29.5,-9.0,-3.5,-6.1,-5.5,-14.9
1944,10796747.90753175,47,4.218477360568073,65.78150863943192,548.6177820528621,1,6.435463857314971e-05,0.7660274269381407,0.17249015803543716,0.0614824150264221,200.0,92.08150863943192,-209.98152263943192,-1.4,-1.0,-11.2,0.0,0.0,-29.5,-9.0,-3.5,-6.1,-5.5,-14.9
1945,10796747.90753175,48,4.218477360568073,65.78150863943192,548.6177820528621,1,6.435463857314971e-05,0.7660267507739317,0.1724884394402086,0.061484809785859754,200.0,92.08150863943192,-209.98152263943192,-1.4,-1.0,-11.2,0.0,0.0,-29.5,-9.0,-3.5,-6.1,-5.5,-14.9
1946,10796747.90753175,49,4.218477360568073,65.78150863943192,548.6177820528621,1,6.435463857314971e-05,0.7660250956065504,0.1724872526585736,0.06148765173487609,200.0,92.08150863943192,-209.98152263943192,-1.4,-1.0,-11.2,0.0,0.0,-29.5,-9.0,-3.5,-6.1,-5.5,-14.9
1947,10796747.90753175,0,4.218477360568073,65.78150863943192,548.6177820528621,1,6.435463857314971e-05,0.7660230214471949,0.1724865689719447,0.06149040958086048,200.0,92.08150863943192,-209.98152263943192,-1.4,-1.0,-11.2,0.0,0.0,-29.5,-9.0,-3.5,-6.1,-5.5,-14.9
1948,10796747.90753175,1,4.218477360568073,65.78150863943192,548.6177820528621,1,6.435463857314971e-05,0.7660185166677914,0.1724868693471836,0.061494613985025016,200.0,92.08150863943192,-209.98152263943192,-1.4,-1.0,-11.2,0.0,0.0,-29.5,-9.0,-3.5,-6.1,-5.5,-14.9
1949,10796747.90753175,2,4.218477360568073,65.78150863943192,548.6177820528621,1,6.435463857314971e-05,0.7660157622705834,0.17248659131526622,0.061497646414150335,200.0,92.08150863943192,-209.98152263943192,-1.4,-1.0,-11.2,0.0,0.0,-29.5,-9.0,-3.5,-6.1,-5.5,-14.9
1950,10796747.90753175,3,4.218477360568073,65.78150863943192,548.6177820528621,1,6.435463857314971e-05,0.7660161606144507,0.17248326281387505,0.06150057657167424,200.0,92.08150863943192,-209.98152263943192,-1.4,-1.0,-11.2,0.0,0.0,-29.5,-9.0,-3.5,-6.1,-5.5,-14.9
1951,10796747.90753175,4,4.218477360568073,65.78150863943192,548.6177820528621,1,6.435463857314971e-05,0.7660150339700447,0.1724815459031942,0.061503420126761105,200.0,92.08150863943192,-209.98152263943192,-1.4,-1.0,-11.2,0.0,0.0,-29.5,-9.0,-3.5,-6.1,-5.5,-14.9
1952,10796747.90753175,5,4.218477360568073,65.78150863943192,548.6177820528621,1,6.435463857314971e-05,0.7660139793390929,0.1724808550067402,0.061505165654167,200.0,92.08150863943192,-209.98152263943192,-1.4,-1.0,-11.2,0.0,0.0,-29.5,-9.0,-3.5,-6.1,-5.5,-14.9
1953,10796747.90753175,6,4.218477360568073,65.78150863943192,548.6177820528621,1,6.435463857314971e-05,0.7660149983835497,0.1724791367188372,0.061505864897613144,200.0,92.08150863943192,-209.98152263943192,-1.4,-1.0,-11.2,0.0,0.0,-29.5,-9.0,-3.5,-6.1,-5.5,-14.9
1954,10796747.90753175,7,4.218477360568073,65.78150863943192,548.6177820528621,1,6.435463857314971e-05,0.766014463150256,0.17247894699879834,0.061506589850945634,200.0,92.08150863943192,-209.98152263943192,-1.4,-1.0,-11.2,0.0,0.0,-29.5,-9.0,-3.5,-6.1,-5.5,-14.9
1955,10796747.90753175,8,4.218477360568073,65.78150863943192,548.6177820528621,1,6.435463857314971e-05,0.7660164601442525,0.17247621008275668,0.06150732977299087,200.0,92.08150863943192,-209.98152263943192,-1.4,-1.0,-11.2,0.0,0.0,-29.5,-9.0,-3.5,-6.1,-5.5,-14.9
1956,10796747.90753175,9,4.218477360568073,65.78150863943192,548.6177820528621,1,6.435463857314971e-05,0.7660158326555447,0.17247455709439882,0.061509610250056496,200.0,92.08150863943192,-209.98152263943192,-1.4,-1.0,-11.2,0.0,0.0,-29.5,-9.0,-3.5,-6.1,-5.5,-14.9
1957,10796747.90753175,10,4.218477360568073,65.78150863943192,548.6177820528621,1,6.435463857314971e-05,0.7660142294173291,0.17247343032653298,0.06151234025613802,200.0,92.08150863943192,-209.98152263943192,-1.4,-1.0,-11.2,0.0,0.0,-29.5,-9.0,-3.5,-6.1,-5.5,-14.9
1958,10796747.90753175,11,4.218477360568073,65.78150863943192,548.6177820528621,1,6.435463857314971e-05,0.7660132079101558,0.1724718035353354,0.06151498855450888,200.0,92.08150863943192,-209.98152263943192,-1.4,-1.0,-11.2,0.0,0.0,-29.5,-9.0,-3.5,-6.1,-5.5,-14.9
1959,10796747.90753175,12,4.218477360568073,65.78150863943192,548.6177820528621,1,6.435463857314971e-05,0.7660107390684854,0.1724716970766144,0.06151756385490024,200.0,92.08150863943192,-209.98152263943192,-1.4,-1.0,-11.2,0.0,0.0,-29.5,-9.0,-3.5,-6.1,-5.5,-14.9
1960,10796747.90753175,13,4.218477360568073,65.78150863943192,548.6177820528621,1,6.435463857314971e-05,0.7660073888420589,0.17247203820682352,0.061520572951117625,200.0,92.08150863943192,-209.98152263943192,-1.4,-1.0,-11.2,0.0,0.0,-29.5,-9.0,-3.5,-6.1,-5.5,-14.9
1961,10796747.90753175,14,4.218477360568073,65.78150863943192,548.6177820528621,1,6.435463857314971e-05,0.7660022247590952,0.17247529167431946,0.06152248356658532,200.0,92.08150863943192,-209.98152263943192,-1.4,-1.0,-11.2,0.0,0.0,-29.5,-9.0,-3.5,-6.1,-5.5,-14.9
1962,10796747.90753175,15,4.218477360568073,65.78150863943192,548.6177820528621,1,6.435463857314971e-05,0.7659963234672754,0.17247931964204027,0.06152435689068438,200.0,92.08150863943192,-209.98152263943192,-1.4,-1.0,-11.2,0.0,0.0,-29.5,-9.0,-3.5,-6.1,-5.5,-14.9
1963,10796747.90753175,16,4.218477360568073,65.78150863943192,548.6177820528621,1,6.435463857314971e-05,0.765989715785683,0.17248358595159227,0.0615266982627248,200.0,92.08150863943192,-209.98152263943192,-1.4,-1.0,-11.2,0.0,0.0,-29.5,-9.0,-3.5,-6.1,-5.5,-14.9
1964,10796747.90753175,17,4.218477360568073,65.78150863943192,548.6177820528621,1,6.435463857314971e-05,0.7659819316386118,0.17248807973515307,0.061529988626235134,200.0,92.08150863943192,-209.98152263943192,-1.4,-1.0,-11.2,0.0,0.0,-29.5,-9.0,-3.5,-6.1,-5.5,-14.9
1965,10796747.90753175,18,4.218477360568073,65.78150863943192,548.6177820528621,1,6.435463857314971e-05,0.7659760308234348,0.1724902994401903,0.06153366973637493,200.0,92.08150863943192,-209.98152263943192,-1.4,-1.0,-11.2,0.0,0.0,-29.5,-9.0,-3.5,-6.1,-5.5,-14.9
1966,10796747.90753175,19,4.218477360568073,65.78150863943192,548.6177820528621,1,6.435463857314971e-05,0.7659699235457541,0.1724923502940124,0.061537726160233536,200.0,92.08150863943192,-209.98152263943192,-1.4,-1.0,-11.2,0.0,0.0,-29.5,-9.0,-3.5,-6.1,-5.5,-14.9
1967,10796747.90753175,20,4.218477360568073,65.78150863943192,548.6177820528621,1,6.435463857314971e-05,0.7659611137861465,0.17249573468446228,0.061543151529391174,200.0,92.08150863943192,-209.98152263943192,-1.4,-1.0,-11.2,0.0,0.0,-29.5,-9.0,-3.5,-6.1,-5.5,-14.9
1968,10796747.90753175,21,4.218477360568073,65.78150863943192,548.6177820528621,1,6.435463857314971e-05,0.7659517624849108,0.17250037936918963,0.06154785814589961,200.0,92.08150863943192,-209.98152263943192,-1.4,-1.0,-11.2,0.0,0.0,-29.5,-9.0,-3.5,-6.1,-5.5,-14.9
1969,10796747.90753175,22,4.218477360568073,65.78150863943192,548.6177820528621,1,6.435463857314971e-05,0.7659413917707569,0.17250622159042128,0.06155238663882186,200.0,92.08150863943192,-209.98152263943192,-1.4,-1.0,-11.2,0.0,0.0,-29.5,-9.0,-3.5,-6.1,-5.5,-14.9
1970,10796747.90753175,23,4.218477360568073,65.78150863943192,548.6177820528621,1,6.435463857314971e-05,0.7659315394359001,0.1725112150131317,0.06155724555096823,200.0,92.08150863943192,-209.98152263943192,-1.4,-1.0,-11.2,0.0,0.0,-29.5,-9.0,-3.5,-6.1,-5.5,-14.9
1971,10796747.90753175,24,4.218477360568073,65.78150863943192,548.6177820528621,1,6.435463857314971e-05,0.7659226846163341,0.1725154013796246,0.06156191400404133,200.0,92.08150863943192,-209.98152263943192,-1.4,-1.0,-11.2,0.0,0.0,-29.5,-9.0,-3.5,-6.1,-5.5,-14.9
1972,10796747.90753175,25,4.218477360568073,65.78150863943192,548.6177820528621,1,6.435463857314971e-05,0.7659162836132518,0.1725183230415931,0.06156539334515511,200.0,92.08150863943192,-209.98152263943192,-1.4,-1.0,-11.2,0.0,0.0,-29.5,-9.0,-3.5,-6.1,-5.5,-14.9
1973,10796747.90753175,26,4.218477360568073,65.78150863943192,548.6177820528621,1,6.435463857314971e-05,0.7659092075466862,0.17252153548625426,0.06156925696705951,200.0,92.08150863943192,-209.98152263943192,-1.4,-1.0,-11.2,0.0,0.0,-29.5,-9.0,-3.5,-6.1,-5.5,-14.9
1974,10796747.90753175,27,4.218477360568073,65.78150863943192,548.6177820528621,1,6.435463857314971e-05,0.7659024678758428,0.1725230445873424,0.061574487536814736,200.0,92.08150863943192,-209.98152263943192,-1.4,-1.0,-11.2,0.0,0.0,-29.5,-9.0,-3.5,-6.1,-5.5,-14.9
1975,10796747.90753175,28,4.218477360568073,65.78150863943192,548.6177820528621,1,6.435463857314971e-05,0.7658950794144556,0.17252540890141418,0.06157951168413023,200.0,92.08150863943192,-209.98152263943192,-1.4,-1.0,-11.2,0.0,0.0,-29.5,-9.0,-3.5,-6.1,-5.5,-14.9
1976,10796747.90753175,29,4.218477360568073,65.78150863943192,548.6177820528621,1,6.435463857314971e-05,0.7658880675461465,0.17252759498889114,0.06158433746496235,200.0,92.08150863943192,-209.98152263943192,-1.4,-1.0,-11.2,0.0,0.0,-29.5,-9.0,-3.5,-6.1,-5.5,-14.9
1977,10796747.90753175,30,4.218477360568073,65.78150863943192,548.6177820528621,1,6.435463857314971e-05,0.7658814050963368,0.17252911840930105,0.06158947649436217,200.0,92.08150863943192,-209.98152263943192,-1.4,-1.0,-11.2,0.0,0.0,-29.5,-9.0,-3.5,-6.1,-5.5,-14.9
1978,10796747.90753175,31,4.218477360568073,65.78150863943192,548.6177820528621,1,6.435463857314971e-05,0.7658750657024961,0.1725295197552958,0.06159541454220813,200.0,92.08150863943192,-209.98152263943192,-1.4,-1.0,-11.2,0.0,0.0,-29.5,-9.0,-3.5,-6.1,-5.5,-14.9
1979,10796747.90753175,32,4.218477360568073,65.78150863943192,548.6177820528621,1,6.435463857314971e-05,0.7658685464260259,0.17252984307823857,0.061601610495735544,200.0,92.08150863943192,-209.98152263943192,-1.4,-1.0,-11.2,0.0,0.0,-29.5,-9.0,-3.5,-6.1,-5.5,-14.9
1980,10796747.90753175,33,4.218477360568073,65.78150863943192,548.6177820528621,1,6.435463857314971e-05,0.7658618566128677,0.17253009230187724,0.061608051085255126,200.0,92.08150863943192,-209.98152263943192,-1.4,-1.0,-11.2,0.0,0.0,-29.5,-9.0,-3.5,-6.1,-5.5,-14.9
1981,10796747.90753175,34,4.218477360568073,65.78150863943192,548.6177820528621,1,6.435463857314971e-05,0.7658565070223142,0.17252977556477067,0.06161371741291506,200.0,92.08150863943192,-209.98152263943192,-1.4,-1.0,-11.2,0.0,0.0,-29.5,-9.0,-3.5,-6.1,-5.5,-14.9
1982,10796747.90753175,35,4.218477360568073,65.78150863943192,548.6177820528621,1,6.435463857314971e-05,0.7658499576702393,0.17253138801455364,0.061618654315207085,200.0,92.08150863943192,-209.98152263943192,-1.4,-1.0,-11.2,0.0,0.0,-29.5,-9.0,-3.5,-6.1,-5.5,-14.9
1983,10796747.90753175,36,4.218477360568073,65.78150863943192,548.6177820528621,1,6.435463857314971e-05,0.76584424647053,0.1725328591196012,0.061622894409868845,200.0,92.08150863943192,-209.98152263943192,-1.4,-1.0,-11.2,0.0,0.0,-29.5,-9.0,-3.5,-6.1,-5.5,-14.9
1984,10796747.90753175,37,4.218477360568073,65.78150863943192,548.6177820528621,1,6.435463857314971e-05,0.7658378488442839,0.17253567476025122,0.06162647639546498,200.0,92.08150863943192,-209.98152263943192,-1.4,-1.0,-11.2,0.0,0.0,-29.5,-9.0,-3.5,-6.1,-5.5,-14.9
1985,10796747.90753175,38,4.218477360568073,65.78150863943192,548.6177820528621,1,6.435463857314971e-05,0.7658322645071994,0.17253730514996407,0.06163043034283652,200.0,92.08150863943192,-209.98152263943192,-1.4,-1.0,-11.2,0.0,0.0,-29.5,-9.0,-3.5,-6.1,-5.5,-14.9
1986,10796747.90753175,39,4.218477360568073,65.78150863943192,548.6177820528621,1,6.435463857314971e-05,0.7658259715586527,0.17253928788266548,0.061634740558681865,200.0,92.08150863943192,-209.98152263943192,-1.4,-1.0,-11.2,0.0,0.0,-29.5,-9.0,-3.5,-6.1,-5.5,-14.9
1987,10796747.90753175,40,4.218477360568073,65.78150863943192,548.6177820528621,1,6.435463857314971e-05,0.7658185041201014,0.17254160594245185,0.0616398899374468,200.0,92.08150863943192,-209.98152263943192,-1.4,-1.0,-11.2,0.0,0.0,-29.5,-9.0,-3.5,-6.1,-5.5,-14.9
1988,10796747.90753175,41,4.218477360568073,65.78150863943192,548.6177820528621,1,6.435463857314971e-05,0.7658119209618421,0.17254374699675445,0.06164433204140341,200.0,92.08150863943192,-209.98152263943192,-1.4,-1.0,-11.2,0.0,0.0,-29.5,-9.0,-3.5,-6.1,-5.5,-14.9
1989,10796747.90753175,42,4.218477360568073,65.78150863943192,548.6177820528621,1,6.435463857314971e-05,0.7658056757283418,0.17254572100199136,0.06164860326966681,200.0,92.08150863943192,-209.98152263943192,-1.4,-1.0,-11.2,0.0,0.0,-29.5,-9.0,-3.5,-6.1,-5.5,-14.9
1990,10796747.90753175,43,4.218477360568073,65.78150863943192,548.6177820528621,1,6.435463857314971e-05,0.7658002528036408,0.17254753530573533,0.06165221189062382,200.0,92.08150863943192,-209.98152263943192,-1.4,-1.0,-11.2,0.0,0.0,-29.5,-9.0,-3.5,-6.1,-5.5,-14.9
1991,10796747.90753175,44,4.218477360568073,65.78150863943192,548.6177820528621,1,6.435463857314971e-05,0.7657956018122224,0.1725487078299004,0.061655690357877185,200.0,92.08150863943192,-209.98152263943192,-1.4,-1.0,-11.2,0.0,0.0,-29.5,-9.0,-3.5,-6.1,-5.5,-14.9
1992,10796747.90753175,45,4.218477360568073,65.78150863943192,548.6177820528621,1,6.435463857314971e-05,0.765790699585572,0.1725502531093552,0.06165904730507286,200.0,92.08150863943192,-209.98152263943192,-1.4,-1.0,-11.2,0.0,0.0,-29.5,-9.0,-3.5,-6.1,-5.5,-14.9
1993,10796747.90753175,46,4.218477360568073,65.78150863943192,548.6177820528621,1,6.435463857314971e-05,0.7657855591397676,0.17255215210638442,0.06166228875384793,200.0,92.08150863943192,-209.98152263943192,-1.4,-1.0,-11.2,0.0,0.0,-29.5,-9.0,-3.5,-6.1,-5.5,-14.9
1994,10796747.90753175,47,4.218477360568073,65.78150863943192,548.6177820528621,1,6.435463857314971e-05,0.7657802180356224,0.1725558552667412,0.06166392669763642,200.0,92.08150863943192,-209.98152263943192,-1.4,-1.0,-11.2,0.0,0.0,-29.5,-9.0,-3.5,-6.1,-5.5,-14.9
1995,10796747.90753175,48,4.218477360568073,65.78150863943192,548.6177820528621,1,6.435463857314971e-05,0.7657781177827836,0.17255734864807898,0.06166453356913749,200.0,92.08150863943192,-209.98152263943192,-1.4,-1.0,-11.2,0.0,0.0,-29.5,-9.0,-3.5,-6.1,-5.5,-14.9
1996,10796747.90753175,49,4.218477360568073,65.78150863943192,548.6177820528621,1,6.435463857314971e-05,0.7657756389452482,0.1725591975889908,0.061665163465760925,200.0,92.08150863943192,-209.98152263943192,-1.4,-1.0,-11.2,0.0,0.0,-29.5,-9.0,-3.5,-6.1,-5.5,-14.9
1997,10796747.90753175,0,4.218477360568073,65.78150863943192,548.6177820528621,1,6.435463857314971e-05,0.765769363481779,0.17256481390892325,0.06166582260929777,200.0,92.08150863943192,-209.98152263943192,-1.4,-1.0,-11.2,0.0,0.0,-29.5,-9.0,-3.5,-6.1,-5.5,-14.9
1998,10796747.90753175,1,4.218477360568073,65.78150863943192,548.6177820528621,1,6.435463857314971e-05,0.7657639101861116,0.17257008627490236,0.06166600353898616,200.0,92.08150863943192,-209.98152263943192,-1.4,-1.0,-11.2,0.0,0.0,-29.5,-9.0,-3.5,-6.1,-5.5,-14.9
1999,10796747.90753175,2,4.218477360568073,65.78150863943192,548.6177820528621,1,6.435463857314971e-05,0.765759720383723,0.17257405392975958,0.061666225686517466,200.0,92.08150863943192,-209.98152263943192,-1.4,-1.0,-11.2,0.0,0.0,-29.5,-9.0,-3.5,-6.1,-5.5,-14.9
