Iteration,Best_Fitness,Stagnation_Counter,Total_Load_Shed,Gen_Deviation_Sum,Gen_Rescheduling_Cost,Num_Line_Violations,Max_Line_Violation_Pct,Prob_OOA,Prob_KHA,Prob_SHO,B_1,B_2,B_3,B_4,B_5,B_6,B_7,B_8,B_9,B_10,B_11,B_12,B_13,B_14
0,14964196.979605641,0,8.621999101904176,63.42144954212546,528.9348891813263,0,0.0,0.3333333333333333,0.3333333333333333,0.3333333333333333,198.97827567798518,88.69972522011064,-210.3933908576772,-1.291458302831014,-0.9545019784566261,-10.621441739821314,0.0,0.0,-28.213620939063944,-8.286629214079973,-3.183853424268988,-6.1,-5.191767310763544,-13.441337131133219
1,14020867.055507526,0,7.786760651999734,62.34054381494248,519.9201354166203,0,0.0,0.3349358974358974,0.3483974358974359,0.31666666666666665,199.93634776652888,88.57689158147136,-209.79228964093954,-1.3534831442337147,-0.9356801163345414,-10.583300498431456,0.0,0.0,-29.06469728305342,-8.354569722408877,-3.5,-6.0600418546964745,-5.198790232262748,-13.670386855639478
2,13956299.707623232,0,7.722451521865355,62.33796165897854,519.8986002358811,0,0.0,0.34318910256410257,0.3559775641025641,0.3008333333333333,199.96979340957807,88.60775506855661,-209.7945127158913,-1.352602768332322,-1.0,-10.58159413905211,0.0,0.0,-29.0616305871602,-8.350184604618315,-3.496096805382592,-6.064015042981765,-5.203412098134815,-13.673499716581215
3,13956299.707623232,1,7.722451521865355,62.33796165897854,519.8986002358811,0,0.0,0.34793047388217846,0.36627785945115493,0.28579166666666667,199.96979340957807,88.60775506855661,-209.7945127158913,-1.352602768332322,-1.0,-10.58159413905211,0.0,0.0,-29.0616305871602,-8.350184604618315,-3.496096805382592,-6.064015042981765,-5.203412098134815,-13.673499716581215
4,13398811.84238742,0,7.095952982069368,63.02806264913801,525.654042493811,0,0.0,0.35213888845967445,0.37635902820699224,0.2715020833333333,199.9379921843963,89.26605483353431,-210.32517387795815,-1.3398751081396176,-1.0,-10.654905581852578,0.0,0.0,-28.934246695106136,-8.399471400966076,-3.4962219354797974,-6.068954526782924,-5.238934969057372,-13.746262922587968
5,13162442.450122403,0,6.502919040455611,66.59467819705176,555.3996161634117,0,0.0,0.35967645270721094,0.3823965681261224,0.2579269791666666,198.4512013812463,91.34587957829807,-210.28676382082313,-1.3442917964538865,-1.0,-11.2,0.0,0.0,-28.950718262747163,-8.9194302468349,-3.5,-6.041999292833527,-5.036214214465677,-13.5176633253861
6,12250835.84811418,0,5.303916377318804,69.46861473970682,579.3682469291549,0,0.0,0.3640297552011162,0.3909396145905505,0.24503063020833332,197.6137344414872,93.38234918119402,-210.2364198306996,-1.3804046101328176,-1.0,-10.886236438984595,0.0,0.0,-29.5,-8.76144541925764,-3.5,-6.1,-5.333856002853445,-14.297721320753098
7,12250835.84811418,1,5.303916377318804,69.46861473970682,579.3682469291549,0,0.0,0.3681625613891872,0.39905833991289613,0.23277909869791666,197.6137344414872,93.38234918119402,-210.2364198306996,-1.3804046101328176,-1.0,-10.886236438984595,0.0,0.0,-29.5,-8.76144541925764,-3.5,-6.1,-5.333856002853445,-14.297721320753098
8,12128705.36822109,0,5.202392571262208,69.26255001992163,577.6496671661464,0,0.0,0.37231082429717144,0.4065490319398077,0.22114014376302082,197.76752870440808,93.33007872432971,-210.16383825538858,-1.3798166448486304,-0.9993668222720601,-10.886403536968922,0.0,0.0,-29.446632655833564,-9.0,-3.497784290734324,-6.095213254143382,-5.334221184295266,-14.294330784253047
9,11828398.888132103,0,5.028407663415925,67.99934473262671,567.1145350701067,0,0.0,0.37861975438140655,0.4112971090437237,0.2100831365748698,198.48612380197866,92.78546853460537,-210.09173446035052,-1.3807769190284838,-0.9994487317458924,-10.898812647609704,0.0,0.0,-29.4883900069641,-9.0,-3.4978680915206817,-6.099916315165896,-5.5,-14.314645164198781
10,11105393.63229842,0,4.517187637343309,65.88150959776107,549.4517900453272,0,0.0,0.388194513788773,0.41222650646510073,0.19957897974612632,199.80065138244782,91.98216098020889,-210.0168293428163,-1.4,-1.0,-10.869443011204998,0.0,0.0,-29.5,-9.0,-3.4965400086353866,-6.1,-5.5,-14.9
11,11105393.63229842,1,4.517187637343309,65.88150959776107,549.4517900453272,0,0.0,0.4003204370938499,0.4100795321473301,0.18960003075881998,199.80065138244782,91.98216098020889,-210.0168293428163,-1.4,-1.0,-10.869443011204998,0.0,0.0,-29.5,-9.0,-3.4965400086353866,-6.1,-5.5,-14.9
12,11105393.63229842,2,4.517187637343309,65.88150959776107,549.4517900453272,0,0.0,0.41212765036978555,0.4077523204093355,0.180120029220879,199.80065138244782,91.98216098020889,-210.0168293428163,-1.4,-1.0,-10.869443011204998,0.0,0.0,-29.5,-9.0,-3.4965400086353866,-6.1,-5.5,-14.9
13,11105393.63229842,3,4.517187637343309,65.88150959776107,549.4517900453272,0,0.0,0.42320065716427335,0.4056853150758916,0.17111402775983503,199.80065138244782,91.98216098020889,-210.0168293428163,-1.4,-1.0,-10.869443011204998,0.0,0.0,-29.5,-9.0,-3.4965400086353866,-6.1,-5.5,-14.9
14,11105393.63229842,4,4.517187637343309,65.88150959776107,549.4517900453272,0,0.0,0.43368324878256037,0.4037584248455963,0.16255832637184328,199.80065138244782,91.98216098020889,-210.0168293428163,-1.4,-1.0,-10.869443011204998,0.0,0.0,-29.5,-9.0,-3.4965400086353866,-6.1,-5.5,-14.9
15,11105393.63229842,5,4.517187637343309,65.88150959776107,549.4517900453272,0,0.0,0.44349259283693887,0.40207699710981,0.15443041005325112,199.80065138244782,91.98216098020889,-210.0168293428163,-1.4,-1.0,-10.869443011204998,0.0,0.0,-29.5,-9.0,-3.4965400086353866,-6.1,-5.5,-14.9
16,11094753.19043615,0,4.5293949604778385,65.65303385328077,547.5463023363617,0,0.0,0.4524918055996411,0.4007993048497704,0.14670888955058858,199.90878559312068,91.86181944640146,-210.0055377850469,-1.4,-1.0,-10.867408010913868,0.0,0.0,-29.5,-9.0,-3.497659243561384,-6.1,-5.5,-14.9
17,11086370.425756536,0,4.539012147294805,65.4730358394984,546.0451189014166,0,0.0,0.46183707538424457,0.3987894795426963,0.13937344507305915,199.99397600660336,91.76701184610175,-209.99664205751301,-1.4,-1.0,-10.86580479473316,0.0,0.0,-29.5,-9.0,-3.4985410004590087,-6.1,-5.5,-14.9
18,11086370.425756536,1,4.539012147294805,65.4730358394984,546.0451189014166,0,0.0,0.47169541318591357,0.3958998139946802,0.13240477281940619,199.99397600660336,91.76701184610175,-209.99664205751301,-1.4,-1.0,-10.86580479473316,0.0,0.0,-29.5,-9.0,-3.4985410004590087,-6.1,-5.5,-14.9
19,11079323.613226779,0,4.531023470347481,65.48245440512325,546.1236697387278,0,0.0,0.48077851911463965,0.3934369467069244,0.12578453417843588,199.99326106226465,91.7757154673879,-210.005127548254,-1.4,-1.0,-10.865310018388572,0.0,0.0,-29.5,-9.0,-3.4985389630099406,-6.1,-5.5,-14.9
20,11071860.228430219,0,4.505187788301011,65.66617604538385,547.6559082185013,0,0.0,0.4901993601597205,0.3903053323707655,0.11949530746951409,199.91431808315755,91.8804941285414,-210.01902560777157,-1.3987704070920115,-1.0,-10.879532699597338,0.0,0.0,-29.5,-9.0,-3.4976078598272355,-6.099875637410824,-5.5,-14.9
21,11063769.075229999,0,4.497017868355202,65.66696350627232,547.6624756423112,0,0.0,0.5000735563746084,0.3864059015293533,0.11352054209603837,199.9180093126862,91.88497281895852,-210.02233147633245,-1.4,-1.0,-10.882086462336186,0.0,0.0,-29.5,-9.0,-3.5,-6.1,-5.498564192976146,-14.9
22,11042980.557424538,0,4.474838989367487,65.68086700213972,547.7784307978452,0,0.0,0.5076584763987131,0.38449700861005043,0.10784451499123646,199.9221470042463,91.90301400638603,-210.02847215205787,-1.4,-1.0,-10.898259963555697,0.0,0.0,-29.5,-9.0,-3.5,-6.1,-5.4984288950189315,-14.9
23,11042980.557424538,1,4.474838989367487,65.68086700213972,547.7784307978452,0,0.0,0.5161485289175073,0.38139918184081817,0.10245228924167464,199.9221470042463,91.90301400638603,-210.02847215205787,-1.4,-1.0,-10.898259963555697,0.0,0.0,-29.5,-9.0,-3.5,-6.1,-5.4984288950189315,-14.9
24,11006271.647299428,0,4.450482562136698,65.55734320338497,546.7482423162307,0,0.0,0.523978723495145,0.3786916017252641,0.09732967477959091,199.99608711723917,91.85343032062414,-210.0371249089393,-1.4,-1.0,-10.914730659361254,0.0,0.0,-29.5,-9.0,-3.5,-6.1,-5.497661869562745,-14.9
25,11006271.647299428,1,4.450482562136698,65.55734320338497,546.7482423162307,0,0.0,0.5325475134817569,0.3749892954776317,0.09246319104061136,199.99608711723917,91.85343032062414,-210.0371249089393,-1.4,-1.0,-10.914730659361254,0.0,0.0,-29.5,-9.0,-3.5,-6.1,-5.497661869562745,-14.9
26,10994454.366034439,0,4.438109519130501,65.56178484772958,546.7852856300647,0,0.0,0.5405598937335081,0.3716000747779111,0.0878400314885808,200.0,91.86178484772958,-210.02915927061835,-1.4,-1.0,-10.932731210251136,0.0,0.0,-29.5,-9.0,-3.5,-6.1,-5.5,-14.9
27,10962931.762300817,0,4.402927742341311,65.59949219983012,547.0997649465833,0,0.0,0.5497995046806355,0.3667524654052127,0.08344802991415176,199.9987900289143,91.89828222874442,-210.04364226589215,-1.4,-0.9899634155100283,-10.963466576256502,0.0,0.0,-29.5,-9.0,-3.5,-6.1,-5.5,-14.9
28,10962931.762300817,1,4.402927742341311,65.59949219983012,547.0997649465833,0,0.0,0.5594820841209609,0.361242287460595,0.07927562841844418,199.9987900289143,91.89828222874442,-210.04364226589215,-1.4,-0.9899634155100283,-10.963466576256502,0.0,0.0,-29.5,-9.0,-3.5,-6.1,-5.5,-14.9
29,10962931.762300817,2,4.402927742341311,65.59949219983012,547.0997649465833,0,0.0,0.5684886856336683,0.35619946736880975,0.07531184699752197,199.9987900289143,91.89828222874442,-210.04364226589215,-1.4,-0.9899634155100283,-10.963466576256502,0.0,0.0,-29.5,-9.0,-3.5,-6.1,-5.5,-14.9
30,10961999.023294209,0,4.401899118801532,65.60045103716512,547.1077616499571,0,0.0,0.5769265247912331,0.3515272205611211,0.07154625464764587,199.9988249220167,91.89927595918181,-210.04379052767058,-1.4,-0.9897350956747677,-10.964575257853108,0.0,0.0,-29.5,-9.0,-3.5,-6.1,-5.5,-14.9
31,10960715.555558309,0,4.400727453410845,65.59933302303725,547.0984374121306,0,0.0,0.585304074472085,0.3467269836126514,0.06796894191526358,199.99996976177596,91.8993027848132,-210.04410343889828,-1.4,-0.9896376949283181,-10.96553141276255,0.0,0.0,-29.5,-9.0,-3.5,-6.1,-5.5,-14.9
32,10959215.020327684,0,4.396354654111304,65.60314625292135,547.130239749364,0,0.0,0.5935462251316932,0.34188328004880647,0.0645704948195004,200.0,91.90314625292135,-210.04395832908645,-1.4,-0.9889314577549959,-10.970755559047237,0.0,0.0,-29.5,-9.0,-3.5,-6.1,-5.5,-14.9
33,10956041.99994211,0,4.393622667952693,65.60631238038636,547.1566452524222,1,0.0003289849702241554,0.6021094643174283,0.3365485656040464,0.06134197007852538,200.0,91.90631238038635,-210.04418330385937,-1.4,-0.9879990935836693,-10.974209076826744,0.0,0.0,-29.5,-9.0,-3.5,-6.1,-5.499985857777512,-14.9
34,10956041.99994211,1,4.393622667952693,65.60631238038636,547.1566452524222,1,0.0003289849702241554,0.610789632127198,0.330935496298203,0.05827487157459911,200.0,91.90631238038635,-210.04418330385937,-1.4,-0.9879990935836693,-10.974209076826744,0.0,0.0,-29.5,-9.0,-3.5,-6.1,-5.499985857777512,-14.9
35,10955600.914772518,0,4.394101433211319,65.6058590358347,547.1528643588614,1,0.00023229715150137055,0.6188967610622736,0.32574211094185723,0.055361127995869154,200.0,91.9058590358347,-210.04405528445497,-1.4,-0.9881178249818913,-10.973748409008206,0.0,0.0,-29.5,-9.0,-3.5,-6.1,-5.4999770483436015,-14.9
36,10955600.914772518,1,4.394101433211319,65.6058590358347,547.1528643588614,1,0.00023229715150137055,0.6268225804720999,0.32058434793182444,0.052593071596075694,200.0,91.9058590358347,-210.04405528445497,-1.4,-0.9881178249818913,-10.973748409008206,0.0,0.0,-29.5,-9.0,-3.5,-6.1,-5.4999770483436015,-14.9
37,10955600.914772518,2,4.394101433211319,65.6058590358347,547.1528643588614,1,0.00023229715150137055,0.6340961892223387,0.3159403927613894,0.04996341801627191,200.0,91.9058590358347,-210.04405528445497,-1.4,-0.9881178249818913,-10.973748409008206,0.0,0.0,-29.5,-9.0,-3.5,-6.1,-5.4999770483436015,-14.9
38,10954913.149487052,0,4.394136609685312,65.607217433824,547.1641933980922,0,0.0,0.6409013218704591,0.31163343101408253,0.04746524711545831,199.99932297824535,91.90654041206935,-210.04173921931212,-1.4,-0.9911843637762388,-10.972960746796062,0.0,0.0,-29.5,-9.0,-3.5,-6.1,-5.499979060430255,-14.9
39,10949534.46654924,0,4.387890964047778,65.61219671243725,547.2057205817266,1,0.00015368213337296766,0.6478011639572367,0.30710685128307796,0.0450919847596854,199.9999561617575,91.91215287419475,-210.04188207592435,-1.3991153599634851,-0.9937819850122585,-10.977329818805728,0.0,0.0,-29.5,-9.0,-3.5,-6.1,-5.499999796246389,-14.9
40,10946847.284178106,0,4.385181447325756,65.6149675719388,547.2288295499696,1,8.552025276458152e-05,0.6540984179849353,0.30306419649336364,0.042837385521701125,199.99993177285901,91.91489934479782,-210.04084569535766,-1.3986975855253405,-0.9965119496650041,-10.978763322126227,0.0,0.0,-29.5,-9.0,-3.5,-6.1,-5.5,-14.9
41,10946847.284178106,1,4.385181447325756,65.6149675719388,547.2288295499696,1,8.552025276458152e-05,0.660184645080156,0.299119838674228,0.04069551624561607,199.99993177285901,91.91489934479782,-210.04084569535766,-1.3986975855253405,-0.9965119496650041,-10.978763322126227,0.0,0.0,-29.5,-9.0,-3.5,-6.1,-5.5,-14.9
42,10946781.42686617,0,4.385210611502858,65.6149560452463,547.2287334173542,1,3.614014086679162e-05,0.6658435072767677,0.29549575228989716,0.03866074043333527,199.9999166716254,91.91487271687171,-210.04072282275925,-1.398665552611937,-0.9967591291895705,-10.978641883936373,0.0,0.0,-29.5,-9.0,-3.5,-6.1,-5.5,-14.9
43,10944131.189807678,0,4.382277581188649,65.61798803217009,547.2540201882985,0,0.0,0.6713871899747678,0.29188510661356376,0.036727703411668505,199.99986719332063,91.91785522549071,-210.03931687320755,-1.3981723420202228,-0.9999951629063949,-10.980238040677166,0.0,0.0,-29.5,-9.0,-3.5,-6.1,-5.5,-14.9
44,10944131.189807678,1,4.382277581188649,65.61798803217009,547.2540201882985,0,0.0,0.6767722300580877,0.28833645170082717,0.03489131824108508,199.99986719332063,91.91785522549071,-210.03931687320755,-1.3981723420202228,-0.9999951629063949,-10.980238040677166,0.0,0.0,-29.5,-9.0,-3.5,-6.1,-5.5,-14.9
45,10935995.19077598,0,4.3730573732887645,65.62883013042885,547.3444432877766,0,0.0,0.6817585258360734,0.2850947218348957,0.033146752329030825,199.99905624814116,91.92788637857001,-210.03490424311852,-1.4,-1.0,-11.00653429809679,0.0,0.0,-29.489861278396656,-9.0,-3.497487893492125,-6.098154913607133,-5.5,-14.9
46,10915640.011786427,0,4.350280749898617,65.65304427248888,547.5463892325573,0,0.0,0.6856622732253672,0.28284831206205346,0.03148941471257928,199.99833748880624,91.95138176129512,-210.01873767208969,-1.4,-1.0,-11.085454957218285,0.0,0.0,-29.45391351675487,-9.0,-3.5,-6.09161310403853,-5.5,-14.9
47,10879071.781033337,0,4.307711958272366,65.71304928077872,548.0468310016945,0,0.0,0.6901191142954983,0.27996594172755146,0.02991494397695032,199.98961938047444,92.00266866125315,-209.99549406421175,-1.4,-1.0,-11.2,0.0,0.0,-29.413229800495664,-9.0,-3.5,-6.083564177020204,-5.5,-14.9
48,10831407.162100507,0,4.255747783092308,65.75604458467015,548.405411836149,0,0.0,0.6945170220128887,0.2770637812090086,0.0284191967781028,199.99410381611875,92.0501484007889,-209.96882737501863,-1.3999513727504065,-1.0,-11.2,0.0,0.0,-29.5,-8.999756190369181,-3.5,-6.075717278769458,-5.5,-14.9
49,10831407.162100507,1,4.255747783092308,65.75604458467015,548.405411836149,0,0.0,0.6991104723005112,0.27389129076029123,0.02699823693919766,199.99410381611875,92.0501484007889,-209.96882737501863,-1.3999513727504065,-1.0,-11.2,0.0,0.0,-29.5,-8.999756190369181,-3.5,-6.075717278769458,-5.5,-14.9
50,10808511.626181658,0,4.227355305766725,65.81101334029809,548.863851258086,0,0.0,0.7033503193110022,0.27100135559676,0.025648325092237776,199.98081567696758,92.09182901726567,-209.97304167045584,-1.4,-1.0,-11.2,0.0,0.0,-29.5,-8.999603023777421,-3.5,-6.1,-5.5,-14.9
51,10808511.626181658,1,4.227355305766725,65.81101334029809,548.863851258086,0,0.0,0.7074548237949143,0.26817926736745984,0.02436590883762589,199.98081567696758,92.09182901726567,-209.97304167045584,-1.4,-1.0,-11.2,0.0,0.0,-29.5,-8.999603023777421,-3.5,-6.1,-5.5,-14.9
52,10804637.333019733,0,4.22414295005634,65.80439402098781,548.8086461350383,0,0.0,0.7112049509917011,0.2656474356125543,0.023147613395744594,199.98573151447795,92.09012553546576,-209.97637472071207,-1.4,-1.0,-11.2,0.0,0.0,-29.5,-8.999482329231576,-3.5,-6.1,-5.5,-14.9
53,10804637.333019733,1,4.22414295005634,65.80439402098781,548.8086461350383,0,0.0,0.7149776361344238,0.2630321311396188,0.021990232725957362,199.98573151447795,92.09012553546576,-209.97637472071207,-1.4,-1.0,-11.2,0.0,0.0,-29.5,-8.999482329231576,-3.5,-6.1,-5.5,-14.9
54,10799014.198146928,0,4.220876625093103,65.78082621844757,548.6120906618528,0,0.0,0.7184627444754859,0.26064653443485464,0.020890721089659493,199.99914857822966,92.07997479667723,-209.9796897848149,-1.4,-1.0,-11.2,0.0,0.0,-29.5,-8.99944291791636,-3.4999906721756315,-6.1,-5.5,-14.9
55,10798067.712450463,0,4.219793533370714,65.78219216731482,548.6234826754055,0,0.0,0.7224017571711987,0.25775205779362476,0.019846185035176517,199.99900714965722,92.08119931697203,-209.98106249467418,-1.4,-1.0,-11.2,0.0,0.0,-29.5,-8.999143971955098,-3.5,-6.1,-5.5,-14.9
56,10796984.207879726,0,4.218802420551356,65.78116554633664,548.6149206564476,0,0.0,0.7262917072823503,0.254854416934232,0.01885387578341769,200.0,92.08116554633663,-209.98119757944863,-1.4,-1.0,-11.2,0.0,0.0,-29.5,-9.0,-3.5,-6.1,-5.5,-14.9
57,10796978.09312831,1,4.218224788686513,65.78167491497508,548.6191687908922,1,0.00016593926069390365,0.7301950581388149,0.25189375986693835,0.017911181994246808,200.0,92.08167491497508,-209.98177521131348,-1.4,-1.0,-11.2,0.0,0.0,-29.5,-9.0,-3.5,-6.1,-5.5,-14.9
58,10796810.47651152,0,4.218385264489626,65.78182230862515,548.6203980539337,1,0.00010969313402711122,0.7339931845107884,0.2489911925946771,0.01701562289453447,199.9998962134426,92.08171852206776,-209.98161473551036,-1.4,-1.0,-11.2,0.0,0.0,-29.5,-9.0,-3.5,-6.1,-5.5,-14.9
59,10796810.47651152,1,4.218385264489626,65.78182230862515,548.6203980539337,1,0.00010969313402711122,0.7377461585043203,0.24608899974587187,0.016164841749807743,199.9998962134426,92.08171852206776,-209.98161473551036,-1.4,-1.0,-11.2,0.0,0.0,-29.5,-9.0,-3.5,-6.1,-5.5,-14.9
60,10796788.829124294,0,4.218447167263889,65.78180422358989,548.6202472247396,1,8.246889418614956e-05,0.741237585145031,0.2434058151926516,0.015356599662317356,199.9998743045731,92.08167852816298,-209.9815528327361,-1.4,-1.0,-11.2,0.0,0.0,-29.5,-9.0,-3.5,-6.1,-5.5,-14.9
61,10796774.133842759,0,4.218514864699216,65.78163546101999,548.6188397449067,1,5.106930667579945e-05,0.7447044703808007,0.24070675993999782,0.014588769679201488,199.9999248371404,92.0815602981604,-209.98148513530077,-1.4,-1.0,-11.2,0.0,0.0,-29.5,-9.0,-3.5,-6.1,-5.5,-14.9
62,10796748.830967281,0,4.218460956990469,65.78152524794776,548.6179205678843,1,7.172275063567213e-05,0.7481578728078219,0.23798279599693675,0.013859331195241414,200.0,92.08152524794775,-209.98153904300952,-1.4,-1.0,-11.2,0.0,0.0,-29.5,-9.0,-3.5,-6.1,-5.5,-14.9
63,10796748.830967281,1,4.218460956990469,65.78152524794776,548.6179205678843,1,7.172275063567213e-05,0.7517563490235192,0.23507728634100145,0.013166364635479343,200.0,92.08152524794775,-209.98153904300952,-1.4,-1.0,-11.2,0.0,0.0,-29.5,-9.0,-3.5,-6.1,-5.5,-14.9
64,10796748.830967281,2,4.218460956990469,65.78152524794776,548.6179205678843,1,7.172275063567213e-05,0.7550396652486075,0.2324522883476871,0.012508046403705377,200.0,92.08152524794775,-209.98153904300952,-1.4,-1.0,-11.2,0.0,0.0,-29.5,-9.0,-3.5,-6.1,-5.5,-14.9
65,10796748.804992761,3,4.218460525395642,65.78152550109338,548.6179226791188,1,7.189222845909171e-05,0.7580592002415877,0.2300581556748922,0.011882644083520107,200.0,92.08152550109338,-209.98153947460435,-1.4,-1.0,-11.2,0.0,0.0,-29.5,-9.0,-3.5,-6.1,-5.5,-14.9
66,10796748.804992761,4,4.218460525395642,65.78152550109338,548.6179226791188,1,7.189222845909171e-05,0.7609022158024227,0.22780927231823317,0.0112885118793441,200.0,92.08152550109338,-209.98153947460435,-1.4,-1.0,-11.2,0.0,0.0,-29.5,-9.0,-3.5,-6.1,-5.5,-14.9
67,10796748.804992761,5,4.218460525395642,65.78152550109338,548.6179226791188,1,7.189222845909171e-05,0.7635699249253257,0.22570598878929746,0.010724086285376896,200.0,92.08152550109338,-209.98153947460435,-1.4,-1.0,-11.2,0.0,0.0,-29.5,-9.0,-3.5,-6.1,-5.5,-14.9
68,10796748.804992761,6,4.218460525395642,65.78152550109338,548.6179226791188,1,7.189222845909171e-05,0.7660077488541288,0.22380436917476315,0.010187881971108051,200.0,92.08152550109338,-209.98153947460435,-1.4,-1.0,-11.2,0.0,0.0,-29.5,-9.0,-3.5,-6.1,-5.5,-14.9
69,10796748.804992761,7,4.218460525395642,65.78152550109338,548.6179226791188,1,7.189222845909171e-05,0.768335562162532,0.22198594996491539,0.009678487872552648,200.0,92.08152550109338,-209.98153947460435,-1.4,-1.0,-11.2,0.0,0.0,-29.5,-9.0,-3.5,-6.1,-5.5,-14.9
70,10796748.804992761,8,4.218460525395642,65.78152550109338,548.6179226791188,1,7.189222845909171e-05,0.7705168130683002,0.22028862345277475,0.009194563478925015,200.0,92.08152550109338,-209.98153947460435,-1.4,-1.0,-11.2,0.0,0.0,-29.5,-9.0,-3.5,-6.1,-5.5,-14.9
71,10796748.804992761,9,4.218460525395642,65.78152550109338,548.6179226791188,1,7.189222845909171e-05,0.7725152799332572,0.21874988476176405,0.008734835304978764,200.0,92.08152550109338,-209.98153947460435,-1.4,-1.0,-11.2,0.0,0.0,-29.5,-9.0,-3.5,-6.1,-5.5,-14.9
72,10796748.804992761,10,4.218460525395642,65.78152550109338,548.6179226791188,1,7.189222845909171e-05,0.7743791581211518,0.2173227483391184,0.008298093539729826,200.0,92.08152550109338,-209.98153947460435,-1.4,-1.0,-11.2,0.0,0.0,-29.5,-9.0,-3.5,-6.1,-5.5,-14.9
73,10796748.80243561,11,4.21846048208252,65.78152552649807,548.6179228909939,1,7.190923656708037e-05,0.7760855434166001,0.21603126772065664,0.007883188862743336,200.0,92.08152552649807,-209.98153951791747,-1.4,-1.0,-11.2,0.0,0.0,-29.5,-9.0,-3.5,-6.1,-5.5,-14.9
74,10796748.759700863,12,4.218465457778413,65.78152238788896,548.6178967149939,1,6.978581199064137e-05,0.7777636024171304,0.21474736816326348,0.007489029419606169,199.99999918358836,92.08152157147731,-209.98153472592915,-1.4,-1.0,-11.2,0.0,0.0,-29.5,-8.999999816292425,-3.5,-6.1,-5.5,-14.9
75,10796748.653612224,13,4.218465582574652,65.78152136481047,548.6178881825193,1,6.972695188096622e-05,0.7793813216257026,0.21350410042567158,0.0071145779486258606,199.99999963902377,92.08152100383424,-209.98153461770409,-1.4,-1.0,-11.2,0.0,0.0,-29.5,-8.999999799721252,-3.5,-6.1,-5.5,-14.9
76,10796748.605274318,14,4.218465703638984,65.78152112519733,548.6178861841456,1,6.966020108620797e-05,0.7810366555992696,0.21220449534953587,0.006758849051194568,199.9999996468554,92.08152077205273,-209.98153450056,-1.4,-1.0,-11.2,0.0,0.0,-29.5,-8.999999795801003,-3.5,-6.1,-5.5,-14.9
77,10796748.454741642,15,4.218465385807917,65.78152135955278,548.6178881386702,1,6.97245734045282e-05,0.7827232974541921,0.21085579594717305,0.006420906598634839,199.99999963903022,92.081520998583,-209.98153461419207,-1.4,-1.0,-11.2,0.0,0.0,-29.5,-9.0,-3.5,-6.1,-5.5,-14.9
78,10796748.136575885,16,4.218475749687883,65.78151157814608,548.6178065617382,1,6.511886620046426e-05,0.7844541413753552,0.20944599735594177,0.006099861268703098,199.99999945449647,92.08151103264255,-209.9815242503121,-1.4,-1.0,-11.2,0.0,0.0,-29.5,-9.0,-3.5,-6.1,-5.5,-14.9
79,10796748.136575885,17,4.218475749687883,65.78151157814608,548.6178065617382,1,6.511886620046426e-05,0.7863853842906353,0.2078197475040968,0.005794868205267943,199.99999945449647,92.08151103264255,-209.9815242503121,-1.4,-1.0,-11.2,0.0,0.0,-29.5,-9.0,-3.5,-6.1,-5.5,-14.9
80,10796748.06950999,18,4.218478220696653,65.78150906571398,548.6177856080546,1,6.398522998551925e-05,0.7881140932323901,0.20638078197260537,0.005505124795004546,199.99999936282717,92.08150842854114,-209.98152177930334,-1.4,-1.0,-11.2,0.0,0.0,-29.5,-9.0,-3.5,-6.1,-5.5,-14.9
81,10796748.066651449,19,4.218478297578912,65.78150898436208,548.6177849295798,1,6.3949408922781e-05,0.7899676241102198,0.20480250733452587,0.005229868555254319,199.99999935945112,92.0815083438132,-209.98152170242108,-1.4,-1.0,-11.2,0.0,0.0,-29.5,-9.0,-3.5,-6.1,-5.5,-14.9
82,10796748.066651449,20,4.218478297578912,65.78150898436208,548.6177849295798,1,6.3949408922781e-05,0.7917641011503551,0.20326752372215331,0.004968375127491603,199.99999935945112,92.0815083438132,-209.98152170242108,-1.4,-1.0,-11.2,0.0,0.0,-29.5,-9.0,-3.5,-6.1,-5.5,-14.9
83,10796748.066651449,21,4.218478297578912,65.78150898436208,548.6177849295798,1,6.3949408922781e-05,0.7934318073332884,0.20184823629559456,0.0047199563711170225,199.99999935945112,92.0815083438132,-209.98152170242108,-1.4,-1.0,-11.2,0.0,0.0,-29.5,-9.0,-3.5,-6.1,-5.5,-14.9
84,10796748.066651449,22,4.218478297578912,65.78150898436208,548.6177849295798,1,6.3949408922781e-05,0.7949638546137182,0.2005521868337207,0.004483958552561172,199.99999935945112,92.0815083438132,-209.98152170242108,-1.4,-1.0,-11.2,0.0,0.0,-29.5,-9.0,-3.5,-6.1,-5.5,-14.9
85,10796748.066651449,23,4.218478297578912,65.78150898436208,548.6177849295798,1,6.3949408922781e-05,0.7963820324725355,0.1993582069025314,0.004259760624933113,199.99999935945112,92.0815083438132,-209.98152170242108,-1.4,-1.0,-11.2,0.0,0.0,-29.5,-9.0,-3.5,-6.1,-5.5,-14.9
86,10796748.060267728,24,4.218476327717553,65.78151087594134,548.6178007053508,1,6.483119050244568e-05,0.7976927878877061,0.19826043951860736,0.0040467725936864565,199.99999940304525,92.08151027898658,-209.98152367228244,-1.4,-1.0,-11.2,0.0,0.0,-29.5,-9.0,-3.5,-6.1,-5.5,-14.9
87,10796747.915682565,25,4.21847611449698,65.78150989442129,548.6177925194736,1,6.491346323400649e-05,0.7989700875142757,0.19718547852172222,0.0038444339640021337,200.0,92.08150989442129,-209.981523885503,-1.4,-1.0,-11.2,0.0,0.0,-29.5,-9.0,-3.5,-6.1,-5.5,-14.9
88,10796747.915682565,26,4.21847611449698,65.78150989442129,548.6177925194736,1,6.491346323400649e-05,0.8003775578236926,0.19597022991050547,0.0036522122658020273,200.0,92.08150989442129,-209.981523885503,-1.4,-1.0,-11.2,0.0,0.0,-29.5,-9.0,-3.5,-6.1,-5.5,-14.9
89,10796747.915682565,27,4.21847611449698,65.78150989442129,548.6177925194736,1,6.491346323400649e-05,0.8016999468223058,0.19483045152518225,0.0034696016525119257,200.0,92.08150989442129,-209.981523885503,-1.4,-1.0,-11.2,0.0,0.0,-29.5,-9.0,-3.5,-6.1,-5.5,-14.9
90,10796747.912924763,28,4.218476158831521,65.78150984353505,548.6177920950822,1,6.489275363037451e-05,0.8028920164103244,0.19381186201978925,0.003296121569886329,200.0,92.08150984353504,-209.98152384116847,-1.4,-1.0,-11.2,0.0,0.0,-29.5,-9.0,-3.5,-6.1,-5.5,-14.9
91,10796747.912924763,29,4.218476158831521,65.78150984353505,548.6177920950822,1,6.489275363037451e-05,0.80401746528477,0.192851219223838,0.003131315491392013,200.0,92.08150984353504,-209.98152384116847,-1.4,-1.0,-11.2,0.0,0.0,-29.5,-9.0,-3.5,-6.1,-5.5,-14.9
92,10796747.912924763,30,4.218476158831521,65.78150984353505,548.6177920950822,1,6.489275363037451e-05,0.8050326728253734,0.1919925774578042,0.0029747497168224122,200.0,92.08150984353504,-209.98152384116847,-1.4,-1.0,-11.2,0.0,0.0,-29.5,-9.0,-3.5,-6.1,-5.5,-14.9
93,10796747.912296161,31,4.21847615940851,65.78150984126624,548.6177920761604,1,6.489227100701101e-05,0.8059750739701639,0.19119891379885487,0.002826012230981292,200.0,92.08150984126624,-209.98152384059148,-1.4,-1.0,-11.2,0.0,0.0,-29.5,-9.0,-3.5,-6.1,-5.5,-14.9
94,10796747.9122825,32,4.2184761593922815,65.78150984124511,548.6177920759842,1,6.489227331485381e-05,0.8068997297158147,0.1904155586647531,0.002684711619432227,200.0,92.08150984124511,-209.9815238406077,-1.4,-1.0,-11.2,0.0,0.0,-29.5,-9.0,-3.5,-6.1,-5.5,-14.9
95,10796747.91222027,33,4.218476159749798,65.78150984072619,548.6177920716564,1,6.489209191613554e-05,0.807805198935456,0.18964432502608342,0.0025504760384606156,200.0,92.08150984072618,-209.9815238402502,-1.4,-1.0,-11.2,0.0,0.0,-29.5,-9.0,-3.5,-6.1,-5.5,-14.9
96,10796747.91222027,34,4.218476159749798,65.78150984072619,548.6177920716564,1,6.489209191613554e-05,0.8087684865630367,0.18880856120042577,0.0024229522365375846,200.0,92.08150984072618,-209.9815238402502,-1.4,-1.0,-11.2,0.0,0.0,-29.5,-9.0,-3.5,-6.1,-5.5,-14.9
97,10796747.912081435,35,4.218476160894255,65.78150983922882,548.6177920591683,1,6.489153292932315e-05,0.8096275041342328,0.18807069124105658,0.0023018046247107057,200.0,92.08150983922881,-209.98152383910573,-1.4,-1.0,-11.2,0.0,0.0,-29.5,-9.0,-3.5,-6.1,-5.5,-14.9
98,10796747.912081435,36,4.218476160894255,65.78150983922882,548.6177920591683,1,6.489153292932315e-05,0.810530433570091,0.18728285203643386,0.00218671439347517,200.0,92.08150983922881,-209.98152383910573,-1.4,-1.0,-11.2,0.0,0.0,-29.5,-9.0,-3.5,-6.1,-5.5,-14.9
99,10796747.912081435,37,4.218476160894255,65.78150983922882,548.6177920591683,1,6.489153292932315e-05,0.8113874520598467,0.18653516926635186,0.0020773786738014118,200.0,92.08150983922881,-209.98152383910573,-1.4,-1.0,-11.2,0.0,0.0,-29.5,-9.0,-3.5,-6.1,-5.5,-14.9
100,10796747.912081435,38,4.218476160894255,65.78150983922882,548.6177920591683,1,6.489153292932315e-05,0.8121555981663172,0.18587089209357147,0.0019735097401113416,200.0,92.08150983922881,-209.98152383910573,-1.4,-1.0,-11.2,0.0,0.0,-29.5,-9.0,-3.5,-6.1,-5.5,-14.9
101,10796747.912081435,39,4.218476160894255,65.78150983922882,548.6177920591683,1,6.489153292932315e-05,0.8128543171801486,0.18527084856674567,0.0018748342531057743,200.0,92.08150983922881,-209.98152383910573,-1.4,-1.0,-11.2,0.0,0.0,-29.5,-9.0,-3.5,-6.1,-5.5,-14.9
102,10796747.91196752,40,4.218477353113457,65.78150865898021,548.617782215895,1,6.435957877783948e-05,0.8134875943117954,0.18473131314775418,0.0017810925404504858,200.0,92.08150865898021,-209.98152264688653,-1.4,-1.0,-11.2,0.0,0.0,-29.5,-9.0,-3.5,-6.1,-5.5,-14.9
103,10796747.908400785,41,4.218477166833054,65.78150883521397,548.6177836856845,1,6.444161039098617e-05,0.814191640132488,0.18411632195408398,0.0016920379134279615,200.0,92.08150883521397,-209.98152283316693,-1.4,-1.0,-11.2,0.0,0.0,-29.5,-9.0,-3.5,-6.1,-5.5,-14.9
104,10796747.908400785,42,4.218477166833054,65.78150883521397,548.6177836856845,1,6.444161039098617e-05,0.81502245797998,0.18337010600226356,0.0016074360177565636,200.0,92.08150883521397,-209.98152283316693,-1.4,-1.0,-11.2,0.0,0.0,-29.5,-9.0,-3.5,-6.1,-5.5,-14.9
105,10796747.908289578,43,4.218477216353222,65.78150878553403,548.6177832713538,1,6.441942794026545e-05,0.8157770440079659,0.1826958917751654,0.0015270642168687355,200.0,92.08150878553403,-209.98152278364677,-1.4,-1.0,-11.2,0.0,0.0,-29.5,-9.0,-3.5,-6.1,-5.5,-14.9
106,10796747.907815699,44,4.218477510190411,65.78150849039339,548.6177808098809,1,6.428775702715939e-05,0.8166162219039852,0.18193306708998952,0.0014507110060252987,200.0,92.08150849039339,-209.98152248980958,-1.4,-1.0,-11.2,0.0,0.0,-29.5,-9.0,-3.5,-6.1,-5.5,-14.9
107,10796747.907735724,45,4.2184774501721165,65.78150855031592,548.6177813096348,1,6.431460369640262e-05,0.8175770861146122,0.1810447384296638,0.0013781754557240337,199.99999999999991,92.08150855031583,-209.98152254982787,-1.4,-1.0,-11.2,0.0,0.0,-29.5,-9.0,-3.5,-6.1,-5.5,-14.9
108,10796747.907735724,46,4.2184774501721165,65.78150855031592,548.6177813096348,1,6.431460369640262e-05,0.8186462360924196,0.18004449722464255,0.001309266682937832,199.99999999999991,92.08150855031583,-209.98152254982787,-1.4,-1.0,-11.2,0.0,0.0,-29.5,-9.0,-3.5,-6.1,-5.5,-14.9
109,10796747.90766026,47,4.218477453111092,65.78150854716662,548.6177812833696,1,6.431326053188969e-05,0.8196181104597919,0.17913808619141713,0.0012438033487909405,199.99999999999986,92.08150854716648,-209.9815225468889,-1.4,-1.0,-11.2,0.0,0.0,-29.5,-9.0,-3.5,-6.1,-5.5,-14.9
110,10796747.907588953,48,4.218477456155512,65.7815085439226,548.6177812563144,1,6.431187165389929e-05,0.8206014119367142,0.17821697488193444,0.0011816131813513935,200.0,92.0815085439226,-209.98152254384448,-1.4,-1.0,-11.2,0.0,0.0,-29.5,-9.0,-3.5,-6.1,-5.5,-14.9
111,10796747.907546788,49,4.218477381493756,65.7815086185435,548.6177818786527,1,6.434527886085561e-05,0.8216310141021499,0.1772464533755663,0.0011225325222838237,200.0,92.0815086185435,-209.98152261850623,-1.4,-1.0,-11.2,0.0,0.0,-29.5,-9.0,-3.5,-6.1,-5.5,-14.9
112,10796747.907534644,0,4.218477372258718,65.78150862774797,548.617781955418,1,6.43494076712159e-05,0.8226657024884724,0.17626789161535797,0.0010664058961696325,200.0,92.08150862774797,-209.98152262774127,-1.4,-1.0,-11.2,0.0,0.0,-29.5,-9.0,-3.5,-6.1,-5.5,-14.9
113,10796747.907534609,1,4.2184773722235605,65.78150862778303,548.6177819557104,1,6.434942339410555e-05,0.8237355259150926,0.1752513884835463,0.001013085601361151,200.0,92.08150862778302,-209.98152262777643,-1.4,-1.0,-11.2,0.0,0.0,-29.5,-9.0,-3.5,-6.1,-5.5,-14.9
114,10796747.907534609,2,4.2184773722235605,65.78150862778303,548.6177819557104,1,6.434942339410555e-05,0.8247622717817945,0.17427529689691237,0.0009624313212930933,200.0,92.08150862778302,-209.98152262777643,-1.4,-1.0,-11.2,0.0,0.0,-29.5,-9.0,-3.5,-6.1,-5.5,-14.9
115,10796747.907534046,3,4.218477371407005,65.78150862859822,548.6177819625091,1,6.43497886358091e-05,0.8257168462291069,0.1733688440156646,0.0009143097552284386,200.0,92.08150862859821,-209.98152262859298,-1.4,-1.0,-11.2,0.0,0.0,-29.5,-9.0,-3.5,-6.1,-5.5,-14.9
116,10796747.907533502,4,4.2184773715635515,65.78150862844016,548.617781961191,1,6.434971837734339e-05,0.8266407452429094,0.17249066048962358,0.0008685942674670167,200.0,92.08150862844016,-209.98152262843644,-1.4,-1.0,-11.2,0.0,0.0,-29.5,-9.0,-3.5,-6.1,-5.5,-14.9
117,10796747.907533502,5,4.2184773715635515,65.78150862844016,548.617781961191,1,6.434971837734339e-05,0.827512378859602,0.17166245658630427,0.0008251645540936659,200.0,92.08150862844016,-209.98152262843644,-1.4,-1.0,-11.2,0.0,0.0,-29.5,-9.0,-3.5,-6.1,-5.5,-14.9
118,10796747.907533502,6,4.2184773715635515,65.78150862844016,548.617781961191,1,6.434971837734339e-05,0.8283326223104666,0.1708834713631444,0.0007839063263889826,200.0,92.08150862844016,-209.98152262843644,-1.4,-1.0,-11.2,0.0,0.0,-29.5,-9.0,-3.5,-6.1,-5.5,-14.9
119,10796747.907533502,7,4.2184773715635515,65.78150862844016,548.617781961191,1,6.434971837734339e-05,0.8290696851692684,0.17018560382066217,0.0007447110100695336,200.0,92.08150862844016,-209.98152262843644,-1.4,-1.0,-11.2,0.0,0.0,-29.5,-9.0,-3.5,-6.1,-5.5,-14.9
120,10796747.907533303,8,4.21847737137648,65.78150862862672,548.6177819627469,1,6.434980202811858e-05,0.8297511485158855,0.1695413760245485,0.0007074754595660569,200.0,92.08150862862672,-209.9815226286235,-1.4,-1.0,-11.2,0.0,0.0,-29.5,-9.0,-3.5,-6.1,-5.5,-14.9
121,10796747.907533055,9,4.218477371197167,65.7815086288054,548.617781964237,1,6.434988218870786e-05,0.8304118485984835,0.16891604971492877,0.000672101686587754,200.0,92.0815086288054,-209.98152262880282,-1.4,-1.0,-11.2,0.0,0.0,-29.5,-9.0,-3.5,-6.1,-5.5,-14.9
122,10796747.907533055,10,4.218477371197167,65.7815086288054,548.617781964237,1,6.434988218870786e-05,0.8310416594401713,0.16831984395757038,0.0006384966022583663,200.0,92.0815086288054,-209.98152262880282,-1.4,-1.0,-11.2,0.0,0.0,-29.5,-9.0,-3.5,-6.1,-5.5,-14.9
123,10796747.907532953,11,4.218477371116762,65.78150862888553,548.6177819649054,1,6.434991813648594e-05,0.8315943437566496,0.16779908447120498,0.0006065717721454481,200.0,92.08150862888553,-209.98152262888323,-1.4,-1.0,-11.2,0.0,0.0,-29.5,-9.0,-3.5,-6.1,-5.5,-14.9
124,10796747.907532573,12,4.218477370813758,65.78150862918757,548.6177819674243,1,6.435005360572177e-05,0.8321449508294657,0.1672788059869962,0.0005762431835381757,200.0,92.08150862918757,-209.98152262918623,-1.4,-1.0,-11.2,0.0,0.0,-29.5,-9.0,-3.5,-6.1,-5.5,-14.9
125,10796747.907532241,13,4.218477370546793,65.78150862945364,548.6177819696434,1,6.435017296553269e-05,0.8326935099251983,0.1667590590504403,0.0005474310243612668,200.0,92.08150862945364,-209.9815226294532,-1.4,-1.0,-11.2,0.0,0.0,-29.5,-9.0,-3.5,-6.1,-5.5,-14.9
126,10796747.907532174,14,4.218477370493929,65.78150862950632,548.6177819700827,1,6.435019660102625e-05,0.8333379215850113,0.16614201894184555,0.0005200594731432036,200.0,92.08150862950632,-209.98152262950606,-1.4,-1.0,-11.2,0.0,0.0,-29.5,-9.0,-3.5,-6.1,-5.5,-14.9
127,10796747.907532174,15,4.218477370493929,65.78150862950632,548.6177819700827,1,6.435019660102625e-05,0.8339582062030647,0.1655477372974493,0.0004940564994860433,200.0,92.08150862950632,-209.98152262950606,-1.4,-1.0,-11.2,0.0,0.0,-29.5,-9.0,-3.5,-6.1,-5.5,-14.9
128,10796747.907532107,16,4.218477370457748,65.78150862954239,548.6177819703835,1,6.435021276729458e-05,0.8345214816080349,0.16500916471745336,0.00046935367451174116,200.0,92.08150862954238,-209.98152262954224,-1.4,-1.0,-11.2,0.0,0.0,-29.5,-9.0,-3.5,-6.1,-5.5,-14.9
129,10796747.907532107,17,4.218477370457748,65.78150862954239,548.6177819703835,1,6.435021276729458e-05,0.8351312789482588,0.16442283506095506,0.00044588599078615405,200.0,92.08150862954238,-209.98152262954224,-1.4,-1.0,-11.2,0.0,0.0,-29.5,-9.0,-3.5,-6.1,-5.5,-14.9
130,10796747.907532107,18,4.218477370457748,65.78150862954239,548.6177819703835,1,6.435021276729458e-05,0.8356589452011646,0.16391746310758853,0.00042359169124684635,200.0,92.08150862954238,-209.98152262954224,-1.4,-1.0,-11.2,0.0,0.0,-29.5,-9.0,-3.5,-6.1,-5.5,-14.9
131,10796747.907532074,19,4.218477370414263,65.78150862958573,548.617781970745,1,6.435023221911252e-05,0.8361142760832724,0.1634833118100432,0.00040241210668450405,200.0,92.08150862958573,-209.98152262958573,-1.4,-1.0,-11.2,0.0,0.0,-29.5,-9.0,-3.5,-6.1,-5.5,-14.9
132,10796747.907532074,20,4.218477370414263,65.78150862958573,548.617781970745,1,6.435023221911252e-05,0.8365723471360711,0.16304536136257866,0.0003822915013502788,200.0,92.08150862958573,-209.98152262958573,-1.4,-1.0,-11.2,0.0,0.0,-29.5,-9.0,-3.5,-6.1,-5.5,-14.9
133,10796747.907532074,21,4.218477370414263,65.78150862958573,548.617781970745,1,6.435023221911252e-05,0.8369677987788633,0.16266902429485403,0.0003631769262827649,200.0,92.08150862958573,-209.98152262958573,-1.4,-1.0,-11.2,0.0,0.0,-29.5,-9.0,-3.5,-6.1,-5.5,-14.9
134,10796747.907532074,22,4.218477370414263,65.78150862958573,548.617781970745,1,6.435023221911252e-05,0.8372935846272027,0.1623613972928287,0.00034501807996862666,200.0,92.08150862958573,-209.98152262958573,-1.4,-1.0,-11.2,0.0,0.0,-29.5,-9.0,-3.5,-6.1,-5.5,-14.9
135,10796747.907532074,23,4.218477370414263,65.78150862958573,548.617781970745,1,6.435023221911252e-05,0.8375482614222174,0.16212397140181245,0.0003277671759701953,200.0,92.08150862958573,-209.98152262958573,-1.4,-1.0,-11.2,0.0,0.0,-29.5,-9.0,-3.5,-6.1,-5.5,-14.9
136,10796747.907532074,24,4.218477370414263,65.78150862958573,548.617781970745,1,6.435023221911252e-05,0.8377462823074997,0.1619423388753286,0.00031137881717168553,200.0,92.08150862958573,-209.98152262958573,-1.4,-1.0,-11.2,0.0,0.0,-29.5,-9.0,-3.5,-6.1,-5.5,-14.9
137,10796747.907532074,25,4.218477370414263,65.78150862958573,548.617781970745,1,6.435023221911252e-05,0.8379027638125627,0.16180142631112424,0.0002958098763131013,200.0,92.08150862958573,-209.98152262958573,-1.4,-1.0,-11.2,0.0,0.0,-29.5,-9.0,-3.5,-6.1,-5.5,-14.9
138,10796747.907532074,26,4.218477370414263,65.78150862958573,548.617781970745,1,6.435023221911252e-05,0.8380344447030512,0.16168453591445128,0.00028101938249744623,200.0,92.08150862958573,-209.98152262958573,-1.4,-1.0,-11.2,0.0,0.0,-29.5,-9.0,-3.5,-6.1,-5.5,-14.9
139,10796747.907532062,27,4.218477370416991,65.78150862958302,548.6177819707223,1,6.435023099129467e-05,0.8381218662255594,0.1616111653610681,0.000266968413372574,200.0,92.08150862958301,-209.981522629583,-1.4,-1.0,-11.2,0.0,0.0,-29.5,-9.0,-3.5,-6.1,-5.5,-14.9
140,10796747.907532062,28,4.218477370416991,65.78150862958302,548.6177819707223,1,6.435023099129467e-05,0.8382184004470714,0.16152797956022466,0.00025361999270394526,200.0,92.08150862958301,-209.981522629583,-1.4,-1.0,-11.2,0.0,0.0,-29.5,-9.0,-3.5,-6.1,-5.5,-14.9
141,10796747.907532062,29,4.218477370416991,65.78150862958302,548.6177819707223,1,6.435023099129467e-05,0.8382940206247494,0.16146504038218187,0.000240938993068748,200.0,92.08150862958301,-209.981522629583,-1.4,-1.0,-11.2,0.0,0.0,-29.5,-9.0,-3.5,-6.1,-5.5,-14.9
142,10796747.907532062,30,4.218477370416991,65.78150862958302,548.6177819707223,1,6.435023099129467e-05,0.8383551188592924,0.16141598909729238,0.0002288920434153106,200.0,92.08150862958301,-209.981522629583,-1.4,-1.0,-11.2,0.0,0.0,-29.5,-9.0,-3.5,-6.1,-5.5,-14.9
143,10796747.907532062,31,4.218477370416991,65.78150862958302,548.6177819707223,1,6.435023099129467e-05,0.8384127938654063,0.16136975869334907,0.00021744744124454506,200.0,92.08150862958301,-209.981522629583,-1.4,-1.0,-11.2,0.0,0.0,-29.5,-9.0,-3.5,-6.1,-5.5,-14.9
144,10796747.907532062,32,4.218477370416991,65.78150862958302,548.6177819707223,1,6.435023099129467e-05,0.8384519743759894,0.16134145055482824,0.0002065750691823178,200.0,92.08150862958301,-209.981522629583,-1.4,-1.0,-11.2,0.0,0.0,-29.5,-9.0,-3.5,-6.1,-5.5,-14.9
145,10796747.907532062,33,4.218477370416991,65.78150862958302,548.6177819707223,1,6.435023099129467e-05,0.8384585522431023,0.1613452014411745,0.00019624631572320194,200.0,92.08150862958301,-209.981522629583,-1.4,-1.0,-11.2,0.0,0.0,-29.5,-9.0,-3.5,-6.1,-5.5,-14.9
146,10796747.907532062,34,4.218477370416991,65.78150862958302,548.6177819707223,1,6.435023099129467e-05,0.8384698140370467,0.16134375196301626,0.00018643399993704184,200.0,92.08150862958301,-209.981522629583,-1.4,-1.0,-11.2,0.0,0.0,-29.5,-9.0,-3.5,-6.1,-5.5,-14.9
147,10796747.907532062,35,4.218477370416991,65.78150862958302,548.6177819707223,1,6.435023099129467e-05,0.8384402920990401,0.16138259560101967,0.00017711229994018976,200.0,92.08150862958301,-209.981522629583,-1.4,-1.0,-11.2,0.0,0.0,-29.5,-9.0,-3.5,-6.1,-5.5,-14.9
148,10796747.907532062,36,4.218477370416991,65.78150862958302,548.6177819707223,1,6.435023099129467e-05,0.8383974457953828,0.16143429751967406,0.00016825668494318028,200.0,92.08150862958301,-209.981522629583,-1.4,-1.0,-11.2,0.0,0.0,-29.5,-9.0,-3.5,-6.1,-5.5,-14.9
149,10796747.90753206,37,4.218477370416991,65.781508629583,548.6177819707223,1,6.435023099129467e-05,0.8383221139127698,0.16151804223653426,0.00015984385069602126,200.0,92.081508629583,-209.981522629583,-1.4,-1.0,-11.2,0.0,0.0,-29.5,-9.0,-3.5,-6.1,-5.5,-14.9
150,10796747.90753206,38,4.218477370416991,65.781508629583,548.6177819707223,1,6.435023099129467e-05,0.8382673725935559,0.16158077574828295,0.00015185165816122018,200.0,92.081508629583,-209.981522629583,-1.4,-1.0,-11.2,0.0,0.0,-29.5,-9.0,-3.5,-6.1,-5.5,-14.9
151,10796747.90753206,39,4.218477370416991,65.781508629583,548.6177819707223,1,6.435023099129467e-05,0.8381715218665443,0.16168421905820252,0.00014425907525315916,200.0,92.081508629583,-209.981522629583,-1.4,-1.0,-11.2,0.0,0.0,-29.5,-9.0,-3.5,-6.1,-5.5,-14.9
152,10796747.90753206,40,4.218477370416991,65.781508629583,548.6177819707223,1,6.435023099129467e-05,0.8380468536953362,0.16181610018317336,0.0001370461214905012,200.0,92.081508629583,-209.981522629583,-1.4,-1.0,-11.2,0.0,0.0,-29.5,-9.0,-3.5,-6.1,-5.5,-14.9
153,10796747.90753206,41,4.218477370416991,65.781508629583,548.6177819707223,1,6.435023099129467e-05,0.8378950794858482,0.1619747266987358,0.00013019381541597613,200.0,92.081508629583,-209.981522629583,-1.4,-1.0,-11.2,0.0,0.0,-29.5,-9.0,-3.5,-6.1,-5.5,-14.9
154,10796747.90753206,42,4.218477370416991,65.781508629583,548.6177819707223,1,6.435023099129467e-05,0.837752451303836,0.16212386457151884,0.00012368412464517733,200.0,92.081508629583,-209.981522629583,-1.4,-1.0,-11.2,0.0,0.0,-29.5,-9.0,-3.5,-6.1,-5.5,-14.9
155,10796747.90753206,43,4.218477370416991,65.781508629583,548.6177819707223,1,6.435023099129467e-05,0.837593948931159,0.16228855115042803,0.00011749991841291846,200.0,92.081508629583,-209.981522629583,-1.4,-1.0,-11.2,0.0,0.0,-29.5,-9.0,-3.5,-6.1,-5.5,-14.9
156,10796747.907532047,44,4.218477370417105,65.78150862958289,548.6177819707212,1,6.435023093445125e-05,0.8374156797920173,0.16247269528549055,0.00011162492249227255,200.0,92.08150862958288,-209.98152262958288,-1.4,-1.0,-11.2,0.0,0.0,-29.5,-9.0,-3.5,-6.1,-5.5,-14.9
157,10796747.907532047,45,4.218477370417105,65.78150862958289,548.6177819707212,1,6.435023093445125e-05,0.837245920658112,0.1626480356655204,0.00010604367636765892,200.0,92.08150862958288,-209.98152262958288,-1.4,-1.0,-11.2,0.0,0.0,-29.5,-9.0,-3.5,-6.1,-5.5,-14.9
158,10796747.907532047,46,4.218477370417105,65.78150862958289,548.6177819707212,1,6.435023093445125e-05,0.8370673818032212,0.1628318767042296,0.00010074149254927597,200.0,92.08150862958288,-209.98152262958288,-1.4,-1.0,-11.2,0.0,0.0,-29.5,-9.0,-3.5,-6.1,-5.5,-14.9
159,10796747.907532047,47,4.218477370417105,65.78150862958289,548.6177819707212,1,6.435023093445125e-05,0.8368758194431003,0.1630284761389779,9.570441792181216e-05,200.0,92.08150862958288,-209.98152262958288,-1.4,-1.0,-11.2,0.0,0.0,-29.5,-9.0,-3.5,-6.1,-5.5,-14.9
160,10796747.907532047,48,4.218477370417105,65.78150862958289,548.6177819707212,1,6.435023093445125e-05,0.8366672412925004,0.1632418395104739,9.091919702572157e-05,200.0,92.08150862958288,-209.98152262958288,-1.4,-1.0,-11.2,0.0,0.0,-29.5,-9.0,-3.5,-6.1,-5.5,-14.9
161,10796747.907532047,49,4.218477370417105,65.78150862958289,548.6177819707212,1,6.435023093445125e-05,0.8364475655069182,0.16346606125590735,8.637323717443551e-05,200.0,92.08150862958288,-209.98152262958288,-1.4,-1.0,-11.2,0.0,0.0,-29.5,-9.0,-3.5,-6.1,-5.5,-14.9
162,10796747.907532047,0,4.218477370417105,65.78150862958289,548.6177819707212,1,6.435023093445125e-05,0.836212721761959,0.16370522366272525,8.205457531571373e-05,200.0,92.08150862958288,-209.98152262958288,-1.4,-1.0,-11.2,0.0,0.0,-29.5,-9.0,-3.5,-6.1,-5.5,-14.9
163,10796747.907532047,1,4.218477370417105,65.78150862958289,548.6177819707212,1,6.435023093445125e-05,0.8359781259692077,0.16394392218424242,7.795184654992804e-05,200.0,92.08150862958288,-209.98152262958288,-1.4,-1.0,-11.2,0.0,0.0,-29.5,-9.0,-3.5,-6.1,-5.5,-14.9
164,10796747.907532047,2,4.218477370417105,65.78150862958289,548.6177819707212,1,6.435023093445125e-05,0.8357486728090846,0.16417727293669307,7.405425422243163e-05,200.0,92.08150862958288,-209.98152262958288,-1.4,-1.0,-11.2,0.0,0.0,-29.5,-9.0,-3.5,-6.1,-5.5,-14.9
165,10796747.907532047,3,4.218477370417105,65.78150862958289,548.6177819707212,1,6.435023093445125e-05,0.8354955781920523,0.16443407026643642,7.035154151131005e-05,200.0,92.08150862958288,-209.98152262958288,-1.4,-1.0,-11.2,0.0,0.0,-29.5,-9.0,-3.5,-6.1,-5.5,-14.9
166,10796747.907532047,4,4.218477370417105,65.78150862958289,548.6177819707212,1,6.435023093445125e-05,0.8352536027995278,0.16467956323603647,6.683396443574455e-05,200.0,92.08150862958288,-209.98152262958288,-1.4,-1.0,-11.2,0.0,0.0,-29.5,-9.0,-3.5,-6.1,-5.5,-14.9
167,10796747.907532047,5,4.218477370417105,65.78150862958289,548.6177819707212,1,6.435023093445125e-05,0.8350127592912719,0.16492374844251406,6.349226621395733e-05,200.0,92.08150862958288,-209.98152262958288,-1.4,-1.0,-11.2,0.0,0.0,-29.5,-9.0,-3.5,-6.1,-5.5,-14.9
168,10796747.907532047,6,4.218477370417105,65.78150862958289,548.6177819707212,1,6.435023093445125e-05,0.834773107273619,0.16516657507347782,6.0317652903259464e-05,200.0,92.08150862958288,-209.98152262958288,-1.4,-1.0,-11.2,0.0,0.0,-29.5,-9.0,-3.5,-6.1,-5.5,-14.9
169,10796747.907532047,7,4.218477370417105,65.78150862958289,548.6177819707212,1,6.435023093445125e-05,0.8345300123982843,0.16541268583145763,5.730177025809649e-05,200.0,92.08150862958288,-209.98152262958288,-1.4,-1.0,-11.2,0.0,0.0,-29.5,-9.0,-3.5,-6.1,-5.5,-14.9
170,10796747.907532047,8,4.218477370417105,65.78150862958289,548.6177819707212,1,6.435023093445125e-05,0.8342556871353943,0.16568987618286052,5.4436681745191663e-05,200.0,92.08150862958288,-209.98152262958288,-1.4,-1.0,-11.2,0.0,0.0,-29.5,-9.0,-3.5,-6.1,-5.5,-14.9
171,10796747.907532047,9,4.218477370417105,65.78150862958289,548.6177819707212,1,6.435023093445125e-05,0.8339753709551827,0.16597291419715937,5.171484765793208e-05,200.0,92.08150862958288,-209.98152262958288,-1.4,-1.0,-11.2,0.0,0.0,-29.5,-9.0,-3.5,-6.1,-5.5,-14.9
172,10796747.907532047,10,4.218477370417105,65.78150862958289,548.6177819707212,1,6.435023093445125e-05,0.8336942059171576,0.1662566649775674,4.912910527503548e-05,200.0,92.08150862958288,-209.98152262958288,-1.4,-1.0,-11.2,0.0,0.0,-29.5,-9.0,-3.5,-6.1,-5.5,-14.9
173,10796747.907532047,11,4.218477370417105,65.78150862958289,548.6177819707212,1,6.435023093445125e-05,0.8334170242628709,0.16653630308711784,4.6672650011283706e-05,200.0,92.08150862958288,-209.98152262958288,-1.4,-1.0,-11.2,0.0,0.0,-29.5,-9.0,-3.5,-6.1,-5.5,-14.9
174,10796747.907532047,12,4.218477370417105,65.78150862958289,548.6177819707212,1,6.435023093445125e-05,0.8331298396439459,0.1668258213385433,4.433901751071952e-05,200.0,92.08150862958288,-209.98152262958288,-1.4,-1.0,-11.2,0.0,0.0,-29.5,-9.0,-3.5,-6.1,-5.5,-14.9
175,10796747.907532047,13,4.218477370417105,65.78150862958289,548.6177819707212,1,6.435023093445125e-05,0.8328333433322758,0.16712453460108903,4.212206663518355e-05,200.0,92.08150862958288,-209.98152262958288,-1.4,-1.0,-11.2,0.0,0.0,-29.5,-9.0,-3.5,-6.1,-5.5,-14.9
176,10796747.907532047,14,4.218477370417105,65.78150862958289,548.6177819707212,1,6.435023093445125e-05,0.832565010215533,0.16739497382116356,4.001596330342437e-05,200.0,92.08150862958288,-209.98152262958288,-1.4,-1.0,-11.2,0.0,0.0,-29.5,-9.0,-3.5,-6.1,-5.5,-14.9
177,10796747.907532047,15,4.218477370417105,65.78150862958289,548.6177819707212,1,6.435023093445125e-05,0.8322867222355347,0.1676752625993271,3.801516513825316e-05,200.0,92.08150862958288,-209.98152262958288,-1.4,-1.0,-11.2,0.0,0.0,-29.5,-9.0,-3.5,-6.1,-5.5,-14.9
178,10796747.907532047,16,4.218477370417105,65.78150862958289,548.6177819707212,1,6.435023093445125e-05,0.831980854726919,0.1679830308661997,3.6114406881340496e-05,200.0,92.08150862958288,-209.98152262958288,-1.4,-1.0,-11.2,0.0,0.0,-29.5,-9.0,-3.5,-6.1,-5.5,-14.9
179,10796747.907532047,17,4.218477370417105,65.78150862958289,548.6177819707212,1,6.435023093445125e-05,0.8316627377687055,0.16830295354475722,3.430868653727347e-05,200.0,92.08150862958288,-209.98152262958288,-1.4,-1.0,-11.2,0.0,0.0,-29.5,-9.0,-3.5,-6.1,-5.5,-14.9
180,10796747.907532047,18,4.218477370417105,65.78150862958289,548.6177819707212,1,6.435023093445125e-05,0.8313514378310378,0.16861596891675176,3.2593252210409795e-05,200.0,92.08150862958288,-209.98152262958288,-1.4,-1.0,-11.2,0.0,0.0,-29.5,-9.0,-3.5,-6.1,-5.5,-14.9
181,10796747.907532047,19,4.218477370417105,65.78150862958289,548.6177819707212,1,6.435023093445125e-05,0.8310376216719196,0.16893141473848045,3.0963589599889305e-05,200.0,92.08150862958288,-209.98152262958288,-1.4,-1.0,-11.2,0.0,0.0,-29.5,-9.0,-3.5,-6.1,-5.5,-14.9
182,10796747.907532047,20,4.218477370417105,65.78150862958289,548.6177819707212,1,6.435023093445125e-05,0.8307079569721185,0.16926262761776154,2.9415410119894837e-05,200.0,92.08150862958288,-209.98152262958288,-1.4,-1.0,-11.2,0.0,0.0,-29.5,-9.0,-3.5,-6.1,-5.5,-14.9
183,10796747.907532047,21,4.218477370417105,65.78150862958289,548.6177819707212,1,6.435023093445125e-05,0.8303634344050589,0.16960862095532717,2.7944639613900095e-05,200.0,92.08150862958288,-209.98152262958288,-1.4,-1.0,-11.2,0.0,0.0,-29.5,-9.0,-3.5,-6.1,-5.5,-14.9
184,10796747.907532047,22,4.218477370417105,65.78150862958289,548.6177819707212,1,6.435023093445125e-05,0.8300140599715266,0.16995939262084023,2.654740763320509e-05,200.0,92.08150862958288,-209.98152262958288,-1.4,-1.0,-11.2,0.0,0.0,-29.5,-9.0,-3.5,-6.1,-5.5,-14.9
185,10796747.907532047,23,4.218477370417105,65.78150862958289,548.6177819707212,1,6.435023093445125e-05,0.8296737931100219,0.17030098685272654,2.5220037251544835e-05,200.0,92.08150862958288,-209.98152262958288,-1.4,-1.0,-11.2,0.0,0.0,-29.5,-9.0,-3.5,-6.1,-5.5,-14.9
186,10796747.907532047,24,4.218477370417105,65.78150862958289,548.6177819707212,1,6.435023093445125e-05,0.8293377672957447,0.1706382736688663,2.3959035388967593e-05,200.0,92.08150862958288,-209.98152262958288,-1.4,-1.0,-11.2,0.0,0.0,-29.5,-9.0,-3.5,-6.1,-5.5,-14.9
187,10796747.907532047,25,4.218477370417105,65.78150862958289,548.6177819707212,1,6.435023093445125e-05,0.8290327025268093,0.17094453638957127,2.2761083619519215e-05,200.0,92.08150862958288,-209.98152262958288,-1.4,-1.0,-11.2,0.0,0.0,-29.5,-9.0,-3.5,-6.1,-5.5,-14.9
188,10796747.907532047,26,4.218477370417105,65.78150862958289,548.6177819707212,1,6.435023093445125e-05,0.8287213599536603,0.17125701701690121,2.1623029438543254e-05,200.0,92.08150862958288,-209.98152262958288,-1.4,-1.0,-11.2,0.0,0.0,-29.5,-9.0,-3.5,-6.1,-5.5,-14.9
189,10796747.907532047,27,4.218477370417105,65.78150862958289,548.6177819707212,1,6.435023093445125e-05,0.8284219562482332,0.17155750187380012,2.054187796661609e-05,200.0,92.08150862958288,-209.98152262958288,-1.4,-1.0,-11.2,0.0,0.0,-29.5,-9.0,-3.5,-6.1,-5.5,-14.9
190,10796747.907532047,28,4.218477370417105,65.78150862958289,548.6177819707212,1,6.435023093445125e-05,0.8281251112977404,0.17185537391819136,1.9514784068285287e-05,200.0,92.08150862958288,-209.98152262958288,-1.4,-1.0,-11.2,0.0,0.0,-29.5,-9.0,-3.5,-6.1,-5.5,-14.9
191,10796747.907532047,29,4.218477370417105,65.78150862958289,548.6177819707212,1,6.435023093445125e-05,0.8278264075665819,0.1721550533885533,1.8539044864871024e-05,200.0,92.08150862958288,-209.98152262958288,-1.4,-1.0,-11.2,0.0,0.0,-29.5,-9.0,-3.5,-6.1,-5.5,-14.9
192,10796747.907532047,30,4.218477370417105,65.78150862958289,548.6177819707212,1,6.435023093445125e-05,0.8275348462002018,0.17244754170717666,1.7612092621627477e-05,200.0,92.08150862958288,-209.98152262958288,-1.4,-1.0,-11.2,0.0,0.0,-29.5,-9.0,-3.5,-6.1,-5.5,-14.9
193,10796747.907532047,31,4.218477370417105,65.78150862958289,548.6177819707212,1,6.435023093445125e-05,0.8272326598071293,0.17275060870488013,1.67314879905461e-05,200.0,92.08150862958288,-209.98152262958288,-1.4,-1.0,-11.2,0.0,0.0,-29.5,-9.0,-3.5,-6.1,-5.5,-14.9
194,10796747.907532047,32,4.218477370417105,65.78150862958289,548.6177819707212,1,6.435023093445125e-05,0.8269205480615365,0.17306355702487253,1.58949135910188e-05,200.0,92.08150862958288,-209.98152262958288,-1.4,-1.0,-11.2,0.0,0.0,-29.5,-9.0,-3.5,-6.1,-5.5,-14.9
195,10796747.907532047,33,4.218477370417105,65.78150862958289,548.6177819707212,1,6.435023093445125e-05,0.8265991739712486,0.17338572586084,1.510016791146786e-05,200.0,92.08150862958288,-209.98152262958288,-1.4,-1.0,-11.2,0.0,0.0,-29.5,-9.0,-3.5,-6.1,-5.5,-14.9
196,10796747.907532047,34,4.218477370417105,65.78150862958289,548.6177819707212,1,6.435023093445125e-05,0.8263039450424717,0.1736817097980124,1.4345159515894465e-05,200.0,92.08150862958288,-209.98152262958288,-1.4,-1.0,-11.2,0.0,0.0,-29.5,-9.0,-3.5,-6.1,-5.5,-14.9
197,10796747.907532047,35,4.218477370417105,65.78150862958289,548.6177819707212,1,6.435023093445125e-05,0.8260075442278819,0.17397882787057795,1.3627901540099742e-05,200.0,92.08150862958288,-209.98152262958288,-1.4,-1.0,-11.2,0.0,0.0,-29.5,-9.0,-3.5,-6.1,-5.5,-14.9
198,10796747.907532047,36,4.218477370417105,65.78150862958289,548.6177819707212,1,6.435023093445125e-05,0.8256885603102185,0.17429849318331841,1.2946506463094756e-05,200.0,92.08150862958288,-209.98152262958288,-1.4,-1.0,-11.2,0.0,0.0,-29.5,-9.0,-3.5,-6.1,-5.5,-14.9
199,10796747.907532047,37,4.218477370417105,65.78150862958289,548.6177819707212,1,6.435023093445125e-05,0.8253655860930738,0.1746221147257863,1.2299181139940018e-05,200.0,92.08150862958288,-209.98152262958288,-1.4,-1.0,-11.2,0.0,0.0,-29.5,-9.0,-3.5,-6.1,-5.5,-14.9
200,10796747.907532047,38,4.218477370417105,65.78150862958289,548.6177819707212,1,6.435023093445125e-05,0.8250389649255746,0.17494935085234242,1.1684222082943017e-05,200.0,92.08150862958288,-209.98152262958288,-1.4,-1.0,-11.2,0.0,0.0,-29.5,-9.0,-3.5,-6.1,-5.5,-14.9
201,10796747.907532047,39,4.218477370417105,65.78150862958289,548.6177819707212,1,6.435023093445125e-05,0.8247261989868763,0.17526270100214492,1.1100010978795866e-05,200.0,92.08150862958288,-209.98152262958288,-1.4,-1.0,-11.2,0.0,0.0,-29.5,-9.0,-3.5,-6.1,-5.5,-14.9
202,10796747.907532047,40,4.218477370417105,65.78150862958289,548.6177819707212,1,6.435023093445125e-05,0.8244052424166295,0.17558421257294068,1.0545010429856072e-05,200.0,92.08150862958288,-209.98152262958288,-1.4,-1.0,-11.2,0.0,0.0,-29.5,-9.0,-3.5,-6.1,-5.5,-14.9
203,10796747.907532047,41,4.218477370417105,65.78150862958289,548.6177819707212,1,6.435023093445125e-05,0.8240894763004192,0.1759005059396725,1.0017759908363268e-05,200.0,92.08150862958288,-209.98152262958288,-1.4,-1.0,-11.2,0.0,0.0,-29.5,-9.0,-3.5,-6.1,-5.5,-14.9
204,10796747.907532047,42,4.218477370417105,65.78150862958289,548.6177819707212,1,6.435023093445125e-05,0.8237744774314543,0.17621600569663276,9.516871912945103e-06,200.0,92.08150862958288,-209.98152262958288,-1.4,-1.0,-11.2,0.0,0.0,-29.5,-9.0,-3.5,-6.1,-5.5,-14.9
205,10796747.907532047,43,4.218477370417105,65.78150862958289,548.6177819707212,1,6.435023093445125e-05,0.8234560770344862,0.17653488193719655,9.04102831729785e-06,200.0,92.08150862958288,-209.98152262958288,-1.4,-1.0,-11.2,0.0,0.0,-29.5,-9.0,-3.5,-6.1,-5.5,-14.9
206,10796747.907532047,44,4.218477370417105,65.78150862958289,548.6177819707212,1,6.435023093445125e-05,0.8231472857398394,0.1768441252832591,8.588976901432957e-06,200.0,92.08150862958288,-209.98152262958288,-1.4,-1.0,-11.2,0.0,0.0,-29.5,-9.0,-3.5,-6.1,-5.5,-14.9
207,10796747.907532047,45,4.218477370417105,65.78150862958289,548.6177819707212,1,6.435023093445125e-05,0.8228476798694392,0.17714416060250449,8.15952805636131e-06,200.0,92.08150862958288,-209.98152262958288,-1.4,-1.0,-11.2,0.0,0.0,-29.5,-9.0,-3.5,-6.1,-5.5,-14.9
208,10796747.907532047,46,4.218477370417105,65.78150862958289,548.6177819707212,1,6.435023093445125e-05,0.8225568561663414,0.17743539228200497,7.751551653543244e-06,200.0,92.08150862958288,-209.98152262958288,-1.4,-1.0,-11.2,0.0,0.0,-29.5,-9.0,-3.5,-6.1,-5.5,-14.9
209,10796747.907532047,47,4.218477370417105,65.78150862958289,548.6177819707212,1,6.435023093445125e-05,0.8222660643089519,0.1777265717169773,7.363974070866082e-06,200.0,92.08150862958288,-209.98152262958288,-1.4,-1.0,-11.2,0.0,0.0,-29.5,-9.0,-3.5,-6.1,-5.5,-14.9
210,10796747.907532047,48,4.218477370417105,65.78150862958289,548.6177819707212,1,6.435023093445125e-05,0.8219920901908693,0.17800091403376347,6.995775367322778e-06,200.0,92.08150862958288,-209.98152262958288,-1.4,-1.0,-11.2,0.0,0.0,-29.5,-9.0,-3.5,-6.1,-5.5,-14.9
211,10796747.907532047,49,4.218477370417105,65.78150862958289,548.6177819707212,1,6.435023093445125e-05,0.8217257802531663,0.17826757376023475,6.645986598956639e-06,200.0,92.08150862958288,-209.98152262958288,-1.4,-1.0,-11.2,0.0,0.0,-29.5,-9.0,-3.5,-6.1,-5.5,-14.9
212,10796747.907532047,0,4.218477370417105,65.78150862958289,548.6177819707212,1,6.435023093445125e-05,0.8214709342292585,0.17852275208347246,6.313687269008807e-06,200.0,92.08150862958288,-209.98152262958288,-1.4,-1.0,-11.2,0.0,0.0,-29.5,-9.0,-3.5,-6.1,-5.5,-14.9
213,10796747.907532047,1,4.218477370417105,65.78150862958289,548.6177819707212,1,6.435023093445125e-05,0.8212105363067229,0.1787834656903715,5.998002905558367e-06,200.0,92.08150862958288,-209.98152262958288,-1.4,-1.0,-11.2,0.0,0.0,-29.5,-9.0,-3.5,-6.1,-5.5,-14.9
214,10796747.907532047,2,4.218477370417105,65.78150862958289,548.6177819707212,1,6.435023093445125e-05,0.8209408750971268,0.1790534268001129,5.698102760280449e-06,200.0,92.08150862958288,-209.98152262958288,-1.4,-1.0,-11.2,0.0,0.0,-29.5,-9.0,-3.5,-6.1,-5.5,-14.9
215,10796747.907532047,3,4.218477370417105,65.78150862958289,548.6177819707212,1,6.435023093445125e-05,0.8206584400937612,0.17933614670861658,5.413197622266427e-06,200.0,92.08150862958288,-209.98152262958288,-1.4,-1.0,-11.2,0.0,0.0,-29.5,-9.0,-3.5,-6.1,-5.5,-14.9
216,10796747.907532047,4,4.218477370417105,65.78150862958289,548.6177819707212,1,6.435023093445125e-05,0.8203640141095653,0.17963084335269355,5.142537741153105e-06,200.0,92.08150862958288,-209.98152262958288,-1.4,-1.0,-11.2,0.0,0.0,-29.5,-9.0,-3.5,-6.1,-5.5,-14.9
217,10796747.907532047,5,4.218477370417105,65.78150862958289,548.6177819707212,1,6.435023093445125e-05,0.8200624443494106,0.17993267023973533,4.885410854095451e-06,200.0,92.08150862958288,-209.98152262958288,-1.4,-1.0,-11.2,0.0,0.0,-29.5,-9.0,-3.5,-6.1,-5.5,-14.9
218,10796747.907532047,6,4.218477370417105,65.78150862958289,548.6177819707212,1,6.435023093445125e-05,0.819766502946765,0.18022885591292367,4.641140311390679e-06,200.0,92.08150862958288,-209.98152262958288,-1.4,-1.0,-11.2,0.0,0.0,-29.5,-9.0,-3.5,-6.1,-5.5,-14.9
219,10796747.907532047,7,4.218477370417105,65.78150862958289,548.6177819707212,1,6.435023093445125e-05,0.8194882022051033,0.1805073887116009,4.409083295821145e-06,200.0,92.08150862958288,-209.98152262958288,-1.4,-1.0,-11.2,0.0,0.0,-29.5,-9.0,-3.5,-6.1,-5.5,-14.9
220,10796747.907532047,8,4.218477370417105,65.78150862958289,548.6177819707212,1,6.435023093445125e-05,0.8192225828092624,0.1807732285616066,4.188629131030087e-06,200.0,92.08150862958288,-209.98152262958288,-1.4,-1.0,-11.2,0.0,0.0,-29.5,-9.0,-3.5,-6.1,-5.5,-14.9
221,10796747.907532047,9,4.218477370417105,65.78150862958289,548.6177819707212,1,6.435023093445125e-05,0.8189811082703831,0.18101491253194246,3.979197674478583e-06,200.0,92.08150862958288,-209.98152262958288,-1.4,-1.0,-11.2,0.0,0.0,-29.5,-9.0,-3.5,-6.1,-5.5,-14.9
222,10796747.907532047,10,4.218477370417105,65.78150862958289,548.6177819707212,1,6.435023093445125e-05,0.8187584515749838,0.18123776818722545,3.7802377907546537e-06,200.0,92.08150862958288,-209.98152262958288,-1.4,-1.0,-11.2,0.0,0.0,-29.5,-9.0,-3.5,-6.1,-5.5,-14.9
223,10796747.907532047,11,4.218477370417105,65.78150862958289,548.6177819707212,1,6.435023093445125e-05,0.8185496218381907,0.1814467869359081,3.5912259012169208e-06,200.0,92.08150862958288,-209.98152262958288,-1.4,-1.0,-11.2,0.0,0.0,-29.5,-9.0,-3.5,-6.1,-5.5,-14.9
224,10796747.907532047,12,4.218477370417105,65.78150862958289,548.6177819707212,1,6.435023093445125e-05,0.8183459729548296,0.18165061538056435,3.411664606156075e-06,200.0,92.08150862958288,-209.98152262958288,-1.4,-1.0,-11.2,0.0,0.0,-29.5,-9.0,-3.5,-6.1,-5.5,-14.9
225,10796747.907532047,13,4.218477370417105,65.78150862958289,548.6177819707212,1,6.435023093445125e-05,0.818135423043074,0.18186133587555017,3.2410813758482714e-06,200.0,92.08150862958288,-209.98152262958288,-1.4,-1.0,-11.2,0.0,0.0,-29.5,-9.0,-3.5,-6.1,-5.5,-14.9
226,10796747.907532047,14,4.218477370417105,65.78150862958289,548.6177819707212,1,6.435023093445125e-05,0.8179105199023213,0.18208640107037163,3.0790273070558577e-06,200.0,92.08150862958288,-209.98152262958288,-1.4,-1.0,-11.2,0.0,0.0,-29.5,-9.0,-3.5,-6.1,-5.5,-14.9
227,10796747.907532047,15,4.218477370417105,65.78150862958289,548.6177819707212,1,6.435023093445125e-05,0.8176839618351962,0.18231311308886217,2.9250759417030653e-06,200.0,92.08150862958288,-209.98152262958288,-1.4,-1.0,-11.2,0.0,0.0,-29.5,-9.0,-3.5,-6.1,-5.5,-14.9
228,10796747.907532047,16,4.218477370417105,65.78150862958289,548.6177819707212,1,6.435023093445125e-05,0.8174677209384945,0.18252950023936074,2.7788221446179116e-06,200.0,92.08150862958288,-209.98152262958288,-1.4,-1.0,-11.2,0.0,0.0,-29.5,-9.0,-3.5,-6.1,-5.5,-14.9
229,10796747.907532047,17,4.218477370417105,65.78150862958289,548.6177819707212,1,6.435023093445125e-05,0.8172377746694248,0.18275958544953783,2.639881037387016e-06,200.0,92.08150862958288,-209.98152262958288,-1.4,-1.0,-11.2,0.0,0.0,-29.5,-9.0,-3.5,-6.1,-5.5,-14.9
230,10796747.907532047,18,4.218477370417105,65.78150862958289,548.6177819707212,1,6.435023093445125e-05,0.8170145239690522,0.1829829681439624,2.5078869855176657e-06,200.0,92.08150862958288,-209.98152262958288,-1.4,-1.0,-11.2,0.0,0.0,-29.5,-9.0,-3.5,-6.1,-5.5,-14.9
231,10796747.907532047,19,4.218477370417105,65.78150862958289,548.6177819707212,1,6.435023093445125e-05,0.8167859711780165,0.18321164632934728,2.382492636241782e-06,200.0,92.08150862958288,-209.98152262958288,-1.4,-1.0,-11.2,0.0,0.0,-29.5,-9.0,-3.5,-6.1,-5.5,-14.9
232,10796747.907532047,20,4.218477370417105,65.78150862958289,548.6177819707212,1,6.435023093445125e-05,0.8165485880975558,0.18344914853443978,2.263368004429693e-06,200.0,92.08150862958288,-209.98152262958288,-1.4,-1.0,-11.2,0.0,0.0,-29.5,-9.0,-3.5,-6.1,-5.5,-14.9
233,10796747.907532047,21,4.218477370417105,65.78150862958289,548.6177819707212,1,6.435023093445125e-05,0.8163184896306993,0.1836793601696965,2.150199604208208e-06,200.0,92.08150862958288,-209.98152262958288,-1.4,-1.0,-11.2,0.0,0.0,-29.5,-9.0,-3.5,-6.1,-5.5,-14.9
234,10796747.907532047,22,4.218477370417105,65.78150862958289,548.6177819707212,1,6.435023093445125e-05,0.8160914772384813,0.18390648007189478,2.0426896239977977e-06,200.0,92.08150862958288,-209.98152262958288,-1.4,-1.0,-11.2,0.0,0.0,-29.5,-9.0,-3.5,-6.1,-5.5,-14.9
235,10796747.907532047,23,4.218477370417105,65.78150862958289,548.6177819707212,1,6.435023093445125e-05,0.8158635977879721,0.18413446165688505,1.940555142797908e-06,200.0,92.08150862958288,-209.98152262958288,-1.4,-1.0,-11.2,0.0,0.0,-29.5,-9.0,-3.5,-6.1,-5.5,-14.9
236,10796747.907532047,24,4.218477370417105,65.78150862958289,548.6177819707212,1,6.435023093445125e-05,0.815658056781595,0.1843400996910194,1.8435273856580126e-06,200.0,92.08150862958288,-209.98152262958288,-1.4,-1.0,-11.2,0.0,0.0,-29.5,-9.0,-3.5,-6.1,-5.5,-14.9
237,10796747.907532047,25,4.218477370417105,65.78150862958289,548.6177819707212,1,6.435023093445125e-05,0.8154545133431634,0.18454373530582027,1.7513510163751122e-06,200.0,92.08150862958288,-209.98152262958288,-1.4,-1.0,-11.2,0.0,0.0,-29.5,-9.0,-3.5,-6.1,-5.5,-14.9
238,10796747.907532047,26,4.218477370417105,65.78150862958289,548.6177819707212,1,6.435023093445125e-05,0.8152491115015086,0.1847492247150259,1.6637834655563566e-06,200.0,92.08150862958288,-209.98152262958288,-1.4,-1.0,-11.2,0.0,0.0,-29.5,-9.0,-3.5,-6.1,-5.5,-14.9
239,10796747.907532047,27,4.218477370417105,65.78150862958289,548.6177819707212,1,6.435023093445125e-05,0.8150344034480795,0.18496401595762824,1.580594292278539e-06,200.0,92.08150862958288,-209.98152262958288,-1.4,-1.0,-11.2,0.0,0.0,-29.5,-9.0,-3.5,-6.1,-5.5,-14.9
240,10796747.907532047,28,4.218477370417105,65.78150862958289,548.6177819707212,1,6.435023093445125e-05,0.8148261796509776,0.18517231878444476,1.501564577664612e-06,200.0,92.08150862958288,-209.98152262958288,-1.4,-1.0,-11.2,0.0,0.0,-29.5,-9.0,-3.5,-6.1,-5.5,-14.9
241,10796747.907532047,29,4.218477370417105,65.78150862958289,548.6177819707212,1,6.435023093445125e-05,0.8146279340603968,0.18537063945325438,1.4264863487813814e-06,200.0,92.08150862958288,-209.98152262958288,-1.4,-1.0,-11.2,0.0,0.0,-29.5,-9.0,-3.5,-6.1,-5.5,-14.9
242,10796747.907532047,30,4.218477370417105,65.78150862958289,548.6177819707212,1,6.435023093445125e-05,0.8144278584241539,0.18557078641381472,1.3551620313423122e-06,200.0,92.08150862958288,-209.98152262958288,-1.4,-1.0,-11.2,0.0,0.0,-29.5,-9.0,-3.5,-6.1,-5.5,-14.9
243,10796747.907532047,31,4.218477370417105,65.78150862958289,548.6177819707212,1,6.435023093445125e-05,0.8142411654288538,0.18575754716721635,1.2874039297751966e-06,200.0,92.08150862958288,-209.98152262958288,-1.4,-1.0,-11.2,0.0,0.0,-29.5,-9.0,-3.5,-6.1,-5.5,-14.9
244,10796747.907532047,32,4.218477370417105,65.78150862958289,548.6177819707212,1,6.435023093445125e-05,0.8140559302236076,0.18594284674265918,1.223033733286437e-06,200.0,92.08150862958288,-209.98152262958288,-1.4,-1.0,-11.2,0.0,0.0,-29.5,-9.0,-3.5,-6.1,-5.5,-14.9
245,10796747.907532047,33,4.218477370417105,65.78150862958289,548.6177819707212,1,6.435023093445125e-05,0.8138684016681154,0.18613043644983804,1.1618820466221151e-06,200.0,92.08150862958288,-209.98152262958288,-1.4,-1.0,-11.2,0.0,0.0,-29.5,-9.0,-3.5,-6.1,-5.5,-14.9
246,10796747.907532047,34,4.218477370417105,65.78150862958289,548.6177819707212,1,6.435023093445125e-05,0.81368249655355,0.18631639965850574,1.1037879442910094e-06,200.0,92.08150862958288,-209.98152262958288,-1.4,-1.0,-11.2,0.0,0.0,-29.5,-9.0,-3.5,-6.1,-5.5,-14.9
247,10796747.907532047,35,4.218477370417105,65.78150862958289,548.6177819707212,1,6.435023093445125e-05,0.8135019017104542,0.18649704969099878,1.048598547076459e-06,200.0,92.08150862958288,-209.98152262958288,-1.4,-1.0,-11.2,0.0,0.0,-29.5,-9.0,-3.5,-6.1,-5.5,-14.9
248,10796747.907532047,36,4.218477370417105,65.78150862958289,548.6177819707212,1,6.435023093445125e-05,0.8133189811709743,0.18668002266040604,9.96168619722636e-07,200.0,92.08150862958288,-209.98152262958288,-1.4,-1.0,-11.2,0.0,0.0,-29.5,-9.0,-3.5,-6.1,-5.5,-14.9
249,10796747.907532047,37,4.218477370417105,65.78150862958289,548.6177819707212,1,6.435023093445125e-05,0.8131302306124859,0.18686882302732524,9.46360188736504e-07,200.0,92.08150862958288,-209.98152262958288,-1.4,-1.0,-11.2,0.0,0.0,-29.5,-9.0,-3.5,-6.1,-5.5,-14.9
250,10796747.907532047,38,4.218477370417105,65.78150862958289,548.6177819707212,1,6.435023093445125e-05,0.8129397185995854,0.18705938235823535,8.990421792996789e-07,200.0,92.08150862958288,-209.98152262958288,-1.4,-1.0,-11.2,0.0,0.0,-29.5,-9.0,-3.5,-6.1,-5.5,-14.9
251,10796747.907532047,39,4.218477370417105,65.78150862958289,548.6177819707212,1,6.435023093445125e-05,0.812758630844438,0.1872405150654917,8.540900703346949e-07,200.0,92.08150862958288,-209.98152262958288,-1.4,-1.0,-11.2,0.0,0.0,-29.5,-9.0,-3.5,-6.1,-5.5,-14.9
252,10796747.907532047,40,4.218477370417105,65.78150862958289,548.6177819707212,1,6.435023093445125e-05,0.8125681864284785,0.18743100218595465,8.113855668179602e-07,200.0,92.08150862958288,-209.98152262958288,-1.4,-1.0,-11.2,0.0,0.0,-29.5,-9.0,-3.5,-6.1,-5.5,-14.9
253,10796747.907532047,41,4.218477370417105,65.78150862958289,548.6177819707212,1,6.435023093445125e-05,0.812387238642458,0.1876119905412536,7.708162884770622e-07,200.0,92.08150862958288,-209.98152262958288,-1.4,-1.0,-11.2,0.0,0.0,-29.5,-9.0,-3.5,-6.1,-5.5,-14.9
254,10796747.907532047,42,4.218477370417105,65.78150862958289,548.6177819707212,1,6.435023093445125e-05,0.8122189494678365,0.18778031825668953,7.322754740532091e-07,200.0,92.08150862958288,-209.98152262958288,-1.4,-1.0,-11.2,0.0,0.0,-29.5,-9.0,-3.5,-6.1,-5.5,-14.9
255,10796747.907532047,43,4.218477370417105,65.78150862958289,548.6177819707212,1,6.435023093445125e-05,0.8120698889355515,0.1879294154027481,6.956617003505486e-07,200.0,92.08150862958288,-209.98152262958288,-1.4,-1.0,-11.2,0.0,0.0,-29.5,-9.0,-3.5,-6.1,-5.5,-14.9
256,10796747.907532047,44,4.218477370417105,65.78150862958289,548.6177819707212,1,6.435023093445125e-05,0.8119101710092832,0.1880891681121015,6.608786153330211e-07,200.0,92.08150862958288,-209.98152262958288,-1.4,-1.0,-11.2,0.0,0.0,-29.5,-9.0,-3.5,-6.1,-5.5,-14.9
257,10796747.907532047,45,4.218477370417105,65.78150862958289,548.6177819707212,1,6.435023093445125e-05,0.8117692079133645,0.188230164251951,6.278346845663701e-07,200.0,92.08150862958288,-209.98152262958288,-1.4,-1.0,-11.2,0.0,0.0,-29.5,-9.0,-3.5,-6.1,-5.5,-14.9
258,10796747.907532047,46,4.218477370417105,65.78150862958289,548.6177819707212,1,6.435023093445125e-05,0.8116280841502023,0.18837131940684748,5.964429503380516e-07,200.0,92.08150862958288,-209.98152262958288,-1.4,-1.0,-11.2,0.0,0.0,-29.5,-9.0,-3.5,-6.1,-5.5,-14.9
259,10796747.907532047,47,4.218477370417105,65.78150862958289,548.6177819707212,1,6.435023093445125e-05,0.8114868570231939,0.18851257635600338,5.66620802821149e-07,200.0,92.08150862958288,-209.98152262958288,-1.4,-1.0,-11.2,0.0,0.0,-29.5,-9.0,-3.5,-6.1,-5.5,-14.9
260,10796747.907532047,48,4.218477370417105,65.78150862958289,548.6177819707212,1,6.435023093445125e-05,0.8113526951955131,0.1886467665147243,5.382897626800915e-07,200.0,92.08150862958288,-209.98152262958288,-1.4,-1.0,-11.2,0.0,0.0,-29.5,-9.0,-3.5,-6.1,-5.5,-14.9
261,10796747.907532047,49,4.218477370417105,65.78150862958289,548.6177819707212,1,6.435023093445125e-05,0.8111932946393523,0.18880619398537302,5.113752745460868e-07,200.0,92.08150862958288,-209.98152262958288,-1.4,-1.0,-11.2,0.0,0.0,-29.5,-9.0,-3.5,-6.1,-5.5,-14.9
262,10796747.907532047,0,4.218477370417105,65.78150862958289,548.6177819707212,1,6.435023093445125e-05,0.8110313506173529,0.18896816357613638,4.858065108187825e-07,200.0,92.08150862958288,-209.98152262958288,-1.4,-1.0,-11.2,0.0,0.0,-29.5,-9.0,-3.5,-6.1,-5.5,-14.9
263,10796747.907532047,1,4.218477370417105,65.78150862958289,548.6177819707212,1,6.435023093445125e-05,0.8108741363164991,0.18912540216731574,4.615161852778433e-07,200.0,92.08150862958288,-209.98152262958288,-1.4,-1.0,-11.2,0.0,0.0,-29.5,-9.0,-3.5,-6.1,-5.5,-14.9
264,10796747.907532047,2,4.218477370417105,65.78150862958289,548.6177819707212,1,6.435023093445125e-05,0.8107143829979397,0.18928517856168428,4.3844037601395115e-07,200.0,92.08150862958288,-209.98152262958288,-1.4,-1.0,-11.2,0.0,0.0,-29.5,-9.0,-3.5,-6.1,-5.5,-14.9
265,10796747.907532047,3,4.218477370417105,65.78150862958289,548.6177819707212,1,6.435023093445125e-05,0.8105522818427053,0.18944730163893747,4.1651835721325356e-07,200.0,92.08150862958288,-209.98152262958288,-1.4,-1.0,-11.2,0.0,0.0,-29.5,-9.0,-3.5,-6.1,-5.5,-14.9
266,10796747.907532047,4,4.218477370417105,65.78150862958289,548.6177819707212,1,6.435023093445125e-05,0.8103915269343986,0.18960807737316207,3.9569243935259094e-07,200.0,92.08150862958288,-209.98152262958288,-1.4,-1.0,-11.2,0.0,0.0,-29.5,-9.0,-3.5,-6.1,-5.5,-14.9
267,10796747.907532047,5,4.218477370417105,65.78150862958289,548.6177819707212,1,6.435023093445125e-05,0.8102320960091738,0.18976752808300884,3.759078173849614e-07,200.0,92.08150862958288,-209.98152262958288,-1.4,-1.0,-11.2,0.0,0.0,-29.5,-9.0,-3.5,-6.1,-5.5,-14.9
268,10796747.907532047,6,4.218477370417105,65.78150862958289,548.6177819707212,1,6.435023093445125e-05,0.8100704742192486,0.1899291686683249,3.571124265157133e-07,200.0,92.08150862958288,-209.98152262958288,-1.4,-1.0,-11.2,0.0,0.0,-29.5,-9.0,-3.5,-6.1,-5.5,-14.9
269,10796747.907532047,7,4.218477370417105,65.78150862958289,548.6177819707212,1,6.435023093445125e-05,0.8099103183351911,0.19008934240800365,3.3925680518992764e-07,200.0,92.08150862958288,-209.98152262958288,-1.4,-1.0,-11.2,0.0,0.0,-29.5,-9.0,-3.5,-6.1,-5.5,-14.9
270,10796747.907532047,8,4.218477370417105,65.78150862958289,548.6177819707212,1,6.435023093445125e-05,0.8097411668054897,0.19025851090054546,3.222939649304313e-07,200.0,92.08150862958288,-209.98152262958288,-1.4,-1.0,-11.2,0.0,0.0,-29.5,-9.0,-3.5,-6.1,-5.5,-14.9
271,10796747.907532047,9,4.218477370417105,65.78150862958289,548.6177819707212,1,6.435023093445125e-05,0.8095739737850804,0.19042572003565286,3.0617926668390974e-07,200.0,92.08150862958288,-209.98152262958288,-1.4,-1.0,-11.2,0.0,0.0,-29.5,-9.0,-3.5,-6.1,-5.5,-14.9
272,10796747.907532047,10,4.218477370417105,65.78150862958289,548.6177819707212,1,6.435023093445125e-05,0.8094086840002935,0.19059102512940307,2.908703033497142e-07,200.0,92.08150862958288,-209.98152262958288,-1.4,-1.0,-11.2,0.0,0.0,-29.5,-9.0,-3.5,-6.1,-5.5,-14.9
273,10796747.907532047,11,4.218477370417105,65.78150862958289,548.6177819707212,1,6.435023093445125e-05,0.8092521428166236,0.1907475808565882,2.7632678818222853e-07,200.0,92.08150862958288,-209.98152262958288,-1.4,-1.0,-11.2,0.0,0.0,-29.5,-9.0,-3.5,-6.1,-5.5,-14.9
274,10796747.907532047,12,4.218477370417105,65.78150862958289,548.6177819707212,1,6.435023093445125e-05,0.8090935984882809,0.19090613900127035,2.625104487731171e-07,200.0,92.08150862958288,-209.98152262958288,-1.4,-1.0,-11.2,0.0,0.0,-29.5,-9.0,-3.5,-6.1,-5.5,-14.9
275,10796747.907532047,13,4.218477370417105,65.78150862958289,548.6177819707212,1,6.435023093445125e-05,0.8089400700253372,0.19105968058973652,2.493849263344613e-07,200.0,92.08150862958288,-209.98152262958288,-1.4,-1.0,-11.2,0.0,0.0,-29.5,-9.0,-3.5,-6.1,-5.5,-14.9
276,10796747.907532047,14,4.218477370417105,65.78150862958289,548.6177819707212,1,6.435023093445125e-05,0.8087810679962824,0.19121869508803768,2.369156800177382e-07,200.0,92.08150862958288,-209.98152262958288,-1.4,-1.0,-11.2,0.0,0.0,-29.5,-9.0,-3.5,-6.1,-5.5,-14.9
277,10796747.907532047,15,4.218477370417105,65.78150862958289,548.6177819707212,1,6.435023093445125e-05,0.8086237667426271,0.19137600818747685,2.2506989601685128e-07,200.0,92.08150862958288,-209.98152262958288,-1.4,-1.0,-11.2,0.0,0.0,-29.5,-9.0,-3.5,-6.1,-5.5,-14.9
278,10796747.907532047,16,4.218477370417105,65.78150862958289,548.6177819707212,1,6.435023093445125e-05,0.8084783240115176,0.19152146217208119,2.1381640121600874e-07,200.0,92.08150862958288,-209.98152262958288,-1.4,-1.0,-11.2,0.0,0.0,-29.5,-9.0,-3.5,-6.1,-5.5,-14.9
279,10796747.907532047,17,4.218477370417105,65.78150862958289,548.6177819707212,1,6.435023093445125e-05,0.8083407305747846,0.19165906629963425,2.0312558115520828e-07,200.0,92.08150862958288,-209.98152262958288,-1.4,-1.0,-11.2,0.0,0.0,-29.5,-9.0,-3.5,-6.1,-5.5,-14.9
280,10796747.907532047,18,4.218477370417105,65.78150862958289,548.6177819707212,1,6.435023093445125e-05,0.8082004635560271,0.1917993434746707,1.9296930209744785e-07,200.0,92.08150862958288,-209.98152262958288,-1.4,-1.0,-11.2,0.0,0.0,-29.5,-9.0,-3.5,-6.1,-5.5,-14.9
281,10796747.907532047,19,4.218477370417105,65.78150862958289,548.6177819707212,1,6.435023093445125e-05,0.808074543609629,0.19192527306953402,1.8332083699257549e-07,200.0,92.08150862958288,-209.98152262958288,-1.4,-1.0,-11.2,0.0,0.0,-29.5,-9.0,-3.5,-6.1,-5.5,-14.9
282,10796747.907532047,20,4.218477370417105,65.78150862958289,548.6177819707212,1,6.435023093445125e-05,0.8079588452320279,0.19204098061317704,1.741547951429467e-07,200.0,92.08150862958288,-209.98152262958288,-1.4,-1.0,-11.2,0.0,0.0,-29.5,-9.0,-3.5,-6.1,-5.5,-14.9
283,10796747.907532047,21,4.218477370417105,65.78150862958289,548.6177819707212,1,6.435023093445125e-05,0.8078361372696832,0.19216369728326146,1.6544705538579934e-07,200.0,92.08150862958288,-209.98152262958288,-1.4,-1.0,-11.2,0.0,0.0,-29.5,-9.0,-3.5,-6.1,-5.5,-14.9
284,10796747.907532047,22,4.218477370417105,65.78150862958289,548.6177819707212,1,6.435023093445125e-05,0.8076968212670692,0.19230302155822818,1.5717470261650936e-07,200.0,92.08150862958288,-209.98152262958288,-1.4,-1.0,-11.2,0.0,0.0,-29.5,-9.0,-3.5,-6.1,-5.5,-14.9
285,10796747.907532047,23,4.218477370417105,65.78150862958289,548.6177819707212,1,6.435023093445125e-05,0.8075684865762123,0.19243136410782025,1.493159674856839e-07,200.0,92.08150862958288,-209.98152262958288,-1.4,-1.0,-11.2,0.0,0.0,-29.5,-9.0,-3.5,-6.1,-5.5,-14.9
286,10796747.907532047,24,4.218477370417105,65.78150862958289,548.6177819707212,1,6.435023093445125e-05,0.8074372856562013,0.19256257249362957,1.418501691113997e-07,200.0,92.08150862958288,-209.98152262958288,-1.4,-1.0,-11.2,0.0,0.0,-29.5,-9.0,-3.5,-6.1,-5.5,-14.9
287,10796747.907532047,25,4.218477370417105,65.78150862958289,548.6177819707212,1,6.435023093445125e-05,0.8073232629470223,0.19267660229531705,1.3475766065582974e-07,200.0,92.08150862958288,-209.98152262958288,-1.4,-1.0,-11.2,0.0,0.0,-29.5,-9.0,-3.5,-6.1,-5.5,-14.9
288,10796747.907532047,26,4.218477370417105,65.78150862958289,548.6177819707212,1,6.435023093445125e-05,0.8071958265901221,0.19280404539010026,1.2801977762303828e-07,200.0,92.08150862958288,-209.98152262958288,-1.4,-1.0,-11.2,0.0,0.0,-29.5,-9.0,-3.5,-6.1,-5.5,-14.9
289,10796747.907532047,27,4.218477370417105,65.78150862958289,548.6177819707212,1,6.435023093445125e-05,0.807072200223605,0.19292767815760617,1.2161878874188635e-07,200.0,92.08150862958288,-209.98152262958288,-1.4,-1.0,-11.2,0.0,0.0,-29.5,-9.0,-3.5,-6.1,-5.5,-14.9
290,10796747.907532047,28,4.218477370417105,65.78150862958289,548.6177819707212,1,6.435023093445125e-05,0.8069554896223714,0.19304439483977928,1.1553784930479204e-07,200.0,92.08150862958288,-209.98152262958288,-1.4,-1.0,-11.2,0.0,0.0,-29.5,-9.0,-3.5,-6.1,-5.5,-14.9
291,10796747.907532047,29,4.218477370417105,65.78150862958289,548.6177819707212,1,6.435023093445125e-05,0.8068420764672584,0.1931578137717848,1.0976095683955244e-07,200.0,92.08150862958288,-209.98152262958288,-1.4,-1.0,-11.2,0.0,0.0,-29.5,-9.0,-3.5,-6.1,-5.5,-14.9
292,10796747.907532047,30,4.218477370417105,65.78150862958289,548.6177819707212,1,6.435023093445125e-05,0.8067187684810122,0.19328112724607885,1.0427290899757482e-07,200.0,92.08150862958288,-209.98152262958288,-1.4,-1.0,-11.2,0.0,0.0,-29.5,-9.0,-3.5,-6.1,-5.5,-14.9
293,10796747.907532047,31,4.218477370417105,65.78150862958289,548.6177819707212,1,6.435023093445125e-05,0.8065926507081891,0.19340725023254732,9.905926354769607e-08,200.0,92.08150862958288,-209.98152262958288,-1.4,-1.0,-11.2,0.0,0.0,-29.5,-9.0,-3.5,-6.1,-5.5,-14.9
294,10796747.907532047,32,4.218477370417105,65.78150862958289,548.6177819707212,1,6.435023093445125e-05,0.8064606631066086,0.19353924278709106,9.410630037031126e-08,200.0,92.08150862958288,-209.98152262958288,-1.4,-1.0,-11.2,0.0,0.0,-29.5,-9.0,-3.5,-6.1,-5.5,-14.9
295,10796747.907532047,33,4.218477370417105,65.78150862958289,548.6177819707212,1,6.435023093445125e-05,0.8063328937651544,0.1936670168338603,8.940098535179571e-08,200.0,92.08150862958288,-209.98152262958288,-1.4,-1.0,-11.2,0.0,0.0,-29.5,-9.0,-3.5,-6.1,-5.5,-14.9
296,10796747.907532047,34,4.218477370417105,65.78150862958289,548.6177819707212,1,6.435023093445125e-05,0.8061994454302359,0.19380046963882797,8.493093608420593e-08,200.0,92.08150862958288,-209.98152262958288,-1.4,-1.0,-11.2,0.0,0.0,-29.5,-9.0,-3.5,-6.1,-5.5,-14.9
297,10796747.907532047,35,4.218477370417105,65.78150862958289,548.6177819707212,1,6.435023093445125e-05,0.8060638937654944,0.19393602555011635,8.068438927999563e-08,200.0,92.08150862958288,-209.98152262958288,-1.4,-1.0,-11.2,0.0,0.0,-29.5,-9.0,-3.5,-6.1,-5.5,-14.9
298,10796747.907532047,36,4.218477370417105,65.78150862958289,548.6177819707212,1,6.435023093445125e-05,0.8059489125915671,0.1940510107582631,7.665016981599584e-08,200.0,92.08150862958288,-209.98152262958288,-1.4,-1.0,-11.2,0.0,0.0,-29.5,-9.0,-3.5,-6.1,-5.5,-14.9
299,10796747.907532047,37,4.218477370417105,65.78150862958289,548.6177819707212,1,6.435023093445125e-05,0.8058501560238487,0.19414977115849005,7.281766132519605e-08,200.0,92.08150862958288,-209.98152262958288,-1.4,-1.0,-11.2,0.0,0.0,-29.5,-9.0,-3.5,-6.1,-5.5,-14.9
300,10796747.907532047,38,4.218477370417105,65.78150862958289,548.6177819707212,1,6.435023093445125e-05,0.8057508068339563,0.1942491239892653,6.917677825893624e-08,200.0,92.08150862958288,-209.98152262958288,-1.4,-1.0,-11.2,0.0,0.0,-29.5,-9.0,-3.5,-6.1,-5.5,-14.9
301,10796747.907532047,39,4.218477370417105,65.78150862958289,548.6177819707212,1,6.435023093445125e-05,0.8056636326436012,0.19433630163845952,6.571793934598944e-08,200.0,92.08150862958288,-209.98152262958288,-1.4,-1.0,-11.2,0.0,0.0,-29.5,-9.0,-3.5,-6.1,-5.5,-14.9
302,10796747.907532047,40,4.218477370417105,65.78150862958289,548.6177819707212,1,6.435023093445125e-05,0.8055753198594471,0.1944246177085106,6.243204237868997e-08,200.0,92.08150862958288,-209.98152262958288,-1.4,-1.0,-11.2,0.0,0.0,-29.5,-9.0,-3.5,-6.1,-5.5,-14.9
303,10796747.907532047,41,4.218477370417105,65.78150862958289,548.6177819707212,1,6.435023093445125e-05,0.8054796410604864,0.19452029962907333,5.931044025975547e-08,200.0,92.08150862958288,-209.98152262958288,-1.4,-1.0,-11.2,0.0,0.0,-29.5,-9.0,-3.5,-6.1,-5.5,-14.9
304,10796747.907532047,42,4.218477370417105,65.78150862958289,548.6177819707212,1,6.435023093445125e-05,0.8053896307816556,0.19461031287342612,5.6344918246767696e-08,200.0,92.08150862958288,-209.98152262958288,-1.4,-1.0,-11.2,0.0,0.0,-29.5,-9.0,-3.5,-6.1,-5.5,-14.9
305,10796747.907532047,43,4.218477370417105,65.78150862958289,548.6177819707212,1,6.435023093445125e-05,0.8052955790203953,0.19470436745193234,5.352767233442931e-08,200.0,92.08150862958288,-209.98152262958288,-1.4,-1.0,-11.2,0.0,0.0,-29.5,-9.0,-3.5,-6.1,-5.5,-14.9
306,10796747.907532047,44,4.218477370417105,65.78150862958289,548.6177819707212,1,6.435023093445125e-05,0.805200869233063,0.19479907991564835,5.085128871770785e-08,200.0,92.08150862958288,-209.98152262958288,-1.4,-1.0,-11.2,0.0,0.0,-29.5,-9.0,-3.5,-6.1,-5.5,-14.9
307,10796747.907532047,45,4.218477370417105,65.78150862958289,548.6177819707212,1,6.435023093445125e-05,0.8051055657520874,0.1948943859391883,4.830872428182245e-08,200.0,92.08150862958288,-209.98152262958288,-1.4,-1.0,-11.2,0.0,0.0,-29.5,-9.0,-3.5,-6.1,-5.5,-14.9
308,10796747.907532047,46,4.218477370417105,65.78150862958289,548.6177819707212,1,6.435023093445125e-05,0.8050190785419576,0.19498087556475432,4.5893288067731334e-08,200.0,92.08150862958288,-209.98152262958288,-1.4,-1.0,-11.2,0.0,0.0,-29.5,-9.0,-3.5,-6.1,-5.5,-14.9
309,10796747.907532047,47,4.218477370417105,65.78150862958289,548.6177819707212,1,6.435023093445125e-05,0.8049378348173211,0.19506212158405528,4.359862366434476e-08,200.0,92.08150862958288,-209.98152262958288,-1.4,-1.0,-11.2,0.0,0.0,-29.5,-9.0,-3.5,-6.1,-5.5,-14.9
310,10796747.907532047,48,4.218477370417105,65.78150862958289,548.6177819707212,1,6.435023093445125e-05,0.8048553776984368,0.19514458088287073,4.141869248112752e-08,200.0,92.08150862958288,-209.98152262958288,-1.4,-1.0,-11.2,0.0,0.0,-29.5,-9.0,-3.5,-6.1,-5.5,-14.9
311,10796747.907532047,49,4.218477370417105,65.78150862958289,548.6177819707212,1,6.435023093445125e-05,0.8047717983938334,0.1952281622584088,3.934775785707114e-08,200.0,92.08150862958288,-209.98152262958288,-1.4,-1.0,-11.2,0.0,0.0,-29.5,-9.0,-3.5,-6.1,-5.5,-14.9
312,10796747.907532047,0,4.218477370417105,65.78150862958289,548.6177819707212,1,6.435023093445125e-05,0.8046779362480907,0.19532202637153936,3.738036996421758e-08,200.0,92.08150862958288,-209.98152262958288,-1.4,-1.0,-11.2,0.0,0.0,-29.5,-9.0,-3.5,-6.1,-5.5,-14.9
313,10796747.907532047,1,4.218477370417105,65.78150862958289,548.6177819707212,1,6.435023093445125e-05,0.8046020408081903,0.19539792368045822,3.55113514660067e-08,200.0,92.08150862958288,-209.98152262958288,-1.4,-1.0,-11.2,0.0,0.0,-29.5,-9.0,-3.5,-6.1,-5.5,-14.9
314,10796747.907532047,2,4.218477370417105,65.78150862958289,548.6177819707212,1,6.435023093445125e-05,0.8045247622550238,0.19547520400919233,3.3735783892706365e-08,200.0,92.08150862958288,-209.98152262958288,-1.4,-1.0,-11.2,0.0,0.0,-29.5,-9.0,-3.5,-6.1,-5.5,-14.9
315,10796747.907532047,3,4.218477370417105,65.78150862958289,548.6177819707212,1,6.435023093445125e-05,0.8044461993542815,0.19555376859672374,3.204899469807104e-08,200.0,92.08150862958288,-209.98152262958288,-1.4,-1.0,-11.2,0.0,0.0,-29.5,-9.0,-3.5,-6.1,-5.5,-14.9
316,10796747.907532047,4,4.218477370417105,65.78150862958289,548.6177819707212,1,6.435023093445125e-05,0.8043786169947635,0.19562135255869154,3.04465449631675e-08,200.0,92.08150862958288,-209.98152262958288,-1.4,-1.0,-11.2,0.0,0.0,-29.5,-9.0,-3.5,-6.1,-5.5,-14.9
317,10796747.907532047,5,4.218477370417105,65.78150862958289,548.6177819707212,1,6.435023093445125e-05,0.8043123258765343,0.195687645199248,2.8924217715009126e-08,200.0,92.08150862958288,-209.98152262958288,-1.4,-1.0,-11.2,0.0,0.0,-29.5,-9.0,-3.5,-6.1,-5.5,-14.9
318,10796747.907532047,6,4.218477370417105,65.78150862958289,548.6177819707212,1,6.435023093445125e-05,0.8042623693294779,0.1957376031925152,2.7478006829258667e-08,200.0,92.08150862958288,-209.98152262958288,-1.4,-1.0,-11.2,0.0,0.0,-29.5,-9.0,-3.5,-6.1,-5.5,-14.9
319,10796747.907532047,7,4.218477370417105,65.78150862958289,548.6177819707212,1,6.435023093445125e-05,0.8042158107605056,0.19578416313538782,2.6104106487795733e-08,200.0,92.08150862958288,-209.98152262958288,-1.4,-1.0,-11.2,0.0,0.0,-29.5,-9.0,-3.5,-6.1,-5.5,-14.9
320,10796747.907532047,8,4.218477370417105,65.78150862958289,548.6177819707212,1,6.435023093445125e-05,0.8041574797104466,0.19584249549065222,2.4798901163405947e-08,200.0,92.08150862958288,-209.98152262958288,-1.4,-1.0,-11.2,0.0,0.0,-29.5,-9.0,-3.5,-6.1,-5.5,-14.9
321,10796747.907532047,9,4.218477370417105,65.78150862958289,548.6177819707212,1,6.435023093445125e-05,0.8040910234093094,0.19590895303173456,2.3558956105235653e-08,200.0,92.08150862958288,-209.98152262958288,-1.4,-1.0,-11.2,0.0,0.0,-29.5,-9.0,-3.5,-6.1,-5.5,-14.9
322,10796747.907532047,10,4.218477370417105,65.78150862958289,548.6177819707212,1,6.435023093445125e-05,0.8040348345351237,0.195965143083868,2.238100829997387e-08,200.0,92.08150862958288,-209.98152262958288,-1.4,-1.0,-11.2,0.0,0.0,-29.5,-9.0,-3.5,-6.1,-5.5,-14.9
323,10796747.907532047,11,4.218477370417105,65.78150862958289,548.6177819707212,1,6.435023093445125e-05,0.8039734692580792,0.19602650947996295,2.1261957884975174e-08,200.0,92.08150862958288,-209.98152262958288,-1.4,-1.0,-11.2,0.0,0.0,-29.5,-9.0,-3.5,-6.1,-5.5,-14.9
324,10796747.907532047,12,4.218477370417105,65.78150862958289,548.6177819707212,1,6.435023093445125e-05,0.803922077477312,0.19607790232382805,2.0198859990726415e-08,200.0,92.08150862958288,-209.98152262958288,-1.4,-1.0,-11.2,0.0,0.0,-29.5,-9.0,-3.5,-6.1,-5.5,-14.9
325,10796747.907532047,13,4.218477370417105,65.78150862958289,548.6177819707212,1,6.435023093445125e-05,0.8038682820223118,0.19613169878877132,1.9188916991190094e-08,200.0,92.08150862958288,-209.98152262958288,-1.4,-1.0,-11.2,0.0,0.0,-29.5,-9.0,-3.5,-6.1,-5.5,-14.9
326,10796747.907532047,14,4.218477370417105,65.78150862958289,548.6177819707212,1,6.435023093445125e-05,0.8038092773675423,0.19619070440298664,1.8229471141630588e-08,200.0,92.08150862958288,-209.98152262958288,-1.4,-1.0,-11.2,0.0,0.0,-29.5,-9.0,-3.5,-6.1,-5.5,-14.9
327,10796747.907532047,15,4.218477370417105,65.78150862958289,548.6177819707212,1,6.435023093445125e-05,0.8037483114791846,0.19625167120281786,1.7317997584549056e-08,200.0,92.08150862958288,-209.98152262958288,-1.4,-1.0,-11.2,0.0,0.0,-29.5,-9.0,-3.5,-6.1,-5.5,-14.9
328,10796747.907532047,16,4.218477370417105,65.78150862958289,548.6177819707212,1,6.435023093445125e-05,0.8036884485187269,0.19631153502917545,1.6452097705321604e-08,200.0,92.08150862958288,-209.98152262958288,-1.4,-1.0,-11.2,0.0,0.0,-29.5,-9.0,-3.5,-6.1,-5.5,-14.9
329,10796747.907532047,17,4.218477370417105,65.78150862958289,548.6177819707212,1,6.435023093445125e-05,0.8036384296768861,0.1963615546936211,1.5629492820055522e-08,200.0,92.08150862958288,-209.98152262958288,-1.4,-1.0,-11.2,0.0,0.0,-29.5,-9.0,-3.5,-6.1,-5.5,-14.9
330,10796747.907532047,18,4.218477370417105,65.78150862958289,548.6177819707212,1,6.435023093445125e-05,0.8035772818898346,0.1964227032621472,1.4848018179052745e-08,200.0,92.08150862958288,-209.98152262958288,-1.4,-1.0,-11.2,0.0,0.0,-29.5,-9.0,-3.5,-6.1,-5.5,-14.9
331,10796747.907532047,19,4.218477370417105,65.78150862958289,548.6177819707212,1,6.435023093445125e-05,0.8035143728376068,0.19648561305677587,1.4105617270100109e-08,200.0,92.08150862958288,-209.98152262958288,-1.4,-1.0,-11.2,0.0,0.0,-29.5,-9.0,-3.5,-6.1,-5.5,-14.9
332,10796747.907532047,20,4.218477370417105,65.78150862958289,548.6177819707212,1,6.435023093445125e-05,0.8034439953961837,0.19655599120347989,1.3400336406595105e-08,200.0,92.08150862958288,-209.98152262958288,-1.4,-1.0,-11.2,0.0,0.0,-29.5,-9.0,-3.5,-6.1,-5.5,-14.9
333,10796747.907532047,21,4.218477370417105,65.78150862958289,548.6177819707212,1,6.435023093445125e-05,0.8033752885112387,0.19662469875844174,1.273031958626535e-08,200.0,92.08150862958288,-209.98152262958288,-1.4,-1.0,-11.2,0.0,0.0,-29.5,-9.0,-3.5,-6.1,-5.5,-14.9
334,10796747.907532047,22,4.218477370417105,65.78150862958289,548.6177819707212,1,6.435023093445125e-05,0.8033081794402421,0.19669180846595435,1.2093803606952083e-08,200.0,92.08150862958288,-209.98152262958288,-1.4,-1.0,-11.2,0.0,0.0,-29.5,-9.0,-3.5,-6.1,-5.5,-14.9
335,10796747.907532047,23,4.218477370417105,65.78150862958289,548.6177819707212,1,6.435023093445125e-05,0.8032397106501651,0.19676027786072148,1.1489113426604479e-08,200.0,92.08150862958288,-209.98152262958288,-1.4,-1.0,-11.2,0.0,0.0,-29.5,-9.0,-3.5,-6.1,-5.5,-14.9
336,10796747.907532047,24,4.218477370417105,65.78150862958289,548.6177819707212,1,6.435023093445125e-05,0.803181494383642,0.19681849470170037,1.0914657755274256e-08,200.0,92.08150862958288,-209.98152262958288,-1.4,-1.0,-11.2,0.0,0.0,-29.5,-9.0,-3.5,-6.1,-5.5,-14.9
337,10796747.907532047,25,4.218477370417105,65.78150862958289,548.6177819707212,1,6.435023093445125e-05,0.8031186262040689,0.19688136342700627,1.0368924867510542e-08,200.0,92.08150862958288,-209.98152262958288,-1.4,-1.0,-11.2,0.0,0.0,-29.5,-9.0,-3.5,-6.1,-5.5,-14.9
338,10796747.907532047,26,4.218477370417105,65.78150862958289,548.6177819707212,1,6.435023093445125e-05,0.8030685519110634,0.19693143823845796,9.850478624135014e-09,200.0,92.08150862958288,-209.98152262958288,-1.4,-1.0,-11.2,0.0,0.0,-29.5,-9.0,-3.5,-6.1,-5.5,-14.9
339,10796747.907532047,27,4.218477370417105,65.78150862958289,548.6177819707212,1,6.435023093445125e-05,0.8030191649639496,0.19698082567809566,9.357954692928263e-09,200.0,92.08150862958288,-209.98152262958288,-1.4,-1.0,-11.2,0.0,0.0,-29.5,-9.0,-3.5,-6.1,-5.5,-14.9
340,10796747.907532047,28,4.218477370417105,65.78150862958289,548.6177819707212,1,6.435023093445125e-05,0.8029647521977253,0.19703523891221772,8.89005695828185e-09,200.0,92.08150862958288,-209.98152262958288,-1.4,-1.0,-11.2,0.0,0.0,-29.5,-9.0,-3.5,-6.1,-5.5,-14.9
341,10796747.907532047,29,4.218477370417105,65.78150862958289,548.6177819707212,1,6.435023093445125e-05,0.8029141173790684,0.19708587417537754,8.445554110367756e-09,200.0,92.08150862958288,-209.98152262958288,-1.4,-1.0,-11.2,0.0,0.0,-29.5,-9.0,-3.5,-6.1,-5.5,-14.9
342,10796747.907532047,30,4.218477370417105,65.78150862958289,548.6177819707212,1,6.435023093445125e-05,0.8028642365955927,0.19713575538113087,8.023276404849368e-09,200.0,92.08150862958288,-209.98152262958288,-1.4,-1.0,-11.2,0.0,0.0,-29.5,-9.0,-3.5,-6.1,-5.5,-14.9
343,10796747.907532047,31,4.218477370417105,65.78150862958289,548.6177819707212,1,6.435023093445125e-05,0.8028348036584847,0.19716518871940278,7.622112584606902e-09,200.0,92.08150862958288,-209.98152262958288,-1.4,-1.0,-11.2,0.0,0.0,-29.5,-9.0,-3.5,-6.1,-5.5,-14.9
344,10796747.907532047,32,4.218477370417105,65.78150862958289,548.6177819707212,1,6.435023093445125e-05,0.8028078366088223,0.19719215615017074,7.241006955376556e-09,200.0,92.08150862958288,-209.98152262958288,-1.4,-1.0,-11.2,0.0,0.0,-29.5,-9.0,-3.5,-6.1,-5.5,-14.9
345,10796747.907532047,33,4.218477370417105,65.78150862958289,548.6177819707212,1,6.435023093445125e-05,0.8027860013264418,0.19721399179460156,6.878956607607729e-09,200.0,92.08150862958288,-209.98152262958288,-1.4,-1.0,-11.2,0.0,0.0,-29.5,-9.0,-3.5,-6.1,-5.5,-14.9
346,10796747.907532047,34,4.218477370417105,65.78150862958289,548.6177819707212,1,6.435023093445125e-05,0.8027606571577075,0.1972393363072838,6.535008777227343e-09,200.0,92.08150862958288,-209.98152262958288,-1.4,-1.0,-11.2,0.0,0.0,-29.5,-9.0,-3.5,-6.1,-5.5,-14.9
347,10796747.907532047,35,4.218477370417105,65.78150862958289,548.6177819707212,1,6.435023093445125e-05,0.8027431222202375,0.1972568715715043,6.208258338365976e-09,200.0,92.08150862958288,-209.98152262958288,-1.4,-1.0,-11.2,0.0,0.0,-29.5,-9.0,-3.5,-6.1,-5.5,-14.9
348,10796747.907532047,36,4.218477370417105,65.78150862958289,548.6177819707212,1,6.435023093445125e-05,0.8027329614350921,0.19726703266706258,5.897845421447677e-09,200.0,92.08150862958288,-209.98152262958288,-1.4,-1.0,-11.2,0.0,0.0,-29.5,-9.0,-3.5,-6.1,-5.5,-14.9
349,10796747.907532047,37,4.218477370417105,65.78150862958289,548.6177819707212,1,6.435023093445125e-05,0.8027214892545195,0.19727850514252745,5.602953150375293e-09,200.0,92.08150862958288,-209.98152262958288,-1.4,-1.0,-11.2,0.0,0.0,-29.5,-9.0,-3.5,-6.1,-5.5,-14.9
350,10796747.907532047,38,4.218477370417105,65.78150862958289,548.6177819707212,1,6.435023093445125e-05,0.8027087813541929,0.1972912133230016,5.3228054928565286e-09,200.0,92.08150862958288,-209.98152262958288,-1.4,-1.0,-11.2,0.0,0.0,-29.5,-9.0,-3.5,-6.1,-5.5,-14.9
351,10796747.907532047,39,4.218477370417105,65.78150862958289,548.6177819707212,1,6.435023093445125e-05,0.8026894178814437,0.19731057706189117,5.0566652182137025e-09,200.0,92.08150862958288,-209.98152262958288,-1.4,-1.0,-11.2,0.0,0.0,-29.5,-9.0,-3.5,-6.1,-5.5,-14.9
352,10796747.907532047,40,4.218477370417105,65.78150862958289,548.6177819707212,1,6.435023093445125e-05,0.8026665073783419,0.19733348781782614,4.803831957303017e-09,200.0,92.08150862958288,-209.98152262958288,-1.4,-1.0,-11.2,0.0,0.0,-29.5,-9.0,-3.5,-6.1,-5.5,-14.9
353,10796747.907532047,41,4.218477370417105,65.78150862958289,548.6177819707212,1,6.435023093445125e-05,0.8026265625897495,0.1973734328466101,4.563640359437866e-09,200.0,92.08150862958288,-209.98152262958288,-1.4,-1.0,-11.2,0.0,0.0,-29.5,-9.0,-3.5,-6.1,-5.5,-14.9
354,10796747.907532047,42,4.218477370417105,65.78150862958289,548.6177819707212,1,6.435023093445125e-05,0.8025787054627835,0.19742129020175808,4.335458341465973e-09,200.0,92.08150862958288,-209.98152262958288,-1.4,-1.0,-11.2,0.0,0.0,-29.5,-9.0,-3.5,-6.1,-5.5,-14.9
355,10796747.907532047,43,4.218477370417105,65.78150862958289,548.6177819707212,1,6.435023093445125e-05,0.802526106067507,0.1974738898138076,4.118685424392674e-09,200.0,92.08150862958288,-209.98152262958288,-1.4,-1.0,-11.2,0.0,0.0,-29.5,-9.0,-3.5,-6.1,-5.5,-14.9
356,10796747.907532047,44,4.218477370417105,65.78150862958289,548.6177819707212,1,6.435023093445125e-05,0.8024663077754999,0.19753368831174897,3.91275115317304e-09,200.0,92.08150862958288,-209.98152262958288,-1.4,-1.0,-11.2,0.0,0.0,-29.5,-9.0,-3.5,-6.1,-5.5,-14.9
357,10796747.907532047,45,4.218477370417105,65.78150862958289,548.6177819707212,1,6.435023093445125e-05,0.8023942626211854,0.197605733661701,3.717113595514388e-09,200.0,92.08150862958288,-209.98152262958288,-1.4,-1.0,-11.2,0.0,0.0,-29.5,-9.0,-3.5,-6.1,-5.5,-14.9
358,10796747.907532047,46,4.218477370417105,65.78150862958289,548.6177819707212,1,6.435023093445125e-05,0.8023188036353602,0.19768119283338192,3.5312579157386685e-09,200.0,92.08150862958288,-209.98152262958288,-1.4,-1.0,-11.2,0.0,0.0,-29.5,-9.0,-3.5,-6.1,-5.5,-14.9
359,10796747.907532047,47,4.218477370417105,65.78150862958289,548.6177819707212,1,6.435023093445125e-05,0.8022428496948856,0.1977571469504195,3.354695019951735e-09,200.0,92.08150862958288,-209.98152262958288,-1.4,-1.0,-11.2,0.0,0.0,-29.5,-9.0,-3.5,-6.1,-5.5,-14.9
360,10796747.907532047,48,4.218477370417105,65.78150862958289,548.6177819707212,1,6.435023093445125e-05,0.8021718630019614,0.19782813381107817,3.1869602689541473e-09,200.0,92.08150862958288,-209.98152262958288,-1.4,-1.0,-11.2,0.0,0.0,-29.5,-9.0,-3.5,-6.1,-5.5,-14.9
361,10796747.907532047,49,4.218477370417105,65.78150862958289,548.6177819707212,1,6.435023093445125e-05,0.8020974871315898,0.19790250984079805,3.0276122555064408e-09,200.0,92.08150862958288,-209.98152262958288,-1.4,-1.0,-11.2,0.0,0.0,-29.5,-9.0,-3.5,-6.1,-5.5,-14.9
362,10796747.907532047,0,4.218477370417105,65.78150862958289,548.6177819707212,1,6.435023093445125e-05,0.8020118271217225,0.1979881700020459,2.8762316427311187e-09,200.0,92.08150862958288,-209.98152262958288,-1.4,-1.0,-11.2,0.0,0.0,-29.5,-9.0,-3.5,-6.1,-5.5,-14.9
363,10796747.907532047,1,4.218477370417105,65.78150862958289,548.6177819707212,1,6.435023093445125e-05,0.8019181965861608,0.19808180068141915,2.7324200605945628e-09,200.0,92.08150862958288,-209.98152262958288,-1.4,-1.0,-11.2,0.0,0.0,-29.5,-9.0,-3.5,-6.1,-5.5,-14.9
364,10796747.907532047,2,4.218477370417105,65.78150862958289,548.6177819707212,1,6.435023093445125e-05,0.8018224284882435,0.19817756891595753,2.595799057564835e-09,200.0,92.08150862958288,-209.98152262958288,-1.4,-1.0,-11.2,0.0,0.0,-29.5,-9.0,-3.5,-6.1,-5.5,-14.9
365,10796747.907532047,3,4.218477370417105,65.78150862958289,548.6177819707212,1,6.435023093445125e-05,0.8017327202916437,0.19826727724234733,2.466009104686593e-09,200.0,92.08150862958288,-209.98152262958288,-1.4,-1.0,-11.2,0.0,0.0,-29.5,-9.0,-3.5,-6.1,-5.5,-14.9
366,10796747.907532047,4,4.218477370417105,65.78150862958289,548.6177819707212,1,6.435023093445125e-05,0.8016353640468586,0.19836463361043277,2.3427086494522634e-09,200.0,92.08150862958288,-209.98152262958288,-1.4,-1.0,-11.2,0.0,0.0,-29.5,-9.0,-3.5,-6.1,-5.5,-14.9
367,10796747.907532047,5,4.218477370417105,65.78150862958289,548.6177819707212,1,6.435023093445125e-05,0.8015441722320371,0.1984558255423897,2.22557321697965e-09,200.0,92.08150862958288,-209.98152262958288,-1.4,-1.0,-11.2,0.0,0.0,-29.5,-9.0,-3.5,-6.1,-5.5,-14.9
368,10796747.907532047,6,4.218477370417105,65.78150862958289,548.6177819707212,1,6.435023093445125e-05,0.8014481555469996,0.19855184233870593,2.114294556130668e-09,200.0,92.08150862958288,-209.98152262958288,-1.4,-1.0,-11.2,0.0,0.0,-29.5,-9.0,-3.5,-6.1,-5.5,-14.9
369,10796747.907532047,7,4.218477370417105,65.78150862958289,548.6177819707212,1,6.435023093445125e-05,0.8013609151266405,0.1986390828647797,2.0085798283241345e-09,200.0,92.08150862958288,-209.98152262958288,-1.4,-1.0,-11.2,0.0,0.0,-29.5,-9.0,-3.5,-6.1,-5.5,-14.9
370,10796747.907532047,8,4.218477370417105,65.78150862958289,548.6177819707212,1,6.435023093445125e-05,0.8012793347383946,0.1987206633534545,1.9081508369079276e-09,200.0,92.08150862958288,-209.98152262958288,-1.4,-1.0,-11.2,0.0,0.0,-29.5,-9.0,-3.5,-6.1,-5.5,-14.9
371,10796747.907532047,9,4.218477370417105,65.78150862958289,548.6177819707212,1,6.435023093445125e-05,0.8011951814498948,0.1988048167373619,1.8127432950625311e-09,200.0,92.08150862958288,-209.98152262958288,-1.4,-1.0,-11.2,0.0,0.0,-29.5,-9.0,-3.5,-6.1,-5.5,-14.9
372,10796747.907532047,10,4.218477370417105,65.78150862958289,548.6177819707212,1,6.435023093445125e-05,0.8011191832035159,0.1988808150743779,1.7221061303094047e-09,200.0,92.08150862958288,-209.98152262958288,-1.4,-1.0,-11.2,0.0,0.0,-29.5,-9.0,-3.5,-6.1,-5.5,-14.9
373,10796747.907532047,11,4.218477370417105,65.78150862958289,548.6177819707212,1,6.435023093445125e-05,0.8010456432686787,0.19895435509532053,1.6360008237939345e-09,200.0,92.08150862958288,-209.98152262958288,-1.4,-1.0,-11.2,0.0,0.0,-29.5,-9.0,-3.5,-6.1,-5.5,-14.9
374,10796747.907532047,12,4.218477370417105,65.78150862958289,548.6177819707212,1,6.435023093445125e-05,0.8009770722120613,0.19902292623373802,1.5542007826042376e-09,200.0,92.08150862958288,-209.98152262958288,-1.4,-1.0,-11.2,0.0,0.0,-29.5,-9.0,-3.5,-6.1,-5.5,-14.9
375,10796747.907532047,13,4.218477370417105,65.78150862958289,548.6177819707212,1,6.435023093445125e-05,0.8009053548473951,0.19909464367611424,1.4764907434740255e-09,200.0,92.08150862958288,-209.98152262958288,-1.4,-1.0,-11.2,0.0,0.0,-29.5,-9.0,-3.5,-6.1,-5.5,-14.9
376,10796747.907532047,14,4.218477370417105,65.78150862958289,548.6177819707212,1,6.435023093445125e-05,0.8008306777654985,0.19916932083183522,1.4026662063003242e-09,200.0,92.08150862958288,-209.98152262958288,-1.4,-1.0,-11.2,0.0,0.0,-29.5,-9.0,-3.5,-6.1,-5.5,-14.9
377,10796747.907532047,15,4.218477370417105,65.78150862958289,548.6177819707212,1,6.435023093445125e-05,0.800753218032555,0.1992467806349122,1.3325328959853079e-09,200.0,92.08150862958288,-209.98152262958288,-1.4,-1.0,-11.2,0.0,0.0,-29.5,-9.0,-3.5,-6.1,-5.5,-14.9
378,10796747.907532047,16,4.218477370417105,65.78150862958289,548.6177819707212,1,6.435023093445125e-05,0.8006731436680732,0.19932685506602058,1.2659062511860424e-09,200.0,92.08150862958288,-209.98152262958288,-1.4,-1.0,-11.2,0.0,0.0,-29.5,-9.0,-3.5,-6.1,-5.5,-14.9
379,10796747.907532047,17,4.218477370417105,65.78150862958289,548.6177819707212,1,6.435023093445125e-05,0.8006010186503267,0.1993989801470623,1.2026109386267403e-09,200.0,92.08150862958288,-209.98152262958288,-1.4,-1.0,-11.2,0.0,0.0,-29.5,-9.0,-3.5,-6.1,-5.5,-14.9
380,10796747.907532047,18,4.218477370417105,65.78150862958289,548.6177819707212,1,6.435023093445125e-05,0.8005260514254462,0.19947394743207342,1.1424803916954033e-09,200.0,92.08150862958288,-209.98152262958288,-1.4,-1.0,-11.2,0.0,0.0,-29.5,-9.0,-3.5,-6.1,-5.5,-14.9
381,10796747.907532047,19,4.218477370417105,65.78150862958289,548.6177819707212,1,6.435023093445125e-05,0.8004510021469529,0.1995489967676908,1.0853563721106332e-09,200.0,92.08150862958288,-209.98152262958288,-1.4,-1.0,-11.2,0.0,0.0,-29.5,-9.0,-3.5,-6.1,-5.5,-14.9
382,10796747.907532047,20,4.218477370417105,65.78150862958289,548.6177819707212,1,6.435023093445125e-05,0.8003707237690141,0.19962927519989737,1.0310885535051015e-09,200.0,92.08150862958288,-209.98152262958288,-1.4,-1.0,-11.2,0.0,0.0,-29.5,-9.0,-3.5,-6.1,-5.5,-14.9
383,10796747.907532047,21,4.218477370417105,65.78150862958289,548.6177819707212,1,6.435023093445125e-05,0.8002906761570133,0.1997093228634526,9.795341258298465e-10,200.0,92.08150862958288,-209.98152262958288,-1.4,-1.0,-11.2,0.0,0.0,-29.5,-9.0,-3.5,-6.1,-5.5,-14.9
384,10796747.907532047,22,4.218477370417105,65.78150862958289,548.6177819707212,1,6.435023093445125e-05,0.8002134400837905,0.19978655898565215,9.305574195383541e-10,200.0,92.08150862958288,-209.98152262958288,-1.4,-1.0,-11.2,0.0,0.0,-29.5,-9.0,-3.5,-6.1,-5.5,-14.9
385,10796747.907532047,23,4.218477370417105,65.78150862958289,548.6177819707212,1,6.435023093445125e-05,0.8001465792420915,0.19985341987387895,8.840295485614364e-10,200.0,92.08150862958288,-209.98152262958288,-1.4,-1.0,-11.2,0.0,0.0,-29.5,-9.0,-3.5,-6.1,-5.5,-14.9
386,10796747.907532047,24,4.218477370417105,65.78150862958289,548.6177819707212,1,6.435023093445125e-05,0.8000741845434697,0.19992581461670228,8.398280711333646e-10,200.0,92.08150862958288,-209.98152262958288,-1.4,-1.0,-11.2,0.0,0.0,-29.5,-9.0,-3.5,-6.1,-5.5,-14.9
387,10796747.907532047,25,4.218477370417105,65.78150862958289,548.6177819707212,1,6.435023093445125e-05,0.8000042368578457,0.19999576234431757,7.978366675766963e-10,200.0,92.08150862958288,-209.98152262958288,-1.4,-1.0,-11.2,0.0,0.0,-29.5,-9.0,-3.5,-6.1,-5.5,-14.9
388,10796747.907532047,26,4.218477370417105,65.78150862958289,548.6177819707212,1,6.435023093445125e-05,0.7999417151467783,0.200058284095277,7.579448341978617e-10,200.0,92.08150862958288,-209.98152262958288,-1.4,-1.0,-11.2,0.0,0.0,-29.5,-9.0,-3.5,-6.1,-5.5,-14.9
389,10796747.907532047,27,4.218477370417105,65.78150862958289,548.6177819707212,1,6.435023093445125e-05,0.7998913006664029,0.20010869861354957,7.200475924879685e-10,200.0,92.08150862958288,-209.98152262958288,-1.4,-1.0,-11.2,0.0,0.0,-29.5,-9.0,-3.5,-6.1,-5.5,-14.9
390,10796747.907532047,28,4.218477370417105,65.78150862958289,548.6177819707212,1,6.435023093445125e-05,0.799847274008938,0.20015272530701678,6.840452128635701e-10,200.0,92.08150862958288,-209.98152262958288,-1.4,-1.0,-11.2,0.0,0.0,-29.5,-9.0,-3.5,-6.1,-5.5,-14.9
391,10796747.907532047,29,4.218477370417105,65.78150862958289,548.6177819707212,1,6.435023093445125e-05,0.7998118136980528,0.20018818565210433,6.498429522203917e-10,200.0,92.08150862958288,-209.98152262958288,-1.4,-1.0,-11.2,0.0,0.0,-29.5,-9.0,-3.5,-6.1,-5.5,-14.9
392,10796747.907532047,30,4.218477370417105,65.78150862958289,548.6177819707212,1,6.435023093445125e-05,0.7997744015939995,0.20022559778864973,6.173508046093721e-10,200.0,92.08150862958288,-209.98152262958288,-1.4,-1.0,-11.2,0.0,0.0,-29.5,-9.0,-3.5,-6.1,-5.5,-14.9
393,10796747.907532047,31,4.218477370417105,65.78150862958289,548.6177819707212,1,6.435023093445125e-05,0.7997401695707027,0.200259829842814,5.864832643789035e-10,200.0,92.08150862958288,-209.98152262958288,-1.4,-1.0,-11.2,0.0,0.0,-29.5,-9.0,-3.5,-6.1,-5.5,-14.9
394,10796747.907532047,32,4.218477370417105,65.78150862958289,548.6177819707212,1,6.435023093445125e-05,0.7996964369134865,0.2003035625293545,5.571591011599584e-10,200.0,92.08150862958288,-209.98152262958288,-1.4,-1.0,-11.2,0.0,0.0,-29.5,-9.0,-3.5,-6.1,-5.5,-14.9
395,10796747.907532047,33,4.218477370417105,65.78150862958289,548.6177819707212,1,6.435023093445125e-05,0.7996487219860512,0.20035127748464776,5.293011461019605e-10,200.0,92.08150862958288,-209.98152262958288,-1.4,-1.0,-11.2,0.0,0.0,-29.5,-9.0,-3.5,-6.1,-5.5,-14.9
396,10796747.907532047,34,4.218477370417105,65.78150862958289,548.6177819707212,1,6.435023093445125e-05,0.7995972500351757,0.2004027494619883,5.028360887968624e-10,200.0,92.08150862958288,-209.98152262958288,-1.4,-1.0,-11.2,0.0,0.0,-29.5,-9.0,-3.5,-6.1,-5.5,-14.9
397,10796747.907532047,35,4.218477370417105,65.78150862958289,548.6177819707212,1,6.435023093445125e-05,0.7995472185016974,0.2004527810206084,4.776942843570193e-10,200.0,92.08150862958288,-209.98152262958288,-1.4,-1.0,-11.2,0.0,0.0,-29.5,-9.0,-3.5,-6.1,-5.5,-14.9
398,10796747.907532047,36,4.218477370417105,65.78150862958289,548.6177819707212,1,6.435023093445125e-05,0.7995010454635993,0.20049895408259114,4.538095701391683e-10,200.0,92.08150862958288,-209.98152262958288,-1.4,-1.0,-11.2,0.0,0.0,-29.5,-9.0,-3.5,-6.1,-5.5,-14.9
399,10796747.907532047,37,4.218477370417105,65.78150862958289,548.6177819707212,1,6.435023093445125e-05,0.7994535745640372,0.20054642500484376,4.3111909163220983e-10,200.0,92.08150862958288,-209.98152262958288,-1.4,-1.0,-11.2,0.0,0.0,-29.5,-9.0,-3.5,-6.1,-5.5,-14.9
400,10796747.907532047,38,4.218477370417105,65.78150862958289,548.6177819707212,1,6.435023093445125e-05,0.7994024126592093,0.20059758693122756,4.0956313705059934e-10,200.0,92.08150862958288,-209.98152262958288,-1.4,-1.0,-11.2,0.0,0.0,-29.5,-9.0,-3.5,-6.1,-5.5,-14.9
401,10796747.907532047,39,4.218477370417105,65.78150862958289,548.6177819707212,1,6.435023093445125e-05,0.7993601127012998,0.20063988690961518,3.8908498019806935e-10,200.0,92.08150862958288,-209.98152262958288,-1.4,-1.0,-11.2,0.0,0.0,-29.5,-9.0,-3.5,-6.1,-5.5,-14.9
402,10796747.907532047,40,4.218477370417105,65.78150862958289,548.6177819707212,1,6.435023093445125e-05,0.7993188163248263,0.20068118330554305,3.696307311881659e-10,200.0,92.08150862958288,-209.98152262958288,-1.4,-1.0,-11.2,0.0,0.0,-29.5,-9.0,-3.5,-6.1,-5.5,-14.9
403,10796747.907532047,41,4.218477370417105,65.78150862958289,548.6177819707212,1,6.435023093445125e-05,0.7992809330625418,0.2007190665863091,3.511491946287576e-10,200.0,92.08150862958288,-209.98152262958288,-1.4,-1.0,-11.2,0.0,0.0,-29.5,-9.0,-3.5,-6.1,-5.5,-14.9
404,10796747.907532047,42,4.218477370417105,65.78150862958289,548.6177819707212,1,6.435023093445125e-05,0.7992560669471868,0.20074393271922156,3.335917348973197e-10,200.0,92.08150862958288,-209.98152262958288,-1.4,-1.0,-11.2,0.0,0.0,-29.5,-9.0,-3.5,-6.1,-5.5,-14.9
405,10796747.907532047,43,4.218477370417105,65.78150862958289,548.6177819707212,1,6.435023093445125e-05,0.7992288760480875,0.20077112363500046,3.169121481524537e-10,200.0,92.08150862958288,-209.98152262958288,-1.4,-1.0,-11.2,0.0,0.0,-29.5,-9.0,-3.5,-6.1,-5.5,-14.9
406,10796747.907532047,44,4.218477370417105,65.78150862958289,548.6177819707212,1,6.435023093445125e-05,0.7992043588511877,0.20079564084774584,3.01066540744831e-10,200.0,92.08150862958288,-209.98152262958288,-1.4,-1.0,-11.2,0.0,0.0,-29.5,-9.0,-3.5,-6.1,-5.5,-14.9
407,10796747.907532047,45,4.218477370417105,65.78150862958289,548.6177819707212,1,6.435023093445125e-05,0.7991896481108232,0.20081035160316357,2.860132137075894e-10,200.0,92.08150862958288,-209.98152262958288,-1.4,-1.0,-11.2,0.0,0.0,-29.5,-9.0,-3.5,-6.1,-5.5,-14.9
408,10796747.907532047,46,4.218477370417105,65.78150862958289,548.6177819707212,1,6.435023093445125e-05,0.7991890264647757,0.20081097326351174,2.7171255302220996e-10,200.0,92.08150862958288,-209.98152262958288,-1.4,-1.0,-11.2,0.0,0.0,-29.5,-9.0,-3.5,-6.1,-5.5,-14.9
409,10796747.907532047,47,4.218477370417105,65.78150862958289,548.6177819707212,1,6.435023093445125e-05,0.7991824565745477,0.20081754316732536,2.5812692537109945e-10,200.0,92.08150862958288,-209.98152262958288,-1.4,-1.0,-11.2,0.0,0.0,-29.5,-9.0,-3.5,-6.1,-5.5,-14.9
410,10796747.907532047,48,4.218477370417105,65.78150862958289,548.6177819707212,1,6.435023093445125e-05,0.7991702602749918,0.2008297394797876,2.4522057910254446e-10,200.0,92.08150862958288,-209.98152262958288,-1.4,-1.0,-11.2,0.0,0.0,-29.5,-9.0,-3.5,-6.1,-5.5,-14.9
411,10796747.907532047,49,4.218477370417105,65.78150862958289,548.6177819707212,1,6.435023093445125e-05,0.7991575429701739,0.20084245679686646,2.3295955014741723e-10,200.0,92.08150862958288,-209.98152262958288,-1.4,-1.0,-11.2,0.0,0.0,-29.5,-9.0,-3.5,-6.1,-5.5,-14.9
412,10796747.907532047,0,4.218477370417105,65.78150862958289,548.6177819707212,1,6.435023093445125e-05,0.7991491214981816,0.20085087828050685,2.213115726400464e-10,200.0,92.08150862958288,-209.98152262958288,-1.4,-1.0,-11.2,0.0,0.0,-29.5,-9.0,-3.5,-6.1,-5.5,-14.9
413,10796747.907532047,1,4.218477370417105,65.78150862958289,548.6177819707212,1,6.435023093445125e-05,0.7991376032517753,0.20086239653797872,2.1024599400804407e-10,200.0,92.08150862958288,-209.98152262958288,-1.4,-1.0,-11.2,0.0,0.0,-29.5,-9.0,-3.5,-6.1,-5.5,-14.9
414,10796747.907532047,2,4.218477370417105,65.78150862958289,548.6177819707212,1,6.435023093445125e-05,0.7991350609887299,0.2008649388115364,1.9973369430764185e-10,200.0,92.08150862958288,-209.98152262958288,-1.4,-1.0,-11.2,0.0,0.0,-29.5,-9.0,-3.5,-6.1,-5.5,-14.9
415,10796747.907532047,3,4.218477370417105,65.78150862958289,548.6177819707212,1,6.435023093445125e-05,0.7991243864927541,0.20087561331749892,1.8974700959225978e-10,200.0,92.08150862958288,-209.98152262958288,-1.4,-1.0,-11.2,0.0,0.0,-29.5,-9.0,-3.5,-6.1,-5.5,-14.9
416,10796747.907532047,4,4.218477370417105,65.78150862958289,548.6177819707212,1,6.435023093445125e-05,0.7991036438203617,0.20089635599937872,1.8025965911264682e-10,200.0,92.08150862958288,-209.98152262958288,-1.4,-1.0,-11.2,0.0,0.0,-29.5,-9.0,-3.5,-6.1,-5.5,-14.9
417,10796747.907532047,5,4.218477370417105,65.78150862958289,548.6177819707212,1,6.435023093445125e-05,0.79908285004003,0.2009171497887234,1.7124667615701446e-10,200.0,92.08150862958288,-209.98152262958288,-1.4,-1.0,-11.2,0.0,0.0,-29.5,-9.0,-3.5,-6.1,-5.5,-14.9
418,10796747.907532047,6,4.218477370417105,65.78150862958289,548.6177819707212,1,6.435023093445125e-05,0.7990596498414367,0.2009403499958789,1.6268434234916373e-10,200.0,92.08150862958288,-209.98152262958288,-1.4,-1.0,-11.2,0.0,0.0,-29.5,-9.0,-3.5,-6.1,-5.5,-14.9
419,10796747.907532047,7,4.218477370417105,65.78150862958289,548.6177819707212,1,6.435023093445125e-05,0.7990341785252398,0.20096582132021004,1.5455012523170555e-10,200.0,92.08150862958288,-209.98152262958288,-1.4,-1.0,-11.2,0.0,0.0,-29.5,-9.0,-3.5,-6.1,-5.5,-14.9
420,10796747.907532047,8,4.218477370417105,65.78150862958289,548.6177819707212,1,6.435023093445125e-05,0.799008918445814,0.20099108140736333,1.4682261897012028e-10,200.0,92.08150862958288,-209.98152262958288,-1.4,-1.0,-11.2,0.0,0.0,-29.5,-9.0,-3.5,-6.1,-5.5,-14.9
421,10796747.907532047,9,4.218477370417105,65.78150862958289,548.6177819707212,1,6.435023093445125e-05,0.7989885587791447,0.2010114410813738,1.3948148802161425e-10,200.0,92.08150862958288,-209.98152262958288,-1.4,-1.0,-11.2,0.0,0.0,-29.5,-9.0,-3.5,-6.1,-5.5,-14.9
422,10796747.907532047,10,4.218477370417105,65.78150862958289,548.6177819707212,1,6.435023093445125e-05,0.7989681540823175,0.20103184578517508,1.3250741362053354e-10,200.0,92.08150862958288,-209.98152262958288,-1.4,-1.0,-11.2,0.0,0.0,-29.5,-9.0,-3.5,-6.1,-5.5,-14.9
423,10796747.907532047,11,4.218477370417105,65.78150862958289,548.6177819707212,1,6.435023093445125e-05,0.7989453751089972,0.20105462476512076,1.2588204293950687e-10,200.0,92.08150862958288,-209.98152262958288,-1.4,-1.0,-11.2,0.0,0.0,-29.5,-9.0,-3.5,-6.1,-5.5,-14.9
424,10796747.907532047,12,4.218477370417105,65.78150862958289,548.6177819707212,1,6.435023093445125e-05,0.7989320071803968,0.2010679927000153,1.1958794079253151e-10,200.0,92.08150862958288,-209.98152262958288,-1.4,-1.0,-11.2,0.0,0.0,-29.5,-9.0,-3.5,-6.1,-5.5,-14.9
425,10796747.907532047,13,4.218477370417105,65.78150862958289,548.6177819707212,1,6.435023093445125e-05,0.7989205665498507,0.20107943333654077,1.1360854375290493e-10,200.0,92.08150862958288,-209.98152262958288,-1.4,-1.0,-11.2,0.0,0.0,-29.5,-9.0,-3.5,-6.1,-5.5,-14.9
426,10796747.907532047,14,4.218477370417105,65.78150862958289,548.6177819707212,1,6.435023093445125e-05,0.7989132666863232,0.20108673320574869,1.0792811656525968e-10,200.0,92.08150862958288,-209.98152262958288,-1.4,-1.0,-11.2,0.0,0.0,-29.5,-9.0,-3.5,-6.1,-5.5,-14.9
427,10796747.907532047,15,4.218477370417105,65.78150862958289,548.6177819707212,1,6.435023093445125e-05,0.7989006396068811,0.2010993602905873,1.0253171073699669e-10,200.0,92.08150862958288,-209.98152262958288,-1.4,-1.0,-11.2,0.0,0.0,-29.5,-9.0,-3.5,-6.1,-5.5,-14.9
428,10796747.907532047,16,4.218477370417105,65.78150862958289,548.6177819707212,1,6.435023093445125e-05,0.7988922018294355,0.20110779807315937,9.740512520014684e-11,200.0,92.08150862958288,-209.98152262958288,-1.4,-1.0,-11.2,0.0,0.0,-29.5,-9.0,-3.5,-6.1,-5.5,-14.9
429,10796747.907532047,17,4.218477370417105,65.78150862958289,548.6177819707212,1,6.435023093445125e-05,0.7988923211650283,0.20110767874243687,9.25348689401395e-11,200.0,92.08150862958288,-209.98152262958288,-1.4,-1.0,-11.2,0.0,0.0,-29.5,-9.0,-3.5,-6.1,-5.5,-14.9
430,10796747.907532047,18,4.218477370417105,65.78150862958289,548.6177819707212,1,6.435023093445125e-05,0.7988867734655885,0.20111322644650337,8.790812549313252e-11,200.0,92.08150862958288,-209.98152262958288,-1.4,-1.0,-11.2,0.0,0.0,-29.5,-9.0,-3.5,-6.1,-5.5,-14.9
431,10796747.907532047,19,4.218477370417105,65.78150862958289,548.6177819707212,1,6.435023093445125e-05,0.798887305357985,0.20111269455850228,8.35127192184759e-11,200.0,92.08150862958288,-209.98152262958288,-1.4,-1.0,-11.2,0.0,0.0,-29.5,-9.0,-3.5,-6.1,-5.5,-14.9
432,10796747.907532047,20,4.218477370417105,65.78150862958289,548.6177819707212,1,6.435023093445125e-05,0.7988890211000805,0.20111097882058243,7.93370832575521e-11,200.0,92.08150862958288,-209.98152262958288,-1.4,-1.0,-11.2,0.0,0.0,-29.5,-9.0,-3.5,-6.1,-5.5,-14.9
433,10796747.907532047,21,4.218477370417105,65.78150862958289,548.6177819707212,1,6.435023093445125e-05,0.7988827503009481,0.2011172496236816,7.53702290946745e-11,200.0,92.08150862958288,-209.98152262958288,-1.4,-1.0,-11.2,0.0,0.0,-29.5,-9.0,-3.5,-6.1,-5.5,-14.9
434,10796747.907532047,22,4.218477370417105,65.78150862958289,548.6177819707212,1,6.435023093445125e-05,0.798875742170769,0.20112425775762935,7.160171763994078e-11,200.0,92.08150862958288,-209.98152262958288,-1.4,-1.0,-11.2,0.0,0.0,-29.5,-9.0,-3.5,-6.1,-5.5,-14.9
435,10796747.907532047,23,4.218477370417105,65.78150862958289,548.6177819707212,1,6.435023093445125e-05,0.798868038320321,0.2011319616116573,6.802163175794374e-11,200.0,92.08150862958288,-209.98152262958288,-1.4,-1.0,-11.2,0.0,0.0,-29.5,-9.0,-3.5,-6.1,-5.5,-14.9
436,10796747.907532047,24,4.218477370417105,65.78150862958289,548.6177819707212,1,6.435023093445125e-05,0.7988528859299218,0.20114711400545776,6.462055017004657e-11,200.0,92.08150862958288,-209.98152262958288,-1.4,-1.0,-11.2,0.0,0.0,-29.5,-9.0,-3.5,-6.1,-5.5,-14.9
437,10796747.907532047,25,4.218477370417105,65.78150862958289,548.6177819707212,1,6.435023093445125e-05,0.7988374691804615,0.20116253075814902,6.138952266154424e-11,200.0,92.08150862958288,-209.98152262958288,-1.4,-1.0,-11.2,0.0,0.0,-29.5,-9.0,-3.5,-6.1,-5.5,-14.9
438,10796747.907532047,26,4.218477370417105,65.78150862958289,548.6177819707212,1,6.435023093445125e-05,0.7988308215461588,0.20116917839552118,5.832004652846702e-11,200.0,92.08150862958288,-209.98152262958288,-1.4,-1.0,-11.2,0.0,0.0,-29.5,-9.0,-3.5,-6.1,-5.5,-14.9
439,10796747.907532047,27,4.218477370417105,65.78150862958289,548.6177819707212,1,6.435023093445125e-05,0.7988324582764319,0.20116754166816408,5.5404044202043665e-11,200.0,92.08150862958288,-209.98152262958288,-1.4,-1.0,-11.2,0.0,0.0,-29.5,-9.0,-3.5,-6.1,-5.5,-14.9
440,10796747.907532047,28,4.218477370417105,65.78150862958289,548.6177819707212,1,6.435023093445125e-05,0.7988217580382992,0.20117824190906686,5.263384199194148e-11,200.0,92.08150862958288,-209.98152262958288,-1.4,-1.0,-11.2,0.0,0.0,-29.5,-9.0,-3.5,-6.1,-5.5,-14.9
441,10796747.907532047,29,4.218477370417105,65.78150862958289,548.6177819707212,1,6.435023093445125e-05,0.798808335497823,0.2011916644521748,5.0002149892344404e-11,200.0,92.08150862958288,-209.98152262958288,-1.4,-1.0,-11.2,0.0,0.0,-29.5,-9.0,-3.5,-6.1,-5.5,-14.9
442,10796747.907532047,30,4.218477370417105,65.78150862958289,548.6177819707212,1,6.435023093445125e-05,0.7987856310555473,0.20121436889695066,4.7502042397727186e-11,200.0,92.08150862958288,-209.98152262958288,-1.4,-1.0,-11.2,0.0,0.0,-29.5,-9.0,-3.5,-6.1,-5.5,-14.9
443,10796747.907532047,31,4.218477370417105,65.78150862958289,548.6177819707212,1,6.435023093445125e-05,0.7987608434752959,0.20123915647957719,4.5126940277840825e-11,200.0,92.08150862958288,-209.98152262958288,-1.4,-1.0,-11.2,0.0,0.0,-29.5,-9.0,-3.5,-6.1,-5.5,-14.9
444,10796747.907532047,32,4.218477370417105,65.78150862958289,548.6177819707212,1,6.435023093445125e-05,0.7987296299782418,0.20127036997888767,4.2870593263948787e-11,200.0,92.08150862958288,-209.98152262958288,-1.4,-1.0,-11.2,0.0,0.0,-29.5,-9.0,-3.5,-6.1,-5.5,-14.9
445,10796747.907532047,33,4.218477370417105,65.78150862958289,548.6177819707212,1,6.435023093445125e-05,0.798705694415972,0.20129430554330097,4.072706360075135e-11,200.0,92.08150862958288,-209.98152262958288,-1.4,-1.0,-11.2,0.0,0.0,-29.5,-9.0,-3.5,-6.1,-5.5,-14.9
446,10796747.907532047,34,4.218477370417105,65.78150862958289,548.6177819707212,1,6.435023093445125e-05,0.79868198805624,0.2013180119050693,3.8690710420713786e-11,200.0,92.08150862958288,-209.98152262958288,-1.4,-1.0,-11.2,0.0,0.0,-29.5,-9.0,-3.5,-6.1,-5.5,-14.9
447,10796747.907532047,35,4.218477370417105,65.78150862958289,548.6177819707212,1,6.435023093445125e-05,0.7986562889591463,0.20134371100409748,3.6756174899678094e-11,200.0,92.08150862958288,-209.98152262958288,-1.4,-1.0,-11.2,0.0,0.0,-29.5,-9.0,-3.5,-6.1,-5.5,-14.9
448,10796747.907532047,36,4.218477370417105,65.78150862958289,548.6177819707212,1,6.435023093445125e-05,0.7986264982293452,0.20137350173573643,3.491836615469419e-11,200.0,92.08150862958288,-209.98152262958288,-1.4,-1.0,-11.2,0.0,0.0,-29.5,-9.0,-3.5,-6.1,-5.5,-14.9
449,10796747.907532047,37,4.218477370417105,65.78150862958289,548.6177819707212,1,6.435023093445125e-05,0.7985994629857747,0.20140053698105295,3.317244784695948e-11,200.0,92.08150862958288,-209.98152262958288,-1.4,-1.0,-11.2,0.0,0.0,-29.5,-9.0,-3.5,-6.1,-5.5,-14.9
450,10796747.907532047,38,4.218477370417105,65.78150862958289,548.6177819707212,1,6.435023093445125e-05,0.7985794401539024,0.20142055981458382,3.1513825454611505e-11,200.0,92.08150862958288,-209.98152262958288,-1.4,-1.0,-11.2,0.0,0.0,-29.5,-9.0,-3.5,-6.1,-5.5,-14.9
451,10796747.907532047,39,4.218477370417105,65.78150862958289,548.6177819707212,1,6.435023093445125e-05,0.7985638557795673,0.20143614419049455,2.9938134181880936e-11,200.0,92.08150862958288,-209.98152262958288,-1.4,-1.0,-11.2,0.0,0.0,-29.5,-9.0,-3.5,-6.1,-5.5,-14.9
452,10796747.907532047,40,4.218477370417105,65.78150862958289,548.6177819707212,1,6.435023093445125e-05,0.7985459050165546,0.2014540949550041,2.8441227472786887e-11,200.0,92.08150862958288,-209.98152262958288,-1.4,-1.0,-11.2,0.0,0.0,-29.5,-9.0,-3.5,-6.1,-5.5,-14.9
453,10796747.907532047,41,4.218477370417105,65.78150862958289,548.6177819707212,1,6.435023093445125e-05,0.7985279042274341,0.2014720957455467,2.7019166099147543e-11,200.0,92.08150862958288,-209.98152262958288,-1.4,-1.0,-11.2,0.0,0.0,-29.5,-9.0,-3.5,-6.1,-5.5,-14.9
454,10796747.907532047,42,4.218477370417105,65.78150862958289,548.6177819707212,1,6.435023093445125e-05,0.7985120401307194,0.20148795984361245,2.5668207794190167e-11,200.0,92.08150862958288,-209.98152262958288,-1.4,-1.0,-11.2,0.0,0.0,-29.5,-9.0,-3.5,-6.1,-5.5,-14.9
455,10796747.907532047,43,4.218477370417105,65.78150862958289,548.6177819707212,1,6.435023093445125e-05,0.7984982001545664,0.20150179982104888,2.438479740448066e-11,200.0,92.08150862958288,-209.98152262958288,-1.4,-1.0,-11.2,0.0,0.0,-29.5,-9.0,-3.5,-6.1,-5.5,-14.9
456,10796747.907532047,44,4.218477370417105,65.78150862958289,548.6177819707212,1,6.435023093445125e-05,0.7984862773955561,0.20151372258127837,2.3165557534256626e-11,200.0,92.08150862958288,-209.98152262958288,-1.4,-1.0,-11.2,0.0,0.0,-29.5,-9.0,-3.5,-6.1,-5.5,-14.9
457,10796747.907532047,45,4.218477370417105,65.78150862958289,548.6177819707212,1,6.435023093445125e-05,0.7984740059084449,0.20152599406954785,2.2007279657543792e-11,200.0,92.08150862958288,-209.98152262958288,-1.4,-1.0,-11.2,0.0,0.0,-29.5,-9.0,-3.5,-6.1,-5.5,-14.9
458,10796747.907532047,46,4.218477370417105,65.78150862958289,548.6177819707212,1,6.435023093445125e-05,0.7984635671160382,0.20153643286305495,2.09069156746666e-11,200.0,92.08150862958288,-209.98152262958288,-1.4,-1.0,-11.2,0.0,0.0,-29.5,-9.0,-3.5,-6.1,-5.5,-14.9
459,10796747.907532047,47,4.218477370417105,65.78150862958289,548.6177819707212,1,6.435023093445125e-05,0.7984483974182449,0.20155160256189353,1.9861569890933268e-11,200.0,92.08150862958288,-209.98152262958288,-1.4,-1.0,-11.2,0.0,0.0,-29.5,-9.0,-3.5,-6.1,-5.5,-14.9
460,10796747.907532047,48,4.218477370417105,65.78150862958289,548.6177819707212,1,6.435023093445125e-05,0.7984373605571615,0.20156263942397,1.8868491396386604e-11,200.0,92.08150862958288,-209.98152262958288,-1.4,-1.0,-11.2,0.0,0.0,-29.5,-9.0,-3.5,-6.1,-5.5,-14.9
461,10796747.907532047,49,4.218477370417105,65.78150862958289,548.6177819707212,1,6.435023093445125e-05,0.7984280881804041,0.20157191180167083,1.7925066826567272e-11,200.0,92.08150862958288,-209.98152262958288,-1.4,-1.0,-11.2,0.0,0.0,-29.5,-9.0,-3.5,-6.1,-5.5,-14.9
462,10796747.907532047,0,4.218477370417105,65.78150862958289,548.6177819707212,1,6.435023093445125e-05,0.798409775861906,0.2015902241210652,1.702881348523891e-11,200.0,92.08150862958288,-209.98152262958288,-1.4,-1.0,-11.2,0.0,0.0,-29.5,-9.0,-3.5,-6.1,-5.5,-14.9
463,10796747.907532047,1,4.218477370417105,65.78150862958289,548.6177819707212,1,6.435023093445125e-05,0.7983978822505029,0.2016021177333197,1.6177372810976963e-11,200.0,92.08150862958288,-209.98152262958288,-1.4,-1.0,-11.2,0.0,0.0,-29.5,-9.0,-3.5,-6.1,-5.5,-14.9
464,10796747.907532047,2,4.218477370417105,65.78150862958289,548.6177819707212,1,6.435023093445125e-05,0.7983792598916591,0.20162074009297232,1.5368504170428112e-11,200.0,92.08150862958288,-209.98152262958288,-1.4,-1.0,-11.2,0.0,0.0,-29.5,-9.0,-3.5,-6.1,-5.5,-14.9
465,10796747.907532047,3,4.218477370417105,65.78150862958289,548.6177819707212,1,6.435023093445125e-05,0.7983521364051743,0.20164786358022557,1.4600078961906705e-11,200.0,92.08150862958288,-209.98152262958288,-1.4,-1.0,-11.2,0.0,0.0,-29.5,-9.0,-3.5,-6.1,-5.5,-14.9
466,10796747.907532047,4,4.218477370417105,65.78150862958289,548.6177819707212,1,6.435023093445125e-05,0.7983169649633024,0.2016830350228275,1.3870075013811371e-11,200.0,92.08150862958288,-209.98152262958288,-1.4,-1.0,-11.2,0.0,0.0,-29.5,-9.0,-3.5,-6.1,-5.5,-14.9
467,10796747.907532047,5,4.218477370417105,65.78150862958289,548.6177819707212,1,6.435023093445125e-05,0.7982848169992282,0.20171518298759522,1.3176571263120802e-11,200.0,92.08150862958288,-209.98152262958288,-1.4,-1.0,-11.2,0.0,0.0,-29.5,-9.0,-3.5,-6.1,-5.5,-14.9
468,10796747.907532047,6,4.218477370417105,65.78150862958289,548.6177819707212,1,6.435023093445125e-05,0.7982512911944555,0.20174870879302673,1.251774269996476e-11,200.0,92.08150862958288,-209.98152262958288,-1.4,-1.0,-11.2,0.0,0.0,-29.5,-9.0,-3.5,-6.1,-5.5,-14.9
469,10796747.907532047,7,4.218477370417105,65.78150862958289,548.6177819707212,1,6.435023093445125e-05,0.7982101074933734,0.2017898924947348,1.1891855564966523e-11,200.0,92.08150862958288,-209.98152262958288,-1.4,-1.0,-11.2,0.0,0.0,-29.5,-9.0,-3.5,-6.1,-5.5,-14.9
470,10796747.907532047,8,4.218477370417105,65.78150862958289,548.6177819707212,1,6.435023093445125e-05,0.7981680318853662,0.20183196810333656,1.1297262786718197e-11,200.0,92.08150862958288,-209.98152262958288,-1.4,-1.0,-11.2,0.0,0.0,-29.5,-9.0,-3.5,-6.1,-5.5,-14.9
471,10796747.907532047,9,4.218477370417105,65.78150862958289,548.6177819707212,1,6.435023093445125e-05,0.7981293468171656,0.20187065317210204,1.0732399647382287e-11,200.0,92.08150862958288,-209.98152262958288,-1.4,-1.0,-11.2,0.0,0.0,-29.5,-9.0,-3.5,-6.1,-5.5,-14.9
472,10796747.907532047,10,4.218477370417105,65.78150862958289,548.6177819707212,1,6.435023093445125e-05,0.7980938769929545,0.20190612299684968,1.0195779665013172e-11,200.0,92.08150862958288,-209.98152262958288,-1.4,-1.0,-11.2,0.0,0.0,-29.5,-9.0,-3.5,-6.1,-5.5,-14.9
473,10796747.907532047,11,4.218477370417105,65.78150862958289,548.6177819707212,1,6.435023093445125e-05,0.7980614559204146,0.20193854406989942,9.685990681762514e-12,200.0,92.08150862958288,-209.98152262958288,-1.4,-1.0,-11.2,0.0,0.0,-29.5,-9.0,-3.5,-6.1,-5.5,-14.9
474,10796747.907532047,12,4.218477370417105,65.78150862958289,548.6177819707212,1,6.435023093445125e-05,0.7980319254702053,0.20196807452059312,9.20169114767439e-12,200.0,92.08150862958288,-209.98152262958288,-1.4,-1.0,-11.2,0.0,0.0,-29.5,-9.0,-3.5,-6.1,-5.5,-14.9
475,10796747.907532047,13,4.218477370417105,65.78150862958289,548.6177819707212,1,6.435023093445125e-05,0.7980135021792201,0.20198649781203842,8.741606590290669e-12,200.0,92.08150862958288,-209.98152262958288,-1.4,-1.0,-11.2,0.0,0.0,-29.5,-9.0,-3.5,-6.1,-5.5,-14.9
476,10796747.907532047,14,4.218477370417105,65.78150862958289,548.6177819707212,1,6.435023093445125e-05,0.7979972390078283,0.20200276098386707,8.304526260776134e-12,200.0,92.08150862958288,-209.98152262958288,-1.4,-1.0,-11.2,0.0,0.0,-29.5,-9.0,-3.5,-6.1,-5.5,-14.9
477,10796747.907532047,15,4.218477370417105,65.78150862958289,548.6177819707212,1,6.435023093445125e-05,0.797991340460159,0.20200865953195174,7.88929994773733e-12,200.0,92.08150862958288,-209.98152262958288,-1.4,-1.0,-11.2,0.0,0.0,-29.5,-9.0,-3.5,-6.1,-5.5,-14.9
478,10796747.907532047,16,4.218477370417105,65.78150862958289,548.6177819707212,1,6.435023093445125e-05,0.7979952345510279,0.20200476544147725,7.494834950350464e-12,200.0,92.08150862958288,-209.98152262958288,-1.4,-1.0,-11.2,0.0,0.0,-29.5,-9.0,-3.5,-6.1,-5.5,-14.9
479,10796747.907532047,17,4.218477370417105,65.78150862958289,548.6177819707212,1,6.435023093445125e-05,0.7980021844067883,0.20199781558609164,7.12009320283294e-12,200.0,92.08150862958288,-209.98152262958288,-1.4,-1.0,-11.2,0.0,0.0,-29.5,-9.0,-3.5,-6.1,-5.5,-14.9
480,10796747.907532047,18,4.218477370417105,65.78150862958289,548.6177819707212,1,6.435023093445125e-05,0.7980079002408634,0.2019920997523725,6.764088542691294e-12,200.0,92.08150862958288,-209.98152262958288,-1.4,-1.0,-11.2,0.0,0.0,-29.5,-9.0,-3.5,-6.1,-5.5,-14.9
481,10796747.907532047,19,4.218477370417105,65.78150862958289,548.6177819707212,1,6.435023093445125e-05,0.7980124473768696,0.20198755261670448,6.425884115556729e-12,200.0,92.08150862958288,-209.98152262958288,-1.4,-1.0,-11.2,0.0,0.0,-29.5,-9.0,-3.5,-6.1,-5.5,-14.9
482,10796747.907532047,20,4.218477370417105,65.78150862958289,548.6177819707212,1,6.435023093445125e-05,0.7980158878500839,0.20198411214381143,6.104589909778892e-12,200.0,92.08150862958288,-209.98152262958288,-1.4,-1.0,-11.2,0.0,0.0,-29.5,-9.0,-3.5,-6.1,-5.5,-14.9
483,10796747.907532047,21,4.218477370417105,65.78150862958289,548.6177819707212,1,6.435023093445125e-05,0.798008026387938,0.2019919736062627,5.7993604142899484e-12,200.0,92.08150862958288,-209.98152262958288,-1.4,-1.0,-11.2,0.0,0.0,-29.5,-9.0,-3.5,-6.1,-5.5,-14.9
484,10796747.907532047,22,4.218477370417105,65.78150862958289,548.6177819707212,1,6.435023093445125e-05,0.7980038014510739,0.20199619854341672,5.509392393575451e-12,200.0,92.08150862958288,-209.98152262958288,-1.4,-1.0,-11.2,0.0,0.0,-29.5,-9.0,-3.5,-6.1,-5.5,-14.9
485,10796747.907532047,23,4.218477370417105,65.78150862958289,548.6177819707212,1,6.435023093445125e-05,0.7979968877926077,0.20200311220215839,5.233922773896679e-12,200.0,92.08150862958288,-209.98152262958288,-1.4,-1.0,-11.2,0.0,0.0,-29.5,-9.0,-3.5,-6.1,-5.5,-14.9
486,10796747.907532047,24,4.218477370417105,65.78150862958289,548.6177819707212,1,6.435023093445125e-05,0.7979894707115299,0.2020105292834979,4.972226635201846e-12,200.0,92.08150862958288,-209.98152262958288,-1.4,-1.0,-11.2,0.0,0.0,-29.5,-9.0,-3.5,-6.1,-5.5,-14.9
487,10796747.907532047,25,4.218477370417105,65.78150862958289,548.6177819707212,1,6.435023093445125e-05,0.7979917496985237,0.20200825029675265,4.723615303441753e-12,200.0,92.08150862958288,-209.98152262958288,-1.4,-1.0,-11.2,0.0,0.0,-29.5,-9.0,-3.5,-6.1,-5.5,-14.9
488,10796747.907532047,26,4.218477370417105,65.78150862958289,548.6177819707212,1,6.435023093445125e-05,0.7979991360009723,0.2020008639945403,4.487434538269665e-12,200.0,92.08150862958288,-209.98152262958288,-1.4,-1.0,-11.2,0.0,0.0,-29.5,-9.0,-3.5,-6.1,-5.5,-14.9
489,10796747.907532047,27,4.218477370417105,65.78150862958289,548.6177819707212,1,6.435023093445125e-05,0.7980073051392232,0.20199269485651375,4.263062811356182e-12,200.0,92.08150862958288,-209.98152262958288,-1.4,-1.0,-11.2,0.0,0.0,-29.5,-9.0,-3.5,-6.1,-5.5,-14.9
490,10796747.907532047,28,4.218477370417105,65.78150862958289,548.6177819707212,1,6.435023093445125e-05,0.7980121761584065,0.20198782383754363,4.049909670788373e-12,200.0,92.08150862958288,-209.98152262958288,-1.4,-1.0,-11.2,0.0,0.0,-29.5,-9.0,-3.5,-6.1,-5.5,-14.9
491,10796747.907532047,29,4.218477370417105,65.78150862958289,548.6177819707212,1,6.435023093445125e-05,0.7980179548997143,0.2019820450964383,3.847414187248954e-12,200.0,92.08150862958288,-209.98152262958288,-1.4,-1.0,-11.2,0.0,0.0,-29.5,-9.0,-3.5,-6.1,-5.5,-14.9
492,10796747.907532047,30,4.218477370417105,65.78150862958289,548.6177819707212,1,6.435023093445125e-05,0.798028609918442,0.20197139007790288,3.655043477886507e-12,200.0,92.08150862958288,-209.98152262958288,-1.4,-1.0,-11.2,0.0,0.0,-29.5,-9.0,-3.5,-6.1,-5.5,-14.9
493,10796747.907532047,31,4.218477370417105,65.78150862958289,548.6177819707212,1,6.435023093445125e-05,0.7980458752022442,0.2019541247942835,3.4722913039921815e-12,200.0,92.08150862958288,-209.98152262958288,-1.4,-1.0,-11.2,0.0,0.0,-29.5,-9.0,-3.5,-6.1,-5.5,-14.9
494,10796747.907532047,32,4.218477370417105,65.78150862958289,548.6177819707212,1,6.435023093445125e-05,0.7980573943827425,0.2019426056139589,3.2986767387925723e-12,200.0,92.08150862958288,-209.98152262958288,-1.4,-1.0,-11.2,0.0,0.0,-29.5,-9.0,-3.5,-6.1,-5.5,-14.9
495,10796747.907532047,33,4.218477370417105,65.78150862958289,548.6177819707212,1,6.435023093445125e-05,0.7980734503507023,0.201926549646164,3.1337429018529435e-12,200.0,92.08150862958288,-209.98152262958288,-1.4,-1.0,-11.2,0.0,0.0,-29.5,-9.0,-3.5,-6.1,-5.5,-14.9
496,10796747.907532047,34,4.218477370417105,65.78150862958289,548.6177819707212,1,6.435023093445125e-05,0.7981057139356694,0.20189428606135354,2.977055756760296e-12,200.0,92.08150862958288,-209.98152262958288,-1.4,-1.0,-11.2,0.0,0.0,-29.5,-9.0,-3.5,-6.1,-5.5,-14.9
497,10796747.907532047,35,4.218477370417105,65.78150862958289,548.6177819707212,1,6.435023093445125e-05,0.7981334709047221,0.20186652909244968,2.8282029689222813e-12,200.0,92.08150862958288,-209.98152262958288,-1.4,-1.0,-11.2,0.0,0.0,-29.5,-9.0,-3.5,-6.1,-5.5,-14.9
498,10796747.907532047,36,4.218477370417105,65.78150862958289,548.6177819707212,1,6.435023093445125e-05,0.7981628913231104,0.2018371086742029,2.6867928204761675e-12,200.0,92.08150862958288,-209.98152262958288,-1.4,-1.0,-11.2,0.0,0.0,-29.5,-9.0,-3.5,-6.1,-5.5,-14.9
499,10796747.907532047,37,4.218477370417105,65.78150862958289,548.6177819707212,1,6.435023093445125e-05,0.7981859844779764,0.20181401551947115,2.552453179452359e-12,200.0,92.08150862958288,-209.98152262958288,-1.4,-1.0,-11.2,0.0,0.0,-29.5,-9.0,-3.5,-6.1,-5.5,-14.9
500,10796747.907532047,38,4.218477370417105,65.78150862958289,548.6177819707212,1,6.435023093445125e-05,0.7982129357956386,0.20178706420193668,2.4248305204797413e-12,200.0,92.08150862958288,-209.98152262958288,-1.4,-1.0,-11.2,0.0,0.0,-29.5,-9.0,-3.5,-6.1,-5.5,-14.9
501,10796747.907532047,39,4.218477370417105,65.78150862958289,548.6177819707212,1,6.435023093445125e-05,0.798237634720966,0.2017623652767305,2.303588994455754e-12,200.0,92.08150862958288,-209.98152262958288,-1.4,-1.0,-11.2,0.0,0.0,-29.5,-9.0,-3.5,-6.1,-5.5,-14.9
502,10796747.907532047,40,4.218477370417105,65.78150862958289,548.6177819707212,1,6.435023093445125e-05,0.7982641197029454,0.20173588029486622,2.1884095447329663e-12,200.0,92.08150862958288,-209.98152262958288,-1.4,-1.0,-11.2,0.0,0.0,-29.5,-9.0,-3.5,-6.1,-5.5,-14.9
503,10796747.907532047,41,4.218477370417105,65.78150862958289,548.6177819707212,1,6.435023093445125e-05,0.7982844603582117,0.20171553963970942,2.0789890674963184e-12,200.0,92.08150862958288,-209.98152262958288,-1.4,-1.0,-11.2,0.0,0.0,-29.5,-9.0,-3.5,-6.1,-5.5,-14.9
504,10796747.907532047,42,4.218477370417105,65.78150862958289,548.6177819707212,1,6.435023093445125e-05,0.7983028896913277,0.20169711030669735,1.9750396141215024e-12,200.0,92.08150862958288,-209.98152262958288,-1.4,-1.0,-11.2,0.0,0.0,-29.5,-9.0,-3.5,-6.1,-5.5,-14.9
505,10796747.907532047,43,4.218477370417105,65.78150862958289,548.6177819707212,1,6.435023093445125e-05,0.7983175557872798,0.20168244421084386,1.876287633415427e-12,200.0,92.08150862958288,-209.98152262958288,-1.4,-1.0,-11.2,0.0,0.0,-29.5,-9.0,-3.5,-6.1,-5.5,-14.9
506,10796747.907532047,44,4.218477370417105,65.78150862958289,548.6177819707212,1,6.435023093445125e-05,0.7983247596293198,0.20167524036889778,1.7824732517446558e-12,200.0,92.08150862958288,-209.98152262958288,-1.4,-1.0,-11.2,0.0,0.0,-29.5,-9.0,-3.5,-6.1,-5.5,-14.9
507,10796747.907532047,45,4.218477370417105,65.78150862958289,548.6177819707212,1,6.435023093445125e-05,0.7983482218776641,0.2016517781206426,1.693349589157423e-12,200.0,92.08150862958288,-209.98152262958288,-1.4,-1.0,-11.2,0.0,0.0,-29.5,-9.0,-3.5,-6.1,-5.5,-14.9
508,10796747.907532047,46,4.218477370417105,65.78150862958289,548.6177819707212,1,6.435023093445125e-05,0.7983657372842276,0.2016342627141638,1.6086821096995517e-12,200.0,92.08150862958288,-209.98152262958288,-1.4,-1.0,-11.2,0.0,0.0,-29.5,-9.0,-3.5,-6.1,-5.5,-14.9
509,10796747.907532047,47,4.218477370417105,65.78150862958289,548.6177819707212,1,6.435023093445125e-05,0.798379554189777,0.20162044580869476,1.528248004214574e-12,200.0,92.08150862958288,-209.98152262958288,-1.4,-1.0,-11.2,0.0,0.0,-29.5,-9.0,-3.5,-6.1,-5.5,-14.9
510,10796747.907532047,48,4.218477370417105,65.78150862958289,548.6177819707212,1,6.435023093445125e-05,0.7983937304789128,0.20160626951963537,1.4518356040038455e-12,200.0,92.08150862958288,-209.98152262958288,-1.4,-1.0,-11.2,0.0,0.0,-29.5,-9.0,-3.5,-6.1,-5.5,-14.9
511,10796747.907532047,49,4.218477370417105,65.78150862958289,548.6177819707212,1,6.435023093445125e-05,0.7984120963380335,0.20158790366058726,1.3792438238036532e-12,200.0,92.08150862958288,-209.98152262958288,-1.4,-1.0,-11.2,0.0,0.0,-29.5,-9.0,-3.5,-6.1,-5.5,-14.9
512,10796747.907532047,0,4.218477370417105,65.78150862958289,548.6177819707212,1,6.435023093445125e-05,0.7984267330310219,0.20157326696766792,1.3102816326134706e-12,200.0,92.08150862958288,-209.98152262958288,-1.4,-1.0,-11.2,0.0,0.0,-29.5,-9.0,-3.5,-6.1,-5.5,-14.9
513,10796747.907532047,1,4.218477370417105,65.78150862958289,548.6177819707212,1,6.435023093445125e-05,0.7984455113266191,0.2015544886721361,1.244767550982797e-12,200.0,92.08150862958288,-209.98152262958288,-1.4,-1.0,-11.2,0.0,0.0,-29.5,-9.0,-3.5,-6.1,-5.5,-14.9
514,10796747.907532047,2,4.218477370417105,65.78150862958289,548.6177819707212,1,6.435023093445125e-05,0.7984643756608176,0.20153562433799982,1.1825291734336571e-12,200.0,92.08150862958288,-209.98152262958288,-1.4,-1.0,-11.2,0.0,0.0,-29.5,-9.0,-3.5,-6.1,-5.5,-14.9
515,10796747.907532047,3,4.218477370417105,65.78150862958289,548.6177819707212,1,6.435023093445125e-05,0.7984794976849516,0.20152050231392496,1.1234027147619744e-12,200.0,92.08150862958288,-209.98152262958288,-1.4,-1.0,-11.2,0.0,0.0,-29.5,-9.0,-3.5,-6.1,-5.5,-14.9
516,10796747.907532047,4,4.218477370417105,65.78150862958289,548.6177819707212,1,6.435023093445125e-05,0.7984910743594571,0.20150892563947573,1.0672325790238756e-12,200.0,92.08150862958288,-209.98152262958288,-1.4,-1.0,-11.2,0.0,0.0,-29.5,-9.0,-3.5,-6.1,-5.5,-14.9
517,10796747.907532047,5,4.218477370417105,65.78150862958289,548.6177819707212,1,6.435023093445125e-05,0.798501197015275,0.20149880298371117,1.0138709500726818e-12,200.0,92.08150862958288,-209.98152262958288,-1.4,-1.0,-11.2,0.0,0.0,-29.5,-9.0,-3.5,-6.1,-5.5,-14.9
518,10796747.907532047,6,4.218477370417105,65.78150862958289,548.6177819707212,1,6.435023093445125e-05,0.7985023353239471,0.20149766467508973,9.631774025690475e-13,200.0,92.08150862958288,-209.98152262958288,-1.4,-1.0,-11.2,0.0,0.0,-29.5,-9.0,-3.5,-6.1,-5.5,-14.9
519,10796747.907532047,7,4.218477370417105,65.78150862958289,548.6177819707212,1,6.435023093445125e-05,0.798489254857702,0.201510745141383,9.15018532440595e-13,200.0,92.08150862958288,-209.98152262958288,-1.4,-1.0,-11.2,0.0,0.0,-29.5,-9.0,-3.5,-6.1,-5.5,-14.9
520,10796747.907532047,8,4.218477370417105,65.78150862958289,548.6177819707212,1,6.435023093445125e-05,0.7984892840976713,0.20151071590145941,8.692676058185653e-13,200.0,92.08150862958288,-209.98152262958288,-1.4,-1.0,-11.2,0.0,0.0,-29.5,-9.0,-3.5,-6.1,-5.5,-14.9
521,10796747.907532047,9,4.218477370417105,65.78150862958289,548.6177819707212,1,6.435023093445125e-05,0.7984865710813773,0.20151342891779692,8.25804225527637e-13,200.0,92.08150862958288,-209.98152262958288,-1.4,-1.0,-11.2,0.0,0.0,-29.5,-9.0,-3.5,-6.1,-5.5,-14.9
522,10796747.907532047,10,4.218477370417105,65.78150862958289,548.6177819707212,1,6.435023093445125e-05,0.798473698799568,0.20152630119964746,7.845140142512551e-13,200.0,92.08150862958288,-209.98152262958288,-1.4,-1.0,-11.2,0.0,0.0,-29.5,-9.0,-3.5,-6.1,-5.5,-14.9
523,10796747.907532047,11,4.218477370417105,65.78150862958289,548.6177819707212,1,6.435023093445125e-05,0.798466312027625,0.2015336879716297,7.452883135386924e-13,200.0,92.08150862958288,-209.98152262958288,-1.4,-1.0,-11.2,0.0,0.0,-29.5,-9.0,-3.5,-6.1,-5.5,-14.9
524,10796747.907532047,12,4.218477370417105,65.78150862958289,548.6177819707212,1,6.435023093445125e-05,0.7984603493558312,0.20153965064346077,7.080238978617578e-13,200.0,92.08150862958288,-209.98152262958288,-1.4,-1.0,-11.2,0.0,0.0,-29.5,-9.0,-3.5,-6.1,-5.5,-14.9
525,10796747.907532047,13,4.218477370417105,65.78150862958289,548.6177819707212,1,6.435023093445125e-05,0.7984538559869129,0.2015461440124145,6.726227029686699e-13,200.0,92.08150862958288,-209.98152262958288,-1.4,-1.0,-11.2,0.0,0.0,-29.5,-9.0,-3.5,-6.1,-5.5,-14.9
526,10796747.907532047,14,4.218477370417105,65.78150862958289,548.6177819707212,1,6.435023093445125e-05,0.7984449850599293,0.20155501493943162,6.389915678202364e-13,200.0,92.08150862958288,-209.98152262958288,-1.4,-1.0,-11.2,0.0,0.0,-29.5,-9.0,-3.5,-6.1,-5.5,-14.9
527,10796747.907532047,15,4.218477370417105,65.78150862958289,548.6177819707212,1,6.435023093445125e-05,0.7984432277386265,0.2015567722607665,6.070419894292246e-13,200.0,92.08150862958288,-209.98152262958288,-1.4,-1.0,-11.2,0.0,0.0,-29.5,-9.0,-3.5,-6.1,-5.5,-14.9
528,10796747.907532047,16,4.218477370417105,65.78150862958289,548.6177819707212,1,6.435023093445125e-05,0.7984407285812148,0.20155927141820842,5.766898899577634e-13,200.0,92.08150862958288,-209.98152262958288,-1.4,-1.0,-11.2,0.0,0.0,-29.5,-9.0,-3.5,-6.1,-5.5,-14.9
529,10796747.907532047,17,4.218477370417105,65.78150862958289,548.6177819707212,1,6.435023093445125e-05,0.7984319316657489,0.20156806833370328,5.478553954598753e-13,200.0,92.08150862958288,-209.98152262958288,-1.4,-1.0,-11.2,0.0,0.0,-29.5,-9.0,-3.5,-6.1,-5.5,-14.9
530,10796747.907532047,18,4.218477370417105,65.78150862958289,548.6177819707212,1,6.435023093445125e-05,0.7984227610487956,0.20157723895068397,5.204626256868817e-13,200.0,92.08150862958288,-209.98152262958288,-1.4,-1.0,-11.2,0.0,0.0,-29.5,-9.0,-3.5,-6.1,-5.5,-14.9
531,10796747.907532047,19,4.218477370417105,65.78150862958289,548.6177819707212,1,6.435023093445125e-05,0.7984057965540949,0.20159420344541068,4.944394944025376e-13,200.0,92.08150862958288,-209.98152262958288,-1.4,-1.0,-11.2,0.0,0.0,-29.5,-9.0,-3.5,-6.1,-5.5,-14.9
532,10796747.907532047,20,4.218477370417105,65.78150862958289,548.6177819707212,1,6.435023093445125e-05,0.7983851687047878,0.20161483129474242,4.697175196824107e-13,200.0,92.08150862958288,-209.98152262958288,-1.4,-1.0,-11.2,0.0,0.0,-29.5,-9.0,-3.5,-6.1,-5.5,-14.9
533,10796747.907532047,21,4.218477370417105,65.78150862958289,548.6177819707212,1,6.435023093445125e-05,0.7983592177380257,0.20164078226152812,4.462316436982902e-13,200.0,92.08150862958288,-209.98152262958288,-1.4,-1.0,-11.2,0.0,0.0,-29.5,-9.0,-3.5,-6.1,-5.5,-14.9
534,10796747.907532047,22,4.218477370417105,65.78150862958289,548.6177819707212,1,6.435023093445125e-05,0.7983300833313397,0.20166991666823633,4.239200615133757e-13,200.0,92.08150862958288,-209.98152262958288,-1.4,-1.0,-11.2,0.0,0.0,-29.5,-9.0,-3.5,-6.1,-5.5,-14.9
535,10796747.907532047,23,4.218477370417105,65.78150862958289,548.6177819707212,1,6.435023093445125e-05,0.798303494692579,0.2016965053070183,4.027240584377069e-13,200.0,92.08150862958288,-209.98152262958288,-1.4,-1.0,-11.2,0.0,0.0,-29.5,-9.0,-3.5,-6.1,-5.5,-14.9
536,10796747.907532047,24,4.218477370417105,65.78150862958289,548.6177819707212,1,6.435023093445125e-05,0.7982830141661315,0.2017169858334859,3.8258785551582153e-13,200.0,92.08150862958288,-209.98152262958288,-1.4,-1.0,-11.2,0.0,0.0,-29.5,-9.0,-3.5,-6.1,-5.5,-14.9
537,10796747.907532047,25,4.218477370417105,65.78150862958289,548.6177819707212,1,6.435023093445125e-05,0.7982793562760994,0.20172064372353718,3.634584627400305e-13,200.0,92.08150862958288,-209.98152262958288,-1.4,-1.0,-11.2,0.0,0.0,-29.5,-9.0,-3.5,-6.1,-5.5,-14.9
538,10796747.907532047,26,4.218477370417105,65.78150862958289,548.6177819707212,1,6.435023093445125e-05,0.7982714128825064,0.20172858711714836,3.4528553960302894e-13,200.0,92.08150862958288,-209.98152262958288,-1.4,-1.0,-11.2,0.0,0.0,-29.5,-9.0,-3.5,-6.1,-5.5,-14.9
539,10796747.907532047,27,4.218477370417105,65.78150862958289,548.6177819707212,1,6.435023093445125e-05,0.7982649125583657,0.20173508744130628,3.2802126262287754e-13,200.0,92.08150862958288,-209.98152262958288,-1.4,-1.0,-11.2,0.0,0.0,-29.5,-9.0,-3.5,-6.1,-5.5,-14.9
540,10796747.907532047,28,4.218477370417105,65.78150862958289,548.6177819707212,1,6.435023093445125e-05,0.7982597790699716,0.20174022092971675,3.1162019949173367e-13,200.0,92.08150862958288,-209.98152262958288,-1.4,-1.0,-11.2,0.0,0.0,-29.5,-9.0,-3.5,-6.1,-5.5,-14.9
541,10796747.907532047,29,4.218477370417105,65.78150862958289,548.6177819707212,1,6.435023093445125e-05,0.7982595896890574,0.20174041031064657,2.9603918951714703e-13,200.0,92.08150862958288,-209.98152262958288,-1.4,-1.0,-11.2,0.0,0.0,-29.5,-9.0,-3.5,-6.1,-5.5,-14.9
542,10796747.907532047,30,4.218477370417105,65.78150862958289,548.6177819707212,1,6.435023093445125e-05,0.7982549719565907,0.20174502804312813,2.812372300412897e-13,200.0,92.08150862958288,-209.98152262958288,-1.4,-1.0,-11.2,0.0,0.0,-29.5,-9.0,-3.5,-6.1,-5.5,-14.9
543,10796747.907532047,31,4.218477370417105,65.78150862958289,548.6177819707212,1,6.435023093445125e-05,0.7982534367128811,0.20174656328685178,2.671753685392252e-13,200.0,92.08150862958288,-209.98152262958288,-1.4,-1.0,-11.2,0.0,0.0,-29.5,-9.0,-3.5,-6.1,-5.5,-14.9
544,10796747.907532047,32,4.218477370417105,65.78150862958289,548.6177819707212,1,6.435023093445125e-05,0.7982566316299023,0.20174336836984386,2.538166001122639e-13,200.0,92.08150862958288,-209.98152262958288,-1.4,-1.0,-11.2,0.0,0.0,-29.5,-9.0,-3.5,-6.1,-5.5,-14.9
545,10796747.907532047,33,4.218477370417105,65.78150862958289,548.6177819707212,1,6.435023093445125e-05,0.7982588713430729,0.201741128656686,2.4112577010665076e-13,200.0,92.08150862958288,-209.98152262958288,-1.4,-1.0,-11.2,0.0,0.0,-29.5,-9.0,-3.5,-6.1,-5.5,-14.9
546,10796747.907532047,34,4.218477370417105,65.78150862958289,548.6177819707212,1,6.435023093445125e-05,0.7982565914174394,0.20174340858233156,2.290694816013182e-13,200.0,92.08150862958288,-209.98152262958288,-1.4,-1.0,-11.2,0.0,0.0,-29.5,-9.0,-3.5,-6.1,-5.5,-14.9
547,10796747.907532047,35,4.218477370417105,65.78150862958289,548.6177819707212,1,6.435023093445125e-05,0.7982536420013282,0.2017463579984542,2.1761600752125228e-13,200.0,92.08150862958288,-209.98152262958288,-1.4,-1.0,-11.2,0.0,0.0,-29.5,-9.0,-3.5,-6.1,-5.5,-14.9
548,10796747.907532047,36,4.218477370417105,65.78150862958289,548.6177819707212,1,6.435023093445125e-05,0.7982518608751349,0.20174813912465842,2.0673520714518968e-13,200.0,92.08150862958288,-209.98152262958288,-1.4,-1.0,-11.2,0.0,0.0,-29.5,-9.0,-3.5,-6.1,-5.5,-14.9
549,10796747.907532047,37,4.218477370417105,65.78150862958289,548.6177819707212,1,6.435023093445125e-05,0.79825478011452,0.20174521988528357,1.963984467879302e-13,200.0,92.08150862958288,-209.98152262958288,-1.4,-1.0,-11.2,0.0,0.0,-29.5,-9.0,-3.5,-6.1,-5.5,-14.9
550,10796747.907532047,38,4.218477370417105,65.78150862958289,548.6177819707212,1,6.435023093445125e-05,0.7982585592590613,0.20174144074075206,1.8657852444853368e-13,200.0,92.08150862958288,-209.98152262958288,-1.4,-1.0,-11.2,0.0,0.0,-29.5,-9.0,-3.5,-6.1,-5.5,-14.9
551,10796747.907532047,39,4.218477370417105,65.78150862958289,548.6177819707212,1,6.435023093445125e-05,0.7982631514713662,0.20173684852845652,1.7724959822610698e-13,200.0,92.08150862958288,-209.98152262958288,-1.4,-1.0,-11.2,0.0,0.0,-29.5,-9.0,-3.5,-6.1,-5.5,-14.9
552,10796747.907532047,40,4.218477370417105,65.78150862958289,548.6177819707212,1,6.435023093445125e-05,0.7982738683607159,0.20172613163911574,1.6838711831480165e-13,200.0,92.08150862958288,-209.98152262958288,-1.4,-1.0,-11.2,0.0,0.0,-29.5,-9.0,-3.5,-6.1,-5.5,-14.9
553,10796747.907532047,41,4.218477370417105,65.78150862958289,548.6177819707212,1,6.435023093445125e-05,0.7982779049628278,0.2017220950370122,1.5996776239906157e-13,200.0,92.08150862958288,-209.98152262958288,-1.4,-1.0,-11.2,0.0,0.0,-29.5,-9.0,-3.5,-6.1,-5.5,-14.9
554,10796747.907532047,42,4.218477370417105,65.78150862958289,548.6177819707212,1,6.435023093445125e-05,0.7982845131309916,0.2017154868688564,1.5196937427910849e-13,200.0,92.08150862958288,-209.98152262958288,-1.4,-1.0,-11.2,0.0,0.0,-29.5,-9.0,-3.5,-6.1,-5.5,-14.9
555,10796747.907532047,43,4.218477370417105,65.78150862958289,548.6177819707212,1,6.435023093445125e-05,0.7982935530535733,0.2017064469462824,1.4437090556515308e-13,200.0,92.08150862958288,-209.98152262958288,-1.4,-1.0,-11.2,0.0,0.0,-29.5,-9.0,-3.5,-6.1,-5.5,-14.9
556,10796747.907532047,44,4.218477370417105,65.78150862958289,548.6177819707212,1,6.435023093445125e-05,0.7983013488322799,0.20169865116758298,1.3715236028689541e-13,200.0,92.08150862958288,-209.98152262958288,-1.4,-1.0,-11.2,0.0,0.0,-29.5,-9.0,-3.5,-6.1,-5.5,-14.9
557,10796747.907532047,45,4.218477370417105,65.78150862958289,548.6177819707212,1,6.435023093445125e-05,0.7983150378673498,0.20168496213251988,1.3029474227255065e-13,200.0,92.08150862958288,-209.98152262958288,-1.4,-1.0,-11.2,0.0,0.0,-29.5,-9.0,-3.5,-6.1,-5.5,-14.9
558,10796747.907532047,46,4.218477370417105,65.78150862958289,548.6177819707212,1,6.435023093445125e-05,0.7983325343675122,0.20166746563236407,1.237800051589231e-13,200.0,92.08150862958288,-209.98152262958288,-1.4,-1.0,-11.2,0.0,0.0,-29.5,-9.0,-3.5,-6.1,-5.5,-14.9
559,10796747.907532047,47,4.218477370417105,65.78150862958289,548.6177819707212,1,6.435023093445125e-05,0.7983518700558444,0.20164812994403805,1.1759100490097695e-13,200.0,92.08150862958288,-209.98152262958288,-1.4,-1.0,-11.2,0.0,0.0,-29.5,-9.0,-3.5,-6.1,-5.5,-14.9
560,10796747.907532047,48,4.218477370417105,65.78150862958289,548.6177819707212,1,6.435023093445125e-05,0.798379958697091,0.20162004130279731,1.117114546559281e-13,200.0,92.08150862958288,-209.98152262958288,-1.4,-1.0,-11.2,0.0,0.0,-29.5,-9.0,-3.5,-6.1,-5.5,-14.9
561,10796747.907532047,49,4.218477370417105,65.78150862958289,548.6177819707212,1,6.435023093445125e-05,0.7984075701853981,0.20159242981449585,1.0612588192313168e-13,200.0,92.08150862958288,-209.98152262958288,-1.4,-1.0,-11.2,0.0,0.0,-29.5,-9.0,-3.5,-6.1,-5.5,-14.9
562,10796747.907532047,0,4.218477370417105,65.78150862958289,548.6177819707212,1,6.435023093445125e-05,0.7984347249142338,0.20156527508566535,1.0081958782697509e-13,200.0,92.08150862958288,-209.98152262958288,-1.4,-1.0,-11.2,0.0,0.0,-29.5,-9.0,-3.5,-6.1,-5.5,-14.9
563,10796747.907532047,1,4.218477370417105,65.78150862958289,548.6177819707212,1,6.435023093445125e-05,0.7984666695324152,0.20153333046748909,9.577860843562633e-14,200.0,92.08150862958288,-209.98152262958288,-1.4,-1.0,-11.2,0.0,0.0,-29.5,-9.0,-3.5,-6.1,-5.5,-14.9
564,10796747.907532047,2,4.218477370417105,65.78150862958289,548.6177819707212,1,6.435023093445125e-05,0.7984944461128934,0.20150555388701555,9.098967801384501e-14,200.0,92.08150862958288,-209.98152262958288,-1.4,-1.0,-11.2,0.0,0.0,-29.5,-9.0,-3.5,-6.1,-5.5,-14.9
565,10796747.907532047,3,4.218477370417105,65.78150862958289,548.6177819707212,1,6.435023093445125e-05,0.7985165342557169,0.2014834657441967,8.644019411315277e-14,200.0,92.08150862958288,-209.98152262958288,-1.4,-1.0,-11.2,0.0,0.0,-29.5,-9.0,-3.5,-6.1,-5.5,-14.9
566,10796747.907532047,4,4.218477370417105,65.78150862958289,548.6177819707212,1,6.435023093445125e-05,0.7985384348156583,0.20146156518425962,8.211818440749513e-14,200.0,92.08150862958288,-209.98152262958288,-1.4,-1.0,-11.2,0.0,0.0,-29.5,-9.0,-3.5,-6.1,-5.5,-14.9
567,10796747.907532047,5,4.218477370417105,65.78150862958289,548.6177819707212,1,6.435023093445125e-05,0.7985601537775722,0.2014398462223498,7.801227518712037e-14,200.0,92.08150862958288,-209.98152262958288,-1.4,-1.0,-11.2,0.0,0.0,-29.5,-9.0,-3.5,-6.1,-5.5,-14.9
568,10796747.907532047,6,4.218477370417105,65.78150862958289,548.6177819707212,1,6.435023093445125e-05,0.7985782413958145,0.20142175860411146,7.411166142776435e-14,200.0,92.08150862958288,-209.98152262958288,-1.4,-1.0,-11.2,0.0,0.0,-29.5,-9.0,-3.5,-6.1,-5.5,-14.9
569,10796747.907532047,7,4.218477370417105,65.78150862958289,548.6177819707212,1,6.435023093445125e-05,0.7985963379348641,0.20140366206506555,7.040607835637613e-14,200.0,92.08150862958288,-209.98152262958288,-1.4,-1.0,-11.2,0.0,0.0,-29.5,-9.0,-3.5,-6.1,-5.5,-14.9
570,10796747.907532047,8,4.218477370417105,65.78150862958289,548.6177819707212,1,6.435023093445125e-05,0.7986075498283531,0.20139245017158,6.688577443855732e-14,200.0,92.08150862958288,-209.98152262958288,-1.4,-1.0,-11.2,0.0,0.0,-29.5,-9.0,-3.5,-6.1,-5.5,-14.9
571,10796747.907532047,9,4.218477370417105,65.78150862958289,548.6177819707212,1,6.435023093445125e-05,0.7986259974774861,0.20137400252245033,6.354148571662945e-14,200.0,92.08150862958288,-209.98152262958288,-1.4,-1.0,-11.2,0.0,0.0,-29.5,-9.0,-3.5,-6.1,-5.5,-14.9
572,10796747.907532047,10,4.218477370417105,65.78150862958289,548.6177819707212,1,6.435023093445125e-05,0.7986375624587495,0.20136243754119018,6.036441143079799e-14,200.0,92.08150862958288,-209.98152262958288,-1.4,-1.0,-11.2,0.0,0.0,-29.5,-9.0,-3.5,-6.1,-5.5,-14.9
573,10796747.907532047,11,4.218477370417105,65.78150862958289,548.6177819707212,1,6.435023093445125e-05,0.7986648661784602,0.2013351338214824,5.734619085925809e-14,200.0,92.08150862958288,-209.98152262958288,-1.4,-1.0,-11.2,0.0,0.0,-29.5,-9.0,-3.5,-6.1,-5.5,-14.9
574,10796747.907532047,12,4.218477370417105,65.78150862958289,548.6177819707212,1,6.435023093445125e-05,0.7986916851938025,0.201308314806143,5.4478881316295185e-14,200.0,92.08150862958288,-209.98152262958288,-1.4,-1.0,-11.2,0.0,0.0,-29.5,-9.0,-3.5,-6.1,-5.5,-14.9
575,10796747.907532047,13,4.218477370417105,65.78150862958289,548.6177819707212,1,6.435023093445125e-05,0.7987214460094435,0.2012785539905048,5.175493725048043e-14,200.0,92.08150862958288,-209.98152262958288,-1.4,-1.0,-11.2,0.0,0.0,-29.5,-9.0,-3.5,-6.1,-5.5,-14.9
576,10796747.907532047,14,4.218477370417105,65.78150862958289,548.6177819707212,1,6.435023093445125e-05,0.7987522853425199,0.20124771465743096,4.9167190387956405e-14,200.0,92.08150862958288,-209.98152262958288,-1.4,-1.0,-11.2,0.0,0.0,-29.5,-9.0,-3.5,-6.1,-5.5,-14.9
577,10796747.907532047,15,4.218477370417105,65.78150862958289,548.6177819707212,1,6.435023093445125e-05,0.7987824440260384,0.20121755597391489,4.670883086855858e-14,200.0,92.08150862958288,-209.98152262958288,-1.4,-1.0,-11.2,0.0,0.0,-29.5,-9.0,-3.5,-6.1,-5.5,-14.9
578,10796747.907532047,16,4.218477370417105,65.78150862958289,548.6177819707212,1,6.435023093445125e-05,0.7988017915173944,0.2011982084825612,4.437338932513065e-14,200.0,92.08150862958288,-209.98152262958288,-1.4,-1.0,-11.2,0.0,0.0,-29.5,-9.0,-3.5,-6.1,-5.5,-14.9
579,10796747.907532047,17,4.218477370417105,65.78150862958289,548.6177819707212,1,6.435023093445125e-05,0.7988210457614303,0.20117895423852764,4.215471985887412e-14,200.0,92.08150862958288,-209.98152262958288,-1.4,-1.0,-11.2,0.0,0.0,-29.5,-9.0,-3.5,-6.1,-5.5,-14.9
580,10796747.907532047,18,4.218477370417105,65.78150862958289,548.6177819707212,1,6.435023093445125e-05,0.7988452718662444,0.20115472813371563,4.004698386593041e-14,200.0,92.08150862958288,-209.98152262958288,-1.4,-1.0,-11.2,0.0,0.0,-29.5,-9.0,-3.5,-6.1,-5.5,-14.9
581,10796747.907532047,19,4.218477370417105,65.78150862958289,548.6177819707212,1,6.435023093445125e-05,0.7988590329769615,0.20114096702300036,3.804463467263388e-14,200.0,92.08150862958288,-209.98152262958288,-1.4,-1.0,-11.2,0.0,0.0,-29.5,-9.0,-3.5,-6.1,-5.5,-14.9
582,10796747.907532047,20,4.218477370417105,65.78150862958289,548.6177819707212,1,6.435023093445125e-05,0.7988712965072529,0.2011287034927111,3.614240293900219e-14,200.0,92.08150862958288,-209.98152262958288,-1.4,-1.0,-11.2,0.0,0.0,-29.5,-9.0,-3.5,-6.1,-5.5,-14.9
583,10796747.907532047,21,4.218477370417105,65.78150862958289,548.6177819707212,1,6.435023093445125e-05,0.7988888613027056,0.20111113869726005,3.433528279205208e-14,200.0,92.08150862958288,-209.98152262958288,-1.4,-1.0,-11.2,0.0,0.0,-29.5,-9.0,-3.5,-6.1,-5.5,-14.9
584,10796747.907532047,22,4.218477370417105,65.78150862958289,548.6177819707212,1,6.435023093445125e-05,0.7989080856314756,0.20109191436849178,3.2618518652449474e-14,200.0,92.08150862958288,-209.98152262958288,-1.4,-1.0,-11.2,0.0,0.0,-29.5,-9.0,-3.5,-6.1,-5.5,-14.9
585,10796747.907532047,23,4.218477370417105,65.78150862958289,548.6177819707212,1,6.435023093445125e-05,0.7989255311154074,0.20107446888456157,3.0987592719827e-14,200.0,92.08150862958288,-209.98152262958288,-1.4,-1.0,-11.2,0.0,0.0,-29.5,-9.0,-3.5,-6.1,-5.5,-14.9
586,10796747.907532047,24,4.218477370417105,65.78150862958289,548.6177819707212,1,6.435023093445125e-05,0.7989429597829288,0.20105704021704174,2.9438213083835655e-14,200.0,92.08150862958288,-209.98152262958288,-1.4,-1.0,-11.2,0.0,0.0,-29.5,-9.0,-3.5,-6.1,-5.5,-14.9
587,10796747.907532047,25,4.218477370417105,65.78150862958289,548.6177819707212,1,6.435023093445125e-05,0.7989670344378004,0.20103296556217165,2.796630242964387e-14,200.0,92.08150862958288,-209.98152262958288,-1.4,-1.0,-11.2,0.0,0.0,-29.5,-9.0,-3.5,-6.1,-5.5,-14.9
588,10796747.907532047,26,4.218477370417105,65.78150862958289,548.6177819707212,1,6.435023093445125e-05,0.79900070934442,0.20099929065555347,2.656798730816168e-14,200.0,92.08150862958288,-209.98152262958288,-1.4,-1.0,-11.2,0.0,0.0,-29.5,-9.0,-3.5,-6.1,-5.5,-14.9
589,10796747.907532047,27,4.218477370417105,65.78150862958289,548.6177819707212,1,6.435023093445125e-05,0.799035172971528,0.20096482702844667,2.5239587942753595e-14,200.0,92.08150862958288,-209.98152262958288,-1.4,-1.0,-11.2,0.0,0.0,-29.5,-9.0,-3.5,-6.1,-5.5,-14.9
590,10796747.907532047,28,4.218477370417105,65.78150862958289,548.6177819707212,1,6.435023093445125e-05,0.7990720293545863,0.2009279706453898,2.397760854561592e-14,200.0,92.08150862958288,-209.98152262958288,-1.4,-1.0,-11.2,0.0,0.0,-29.5,-9.0,-3.5,-6.1,-5.5,-14.9
591,10796747.907532047,29,4.218477370417105,65.78150862958289,548.6177819707212,1,6.435023093445125e-05,0.7991045438188249,0.2008954561811522,2.2778728118335116e-14,200.0,92.08150862958288,-209.98152262958288,-1.4,-1.0,-11.2,0.0,0.0,-29.5,-9.0,-3.5,-6.1,-5.5,-14.9
592,10796747.907532047,30,4.218477370417105,65.78150862958289,548.6177819707212,1,6.435023093445125e-05,0.7991461139410893,0.20085388605888918,2.163979171241836e-14,200.0,92.08150862958288,-209.98152262958288,-1.4,-1.0,-11.2,0.0,0.0,-29.5,-9.0,-3.5,-6.1,-5.5,-14.9
593,10796747.907532047,31,4.218477370417105,65.78150862958289,548.6177819707212,1,6.435023093445125e-05,0.799186388861323,0.2008136111386565,2.0557802126797442e-14,200.0,92.08150862958288,-209.98152262958288,-1.4,-1.0,-11.2,0.0,0.0,-29.5,-9.0,-3.5,-6.1,-5.5,-14.9
594,10796747.907532047,32,4.218477370417105,65.78150862958289,548.6177819707212,1,6.435023093445125e-05,0.7992287078577726,0.20077129214220796,1.9529912020457568e-14,200.0,92.08150862958288,-209.98152262958288,-1.4,-1.0,-11.2,0.0,0.0,-29.5,-9.0,-3.5,-6.1,-5.5,-14.9
595,10796747.907532047,33,4.218477370417105,65.78150862958289,548.6177819707212,1,6.435023093445125e-05,0.7992647751774548,0.2007352248225267,1.8553416419434687e-14,200.0,92.08150862958288,-209.98152262958288,-1.4,-1.0,-11.2,0.0,0.0,-29.5,-9.0,-3.5,-6.1,-5.5,-14.9
596,10796747.907532047,34,4.218477370417105,65.78150862958289,548.6177819707212,1,6.435023093445125e-05,0.7992932800586047,0.20070671994137765,1.762574559846295e-14,200.0,92.08150862958288,-209.98152262958288,-1.4,-1.0,-11.2,0.0,0.0,-29.5,-9.0,-3.5,-6.1,-5.5,-14.9
597,10796747.907532047,35,4.218477370417105,65.78150862958289,548.6177819707212,1,6.435023093445125e-05,0.799324410263698,0.20067558973628516,1.67444583185398e-14,200.0,92.08150862958288,-209.98152262958288,-1.4,-1.0,-11.2,0.0,0.0,-29.5,-9.0,-3.5,-6.1,-5.5,-14.9
598,10796747.907532047,36,4.218477370417105,65.78150862958289,548.6177819707212,1,6.435023093445125e-05,0.7993498755598183,0.2006501244401659,1.5907235402612812e-14,200.0,92.08150862958288,-209.98152262958288,-1.4,-1.0,-11.2,0.0,0.0,-29.5,-9.0,-3.5,-6.1,-5.5,-14.9
599,10796747.907532047,37,4.218477370417105,65.78150862958289,548.6177819707212,1,6.435023093445125e-05,0.7993699705860728,0.20063002941391211,1.511187363248217e-14,200.0,92.08150862958288,-209.98152262958288,-1.4,-1.0,-11.2,0.0,0.0,-29.5,-9.0,-3.5,-6.1,-5.5,-14.9
600,10796747.907532047,38,4.218477370417105,65.78150862958289,548.6177819707212,1,6.435023093445125e-05,0.7993866010245144,0.20061339897547129,1.4356279950858064e-14,200.0,92.08150862958288,-209.98152262958288,-1.4,-1.0,-11.2,0.0,0.0,-29.5,-9.0,-3.5,-6.1,-5.5,-14.9
601,10796747.907532047,39,4.218477370417105,65.78150862958289,548.6177819707212,1,6.435023093445125e-05,0.7993934504722898,0.20060654952769663,1.363846595331516e-14,200.0,92.08150862958288,-209.98152262958288,-1.4,-1.0,-11.2,0.0,0.0,-29.5,-9.0,-3.5,-6.1,-5.5,-14.9
602,10796747.907532047,40,4.218477370417105,65.78150862958289,548.6177819707212,1,6.435023093445125e-05,0.7994007659312885,0.20059923406869865,1.2956542655649402e-14,200.0,92.08150862958288,-209.98152262958288,-1.4,-1.0,-11.2,0.0,0.0,-29.5,-9.0,-3.5,-6.1,-5.5,-14.9
603,10796747.907532047,41,4.218477370417105,65.78150862958289,548.6177819707212,1,6.435023093445125e-05,0.7994020414126229,0.20059795858736484,1.2308715522866931e-14,200.0,92.08150862958288,-209.98152262958288,-1.4,-1.0,-11.2,0.0,0.0,-29.5,-9.0,-3.5,-6.1,-5.5,-14.9
604,10796747.907532047,42,4.218477370417105,65.78150862958289,548.6177819707212,1,6.435023093445125e-05,0.7994121519923076,0.20058784800768067,1.1693279746723584e-14,200.0,92.08150862958288,-209.98152262958288,-1.4,-1.0,-11.2,0.0,0.0,-29.5,-9.0,-3.5,-6.1,-5.5,-14.9
605,10796747.907532047,43,4.218477370417105,65.78150862958289,548.6177819707212,1,6.435023093445125e-05,0.7994177134650671,0.20058228653492188,1.1108615759387406e-14,200.0,92.08150862958288,-209.98152262958288,-1.4,-1.0,-11.2,0.0,0.0,-29.5,-9.0,-3.5,-6.1,-5.5,-14.9
606,10796747.907532047,44,4.218477370417105,65.78150862958289,548.6177819707212,1,6.435023093445125e-05,0.7994237999721757,0.20057620002781376,1.0553184971418035e-14,200.0,92.08150862958288,-209.98152262958288,-1.4,-1.0,-11.2,0.0,0.0,-29.5,-9.0,-3.5,-6.1,-5.5,-14.9
607,10796747.907532047,45,4.218477370417105,65.78150862958289,548.6177819707212,1,6.435023093445125e-05,0.7994319907199163,0.20056800928007368,1.0025525722847133e-14,200.0,92.08150862958288,-209.98152262958288,-1.4,-1.0,-11.2,0.0,0.0,-29.5,-9.0,-3.5,-6.1,-5.5,-14.9
608,10796747.907532047,46,4.218477370417105,65.78150862958289,548.6177819707212,1,6.435023093445125e-05,0.7994325360307172,0.20056746396927333,9.524249436704777e-15,200.0,92.08150862958288,-209.98152262958288,-1.4,-1.0,-11.2,0.0,0.0,-29.5,-9.0,-3.5,-6.1,-5.5,-14.9
609,10796747.907532047,47,4.218477370417105,65.78150862958289,548.6177819707212,1,6.435023093445125e-05,0.7994306511505271,0.2005693488494638,9.048036964869537e-15,200.0,92.08150862958288,-209.98152262958288,-1.4,-1.0,-11.2,0.0,0.0,-29.5,-9.0,-3.5,-6.1,-5.5,-14.9
610,10796747.907532047,48,4.218477370417105,65.78150862958289,548.6177819707212,1,6.435023093445125e-05,0.7994328731985628,0.20056712680142863,8.595635116626062e-15,200.0,92.08150862958288,-209.98152262958288,-1.4,-1.0,-11.2,0.0,0.0,-29.5,-9.0,-3.5,-6.1,-5.5,-14.9
611,10796747.907532047,49,4.218477370417105,65.78150862958289,548.6177819707212,1,6.435023093445125e-05,0.7994389811967658,0.20056101880322608,8.16585336079476e-15,200.0,92.08150862958288,-209.98152262958288,-1.4,-1.0,-11.2,0.0,0.0,-29.5,-9.0,-3.5,-6.1,-5.5,-14.9
612,10796747.907532047,0,4.218477370417105,65.78150862958289,548.6177819707212,1,6.435023093445125e-05,0.7994423854893745,0.2005576145106177,7.757560692755021e-15,200.0,92.08150862958288,-209.98152262958288,-1.4,-1.0,-11.2,0.0,0.0,-29.5,-9.0,-3.5,-6.1,-5.5,-14.9
613,10796747.907532047,1,4.218477370417105,65.78150862958289,548.6177819707212,1,6.435023093445125e-05,0.7994464148465905,0.2005535851534022,7.369682658117271e-15,200.0,92.08150862958288,-209.98152262958288,-1.4,-1.0,-11.2,0.0,0.0,-29.5,-9.0,-3.5,-6.1,-5.5,-14.9
614,10796747.907532047,2,4.218477370417105,65.78150862958289,548.6177819707212,1,6.435023093445125e-05,0.7994478544037612,0.2005521455962318,7.001198525211407e-15,200.0,92.08150862958288,-209.98152262958288,-1.4,-1.0,-11.2,0.0,0.0,-29.5,-9.0,-3.5,-6.1,-5.5,-14.9
615,10796747.907532047,3,4.218477370417105,65.78150862958289,548.6177819707212,1,6.435023093445125e-05,0.7994500174523227,0.2005499825476707,6.651138598950837e-15,200.0,92.08150862958288,-209.98152262958288,-1.4,-1.0,-11.2,0.0,0.0,-29.5,-9.0,-3.5,-6.1,-5.5,-14.9
616,10796747.907532047,4,4.218477370417105,65.78150862958289,548.6177819707212,1,6.435023093445125e-05,0.799448107755393,0.20055189224460068,6.318581669003295e-15,200.0,92.08150862958288,-209.98152262958288,-1.4,-1.0,-11.2,0.0,0.0,-29.5,-9.0,-3.5,-6.1,-5.5,-14.9
617,10796747.907532047,5,4.218477370417105,65.78150862958289,548.6177819707212,1,6.435023093445125e-05,0.7994486753405963,0.20055132465939768,6.00265258555313e-15,200.0,92.08150862958288,-209.98152262958288,-1.4,-1.0,-11.2,0.0,0.0,-29.5,-9.0,-3.5,-6.1,-5.5,-14.9
618,10796747.907532047,6,4.218477370417105,65.78150862958289,548.6177819707212,1,6.435023093445125e-05,0.7994515877235815,0.20054841227641287,5.702519956275474e-15,200.0,92.08150862958288,-209.98152262958288,-1.4,-1.0,-11.2,0.0,0.0,-29.5,-9.0,-3.5,-6.1,-5.5,-14.9
619,10796747.907532047,7,4.218477370417105,65.78150862958289,548.6177819707212,1,6.435023093445125e-05,0.7994551419889536,0.2005448580110409,5.4173939584617e-15,200.0,92.08150862958288,-209.98152262958288,-1.4,-1.0,-11.2,0.0,0.0,-29.5,-9.0,-3.5,-6.1,-5.5,-14.9
620,10796747.907532047,8,4.218477370417105,65.78150862958289,548.6177819707212,1,6.435023093445125e-05,0.7994561535906843,0.20054384640931056,5.146524260538616e-15,200.0,92.08150862958288,-209.98152262958288,-1.4,-1.0,-11.2,0.0,0.0,-29.5,-9.0,-3.5,-6.1,-5.5,-14.9
621,10796747.907532047,9,4.218477370417105,65.78150862958289,548.6177819707212,1,6.435023093445125e-05,0.7994563296022223,0.2005436703977728,4.889198047511685e-15,200.0,92.08150862958288,-209.98152262958288,-1.4,-1.0,-11.2,0.0,0.0,-29.5,-9.0,-3.5,-6.1,-5.5,-14.9
622,10796747.907532047,10,4.218477370417105,65.78150862958289,548.6177819707212,1,6.435023093445125e-05,0.7994604241470968,0.20053957585289858,4.6447381451361015e-15,200.0,92.08150862958288,-209.98152262958288,-1.4,-1.0,-11.2,0.0,0.0,-29.5,-9.0,-3.5,-6.1,-5.5,-14.9
623,10796747.907532047,11,4.218477370417105,65.78150862958289,548.6177819707212,1,6.435023093445125e-05,0.7994697920901419,0.2005302079098537,4.412501237879296e-15,200.0,92.08150862958288,-209.98152262958288,-1.4,-1.0,-11.2,0.0,0.0,-29.5,-9.0,-3.5,-6.1,-5.5,-14.9
624,10796747.907532047,12,4.218477370417105,65.78150862958289,548.6177819707212,1,6.435023093445125e-05,0.7994794605533312,0.20052053944666468,4.191876175985331e-15,200.0,92.08150862958288,-209.98152262958288,-1.4,-1.0,-11.2,0.0,0.0,-29.5,-9.0,-3.5,-6.1,-5.5,-14.9
625,10796747.907532047,13,4.218477370417105,65.78150862958289,548.6177819707212,1,6.435023093445125e-05,0.7994956498473567,0.20050435015263937,3.9822823671860646e-15,200.0,92.08150862958288,-209.98152262958288,-1.4,-1.0,-11.2,0.0,0.0,-29.5,-9.0,-3.5,-6.1,-5.5,-14.9
626,10796747.907532047,14,4.218477370417105,65.78150862958289,548.6177819707212,1,6.435023093445125e-05,0.7995071128725012,0.200492887127495,3.783168248826761e-15,200.0,92.08150862958288,-209.98152262958288,-1.4,-1.0,-11.2,0.0,0.0,-29.5,-9.0,-3.5,-6.1,-5.5,-14.9
627,10796747.907532047,15,4.218477370417105,65.78150862958289,548.6177819707212,1,6.435023093445125e-05,0.7995078713575327,0.20049212864246374,3.594009836385423e-15,200.0,92.08150862958288,-209.98152262958288,-1.4,-1.0,-11.2,0.0,0.0,-29.5,-9.0,-3.5,-6.1,-5.5,-14.9
628,10796747.907532047,16,4.218477370417105,65.78150862958289,548.6177819707212,1,6.435023093445125e-05,0.7995109207860795,0.2004890792139171,3.414309344566152e-15,200.0,92.08150862958288,-209.98152262958288,-1.4,-1.0,-11.2,0.0,0.0,-29.5,-9.0,-3.5,-6.1,-5.5,-14.9
629,10796747.907532047,17,4.218477370417105,65.78150862958289,548.6177819707212,1,6.435023093445125e-05,0.7995161383345295,0.2004838616654673,3.243593877337844e-15,200.0,92.08150862958288,-209.98152262958288,-1.4,-1.0,-11.2,0.0,0.0,-29.5,-9.0,-3.5,-6.1,-5.5,-14.9
630,10796747.907532047,18,4.218477370417105,65.78150862958289,548.6177819707212,1,6.435023093445125e-05,0.7995218593131223,0.2004781406868746,3.081414183470952e-15,200.0,92.08150862958288,-209.98152262958288,-1.4,-1.0,-11.2,0.0,0.0,-29.5,-9.0,-3.5,-6.1,-5.5,-14.9
631,10796747.907532047,19,4.218477370417105,65.78150862958289,548.6177819707212,1,6.435023093445125e-05,0.7995296014164311,0.20047039858356594,2.9273434742974047e-15,200.0,92.08150862958288,-209.98152262958288,-1.4,-1.0,-11.2,0.0,0.0,-29.5,-9.0,-3.5,-6.1,-5.5,-14.9
632,10796747.907532047,20,4.218477370417105,65.78150862958289,548.6177819707212,1,6.435023093445125e-05,0.7995346271615438,0.20046537283845345,2.7809763005825343e-15,200.0,92.08150862958288,-209.98152262958288,-1.4,-1.0,-11.2,0.0,0.0,-29.5,-9.0,-3.5,-6.1,-5.5,-14.9
633,10796747.907532047,21,4.218477370417105,65.78150862958289,548.6177819707212,1,6.435023093445125e-05,0.799535537487145,0.20046446251285233,2.6419274855534076e-15,200.0,92.08150862958288,-209.98152262958288,-1.4,-1.0,-11.2,0.0,0.0,-29.5,-9.0,-3.5,-6.1,-5.5,-14.9
634,10796747.907532047,22,4.218477370417105,65.78150862958289,548.6177819707212,1,6.435023093445125e-05,0.7995340882296783,0.20046591177031925,2.5098311112757374e-15,200.0,92.08150862958288,-209.98152262958288,-1.4,-1.0,-11.2,0.0,0.0,-29.5,-9.0,-3.5,-6.1,-5.5,-14.9
635,10796747.907532047,23,4.218477370417105,65.78150862958289,548.6177819707212,1,6.435023093445125e-05,0.79954116027226,0.2004588397277377,2.3843395557119502e-15,200.0,92.08150862958288,-209.98152262958288,-1.4,-1.0,-11.2,0.0,0.0,-29.5,-9.0,-3.5,-6.1,-5.5,-14.9
636,10796747.907532047,24,4.218477370417105,65.78150862958289,548.6177819707212,1,6.435023093445125e-05,0.7995501632358288,0.20044983676416891,2.2651225779263524e-15,200.0,92.08150862958288,-209.98152262958288,-1.4,-1.0,-11.2,0.0,0.0,-29.5,-9.0,-3.5,-6.1,-5.5,-14.9
637,10796747.907532047,25,4.218477370417105,65.78150862958289,548.6177819707212,1,6.435023093445125e-05,0.7995579328652234,0.2004420671347745,2.1518664490300346e-15,200.0,92.08150862958288,-209.98152262958288,-1.4,-1.0,-11.2,0.0,0.0,-29.5,-9.0,-3.5,-6.1,-5.5,-14.9
638,10796747.907532047,26,4.218477370417105,65.78150862958289,548.6177819707212,1,6.435023093445125e-05,0.7995706422533717,0.2004293577466262,2.044273126578533e-15,200.0,92.08150862958288,-209.98152262958288,-1.4,-1.0,-11.2,0.0,0.0,-29.5,-9.0,-3.5,-6.1,-5.5,-14.9
639,10796747.907532047,27,4.218477370417105,65.78150862958289,548.6177819707212,1,6.435023093445125e-05,0.7995819288006144,0.20041807119938376,1.9420594702496066e-15,200.0,92.08150862958288,-209.98152262958288,-1.4,-1.0,-11.2,0.0,0.0,-29.5,-9.0,-3.5,-6.1,-5.5,-14.9
640,10796747.907532047,28,4.218477370417105,65.78150862958289,548.6177819707212,1,6.435023093445125e-05,0.7995964308242149,0.20040356917578328,1.8449564967371263e-15,200.0,92.08150862958288,-209.98152262958288,-1.4,-1.0,-11.2,0.0,0.0,-29.5,-9.0,-3.5,-6.1,-5.5,-14.9
641,10796747.907532047,29,4.218477370417105,65.78150862958289,548.6177819707212,1,6.435023093445125e-05,0.799603340322779,0.2003966596772192,1.75270867190027e-15,200.0,92.08150862958288,-209.98152262958288,-1.4,-1.0,-11.2,0.0,0.0,-29.5,-9.0,-3.5,-6.1,-5.5,-14.9
642,10796747.907532047,30,4.218477370417105,65.78150862958289,548.6177819707212,1,6.435023093445125e-05,0.7996121616726094,0.20038783832738896,1.6650732383052565e-15,200.0,92.08150862958288,-209.98152262958288,-1.4,-1.0,-11.2,0.0,0.0,-29.5,-9.0,-3.5,-6.1,-5.5,-14.9
643,10796747.907532047,31,4.218477370417105,65.78150862958289,548.6177819707212,1,6.435023093445125e-05,0.7996243057115716,0.20037569428842683,1.5818195763899936e-15,200.0,92.08150862958288,-209.98152262958288,-1.4,-1.0,-11.2,0.0,0.0,-29.5,-9.0,-3.5,-6.1,-5.5,-14.9
644,10796747.907532047,32,4.218477370417105,65.78150862958289,548.6177819707212,1,6.435023093445125e-05,0.7996441235823653,0.2003558764176333,1.5027285975704941e-15,200.0,92.08150862958288,-209.98152262958288,-1.4,-1.0,-11.2,0.0,0.0,-29.5,-9.0,-3.5,-6.1,-5.5,-14.9
645,10796747.907532047,33,4.218477370417105,65.78150862958289,548.6177819707212,1,6.435023093445125e-05,0.7996651701839778,0.2003348298160208,1.4275921676919693e-15,200.0,92.08150862958288,-209.98152262958288,-1.4,-1.0,-11.2,0.0,0.0,-29.5,-9.0,-3.5,-6.1,-5.5,-14.9
646,10796747.907532047,34,4.218477370417105,65.78150862958289,548.6177819707212,1,6.435023093445125e-05,0.79967834534097,0.2003216546590286,1.356212559307371e-15,200.0,92.08150862958288,-209.98152262958288,-1.4,-1.0,-11.2,0.0,0.0,-29.5,-9.0,-3.5,-6.1,-5.5,-14.9
647,10796747.907532047,35,4.218477370417105,65.78150862958289,548.6177819707212,1,6.435023093445125e-05,0.7996945862867494,0.20030541371324928,1.2884019313420023e-15,200.0,92.08150862958288,-209.98152262958288,-1.4,-1.0,-11.2,0.0,0.0,-29.5,-9.0,-3.5,-6.1,-5.5,-14.9
648,10796747.907532047,36,4.218477370417105,65.78150862958289,548.6177819707212,1,6.435023093445125e-05,0.7997092250708622,0.20029077492913655,1.2239818347749022e-15,200.0,92.08150862958288,-209.98152262958288,-1.4,-1.0,-11.2,0.0,0.0,-29.5,-9.0,-3.5,-6.1,-5.5,-14.9
649,10796747.907532047,37,4.218477370417105,65.78150862958289,548.6177819707212,1,6.435023093445125e-05,0.7997223441693918,0.20027765583060705,1.1627827430361572e-15,200.0,92.08150862958288,-209.98152262958288,-1.4,-1.0,-11.2,0.0,0.0,-29.5,-9.0,-3.5,-6.1,-5.5,-14.9
650,10796747.907532047,38,4.218477370417105,65.78150862958289,548.6177819707212,1,6.435023093445125e-05,0.7997355182771841,0.20026448172281477,1.1046436058843494e-15,200.0,92.08150862958288,-209.98152262958288,-1.4,-1.0,-11.2,0.0,0.0,-29.5,-9.0,-3.5,-6.1,-5.5,-14.9
651,10796747.907532047,39,4.218477370417105,65.78150862958289,548.6177819707212,1,6.435023093445125e-05,0.7997442597511417,0.2002557402488573,1.0494114255901322e-15,200.0,92.08150862958288,-209.98152262958288,-1.4,-1.0,-11.2,0.0,0.0,-29.5,-9.0,-3.5,-6.1,-5.5,-14.9
652,10796747.907532047,40,4.218477370417105,65.78150862958289,548.6177819707212,1,6.435023093445125e-05,0.7997562617726119,0.20024373822738703,9.969408543106255e-16,200.0,92.08150862958288,-209.98152262958288,-1.4,-1.0,-11.2,0.0,0.0,-29.5,-9.0,-3.5,-6.1,-5.5,-14.9
653,10796747.907532047,41,4.218477370417105,65.78150862958289,548.6177819707212,1,6.435023093445125e-05,0.799771347870642,0.20022865212935712,9.470938115950944e-16,200.0,92.08150862958288,-209.98152262958288,-1.4,-1.0,-11.2,0.0,0.0,-29.5,-9.0,-3.5,-6.1,-5.5,-14.9
654,10796747.907532047,42,4.218477370417105,65.78150862958289,548.6177819707212,1,6.435023093445125e-05,0.7997819196494632,0.20021808035053593,8.997391210153398e-16,200.0,92.08150862958288,-209.98152262958288,-1.4,-1.0,-11.2,0.0,0.0,-29.5,-9.0,-3.5,-6.1,-5.5,-14.9
655,10796747.907532047,43,4.218477370417105,65.78150862958289,548.6177819707212,1,6.435023093445125e-05,0.7997956358154714,0.2002043641845277,8.547521649645728e-16,200.0,92.08150862958288,-209.98152262958288,-1.4,-1.0,-11.2,0.0,0.0,-29.5,-9.0,-3.5,-6.1,-5.5,-14.9
656,10796747.907532047,44,4.218477370417105,65.78150862958289,548.6177819707212,1,6.435023093445125e-05,0.799806400080614,0.20019359991938518,8.120145567163441e-16,200.0,92.08150862958288,-209.98152262958288,-1.4,-1.0,-11.2,0.0,0.0,-29.5,-9.0,-3.5,-6.1,-5.5,-14.9
657,10796747.907532047,45,4.218477370417105,65.78150862958289,548.6177819707212,1,6.435023093445125e-05,0.7998128857857938,0.20018711421420543,7.714138288805268e-16,200.0,92.08150862958288,-209.98152262958288,-1.4,-1.0,-11.2,0.0,0.0,-29.5,-9.0,-3.5,-6.1,-5.5,-14.9
658,10796747.907532047,46,4.218477370417105,65.78150862958289,548.6177819707212,1,6.435023093445125e-05,0.7998153162887479,0.2001846837112514,7.328431374365006e-16,200.0,92.08150862958288,-209.98152262958288,-1.4,-1.0,-11.2,0.0,0.0,-29.5,-9.0,-3.5,-6.1,-5.5,-14.9
659,10796747.907532047,47,4.218477370417105,65.78150862958289,548.6177819707212,1,6.435023093445125e-05,0.7998094691595931,0.20019053084040633,6.962009805646755e-16,200.0,92.08150862958288,-209.98152262958288,-1.4,-1.0,-11.2,0.0,0.0,-29.5,-9.0,-3.5,-6.1,-5.5,-14.9
660,10796747.907532047,48,4.218477370417105,65.78150862958289,548.6177819707212,1,6.435023093445125e-05,0.7998002065899812,0.20019979341001817,6.613909315364417e-16,200.0,92.08150862958288,-209.98152262958288,-1.4,-1.0,-11.2,0.0,0.0,-29.5,-9.0,-3.5,-6.1,-5.5,-14.9
661,10796747.907532047,49,4.218477370417105,65.78150862958289,548.6177819707212,1,6.435023093445125e-05,0.79978770866743,0.20021229133256935,6.283213849596196e-16,200.0,92.08150862958288,-209.98152262958288,-1.4,-1.0,-11.2,0.0,0.0,-29.5,-9.0,-3.5,-6.1,-5.5,-14.9
662,10796747.907532047,0,4.218477370417105,65.78150862958289,548.6177819707212,1,6.435023093445125e-05,0.7997677220564943,0.2002322779435052,5.969053157116386e-16,200.0,92.08150862958288,-209.98152262958288,-1.4,-1.0,-11.2,0.0,0.0,-29.5,-9.0,-3.5,-6.1,-5.5,-14.9
663,10796747.907532047,1,4.218477370417105,65.78150862958289,548.6177819707212,1,6.435023093445125e-05,0.7997509519106062,0.20024904808939323,5.670600499260567e-16,200.0,92.08150862958288,-209.98152262958288,-1.4,-1.0,-11.2,0.0,0.0,-29.5,-9.0,-3.5,-6.1,-5.5,-14.9
664,10796747.907532047,2,4.218477370417105,65.78150862958289,548.6177819707212,1,6.435023093445125e-05,0.7997328190238205,0.200267180976179,5.38707047429754e-16,200.0,92.08150862958288,-209.98152262958288,-1.4,-1.0,-11.2,0.0,0.0,-29.5,-9.0,-3.5,-6.1,-5.5,-14.9
665,10796747.907532047,3,4.218477370417105,65.78150862958289,548.6177819707212,1,6.435023093445125e-05,0.7997148663747025,0.20028513362529698,5.117716950582663e-16,200.0,92.08150862958288,-209.98152262958288,-1.4,-1.0,-11.2,0.0,0.0,-29.5,-9.0,-3.5,-6.1,-5.5,-14.9
666,10796747.907532047,4,4.218477370417105,65.78150862958289,548.6177819707212,1,6.435023093445125e-05,0.7996985535546276,0.20030144644537198,4.86183110305353e-16,200.0,92.08150862958288,-209.98152262958288,-1.4,-1.0,-11.2,0.0,0.0,-29.5,-9.0,-3.5,-6.1,-5.5,-14.9
667,10796747.907532047,5,4.218477370417105,65.78150862958289,548.6177819707212,1,6.435023093445125e-05,0.7996867234941137,0.20031327650588585,4.618739547900853e-16,200.0,92.08150862958288,-209.98152262958288,-1.4,-1.0,-11.2,0.0,0.0,-29.5,-9.0,-3.5,-6.1,-5.5,-14.9
668,10796747.907532047,6,4.218477370417105,65.78150862958289,548.6177819707212,1,6.435023093445125e-05,0.7996718335124651,0.20032816648753446,4.38780257050581e-16,200.0,92.08150862958288,-209.98152262958288,-1.4,-1.0,-11.2,0.0,0.0,-29.5,-9.0,-3.5,-6.1,-5.5,-14.9
669,10796747.907532047,7,4.218477370417105,65.78150862958289,548.6177819707212,1,6.435023093445125e-05,0.7996584256395184,0.20034157436048117,4.1684124419805195e-16,200.0,92.08150862958288,-209.98152262958288,-1.4,-1.0,-11.2,0.0,0.0,-29.5,-9.0,-3.5,-6.1,-5.5,-14.9
670,10796747.907532047,8,4.218477370417105,65.78150862958289,548.6177819707212,1,6.435023093445125e-05,0.7996420505804044,0.20035794941959525,3.959991819881494e-16,200.0,92.08150862958288,-209.98152262958288,-1.4,-1.0,-11.2,0.0,0.0,-29.5,-9.0,-3.5,-6.1,-5.5,-14.9
671,10796747.907532047,9,4.218477370417105,65.78150862958289,548.6177819707212,1,6.435023093445125e-05,0.7996243222295438,0.20037567777045578,3.761992228887419e-16,200.0,92.08150862958288,-209.98152262958288,-1.4,-1.0,-11.2,0.0,0.0,-29.5,-9.0,-3.5,-6.1,-5.5,-14.9
672,10796747.907532047,10,4.218477370417105,65.78150862958289,548.6177819707212,1,6.435023093445125e-05,0.7996111301725249,0.20038886982747467,3.573892617443048e-16,200.0,92.08150862958288,-209.98152262958288,-1.4,-1.0,-11.2,0.0,0.0,-29.5,-9.0,-3.5,-6.1,-5.5,-14.9
673,10796747.907532047,11,4.218477370417105,65.78150862958289,548.6177819707212,1,6.435023093445125e-05,0.7995964304452907,0.200403569554709,3.3951979865708957e-16,200.0,92.08150862958288,-209.98152262958288,-1.4,-1.0,-11.2,0.0,0.0,-29.5,-9.0,-3.5,-6.1,-5.5,-14.9
674,10796747.907532047,12,4.218477370417105,65.78150862958289,548.6177819707212,1,6.435023093445125e-05,0.799577403685511,0.20042259631448878,3.225438087242351e-16,200.0,92.08150862958288,-209.98152262958288,-1.4,-1.0,-11.2,0.0,0.0,-29.5,-9.0,-3.5,-6.1,-5.5,-14.9
675,10796747.907532047,13,4.218477370417105,65.78150862958289,548.6177819707212,1,6.435023093445125e-05,0.7995615212347471,0.20043847876525264,3.064166182880233e-16,200.0,92.08150862958288,-209.98152262958288,-1.4,-1.0,-11.2,0.0,0.0,-29.5,-9.0,-3.5,-6.1,-5.5,-14.9
676,10796747.907532047,14,4.218477370417105,65.78150862958289,548.6177819707212,1,6.435023093445125e-05,0.7995543974528386,0.2004456025471611,2.910957873736221e-16,200.0,92.08150862958288,-209.98152262958288,-1.4,-1.0,-11.2,0.0,0.0,-29.5,-9.0,-3.5,-6.1,-5.5,-14.9
677,10796747.907532047,15,4.218477370417105,65.78150862958289,548.6177819707212,1,6.435023093445125e-05,0.7995411435084012,0.20045885649159853,2.76540998004941e-16,200.0,92.08150862958288,-209.98152262958288,-1.4,-1.0,-11.2,0.0,0.0,-29.5,-9.0,-3.5,-6.1,-5.5,-14.9
678,10796747.907532047,16,4.218477370417105,65.78150862958289,548.6177819707212,1,6.435023093445125e-05,0.7995220790668595,0.20047792093314032,2.62713948104694e-16,200.0,92.08150862958288,-209.98152262958288,-1.4,-1.0,-11.2,0.0,0.0,-29.5,-9.0,-3.5,-6.1,-5.5,-14.9
679,10796747.907532047,17,4.218477370417105,65.78150862958289,548.6177819707212,1,6.435023093445125e-05,0.7995018316775849,0.20049816832241488,2.495782506994593e-16,200.0,92.08150862958288,-209.98152262958288,-1.4,-1.0,-11.2,0.0,0.0,-29.5,-9.0,-3.5,-6.1,-5.5,-14.9
680,10796747.907532047,18,4.218477370417105,65.78150862958289,548.6177819707212,1,6.435023093445125e-05,0.7994804661641206,0.20051953383587925,2.3709933816448635e-16,200.0,92.08150862958288,-209.98152262958288,-1.4,-1.0,-11.2,0.0,0.0,-29.5,-9.0,-3.5,-6.1,-5.5,-14.9
681,10796747.907532047,19,4.218477370417105,65.78150862958289,548.6177819707212,1,6.435023093445125e-05,0.7994566064640392,0.20054339353596068,2.25244371256262e-16,200.0,92.08150862958288,-209.98152262958288,-1.4,-1.0,-11.2,0.0,0.0,-29.5,-9.0,-3.5,-6.1,-5.5,-14.9
682,10796747.907532047,20,4.218477370417105,65.78150862958289,548.6177819707212,1,6.435023093445125e-05,0.7994375641678719,0.20056243583212788,2.139821526934489e-16,200.0,92.08150862958288,-209.98152262958288,-1.4,-1.0,-11.2,0.0,0.0,-29.5,-9.0,-3.5,-6.1,-5.5,-14.9
683,10796747.907532047,21,4.218477370417105,65.78150862958289,548.6177819707212,1,6.435023093445125e-05,0.7994173553571121,0.20058264464288766,2.0328304505877644e-16,200.0,92.08150862958288,-209.98152262958288,-1.4,-1.0,-11.2,0.0,0.0,-29.5,-9.0,-3.5,-6.1,-5.5,-14.9
684,10796747.907532047,22,4.218477370417105,65.78150862958289,548.6177819707212,1,6.435023093445125e-05,0.799400337206546,0.20059966279345376,1.931188928058376e-16,200.0,92.08150862958288,-209.98152262958288,-1.4,-1.0,-11.2,0.0,0.0,-29.5,-9.0,-3.5,-6.1,-5.5,-14.9
685,10796747.907532047,23,4.218477370417105,65.78150862958289,548.6177819707212,1,6.435023093445125e-05,0.7993806283913687,0.20061937160863108,1.8346294816554571e-16,200.0,92.08150862958288,-209.98152262958288,-1.4,-1.0,-11.2,0.0,0.0,-29.5,-9.0,-3.5,-6.1,-5.5,-14.9
686,10796747.907532047,24,4.218477370417105,65.78150862958289,548.6177819707212,1,6.435023093445125e-05,0.7993583720346821,0.20064162796531773,1.742898007572684e-16,200.0,92.08150862958288,-209.98152262958288,-1.4,-1.0,-11.2,0.0,0.0,-29.5,-9.0,-3.5,-6.1,-5.5,-14.9
687,10796747.907532047,25,4.218477370417105,65.78150862958289,548.6177819707212,1,6.435023093445125e-05,0.7993379823593091,0.20066201764069075,1.6557531071940498e-16,200.0,92.08150862958288,-209.98152262958288,-1.4,-1.0,-11.2,0.0,0.0,-29.5,-9.0,-3.5,-6.1,-5.5,-14.9
688,10796747.907532047,26,4.218477370417105,65.78150862958289,548.6177819707212,1,6.435023093445125e-05,0.7993179401880065,0.20068205981199333,1.5729654518343473e-16,200.0,92.08150862958288,-209.98152262958288,-1.4,-1.0,-11.2,0.0,0.0,-29.5,-9.0,-3.5,-6.1,-5.5,-14.9
689,10796747.907532047,27,4.218477370417105,65.78150862958289,548.6177819707212,1,6.435023093445125e-05,0.799296808150206,0.20070319184979385,1.4943171792426298e-16,200.0,92.08150862958288,-209.98152262958288,-1.4,-1.0,-11.2,0.0,0.0,-29.5,-9.0,-3.5,-6.1,-5.5,-14.9
690,10796747.907532047,28,4.218477370417105,65.78150862958289,548.6177819707212,1,6.435023093445125e-05,0.799270383684552,0.20072961631544786,1.4196013202804986e-16,200.0,92.08150862958288,-209.98152262958288,-1.4,-1.0,-11.2,0.0,0.0,-29.5,-9.0,-3.5,-6.1,-5.5,-14.9
691,10796747.907532047,29,4.218477370417105,65.78150862958289,548.6177819707212,1,6.435023093445125e-05,0.7992488805574163,0.20075111944258356,1.3486212542664736e-16,200.0,92.08150862958288,-209.98152262958288,-1.4,-1.0,-11.2,0.0,0.0,-29.5,-9.0,-3.5,-6.1,-5.5,-14.9
692,10796747.907532047,30,4.218477370417105,65.78150862958289,548.6177819707212,1,6.435023093445125e-05,0.7992277920339624,0.2007722079660375,1.28119019155315e-16,200.0,92.08150862958288,-209.98152262958288,-1.4,-1.0,-11.2,0.0,0.0,-29.5,-9.0,-3.5,-6.1,-5.5,-14.9
693,10796747.907532047,31,4.218477370417105,65.78150862958289,548.6177819707212,1,6.435023093445125e-05,0.7992042694469152,0.2007957305530847,1.2171306819754924e-16,200.0,92.08150862958288,-209.98152262958288,-1.4,-1.0,-11.2,0.0,0.0,-29.5,-9.0,-3.5,-6.1,-5.5,-14.9
694,10796747.907532047,32,4.218477370417105,65.78150862958289,548.6177819707212,1,6.435023093445125e-05,0.7991812699947972,0.2008187300052027,1.1562741478767177e-16,200.0,92.08150862958288,-209.98152262958288,-1.4,-1.0,-11.2,0.0,0.0,-29.5,-9.0,-3.5,-6.1,-5.5,-14.9
695,10796747.907532047,33,4.218477370417105,65.78150862958289,548.6177819707212,1,6.435023093445125e-05,0.7991545339856275,0.20084546601437234,1.0984604404828818e-16,200.0,92.08150862958288,-209.98152262958288,-1.4,-1.0,-11.2,0.0,0.0,-29.5,-9.0,-3.5,-6.1,-5.5,-14.9
696,10796747.907532047,34,4.218477370417105,65.78150862958289,548.6177819707212,1,6.435023093445125e-05,0.7991341301070407,0.20086586989295918,1.0435374184587378e-16,200.0,92.08150862958288,-209.98152262958288,-1.4,-1.0,-11.2,0.0,0.0,-29.5,-9.0,-3.5,-6.1,-5.5,-14.9
697,10796747.907532047,35,4.218477370417105,65.78150862958289,548.6177819707212,1,6.435023093445125e-05,0.7991253456394323,0.2008746543605676,9.913605475358008e-17,200.0,92.08150862958288,-209.98152262958288,-1.4,-1.0,-11.2,0.0,0.0,-29.5,-9.0,-3.5,-6.1,-5.5,-14.9
698,10796747.907532047,36,4.218477370417105,65.78150862958289,548.6177819707212,1,6.435023093445125e-05,0.7991149344346746,0.2008850655653253,9.417925201590109e-17,200.0,92.08150862958288,-209.98152262958288,-1.4,-1.0,-11.2,0.0,0.0,-29.5,-9.0,-3.5,-6.1,-5.5,-14.9
699,10796747.907532047,37,4.218477370417105,65.78150862958289,548.6177819707212,1,6.435023093445125e-05,0.7991015813174553,0.20089841868254454,8.947028941510603e-17,200.0,92.08150862958288,-209.98152262958288,-1.4,-1.0,-11.2,0.0,0.0,-29.5,-9.0,-3.5,-6.1,-5.5,-14.9
700,10796747.907532047,38,4.218477370417105,65.78150862958289,548.6177819707212,1,6.435023093445125e-05,0.7990994341127535,0.20090056588724634,8.499677494435072e-17,200.0,92.08150862958288,-209.98152262958288,-1.4,-1.0,-11.2,0.0,0.0,-29.5,-9.0,-3.5,-6.1,-5.5,-14.9
701,10796747.907532047,39,4.218477370417105,65.78150862958289,548.6177819707212,1,6.435023093445125e-05,0.7990967276134298,0.20090327238657013,8.074693619713318e-17,200.0,92.08150862958288,-209.98152262958288,-1.4,-1.0,-11.2,0.0,0.0,-29.5,-9.0,-3.5,-6.1,-5.5,-14.9
702,10796747.907532047,40,4.218477370417105,65.78150862958289,548.6177819707212,1,6.435023093445125e-05,0.7990879130873245,0.20091208691267542,7.670958938727653e-17,200.0,92.08150862958288,-209.98152262958288,-1.4,-1.0,-11.2,0.0,0.0,-29.5,-9.0,-3.5,-6.1,-5.5,-14.9
703,10796747.907532047,41,4.218477370417105,65.78150862958289,548.6177819707212,1,6.435023093445125e-05,0.7990747024990794,0.20092529750092053,7.287410991791271e-17,200.0,92.08150862958288,-209.98152262958288,-1.4,-1.0,-11.2,0.0,0.0,-29.5,-9.0,-3.5,-6.1,-5.5,-14.9
704,10796747.907532047,42,4.218477370417105,65.78150862958289,548.6177819707212,1,6.435023093445125e-05,0.7990642884525568,0.20093571154744316,6.923040442201709e-17,200.0,92.08150862958288,-209.98152262958288,-1.4,-1.0,-11.2,0.0,0.0,-29.5,-9.0,-3.5,-6.1,-5.5,-14.9
705,10796747.907532047,43,4.218477370417105,65.78150862958289,548.6177819707212,1,6.435023093445125e-05,0.7990551348637721,0.20094486513622778,6.576888420091623e-17,200.0,92.08150862958288,-209.98152262958288,-1.4,-1.0,-11.2,0.0,0.0,-29.5,-9.0,-3.5,-6.1,-5.5,-14.9
706,10796747.907532047,44,4.218477370417105,65.78150862958289,548.6177819707212,1,6.435023093445125e-05,0.7990485638525303,0.20095143614746966,6.248043999087043e-17,200.0,92.08150862958288,-209.98152262958288,-1.4,-1.0,-11.2,0.0,0.0,-29.5,-9.0,-3.5,-6.1,-5.5,-14.9
707,10796747.907532047,45,4.218477370417105,65.78150862958289,548.6177819707212,1,6.435023093445125e-05,0.7990444395632494,0.20095556043675045,5.93564179913269e-17,200.0,92.08150862958288,-209.98152262958288,-1.4,-1.0,-11.2,0.0,0.0,-29.5,-9.0,-3.5,-6.1,-5.5,-14.9
708,10796747.907532047,46,4.218477370417105,65.78150862958289,548.6177819707212,1,6.435023093445125e-05,0.7990357175415697,0.2009642824584303,5.638859709176056e-17,200.0,92.08150862958288,-209.98152262958288,-1.4,-1.0,-11.2,0.0,0.0,-29.5,-9.0,-3.5,-6.1,-5.5,-14.9
709,10796747.907532047,47,4.218477370417105,65.78150862958289,548.6177819707212,1,6.435023093445125e-05,0.7990254029941352,0.20097459700586487,5.3569167237172534e-17,200.0,92.08150862958288,-209.98152262958288,-1.4,-1.0,-11.2,0.0,0.0,-29.5,-9.0,-3.5,-6.1,-5.5,-14.9
710,10796747.907532047,48,4.218477370417105,65.78150862958289,548.6177819707212,1,6.435023093445125e-05,0.7990108188068017,0.20098918119319825,5.08907088753139e-17,200.0,92.08150862958288,-209.98152262958288,-1.4,-1.0,-11.2,0.0,0.0,-29.5,-9.0,-3.5,-6.1,-5.5,-14.9
711,10796747.907532047,49,4.218477370417105,65.78150862958289,548.6177819707212,1,6.435023093445125e-05,0.7989935687989431,0.2010064312010569,4.834617343154821e-17,200.0,92.08150862958288,-209.98152262958288,-1.4,-1.0,-11.2,0.0,0.0,-29.5,-9.0,-3.5,-6.1,-5.5,-14.9
712,10796747.907532047,0,4.218477370417105,65.78150862958289,548.6177819707212,1,6.435023093445125e-05,0.7989751727508306,0.2010248272491693,4.59288647599708e-17,200.0,92.08150862958288,-209.98152262958288,-1.4,-1.0,-11.2,0.0,0.0,-29.5,-9.0,-3.5,-6.1,-5.5,-14.9
713,10796747.907532047,1,4.218477370417105,65.78150862958289,548.6177819707212,1,6.435023093445125e-05,0.7989556930613405,0.20104430693865946,4.3632421521972254e-17,200.0,92.08150862958288,-209.98152262958288,-1.4,-1.0,-11.2,0.0,0.0,-29.5,-9.0,-3.5,-6.1,-5.5,-14.9
714,10796747.907532047,2,4.218477370417105,65.78150862958289,548.6177819707212,1,6.435023093445125e-05,0.798933813532269,0.20106618646773097,4.145080044587364e-17,200.0,92.08150862958288,-209.98152262958288,-1.4,-1.0,-11.2,0.0,0.0,-29.5,-9.0,-3.5,-6.1,-5.5,-14.9
715,10796747.907532047,3,4.218477370417105,65.78150862958289,548.6177819707212,1,6.435023093445125e-05,0.7989220198117649,0.2010779801882351,3.9378260423579964e-17,200.0,92.08150862958288,-209.98152262958288,-1.4,-1.0,-11.2,0.0,0.0,-29.5,-9.0,-3.5,-6.1,-5.5,-14.9
716,10796747.907532047,4,4.218477370417105,65.78150862958289,548.6177819707212,1,6.435023093445125e-05,0.7989101869440867,0.20108981305591336,3.7409347402400965e-17,200.0,92.08150862958288,-209.98152262958288,-1.4,-1.0,-11.2,0.0,0.0,-29.5,-9.0,-3.5,-6.1,-5.5,-14.9
717,10796747.907532047,5,4.218477370417105,65.78150862958289,548.6177819707212,1,6.435023093445125e-05,0.7988983185990035,0.20110168140099652,3.553888003228092e-17,200.0,92.08150862958288,-209.98152262958288,-1.4,-1.0,-11.2,0.0,0.0,-29.5,-9.0,-3.5,-6.1,-5.5,-14.9
718,10796747.907532047,6,4.218477370417105,65.78150862958289,548.6177819707212,1,6.435023093445125e-05,0.7988836848330262,0.20111631516697376,3.376193603066687e-17,200.0,92.08150862958288,-209.98152262958288,-1.4,-1.0,-11.2,0.0,0.0,-29.5,-9.0,-3.5,-6.1,-5.5,-14.9
719,10796747.907532047,7,4.218477370417105,65.78150862958289,548.6177819707212,1,6.435023093445125e-05,0.7988691626260292,0.20113083737397078,3.207383922913353e-17,200.0,92.08150862958288,-209.98152262958288,-1.4,-1.0,-11.2,0.0,0.0,-29.5,-9.0,-3.5,-6.1,-5.5,-14.9
720,10796747.907532047,8,4.218477370417105,65.78150862958289,548.6177819707212,1,6.435023093445125e-05,0.798850656652621,0.201149343347379,3.0470147267676855e-17,200.0,92.08150862958288,-209.98152262958288,-1.4,-1.0,-11.2,0.0,0.0,-29.5,-9.0,-3.5,-6.1,-5.5,-14.9
721,10796747.907532047,9,4.218477370417105,65.78150862958289,548.6177819707212,1,6.435023093445125e-05,0.7988338268603186,0.20116617313968146,2.894663990429301e-17,200.0,92.08150862958288,-209.98152262958288,-1.4,-1.0,-11.2,0.0,0.0,-29.5,-9.0,-3.5,-6.1,-5.5,-14.9
722,10796747.907532047,10,4.218477370417105,65.78150862958289,548.6177819707212,1,6.435023093445125e-05,0.7988131446628624,0.20118685533713768,2.749930790907836e-17,200.0,92.08150862958288,-209.98152262958288,-1.4,-1.0,-11.2,0.0,0.0,-29.5,-9.0,-3.5,-6.1,-5.5,-14.9
723,10796747.907532047,11,4.218477370417105,65.78150862958289,548.6177819707212,1,6.435023093445125e-05,0.7987969690407782,0.20120303095922182,2.612434251362444e-17,200.0,92.08150862958288,-209.98152262958288,-1.4,-1.0,-11.2,0.0,0.0,-29.5,-9.0,-3.5,-6.1,-5.5,-14.9
724,10796747.907532047,12,4.218477370417105,65.78150862958289,548.6177819707212,1,6.435023093445125e-05,0.7987837070732685,0.20121629292673152,2.4818125387943215e-17,200.0,92.08150862958288,-209.98152262958288,-1.4,-1.0,-11.2,0.0,0.0,-29.5,-9.0,-3.5,-6.1,-5.5,-14.9
725,10796747.907532047,13,4.218477370417105,65.78150862958289,548.6177819707212,1,6.435023093445125e-05,0.7987704980660698,0.2012295019339302,2.3577219118546054e-17,200.0,92.08150862958288,-209.98152262958288,-1.4,-1.0,-11.2,0.0,0.0,-29.5,-9.0,-3.5,-6.1,-5.5,-14.9
726,10796747.907532047,14,4.218477370417105,65.78150862958289,548.6177819707212,1,6.435023093445125e-05,0.7987519278273552,0.2012480721726449,2.2398358162618753e-17,200.0,92.08150862958288,-209.98152262958288,-1.4,-1.0,-11.2,0.0,0.0,-29.5,-9.0,-3.5,-6.1,-5.5,-14.9
727,10796747.907532047,15,4.218477370417105,65.78150862958289,548.6177819707212,1,6.435023093445125e-05,0.7987377412887475,0.20126225871125242,2.1278440254487814e-17,200.0,92.08150862958288,-209.98152262958288,-1.4,-1.0,-11.2,0.0,0.0,-29.5,-9.0,-3.5,-6.1,-5.5,-14.9
728,10796747.907532047,16,4.218477370417105,65.78150862958289,548.6177819707212,1,6.435023093445125e-05,0.7987196108474116,0.20128038915258842,2.0214518241763425e-17,200.0,92.08150862958288,-209.98152262958288,-1.4,-1.0,-11.2,0.0,0.0,-29.5,-9.0,-3.5,-6.1,-5.5,-14.9
729,10796747.907532047,17,4.218477370417105,65.78150862958289,548.6177819707212,1,6.435023093445125e-05,0.7986990926512079,0.2013009073487921,1.9203792329675252e-17,200.0,92.08150862958288,-209.98152262958288,-1.4,-1.0,-11.2,0.0,0.0,-29.5,-9.0,-3.5,-6.1,-5.5,-14.9
730,10796747.907532047,18,4.218477370417105,65.78150862958289,548.6177819707212,1,6.435023093445125e-05,0.7986749655951313,0.20132503440486865,1.824360271319149e-17,200.0,92.08150862958288,-209.98152262958288,-1.4,-1.0,-11.2,0.0,0.0,-29.5,-9.0,-3.5,-6.1,-5.5,-14.9
731,10796747.907532047,19,4.218477370417105,65.78150862958289,548.6177819707212,1,6.435023093445125e-05,0.7986474197828414,0.2013525802171586,1.7331422577531917e-17,200.0,92.08150862958288,-209.98152262958288,-1.4,-1.0,-11.2,0.0,0.0,-29.5,-9.0,-3.5,-6.1,-5.5,-14.9
732,10796747.907532047,20,4.218477370417105,65.78150862958289,548.6177819707212,1,6.435023093445125e-05,0.7986233637290838,0.20137663627091615,1.6464851448655325e-17,200.0,92.08150862958288,-209.98152262958288,-1.4,-1.0,-11.2,0.0,0.0,-29.5,-9.0,-3.5,-6.1,-5.5,-14.9
733,10796747.907532047,21,4.218477370417105,65.78150862958289,548.6177819707212,1,6.435023093445125e-05,0.798595899870667,0.2014041001293329,1.5641608876222558e-17,200.0,92.08150862958288,-209.98152262958288,-1.4,-1.0,-11.2,0.0,0.0,-29.5,-9.0,-3.5,-6.1,-5.5,-14.9
734,10796747.907532047,22,4.218477370417105,65.78150862958289,548.6177819707212,1,6.435023093445125e-05,0.798569236102408,0.20143076389759204,1.4859528432411432e-17,200.0,92.08150862958288,-209.98152262958288,-1.4,-1.0,-11.2,0.0,0.0,-29.5,-9.0,-3.5,-6.1,-5.5,-14.9
735,10796747.907532047,23,4.218477370417105,65.78150862958289,548.6177819707212,1,6.435023093445125e-05,0.7985433339453535,0.20145666605464654,1.411655201079086e-17,200.0,92.08150862958288,-209.98152262958288,-1.4,-1.0,-11.2,0.0,0.0,-29.5,-9.0,-3.5,-6.1,-5.5,-14.9
736,10796747.907532047,24,4.218477370417105,65.78150862958289,548.6177819707212,1,6.435023093445125e-05,0.7985221720317709,0.20147782796822908,1.3410724410251315e-17,200.0,92.08150862958288,-209.98152262958288,-1.4,-1.0,-11.2,0.0,0.0,-29.5,-9.0,-3.5,-6.1,-5.5,-14.9
737,10796747.907532047,25,4.218477370417105,65.78150862958289,548.6177819707212,1,6.435023093445125e-05,0.7985095075178551,0.20149049248214487,1.274018818973875e-17,200.0,92.08150862958288,-209.98152262958288,-1.4,-1.0,-11.2,0.0,0.0,-29.5,-9.0,-3.5,-6.1,-5.5,-14.9
738,10796747.907532047,26,4.218477370417105,65.78150862958289,548.6177819707212,1,6.435023093445125e-05,0.7985102108452147,0.20148978915478533,1.2103178780251812e-17,200.0,92.08150862958288,-209.98152262958288,-1.4,-1.0,-11.2,0.0,0.0,-29.5,-9.0,-3.5,-6.1,-5.5,-14.9
739,10796747.907532047,27,4.218477370417105,65.78150862958289,548.6177819707212,1,6.435023093445125e-05,0.7985129379531543,0.2014870620468458,1.1498019841239223e-17,200.0,92.08150862958288,-209.98152262958288,-1.4,-1.0,-11.2,0.0,0.0,-29.5,-9.0,-3.5,-6.1,-5.5,-14.9
740,10796747.907532047,28,4.218477370417105,65.78150862958289,548.6177819707212,1,6.435023093445125e-05,0.798508293223247,0.20149170677675296,1.0923118849177261e-17,200.0,92.08150862958288,-209.98152262958288,-1.4,-1.0,-11.2,0.0,0.0,-29.5,-9.0,-3.5,-6.1,-5.5,-14.9
741,10796747.907532047,29,4.218477370417105,65.78150862958289,548.6177819707212,1,6.435023093445125e-05,0.7985099182602565,0.2014900817397435,1.0376962906718399e-17,200.0,92.08150862958288,-209.98152262958288,-1.4,-1.0,-11.2,0.0,0.0,-29.5,-9.0,-3.5,-6.1,-5.5,-14.9
742,10796747.907532047,30,4.218477370417105,65.78150862958289,548.6177819707212,1,6.435023093445125e-05,0.7985121884284669,0.201487811571533,9.858114761382479e-18,200.0,92.08150862958288,-209.98152262958288,-1.4,-1.0,-11.2,0.0,0.0,-29.5,-9.0,-3.5,-6.1,-5.5,-14.9
743,10796747.907532047,31,4.218477370417105,65.78150862958289,548.6177819707212,1,6.435023093445125e-05,0.7985150694217162,0.2014849305782838,9.365209023313356e-18,200.0,92.08150862958288,-209.98152262958288,-1.4,-1.0,-11.2,0.0,0.0,-29.5,-9.0,-3.5,-6.1,-5.5,-14.9
744,10796747.907532047,32,4.218477370417105,65.78150862958289,548.6177819707212,1,6.435023093445125e-05,0.7985172095315015,0.2014827904684985,8.896948572147688e-18,200.0,92.08150862958288,-209.98152262958288,-1.4,-1.0,-11.2,0.0,0.0,-29.5,-9.0,-3.5,-6.1,-5.5,-14.9
745,10796747.907532047,33,4.218477370417105,65.78150862958289,548.6177819707212,1,6.435023093445125e-05,0.7985146934737654,0.20148530652623467,8.452101143540302e-18,200.0,92.08150862958288,-209.98152262958288,-1.4,-1.0,-11.2,0.0,0.0,-29.5,-9.0,-3.5,-6.1,-5.5,-14.9
746,10796747.907532047,34,4.218477370417105,65.78150862958289,548.6177819707212,1,6.435023093445125e-05,0.7985222398047866,0.20147776019521335,8.029496086363286e-18,200.0,92.08150862958288,-209.98152262958288,-1.4,-1.0,-11.2,0.0,0.0,-29.5,-9.0,-3.5,-6.1,-5.5,-14.9
747,10796747.907532047,35,4.218477370417105,65.78150862958289,548.6177819707212,1,6.435023093445125e-05,0.7985261818730626,0.20147381812693743,7.628021282045122e-18,200.0,92.08150862958288,-209.98152262958288,-1.4,-1.0,-11.2,0.0,0.0,-29.5,-9.0,-3.5,-6.1,-5.5,-14.9
748,10796747.907532047,36,4.218477370417105,65.78150862958289,548.6177819707212,1,6.435023093445125e-05,0.7985332656242903,0.2014667343757097,7.246620217942866e-18,200.0,92.08150862958288,-209.98152262958288,-1.4,-1.0,-11.2,0.0,0.0,-29.5,-9.0,-3.5,-6.1,-5.5,-14.9
749,10796747.907532047,37,4.218477370417105,65.78150862958289,548.6177819707212,1,6.435023093445125e-05,0.798539396198514,0.201460603801486,6.8842892070457224e-18,200.0,92.08150862958288,-209.98152262958288,-1.4,-1.0,-11.2,0.0,0.0,-29.5,-9.0,-3.5,-6.1,-5.5,-14.9
750,10796747.907532047,38,4.218477370417105,65.78150862958289,548.6177819707212,1,6.435023093445125e-05,0.7985406983386047,0.20145930166139525,6.540074746693436e-18,200.0,92.08150862958288,-209.98152262958288,-1.4,-1.0,-11.2,0.0,0.0,-29.5,-9.0,-3.5,-6.1,-5.5,-14.9
751,10796747.907532047,39,4.218477370417105,65.78150862958289,548.6177819707212,1,6.435023093445125e-05,0.7985452639688702,0.2014547360311299,6.213071009358765e-18,200.0,92.08150862958288,-209.98152262958288,-1.4,-1.0,-11.2,0.0,0.0,-29.5,-9.0,-3.5,-6.1,-5.5,-14.9
752,10796747.907532047,40,4.218477370417105,65.78150862958289,548.6177819707212,1,6.435023093445125e-05,0.7985477023608513,0.20145229763914874,5.902417458890827e-18,200.0,92.08150862958288,-209.98152262958288,-1.4,-1.0,-11.2,0.0,0.0,-29.5,-9.0,-3.5,-6.1,-5.5,-14.9
753,10796747.907532047,41,4.218477370417105,65.78150862958289,548.6177819707212,1,6.435023093445125e-05,0.7985559401457794,0.20144405985422068,5.607296585946286e-18,200.0,92.08150862958288,-209.98152262958288,-1.4,-1.0,-11.2,0.0,0.0,-29.5,-9.0,-3.5,-6.1,-5.5,-14.9
754,10796747.907532047,42,4.218477370417105,65.78150862958289,548.6177819707212,1,6.435023093445125e-05,0.7985579653092337,0.20144203469076627,5.326931756648971e-18,200.0,92.08150862958288,-209.98152262958288,-1.4,-1.0,-11.2,0.0,0.0,-29.5,-9.0,-3.5,-6.1,-5.5,-14.9
755,10796747.907532047,43,4.218477370417105,65.78150862958289,548.6177819707212,1,6.435023093445125e-05,0.7985579997537471,0.20144200024625286,5.060585168816522e-18,200.0,92.08150862958288,-209.98152262958288,-1.4,-1.0,-11.2,0.0,0.0,-29.5,-9.0,-3.5,-6.1,-5.5,-14.9
756,10796747.907532047,44,4.218477370417105,65.78150862958289,548.6177819707212,1,6.435023093445125e-05,0.7985548489299393,0.20144515107006064,4.8075559103756964e-18,200.0,92.08150862958288,-209.98152262958288,-1.4,-1.0,-11.2,0.0,0.0,-29.5,-9.0,-3.5,-6.1,-5.5,-14.9
757,10796747.907532047,45,4.218477370417105,65.78150862958289,548.6177819707212,1,6.435023093445125e-05,0.7985499765847432,0.2014500234152567,4.567178114856911e-18,200.0,92.08150862958288,-209.98152262958288,-1.4,-1.0,-11.2,0.0,0.0,-29.5,-9.0,-3.5,-6.1,-5.5,-14.9
758,10796747.907532047,46,4.218477370417105,65.78150862958289,548.6177819707212,1,6.435023093445125e-05,0.7985460647591945,0.20145393524080543,4.3388192091140656e-18,200.0,92.08150862958288,-209.98152262958288,-1.4,-1.0,-11.2,0.0,0.0,-29.5,-9.0,-3.5,-6.1,-5.5,-14.9
759,10796747.907532047,47,4.218477370417105,65.78150862958289,548.6177819707212,1,6.435023093445125e-05,0.7985443569608243,0.2014556430391757,4.121878248658363e-18,200.0,92.08150862958288,-209.98152262958288,-1.4,-1.0,-11.2,0.0,0.0,-29.5,-9.0,-3.5,-6.1,-5.5,-14.9
760,10796747.907532047,48,4.218477370417105,65.78150862958289,548.6177819707212,1,6.435023093445125e-05,0.79854473706849,0.20145526293150995,3.915784336225445e-18,200.0,92.08150862958288,-209.98152262958288,-1.4,-1.0,-11.2,0.0,0.0,-29.5,-9.0,-3.5,-6.1,-5.5,-14.9
761,10796747.907532047,49,4.218477370417105,65.78150862958289,548.6177819707212,1,6.435023093445125e-05,0.7985406457118509,0.20145935428814912,3.7199951194141735e-18,200.0,92.08150862958288,-209.98152262958288,-1.4,-1.0,-11.2,0.0,0.0,-29.5,-9.0,-3.5,-6.1,-5.5,-14.9
762,10796747.907532047,0,4.218477370417105,65.78150862958289,548.6177819707212,1,6.435023093445125e-05,0.7985245736249946,0.20147542637500537,3.533995363443465e-18,200.0,92.08150862958288,-209.98152262958288,-1.4,-1.0,-11.2,0.0,0.0,-29.5,-9.0,-3.5,-6.1,-5.5,-14.9
763,10796747.907532047,1,4.218477370417105,65.78150862958289,548.6177819707212,1,6.435023093445125e-05,0.7984997131063053,0.2015002868936947,3.3572955952712913e-18,200.0,92.08150862958288,-209.98152262958288,-1.4,-1.0,-11.2,0.0,0.0,-29.5,-9.0,-3.5,-6.1,-5.5,-14.9
764,10796747.907532047,2,4.218477370417105,65.78150862958289,548.6177819707212,1,6.435023093445125e-05,0.7984703880648939,0.20152961193510616,3.189430815507727e-18,200.0,92.08150862958288,-209.98152262958288,-1.4,-1.0,-11.2,0.0,0.0,-29.5,-9.0,-3.5,-6.1,-5.5,-14.9
765,10796747.907532047,3,4.218477370417105,65.78150862958289,548.6177819707212,1,6.435023093445125e-05,0.7984471432094526,0.20155285679054719,3.0299592747323397e-18,200.0,92.08150862958288,-209.98152262958288,-1.4,-1.0,-11.2,0.0,0.0,-29.5,-9.0,-3.5,-6.1,-5.5,-14.9
766,10796747.907532047,4,4.218477370417105,65.78150862958289,548.6177819707212,1,6.435023093445125e-05,0.7984219427337956,0.20157805726620437,2.878461310995723e-18,200.0,92.08150862958288,-209.98152262958288,-1.4,-1.0,-11.2,0.0,0.0,-29.5,-9.0,-3.5,-6.1,-5.5,-14.9
767,10796747.907532047,5,4.218477370417105,65.78150862958289,548.6177819707212,1,6.435023093445125e-05,0.7983910329837671,0.20160896701623285,2.7345382454459366e-18,200.0,92.08150862958288,-209.98152262958288,-1.4,-1.0,-11.2,0.0,0.0,-29.5,-9.0,-3.5,-6.1,-5.5,-14.9
768,10796747.907532047,6,4.218477370417105,65.78150862958289,548.6177819707212,1,6.435023093445125e-05,0.7983611378948149,0.20163886210518508,2.5978113331736397e-18,200.0,92.08150862958288,-209.98152262958288,-1.4,-1.0,-11.2,0.0,0.0,-29.5,-9.0,-3.5,-6.1,-5.5,-14.9
769,10796747.907532047,7,4.218477370417105,65.78150862958289,548.6177819707212,1,6.435023093445125e-05,0.7983283572216947,0.20167164277830524,2.4679207665149576e-18,200.0,92.08150862958288,-209.98152262958288,-1.4,-1.0,-11.2,0.0,0.0,-29.5,-9.0,-3.5,-6.1,-5.5,-14.9
770,10796747.907532047,8,4.218477370417105,65.78150862958289,548.6177819707212,1,6.435023093445125e-05,0.7982954096826897,0.20170459031731025,2.34452472818921e-18,200.0,92.08150862958288,-209.98152262958288,-1.4,-1.0,-11.2,0.0,0.0,-29.5,-9.0,-3.5,-6.1,-5.5,-14.9
771,10796747.907532047,9,4.218477370417105,65.78150862958289,548.6177819707212,1,6.435023093445125e-05,0.7982623078708376,0.20173769212916234,2.2272984917797493e-18,200.0,92.08150862958288,-209.98152262958288,-1.4,-1.0,-11.2,0.0,0.0,-29.5,-9.0,-3.5,-6.1,-5.5,-14.9
772,10796747.907532047,10,4.218477370417105,65.78150862958289,548.6177819707212,1,6.435023093445125e-05,0.7982316231775041,0.20176837682249596,2.115933567190762e-18,200.0,92.08150862958288,-209.98152262958288,-1.4,-1.0,-11.2,0.0,0.0,-29.5,-9.0,-3.5,-6.1,-5.5,-14.9
773,10796747.907532047,11,4.218477370417105,65.78150862958289,548.6177819707212,1,6.435023093445125e-05,0.7982019548835254,0.2017980451164746,2.010136888831224e-18,200.0,92.08150862958288,-209.98152262958288,-1.4,-1.0,-11.2,0.0,0.0,-29.5,-9.0,-3.5,-6.1,-5.5,-14.9
774,10796747.907532047,12,4.218477370417105,65.78150862958289,548.6177819707212,1,6.435023093445125e-05,0.798171977019469,0.20182802298053099,1.9096300443896625e-18,200.0,92.08150862958288,-209.98152262958288,-1.4,-1.0,-11.2,0.0,0.0,-29.5,-9.0,-3.5,-6.1,-5.5,-14.9
775,10796747.907532047,13,4.218477370417105,65.78150862958289,548.6177819707212,1,6.435023093445125e-05,0.7981455339463206,0.20185446605367938,1.81414854217018e-18,200.0,92.08150862958288,-209.98152262958288,-1.4,-1.0,-11.2,0.0,0.0,-29.5,-9.0,-3.5,-6.1,-5.5,-14.9
776,10796747.907532047,14,4.218477370417105,65.78150862958289,548.6177819707212,1,6.435023093445125e-05,0.7981211704068294,0.20187882959317055,1.7234411150616707e-18,200.0,92.08150862958288,-209.98152262958288,-1.4,-1.0,-11.2,0.0,0.0,-29.5,-9.0,-3.5,-6.1,-5.5,-14.9
777,10796747.907532047,15,4.218477370417105,65.78150862958289,548.6177819707212,1,6.435023093445125e-05,0.7980987803748415,0.20190121962515845,1.637269059308587e-18,200.0,92.08150862958288,-209.98152262958288,-1.4,-1.0,-11.2,0.0,0.0,-29.5,-9.0,-3.5,-6.1,-5.5,-14.9
778,10796747.907532047,16,4.218477370417105,65.78150862958289,548.6177819707212,1,6.435023093445125e-05,0.7980757243387695,0.20192427566123056,1.5554056063431578e-18,200.0,92.08150862958288,-209.98152262958288,-1.4,-1.0,-11.2,0.0,0.0,-29.5,-9.0,-3.5,-6.1,-5.5,-14.9
779,10796747.907532047,17,4.218477370417105,65.78150862958289,548.6177819707212,1,6.435023093445125e-05,0.798054575926483,0.20194542407351684,1.4776353260259995e-18,200.0,92.08150862958288,-209.98152262958288,-1.4,-1.0,-11.2,0.0,0.0,-29.5,-9.0,-3.5,-6.1,-5.5,-14.9
780,10796747.907532047,18,4.218477370417105,65.78150862958289,548.6177819707212,1,6.435023093445125e-05,0.7980352377221251,0.20196476227787485,1.4037535597246997e-18,200.0,92.08150862958288,-209.98152262958288,-1.4,-1.0,-11.2,0.0,0.0,-29.5,-9.0,-3.5,-6.1,-5.5,-14.9
781,10796747.907532047,19,4.218477370417105,65.78150862958289,548.6177819707212,1,6.435023093445125e-05,0.798016352774323,0.2019836472256769,1.3335658817384648e-18,200.0,92.08150862958288,-209.98152262958288,-1.4,-1.0,-11.2,0.0,0.0,-29.5,-9.0,-3.5,-6.1,-5.5,-14.9
782,10796747.907532047,20,4.218477370417105,65.78150862958289,548.6177819707212,1,6.435023093445125e-05,0.7980042117708747,0.2019957882291253,1.2668875876515417e-18,200.0,92.08150862958288,-209.98152262958288,-1.4,-1.0,-11.2,0.0,0.0,-29.5,-9.0,-3.5,-6.1,-5.5,-14.9
783,10796747.907532047,21,4.218477370417105,65.78150862958289,548.6177819707212,1,6.435023093445125e-05,0.7979971984254519,0.20200280157454809,1.2035432082689645e-18,200.0,92.08150862958288,-209.98152262958288,-1.4,-1.0,-11.2,0.0,0.0,-29.5,-9.0,-3.5,-6.1,-5.5,-14.9
784,10796747.907532047,22,4.218477370417105,65.78150862958289,548.6177819707212,1,6.435023093445125e-05,0.7979862376132697,0.20201376238673024,1.1433660478555162e-18,200.0,92.08150862958288,-209.98152262958288,-1.4,-1.0,-11.2,0.0,0.0,-29.5,-9.0,-3.5,-6.1,-5.5,-14.9
785,10796747.907532047,23,4.218477370417105,65.78150862958289,548.6177819707212,1,6.435023093445125e-05,0.7979715350583781,0.20202846494162185,1.0861977454627405e-18,200.0,92.08150862958288,-209.98152262958288,-1.4,-1.0,-11.2,0.0,0.0,-29.5,-9.0,-3.5,-6.1,-5.5,-14.9
786,10796747.907532047,24,4.218477370417105,65.78150862958289,548.6177819707212,1,6.435023093445125e-05,0.7979595677306411,0.2020404322693589,1.0318878581896037e-18,200.0,92.08150862958288,-209.98152262958288,-1.4,-1.0,-11.2,0.0,0.0,-29.5,-9.0,-3.5,-6.1,-5.5,-14.9
787,10796747.907532047,25,4.218477370417105,65.78150862958289,548.6177819707212,1,6.435023093445125e-05,0.7979476851807155,0.20205231481928448,9.802934652801234e-19,200.0,92.08150862958288,-209.98152262958288,-1.4,-1.0,-11.2,0.0,0.0,-29.5,-9.0,-3.5,-6.1,-5.5,-14.9
788,10796747.907532047,26,4.218477370417105,65.78150862958289,548.6177819707212,1,6.435023093445125e-05,0.797937137039982,0.2020628629600179,9.312787920161173e-19,200.0,92.08150862958288,-209.98152262958288,-1.4,-1.0,-11.2,0.0,0.0,-29.5,-9.0,-3.5,-6.1,-5.5,-14.9
789,10796747.907532047,27,4.218477370417105,65.78150862958289,548.6177819707212,1,6.435023093445125e-05,0.7979241013548651,0.20207589864513487,8.847148524153116e-19,200.0,92.08150862958288,-209.98152262958288,-1.4,-1.0,-11.2,0.0,0.0,-29.5,-9.0,-3.5,-6.1,-5.5,-14.9
790,10796747.907532047,28,4.218477370417105,65.78150862958289,548.6177819707212,1,6.435023093445125e-05,0.7979174559601038,0.20208254403989623,8.40479109794546e-19,200.0,92.08150862958288,-209.98152262958288,-1.4,-1.0,-11.2,0.0,0.0,-29.5,-9.0,-3.5,-6.1,-5.5,-14.9
791,10796747.907532047,29,4.218477370417105,65.78150862958289,548.6177819707212,1,6.435023093445125e-05,0.7979106283254054,0.20208937167459465,7.984551543048187e-19,200.0,92.08150862958288,-209.98152262958288,-1.4,-1.0,-11.2,0.0,0.0,-29.5,-9.0,-3.5,-6.1,-5.5,-14.9
792,10796747.907532047,30,4.218477370417105,65.78150862958289,548.6177819707212,1,6.435023093445125e-05,0.797903628834268,0.20209637116573193,7.585323965895777e-19,200.0,92.08150862958288,-209.98152262958288,-1.4,-1.0,-11.2,0.0,0.0,-29.5,-9.0,-3.5,-6.1,-5.5,-14.9
793,10796747.907532047,31,4.218477370417105,65.78150862958289,548.6177819707212,1,6.435023093445125e-05,0.7978939782901171,0.20210602170988284,7.206057767600988e-19,200.0,92.08150862958288,-209.98152262958288,-1.4,-1.0,-11.2,0.0,0.0,-29.5,-9.0,-3.5,-6.1,-5.5,-14.9
794,10796747.907532047,32,4.218477370417105,65.78150862958289,548.6177819707212,1,6.435023093445125e-05,0.7978805717248415,0.20211942827515847,6.84575487922094e-19,200.0,92.08150862958288,-209.98152262958288,-1.4,-1.0,-11.2,0.0,0.0,-29.5,-9.0,-3.5,-6.1,-5.5,-14.9
795,10796747.907532047,33,4.218477370417105,65.78150862958289,548.6177819707212,1,6.435023093445125e-05,0.7978685758064761,0.20213142419352398,6.5034671352598935e-19,200.0,92.08150862958288,-209.98152262958288,-1.4,-1.0,-11.2,0.0,0.0,-29.5,-9.0,-3.5,-6.1,-5.5,-14.9
796,10796747.907532047,34,4.218477370417105,65.78150862958289,548.6177819707212,1,6.435023093445125e-05,0.797859158459666,0.20214084154033396,6.178293778496898e-19,200.0,92.08150862958288,-209.98152262958288,-1.4,-1.0,-11.2,0.0,0.0,-29.5,-9.0,-3.5,-6.1,-5.5,-14.9
797,10796747.907532047,35,4.218477370417105,65.78150862958289,548.6177819707212,1,6.435023093445125e-05,0.7978497079839314,0.2021502920160686,5.8693790895720535e-19,200.0,92.08150862958288,-209.98152262958288,-1.4,-1.0,-11.2,0.0,0.0,-29.5,-9.0,-3.5,-6.1,-5.5,-14.9
798,10796747.907532047,36,4.218477370417105,65.78150862958289,548.6177819707212,1,6.435023093445125e-05,0.7978340377364066,0.20216596226359343,5.575910135093452e-19,200.0,92.08150862958288,-209.98152262958288,-1.4,-1.0,-11.2,0.0,0.0,-29.5,-9.0,-3.5,-6.1,-5.5,-14.9
799,10796747.907532047,37,4.218477370417105,65.78150862958289,548.6177819707212,1,6.435023093445125e-05,0.797819893716074,0.202180106283926,5.297114628338778e-19,200.0,92.08150862958288,-209.98152262958288,-1.4,-1.0,-11.2,0.0,0.0,-29.5,-9.0,-3.5,-6.1,-5.5,-14.9
800,10796747.907532047,38,4.218477370417105,65.78150862958289,548.6177819707212,1,6.435023093445125e-05,0.7978059624701744,0.20219403752982557,5.03225889692184e-19,200.0,92.08150862958288,-209.98152262958288,-1.4,-1.0,-11.2,0.0,0.0,-29.5,-9.0,-3.5,-6.1,-5.5,-14.9
801,10796747.907532047,39,4.218477370417105,65.78150862958289,548.6177819707212,1,6.435023093445125e-05,0.7977947017935837,0.20220529820641625,4.780645952075748e-19,200.0,92.08150862958288,-209.98152262958288,-1.4,-1.0,-11.2,0.0,0.0,-29.5,-9.0,-3.5,-6.1,-5.5,-14.9
802,10796747.907532047,40,4.218477370417105,65.78150862958289,548.6177819707212,1,6.435023093445125e-05,0.7977785797257491,0.2022214202742509,4.54161365447196e-19,200.0,92.08150862958288,-209.98152262958288,-1.4,-1.0,-11.2,0.0,0.0,-29.5,-9.0,-3.5,-6.1,-5.5,-14.9
803,10796747.907532047,41,4.218477370417105,65.78150862958289,548.6177819707212,1,6.435023093445125e-05,0.7977615444015691,0.20223845559843087,4.3145329717483617e-19,200.0,92.08150862958288,-209.98152262958288,-1.4,-1.0,-11.2,0.0,0.0,-29.5,-9.0,-3.5,-6.1,-5.5,-14.9
804,10796747.907532047,42,4.218477370417105,65.78150862958289,548.6177819707212,1,6.435023093445125e-05,0.7977448755960622,0.20225512440393775,4.0988063231609436e-19,200.0,92.08150862958288,-209.98152262958288,-1.4,-1.0,-11.2,0.0,0.0,-29.5,-9.0,-3.5,-6.1,-5.5,-14.9
805,10796747.907532047,43,4.218477370417105,65.78150862958289,548.6177819707212,1,6.435023093445125e-05,0.7977248691743338,0.20227513082566617,3.8938660070028965e-19,200.0,92.08150862958288,-209.98152262958288,-1.4,-1.0,-11.2,0.0,0.0,-29.5,-9.0,-3.5,-6.1,-5.5,-14.9
806,10796747.907532047,44,4.218477370417105,65.78150862958289,548.6177819707212,1,6.435023093445125e-05,0.7977041565520012,0.20229584344799872,3.6991727066527516e-19,200.0,92.08150862958288,-209.98152262958288,-1.4,-1.0,-11.2,0.0,0.0,-29.5,-9.0,-3.5,-6.1,-5.5,-14.9
807,10796747.907532047,45,4.218477370417105,65.78150862958289,548.6177819707212,1,6.435023093445125e-05,0.7976852301725501,0.2023147698274499,3.514214071320114e-19,200.0,92.08150862958288,-209.98152262958288,-1.4,-1.0,-11.2,0.0,0.0,-29.5,-9.0,-3.5,-6.1,-5.5,-14.9
808,10796747.907532047,46,4.218477370417105,65.78150862958289,548.6177819707212,1,6.435023093445125e-05,0.7976692234224535,0.20233077657754653,3.3385033677541085e-19,200.0,92.08150862958288,-209.98152262958288,-1.4,-1.0,-11.2,0.0,0.0,-29.5,-9.0,-3.5,-6.1,-5.5,-14.9
809,10796747.907532047,47,4.218477370417105,65.78150862958289,548.6177819707212,1,6.435023093445125e-05,0.7976559848361705,0.20234401516382944,3.171578199366403e-19,200.0,92.08150862958288,-209.98152262958288,-1.4,-1.0,-11.2,0.0,0.0,-29.5,-9.0,-3.5,-6.1,-5.5,-14.9
810,10796747.907532047,48,4.218477370417105,65.78150862958289,548.6177819707212,1,6.435023093445125e-05,0.79764170717847,0.20235829282153,3.012999289398083e-19,200.0,92.08150862958288,-209.98152262958288,-1.4,-1.0,-11.2,0.0,0.0,-29.5,-9.0,-3.5,-6.1,-5.5,-14.9
811,10796747.907532047,49,4.218477370417105,65.78150862958289,548.6177819707212,1,6.435023093445125e-05,0.7976301059304838,0.2023698940695162,2.862349324928179e-19,200.0,92.08150862958288,-209.98152262958288,-1.4,-1.0,-11.2,0.0,0.0,-29.5,-9.0,-3.5,-6.1,-5.5,-14.9
812,10796747.907532047,0,4.218477370417105,65.78150862958289,548.6177819707212,1,6.435023093445125e-05,0.7976234768432992,0.20237652315670088,2.71923185868177e-19,200.0,92.08150862958288,-209.98152262958288,-1.4,-1.0,-11.2,0.0,0.0,-29.5,-9.0,-3.5,-6.1,-5.5,-14.9
813,10796747.907532047,1,4.218477370417105,65.78150862958289,548.6177819707212,1,6.435023093445125e-05,0.7976166958895271,0.20238330411047292,2.5832702657476813e-19,200.0,92.08150862958288,-209.98152262958288,-1.4,-1.0,-11.2,0.0,0.0,-29.5,-9.0,-3.5,-6.1,-5.5,-14.9
814,10796747.907532047,2,4.218477370417105,65.78150862958289,548.6177819707212,1,6.435023093445125e-05,0.7976085572759362,0.20239144272406384,2.454106752460297e-19,200.0,92.08150862958288,-209.98152262958288,-1.4,-1.0,-11.2,0.0,0.0,-29.5,-9.0,-3.5,-6.1,-5.5,-14.9
815,10796747.907532047,3,4.218477370417105,65.78150862958289,548.6177819707212,1,6.435023093445125e-05,0.7975967053242617,0.20240329467573823,2.331401414837282e-19,200.0,92.08150862958288,-209.98152262958288,-1.4,-1.0,-11.2,0.0,0.0,-29.5,-9.0,-3.5,-6.1,-5.5,-14.9
816,10796747.907532047,4,4.218477370417105,65.78150862958289,548.6177819707212,1,6.435023093445125e-05,0.7975825464170878,0.20241745358291213,2.214831344095418e-19,200.0,92.08150862958288,-209.98152262958288,-1.4,-1.0,-11.2,0.0,0.0,-29.5,-9.0,-3.5,-6.1,-5.5,-14.9
817,10796747.907532047,5,4.218477370417105,65.78150862958289,548.6177819707212,1,6.435023093445125e-05,0.7975722587245914,0.20242774127540866,2.104089776890647e-19,200.0,92.08150862958288,-209.98152262958288,-1.4,-1.0,-11.2,0.0,0.0,-29.5,-9.0,-3.5,-6.1,-5.5,-14.9
818,10796747.907532047,6,4.218477370417105,65.78150862958289,548.6177819707212,1,6.435023093445125e-05,0.7975632214206269,0.2024367785793732,1.9988852880461149e-19,200.0,92.08150862958288,-209.98152262958288,-1.4,-1.0,-11.2,0.0,0.0,-29.5,-9.0,-3.5,-6.1,-5.5,-14.9
819,10796747.907532047,7,4.218477370417105,65.78150862958289,548.6177819707212,1,6.435023093445125e-05,0.7975517463280083,0.2024482536719917,1.8989410236438091e-19,200.0,92.08150862958288,-209.98152262958288,-1.4,-1.0,-11.2,0.0,0.0,-29.5,-9.0,-3.5,-6.1,-5.5,-14.9
820,10796747.907532047,8,4.218477370417105,65.78150862958289,548.6177819707212,1,6.435023093445125e-05,0.7975391683842097,0.20246083161579032,1.8039939724616185e-19,200.0,92.08150862958288,-209.98152262958288,-1.4,-1.0,-11.2,0.0,0.0,-29.5,-9.0,-3.5,-6.1,-5.5,-14.9
821,10796747.907532047,9,4.218477370417105,65.78150862958289,548.6177819707212,1,6.435023093445125e-05,0.7975303682002416,0.20246963179975844,1.7137942738385379e-19,200.0,92.08150862958288,-209.98152262958288,-1.4,-1.0,-11.2,0.0,0.0,-29.5,-9.0,-3.5,-6.1,-5.5,-14.9
822,10796747.907532047,10,4.218477370417105,65.78150862958289,548.6177819707212,1,6.435023093445125e-05,0.7975287557345485,0.20247124426545146,1.628104560146611e-19,200.0,92.08150862958288,-209.98152262958288,-1.4,-1.0,-11.2,0.0,0.0,-29.5,-9.0,-3.5,-6.1,-5.5,-14.9
823,10796747.907532047,11,4.218477370417105,65.78150862958289,548.6177819707212,1,6.435023093445125e-05,0.7975279473158229,0.2024720526841771,1.5466993321392803e-19,200.0,92.08150862958288,-209.98152262958288,-1.4,-1.0,-11.2,0.0,0.0,-29.5,-9.0,-3.5,-6.1,-5.5,-14.9
824,10796747.907532047,12,4.218477370417105,65.78150862958289,548.6177819707212,1,6.435023093445125e-05,0.7975290999494064,0.20247090005059362,1.4693643655323163e-19,200.0,92.08150862958288,-209.98152262958288,-1.4,-1.0,-11.2,0.0,0.0,-29.5,-9.0,-3.5,-6.1,-5.5,-14.9
825,10796747.907532047,13,4.218477370417105,65.78150862958289,548.6177819707212,1,6.435023093445125e-05,0.7975297156362925,0.20247028436370745,1.3958961472557004e-19,200.0,92.08150862958288,-209.98152262958288,-1.4,-1.0,-11.2,0.0,0.0,-29.5,-9.0,-3.5,-6.1,-5.5,-14.9
826,10796747.907532047,14,4.218477370417105,65.78150862958289,548.6177819707212,1,6.435023093445125e-05,0.7975262328499847,0.20247376715001536,1.3261013398929156e-19,200.0,92.08150862958288,-209.98152262958288,-1.4,-1.0,-11.2,0.0,0.0,-29.5,-9.0,-3.5,-6.1,-5.5,-14.9
827,10796747.907532047,15,4.218477370417105,65.78150862958289,548.6177819707212,1,6.435023093445125e-05,0.7975224512829078,0.20247754871709228,1.2597962728982697e-19,200.0,92.08150862958288,-209.98152262958288,-1.4,-1.0,-11.2,0.0,0.0,-29.5,-9.0,-3.5,-6.1,-5.5,-14.9
828,10796747.907532047,16,4.218477370417105,65.78150862958289,548.6177819707212,1,6.435023093445125e-05,0.7975195809567692,0.20248041904323075,1.1968064592533561e-19,200.0,92.08150862958288,-209.98152262958288,-1.4,-1.0,-11.2,0.0,0.0,-29.5,-9.0,-3.5,-6.1,-5.5,-14.9
829,10796747.907532047,17,4.218477370417105,65.78150862958289,548.6177819707212,1,6.435023093445125e-05,0.7975211503922724,0.2024788496077276,1.1369661362906885e-19,200.0,92.08150862958288,-209.98152262958288,-1.4,-1.0,-11.2,0.0,0.0,-29.5,-9.0,-3.5,-6.1,-5.5,-14.9
830,10796747.907532047,18,4.218477370417105,65.78150862958289,548.6177819707212,1,6.435023093445125e-05,0.7975221649531207,0.2024778350468793,1.080117829476154e-19,200.0,92.08150862958288,-209.98152262958288,-1.4,-1.0,-11.2,0.0,0.0,-29.5,-9.0,-3.5,-6.1,-5.5,-14.9
831,10796747.907532047,19,4.218477370417105,65.78150862958289,548.6177819707212,1,6.435023093445125e-05,0.7975262193816869,0.20247378061831312,1.0261119380023464e-19,200.0,92.08150862958288,-209.98152262958288,-1.4,-1.0,-11.2,0.0,0.0,-29.5,-9.0,-3.5,-6.1,-5.5,-14.9
832,10796747.907532047,20,4.218477370417105,65.78150862958289,548.6177819707212,1,6.435023093445125e-05,0.7975248433713478,0.20247515662865218,9.74806341102229e-20,200.0,92.08150862958288,-209.98152262958288,-1.4,-1.0,-11.2,0.0,0.0,-29.5,-9.0,-3.5,-6.1,-5.5,-14.9
833,10796747.907532047,21,4.218477370417105,65.78150862958289,548.6177819707212,1,6.435023093445125e-05,0.797523064469829,0.20247693553017096,9.260660240471176e-20,200.0,92.08150862958288,-209.98152262958288,-1.4,-1.0,-11.2,0.0,0.0,-29.5,-9.0,-3.5,-6.1,-5.5,-14.9
834,10796747.907532047,22,4.218477370417105,65.78150862958289,548.6177819707212,1,6.435023093445125e-05,0.7975185333691155,0.20248146663088445,8.797627228447617e-20,200.0,92.08150862958288,-209.98152262958288,-1.4,-1.0,-11.2,0.0,0.0,-29.5,-9.0,-3.5,-6.1,-5.5,-14.9
835,10796747.907532047,23,4.218477370417105,65.78150862958289,548.6177819707212,1,6.435023093445125e-05,0.7975161299035041,0.20248387009649593,8.357745867025237e-20,200.0,92.08150862958288,-209.98152262958288,-1.4,-1.0,-11.2,0.0,0.0,-29.5,-9.0,-3.5,-6.1,-5.5,-14.9
836,10796747.907532047,24,4.218477370417105,65.78150862958289,548.6177819707212,1,6.435023093445125e-05,0.7975121957492791,0.20248780425072085,7.939858573673974e-20,200.0,92.08150862958288,-209.98152262958288,-1.4,-1.0,-11.2,0.0,0.0,-29.5,-9.0,-3.5,-6.1,-5.5,-14.9
837,10796747.907532047,25,4.218477370417105,65.78150862958289,548.6177819707212,1,6.435023093445125e-05,0.7975056294743564,0.20249437052564354,7.542865644990275e-20,200.0,92.08150862958288,-209.98152262958288,-1.4,-1.0,-11.2,0.0,0.0,-29.5,-9.0,-3.5,-6.1,-5.5,-14.9
838,10796747.907532047,26,4.218477370417105,65.78150862958289,548.6177819707212,1,6.435023093445125e-05,0.797501289549094,0.202498710450906,7.165722362740762e-20,200.0,92.08150862958288,-209.98152262958288,-1.4,-1.0,-11.2,0.0,0.0,-29.5,-9.0,-3.5,-6.1,-5.5,-14.9
839,10796747.907532047,27,4.218477370417105,65.78150862958289,548.6177819707212,1,6.435023093445125e-05,0.7975037705775472,0.2024962294224529,6.807436244603723e-20,200.0,92.08150862958288,-209.98152262958288,-1.4,-1.0,-11.2,0.0,0.0,-29.5,-9.0,-3.5,-6.1,-5.5,-14.9
840,10796747.907532047,28,4.218477370417105,65.78150862958289,548.6177819707212,1,6.435023093445125e-05,0.7975080084963497,0.20249199150365035,6.467064432373536e-20,200.0,92.08150862958288,-209.98152262958288,-1.4,-1.0,-11.2,0.0,0.0,-29.5,-9.0,-3.5,-6.1,-5.5,-14.9
841,10796747.907532047,29,4.218477370417105,65.78150862958289,548.6177819707212,1,6.435023093445125e-05,0.7975127364572775,0.20248726354272256,6.143711210754859e-20,200.0,92.08150862958288,-209.98152262958288,-1.4,-1.0,-11.2,0.0,0.0,-29.5,-9.0,-3.5,-6.1,-5.5,-14.9
842,10796747.907532047,30,4.218477370417105,65.78150862958289,548.6177819707212,1,6.435023093445125e-05,0.7975120629129095,0.20248793708709054,5.836525650217116e-20,200.0,92.08150862958288,-209.98152262958288,-1.4,-1.0,-11.2,0.0,0.0,-29.5,-9.0,-3.5,-6.1,-5.5,-14.9
843,10796747.907532047,31,4.218477370417105,65.78150862958289,548.6177819707212,1,6.435023093445125e-05,0.7975121290990326,0.20248787090096748,5.544699367706261e-20,200.0,92.08150862958288,-209.98152262958288,-1.4,-1.0,-11.2,0.0,0.0,-29.5,-9.0,-3.5,-6.1,-5.5,-14.9
844,10796747.907532047,32,4.218477370417105,65.78150862958289,548.6177819707212,1,6.435023093445125e-05,0.7975140666879355,0.2024859333120645,5.267464399320947e-20,200.0,92.08150862958288,-209.98152262958288,-1.4,-1.0,-11.2,0.0,0.0,-29.5,-9.0,-3.5,-6.1,-5.5,-14.9
845,10796747.907532047,33,4.218477370417105,65.78150862958289,548.6177819707212,1,6.435023093445125e-05,0.7975131011200411,0.20248689887995885,5.0040911793549e-20,200.0,92.08150862958288,-209.98152262958288,-1.4,-1.0,-11.2,0.0,0.0,-29.5,-9.0,-3.5,-6.1,-5.5,-14.9
846,10796747.907532047,34,4.218477370417105,65.78150862958289,548.6177819707212,1,6.435023093445125e-05,0.7975163904198501,0.20248360958014988,4.7538866203871547e-20,200.0,92.08150862958288,-209.98152262958288,-1.4,-1.0,-11.2,0.0,0.0,-29.5,-9.0,-3.5,-6.1,-5.5,-14.9
847,10796747.907532047,35,4.218477370417105,65.78150862958289,548.6177819707212,1,6.435023093445125e-05,0.7975225439733952,0.2024774560266048,4.5161922893677967e-20,200.0,92.08150862958288,-209.98152262958288,-1.4,-1.0,-11.2,0.0,0.0,-29.5,-9.0,-3.5,-6.1,-5.5,-14.9
848,10796747.907532047,36,4.218477370417105,65.78150862958289,548.6177819707212,1,6.435023093445125e-05,0.7975279186818706,0.20247208131812947,4.2903826748994074e-20,200.0,92.08150862958288,-209.98152262958288,-1.4,-1.0,-11.2,0.0,0.0,-29.5,-9.0,-3.5,-6.1,-5.5,-14.9
849,10796747.907532047,37,4.218477370417105,65.78150862958289,548.6177819707212,1,6.435023093445125e-05,0.7975337172542315,0.20246628274576856,4.075863541154437e-20,200.0,92.08150862958288,-209.98152262958288,-1.4,-1.0,-11.2,0.0,0.0,-29.5,-9.0,-3.5,-6.1,-5.5,-14.9
850,10796747.907532047,38,4.218477370417105,65.78150862958289,548.6177819707212,1,6.435023093445125e-05,0.7975341088908834,0.20246589110911656,3.8720703640967153e-20,200.0,92.08150862958288,-209.98152262958288,-1.4,-1.0,-11.2,0.0,0.0,-29.5,-9.0,-3.5,-6.1,-5.5,-14.9
851,10796747.907532047,39,4.218477370417105,65.78150862958289,548.6177819707212,1,6.435023093445125e-05,0.797535177591848,0.20246482240815206,3.67846684589188e-20,200.0,92.08150862958288,-209.98152262958288,-1.4,-1.0,-11.2,0.0,0.0,-29.5,-9.0,-3.5,-6.1,-5.5,-14.9
852,10796747.907532047,40,4.218477370417105,65.78150862958289,548.6177819707212,1,6.435023093445125e-05,0.7975380467744548,0.20246195322554522,3.494543503597286e-20,200.0,92.08150862958288,-209.98152262958288,-1.4,-1.0,-11.2,0.0,0.0,-29.5,-9.0,-3.5,-6.1,-5.5,-14.9
853,10796747.907532047,41,4.218477370417105,65.78150862958289,548.6177819707212,1,6.435023093445125e-05,0.7975356747550545,0.20246432524494548,3.3198163284174215e-20,200.0,92.08150862958288,-209.98152262958288,-1.4,-1.0,-11.2,0.0,0.0,-29.5,-9.0,-3.5,-6.1,-5.5,-14.9
854,10796747.907532047,42,4.218477370417105,65.78150862958289,548.6177819707212,1,6.435023093445125e-05,0.7975318045912907,0.2024681954087093,3.15382551199655e-20,200.0,92.08150862958288,-209.98152262958288,-1.4,-1.0,-11.2,0.0,0.0,-29.5,-9.0,-3.5,-6.1,-5.5,-14.9
855,10796747.907532047,43,4.218477370417105,65.78150862958289,548.6177819707212,1,6.435023093445125e-05,0.7975299823389699,0.20247001766103018,2.996134236396723e-20,200.0,92.08150862958288,-209.98152262958288,-1.4,-1.0,-11.2,0.0,0.0,-29.5,-9.0,-3.5,-6.1,-5.5,-14.9
856,10796747.907532047,44,4.218477370417105,65.78150862958289,548.6177819707212,1,6.435023093445125e-05,0.7975312545804383,0.20246874541956167,2.846327524576887e-20,200.0,92.08150862958288,-209.98152262958288,-1.4,-1.0,-11.2,0.0,0.0,-29.5,-9.0,-3.5,-6.1,-5.5,-14.9
857,10796747.907532047,45,4.218477370417105,65.78150862958289,548.6177819707212,1,6.435023093445125e-05,0.7975308491196622,0.20246915088033784,2.7040111483480427e-20,200.0,92.08150862958288,-209.98152262958288,-1.4,-1.0,-11.2,0.0,0.0,-29.5,-9.0,-3.5,-6.1,-5.5,-14.9
858,10796747.907532047,46,4.218477370417105,65.78150862958289,548.6177819707212,1,6.435023093445125e-05,0.7975311560248088,0.20246884397519116,2.5688105909306403e-20,200.0,92.08150862958288,-209.98152262958288,-1.4,-1.0,-11.2,0.0,0.0,-29.5,-9.0,-3.5,-6.1,-5.5,-14.9
859,10796747.907532047,47,4.218477370417105,65.78150862958289,548.6177819707212,1,6.435023093445125e-05,0.797529838146793,0.20247016185320701,2.4403700613841083e-20,200.0,92.08150862958288,-209.98152262958288,-1.4,-1.0,-11.2,0.0,0.0,-29.5,-9.0,-3.5,-6.1,-5.5,-14.9
860,10796747.907532047,48,4.218477370417105,65.78150862958289,548.6177819707212,1,6.435023093445125e-05,0.7975292778011221,0.20247072219887788,2.3183515583149028e-20,200.0,92.08150862958288,-209.98152262958288,-1.4,-1.0,-11.2,0.0,0.0,-29.5,-9.0,-3.5,-6.1,-5.5,-14.9
861,10796747.907532047,49,4.218477370417105,65.78150862958289,548.6177819707212,1,6.435023093445125e-05,0.7975305825150075,0.20246941748499242,2.2024339803991575e-20,200.0,92.08150862958288,-209.98152262958288,-1.4,-1.0,-11.2,0.0,0.0,-29.5,-9.0,-3.5,-6.1,-5.5,-14.9
862,10796747.907532047,0,4.218477370417105,65.78150862958289,548.6177819707212,1,6.435023093445125e-05,0.7975336542496778,0.20246634575032216,2.0923122813792e-20,200.0,92.08150862958288,-209.98152262958288,-1.4,-1.0,-11.2,0.0,0.0,-29.5,-9.0,-3.5,-6.1,-5.5,-14.9
863,10796747.907532047,1,4.218477370417105,65.78150862958289,548.6177819707212,1,6.435023093445125e-05,0.7975372560851876,0.20246274391481245,1.9876966673102398e-20,200.0,92.08150862958288,-209.98152262958288,-1.4,-1.0,-11.2,0.0,0.0,-29.5,-9.0,-3.5,-6.1,-5.5,-14.9
864,10796747.907532047,2,4.218477370417105,65.78150862958289,548.6177819707212,1,6.435023093445125e-05,0.7975425022079883,0.20245749779201172,1.8883118339447276e-20,200.0,92.08150862958288,-209.98152262958288,-1.4,-1.0,-11.2,0.0,0.0,-29.5,-9.0,-3.5,-6.1,-5.5,-14.9
865,10796747.907532047,3,4.218477370417105,65.78150862958289,548.6177819707212,1,6.435023093445125e-05,0.797544741647677,0.202455258352323,1.7938962422474913e-20,200.0,92.08150862958288,-209.98152262958288,-1.4,-1.0,-11.2,0.0,0.0,-29.5,-9.0,-3.5,-6.1,-5.5,-14.9
866,10796747.907532047,4,4.218477370417105,65.78150862958289,548.6177819707212,1,6.435023093445125e-05,0.7975441300277989,0.20245586997220105,1.7042014301351166e-20,200.0,92.08150862958288,-209.98152262958288,-1.4,-1.0,-11.2,0.0,0.0,-29.5,-9.0,-3.5,-6.1,-5.5,-14.9
867,10796747.907532047,5,4.218477370417105,65.78150862958289,548.6177819707212,1,6.435023093445125e-05,0.7975385355092905,0.2024614644907094,1.6189913586283608e-20,200.0,92.08150862958288,-209.98152262958288,-1.4,-1.0,-11.2,0.0,0.0,-29.5,-9.0,-3.5,-6.1,-5.5,-14.9
868,10796747.907532047,6,4.218477370417105,65.78150862958289,548.6177819707212,1,6.435023093445125e-05,0.7975304939014607,0.2024695060985394,1.538041790696943e-20,200.0,92.08150862958288,-209.98152262958288,-1.4,-1.0,-11.2,0.0,0.0,-29.5,-9.0,-3.5,-6.1,-5.5,-14.9
869,10796747.907532047,7,4.218477370417105,65.78150862958289,548.6177819707212,1,6.435023093445125e-05,0.7975178558537508,0.20248214414624927,1.461139701162096e-20,200.0,92.08150862958288,-209.98152262958288,-1.4,-1.0,-11.2,0.0,0.0,-29.5,-9.0,-3.5,-6.1,-5.5,-14.9
870,10796747.907532047,8,4.218477370417105,65.78150862958289,548.6177819707212,1,6.435023093445125e-05,0.7975042727959961,0.20249572720400388,1.388082716103991e-20,200.0,92.08150862958288,-209.98152262958288,-1.4,-1.0,-11.2,0.0,0.0,-29.5,-9.0,-3.5,-6.1,-5.5,-14.9
871,10796747.907532047,9,4.218477370417105,65.78150862958289,548.6177819707212,1,6.435023093445125e-05,0.7974909317213524,0.20250906827864756,1.3186785802987914e-20,200.0,92.08150862958288,-209.98152262958288,-1.4,-1.0,-11.2,0.0,0.0,-29.5,-9.0,-3.5,-6.1,-5.5,-14.9
872,10796747.907532047,10,4.218477370417105,65.78150862958289,548.6177819707212,1,6.435023093445125e-05,0.7974846288577987,0.20251537114220136,1.2527446512838519e-20,200.0,92.08150862958288,-209.98152262958288,-1.4,-1.0,-11.2,0.0,0.0,-29.5,-9.0,-3.5,-6.1,-5.5,-14.9
873,10796747.907532047,11,4.218477370417105,65.78150862958289,548.6177819707212,1,6.435023093445125e-05,0.7974747993898208,0.20252520061017926,1.1901074187196593e-20,200.0,92.08150862958288,-209.98152262958288,-1.4,-1.0,-11.2,0.0,0.0,-29.5,-9.0,-3.5,-6.1,-5.5,-14.9
874,10796747.907532047,12,4.218477370417105,65.78150862958289,548.6177819707212,1,6.435023093445125e-05,0.797461626357641,0.2025383736423591,1.1306020477836763e-20,200.0,92.08150862958288,-209.98152262958288,-1.4,-1.0,-11.2,0.0,0.0,-29.5,-9.0,-3.5,-6.1,-5.5,-14.9
875,10796747.907532047,13,4.218477370417105,65.78150862958289,548.6177819707212,1,6.435023093445125e-05,0.7974498100389338,0.20255018996106625,1.0740719453944924e-20,200.0,92.08150862958288,-209.98152262958288,-1.4,-1.0,-11.2,0.0,0.0,-29.5,-9.0,-3.5,-6.1,-5.5,-14.9
876,10796747.907532047,14,4.218477370417105,65.78150862958289,548.6177819707212,1,6.435023093445125e-05,0.7974358906459261,0.20256410935407382,1.0203683481247678e-20,200.0,92.08150862958288,-209.98152262958288,-1.4,-1.0,-11.2,0.0,0.0,-29.5,-9.0,-3.5,-6.1,-5.5,-14.9
877,10796747.907532047,15,4.218477370417105,65.78150862958289,548.6177819707212,1,6.435023093445125e-05,0.7974188488579735,0.2025811511420265,9.693499307185295e-21,200.0,92.08150862958288,-209.98152262958288,-1.4,-1.0,-11.2,0.0,0.0,-29.5,-9.0,-3.5,-6.1,-5.5,-14.9
878,10796747.907532047,16,4.218477370417105,65.78150862958289,548.6177819707212,1,6.435023093445125e-05,0.7974044902791438,0.20259550972085616,9.20882434182603e-21,200.0,92.08150862958288,-209.98152262958288,-1.4,-1.0,-11.2,0.0,0.0,-29.5,-9.0,-3.5,-6.1,-5.5,-14.9
879,10796747.907532047,17,4.218477370417105,65.78150862958289,548.6177819707212,1,6.435023093445125e-05,0.7973938024827816,0.20260619751721848,8.74838312473473e-21,200.0,92.08150862958288,-209.98152262958288,-1.4,-1.0,-11.2,0.0,0.0,-29.5,-9.0,-3.5,-6.1,-5.5,-14.9
880,10796747.907532047,18,4.218477370417105,65.78150862958289,548.6177819707212,1,6.435023093445125e-05,0.7973809688282376,0.20261903117176236,8.310963968497993e-21,200.0,92.08150862958288,-209.98152262958288,-1.4,-1.0,-11.2,0.0,0.0,-29.5,-9.0,-3.5,-6.1,-5.5,-14.9
881,10796747.907532047,19,4.218477370417105,65.78150862958289,548.6177819707212,1,6.435023093445125e-05,0.7973649769738029,0.20263502302619713,7.895415770073095e-21,200.0,92.08150862958288,-209.98152262958288,-1.4,-1.0,-11.2,0.0,0.0,-29.5,-9.0,-3.5,-6.1,-5.5,-14.9
882,10796747.907532047,20,4.218477370417105,65.78150862958289,548.6177819707212,1,6.435023093445125e-05,0.7973482393407549,0.20265176065924503,7.50064498156944e-21,200.0,92.08150862958288,-209.98152262958288,-1.4,-1.0,-11.2,0.0,0.0,-29.5,-9.0,-3.5,-6.1,-5.5,-14.9
883,10796747.907532047,21,4.218477370417105,65.78150862958289,548.6177819707212,1,6.435023093445125e-05,0.7973263039233366,0.2026736960766634,7.125612732490969e-21,200.0,92.08150862958288,-209.98152262958288,-1.4,-1.0,-11.2,0.0,0.0,-29.5,-9.0,-3.5,-6.1,-5.5,-14.9
884,10796747.907532047,22,4.218477370417105,65.78150862958289,548.6177819707212,1,6.435023093445125e-05,0.7973061749154603,0.20269382508453973,6.7693320958664204e-21,200.0,92.08150862958288,-209.98152262958288,-1.4,-1.0,-11.2,0.0,0.0,-29.5,-9.0,-3.5,-6.1,-5.5,-14.9
885,10796747.907532047,23,4.218477370417105,65.78150862958289,548.6177819707212,1,6.435023093445125e-05,0.7972877603079199,0.20271223969208002,6.430865491073099e-21,200.0,92.08150862958288,-209.98152262958288,-1.4,-1.0,-11.2,0.0,0.0,-29.5,-9.0,-3.5,-6.1,-5.5,-14.9
886,10796747.907532047,24,4.218477370417105,65.78150862958289,548.6177819707212,1,6.435023093445125e-05,0.7972631330703458,0.20273686692965423,6.1093222165194444e-21,200.0,92.08150862958288,-209.98152262958288,-1.4,-1.0,-11.2,0.0,0.0,-29.5,-9.0,-3.5,-6.1,-5.5,-14.9
887,10796747.907532047,25,4.218477370417105,65.78150862958289,548.6177819707212,1,6.435023093445125e-05,0.7972404514983376,0.20275954850166245,5.803856105693472e-21,200.0,92.08150862958288,-209.98152262958288,-1.4,-1.0,-11.2,0.0,0.0,-29.5,-9.0,-3.5,-6.1,-5.5,-14.9
888,10796747.907532047,26,4.218477370417105,65.78150862958289,548.6177819707212,1,6.435023093445125e-05,0.7972162623595138,0.2027837376404862,5.513663300408799e-21,200.0,92.08150862958288,-209.98152262958288,-1.4,-1.0,-11.2,0.0,0.0,-29.5,-9.0,-3.5,-6.1,-5.5,-14.9
889,10796747.907532047,27,4.218477370417105,65.78150862958289,548.6177819707212,1,6.435023093445125e-05,0.797196231331992,0.202803768668008,5.2379801353883585e-21,200.0,92.08150862958288,-209.98152262958288,-1.4,-1.0,-11.2,0.0,0.0,-29.5,-9.0,-3.5,-6.1,-5.5,-14.9
890,10796747.907532047,28,4.218477370417105,65.78150862958289,548.6177819707212,1,6.435023093445125e-05,0.7971723340484533,0.2028276659515467,4.976081128618941e-21,200.0,92.08150862958288,-209.98152262958288,-1.4,-1.0,-11.2,0.0,0.0,-29.5,-9.0,-3.5,-6.1,-5.5,-14.9
891,10796747.907532047,29,4.218477370417105,65.78150862958289,548.6177819707212,1,6.435023093445125e-05,0.7971481175686858,0.2028518824313142,4.727277072187994e-21,200.0,92.08150862958288,-209.98152262958288,-1.4,-1.0,-11.2,0.0,0.0,-29.5,-9.0,-3.5,-6.1,-5.5,-14.9
892,10796747.907532047,30,4.218477370417105,65.78150862958289,548.6177819707212,1,6.435023093445125e-05,0.7971213723627424,0.20287862763725759,4.490913218578594e-21,200.0,92.08150862958288,-209.98152262958288,-1.4,-1.0,-11.2,0.0,0.0,-29.5,-9.0,-3.5,-6.1,-5.5,-14.9
893,10796747.907532047,31,4.218477370417105,65.78150862958289,548.6177819707212,1,6.435023093445125e-05,0.7971011360367058,0.2028988639632942,4.2663675576496644e-21,200.0,92.08150862958288,-209.98152262958288,-1.4,-1.0,-11.2,0.0,0.0,-29.5,-9.0,-3.5,-6.1,-5.5,-14.9
894,10796747.907532047,32,4.218477370417105,65.78150862958289,548.6177819707212,1,6.435023093445125e-05,0.7970815139345735,0.20291848606542648,4.053049179767181e-21,200.0,92.08150862958288,-209.98152262958288,-1.4,-1.0,-11.2,0.0,0.0,-29.5,-9.0,-3.5,-6.1,-5.5,-14.9
895,10796747.907532047,33,4.218477370417105,65.78150862958289,548.6177819707212,1,6.435023093445125e-05,0.7970580347874188,0.2029419652125813,3.850396720778822e-21,200.0,92.08150862958288,-209.98152262958288,-1.4,-1.0,-11.2,0.0,0.0,-29.5,-9.0,-3.5,-6.1,-5.5,-14.9
896,10796747.907532047,34,4.218477370417105,65.78150862958289,548.6177819707212,1,6.435023093445125e-05,0.7970308989281609,0.20296910107183913,3.6578768847398804e-21,200.0,92.08150862958288,-209.98152262958288,-1.4,-1.0,-11.2,0.0,0.0,-29.5,-9.0,-3.5,-6.1,-5.5,-14.9
897,10796747.907532047,35,4.218477370417105,65.78150862958289,548.6177819707212,1,6.435023093445125e-05,0.7970058433152553,0.2029941566847448,3.4749830405028865e-21,200.0,92.08150862958288,-209.98152262958288,-1.4,-1.0,-11.2,0.0,0.0,-29.5,-9.0,-3.5,-6.1,-5.5,-14.9
898,10796747.907532047,36,4.218477370417105,65.78150862958289,548.6177819707212,1,6.435023093445125e-05,0.7969805468319517,0.20301945316804829,3.301233888477742e-21,200.0,92.08150862958288,-209.98152262958288,-1.4,-1.0,-11.2,0.0,0.0,-29.5,-9.0,-3.5,-6.1,-5.5,-14.9
899,10796747.907532047,37,4.218477370417105,65.78150862958289,548.6177819707212,1,6.435023093445125e-05,0.7969550245453901,0.2030449754546098,3.1361721940538547e-21,200.0,92.08150862958288,-209.98152262958288,-1.4,-1.0,-11.2,0.0,0.0,-29.5,-9.0,-3.5,-6.1,-5.5,-14.9
900,10796747.907532047,38,4.218477370417105,65.78150862958289,548.6177819707212,1,6.435023093445125e-05,0.7969303965516509,0.20306960344834915,2.9793635843511622e-21,200.0,92.08150862958288,-209.98152262958288,-1.4,-1.0,-11.2,0.0,0.0,-29.5,-9.0,-3.5,-6.1,-5.5,-14.9
901,10796747.907532047,39,4.218477370417105,65.78150862958289,548.6177819707212,1,6.435023093445125e-05,0.7969044095584672,0.20309559044153278,2.830395405133604e-21,200.0,92.08150862958288,-209.98152262958288,-1.4,-1.0,-11.2,0.0,0.0,-29.5,-9.0,-3.5,-6.1,-5.5,-14.9
902,10796747.907532047,40,4.218477370417105,65.78150862958289,548.6177819707212,1,6.435023093445125e-05,0.7968760321757464,0.20312396782425354,2.6888756348769237e-21,200.0,92.08150862958288,-209.98152262958288,-1.4,-1.0,-11.2,0.0,0.0,-29.5,-9.0,-3.5,-6.1,-5.5,-14.9
903,10796747.907532047,41,4.218477370417105,65.78150862958289,548.6177819707212,1,6.435023093445125e-05,0.7968475970270135,0.20315240297298656,2.5544318531330774e-21,200.0,92.08150862958288,-209.98152262958288,-1.4,-1.0,-11.2,0.0,0.0,-29.5,-9.0,-3.5,-6.1,-5.5,-14.9
904,10796747.907532047,42,4.218477370417105,65.78150862958289,548.6177819707212,1,6.435023093445125e-05,0.796820212139955,0.20317978786004495,2.4267102604764235e-21,200.0,92.08150862958288,-209.98152262958288,-1.4,-1.0,-11.2,0.0,0.0,-29.5,-9.0,-3.5,-6.1,-5.5,-14.9
905,10796747.907532047,43,4.218477370417105,65.78150862958289,548.6177819707212,1,6.435023093445125e-05,0.7967905222876742,0.20320947771232573,2.3053747474526022e-21,200.0,92.08150862958288,-209.98152262958288,-1.4,-1.0,-11.2,0.0,0.0,-29.5,-9.0,-3.5,-6.1,-5.5,-14.9
906,10796747.907532047,44,4.218477370417105,65.78150862958289,548.6177819707212,1,6.435023093445125e-05,0.7967619505396164,0.20323804946038357,2.1901060100799724e-21,200.0,92.08150862958288,-209.98152262958288,-1.4,-1.0,-11.2,0.0,0.0,-29.5,-9.0,-3.5,-6.1,-5.5,-14.9
907,10796747.907532047,45,4.218477370417105,65.78150862958289,548.6177819707212,1,6.435023093445125e-05,0.7967333425884803,0.20326665741151967,2.080600709575974e-21,200.0,92.08150862958288,-209.98152262958288,-1.4,-1.0,-11.2,0.0,0.0,-29.5,-9.0,-3.5,-6.1,-5.5,-14.9
908,10796747.907532047,46,4.218477370417105,65.78150862958289,548.6177819707212,1,6.435023093445125e-05,0.7967058013937636,0.2032941986062364,1.976570674097175e-21,200.0,92.08150862958288,-209.98152262958288,-1.4,-1.0,-11.2,0.0,0.0,-29.5,-9.0,-3.5,-6.1,-5.5,-14.9
909,10796747.907532047,47,4.218477370417105,65.78150862958289,548.6177819707212,1,6.435023093445125e-05,0.796674885149464,0.2033251148505359,1.877742140392316e-21,200.0,92.08150862958288,-209.98152262958288,-1.4,-1.0,-11.2,0.0,0.0,-29.5,-9.0,-3.5,-6.1,-5.5,-14.9
910,10796747.907532047,48,4.218477370417105,65.78150862958289,548.6177819707212,1,6.435023093445125e-05,0.796640769855593,0.2033592301444071,1.7838550333727006e-21,200.0,92.08150862958288,-209.98152262958288,-1.4,-1.0,-11.2,0.0,0.0,-29.5,-9.0,-3.5,-6.1,-5.5,-14.9
911,10796747.907532047,49,4.218477370417105,65.78150862958289,548.6177819707212,1,6.435023093445125e-05,0.796603622695593,0.2033963773044069,1.6946622817040655e-21,200.0,92.08150862958288,-209.98152262958288,-1.4,-1.0,-11.2,0.0,0.0,-29.5,-9.0,-3.5,-6.1,-5.5,-14.9
912,10796747.907532047,0,4.218477370417105,65.78150862958289,548.6177819707212,1,6.435023093445125e-05,0.7965712722155922,0.20342872778440774,1.6099291676188621e-21,200.0,92.08150862958288,-209.98152262958288,-1.4,-1.0,-11.2,0.0,0.0,-29.5,-9.0,-3.5,-6.1,-5.5,-14.9
913,10796747.907532047,1,4.218477370417105,65.78150862958289,548.6177819707212,1,6.435023093445125e-05,0.7965434708466202,0.20345652915337978,1.5294327092379191e-21,200.0,92.08150862958288,-209.98152262958288,-1.4,-1.0,-11.2,0.0,0.0,-29.5,-9.0,-3.5,-6.1,-5.5,-14.9
914,10796747.907532047,2,4.218477370417105,65.78150862958289,548.6177819707212,1,6.435023093445125e-05,0.7965145226391638,0.20348547736083622,1.4529610737760231e-21,200.0,92.08150862958288,-209.98152262958288,-1.4,-1.0,-11.2,0.0,0.0,-29.5,-9.0,-3.5,-6.1,-5.5,-14.9
915,10796747.907532047,3,4.218477370417105,65.78150862958289,548.6177819707212,1,6.435023093445125e-05,0.7964877641790339,0.2035122358209661,1.3803130200872219e-21,200.0,92.08150862958288,-209.98152262958288,-1.4,-1.0,-11.2,0.0,0.0,-29.5,-9.0,-3.5,-6.1,-5.5,-14.9
916,10796747.907532047,4,4.218477370417105,65.78150862958289,548.6177819707212,1,6.435023093445125e-05,0.7964576323408958,0.20354236765910422,1.3112973690828609e-21,200.0,92.08150862958288,-209.98152262958288,-1.4,-1.0,-11.2,0.0,0.0,-29.5,-9.0,-3.5,-6.1,-5.5,-14.9
917,10796747.907532047,5,4.218477370417105,65.78150862958289,548.6177819707212,1,6.435023093445125e-05,0.796424302928919,0.20357569707108109,1.2457325006287178e-21,200.0,92.08150862958288,-209.98152262958288,-1.4,-1.0,-11.2,0.0,0.0,-29.5,-9.0,-3.5,-6.1,-5.5,-14.9
918,10796747.907532047,6,4.218477370417105,65.78150862958289,548.6177819707212,1,6.435023093445125e-05,0.7963923011996543,0.2036076988003457,1.1834458755972818e-21,200.0,92.08150862958288,-209.98152262958288,-1.4,-1.0,-11.2,0.0,0.0,-29.5,-9.0,-3.5,-6.1,-5.5,-14.9
919,10796747.907532047,7,4.218477370417105,65.78150862958289,548.6177819707212,1,6.435023093445125e-05,0.7963615614949294,0.20363843850507063,1.1242735818174179e-21,200.0,92.08150862958288,-209.98152262958288,-1.4,-1.0,-11.2,0.0,0.0,-29.5,-9.0,-3.5,-6.1,-5.5,-14.9
920,10796747.907532047,8,4.218477370417105,65.78150862958289,548.6177819707212,1,6.435023093445125e-05,0.796325496697761,0.20367450330223905,1.068059902726547e-21,200.0,92.08150862958288,-209.98152262958288,-1.4,-1.0,-11.2,0.0,0.0,-29.5,-9.0,-3.5,-6.1,-5.5,-14.9
921,10796747.907532047,9,4.218477370417105,65.78150862958289,548.6177819707212,1,6.435023093445125e-05,0.7962854690328756,0.2037145309671245,1.0146569075902196e-21,200.0,92.08150862958288,-209.98152262958288,-1.4,-1.0,-11.2,0.0,0.0,-29.5,-9.0,-3.5,-6.1,-5.5,-14.9
922,10796747.907532047,10,4.218477370417105,65.78150862958289,548.6177819707212,1,6.435023093445125e-05,0.796251464185569,0.203748535814431,9.639240622107086e-22,200.0,92.08150862958288,-209.98152262958288,-1.4,-1.0,-11.2,0.0,0.0,-29.5,-9.0,-3.5,-6.1,-5.5,-14.9
923,10796747.907532047,11,4.218477370417105,65.78150862958289,548.6177819707212,1,6.435023093445125e-05,0.7962144920148312,0.20378550798516878,9.157278591001732e-22,200.0,92.08150862958288,-209.98152262958288,-1.4,-1.0,-11.2,0.0,0.0,-29.5,-9.0,-3.5,-6.1,-5.5,-14.9
924,10796747.907532047,12,4.218477370417105,65.78150862958289,548.6177819707212,1,6.435023093445125e-05,0.7961779620491068,0.20382203795089313,8.699414661451647e-22,200.0,92.08150862958288,-209.98152262958288,-1.4,-1.0,-11.2,0.0,0.0,-29.5,-9.0,-3.5,-6.1,-5.5,-14.9
925,10796747.907532047,13,4.218477370417105,65.78150862958289,548.6177819707212,1,6.435023093445125e-05,0.7961418549547618,0.2038581450452383,8.264443928379065e-22,200.0,92.08150862958288,-209.98152262958288,-1.4,-1.0,-11.2,0.0,0.0,-29.5,-9.0,-3.5,-6.1,-5.5,-14.9
926,10796747.907532047,14,4.218477370417105,65.78150862958289,548.6177819707212,1,6.435023093445125e-05,0.7961104811499228,0.2038895188500773,7.8512217319601115e-22,200.0,92.08150862958288,-209.98152262958288,-1.4,-1.0,-11.2,0.0,0.0,-29.5,-9.0,-3.5,-6.1,-5.5,-14.9
927,10796747.907532047,15,4.218477370417105,65.78150862958289,548.6177819707212,1,6.435023093445125e-05,0.796076030639947,0.20392396936005303,7.458660645362106e-22,200.0,92.08150862958288,-209.98152262958288,-1.4,-1.0,-11.2,0.0,0.0,-29.5,-9.0,-3.5,-6.1,-5.5,-14.9
928,10796747.907532047,16,4.218477370417105,65.78150862958289,548.6177819707212,1,6.435023093445125e-05,0.7960375831744001,0.20396241682559998,7.085727613094e-22,200.0,92.08150862958288,-209.98152262958288,-1.4,-1.0,-11.2,0.0,0.0,-29.5,-9.0,-3.5,-6.1,-5.5,-14.9
929,10796747.907532047,17,4.218477370417105,65.78150862958289,548.6177819707212,1,6.435023093445125e-05,0.7959996683421067,0.20400033165789339,6.7314412324393e-22,200.0,92.08150862958288,-209.98152262958288,-1.4,-1.0,-11.2,0.0,0.0,-29.5,-9.0,-3.5,-6.1,-5.5,-14.9
930,10796747.907532047,18,4.218477370417105,65.78150862958289,548.6177819707212,1,6.435023093445125e-05,0.7959654991614419,0.20403450083855815,6.394869170817335e-22,200.0,92.08150862958288,-209.98152262958288,-1.4,-1.0,-11.2,0.0,0.0,-29.5,-9.0,-3.5,-6.1,-5.5,-14.9
931,10796747.907532047,19,4.218477370417105,65.78150862958289,548.6177819707212,1,6.435023093445125e-05,0.7959391915699606,0.20406080843003935,6.075125712276468e-22,200.0,92.08150862958288,-209.98152262958288,-1.4,-1.0,-11.2,0.0,0.0,-29.5,-9.0,-3.5,-6.1,-5.5,-14.9
932,10796747.907532047,20,4.218477370417105,65.78150862958289,548.6177819707212,1,6.435023093445125e-05,0.7959106566779812,0.20408934332201875,5.771369426662644e-22,200.0,92.08150862958288,-209.98152262958288,-1.4,-1.0,-11.2,0.0,0.0,-29.5,-9.0,-3.5,-6.1,-5.5,-14.9
933,10796747.907532047,21,4.218477370417105,65.78150862958289,548.6177819707212,1,6.435023093445125e-05,0.7958810869722879,0.20411891302771215,5.4828009553295125e-22,200.0,92.08150862958288,-209.98152262958288,-1.4,-1.0,-11.2,0.0,0.0,-29.5,-9.0,-3.5,-6.1,-5.5,-14.9
934,10796747.907532047,22,4.218477370417105,65.78150862958289,548.6177819707212,1,6.435023093445125e-05,0.7958494641156749,0.20415053588432516,5.208660907563037e-22,200.0,92.08150862958288,-209.98152262958288,-1.4,-1.0,-11.2,0.0,0.0,-29.5,-9.0,-3.5,-6.1,-5.5,-14.9
935,10796747.907532047,23,4.218477370417105,65.78150862958289,548.6177819707212,1,6.435023093445125e-05,0.7958212644103686,0.20417873558963145,4.948227862184885e-22,200.0,92.08150862958288,-209.98152262958288,-1.4,-1.0,-11.2,0.0,0.0,-29.5,-9.0,-3.5,-6.1,-5.5,-14.9
936,10796747.907532047,24,4.218477370417105,65.78150862958289,548.6177819707212,1,6.435023093445125e-05,0.7957952404516397,0.20420475954836023,4.700816469075641e-22,200.0,92.08150862958288,-209.98152262958288,-1.4,-1.0,-11.2,0.0,0.0,-29.5,-9.0,-3.5,-6.1,-5.5,-14.9
937,10796747.907532047,25,4.218477370417105,65.78150862958289,548.6177819707212,1,6.435023093445125e-05,0.7957702110319007,0.2042297889680993,4.465775645621858e-22,200.0,92.08150862958288,-209.98152262958288,-1.4,-1.0,-11.2,0.0,0.0,-29.5,-9.0,-3.5,-6.1,-5.5,-14.9
938,10796747.907532047,26,4.218477370417105,65.78150862958289,548.6177819707212,1,6.435023093445125e-05,0.795742917311364,0.2042570826886359,4.2424868633407655e-22,200.0,92.08150862958288,-209.98152262958288,-1.4,-1.0,-11.2,0.0,0.0,-29.5,-9.0,-3.5,-6.1,-5.5,-14.9
939,10796747.907532047,27,4.218477370417105,65.78150862958289,548.6177819707212,1,6.435023093445125e-05,0.7957177551910273,0.20428224480897272,4.030362520173727e-22,200.0,92.08150862958288,-209.98152262958288,-1.4,-1.0,-11.2,0.0,0.0,-29.5,-9.0,-3.5,-6.1,-5.5,-14.9
940,10796747.907532047,28,4.218477370417105,65.78150862958289,548.6177819707212,1,6.435023093445125e-05,0.7956914127052397,0.2043085872947603,3.8288443941650402e-22,200.0,92.08150862958288,-209.98152262958288,-1.4,-1.0,-11.2,0.0,0.0,-29.5,-9.0,-3.5,-6.1,-5.5,-14.9
941,10796747.907532047,29,4.218477370417105,65.78150862958289,548.6177819707212,1,6.435023093445125e-05,0.7956628857834118,0.20433711421658815,3.637402174456788e-22,200.0,92.08150862958288,-209.98152262958288,-1.4,-1.0,-11.2,0.0,0.0,-29.5,-9.0,-3.5,-6.1,-5.5,-14.9
942,10796747.907532047,30,4.218477370417105,65.78150862958289,548.6177819707212,1,6.435023093445125e-05,0.795636555766724,0.20436344423327607,3.4555320657339488e-22,200.0,92.08150862958288,-209.98152262958288,-1.4,-1.0,-11.2,0.0,0.0,-29.5,-9.0,-3.5,-6.1,-5.5,-14.9
943,10796747.907532047,31,4.218477370417105,65.78150862958289,548.6177819707212,1,6.435023093445125e-05,0.7956080497067882,0.20439195029321175,3.282755462447251e-22,200.0,92.08150862958288,-209.98152262958288,-1.4,-1.0,-11.2,0.0,0.0,-29.5,-9.0,-3.5,-6.1,-5.5,-14.9
944,10796747.907532047,32,4.218477370417105,65.78150862958289,548.6177819707212,1,6.435023093445125e-05,0.7955806765739764,0.2044193234260237,3.118617689324889e-22,200.0,92.08150862958288,-209.98152262958288,-1.4,-1.0,-11.2,0.0,0.0,-29.5,-9.0,-3.5,-6.1,-5.5,-14.9
945,10796747.907532047,33,4.218477370417105,65.78150862958289,548.6177819707212,1,6.435023093445125e-05,0.7955543803326824,0.2044456196673176,2.9626868048586443e-22,200.0,92.08150862958288,-209.98152262958288,-1.4,-1.0,-11.2,0.0,0.0,-29.5,-9.0,-3.5,-6.1,-5.5,-14.9
946,10796747.907532047,34,4.218477370417105,65.78150862958289,548.6177819707212,1,6.435023093445125e-05,0.795528045262272,0.20447195473772792,2.814552464615712e-22,200.0,92.08150862958288,-209.98152262958288,-1.4,-1.0,-11.2,0.0,0.0,-29.5,-9.0,-3.5,-6.1,-5.5,-14.9
947,10796747.907532047,35,4.218477370417105,65.78150862958289,548.6177819707212,1,6.435023093445125e-05,0.7955037988809306,0.20449620111906944,2.673824841384927e-22,200.0,92.08150862958288,-209.98152262958288,-1.4,-1.0,-11.2,0.0,0.0,-29.5,-9.0,-3.5,-6.1,-5.5,-14.9
948,10796747.907532047,36,4.218477370417105,65.78150862958289,548.6177819707212,1,6.435023093445125e-05,0.7954836548486546,0.20451634515134545,2.5401335993156807e-22,200.0,92.08150862958288,-209.98152262958288,-1.4,-1.0,-11.2,0.0,0.0,-29.5,-9.0,-3.5,-6.1,-5.5,-14.9
949,10796747.907532047,37,4.218477370417105,65.78150862958289,548.6177819707212,1,6.435023093445125e-05,0.7954652840233883,0.2045347159766117,2.4131269193498965e-22,200.0,92.08150862958288,-209.98152262958288,-1.4,-1.0,-11.2,0.0,0.0,-29.5,-9.0,-3.5,-6.1,-5.5,-14.9
950,10796747.907532047,38,4.218477370417105,65.78150862958289,548.6177819707212,1,6.435023093445125e-05,0.795444365674053,0.20455563432594706,2.2924705733824013e-22,200.0,92.08150862958288,-209.98152262958288,-1.4,-1.0,-11.2,0.0,0.0,-29.5,-9.0,-3.5,-6.1,-5.5,-14.9
951,10796747.907532047,39,4.218477370417105,65.78150862958289,548.6177819707212,1,6.435023093445125e-05,0.7954263173795362,0.2045736826204638,2.177847044713281e-22,200.0,92.08150862958288,-209.98152262958288,-1.4,-1.0,-11.2,0.0,0.0,-29.5,-9.0,-3.5,-6.1,-5.5,-14.9
952,10796747.907532047,40,4.218477370417105,65.78150862958289,548.6177819707212,1,6.435023093445125e-05,0.7954088807362419,0.20459111926375806,2.0689546924776174e-22,200.0,92.08150862958288,-209.98152262958288,-1.4,-1.0,-11.2,0.0,0.0,-29.5,-9.0,-3.5,-6.1,-5.5,-14.9
953,10796747.907532047,41,4.218477370417105,65.78150862958289,548.6177819707212,1,6.435023093445125e-05,0.7953930800548537,0.20460691994514638,1.9655069578537366e-22,200.0,92.08150862958288,-209.98152262958288,-1.4,-1.0,-11.2,0.0,0.0,-29.5,-9.0,-3.5,-6.1,-5.5,-14.9
954,10796747.907532047,42,4.218477370417105,65.78150862958289,548.6177819707212,1,6.435023093445125e-05,0.7953714570335156,0.20462854296648442,1.8672316099610497e-22,200.0,92.08150862958288,-209.98152262958288,-1.4,-1.0,-11.2,0.0,0.0,-29.5,-9.0,-3.5,-6.1,-5.5,-14.9
955,10796747.907532047,43,4.218477370417105,65.78150862958289,548.6177819707212,1,6.435023093445125e-05,0.7953495784192017,0.20465042158079827,1.7738700294629972e-22,200.0,92.08150862958288,-209.98152262958288,-1.4,-1.0,-11.2,0.0,0.0,-29.5,-9.0,-3.5,-6.1,-5.5,-14.9
956,10796747.907532047,44,4.218477370417105,65.78150862958289,548.6177819707212,1,6.435023093445125e-05,0.7953295638138514,0.20467043618614852,1.6851765279898472e-22,200.0,92.08150862958288,-209.98152262958288,-1.4,-1.0,-11.2,0.0,0.0,-29.5,-9.0,-3.5,-6.1,-5.5,-14.9
957,10796747.907532047,45,4.218477370417105,65.78150862958289,548.6177819707212,1,6.435023093445125e-05,0.7953134194885053,0.2046865805114947,1.6009177015903547e-22,200.0,92.08150862958288,-209.98152262958288,-1.4,-1.0,-11.2,0.0,0.0,-29.5,-9.0,-3.5,-6.1,-5.5,-14.9
958,10796747.907532047,46,4.218477370417105,65.78150862958289,548.6177819707212,1,6.435023093445125e-05,0.7952967478741043,0.20470325212589563,1.520871816510837e-22,200.0,92.08150862958288,-209.98152262958288,-1.4,-1.0,-11.2,0.0,0.0,-29.5,-9.0,-3.5,-6.1,-5.5,-14.9
959,10796747.907532047,47,4.218477370417105,65.78150862958289,548.6177819707212,1,6.435023093445125e-05,0.7952785291729603,0.20472147082703976,1.444828225685295e-22,200.0,92.08150862958288,-209.98152262958288,-1.4,-1.0,-11.2,0.0,0.0,-29.5,-9.0,-3.5,-6.1,-5.5,-14.9
960,10796747.907532047,48,4.218477370417105,65.78150862958289,548.6177819707212,1,6.435023093445125e-05,0.7952588449154319,0.20474115508456814,1.3725868144010303e-22,200.0,92.08150862958288,-209.98152262958288,-1.4,-1.0,-11.2,0.0,0.0,-29.5,-9.0,-3.5,-6.1,-5.5,-14.9
961,10796747.907532047,49,4.218477370417105,65.78150862958289,548.6177819707212,1,6.435023093445125e-05,0.7952388197735427,0.20476118022645723,1.3039574736809786e-22,200.0,92.08150862958288,-209.98152262958288,-1.4,-1.0,-11.2,0.0,0.0,-29.5,-9.0,-3.5,-6.1,-5.5,-14.9
962,10796747.907532047,0,4.218477370417105,65.78150862958289,548.6177819707212,1,6.435023093445125e-05,0.7952205655034721,0.20477943449652786,1.2387595999969296e-22,200.0,92.08150862958288,-209.98152262958288,-1.4,-1.0,-11.2,0.0,0.0,-29.5,-9.0,-3.5,-6.1,-5.5,-14.9
963,10796747.907532047,1,4.218477370417105,65.78150862958289,548.6177819707212,1,6.435023093445125e-05,0.7951987662532418,0.20480123374675815,1.1768216199970833e-22,200.0,92.08150862958288,-209.98152262958288,-1.4,-1.0,-11.2,0.0,0.0,-29.5,-9.0,-3.5,-6.1,-5.5,-14.9
964,10796747.907532047,2,4.218477370417105,65.78150862958289,548.6177819707212,1,6.435023093445125e-05,0.7951756955976338,0.20482430440236615,1.1179805389972291e-22,200.0,92.08150862958288,-209.98152262958288,-1.4,-1.0,-11.2,0.0,0.0,-29.5,-9.0,-3.5,-6.1,-5.5,-14.9
965,10796747.907532047,3,4.218477370417105,65.78150862958289,548.6177819707212,1,6.435023093445125e-05,0.7951576826840654,0.20484231731593458,1.0620815120473675e-22,200.0,92.08150862958288,-209.98152262958288,-1.4,-1.0,-11.2,0.0,0.0,-29.5,-9.0,-3.5,-6.1,-5.5,-14.9
966,10796747.907532047,4,4.218477370417105,65.78150862958289,548.6177819707212,1,6.435023093445125e-05,0.7951413392963428,0.20485866070365716,1.0089774364449991e-22,200.0,92.08150862958288,-209.98152262958288,-1.4,-1.0,-11.2,0.0,0.0,-29.5,-9.0,-3.5,-6.1,-5.5,-14.9
967,10796747.907532047,5,4.218477370417105,65.78150862958289,548.6177819707212,1,6.435023093445125e-05,0.7951203332504725,0.20487966674952748,9.585285646227491e-23,200.0,92.08150862958288,-209.98152262958288,-1.4,-1.0,-11.2,0.0,0.0,-29.5,-9.0,-3.5,-6.1,-5.5,-14.9
968,10796747.907532047,6,4.218477370417105,65.78150862958289,548.6177819707212,1,6.435023093445125e-05,0.7951021905740906,0.20489780942590943,9.106021363916117e-23,200.0,92.08150862958288,-209.98152262958288,-1.4,-1.0,-11.2,0.0,0.0,-29.5,-9.0,-3.5,-6.1,-5.5,-14.9
969,10796747.907532047,7,4.218477370417105,65.78150862958289,548.6177819707212,1,6.435023093445125e-05,0.7950857248476332,0.20491427515236685,8.650720295720312e-23,200.0,92.08150862958288,-209.98152262958288,-1.4,-1.0,-11.2,0.0,0.0,-29.5,-9.0,-3.5,-6.1,-5.5,-14.9
970,10796747.907532047,8,4.218477370417105,65.78150862958289,548.6177819707212,1,6.435023093445125e-05,0.7950656591212616,0.20493434087873846,8.218184280934296e-23,200.0,92.08150862958288,-209.98152262958288,-1.4,-1.0,-11.2,0.0,0.0,-29.5,-9.0,-3.5,-6.1,-5.5,-14.9
971,10796747.907532047,9,4.218477370417105,65.78150862958289,548.6177819707212,1,6.435023093445125e-05,0.7950494437457919,0.2049505562542082,7.80727506688758e-23,200.0,92.08150862958288,-209.98152262958288,-1.4,-1.0,-11.2,0.0,0.0,-29.5,-9.0,-3.5,-6.1,-5.5,-14.9
972,10796747.907532047,10,4.218477370417105,65.78150862958289,548.6177819707212,1,6.435023093445125e-05,0.7950306623251646,0.20496933767483538,7.416911313543201e-23,200.0,92.08150862958288,-209.98152262958288,-1.4,-1.0,-11.2,0.0,0.0,-29.5,-9.0,-3.5,-6.1,-5.5,-14.9
973,10796747.907532047,11,4.218477370417105,65.78150862958289,548.6177819707212,1,6.435023093445125e-05,0.7950115202622358,0.20498847973776427,7.046065747866041e-23,200.0,92.08150862958288,-209.98152262958288,-1.4,-1.0,-11.2,0.0,0.0,-29.5,-9.0,-3.5,-6.1,-5.5,-14.9
974,10796747.907532047,12,4.218477370417105,65.78150862958289,548.6177819707212,1,6.435023093445125e-05,0.7949920380325035,0.20500796196749643,6.693762460472739e-23,200.0,92.08150862958288,-209.98152262958288,-1.4,-1.0,-11.2,0.0,0.0,-29.5,-9.0,-3.5,-6.1,-5.5,-14.9
975,10796747.907532047,13,4.218477370417105,65.78150862958289,548.6177819707212,1,6.435023093445125e-05,0.7949732689751402,0.20502673102485977,6.359074337449103e-23,200.0,92.08150862958288,-209.98152262958288,-1.4,-1.0,-11.2,0.0,0.0,-29.5,-9.0,-3.5,-6.1,-5.5,-14.9
976,10796747.907532047,14,4.218477370417105,65.78150862958289,548.6177819707212,1,6.435023093445125e-05,0.7949510455681823,0.20504895443181773,6.041120620576648e-23,200.0,92.08150862958288,-209.98152262958288,-1.4,-1.0,-11.2,0.0,0.0,-29.5,-9.0,-3.5,-6.1,-5.5,-14.9
977,10796747.907532047,15,4.218477370417105,65.78150862958289,548.6177819707212,1,6.435023093445125e-05,0.7949276124847701,0.20507238751522988,5.739064589547815e-23,200.0,92.08150862958288,-209.98152262958288,-1.4,-1.0,-11.2,0.0,0.0,-29.5,-9.0,-3.5,-6.1,-5.5,-14.9
978,10796747.907532047,16,4.218477370417105,65.78150862958289,548.6177819707212,1,6.435023093445125e-05,0.7949030342108679,0.205096965789132,5.452111360070424e-23,200.0,92.08150862958288,-209.98152262958288,-1.4,-1.0,-11.2,0.0,0.0,-29.5,-9.0,-3.5,-6.1,-5.5,-14.9
979,10796747.907532047,17,4.218477370417105,65.78150862958289,548.6177819707212,1,6.435023093445125e-05,0.7948825263446793,0.20511747365532074,5.179505792066902e-23,200.0,92.08150862958288,-209.98152262958288,-1.4,-1.0,-11.2,0.0,0.0,-29.5,-9.0,-3.5,-6.1,-5.5,-14.9
980,10796747.907532047,18,4.218477370417105,65.78150862958289,548.6177819707212,1,6.435023093445125e-05,0.7948638200482605,0.20513617995173952,4.920530502463557e-23,200.0,92.08150862958288,-209.98152262958288,-1.4,-1.0,-11.2,0.0,0.0,-29.5,-9.0,-3.5,-6.1,-5.5,-14.9
981,10796747.907532047,19,4.218477370417105,65.78150862958289,548.6177819707212,1,6.435023093445125e-05,0.7948457953464936,0.20515420465350642,4.674503977340379e-23,200.0,92.08150862958288,-209.98152262958288,-1.4,-1.0,-11.2,0.0,0.0,-29.5,-9.0,-3.5,-6.1,-5.5,-14.9
982,10796747.907532047,20,4.218477370417105,65.78150862958289,548.6177819707212,1,6.435023093445125e-05,0.7948304729191007,0.20516952708089936,4.44077877847336e-23,200.0,92.08150862958288,-209.98152262958288,-1.4,-1.0,-11.2,0.0,0.0,-29.5,-9.0,-3.5,-6.1,-5.5,-14.9
983,10796747.907532047,21,4.218477370417105,65.78150862958289,548.6177819707212,1,6.435023093445125e-05,0.7948177134964851,0.2051822865035149,4.2187398395496915e-23,200.0,92.08150862958288,-209.98152262958288,-1.4,-1.0,-11.2,0.0,0.0,-29.5,-9.0,-3.5,-6.1,-5.5,-14.9
984,10796747.907532047,22,4.218477370417105,65.78150862958289,548.6177819707212,1,6.435023093445125e-05,0.7948053358051651,0.20519466419483484,4.0078028475722066e-23,200.0,92.08150862958288,-209.98152262958288,-1.4,-1.0,-11.2,0.0,0.0,-29.5,-9.0,-3.5,-6.1,-5.5,-14.9
985,10796747.907532047,23,4.218477370417105,65.78150862958289,548.6177819707212,1,6.435023093445125e-05,0.7947933212728692,0.20520667872713083,3.807412705193597e-23,200.0,92.08150862958288,-209.98152262958288,-1.4,-1.0,-11.2,0.0,0.0,-29.5,-9.0,-3.5,-6.1,-5.5,-14.9
986,10796747.907532047,24,4.218477370417105,65.78150862958289,548.6177819707212,1,6.435023093445125e-05,0.7947796067005816,0.20522039329941846,3.617042069933917e-23,200.0,92.08150862958288,-209.98152262958288,-1.4,-1.0,-11.2,0.0,0.0,-29.5,-9.0,-3.5,-6.1,-5.5,-14.9
987,10796747.907532047,25,4.218477370417105,65.78150862958289,548.6177819707212,1,6.435023093445125e-05,0.7947704116484162,0.2052295883515838,3.4361899664372214e-23,200.0,92.08150862958288,-209.98152262958288,-1.4,-1.0,-11.2,0.0,0.0,-29.5,-9.0,-3.5,-6.1,-5.5,-14.9
988,10796747.907532047,26,4.218477370417105,65.78150862958289,548.6177819707212,1,6.435023093445125e-05,0.794762440391579,0.205237559608421,3.26438046811536e-23,200.0,92.08150862958288,-209.98152262958288,-1.4,-1.0,-11.2,0.0,0.0,-29.5,-9.0,-3.5,-6.1,-5.5,-14.9
989,10796747.907532047,27,4.218477370417105,65.78150862958289,548.6177819707212,1,6.435023093445125e-05,0.7947617414913818,0.20523825850861815,3.101161444709592e-23,200.0,92.08150862958288,-209.98152262958288,-1.4,-1.0,-11.2,0.0,0.0,-29.5,-9.0,-3.5,-6.1,-5.5,-14.9
990,10796747.907532047,28,4.218477370417105,65.78150862958289,548.6177819707212,1,6.435023093445125e-05,0.7947638650625058,0.20523613493749418,2.946103372474113e-23,200.0,92.08150862958288,-209.98152262958288,-1.4,-1.0,-11.2,0.0,0.0,-29.5,-9.0,-3.5,-6.1,-5.5,-14.9
991,10796747.907532047,29,4.218477370417105,65.78150862958289,548.6177819707212,1,6.435023093445125e-05,0.7947656168401172,0.20523438315988285,2.798798203850407e-23,200.0,92.08150862958288,-209.98152262958288,-1.4,-1.0,-11.2,0.0,0.0,-29.5,-9.0,-3.5,-6.1,-5.5,-14.9
992,10796747.907532047,30,4.218477370417105,65.78150862958289,548.6177819707212,1,6.435023093445125e-05,0.7947649862753446,0.2052350137246554,2.6588582936578874e-23,200.0,92.08150862958288,-209.98152262958288,-1.4,-1.0,-11.2,0.0,0.0,-29.5,-9.0,-3.5,-6.1,-5.5,-14.9
993,10796747.907532047,31,4.218477370417105,65.78150862958289,548.6177819707212,1,6.435023093445125e-05,0.7947661523474814,0.2052338476525187,2.525915378974993e-23,200.0,92.08150862958288,-209.98152262958288,-1.4,-1.0,-11.2,0.0,0.0,-29.5,-9.0,-3.5,-6.1,-5.5,-14.9
994,10796747.907532047,32,4.218477370417105,65.78150862958289,548.6177819707212,1,6.435023093445125e-05,0.7947619306931104,0.20523806930688943,2.3996196100262427e-23,200.0,92.08150862958288,-209.98152262958288,-1.4,-1.0,-11.2,0.0,0.0,-29.5,-9.0,-3.5,-6.1,-5.5,-14.9
995,10796747.907532047,33,4.218477370417105,65.78150862958289,548.6177819707212,1,6.435023093445125e-05,0.794756649010437,0.20524335098956306,2.279638629524931e-23,200.0,92.08150862958288,-209.98152262958288,-1.4,-1.0,-11.2,0.0,0.0,-29.5,-9.0,-3.5,-6.1,-5.5,-14.9
996,10796747.907532047,34,4.218477370417105,65.78150862958289,548.6177819707212,1,6.435023093445125e-05,0.79475339728726,0.20524660271274003,2.1656566980486845e-23,200.0,92.08150862958288,-209.98152262958288,-1.4,-1.0,-11.2,0.0,0.0,-29.5,-9.0,-3.5,-6.1,-5.5,-14.9
997,10796747.907532047,35,4.218477370417105,65.78150862958289,548.6177819707212,1,6.435023093445125e-05,0.7947520700106612,0.20524792998933888,2.05737386314625e-23,200.0,92.08150862958288,-209.98152262958288,-1.4,-1.0,-11.2,0.0,0.0,-29.5,-9.0,-3.5,-6.1,-5.5,-14.9
998,10796747.907532047,36,4.218477370417105,65.78150862958289,548.6177819707212,1,6.435023093445125e-05,0.7947475212435475,0.20525247875645244,1.9545051699889374e-23,200.0,92.08150862958288,-209.98152262958288,-1.4,-1.0,-11.2,0.0,0.0,-29.5,-9.0,-3.5,-6.1,-5.5,-14.9
999,10796747.907532047,37,4.218477370417105,65.78150862958289,548.6177819707212,1,6.435023093445125e-05,0.7947439518398474,0.20525604816015267,1.8567799114894906e-23,200.0,92.08150862958288,-209.98152262958288,-1.4,-1.0,-11.2,0.0,0.0,-29.5,-9.0,-3.5,-6.1,-5.5,-14.9
1000,10796747.907532047,38,4.218477370417105,65.78150862958289,548.6177819707212,1,6.435023093445125e-05,0.7947433254625283,0.20525667453747162,1.763940915915016e-23,200.0,92.08150862958288,-209.98152262958288,-1.4,-1.0,-11.2,0.0,0.0,-29.5,-9.0,-3.5,-6.1,-5.5,-14.9
1001,10796747.907532047,39,4.218477370417105,65.78150862958289,548.6177819707212,1,6.435023093445125e-05,0.7947444826732983,0.2052555173267016,1.675743870119265e-23,200.0,92.08150862958288,-209.98152262958288,-1.4,-1.0,-11.2,0.0,0.0,-29.5,-9.0,-3.5,-6.1,-5.5,-14.9
1002,10796747.907532047,40,4.218477370417105,65.78150862958289,548.6177819707212,1,6.435023093445125e-05,0.7947473303298235,0.2052526696701765,1.591956676613302e-23,200.0,92.08150862958288,-209.98152262958288,-1.4,-1.0,-11.2,0.0,0.0,-29.5,-9.0,-3.5,-6.1,-5.5,-14.9
1003,10796747.907532047,41,4.218477370417105,65.78150862958289,548.6177819707212,1,6.435023093445125e-05,0.7947457582959623,0.20525424170403772,1.5123588427826368e-23,200.0,92.08150862958288,-209.98152262958288,-1.4,-1.0,-11.2,0.0,0.0,-29.5,-9.0,-3.5,-6.1,-5.5,-14.9
1004,10796747.907532047,42,4.218477370417105,65.78150862958289,548.6177819707212,1,6.435023093445125e-05,0.7947430038208361,0.20525699617916393,1.4367409006435048e-23,200.0,92.08150862958288,-209.98152262958288,-1.4,-1.0,-11.2,0.0,0.0,-29.5,-9.0,-3.5,-6.1,-5.5,-14.9
1005,10796747.907532047,43,4.218477370417105,65.78150862958289,548.6177819707212,1,6.435023093445125e-05,0.794741132835994,0.205258867164006,1.3649038556113294e-23,200.0,92.08150862958288,-209.98152262958288,-1.4,-1.0,-11.2,0.0,0.0,-29.5,-9.0,-3.5,-6.1,-5.5,-14.9
1006,10796747.907532047,44,4.218477370417105,65.78150862958289,548.6177819707212,1,6.435023093445125e-05,0.79474210130658,0.20525789869342,1.2966586628307629e-23,200.0,92.08150862958288,-209.98152262958288,-1.4,-1.0,-11.2,0.0,0.0,-29.5,-9.0,-3.5,-6.1,-5.5,-14.9
1007,10796747.907532047,45,4.218477370417105,65.78150862958289,548.6177819707212,1,6.435023093445125e-05,0.7947457606842274,0.20525423931577258,1.2318257296892248e-23,200.0,92.08150862958288,-209.98152262958288,-1.4,-1.0,-11.2,0.0,0.0,-29.5,-9.0,-3.5,-6.1,-5.5,-14.9
1008,10796747.907532047,46,4.218477370417105,65.78150862958289,548.6177819707212,1,6.435023093445125e-05,0.7947469784564144,0.20525302154358555,1.1702344432047635e-23,200.0,92.08150862958288,-209.98152262958288,-1.4,-1.0,-11.2,0.0,0.0,-29.5,-9.0,-3.5,-6.1,-5.5,-14.9
1009,10796747.907532047,47,4.218477370417105,65.78150862958289,548.6177819707212,1,6.435023093445125e-05,0.7947488737435995,0.20525112625640055,1.1117227210445254e-23,200.0,92.08150862958288,-209.98152262958288,-1.4,-1.0,-11.2,0.0,0.0,-29.5,-9.0,-3.5,-6.1,-5.5,-14.9
1010,10796747.907532047,48,4.218477370417105,65.78150862958289,548.6177819707212,1,6.435023093445125e-05,0.7947454298916816,0.20525457010831838,1.056136584992299e-23,200.0,92.08150862958288,-209.98152262958288,-1.4,-1.0,-11.2,0.0,0.0,-29.5,-9.0,-3.5,-6.1,-5.5,-14.9
1011,10796747.907532047,49,4.218477370417105,65.78150862958289,548.6177819707212,1,6.435023093445125e-05,0.7947458880957,0.20525411190429993,1.003329755742684e-23,200.0,92.08150862958288,-209.98152262958288,-1.4,-1.0,-11.2,0.0,0.0,-29.5,-9.0,-3.5,-6.1,-5.5,-14.9
1012,10796747.907532047,0,4.218477370417105,65.78150862958289,548.6177819707212,1,6.435023093445125e-05,0.7947460656968324,0.20525393430316768,9.531632679555498e-24,200.0,92.08150862958288,-209.98152262958288,-1.4,-1.0,-11.2,0.0,0.0,-29.5,-9.0,-3.5,-6.1,-5.5,-14.9
1013,10796747.907532047,1,4.218477370417105,65.78150862958289,548.6177819707212,1,6.435023093445125e-05,0.7947479646777448,0.20525203532225522,9.055051045577724e-24,200.0,92.08150862958288,-209.98152262958288,-1.4,-1.0,-11.2,0.0,0.0,-29.5,-9.0,-3.5,-6.1,-5.5,-14.9
1014,10796747.907532047,2,4.218477370417105,65.78150862958289,548.6177819707212,1,6.435023093445125e-05,0.7947485174173143,0.2052514825826857,8.602298493298837e-24,200.0,92.08150862958288,-209.98152262958288,-1.4,-1.0,-11.2,0.0,0.0,-29.5,-9.0,-3.5,-6.1,-5.5,-14.9
1015,10796747.907532047,3,4.218477370417105,65.78150862958289,548.6177819707212,1,6.435023093445125e-05,0.7947458092582288,0.2052541907417712,8.172183568633895e-24,200.0,92.08150862958288,-209.98152262958288,-1.4,-1.0,-11.2,0.0,0.0,-29.5,-9.0,-3.5,-6.1,-5.5,-14.9
1016,10796747.907532047,4,4.218477370417105,65.78150862958289,548.6177819707212,1,6.435023093445125e-05,0.7947429827082007,0.20525701729179938,7.763574390202201e-24,200.0,92.08150862958288,-209.98152262958288,-1.4,-1.0,-11.2,0.0,0.0,-29.5,-9.0,-3.5,-6.1,-5.5,-14.9
1017,10796747.907532047,5,4.218477370417105,65.78150862958289,548.6177819707212,1,6.435023093445125e-05,0.7947410344724941,0.2052589655275059,7.37539567069209e-24,200.0,92.08150862958288,-209.98152262958288,-1.4,-1.0,-11.2,0.0,0.0,-29.5,-9.0,-3.5,-6.1,-5.5,-14.9
1018,10796747.907532047,6,4.218477370417105,65.78150862958289,548.6177819707212,1,6.435023093445125e-05,0.7947389298915076,0.20526107010849232,7.006625887157486e-24,200.0,92.08150862958288,-209.98152262958288,-1.4,-1.0,-11.2,0.0,0.0,-29.5,-9.0,-3.5,-6.1,-5.5,-14.9
1019,10796747.907532047,7,4.218477370417105,65.78150862958289,548.6177819707212,1,6.435023093445125e-05,0.7947356888656902,0.20526431113430973,6.656294592799611e-24,200.0,92.08150862958288,-209.98152262958288,-1.4,-1.0,-11.2,0.0,0.0,-29.5,-9.0,-3.5,-6.1,-5.5,-14.9
1020,10796747.907532047,8,4.218477370417105,65.78150862958289,548.6177819707212,1,6.435023093445125e-05,0.7947343328540382,0.20526566714596187,6.323479863159631e-24,200.0,92.08150862958288,-209.98152262958288,-1.4,-1.0,-11.2,0.0,0.0,-29.5,-9.0,-3.5,-6.1,-5.5,-14.9
1021,10796747.907532047,9,4.218477370417105,65.78150862958289,548.6177819707212,1,6.435023093445125e-05,0.7947288450106517,0.2052711549893483,6.007305870001649e-24,200.0,92.08150862958288,-209.98152262958288,-1.4,-1.0,-11.2,0.0,0.0,-29.5,-9.0,-3.5,-6.1,-5.5,-14.9
1022,10796747.907532047,10,4.218477370417105,65.78150862958289,548.6177819707212,1,6.435023093445125e-05,0.7947233825696118,0.2052766174303881,5.706940576501566e-24,200.0,92.08150862958288,-209.98152262958288,-1.4,-1.0,-11.2,0.0,0.0,-29.5,-9.0,-3.5,-6.1,-5.5,-14.9
1023,10796747.907532047,11,4.218477370417105,65.78150862958289,548.6177819707212,1,6.435023093445125e-05,0.7947189296845487,0.2052810703154513,5.421593547676488e-24,200.0,92.08150862958288,-209.98152262958288,-1.4,-1.0,-11.2,0.0,0.0,-29.5,-9.0,-3.5,-6.1,-5.5,-14.9
1024,10796747.907532047,12,4.218477370417105,65.78150862958289,548.6177819707212,1,6.435023093445125e-05,0.7947154343519645,0.20528456564803554,5.150513870292664e-24,200.0,92.08150862958288,-209.98152262958288,-1.4,-1.0,-11.2,0.0,0.0,-29.5,-9.0,-3.5,-6.1,-5.5,-14.9
1025,10796747.907532047,13,4.218477370417105,65.78150862958289,548.6177819707212,1,6.435023093445125e-05,0.7947098983546678,0.20529010164533218,4.8929881767780305e-24,200.0,92.08150862958288,-209.98152262958288,-1.4,-1.0,-11.2,0.0,0.0,-29.5,-9.0,-3.5,-6.1,-5.5,-14.9
1026,10796747.907532047,14,4.218477370417105,65.78150862958289,548.6177819707212,1,6.435023093445125e-05,0.7947024273647454,0.20529757263525455,4.648338767939129e-24,200.0,92.08150862958288,-209.98152262958288,-1.4,-1.0,-11.2,0.0,0.0,-29.5,-9.0,-3.5,-6.1,-5.5,-14.9
1027,10796747.907532047,15,4.218477370417105,65.78150862958289,548.6177819707212,1,6.435023093445125e-05,0.7946941035410289,0.20530589645897107,4.415921829542173e-24,200.0,92.08150862958288,-209.98152262958288,-1.4,-1.0,-11.2,0.0,0.0,-29.5,-9.0,-3.5,-6.1,-5.5,-14.9
1028,10796747.907532047,16,4.218477370417105,65.78150862958289,548.6177819707212,1,6.435023093445125e-05,0.7946849717097257,0.20531502829027432,4.195125738065064e-24,200.0,92.08150862958288,-209.98152262958288,-1.4,-1.0,-11.2,0.0,0.0,-29.5,-9.0,-3.5,-6.1,-5.5,-14.9
1029,10796747.907532047,17,4.218477370417105,65.78150862958289,548.6177819707212,1,6.435023093445125e-05,0.794678014232767,0.20532198576723307,3.985369451161811e-24,200.0,92.08150862958288,-209.98152262958288,-1.4,-1.0,-11.2,0.0,0.0,-29.5,-9.0,-3.5,-6.1,-5.5,-14.9
1030,10796747.907532047,18,4.218477370417105,65.78150862958289,548.6177819707212,1,6.435023093445125e-05,0.79466822428091,0.20533177571909,3.78610097860372e-24,200.0,92.08150862958288,-209.98152262958288,-1.4,-1.0,-11.2,0.0,0.0,-29.5,-9.0,-3.5,-6.1,-5.5,-14.9
1031,10796747.907532047,19,4.218477370417105,65.78150862958289,548.6177819707212,1,6.435023093445125e-05,0.79465966194315,0.20534033805685006,3.596795929673534e-24,200.0,92.08150862958288,-209.98152262958288,-1.4,-1.0,-11.2,0.0,0.0,-29.5,-9.0,-3.5,-6.1,-5.5,-14.9
1032,10796747.907532047,20,4.218477370417105,65.78150862958289,548.6177819707212,1,6.435023093445125e-05,0.7946561715945033,0.20534382840549664,3.416956133189857e-24,200.0,92.08150862958288,-209.98152262958288,-1.4,-1.0,-11.2,0.0,0.0,-29.5,-9.0,-3.5,-6.1,-5.5,-14.9
1033,10796747.907532047,21,4.218477370417105,65.78150862958289,548.6177819707212,1,6.435023093445125e-05,0.7946516353767997,0.20534836462320022,3.246108326530364e-24,200.0,92.08150862958288,-209.98152262958288,-1.4,-1.0,-11.2,0.0,0.0,-29.5,-9.0,-3.5,-6.1,-5.5,-14.9
1034,10796747.907532047,22,4.218477370417105,65.78150862958289,548.6177819707212,1,6.435023093445125e-05,0.7946441574989673,0.20535584250103273,3.083802910203846e-24,200.0,92.08150862958288,-209.98152262958288,-1.4,-1.0,-11.2,0.0,0.0,-29.5,-9.0,-3.5,-6.1,-5.5,-14.9
1035,10796747.907532047,23,4.218477370417105,65.78150862958289,548.6177819707212,1,6.435023093445125e-05,0.7946368134129974,0.20536318658700262,2.9296127646936535e-24,200.0,92.08150862958288,-209.98152262958288,-1.4,-1.0,-11.2,0.0,0.0,-29.5,-9.0,-3.5,-6.1,-5.5,-14.9
1036,10796747.907532047,24,4.218477370417105,65.78150862958289,548.6177819707212,1,6.435023093445125e-05,0.7946276497479422,0.20537235025205783,2.783132126458971e-24,200.0,92.08150862958288,-209.98152262958288,-1.4,-1.0,-11.2,0.0,0.0,-29.5,-9.0,-3.5,-6.1,-5.5,-14.9
1037,10796747.907532047,25,4.218477370417105,65.78150862958289,548.6177819707212,1,6.435023093445125e-05,0.7946196796284724,0.20538032037152765,2.643975520136022e-24,200.0,92.08150862958288,-209.98152262958288,-1.4,-1.0,-11.2,0.0,0.0,-29.5,-9.0,-3.5,-6.1,-5.5,-14.9
1038,10796747.907532047,26,4.218477370417105,65.78150862958289,548.6177819707212,1,6.435023093445125e-05,0.7946196398220978,0.20538036017790218,2.511776744129221e-24,200.0,92.08150862958288,-209.98152262958288,-1.4,-1.0,-11.2,0.0,0.0,-29.5,-9.0,-3.5,-6.1,-5.5,-14.9
1039,10796747.907532047,27,4.218477370417105,65.78150862958289,548.6177819707212,1,6.435023093445125e-05,0.7946183875607227,0.20538161243927733,2.38618790692276e-24,200.0,92.08150862958288,-209.98152262958288,-1.4,-1.0,-11.2,0.0,0.0,-29.5,-9.0,-3.5,-6.1,-5.5,-14.9
1040,10796747.907532047,28,4.218477370417105,65.78150862958289,548.6177819707212,1,6.435023093445125e-05,0.7946188923545111,0.20538110764548895,2.266878511576622e-24,200.0,92.08150862958288,-209.98152262958288,-1.4,-1.0,-11.2,0.0,0.0,-29.5,-9.0,-3.5,-6.1,-5.5,-14.9
1041,10796747.907532047,29,4.218477370417105,65.78150862958289,548.6177819707212,1,6.435023093445125e-05,0.7946210626611747,0.20537893733882526,2.153534585997791e-24,200.0,92.08150862958288,-209.98152262958288,-1.4,-1.0,-11.2,0.0,0.0,-29.5,-9.0,-3.5,-6.1,-5.5,-14.9
1042,10796747.907532047,30,4.218477370417105,65.78150862958289,548.6177819707212,1,6.435023093445125e-05,0.7946190108756231,0.2053809891243769,2.0458578566979017e-24,200.0,92.08150862958288,-209.98152262958288,-1.4,-1.0,-11.2,0.0,0.0,-29.5,-9.0,-3.5,-6.1,-5.5,-14.9
1043,10796747.907532047,31,4.218477370417105,65.78150862958289,548.6177819707212,1,6.435023093445125e-05,0.7946197180421339,0.20538028195786606,1.9435649638630066e-24,200.0,92.08150862958288,-209.98152262958288,-1.4,-1.0,-11.2,0.0,0.0,-29.5,-9.0,-3.5,-6.1,-5.5,-14.9
1044,10796747.907532047,32,4.218477370417105,65.78150862958289,548.6177819707212,1,6.435023093445125e-05,0.7946162847464356,0.20538371525356436,1.8463867156698566e-24,200.0,92.08150862958288,-209.98152262958288,-1.4,-1.0,-11.2,0.0,0.0,-29.5,-9.0,-3.5,-6.1,-5.5,-14.9
1045,10796747.907532047,33,4.218477370417105,65.78150862958289,548.6177819707212,1,6.435023093445125e-05,0.7946079582615335,0.20539204173846648,1.7540673798863636e-24,200.0,92.08150862958288,-209.98152262958288,-1.4,-1.0,-11.2,0.0,0.0,-29.5,-9.0,-3.5,-6.1,-5.5,-14.9
1046,10796747.907532047,34,4.218477370417105,65.78150862958289,548.6177819707212,1,6.435023093445125e-05,0.7946036694871029,0.2053963305128971,1.6663640108920456e-24,200.0,92.08150862958288,-209.98152262958288,-1.4,-1.0,-11.2,0.0,0.0,-29.5,-9.0,-3.5,-6.1,-5.5,-14.9
1047,10796747.907532047,35,4.218477370417105,65.78150862958289,548.6177819707212,1,6.435023093445125e-05,0.7945983938516571,0.20540160614834285,1.5830458103474433e-24,200.0,92.08150862958288,-209.98152262958288,-1.4,-1.0,-11.2,0.0,0.0,-29.5,-9.0,-3.5,-6.1,-5.5,-14.9
1048,10796747.907532047,36,4.218477370417105,65.78150862958289,548.6177819707212,1,6.435023093445125e-05,0.794596031104139,0.20540396889586093,1.503893519830071e-24,200.0,92.08150862958288,-209.98152262958288,-1.4,-1.0,-11.2,0.0,0.0,-29.5,-9.0,-3.5,-6.1,-5.5,-14.9
1049,10796747.907532047,37,4.218477370417105,65.78150862958289,548.6177819707212,1,6.435023093445125e-05,0.7945887410799543,0.20541125892004575,1.4286988438385675e-24,200.0,92.08150862958288,-209.98152262958288,-1.4,-1.0,-11.2,0.0,0.0,-29.5,-9.0,-3.5,-6.1,-5.5,-14.9
1050,10796747.907532047,38,4.218477370417105,65.78150862958289,548.6177819707212,1,6.435023093445125e-05,0.7945844627977907,0.20541553720220923,1.3572639016466391e-24,200.0,92.08150862958288,-209.98152262958288,-1.4,-1.0,-11.2,0.0,0.0,-29.5,-9.0,-3.5,-6.1,-5.5,-14.9
1051,10796747.907532047,39,4.218477370417105,65.78150862958289,548.6177819707212,1,6.435023093445125e-05,0.7945772831210961,0.2054227168789039,1.2894007065643073e-24,200.0,92.08150862958288,-209.98152262958288,-1.4,-1.0,-11.2,0.0,0.0,-29.5,-9.0,-3.5,-6.1,-5.5,-14.9
1052,10796747.907532047,40,4.218477370417105,65.78150862958289,548.6177819707212,1,6.435023093445125e-05,0.7945673516810358,0.20543264831896427,1.2249306712360919e-24,200.0,92.08150862958288,-209.98152262958288,-1.4,-1.0,-11.2,0.0,0.0,-29.5,-9.0,-3.5,-6.1,-5.5,-14.9
1053,10796747.907532047,41,4.218477370417105,65.78150862958289,548.6177819707212,1,6.435023093445125e-05,0.7945538517140919,0.2054461482859081,1.1636841376742873e-24,200.0,92.08150862958288,-209.98152262958288,-1.4,-1.0,-11.2,0.0,0.0,-29.5,-9.0,-3.5,-6.1,-5.5,-14.9
1054,10796747.907532047,42,4.218477370417105,65.78150862958289,548.6177819707212,1,6.435023093445125e-05,0.7945408004298363,0.2054591995701637,1.1054999307905731e-24,200.0,92.08150862958288,-209.98152262958288,-1.4,-1.0,-11.2,0.0,0.0,-29.5,-9.0,-3.5,-6.1,-5.5,-14.9
1055,10796747.907532047,43,4.218477370417105,65.78150862958289,548.6177819707212,1,6.435023093445125e-05,0.7945320035715977,0.2054679964284023,1.0502249342510444e-24,200.0,92.08150862958288,-209.98152262958288,-1.4,-1.0,-11.2,0.0,0.0,-29.5,-9.0,-3.5,-6.1,-5.5,-14.9
1056,10796747.907532047,44,4.218477370417105,65.78150862958289,548.6177819707212,1,6.435023093445125e-05,0.7945205495906952,0.2054794504093048,9.977136875384922e-25,200.0,92.08150862958288,-209.98152262958288,-1.4,-1.0,-11.2,0.0,0.0,-29.5,-9.0,-3.5,-6.1,-5.5,-14.9
1057,10796747.907532047,45,4.218477370417105,65.78150862958289,548.6177819707212,1,6.435023093445125e-05,0.7945094423833872,0.20549055761661278,9.478280031615675e-25,200.0,92.08150862958288,-209.98152262958288,-1.4,-1.0,-11.2,0.0,0.0,-29.5,-9.0,-3.5,-6.1,-5.5,-14.9
1058,10796747.907532047,46,4.218477370417105,65.78150862958289,548.6177819707212,1,6.435023093445125e-05,0.7945015277414188,0.20549847225858123,9.004366030034893e-25,200.0,92.08150862958288,-209.98152262958288,-1.4,-1.0,-11.2,0.0,0.0,-29.5,-9.0,-3.5,-6.1,-5.5,-14.9
1059,10796747.907532047,47,4.218477370417105,65.78150862958289,548.6177819707212,1,6.435023093445125e-05,0.7944994977457965,0.20550050225420344,8.554147728533147e-25,200.0,92.08150862958288,-209.98152262958288,-1.4,-1.0,-11.2,0.0,0.0,-29.5,-9.0,-3.5,-6.1,-5.5,-14.9
1060,10796747.907532047,48,4.218477370417105,65.78150862958289,548.6177819707212,1,6.435023093445125e-05,0.7944925775685592,0.20550742243144088,8.1264403421064905e-25,200.0,92.08150862958288,-209.98152262958288,-1.4,-1.0,-11.2,0.0,0.0,-29.5,-9.0,-3.5,-6.1,-5.5,-14.9
1061,10796747.907532047,49,4.218477370417105,65.78150862958289,548.6177819707212,1,6.435023093445125e-05,0.794488628943559,0.20551137105644107,7.720118325001166e-25,200.0,92.08150862958288,-209.98152262958288,-1.4,-1.0,-11.2,0.0,0.0,-29.5,-9.0,-3.5,-6.1,-5.5,-14.9
1062,10796747.907532047,0,4.218477370417105,65.78150862958289,548.6177819707212,1,6.435023093445125e-05,0.794483697741359,0.20551630225864106,7.334112408751107e-25,200.0,92.08150862958288,-209.98152262958288,-1.4,-1.0,-11.2,0.0,0.0,-29.5,-9.0,-3.5,-6.1,-5.5,-14.9
1063,10796747.907532047,1,4.218477370417105,65.78150862958289,548.6177819707212,1,6.435023093445125e-05,0.7944806827952654,0.20551931720473463,6.967406788313551e-25,200.0,92.08150862958288,-209.98152262958288,-1.4,-1.0,-11.2,0.0,0.0,-29.5,-9.0,-3.5,-6.1,-5.5,-14.9
1064,10796747.907532047,2,4.218477370417105,65.78150862958289,548.6177819707212,1,6.435023093445125e-05,0.7944804325714151,0.2055195674285849,6.619036448897873e-25,200.0,92.08150862958288,-209.98152262958288,-1.4,-1.0,-11.2,0.0,0.0,-29.5,-9.0,-3.5,-6.1,-5.5,-14.9
1065,10796747.907532047,3,4.218477370417105,65.78150862958289,548.6177819707212,1,6.435023093445125e-05,0.7944799627646671,0.20552003723533285,6.28808462645298e-25,200.0,92.08150862958288,-209.98152262958288,-1.4,-1.0,-11.2,0.0,0.0,-29.5,-9.0,-3.5,-6.1,-5.5,-14.9
1066,10796747.907532047,4,4.218477370417105,65.78150862958289,548.6177819707212,1,6.435023093445125e-05,0.7944811766210864,0.20551882337891364,5.973680395130331e-25,200.0,92.08150862958288,-209.98152262958288,-1.4,-1.0,-11.2,0.0,0.0,-29.5,-9.0,-3.5,-6.1,-5.5,-14.9
1067,10796747.907532047,5,4.218477370417105,65.78150862958289,548.6177819707212,1,6.435023093445125e-05,0.7944830416940689,0.20551695830593114,5.674996375373814e-25,200.0,92.08150862958288,-209.98152262958288,-1.4,-1.0,-11.2,0.0,0.0,-29.5,-9.0,-3.5,-6.1,-5.5,-14.9
1068,10796747.907532047,6,4.218477370417105,65.78150862958289,548.6177819707212,1,6.435023093445125e-05,0.7944855240084383,0.2055144759915617,5.391246556605123e-25,200.0,92.08150862958288,-209.98152262958288,-1.4,-1.0,-11.2,0.0,0.0,-29.5,-9.0,-3.5,-6.1,-5.5,-14.9
1069,10796747.907532047,7,4.218477370417105,65.78150862958289,548.6177819707212,1,6.435023093445125e-05,0.7944838755452427,0.20551612445475737,5.121684228774868e-25,200.0,92.08150862958288,-209.98152262958288,-1.4,-1.0,-11.2,0.0,0.0,-29.5,-9.0,-3.5,-6.1,-5.5,-14.9
1070,10796747.907532047,8,4.218477370417105,65.78150862958289,548.6177819707212,1,6.435023093445125e-05,0.7944839645239863,0.2055160354760137,4.865600017336124e-25,200.0,92.08150862958288,-209.98152262958288,-1.4,-1.0,-11.2,0.0,0.0,-29.5,-9.0,-3.5,-6.1,-5.5,-14.9
1071,10796747.907532047,9,4.218477370417105,65.78150862958289,548.6177819707212,1,6.435023093445125e-05,0.7944866417529945,0.20551335824700542,4.6223200164693175e-25,200.0,92.08150862958288,-209.98152262958288,-1.4,-1.0,-11.2,0.0,0.0,-29.5,-9.0,-3.5,-6.1,-5.5,-14.9
1072,10796747.907532047,10,4.218477370417105,65.78150862958289,548.6177819707212,1,6.435023093445125e-05,0.7944861303719989,0.20551386962800106,4.391204015645851e-25,200.0,92.08150862958288,-209.98152262958288,-1.4,-1.0,-11.2,0.0,0.0,-29.5,-9.0,-3.5,-6.1,-5.5,-14.9
1073,10796747.907532047,11,4.218477370417105,65.78150862958289,548.6177819707212,1,6.435023093445125e-05,0.7944844743086188,0.20551552569138126,4.17164381486356e-25,200.0,92.08150862958288,-209.98152262958288,-1.4,-1.0,-11.2,0.0,0.0,-29.5,-9.0,-3.5,-6.1,-5.5,-14.9
1074,10796747.907532047,12,4.218477370417105,65.78150862958289,548.6177819707212,1,6.435023093445125e-05,0.7944836109511921,0.20551638904880795,3.9630616241203817e-25,200.0,92.08150862958288,-209.98152262958288,-1.4,-1.0,-11.2,0.0,0.0,-29.5,-9.0,-3.5,-6.1,-5.5,-14.9
1075,10796747.907532047,13,4.218477370417105,65.78150862958289,548.6177819707212,1,6.435023093445125e-05,0.7944816230541498,0.20551837694585026,3.7649085429143626e-25,200.0,92.08150862958288,-209.98152262958288,-1.4,-1.0,-11.2,0.0,0.0,-29.5,-9.0,-3.5,-6.1,-5.5,-14.9
1076,10796747.907532047,14,4.218477370417105,65.78150862958289,548.6177819707212,1,6.435023093445125e-05,0.7944795062803945,0.2055204937196055,3.5766631157686443e-25,200.0,92.08150862958288,-209.98152262958288,-1.4,-1.0,-11.2,0.0,0.0,-29.5,-9.0,-3.5,-6.1,-5.5,-14.9
1077,10796747.907532047,15,4.218477370417105,65.78150862958289,548.6177819707212,1,6.435023093445125e-05,0.7944772674927425,0.20552273250725756,3.3978299599802117e-25,200.0,92.08150862958288,-209.98152262958288,-1.4,-1.0,-11.2,0.0,0.0,-29.5,-9.0,-3.5,-6.1,-5.5,-14.9
1078,10796747.907532047,16,4.218477370417105,65.78150862958289,548.6177819707212,1,6.435023093445125e-05,0.7944777197318577,0.2055222802681423,3.227938461981201e-25,200.0,92.08150862958288,-209.98152262958288,-1.4,-1.0,-11.2,0.0,0.0,-29.5,-9.0,-3.5,-6.1,-5.5,-14.9
1079,10796747.907532047,17,4.218477370417105,65.78150862958289,548.6177819707212,1,6.435023093445125e-05,0.794480722679134,0.20551927732086597,3.0665415388821416e-25,200.0,92.08150862958288,-209.98152262958288,-1.4,-1.0,-11.2,0.0,0.0,-29.5,-9.0,-3.5,-6.1,-5.5,-14.9
1080,10796747.907532047,18,4.218477370417105,65.78150862958289,548.6177819707212,1,6.435023093445125e-05,0.7944814770681476,0.2055185229318524,2.9132144619380343e-25,200.0,92.08150862958288,-209.98152262958288,-1.4,-1.0,-11.2,0.0,0.0,-29.5,-9.0,-3.5,-6.1,-5.5,-14.9
1081,10796747.907532047,19,4.218477370417105,65.78150862958289,548.6177819707212,1,6.435023093445125e-05,0.7944819641962173,0.20551803580378278,2.7675537388411323e-25,200.0,92.08150862958288,-209.98152262958288,-1.4,-1.0,-11.2,0.0,0.0,-29.5,-9.0,-3.5,-6.1,-5.5,-14.9
1082,10796747.907532047,20,4.218477370417105,65.78150862958289,548.6177819707212,1,6.435023093445125e-05,0.794484061268718,0.2055159387312821,2.6291760518990757e-25,200.0,92.08150862958288,-209.98152262958288,-1.4,-1.0,-11.2,0.0,0.0,-29.5,-9.0,-3.5,-6.1,-5.5,-14.9
1083,10796747.907532047,21,4.218477370417105,65.78150862958289,548.6177819707212,1,6.435023093445125e-05,0.7944904753090799,0.20550952469092013,2.497717249304122e-25,200.0,92.08150862958288,-209.98152262958288,-1.4,-1.0,-11.2,0.0,0.0,-29.5,-9.0,-3.5,-6.1,-5.5,-14.9
1084,10796747.907532047,22,4.218477370417105,65.78150862958289,548.6177819707212,1,6.435023093445125e-05,0.7944926163554381,0.20550738364456186,2.372831386838916e-25,200.0,92.08150862958288,-209.98152262958288,-1.4,-1.0,-11.2,0.0,0.0,-29.5,-9.0,-3.5,-6.1,-5.5,-14.9
1085,10796747.907532047,23,4.218477370417105,65.78150862958289,548.6177819707212,1,6.435023093445125e-05,0.7944934909585387,0.20550650904146125,2.25418981749697e-25,200.0,92.08150862958288,-209.98152262958288,-1.4,-1.0,-11.2,0.0,0.0,-29.5,-9.0,-3.5,-6.1,-5.5,-14.9
1086,10796747.907532047,24,4.218477370417105,65.78150862958289,548.6177819707212,1,6.435023093445125e-05,0.7944875918621521,0.20551240813784794,2.141480326622122e-25,200.0,92.08150862958288,-209.98152262958288,-1.4,-1.0,-11.2,0.0,0.0,-29.5,-9.0,-3.5,-6.1,-5.5,-14.9
1087,10796747.907532047,25,4.218477370417105,65.78150862958289,548.6177819707212,1,6.435023093445125e-05,0.7944780506327644,0.2055219493672356,2.0344063102910157e-25,200.0,92.08150862958288,-209.98152262958288,-1.4,-1.0,-11.2,0.0,0.0,-29.5,-9.0,-3.5,-6.1,-5.5,-14.9
1088,10796747.907532047,26,4.218477370417105,65.78150862958289,548.6177819707212,1,6.435023093445125e-05,0.7944678392607128,0.20553216073928715,1.932685994776465e-25,200.0,92.08150862958288,-209.98152262958288,-1.4,-1.0,-11.2,0.0,0.0,-29.5,-9.0,-3.5,-6.1,-5.5,-14.9
1089,10796747.907532047,27,4.218477370417105,65.78150862958289,548.6177819707212,1,6.435023093445125e-05,0.7944532826390427,0.2055467173609573,1.8360516950376416e-25,200.0,92.08150862958288,-209.98152262958288,-1.4,-1.0,-11.2,0.0,0.0,-29.5,-9.0,-3.5,-6.1,-5.5,-14.9
1090,10796747.907532047,28,4.218477370417105,65.78150862958289,548.6177819707212,1,6.435023093445125e-05,0.7944401674266756,0.20555983257332439,1.7442491102857593e-25,200.0,92.08150862958288,-209.98152262958288,-1.4,-1.0,-11.2,0.0,0.0,-29.5,-9.0,-3.5,-6.1,-5.5,-14.9
1091,10796747.907532047,29,4.218477370417105,65.78150862958289,548.6177819707212,1,6.435023093445125e-05,0.7944265679510181,0.20557343204898193,1.6570366547714713e-25,200.0,92.08150862958288,-209.98152262958288,-1.4,-1.0,-11.2,0.0,0.0,-29.5,-9.0,-3.5,-6.1,-5.5,-14.9
1092,10796747.907532047,30,4.218477370417105,65.78150862958289,548.6177819707212,1,6.435023093445125e-05,0.7944115847480766,0.20558841525192334,1.5741848220328977e-25,200.0,92.08150862958288,-209.98152262958288,-1.4,-1.0,-11.2,0.0,0.0,-29.5,-9.0,-3.5,-6.1,-5.5,-14.9
1093,10796747.907532047,31,4.218477370417105,65.78150862958289,548.6177819707212,1,6.435023093445125e-05,0.7943925144086911,0.2056074855913089,1.4954755809312529e-25,200.0,92.08150862958288,-209.98152262958288,-1.4,-1.0,-11.2,0.0,0.0,-29.5,-9.0,-3.5,-6.1,-5.5,-14.9
1094,10796747.907532047,32,4.218477370417105,65.78150862958289,548.6177819707212,1,6.435023093445125e-05,0.7943741914709547,0.20562580852904533,1.4207018018846903e-25,200.0,92.08150862958288,-209.98152262958288,-1.4,-1.0,-11.2,0.0,0.0,-29.5,-9.0,-3.5,-6.1,-5.5,-14.9
1095,10796747.907532047,33,4.218477370417105,65.78150862958289,548.6177819707212,1,6.435023093445125e-05,0.7943602731538633,0.20563972684613668,1.3496667117904556e-25,200.0,92.08150862958288,-209.98152262958288,-1.4,-1.0,-11.2,0.0,0.0,-29.5,-9.0,-3.5,-6.1,-5.5,-14.9
1096,10796747.907532047,34,4.218477370417105,65.78150862958289,548.6177819707212,1,6.435023093445125e-05,0.7943477645279573,0.20565223547204264,1.2821833762009329e-25,200.0,92.08150862958288,-209.98152262958288,-1.4,-1.0,-11.2,0.0,0.0,-29.5,-9.0,-3.5,-6.1,-5.5,-14.9
1097,10796747.907532047,35,4.218477370417105,65.78150862958289,548.6177819707212,1,6.435023093445125e-05,0.7943365937262982,0.20566340627370183,1.2180742073908863e-25,200.0,92.08150862958288,-209.98152262958288,-1.4,-1.0,-11.2,0.0,0.0,-29.5,-9.0,-3.5,-6.1,-5.5,-14.9
1098,10796747.907532047,36,4.218477370417105,65.78150862958289,548.6177819707212,1,6.435023093445125e-05,0.7943322131995156,0.2056677868004843,1.157170497021342e-25,200.0,92.08150862958288,-209.98152262958288,-1.4,-1.0,-11.2,0.0,0.0,-29.5,-9.0,-3.5,-6.1,-5.5,-14.9
1099,10796747.907532047,37,4.218477370417105,65.78150862958289,548.6177819707212,1,6.435023093445125e-05,0.7943259987198389,0.20567400128016108,1.0993119721702748e-25,200.0,92.08150862958288,-209.98152262958288,-1.4,-1.0,-11.2,0.0,0.0,-29.5,-9.0,-3.5,-6.1,-5.5,-14.9
1100,10796747.907532047,38,4.218477370417105,65.78150862958289,548.6177819707212,1,6.435023093445125e-05,0.7943217186197465,0.20567828138025349,1.0443463735617612e-25,200.0,92.08150862958288,-209.98152262958288,-1.4,-1.0,-11.2,0.0,0.0,-29.5,-9.0,-3.5,-6.1,-5.5,-14.9
1101,10796747.907532047,39,4.218477370417105,65.78150862958289,548.6177819707212,1,6.435023093445125e-05,0.7943137681986235,0.2056862318013764,9.92129054883673e-26,200.0,92.08150862958288,-209.98152262958288,-1.4,-1.0,-11.2,0.0,0.0,-29.5,-9.0,-3.5,-6.1,-5.5,-14.9
1102,10796747.907532047,40,4.218477370417105,65.78150862958289,548.6177819707212,1,6.435023093445125e-05,0.7943069217706267,0.20569307822937327,9.425226021394894e-26,200.0,92.08150862958288,-209.98152262958288,-1.4,-1.0,-11.2,0.0,0.0,-29.5,-9.0,-3.5,-6.1,-5.5,-14.9
1103,10796747.907532047,41,4.218477370417105,65.78150862958289,548.6177819707212,1,6.435023093445125e-05,0.7942983744018477,0.20570162559815236,8.95396472032515e-26,200.0,92.08150862958288,-209.98152262958288,-1.4,-1.0,-11.2,0.0,0.0,-29.5,-9.0,-3.5,-6.1,-5.5,-14.9
1104,10796747.907532047,42,4.218477370417105,65.78150862958289,548.6177819707212,1,6.435023093445125e-05,0.7942909609402466,0.20570903905975332,8.506266484308892e-26,200.0,92.08150862958288,-209.98152262958288,-1.4,-1.0,-11.2,0.0,0.0,-29.5,-9.0,-3.5,-6.1,-5.5,-14.9
1105,10796747.907532047,43,4.218477370417105,65.78150862958289,548.6177819707212,1,6.435023093445125e-05,0.7942827941875882,0.20571720581241187,8.080953160093448e-26,200.0,92.08150862958288,-209.98152262958288,-1.4,-1.0,-11.2,0.0,0.0,-29.5,-9.0,-3.5,-6.1,-5.5,-14.9
1106,10796747.907532047,44,4.218477370417105,65.78150862958289,548.6177819707212,1,6.435023093445125e-05,0.794269342119505,0.20573065788049513,7.676905502088776e-26,200.0,92.08150862958288,-209.98152262958288,-1.4,-1.0,-11.2,0.0,0.0,-29.5,-9.0,-3.5,-6.1,-5.5,-14.9
1107,10796747.907532047,45,4.218477370417105,65.78150862958289,548.6177819707212,1,6.435023093445125e-05,0.7942517891539929,0.2057482108460072,7.293060226984336e-26,200.0,92.08150862958288,-209.98152262958288,-1.4,-1.0,-11.2,0.0,0.0,-29.5,-9.0,-3.5,-6.1,-5.5,-14.9
1108,10796747.907532047,46,4.218477370417105,65.78150862958289,548.6177819707212,1,6.435023093445125e-05,0.7942349152585374,0.20576508474146255,6.92840721563512e-26,200.0,92.08150862958288,-209.98152262958288,-1.4,-1.0,-11.2,0.0,0.0,-29.5,-9.0,-3.5,-6.1,-5.5,-14.9
1109,10796747.907532047,47,4.218477370417105,65.78150862958289,548.6177819707212,1,6.435023093445125e-05,0.7942159478843538,0.20578405211564624,6.581986854853364e-26,200.0,92.08150862958288,-209.98152262958288,-1.4,-1.0,-11.2,0.0,0.0,-29.5,-9.0,-3.5,-6.1,-5.5,-14.9
1110,10796747.907532047,48,4.218477370417105,65.78150862958289,548.6177819707212,1,6.435023093445125e-05,0.7941977334133922,0.20580226658660786,6.252887512110696e-26,200.0,92.08150862958288,-209.98152262958288,-1.4,-1.0,-11.2,0.0,0.0,-29.5,-9.0,-3.5,-6.1,-5.5,-14.9
1111,10796747.907532047,49,4.218477370417105,65.78150862958289,548.6177819707212,1,6.435023093445125e-05,0.7941793229278369,0.20582067707216317,5.940243136505162e-26,200.0,92.08150862958288,-209.98152262958288,-1.4,-1.0,-11.2,0.0,0.0,-29.5,-9.0,-3.5,-6.1,-5.5,-14.9
1112,10796747.907532047,0,4.218477370417105,65.78150862958289,548.6177819707212,1,6.435023093445125e-05,0.7941607280546497,0.20583927194535043,5.643230979679904e-26,200.0,92.08150862958288,-209.98152262958288,-1.4,-1.0,-11.2,0.0,0.0,-29.5,-9.0,-3.5,-6.1,-5.5,-14.9
1113,10796747.907532047,1,4.218477370417105,65.78150862958289,548.6177819707212,1,6.435023093445125e-05,0.7941410494525748,0.20585895054742523,5.361069430695908e-26,200.0,92.08150862958288,-209.98152262958288,-1.4,-1.0,-11.2,0.0,0.0,-29.5,-9.0,-3.5,-6.1,-5.5,-14.9
1114,10796747.907532047,2,4.218477370417105,65.78150862958289,548.6177819707212,1,6.435023093445125e-05,0.7941230734753646,0.20587692652463543,5.0930159591611125e-26,200.0,92.08150862958288,-209.98152262958288,-1.4,-1.0,-11.2,0.0,0.0,-29.5,-9.0,-3.5,-6.1,-5.5,-14.9
1115,10796747.907532047,3,4.218477370417105,65.78150862958289,548.6177819707212,1,6.435023093445125e-05,0.7941048961601828,0.2058951038398173,4.8383651612030575e-26,200.0,92.08150862958288,-209.98152262958288,-1.4,-1.0,-11.2,0.0,0.0,-29.5,-9.0,-3.5,-6.1,-5.5,-14.9
1116,10796747.907532047,4,4.218477370417105,65.78150862958289,548.6177819707212,1,6.435023093445125e-05,0.7940874374975961,0.2059125625024038,4.5964469031429046e-26,200.0,92.08150862958288,-209.98152262958288,-1.4,-1.0,-11.2,0.0,0.0,-29.5,-9.0,-3.5,-6.1,-5.5,-14.9
1117,10796747.907532047,5,4.218477370417105,65.78150862958289,548.6177819707212,1,6.435023093445125e-05,0.7940688471309277,0.2059311528690722,4.366624557985759e-26,200.0,92.08150862958288,-209.98152262958288,-1.4,-1.0,-11.2,0.0,0.0,-29.5,-9.0,-3.5,-6.1,-5.5,-14.9
1118,10796747.907532047,6,4.218477370417105,65.78150862958289,548.6177819707212,1,6.435023093445125e-05,0.7940519049749243,0.20594809502507577,4.1482933300864715e-26,200.0,92.08150862958288,-209.98152262958288,-1.4,-1.0,-11.2,0.0,0.0,-29.5,-9.0,-3.5,-6.1,-5.5,-14.9
1119,10796747.907532047,7,4.218477370417105,65.78150862958289,548.6177819707212,1,6.435023093445125e-05,0.7940356215132504,0.20596437848674973,3.940878663582148e-26,200.0,92.08150862958288,-209.98152262958288,-1.4,-1.0,-11.2,0.0,0.0,-29.5,-9.0,-3.5,-6.1,-5.5,-14.9
1120,10796747.907532047,8,4.218477370417105,65.78150862958289,548.6177819707212,1,6.435023093445125e-05,0.7940172485845081,0.20598275141549202,3.74383473040304e-26,200.0,92.08150862958288,-209.98152262958288,-1.4,-1.0,-11.2,0.0,0.0,-29.5,-9.0,-3.5,-6.1,-5.5,-14.9
1121,10796747.907532047,9,4.218477370417105,65.78150862958289,548.6177819707212,1,6.435023093445125e-05,0.7940014178335321,0.20599858216646796,3.556642993882888e-26,200.0,92.08150862958288,-209.98152262958288,-1.4,-1.0,-11.2,0.0,0.0,-29.5,-9.0,-3.5,-6.1,-5.5,-14.9
1122,10796747.907532047,10,4.218477370417105,65.78150862958289,548.6177819707212,1,6.435023093445125e-05,0.7939843846482365,0.20601561535176346,3.3788108441887436e-26,200.0,92.08150862958288,-209.98152262958288,-1.4,-1.0,-11.2,0.0,0.0,-29.5,-9.0,-3.5,-6.1,-5.5,-14.9
1123,10796747.907532047,11,4.218477370417105,65.78150862958289,548.6177819707212,1,6.435023093445125e-05,0.7939644054399804,0.20603559456001957,3.2098703019793064e-26,200.0,92.08150862958288,-209.98152262958288,-1.4,-1.0,-11.2,0.0,0.0,-29.5,-9.0,-3.5,-6.1,-5.5,-14.9
1124,10796747.907532047,12,4.218477370417105,65.78150862958289,548.6177819707212,1,6.435023093445125e-05,0.7939443411792325,0.20605565882076754,3.0493767868803417e-26,200.0,92.08150862958288,-209.98152262958288,-1.4,-1.0,-11.2,0.0,0.0,-29.5,-9.0,-3.5,-6.1,-5.5,-14.9
1125,10796747.907532047,13,4.218477370417105,65.78150862958289,548.6177819707212,1,6.435023093445125e-05,0.7939241978882537,0.20607580211174628,2.8969079475363244e-26,200.0,92.08150862958288,-209.98152262958288,-1.4,-1.0,-11.2,0.0,0.0,-29.5,-9.0,-3.5,-6.1,-5.5,-14.9
1126,10796747.907532047,14,4.218477370417105,65.78150862958289,548.6177819707212,1,6.435023093445125e-05,0.7939057839961763,0.20609421600382374,2.752062550159508e-26,200.0,92.08150862958288,-209.98152262958288,-1.4,-1.0,-11.2,0.0,0.0,-29.5,-9.0,-3.5,-6.1,-5.5,-14.9
1127,10796747.907532047,15,4.218477370417105,65.78150862958289,548.6177819707212,1,6.435023093445125e-05,0.793890812118568,0.20610918788143204,2.6144594226515324e-26,200.0,92.08150862958288,-209.98152262958288,-1.4,-1.0,-11.2,0.0,0.0,-29.5,-9.0,-3.5,-6.1,-5.5,-14.9
1128,10796747.907532047,16,4.218477370417105,65.78150862958289,548.6177819707212,1,6.435023093445125e-05,0.7938773065534697,0.20612269344653034,2.4837364515189555e-26,200.0,92.08150862958288,-209.98152262958288,-1.4,-1.0,-11.2,0.0,0.0,-29.5,-9.0,-3.5,-6.1,-5.5,-14.9
1129,10796747.907532047,17,4.218477370417105,65.78150862958289,548.6177819707212,1,6.435023093445125e-05,0.7938606995854701,0.20613930041452988,2.3595496289430076e-26,200.0,92.08150862958288,-209.98152262958288,-1.4,-1.0,-11.2,0.0,0.0,-29.5,-9.0,-3.5,-6.1,-5.5,-14.9
1130,10796747.907532047,18,4.218477370417105,65.78150862958289,548.6177819707212,1,6.435023093445125e-05,0.7938411509591269,0.20615884904087306,2.241572147495857e-26,200.0,92.08150862958288,-209.98152262958288,-1.4,-1.0,-11.2,0.0,0.0,-29.5,-9.0,-3.5,-6.1,-5.5,-14.9
1131,10796747.907532047,19,4.218477370417105,65.78150862958289,548.6177819707212,1,6.435023093445125e-05,0.7938179140896843,0.20618208591031567,2.129493540121064e-26,200.0,92.08150862958288,-209.98152262958288,-1.4,-1.0,-11.2,0.0,0.0,-29.5,-9.0,-3.5,-6.1,-5.5,-14.9
1132,10796747.907532047,20,4.218477370417105,65.78150862958289,548.6177819707212,1,6.435023093445125e-05,0.7937974630796686,0.20620253692033136,2.023018863115011e-26,200.0,92.08150862958288,-209.98152262958288,-1.4,-1.0,-11.2,0.0,0.0,-29.5,-9.0,-3.5,-6.1,-5.5,-14.9
1133,10796747.907532047,21,4.218477370417105,65.78150862958289,548.6177819707212,1,6.435023093445125e-05,0.7937760689378033,0.20622393106219666,1.9218679199592603e-26,200.0,92.08150862958288,-209.98152262958288,-1.4,-1.0,-11.2,0.0,0.0,-29.5,-9.0,-3.5,-6.1,-5.5,-14.9
1134,10796747.907532047,22,4.218477370417105,65.78150862958289,548.6177819707212,1,6.435023093445125e-05,0.7937528853971652,0.20624711460283482,1.8257745239612972e-26,200.0,92.08150862958288,-209.98152262958288,-1.4,-1.0,-11.2,0.0,0.0,-29.5,-9.0,-3.5,-6.1,-5.5,-14.9
1135,10796747.907532047,23,4.218477370417105,65.78150862958289,548.6177819707212,1,6.435023093445125e-05,0.793730693263776,0.20626930673622407,1.7344857977632327e-26,200.0,92.08150862958288,-209.98152262958288,-1.4,-1.0,-11.2,0.0,0.0,-29.5,-9.0,-3.5,-6.1,-5.5,-14.9
1136,10796747.907532047,24,4.218477370417105,65.78150862958289,548.6177819707212,1,6.435023093445125e-05,0.7937121273505872,0.20628787264941287,1.647761507875071e-26,200.0,92.08150862958288,-209.98152262958288,-1.4,-1.0,-11.2,0.0,0.0,-29.5,-9.0,-3.5,-6.1,-5.5,-14.9
1137,10796747.907532047,25,4.218477370417105,65.78150862958289,548.6177819707212,1,6.435023093445125e-05,0.7936952139363552,0.20630478606364475,1.5653734324813175e-26,200.0,92.08150862958288,-209.98152262958288,-1.4,-1.0,-11.2,0.0,0.0,-29.5,-9.0,-3.5,-6.1,-5.5,-14.9
1138,10796747.907532047,26,4.218477370417105,65.78150862958289,548.6177819707212,1,6.435023093445125e-05,0.7936771902535672,0.20632280974643283,1.487104760857252e-26,200.0,92.08150862958288,-209.98152262958288,-1.4,-1.0,-11.2,0.0,0.0,-29.5,-9.0,-3.5,-6.1,-5.5,-14.9
1139,10796747.907532047,27,4.218477370417105,65.78150862958289,548.6177819707212,1,6.435023093445125e-05,0.7936634680385626,0.20633653196143736,1.4127495228143893e-26,200.0,92.08150862958288,-209.98152262958288,-1.4,-1.0,-11.2,0.0,0.0,-29.5,-9.0,-3.5,-6.1,-5.5,-14.9
1140,10796747.907532047,28,4.218477370417105,65.78150862958289,548.6177819707212,1,6.435023093445125e-05,0.7936529338485149,0.20634706615148513,1.34211204667367e-26,200.0,92.08150862958288,-209.98152262958288,-1.4,-1.0,-11.2,0.0,0.0,-29.5,-9.0,-3.5,-6.1,-5.5,-14.9
1141,10796747.907532047,29,4.218477370417105,65.78150862958289,548.6177819707212,1,6.435023093445125e-05,0.7936445332528046,0.2063554667471954,1.2750064443399867e-26,200.0,92.08150862958288,-209.98152262958288,-1.4,-1.0,-11.2,0.0,0.0,-29.5,-9.0,-3.5,-6.1,-5.5,-14.9
1142,10796747.907532047,30,4.218477370417105,65.78150862958289,548.6177819707212,1,6.435023093445125e-05,0.7936390451028691,0.20636095489713085,1.2112561221229873e-26,200.0,92.08150862958288,-209.98152262958288,-1.4,-1.0,-11.2,0.0,0.0,-29.5,-9.0,-3.5,-6.1,-5.5,-14.9
1143,10796747.907532047,31,4.218477370417105,65.78150862958289,548.6177819707212,1,6.435023093445125e-05,0.7936336552621421,0.20636634473785792,1.150693316016838e-26,200.0,92.08150862958288,-209.98152262958288,-1.4,-1.0,-11.2,0.0,0.0,-29.5,-9.0,-3.5,-6.1,-5.5,-14.9
1144,10796747.907532047,32,4.218477370417105,65.78150862958289,548.6177819707212,1,6.435023093445125e-05,0.7936345664490377,0.20636543355096226,1.0931586502159961e-26,200.0,92.08150862958288,-209.98152262958288,-1.4,-1.0,-11.2,0.0,0.0,-29.5,-9.0,-3.5,-6.1,-5.5,-14.9
1145,10796747.907532047,33,4.218477370417105,65.78150862958289,548.6177819707212,1,6.435023093445125e-05,0.7936343656285444,0.20636563437145558,1.0385007177051963e-26,200.0,92.08150862958288,-209.98152262958288,-1.4,-1.0,-11.2,0.0,0.0,-29.5,-9.0,-3.5,-6.1,-5.5,-14.9
1146,10796747.907532047,34,4.218477370417105,65.78150862958289,548.6177819707212,1,6.435023093445125e-05,0.7936384185656352,0.20636158143436484,9.865756818199366e-27,200.0,92.08150862958288,-209.98152262958288,-1.4,-1.0,-11.2,0.0,0.0,-29.5,-9.0,-3.5,-6.1,-5.5,-14.9
1147,10796747.907532047,35,4.218477370417105,65.78150862958289,548.6177819707212,1,6.435023093445125e-05,0.7936412019794874,0.2063587980205126,9.372468977289397e-27,200.0,92.08150862958288,-209.98152262958288,-1.4,-1.0,-11.2,0.0,0.0,-29.5,-9.0,-3.5,-6.1,-5.5,-14.9
1148,10796747.907532047,36,4.218477370417105,65.78150862958289,548.6177819707212,1,6.435023093445125e-05,0.7936463126582949,0.20635368734170517,8.903845528424928e-27,200.0,92.08150862958288,-209.98152262958288,-1.4,-1.0,-11.2,0.0,0.0,-29.5,-9.0,-3.5,-6.1,-5.5,-14.9
1149,10796747.907532047,37,4.218477370417105,65.78150862958289,548.6177819707212,1,6.435023093445125e-05,0.7936518656398434,0.2063481343601566,8.458653252003682e-27,200.0,92.08150862958288,-209.98152262958288,-1.4,-1.0,-11.2,0.0,0.0,-29.5,-9.0,-3.5,-6.1,-5.5,-14.9
1150,10796747.907532047,38,4.218477370417105,65.78150862958289,548.6177819707212,1,6.435023093445125e-05,0.793660479884158,0.20633952011584203,8.035720589403498e-27,200.0,92.08150862958288,-209.98152262958288,-1.4,-1.0,-11.2,0.0,0.0,-29.5,-9.0,-3.5,-6.1,-5.5,-14.9
1151,10796747.907532047,39,4.218477370417105,65.78150862958289,548.6177819707212,1,6.435023093445125e-05,0.7936702358106325,0.20632976418936758,7.633934559933325e-27,200.0,92.08150862958288,-209.98152262958288,-1.4,-1.0,-11.2,0.0,0.0,-29.5,-9.0,-3.5,-6.1,-5.5,-14.9
1152,10796747.907532047,40,4.218477370417105,65.78150862958289,548.6177819707212,1,6.435023093445125e-05,0.7936801944933966,0.20631980550660348,7.252237831936659e-27,200.0,92.08150862958288,-209.98152262958288,-1.4,-1.0,-11.2,0.0,0.0,-29.5,-9.0,-3.5,-6.1,-5.5,-14.9
1153,10796747.907532047,41,4.218477370417105,65.78150862958289,548.6177819707212,1,6.435023093445125e-05,0.7936929778506753,0.20630702214932478,6.889625940339828e-27,200.0,92.08150862958288,-209.98152262958288,-1.4,-1.0,-11.2,0.0,0.0,-29.5,-9.0,-3.5,-6.1,-5.5,-14.9
1154,10796747.907532047,42,4.218477370417105,65.78150862958289,548.6177819707212,1,6.435023093445125e-05,0.7937022995742639,0.20629770042573622,6.545144643322837e-27,200.0,92.08150862958288,-209.98152262958288,-1.4,-1.0,-11.2,0.0,0.0,-29.5,-9.0,-3.5,-6.1,-5.5,-14.9
1155,10796747.907532047,43,4.218477370417105,65.78150862958289,548.6177819707212,1,6.435023093445125e-05,0.7937065827056758,0.206293417294324,6.217887411156693e-27,200.0,92.08150862958288,-209.98152262958288,-1.4,-1.0,-11.2,0.0,0.0,-29.5,-9.0,-3.5,-6.1,-5.5,-14.9
1156,10796747.907532047,44,4.218477370417105,65.78150862958289,548.6177819707212,1,6.435023093445125e-05,0.7937130952177501,0.20628690478224987,5.9069930405988585e-27,200.0,92.08150862958288,-209.98152262958288,-1.4,-1.0,-11.2,0.0,0.0,-29.5,-9.0,-3.5,-6.1,-5.5,-14.9
1157,10796747.907532047,45,4.218477370417105,65.78150862958289,548.6177819707212,1,6.435023093445125e-05,0.7937155937041775,0.20628440629582245,5.611643388568916e-27,200.0,92.08150862958288,-209.98152262958288,-1.4,-1.0,-11.2,0.0,0.0,-29.5,-9.0,-3.5,-6.1,-5.5,-14.9
1158,10796747.907532047,46,4.218477370417105,65.78150862958289,548.6177819707212,1,6.435023093445125e-05,0.7937186586978661,0.2062813413021339,5.33106121914047e-27,200.0,92.08150862958288,-209.98152262958288,-1.4,-1.0,-11.2,0.0,0.0,-29.5,-9.0,-3.5,-6.1,-5.5,-14.9
1159,10796747.907532047,47,4.218477370417105,65.78150862958289,548.6177819707212,1,6.435023093445125e-05,0.793723134504373,0.20627686549562696,5.064508158183446e-27,200.0,92.08150862958288,-209.98152262958288,-1.4,-1.0,-11.2,0.0,0.0,-29.5,-9.0,-3.5,-6.1,-5.5,-14.9
1160,10796747.907532047,48,4.218477370417105,65.78150862958289,548.6177819707212,1,6.435023093445125e-05,0.7937272015189333,0.20627279848106667,4.811282750274274e-27,200.0,92.08150862958288,-209.98152262958288,-1.4,-1.0,-11.2,0.0,0.0,-29.5,-9.0,-3.5,-6.1,-5.5,-14.9
1161,10796747.907532047,49,4.218477370417105,65.78150862958289,548.6177819707212,1,6.435023093445125e-05,0.7937352410121843,0.2062647589878157,4.570718612760561e-27,200.0,92.08150862958288,-209.98152262958288,-1.4,-1.0,-11.2,0.0,0.0,-29.5,-9.0,-3.5,-6.1,-5.5,-14.9
1162,10796747.907532047,0,4.218477370417105,65.78150862958289,548.6177819707212,1,6.435023093445125e-05,0.7937444324803908,0.20625556751960922,4.3421826821225335e-27,200.0,92.08150862958288,-209.98152262958288,-1.4,-1.0,-11.2,0.0,0.0,-29.5,-9.0,-3.5,-6.1,-5.5,-14.9
1163,10796747.907532047,1,4.218477370417105,65.78150862958289,548.6177819707212,1,6.435023093445125e-05,0.7937547152903454,0.20624528470965467,4.1250735480164065e-27,200.0,92.08150862958288,-209.98152262958288,-1.4,-1.0,-11.2,0.0,0.0,-29.5,-9.0,-3.5,-6.1,-5.5,-14.9
1164,10796747.907532047,2,4.218477370417105,65.78150862958289,548.6177819707212,1,6.435023093445125e-05,0.793763424399895,0.20623657560010505,3.918819870615587e-27,200.0,92.08150862958288,-209.98152262958288,-1.4,-1.0,-11.2,0.0,0.0,-29.5,-9.0,-3.5,-6.1,-5.5,-14.9
1165,10796747.907532047,3,4.218477370417105,65.78150862958289,548.6177819707212,1,6.435023093445125e-05,0.7937697714122113,0.20623022858778878,3.7228788770848074e-27,200.0,92.08150862958288,-209.98152262958288,-1.4,-1.0,-11.2,0.0,0.0,-29.5,-9.0,-3.5,-6.1,-5.5,-14.9
1166,10796747.907532047,4,4.218477370417105,65.78150862958289,548.6177819707212,1,6.435023093445125e-05,0.7937730088719365,0.20622699112806353,3.536734933230567e-27,200.0,92.08150862958288,-209.98152262958288,-1.4,-1.0,-11.2,0.0,0.0,-29.5,-9.0,-3.5,-6.1,-5.5,-14.9
1167,10796747.907532047,5,4.218477370417105,65.78150862958289,548.6177819707212,1,6.435023093445125e-05,0.7937750317397027,0.20622496826029738,3.3598981865690384e-27,200.0,92.08150862958288,-209.98152262958288,-1.4,-1.0,-11.2,0.0,0.0,-29.5,-9.0,-3.5,-6.1,-5.5,-14.9
1168,10796747.907532047,6,4.218477370417105,65.78150862958289,548.6177819707212,1,6.435023093445125e-05,0.7937802369025302,0.20621976309746987,3.1919032772405864e-27,200.0,92.08150862958288,-209.98152262958288,-1.4,-1.0,-11.2,0.0,0.0,-29.5,-9.0,-3.5,-6.1,-5.5,-14.9
1169,10796747.907532047,7,4.218477370417105,65.78150862958289,548.6177819707212,1,6.435023093445125e-05,0.7937789312765265,0.2062210687234735,3.032308113378557e-27,200.0,92.08150862958288,-209.98152262958288,-1.4,-1.0,-11.2,0.0,0.0,-29.5,-9.0,-3.5,-6.1,-5.5,-14.9
1170,10796747.907532047,8,4.218477370417105,65.78150862958289,548.6177819707212,1,6.435023093445125e-05,0.7937818381348686,0.20621816186513142,2.880692707709629e-27,200.0,92.08150862958288,-209.98152262958288,-1.4,-1.0,-11.2,0.0,0.0,-29.5,-9.0,-3.5,-6.1,-5.5,-14.9
1171,10796747.907532047,9,4.218477370417105,65.78150862958289,548.6177819707212,1,6.435023093445125e-05,0.7937844151938879,0.2062155848061121,2.7366580723241474e-27,200.0,92.08150862958288,-209.98152262958288,-1.4,-1.0,-11.2,0.0,0.0,-29.5,-9.0,-3.5,-6.1,-5.5,-14.9
1172,10796747.907532047,10,4.218477370417105,65.78150862958289,548.6177819707212,1,6.435023093445125e-05,0.7937866792551933,0.20621332074480667,2.5998251687079398e-27,200.0,92.08150862958288,-209.98152262958288,-1.4,-1.0,-11.2,0.0,0.0,-29.5,-9.0,-3.5,-6.1,-5.5,-14.9
1173,10796747.907532047,11,4.218477370417105,65.78150862958289,548.6177819707212,1,6.435023093445125e-05,0.7937877829801346,0.20621221701986533,2.469833910272543e-27,200.0,92.08150862958288,-209.98152262958288,-1.4,-1.0,-11.2,0.0,0.0,-29.5,-9.0,-3.5,-6.1,-5.5,-14.9
1174,10796747.907532047,12,4.218477370417105,65.78150862958289,548.6177819707212,1,6.435023093445125e-05,0.7937895112943762,0.20621048870562372,2.3463422147589158e-27,200.0,92.08150862958288,-209.98152262958288,-1.4,-1.0,-11.2,0.0,0.0,-29.5,-9.0,-3.5,-6.1,-5.5,-14.9
1175,10796747.907532047,13,4.218477370417105,65.78150862958289,548.6177819707212,1,6.435023093445125e-05,0.7937892461369174,0.20621075386308266,2.2290251040209698e-27,200.0,92.08150862958288,-209.98152262958288,-1.4,-1.0,-11.2,0.0,0.0,-29.5,-9.0,-3.5,-6.1,-5.5,-14.9
1176,10796747.907532047,14,4.218477370417105,65.78150862958289,548.6177819707212,1,6.435023093445125e-05,0.7937879513934706,0.20621204860652936,2.1175738488199213e-27,200.0,92.08150862958288,-209.98152262958288,-1.4,-1.0,-11.2,0.0,0.0,-29.5,-9.0,-3.5,-6.1,-5.5,-14.9
1177,10796747.907532047,15,4.218477370417105,65.78150862958289,548.6177819707212,1,6.435023093445125e-05,0.7937865409287992,0.20621345907120078,2.0116951563789254e-27,200.0,92.08150862958288,-209.98152262958288,-1.4,-1.0,-11.2,0.0,0.0,-29.5,-9.0,-3.5,-6.1,-5.5,-14.9
1178,10796747.907532047,16,4.218477370417105,65.78150862958289,548.6177819707212,1,6.435023093445125e-05,0.7937841607850141,0.2062158392149859,1.9111103985599795e-27,200.0,92.08150862958288,-209.98152262958288,-1.4,-1.0,-11.2,0.0,0.0,-29.5,-9.0,-3.5,-6.1,-5.5,-14.9
1179,10796747.907532047,17,4.218477370417105,65.78150862958289,548.6177819707212,1,6.435023093445125e-05,0.7937817205073798,0.20621827949262025,1.8155548786319803e-27,200.0,92.08150862958288,-209.98152262958288,-1.4,-1.0,-11.2,0.0,0.0,-29.5,-9.0,-3.5,-6.1,-5.5,-14.9
1180,10796747.907532047,18,4.218477370417105,65.78150862958289,548.6177819707212,1,6.435023093445125e-05,0.7937757878373775,0.2062242121626226,1.7247771347003814e-27,200.0,92.08150862958288,-209.98152262958288,-1.4,-1.0,-11.2,0.0,0.0,-29.5,-9.0,-3.5,-6.1,-5.5,-14.9
1181,10796747.907532047,19,4.218477370417105,65.78150862958289,548.6177819707212,1,6.435023093445125e-05,0.7937674004378078,0.2062325995621922,1.6385382779653623e-27,200.0,92.08150862958288,-209.98152262958288,-1.4,-1.0,-11.2,0.0,0.0,-29.5,-9.0,-3.5,-6.1,-5.5,-14.9
1182,10796747.907532047,20,4.218477370417105,65.78150862958289,548.6177819707212,1,6.435023093445125e-05,0.7937601170770548,0.2062398829229451,1.556611364067094e-27,200.0,92.08150862958288,-209.98152262958288,-1.4,-1.0,-11.2,0.0,0.0,-29.5,-9.0,-3.5,-6.1,-5.5,-14.9
1183,10796747.907532047,21,4.218477370417105,65.78150862958289,548.6177819707212,1,6.435023093445125e-05,0.7937530241850387,0.20624697581496138,1.4787807958637394e-27,200.0,92.08150862958288,-209.98152262958288,-1.4,-1.0,-11.2,0.0,0.0,-29.5,-9.0,-3.5,-6.1,-5.5,-14.9
1184,10796747.907532047,22,4.218477370417105,65.78150862958289,548.6177819707212,1,6.435023093445125e-05,0.7937452559930258,0.2062547440069742,1.4048417560705524e-27,200.0,92.08150862958288,-209.98152262958288,-1.4,-1.0,-11.2,0.0,0.0,-29.5,-9.0,-3.5,-6.1,-5.5,-14.9
1185,10796747.907532047,23,4.218477370417105,65.78150862958289,548.6177819707212,1,6.435023093445125e-05,0.7937394153530155,0.20626058464698452,1.3345996682670246e-27,200.0,92.08150862958288,-209.98152262958288,-1.4,-1.0,-11.2,0.0,0.0,-29.5,-9.0,-3.5,-6.1,-5.5,-14.9
1186,10796747.907532047,24,4.218477370417105,65.78150862958289,548.6177819707212,1,6.435023093445125e-05,0.7937354029373811,0.20626459706261885,1.2678696848536734e-27,200.0,92.08150862958288,-209.98152262958288,-1.4,-1.0,-11.2,0.0,0.0,-29.5,-9.0,-3.5,-6.1,-5.5,-14.9
1187,10796747.907532047,25,4.218477370417105,65.78150862958289,548.6177819707212,1,6.435023093445125e-05,0.7937322704957326,0.20626772950426747,1.2044762006109899e-27,200.0,92.08150862958288,-209.98152262958288,-1.4,-1.0,-11.2,0.0,0.0,-29.5,-9.0,-3.5,-6.1,-5.5,-14.9
1188,10796747.907532047,26,4.218477370417105,65.78150862958289,548.6177819707212,1,6.435023093445125e-05,0.7937248520614193,0.2062751479385808,1.1442523905804402e-27,200.0,92.08150862958288,-209.98152262958288,-1.4,-1.0,-11.2,0.0,0.0,-29.5,-9.0,-3.5,-6.1,-5.5,-14.9
1189,10796747.907532047,27,4.218477370417105,65.78150862958289,548.6177819707212,1,6.435023093445125e-05,0.7937176332837457,0.20628236671625436,1.0870397710514181e-27,200.0,92.08150862958288,-209.98152262958288,-1.4,-1.0,-11.2,0.0,0.0,-29.5,-9.0,-3.5,-6.1,-5.5,-14.9
1190,10796747.907532047,28,4.218477370417105,65.78150862958289,548.6177819707212,1,6.435023093445125e-05,0.7937148650205362,0.20628513497946377,1.032687782498847e-27,200.0,92.08150862958288,-209.98152262958288,-1.4,-1.0,-11.2,0.0,0.0,-29.5,-9.0,-3.5,-6.1,-5.5,-14.9
1191,10796747.907532047,29,4.218477370417105,65.78150862958289,548.6177819707212,1,6.435023093445125e-05,0.7937154647571942,0.20628453524280577,9.810533933739047e-28,200.0,92.08150862958288,-209.98152262958288,-1.4,-1.0,-11.2,0.0,0.0,-29.5,-9.0,-3.5,-6.1,-5.5,-14.9
1192,10796747.907532047,30,4.218477370417105,65.78150862958289,548.6177819707212,1,6.435023093445125e-05,0.793714157538752,0.20628584246124798,9.320007237052095e-28,200.0,92.08150862958288,-209.98152262958288,-1.4,-1.0,-11.2,0.0,0.0,-29.5,-9.0,-3.5,-6.1,-5.5,-14.9
1193,10796747.907532047,31,4.218477370417105,65.78150862958289,548.6177819707212,1,6.435023093445125e-05,0.7937135901819486,0.20628640981805135,8.85400687519949e-28,200.0,92.08150862958288,-209.98152262958288,-1.4,-1.0,-11.2,0.0,0.0,-29.5,-9.0,-3.5,-6.1,-5.5,-14.9
1194,10796747.907532047,32,4.218477370417105,65.78150862958289,548.6177819707212,1,6.435023093445125e-05,0.7937094799441986,0.20629052005580145,8.411306531439517e-28,200.0,92.08150862958288,-209.98152262958288,-1.4,-1.0,-11.2,0.0,0.0,-29.5,-9.0,-3.5,-6.1,-5.5,-14.9
1195,10796747.907532047,33,4.218477370417105,65.78150862958289,548.6177819707212,1,6.435023093445125e-05,0.7937054028787651,0.20629459712123482,7.990741204867541e-28,200.0,92.08150862958288,-209.98152262958288,-1.4,-1.0,-11.2,0.0,0.0,-29.5,-9.0,-3.5,-6.1,-5.5,-14.9
1196,10796747.907532047,34,4.218477370417105,65.78150862958289,548.6177819707212,1,6.435023093445125e-05,0.7937055952361344,0.20629440476386562,7.591204144624164e-28,200.0,92.08150862958288,-209.98152262958288,-1.4,-1.0,-11.2,0.0,0.0,-29.5,-9.0,-3.5,-6.1,-5.5,-14.9
1197,10796747.907532047,35,4.218477370417105,65.78150862958289,548.6177819707212,1,6.435023093445125e-05,0.7937081420156025,0.20629185798439753,7.211643937392957e-28,200.0,92.08150862958288,-209.98152262958288,-1.4,-1.0,-11.2,0.0,0.0,-29.5,-9.0,-3.5,-6.1,-5.5,-14.9
1198,10796747.907532047,36,4.218477370417105,65.78150862958289,548.6177819707212,1,6.435023093445125e-05,0.7937095388268368,0.2062904611731632,6.851061740523308e-28,200.0,92.08150862958288,-209.98152262958288,-1.4,-1.0,-11.2,0.0,0.0,-29.5,-9.0,-3.5,-6.1,-5.5,-14.9
1199,10796747.907532047,37,4.218477370417105,65.78150862958289,548.6177819707212,1,6.435023093445125e-05,0.7937064635274055,0.20629353647259455,6.508508653497143e-28,200.0,92.08150862958288,-209.98152262958288,-1.4,-1.0,-11.2,0.0,0.0,-29.5,-9.0,-3.5,-6.1,-5.5,-14.9
1200,10796747.907532047,38,4.218477370417105,65.78150862958289,548.6177819707212,1,6.435023093445125e-05,0.7937025248273812,0.20629747517261873,6.183083220822285e-28,200.0,92.08150862958288,-209.98152262958288,-1.4,-1.0,-11.2,0.0,0.0,-29.5,-9.0,-3.5,-6.1,-5.5,-14.9
1201,10796747.907532047,39,4.218477370417105,65.78150862958289,548.6177819707212,1,6.435023093445125e-05,0.7937011439849982,0.20629885601500178,5.873929059781172e-28,200.0,92.08150862958288,-209.98152262958288,-1.4,-1.0,-11.2,0.0,0.0,-29.5,-9.0,-3.5,-6.1,-5.5,-14.9
1202,10796747.907532047,40,4.218477370417105,65.78150862958289,548.6177819707212,1,6.435023093445125e-05,0.793699659087916,0.20630034091208405,5.580232606792113e-28,200.0,92.08150862958288,-209.98152262958288,-1.4,-1.0,-11.2,0.0,0.0,-29.5,-9.0,-3.5,-6.1,-5.5,-14.9
1203,10796747.907532047,41,4.218477370417105,65.78150862958289,548.6177819707212,1,6.435023093445125e-05,0.7937006028425312,0.20629939715746878,5.301220976452508e-28,200.0,92.08150862958288,-209.98152262958288,-1.4,-1.0,-11.2,0.0,0.0,-29.5,-9.0,-3.5,-6.1,-5.5,-14.9
1204,10796747.907532047,42,4.218477370417105,65.78150862958289,548.6177819707212,1,6.435023093445125e-05,0.7937055314134996,0.20629446858650038,5.036159927629882e-28,200.0,92.08150862958288,-209.98152262958288,-1.4,-1.0,-11.2,0.0,0.0,-29.5,-9.0,-3.5,-6.1,-5.5,-14.9
1205,10796747.907532047,43,4.218477370417105,65.78150862958289,548.6177819707212,1,6.435023093445125e-05,0.7937142364964217,0.20628576350357827,4.784351931248388e-28,200.0,92.08150862958288,-209.98152262958288,-1.4,-1.0,-11.2,0.0,0.0,-29.5,-9.0,-3.5,-6.1,-5.5,-14.9
1206,10796747.907532047,44,4.218477370417105,65.78150862958289,548.6177819707212,1,6.435023093445125e-05,0.7937248426567275,0.20627515734327254,4.545134334685969e-28,200.0,92.08150862958288,-209.98152262958288,-1.4,-1.0,-11.2,0.0,0.0,-29.5,-9.0,-3.5,-6.1,-5.5,-14.9
1207,10796747.907532047,45,4.218477370417105,65.78150862958289,548.6177819707212,1,6.435023093445125e-05,0.7937397634349647,0.2062602365650354,4.317877617951671e-28,200.0,92.08150862958288,-209.98152262958288,-1.4,-1.0,-11.2,0.0,0.0,-29.5,-9.0,-3.5,-6.1,-5.5,-14.9
1208,10796747.907532047,46,4.218477370417105,65.78150862958289,548.6177819707212,1,6.435023093445125e-05,0.7937570988096102,0.20624290119038974,4.101983737054087e-28,200.0,92.08150862958288,-209.98152262958288,-1.4,-1.0,-11.2,0.0,0.0,-29.5,-9.0,-3.5,-6.1,-5.5,-14.9
1209,10796747.907532047,47,4.218477370417105,65.78150862958289,548.6177819707212,1,6.435023093445125e-05,0.7937758858561299,0.20622411414387015,3.896884550201383e-28,200.0,92.08150862958288,-209.98152262958288,-1.4,-1.0,-11.2,0.0,0.0,-29.5,-9.0,-3.5,-6.1,-5.5,-14.9
1210,10796747.907532047,48,4.218477370417105,65.78150862958289,548.6177819707212,1,6.435023093445125e-05,0.7937918732144469,0.20620812678555306,3.7020403226913136e-28,200.0,92.08150862958288,-209.98152262958288,-1.4,-1.0,-11.2,0.0,0.0,-29.5,-9.0,-3.5,-6.1,-5.5,-14.9
1211,10796747.907532047,49,4.218477370417105,65.78150862958289,548.6177819707212,1,6.435023093445125e-05,0.7938068724825226,0.2061931275174774,3.5169383065567476e-28,200.0,92.08150862958288,-209.98152262958288,-1.4,-1.0,-11.2,0.0,0.0,-29.5,-9.0,-3.5,-6.1,-5.5,-14.9
1212,10796747.907532047,0,4.218477370417105,65.78150862958289,548.6177819707212,1,6.435023093445125e-05,0.7938184316976216,0.20618156830237838,3.3410913912289103e-28,200.0,92.08150862958288,-209.98152262958288,-1.4,-1.0,-11.2,0.0,0.0,-29.5,-9.0,-3.5,-6.1,-5.5,-14.9
1213,10796747.907532047,1,4.218477370417105,65.78150862958289,548.6177819707212,1,6.435023093445125e-05,0.7938267262804618,0.20617327371953825,3.174036821667465e-28,200.0,92.08150862958288,-209.98152262958288,-1.4,-1.0,-11.2,0.0,0.0,-29.5,-9.0,-3.5,-6.1,-5.5,-14.9
1214,10796747.907532047,2,4.218477370417105,65.78150862958289,548.6177819707212,1,6.435023093445125e-05,0.7938394185731479,0.20616058142685215,3.0153349805840916e-28,200.0,92.08150862958288,-209.98152262958288,-1.4,-1.0,-11.2,0.0,0.0,-29.5,-9.0,-3.5,-6.1,-5.5,-14.9
1215,10796747.907532047,3,4.218477370417105,65.78150862958289,548.6177819707212,1,6.435023093445125e-05,0.7938546149150685,0.20614538508493158,2.864568231554887e-28,200.0,92.08150862958288,-209.98152262958288,-1.4,-1.0,-11.2,0.0,0.0,-29.5,-9.0,-3.5,-6.1,-5.5,-14.9
1216,10796747.907532047,4,4.218477370417105,65.78150862958289,548.6177819707212,1,6.435023093445125e-05,0.7938663691153399,0.20613363088466016,2.7213398199771425e-28,200.0,92.08150862958288,-209.98152262958288,-1.4,-1.0,-11.2,0.0,0.0,-29.5,-9.0,-3.5,-6.1,-5.5,-14.9
1217,10796747.907532047,5,4.218477370417105,65.78150862958289,548.6177819707212,1,6.435023093445125e-05,0.7938748566773507,0.2061251433226493,2.585272828978285e-28,200.0,92.08150862958288,-209.98152262958288,-1.4,-1.0,-11.2,0.0,0.0,-29.5,-9.0,-3.5,-6.1,-5.5,-14.9
1218,10796747.907532047,6,4.218477370417105,65.78150862958289,548.6177819707212,1,6.435023093445125e-05,0.7938827346056517,0.20611726539434833,2.456009187529371e-28,200.0,92.08150862958288,-209.98152262958288,-1.4,-1.0,-11.2,0.0,0.0,-29.5,-9.0,-3.5,-6.1,-5.5,-14.9
1219,10796747.907532047,7,4.218477370417105,65.78150862958289,548.6177819707212,1,6.435023093445125e-05,0.7938916920499854,0.20610830795001459,2.3332087281529024e-28,200.0,92.08150862958288,-209.98152262958288,-1.4,-1.0,-11.2,0.0,0.0,-29.5,-9.0,-3.5,-6.1,-5.5,-14.9
1220,10796747.907532047,8,4.218477370417105,65.78150862958289,548.6177819707212,1,6.435023093445125e-05,0.7938983585996385,0.20610164140036147,2.2165482917452572e-28,200.0,92.08150862958288,-209.98152262958288,-1.4,-1.0,-11.2,0.0,0.0,-29.5,-9.0,-3.5,-6.1,-5.5,-14.9
1221,10796747.907532047,9,4.218477370417105,65.78150862958289,548.6177819707212,1,6.435023093445125e-05,0.7939069909049749,0.20609300909502518,2.105720877157994e-28,200.0,92.08150862958288,-209.98152262958288,-1.4,-1.0,-11.2,0.0,0.0,-29.5,-9.0,-3.5,-6.1,-5.5,-14.9
1222,10796747.907532047,10,4.218477370417105,65.78150862958289,548.6177819707212,1,6.435023093445125e-05,0.7939133513512912,0.20608664864870885,2.0004348333000943e-28,200.0,92.08150862958288,-209.98152262958288,-1.4,-1.0,-11.2,0.0,0.0,-29.5,-9.0,-3.5,-6.1,-5.5,-14.9
1223,10796747.907532047,11,4.218477370417105,65.78150862958289,548.6177819707212,1,6.435023093445125e-05,0.7939167292781366,0.20608327072186333,1.9004130916350895e-28,200.0,92.08150862958288,-209.98152262958288,-1.4,-1.0,-11.2,0.0,0.0,-29.5,-9.0,-3.5,-6.1,-5.5,-14.9
1224,10796747.907532047,12,4.218477370417105,65.78150862958289,548.6177819707212,1,6.435023093445125e-05,0.7939197561605519,0.20608024383944815,1.8053924370533352e-28,200.0,92.08150862958288,-209.98152262958288,-1.4,-1.0,-11.2,0.0,0.0,-29.5,-9.0,-3.5,-6.1,-5.5,-14.9
1225,10796747.907532047,13,4.218477370417105,65.78150862958289,548.6177819707212,1,6.435023093445125e-05,0.7939224498449626,0.2060775501550374,1.7151228152006684e-28,200.0,92.08150862958288,-209.98152262958288,-1.4,-1.0,-11.2,0.0,0.0,-29.5,-9.0,-3.5,-6.1,-5.5,-14.9
1226,10796747.907532047,14,4.218477370417105,65.78150862958289,548.6177819707212,1,6.435023093445125e-05,0.7939231773450688,0.20607682265493116,1.6293666744406348e-28,200.0,92.08150862958288,-209.98152262958288,-1.4,-1.0,-11.2,0.0,0.0,-29.5,-9.0,-3.5,-6.1,-5.5,-14.9
1227,10796747.907532047,15,4.218477370417105,65.78150862958289,548.6177819707212,1,6.435023093445125e-05,0.7939245128758599,0.20607548712414023,1.5478983407186035e-28,200.0,92.08150862958288,-209.98152262958288,-1.4,-1.0,-11.2,0.0,0.0,-29.5,-9.0,-3.5,-6.1,-5.5,-14.9
1228,10796747.907532047,16,4.218477370417105,65.78150862958289,548.6177819707212,1,6.435023093445125e-05,0.7939231298819946,0.2060768701180053,1.4705034236826733e-28,200.0,92.08150862958288,-209.98152262958288,-1.4,-1.0,-11.2,0.0,0.0,-29.5,-9.0,-3.5,-6.1,-5.5,-14.9
1229,10796747.907532047,17,4.218477370417105,65.78150862958289,548.6177819707212,1,6.435023093445125e-05,0.7939216379639004,0.2060783620360996,1.3969782524985397e-28,200.0,92.08150862958288,-209.98152262958288,-1.4,-1.0,-11.2,0.0,0.0,-29.5,-9.0,-3.5,-6.1,-5.5,-14.9
1230,10796747.907532047,18,4.218477370417105,65.78150862958289,548.6177819707212,1,6.435023093445125e-05,0.7939200428543233,0.20607995714567678,1.327129339873613e-28,200.0,92.08150862958288,-209.98152262958288,-1.4,-1.0,-11.2,0.0,0.0,-29.5,-9.0,-3.5,-6.1,-5.5,-14.9
1231,10796747.907532047,19,4.218477370417105,65.78150862958289,548.6177819707212,1,6.435023093445125e-05,0.79392163721931,0.2060783627806901,1.2607728728799323e-28,200.0,92.08150862958288,-209.98152262958288,-1.4,-1.0,-11.2,0.0,0.0,-29.5,-9.0,-3.5,-6.1,-5.5,-14.9
1232,10796747.907532047,20,4.218477370417105,65.78150862958289,548.6177819707212,1,6.435023093445125e-05,0.7939270756443171,0.20607292435568297,1.1977342292359357e-28,200.0,92.08150862958288,-209.98152262958288,-1.4,-1.0,-11.2,0.0,0.0,-29.5,-9.0,-3.5,-6.1,-5.5,-14.9
1233,10796747.907532047,21,4.218477370417105,65.78150862958289,548.6177819707212,1,6.435023093445125e-05,0.7939304195329847,0.20606958046701532,1.1378475177741389e-28,200.0,92.08150862958288,-209.98152262958288,-1.4,-1.0,-11.2,0.0,0.0,-29.5,-9.0,-3.5,-6.1,-5.5,-14.9
1234,10796747.907532047,22,4.218477370417105,65.78150862958289,548.6177819707212,1,6.435023093445125e-05,0.7939325956247394,0.20606740437526064,1.080955141885432e-28,200.0,92.08150862958288,-209.98152262958288,-1.4,-1.0,-11.2,0.0,0.0,-29.5,-9.0,-3.5,-6.1,-5.5,-14.9
1235,10796747.907532047,23,4.218477370417105,65.78150862958289,548.6177819707212,1,6.435023093445125e-05,0.7939336637944258,0.20606633620557424,1.0269073847911602e-28,200.0,92.08150862958288,-209.98152262958288,-1.4,-1.0,-11.2,0.0,0.0,-29.5,-9.0,-3.5,-6.1,-5.5,-14.9
1236,10796747.907532047,24,4.218477370417105,65.78150862958289,548.6177819707212,1,6.435023093445125e-05,0.7939328624966578,0.20606713750334216,9.755620155516021e-29,200.0,92.08150862958288,-209.98152262958288,-1.4,-1.0,-11.2,0.0,0.0,-29.5,-9.0,-3.5,-6.1,-5.5,-14.9
1237,10796747.907532047,25,4.218477370417105,65.78150862958289,548.6177819707212,1,6.435023093445125e-05,0.7939335589912895,0.2060664410087105,9.26783914774022e-29,200.0,92.08150862958288,-209.98152262958288,-1.4,-1.0,-11.2,0.0,0.0,-29.5,-9.0,-3.5,-6.1,-5.5,-14.9
1238,10796747.907532047,26,4.218477370417105,65.78150862958289,548.6177819707212,1,6.435023093445125e-05,0.7939348588684776,0.2060651411315224,8.80444719035321e-29,200.0,92.08150862958288,-209.98152262958288,-1.4,-1.0,-11.2,0.0,0.0,-29.5,-9.0,-3.5,-6.1,-5.5,-14.9
1239,10796747.907532047,27,4.218477370417105,65.78150862958289,548.6177819707212,1,6.435023093445125e-05,0.7939383629880296,0.20606163701197044,8.36422483083555e-29,200.0,92.08150862958288,-209.98152262958288,-1.4,-1.0,-11.2,0.0,0.0,-29.5,-9.0,-3.5,-6.1,-5.5,-14.9
1240,10796747.907532047,28,4.218477370417105,65.78150862958289,548.6177819707212,1,6.435023093445125e-05,0.7939415111733413,0.2060584888266587,7.946013589293772e-29,200.0,92.08150862958288,-209.98152262958288,-1.4,-1.0,-11.2,0.0,0.0,-29.5,-9.0,-3.5,-6.1,-5.5,-14.9
1241,10796747.907532047,29,4.218477370417105,65.78150862958289,548.6177819707212,1,6.435023093445125e-05,0.7939418770204325,0.20605812297956747,7.548712909829083e-29,200.0,92.08150862958288,-209.98152262958288,-1.4,-1.0,-11.2,0.0,0.0,-29.5,-9.0,-3.5,-6.1,-5.5,-14.9
1242,10796747.907532047,30,4.218477370417105,65.78150862958289,548.6177819707212,1,6.435023093445125e-05,0.7939444889112182,0.2060555110887818,7.17127726433763e-29,200.0,92.08150862958288,-209.98152262958288,-1.4,-1.0,-11.2,0.0,0.0,-29.5,-9.0,-3.5,-6.1,-5.5,-14.9
1243,10796747.907532047,31,4.218477370417105,65.78150862958289,548.6177819707212,1,6.435023093445125e-05,0.7939451633296364,0.20605483667036364,6.812713401120748e-29,200.0,92.08150862958288,-209.98152262958288,-1.4,-1.0,-11.2,0.0,0.0,-29.5,-9.0,-3.5,-6.1,-5.5,-14.9
1244,10796747.907532047,32,4.218477370417105,65.78150862958289,548.6177819707212,1,6.435023093445125e-05,0.7939464386371137,0.20605356136288633,6.47207773106471e-29,200.0,92.08150862958288,-209.98152262958288,-1.4,-1.0,-11.2,0.0,0.0,-29.5,-9.0,-3.5,-6.1,-5.5,-14.9
1245,10796747.907532047,33,4.218477370417105,65.78150862958289,548.6177819707212,1,6.435023093445125e-05,0.7939458468615982,0.2060541531384018,6.148473844511474e-29,200.0,92.08150862958288,-209.98152262958288,-1.4,-1.0,-11.2,0.0,0.0,-29.5,-9.0,-3.5,-6.1,-5.5,-14.9
1246,10796747.907532047,34,4.218477370417105,65.78150862958289,548.6177819707212,1,6.435023093445125e-05,0.7939475425097938,0.20605245749020623,5.841050152285901e-29,200.0,92.08150862958288,-209.98152262958288,-1.4,-1.0,-11.2,0.0,0.0,-29.5,-9.0,-3.5,-6.1,-5.5,-14.9
1247,10796747.907532047,35,4.218477370417105,65.78150862958289,548.6177819707212,1,6.435023093445125e-05,0.7939481637308733,0.2060518362691268,5.548997644671606e-29,200.0,92.08150862958288,-209.98152262958288,-1.4,-1.0,-11.2,0.0,0.0,-29.5,-9.0,-3.5,-6.1,-5.5,-14.9
1248,10796747.907532047,36,4.218477370417105,65.78150862958289,548.6177819707212,1,6.435023093445125e-05,0.7939485760806846,0.20605142391931544,5.271547762438026e-29,200.0,92.08150862958288,-209.98152262958288,-1.4,-1.0,-11.2,0.0,0.0,-29.5,-9.0,-3.5,-6.1,-5.5,-14.9
1249,10796747.907532047,37,4.218477370417105,65.78150862958289,548.6177819707212,1,6.435023093445125e-05,0.7939479805349424,0.2060520194650576,5.007970374316124e-29,200.0,92.08150862958288,-209.98152262958288,-1.4,-1.0,-11.2,0.0,0.0,-29.5,-9.0,-3.5,-6.1,-5.5,-14.9
1250,10796747.907532047,38,4.218477370417105,65.78150862958289,548.6177819707212,1,6.435023093445125e-05,0.793947238149507,0.20605276185049304,4.7575718556003177e-29,200.0,92.08150862958288,-209.98152262958288,-1.4,-1.0,-11.2,0.0,0.0,-29.5,-9.0,-3.5,-6.1,-5.5,-14.9
1251,10796747.907532047,39,4.218477370417105,65.78150862958289,548.6177819707212,1,6.435023093445125e-05,0.7939455479621045,0.20605445203789546,4.519693262820302e-29,200.0,92.08150862958288,-209.98152262958288,-1.4,-1.0,-11.2,0.0,0.0,-29.5,-9.0,-3.5,-6.1,-5.5,-14.9
1252,10796747.907532047,40,4.218477370417105,65.78150862958289,548.6177819707212,1,6.435023093445125e-05,0.7939437668538871,0.20605623314611282,4.293708599679286e-29,200.0,92.08150862958288,-209.98152262958288,-1.4,-1.0,-11.2,0.0,0.0,-29.5,-9.0,-3.5,-6.1,-5.5,-14.9
1253,10796747.907532047,41,4.218477370417105,65.78150862958289,548.6177819707212,1,6.435023093445125e-05,0.7939402847118862,0.2060597152881139,4.0790231696953224e-29,200.0,92.08150862958288,-209.98152262958288,-1.4,-1.0,-11.2,0.0,0.0,-29.5,-9.0,-3.5,-6.1,-5.5,-14.9
1254,10796747.907532047,42,4.218477370417105,65.78150862958289,548.6177819707212,1,6.435023093445125e-05,0.7939359960725237,0.20606400392747626,3.875072011210556e-29,200.0,92.08150862958288,-209.98152262958288,-1.4,-1.0,-11.2,0.0,0.0,-29.5,-9.0,-3.5,-6.1,-5.5,-14.9
1255,10796747.907532047,43,4.218477370417105,65.78150862958289,548.6177819707212,1,6.435023093445125e-05,0.793931749142499,0.20606825085750105,3.681318410650028e-29,200.0,92.08150862958288,-209.98152262958288,-1.4,-1.0,-11.2,0.0,0.0,-29.5,-9.0,-3.5,-6.1,-5.5,-14.9
1256,10796747.907532047,44,4.218477370417105,65.78150862958289,548.6177819707212,1,6.435023093445125e-05,0.7939267362847569,0.2060732637152431,3.497252490117527e-29,200.0,92.08150862958288,-209.98152262958288,-1.4,-1.0,-11.2,0.0,0.0,-29.5,-9.0,-3.5,-6.1,-5.5,-14.9
1257,10796747.907532047,45,4.218477370417105,65.78150862958289,548.6177819707212,1,6.435023093445125e-05,0.7939226077147635,0.2060773922852365,3.322389865611651e-29,200.0,92.08150862958288,-209.98152262958288,-1.4,-1.0,-11.2,0.0,0.0,-29.5,-9.0,-3.5,-6.1,-5.5,-14.9
1258,10796747.907532047,46,4.218477370417105,65.78150862958289,548.6177819707212,1,6.435023093445125e-05,0.7939193181477853,0.20608068185221473,3.156270372331068e-29,200.0,92.08150862958288,-209.98152262958288,-1.4,-1.0,-11.2,0.0,0.0,-29.5,-9.0,-3.5,-6.1,-5.5,-14.9
1259,10796747.907532047,47,4.218477370417105,65.78150862958289,548.6177819707212,1,6.435023093445125e-05,0.7939120005669428,0.20608799943305717,2.9984568537145146e-29,200.0,92.08150862958288,-209.98152262958288,-1.4,-1.0,-11.2,0.0,0.0,-29.5,-9.0,-3.5,-6.1,-5.5,-14.9
1260,10796747.907532047,48,4.218477370417105,65.78150862958289,548.6177819707212,1,6.435023093445125e-05,0.7939000563654005,0.20609994363459944,2.848534011028789e-29,200.0,92.08150862958288,-209.98152262958288,-1.4,-1.0,-11.2,0.0,0.0,-29.5,-9.0,-3.5,-6.1,-5.5,-14.9
1261,10796747.907532047,49,4.218477370417105,65.78150862958289,548.6177819707212,1,6.435023093445125e-05,0.7938885444874824,0.2061114555125177,2.7061073104773497e-29,200.0,92.08150862958288,-209.98152262958288,-1.4,-1.0,-11.2,0.0,0.0,-29.5,-9.0,-3.5,-6.1,-5.5,-14.9
1262,10796747.907532047,0,4.218477370417105,65.78150862958289,548.6177819707212,1,6.435023093445125e-05,0.793878246502111,0.2061217534978888,2.5708019449534814e-29,200.0,92.08150862958288,-209.98152262958288,-1.4,-1.0,-11.2,0.0,0.0,-29.5,-9.0,-3.5,-6.1,-5.5,-14.9
1263,10796747.907532047,1,4.218477370417105,65.78150862958289,548.6177819707212,1,6.435023093445125e-05,0.7938666937210758,0.2061333062789242,2.4422618477058074e-29,200.0,92.08150862958288,-209.98152262958288,-1.4,-1.0,-11.2,0.0,0.0,-29.5,-9.0,-3.5,-6.1,-5.5,-14.9
1264,10796747.907532047,2,4.218477370417105,65.78150862958289,548.6177819707212,1,6.435023093445125e-05,0.7938531491911676,0.20614685080883238,2.320148755320517e-29,200.0,92.08150862958288,-209.98152262958288,-1.4,-1.0,-11.2,0.0,0.0,-29.5,-9.0,-3.5,-6.1,-5.5,-14.9
1265,10796747.907532047,3,4.218477370417105,65.78150862958289,548.6177819707212,1,6.435023093445125e-05,0.7938417232919923,0.20615827670800774,2.2041413175544912e-29,200.0,92.08150862958288,-209.98152262958288,-1.4,-1.0,-11.2,0.0,0.0,-29.5,-9.0,-3.5,-6.1,-5.5,-14.9
1266,10796747.907532047,4,4.218477370417105,65.78150862958289,548.6177819707212,1,6.435023093445125e-05,0.7938395082533535,0.20616049174664655,2.0939342516767664e-29,200.0,92.08150862958288,-209.98152262958288,-1.4,-1.0,-11.2,0.0,0.0,-29.5,-9.0,-3.5,-6.1,-5.5,-14.9
1267,10796747.907532047,5,4.218477370417105,65.78150862958289,548.6177819707212,1,6.435023093445125e-05,0.7938388330059506,0.2061611669940494,1.989237539092928e-29,200.0,92.08150862958288,-209.98152262958288,-1.4,-1.0,-11.2,0.0,0.0,-29.5,-9.0,-3.5,-6.1,-5.5,-14.9
1268,10796747.907532047,6,4.218477370417105,65.78150862958289,548.6177819707212,1,6.435023093445125e-05,0.7938412139617346,0.20615878603826543,1.8897756621382816e-29,200.0,92.08150862958288,-209.98152262958288,-1.4,-1.0,-11.2,0.0,0.0,-29.5,-9.0,-3.5,-6.1,-5.5,-14.9
1269,10796747.907532047,7,4.218477370417105,65.78150862958289,548.6177819707212,1,6.435023093445125e-05,0.7938401139985448,0.2061598860014552,1.7952868790313674e-29,200.0,92.08150862958288,-209.98152262958288,-1.4,-1.0,-11.2,0.0,0.0,-29.5,-9.0,-3.5,-6.1,-5.5,-14.9
1270,10796747.907532047,8,4.218477370417105,65.78150862958289,548.6177819707212,1,6.435023093445125e-05,0.7938373054699304,0.20616269453006966,1.7055225350797988e-29,200.0,92.08150862958288,-209.98152262958288,-1.4,-1.0,-11.2,0.0,0.0,-29.5,-9.0,-3.5,-6.1,-5.5,-14.9
1271,10796747.907532047,9,4.218477370417105,65.78150862958289,548.6177819707212,1,6.435023093445125e-05,0.7938336728865029,0.20616632711349714,1.6202464083258088e-29,200.0,92.08150862958288,-209.98152262958288,-1.4,-1.0,-11.2,0.0,0.0,-29.5,-9.0,-3.5,-6.1,-5.5,-14.9
1272,10796747.907532047,10,4.218477370417105,65.78150862958289,548.6177819707212,1,6.435023093445125e-05,0.7938260734099233,0.20617392659007677,1.5392340879095187e-29,200.0,92.08150862958288,-209.98152262958288,-1.4,-1.0,-11.2,0.0,0.0,-29.5,-9.0,-3.5,-6.1,-5.5,-14.9
1273,10796747.907532047,11,4.218477370417105,65.78150862958289,548.6177819707212,1,6.435023093445125e-05,0.7938186902549138,0.20618130974508622,1.4622723835140427e-29,200.0,92.08150862958288,-209.98152262958288,-1.4,-1.0,-11.2,0.0,0.0,-29.5,-9.0,-3.5,-6.1,-5.5,-14.9
1274,10796747.907532047,12,4.218477370417105,65.78150862958289,548.6177819707212,1,6.435023093445125e-05,0.7938075351148205,0.20619246488517956,1.3891587643383408e-29,200.0,92.08150862958288,-209.98152262958288,-1.4,-1.0,-11.2,0.0,0.0,-29.5,-9.0,-3.5,-6.1,-5.5,-14.9
1275,10796747.907532047,13,4.218477370417105,65.78150862958289,548.6177819707212,1,6.435023093445125e-05,0.7937928006535901,0.20620719934640983,1.3197008261214238e-29,200.0,92.08150862958288,-209.98152262958288,-1.4,-1.0,-11.2,0.0,0.0,-29.5,-9.0,-3.5,-6.1,-5.5,-14.9
1276,10796747.907532047,14,4.218477370417105,65.78150862958289,548.6177819707212,1,6.435023093445125e-05,0.7937818254354229,0.20621817456457717,1.2537157848153525e-29,200.0,92.08150862958288,-209.98152262958288,-1.4,-1.0,-11.2,0.0,0.0,-29.5,-9.0,-3.5,-6.1,-5.5,-14.9
1277,10796747.907532047,15,4.218477370417105,65.78150862958289,548.6177819707212,1,6.435023093445125e-05,0.7937744154286003,0.20622558457139967,1.1910299955745848e-29,200.0,92.08150862958288,-209.98152262958288,-1.4,-1.0,-11.2,0.0,0.0,-29.5,-9.0,-3.5,-6.1,-5.5,-14.9
1278,10796747.907532047,16,4.218477370417105,65.78150862958289,548.6177819707212,1,6.435023093445125e-05,0.793768800715305,0.20623119928469508,1.1314784957958557e-29,200.0,92.08150862958288,-209.98152262958288,-1.4,-1.0,-11.2,0.0,0.0,-29.5,-9.0,-3.5,-6.1,-5.5,-14.9
1279,10796747.907532047,17,4.218477370417105,65.78150862958289,548.6177819707212,1,6.435023093445125e-05,0.7937633046028693,0.20623669539713074,1.0749045710060628e-29,200.0,92.08150862958288,-209.98152262958288,-1.4,-1.0,-11.2,0.0,0.0,-29.5,-9.0,-3.5,-6.1,-5.5,-14.9
1280,10796747.907532047,18,4.218477370417105,65.78150862958289,548.6177819707212,1,6.435023093445125e-05,0.7937602960616196,0.20623970393838043,1.0211593424557597e-29,200.0,92.08150862958288,-209.98152262958288,-1.4,-1.0,-11.2,0.0,0.0,-29.5,-9.0,-3.5,-6.1,-5.5,-14.9
1281,10796747.907532047,19,4.218477370417105,65.78150862958289,548.6177819707212,1,6.435023093445125e-05,0.7937620177582133,0.20623798224178672,9.701013753329718e-30,200.0,92.08150862958288,-209.98152262958288,-1.4,-1.0,-11.2,0.0,0.0,-29.5,-9.0,-3.5,-6.1,-5.5,-14.9
1282,10796747.907532047,20,4.218477370417105,65.78150862958289,548.6177819707212,1,6.435023093445125e-05,0.7937595370946564,0.20624046290534362,9.215963065663233e-30,200.0,92.08150862958288,-209.98152262958288,-1.4,-1.0,-11.2,0.0,0.0,-29.5,-9.0,-3.5,-6.1,-5.5,-14.9
1283,10796747.907532047,21,4.218477370417105,65.78150862958289,548.6177819707212,1,6.435023093445125e-05,0.7937554377063942,0.20624456229360583,8.755164912380073e-30,200.0,92.08150862958288,-209.98152262958288,-1.4,-1.0,-11.2,0.0,0.0,-29.5,-9.0,-3.5,-6.1,-5.5,-14.9
1284,10796747.907532047,22,4.218477370417105,65.78150862958289,548.6177819707212,1,6.435023093445125e-05,0.793751381201444,0.20624861879855605,8.317406666761069e-30,200.0,92.08150862958288,-209.98152262958288,-1.4,-1.0,-11.2,0.0,0.0,-29.5,-9.0,-3.5,-6.1,-5.5,-14.9
1285,10796747.907532047,23,4.218477370417105,65.78150862958289,548.6177819707212,1,6.435023093445125e-05,0.7937528830024063,0.2062471169975937,7.901536333423015e-30,200.0,92.08150862958288,-209.98152262958288,-1.4,-1.0,-11.2,0.0,0.0,-29.5,-9.0,-3.5,-6.1,-5.5,-14.9
1286,10796747.907532047,24,4.218477370417105,65.78150862958289,548.6177819707212,1,6.435023093445125e-05,0.7937549311774266,0.20624506882257349,7.506459516751865e-30,200.0,92.08150862958288,-209.98152262958288,-1.4,-1.0,-11.2,0.0,0.0,-29.5,-9.0,-3.5,-6.1,-5.5,-14.9
1287,10796747.907532047,25,4.218477370417105,65.78150862958289,548.6177819707212,1,6.435023093445125e-05,0.7937567108333734,0.20624328916662657,7.131136540914272e-30,200.0,92.08150862958288,-209.98152262958288,-1.4,-1.0,-11.2,0.0,0.0,-29.5,-9.0,-3.5,-6.1,-5.5,-14.9
1288,10796747.907532047,26,4.218477370417105,65.78150862958289,548.6177819707212,1,6.435023093445125e-05,0.7937590216047613,0.2062409783952387,6.774579713868557e-30,200.0,92.08150862958288,-209.98152262958288,-1.4,-1.0,-11.2,0.0,0.0,-29.5,-9.0,-3.5,-6.1,-5.5,-14.9
1289,10796747.907532047,27,4.218477370417105,65.78150862958289,548.6177819707212,1,6.435023093445125e-05,0.7937610506431648,0.20623894935683518,6.43585072817513e-30,200.0,92.08150862958288,-209.98152262958288,-1.4,-1.0,-11.2,0.0,0.0,-29.5,-9.0,-3.5,-6.1,-5.5,-14.9
1290,10796747.907532047,28,4.218477370417105,65.78150862958289,548.6177819707212,1,6.435023093445125e-05,0.793765950467353,0.20623404953264696,6.114058191766373e-30,200.0,92.08150862958288,-209.98152262958288,-1.4,-1.0,-11.2,0.0,0.0,-29.5,-9.0,-3.5,-6.1,-5.5,-14.9
1291,10796747.907532047,29,4.218477370417105,65.78150862958289,548.6177819707212,1,6.435023093445125e-05,0.7937743550175899,0.2062256449824101,5.808355282178054e-30,200.0,92.08150862958288,-209.98152262958288,-1.4,-1.0,-11.2,0.0,0.0,-29.5,-9.0,-3.5,-6.1,-5.5,-14.9
1292,10796747.907532047,30,4.218477370417105,65.78150862958289,548.6177819707212,1,6.435023093445125e-05,0.7937798199671561,0.20622018003284387,5.517937518069151e-30,200.0,92.08150862958288,-209.98152262958288,-1.4,-1.0,-11.2,0.0,0.0,-29.5,-9.0,-3.5,-6.1,-5.5,-14.9
1293,10796747.907532047,31,4.218477370417105,65.78150862958289,548.6177819707212,1,6.435023093445125e-05,0.7937824952998089,0.2062175047001911,5.242040642165694e-30,200.0,92.08150862958288,-209.98152262958288,-1.4,-1.0,-11.2,0.0,0.0,-29.5,-9.0,-3.5,-6.1,-5.5,-14.9
1294,10796747.907532047,32,4.218477370417105,65.78150862958289,548.6177819707212,1,6.435023093445125e-05,0.7937848701725871,0.2062151298274129,4.97993861005741e-30,200.0,92.08150862958288,-209.98152262958288,-1.4,-1.0,-11.2,0.0,0.0,-29.5,-9.0,-3.5,-6.1,-5.5,-14.9
1295,10796747.907532047,33,4.218477370417105,65.78150862958289,548.6177819707212,1,6.435023093445125e-05,0.7937846149507386,0.20621538504926148,4.7309416795545394e-30,200.0,92.08150862958288,-209.98152262958288,-1.4,-1.0,-11.2,0.0,0.0,-29.5,-9.0,-3.5,-6.1,-5.5,-14.9
1296,10796747.907532047,34,4.218477370417105,65.78150862958289,548.6177819707212,1,6.435023093445125e-05,0.7937857702561061,0.20621422974389397,4.494394595576812e-30,200.0,92.08150862958288,-209.98152262958288,-1.4,-1.0,-11.2,0.0,0.0,-29.5,-9.0,-3.5,-6.1,-5.5,-14.9
1297,10796747.907532047,35,4.218477370417105,65.78150862958289,548.6177819707212,1,6.435023093445125e-05,0.7937859219887606,0.2062140780112394,4.269674865797972e-30,200.0,92.08150862958288,-209.98152262958288,-1.4,-1.0,-11.2,0.0,0.0,-29.5,-9.0,-3.5,-6.1,-5.5,-14.9
1298,10796747.907532047,36,4.218477370417105,65.78150862958289,548.6177819707212,1,6.435023093445125e-05,0.7937859016285116,0.20621409837148835,4.056191122508073e-30,200.0,92.08150862958288,-209.98152262958288,-1.4,-1.0,-11.2,0.0,0.0,-29.5,-9.0,-3.5,-6.1,-5.5,-14.9
1299,10796747.907532047,37,4.218477370417105,65.78150862958289,548.6177819707212,1,6.435023093445125e-05,0.7937849386506438,0.20621506134935613,3.853381566382669e-30,200.0,92.08150862958288,-209.98152262958288,-1.4,-1.0,-11.2,0.0,0.0,-29.5,-9.0,-3.5,-6.1,-5.5,-14.9
1300,10796747.907532047,38,4.218477370417105,65.78150862958289,548.6177819707212,1,6.435023093445125e-05,0.793782302546469,0.206217697453531,3.660712488063536e-30,200.0,92.08150862958288,-209.98152262958288,-1.4,-1.0,-11.2,0.0,0.0,-29.5,-9.0,-3.5,-6.1,-5.5,-14.9
1301,10796747.907532047,39,4.218477370417105,65.78150862958289,548.6177819707212,1,6.435023093445125e-05,0.793781971141249,0.206218028858751,3.4776768636603594e-30,200.0,92.08150862958288,-209.98152262958288,-1.4,-1.0,-11.2,0.0,0.0,-29.5,-9.0,-3.5,-6.1,-5.5,-14.9
1302,10796747.907532047,40,4.218477370417105,65.78150862958289,548.6177819707212,1,6.435023093445125e-05,0.7937830477982036,0.20621695220179634,3.303793020477341e-30,200.0,92.08150862958288,-209.98152262958288,-1.4,-1.0,-11.2,0.0,0.0,-29.5,-9.0,-3.5,-6.1,-5.5,-14.9
1303,10796747.907532047,41,4.218477370417105,65.78150862958289,548.6177819707212,1,6.435023093445125e-05,0.7937854596893829,0.20621454031061717,3.1386033694534743e-30,200.0,92.08150862958288,-209.98152262958288,-1.4,-1.0,-11.2,0.0,0.0,-29.5,-9.0,-3.5,-6.1,-5.5,-14.9
1304,10796747.907532047,42,4.218477370417105,65.78150862958289,548.6177819707212,1,6.435023093445125e-05,0.7937875856537451,0.2062124143462549,2.9816732009808003e-30,200.0,92.08150862958288,-209.98152262958288,-1.4,-1.0,-11.2,0.0,0.0,-29.5,-9.0,-3.5,-6.1,-5.5,-14.9
1305,10796747.907532047,43,4.218477370417105,65.78150862958289,548.6177819707212,1,6.435023093445125e-05,0.7937933166452272,0.20620668335477282,2.8325895409317607e-30,200.0,92.08150862958288,-209.98152262958288,-1.4,-1.0,-11.2,0.0,0.0,-29.5,-9.0,-3.5,-6.1,-5.5,-14.9
1306,10796747.907532047,44,4.218477370417105,65.78150862958289,548.6177819707212,1,6.435023093445125e-05,0.7937985933655296,0.20620140663447037,2.6909600638851726e-30,200.0,92.08150862958288,-209.98152262958288,-1.4,-1.0,-11.2,0.0,0.0,-29.5,-9.0,-3.5,-6.1,-5.5,-14.9
1307,10796747.907532047,45,4.218477370417105,65.78150862958289,548.6177819707212,1,6.435023093445125e-05,0.7938018907888866,0.20619810921111342,2.556412060690914e-30,200.0,92.08150862958288,-209.98152262958288,-1.4,-1.0,-11.2,0.0,0.0,-29.5,-9.0,-3.5,-6.1,-5.5,-14.9
1308,10796747.907532047,46,4.218477370417105,65.78150862958289,548.6177819707212,1,6.435023093445125e-05,0.7938017625622473,0.20619823743775262,2.4285914576563683e-30,200.0,92.08150862958288,-209.98152262958288,-1.4,-1.0,-11.2,0.0,0.0,-29.5,-9.0,-3.5,-6.1,-5.5,-14.9
1309,10796747.907532047,47,4.218477370417105,65.78150862958289,548.6177819707212,1,6.435023093445125e-05,0.7938053425407724,0.20619465745922758,2.3071618847735497e-30,200.0,92.08150862958288,-209.98152262958288,-1.4,-1.0,-11.2,0.0,0.0,-29.5,-9.0,-3.5,-6.1,-5.5,-14.9
1310,10796747.907532047,48,4.218477370417105,65.78150862958289,548.6177819707212,1,6.435023093445125e-05,0.793806260186058,0.2061937398139419,2.191803790534872e-30,200.0,92.08150862958288,-209.98152262958288,-1.4,-1.0,-11.2,0.0,0.0,-29.5,-9.0,-3.5,-6.1,-5.5,-14.9
1311,10796747.907532047,49,4.218477370417105,65.78150862958289,548.6177819707212,1,6.435023093445125e-05,0.7938038792799355,0.20619612072006455,2.0822136010081285e-30,200.0,92.08150862958288,-209.98152262958288,-1.4,-1.0,-11.2,0.0,0.0,-29.5,-9.0,-3.5,-6.1,-5.5,-14.9
1312,10796747.907532047,0,4.218477370417105,65.78150862958289,548.6177819707212,1,6.435023093445125e-05,0.7938006840294689,0.20619931597053115,1.978102920957722e-30,200.0,92.08150862958288,-209.98152262958288,-1.4,-1.0,-11.2,0.0,0.0,-29.5,-9.0,-3.5,-6.1,-5.5,-14.9
1313,10796747.907532047,1,4.218477370417105,65.78150862958289,548.6177819707212,1,6.435023093445125e-05,0.7937951736375193,0.20620482636248078,1.879197774909836e-30,200.0,92.08150862958288,-209.98152262958288,-1.4,-1.0,-11.2,0.0,0.0,-29.5,-9.0,-3.5,-6.1,-5.5,-14.9
1314,10796747.907532047,2,4.218477370417105,65.78150862958289,548.6177819707212,1,6.435023093445125e-05,0.7937874667664846,0.20621253323351546,1.785237886164344e-30,200.0,92.08150862958288,-209.98152262958288,-1.4,-1.0,-11.2,0.0,0.0,-29.5,-9.0,-3.5,-6.1,-5.5,-14.9
1315,10796747.907532047,3,4.218477370417105,65.78150862958289,548.6177819707212,1,6.435023093445125e-05,0.7937815293902155,0.20621847060978457,1.6959759918561266e-30,200.0,92.08150862958288,-209.98152262958288,-1.4,-1.0,-11.2,0.0,0.0,-29.5,-9.0,-3.5,-6.1,-5.5,-14.9
1316,10796747.907532047,4,4.218477370417105,65.78150862958289,548.6177819707212,1,6.435023093445125e-05,0.7937749611767572,0.2062250388232429,1.6111771922633202e-30,200.0,92.08150862958288,-209.98152262958288,-1.4,-1.0,-11.2,0.0,0.0,-29.5,-9.0,-3.5,-6.1,-5.5,-14.9
1317,10796747.907532047,5,4.218477370417105,65.78150862958289,548.6177819707212,1,6.435023093445125e-05,0.7937693337212126,0.20623066627878733,1.530618332650154e-30,200.0,92.08150862958288,-209.98152262958288,-1.4,-1.0,-11.2,0.0,0.0,-29.5,-9.0,-3.5,-6.1,-5.5,-14.9
1318,10796747.907532047,6,4.218477370417105,65.78150862958289,548.6177819707212,1,6.435023093445125e-05,0.7937661361099333,0.20623386389006676,1.4540874160176464e-30,200.0,92.08150862958288,-209.98152262958288,-1.4,-1.0,-11.2,0.0,0.0,-29.5,-9.0,-3.5,-6.1,-5.5,-14.9
1319,10796747.907532047,7,4.218477370417105,65.78150862958289,548.6177819707212,1,6.435023093445125e-05,0.7937629395869368,0.20623706041306325,1.381383045216764e-30,200.0,92.08150862958288,-209.98152262958288,-1.4,-1.0,-11.2,0.0,0.0,-29.5,-9.0,-3.5,-6.1,-5.5,-14.9
1320,10796747.907532047,8,4.218477370417105,65.78150862958289,548.6177819707212,1,6.435023093445125e-05,0.7937628130010962,0.20623718699890378,1.3123138929559257e-30,200.0,92.08150862958288,-209.98152262958288,-1.4,-1.0,-11.2,0.0,0.0,-29.5,-9.0,-3.5,-6.1,-5.5,-14.9
1321,10796747.907532047,9,4.218477370417105,65.78150862958289,548.6177819707212,1,6.435023093445125e-05,0.7937609991327558,0.20623900086724425,1.2466981983081295e-30,200.0,92.08150862958288,-209.98152262958288,-1.4,-1.0,-11.2,0.0,0.0,-29.5,-9.0,-3.5,-6.1,-5.5,-14.9
1322,10796747.907532047,10,4.218477370417105,65.78150862958289,548.6177819707212,1,6.435023093445125e-05,0.7937598827406227,0.20624011725937735,1.184363288392723e-30,200.0,92.08150862958288,-209.98152262958288,-1.4,-1.0,-11.2,0.0,0.0,-29.5,-9.0,-3.5,-6.1,-5.5,-14.9
1323,10796747.907532047,11,4.218477370417105,65.78150862958289,548.6177819707212,1,6.435023093445125e-05,0.7937571316905957,0.20624286830940436,1.1251451239730867e-30,200.0,92.08150862958288,-209.98152262958288,-1.4,-1.0,-11.2,0.0,0.0,-29.5,-9.0,-3.5,-6.1,-5.5,-14.9
1324,10796747.907532047,12,4.218477370417105,65.78150862958289,548.6177819707212,1,6.435023093445125e-05,0.7937558898369441,0.20624411016305594,1.0688878677744324e-30,200.0,92.08150862958288,-209.98152262958288,-1.4,-1.0,-11.2,0.0,0.0,-29.5,-9.0,-3.5,-6.1,-5.5,-14.9
1325,10796747.907532047,13,4.218477370417105,65.78150862958289,548.6177819707212,1,6.435023093445125e-05,0.7937537867139948,0.2062462132860053,1.0154434743857107e-30,200.0,92.08150862958288,-209.98152262958288,-1.4,-1.0,-11.2,0.0,0.0,-29.5,-9.0,-3.5,-6.1,-5.5,-14.9
1326,10796747.907532047,14,4.218477370417105,65.78150862958289,548.6177819707212,1,6.435023093445125e-05,0.7937501027535828,0.20624989724641718,9.64671300666425e-31,200.0,92.08150862958288,-209.98152262958288,-1.4,-1.0,-11.2,0.0,0.0,-29.5,-9.0,-3.5,-6.1,-5.5,-14.9
1327,10796747.907532047,15,4.218477370417105,65.78150862958289,548.6177819707212,1,6.435023093445125e-05,0.79374644608933,0.20625355391067002,9.164377356331037e-31,200.0,92.08150862958288,-209.98152262958288,-1.4,-1.0,-11.2,0.0,0.0,-29.5,-9.0,-3.5,-6.1,-5.5,-14.9
1328,10796747.907532047,16,4.218477370417105,65.78150862958289,548.6177819707212,1,6.435023093445125e-05,0.793744341080651,0.20625565891934908,8.706158488514486e-31,200.0,92.08150862958288,-209.98152262958288,-1.4,-1.0,-11.2,0.0,0.0,-29.5,-9.0,-3.5,-6.1,-5.5,-14.9
1329,10796747.907532047,17,4.218477370417105,65.78150862958289,548.6177819707212,1,6.435023093445125e-05,0.7937437078054868,0.2062562921945133,8.270850564088762e-31,200.0,92.08150862958288,-209.98152262958288,-1.4,-1.0,-11.2,0.0,0.0,-29.5,-9.0,-3.5,-6.1,-5.5,-14.9
1330,10796747.907532047,18,4.218477370417105,65.78150862958289,548.6177819707212,1,6.435023093445125e-05,0.7937444703438727,0.20625552965612726,7.857308035884324e-31,200.0,92.08150862958288,-209.98152262958288,-1.4,-1.0,-11.2,0.0,0.0,-29.5,-9.0,-3.5,-6.1,-5.5,-14.9
1331,10796747.907532047,19,4.218477370417105,65.78150862958289,548.6177819707212,1,6.435023093445125e-05,0.7937442747464343,0.20625572525356572,7.464442634090108e-31,200.0,92.08150862958288,-209.98152262958288,-1.4,-1.0,-11.2,0.0,0.0,-29.5,-9.0,-3.5,-6.1,-5.5,-14.9
1332,10796747.907532047,20,4.218477370417105,65.78150862958289,548.6177819707212,1,6.435023093445125e-05,0.7937454505983764,0.20625454940162352,7.0912205023856016e-31,200.0,92.08150862958288,-209.98152262958288,-1.4,-1.0,-11.2,0.0,0.0,-29.5,-9.0,-3.5,-6.1,-5.5,-14.9
1333,10796747.907532047,21,4.218477370417105,65.78150862958289,548.6177819707212,1,6.435023093445125e-05,0.7937517224236743,0.20624827757632566,6.736659477266322e-31,200.0,92.08150862958288,-209.98152262958288,-1.4,-1.0,-11.2,0.0,0.0,-29.5,-9.0,-3.5,-6.1,-5.5,-14.9
1334,10796747.907532047,22,4.218477370417105,65.78150862958289,548.6177819707212,1,6.435023093445125e-05,0.7937575176165484,0.2062424823834516,6.399826503403007e-31,200.0,92.08150862958288,-209.98152262958288,-1.4,-1.0,-11.2,0.0,0.0,-29.5,-9.0,-3.5,-6.1,-5.5,-14.9
1335,10796747.907532047,23,4.218477370417105,65.78150862958289,548.6177819707212,1,6.435023093445125e-05,0.7937605865715391,0.20623941342846092,6.079835178232856e-31,200.0,92.08150862958288,-209.98152262958288,-1.4,-1.0,-11.2,0.0,0.0,-29.5,-9.0,-3.5,-6.1,-5.5,-14.9
1336,10796747.907532047,24,4.218477370417105,65.78150862958289,548.6177819707212,1,6.435023093445125e-05,0.7937693982491025,0.20623060175089752,5.775843419321213e-31,200.0,92.08150862958288,-209.98152262958288,-1.4,-1.0,-11.2,0.0,0.0,-29.5,-9.0,-3.5,-6.1,-5.5,-14.9
1337,10796747.907532047,25,4.218477370417105,65.78150862958289,548.6177819707212,1,6.435023093445125e-05,0.7937760915989339,0.20622390840106614,5.487051248355153e-31,200.0,92.08150862958288,-209.98152262958288,-1.4,-1.0,-11.2,0.0,0.0,-29.5,-9.0,-3.5,-6.1,-5.5,-14.9
1338,10796747.907532047,26,4.218477370417105,65.78150862958289,548.6177819707212,1,6.435023093445125e-05,0.7937845537836862,0.2062154462163138,5.212698685937395e-31,200.0,92.08150862958288,-209.98152262958288,-1.4,-1.0,-11.2,0.0,0.0,-29.5,-9.0,-3.5,-6.1,-5.5,-14.9
1339,10796747.907532047,27,4.218477370417105,65.78150862958289,548.6177819707212,1,6.435023093445125e-05,0.7937931827542496,0.20620681724575046,4.952063751640526e-31,200.0,92.08150862958288,-209.98152262958288,-1.4,-1.0,-11.2,0.0,0.0,-29.5,-9.0,-3.5,-6.1,-5.5,-14.9
1340,10796747.907532047,28,4.218477370417105,65.78150862958289,548.6177819707212,1,6.435023093445125e-05,0.7938057400057021,0.20619425999429794,4.704460564058499e-31,200.0,92.08150862958288,-209.98152262958288,-1.4,-1.0,-11.2,0.0,0.0,-29.5,-9.0,-3.5,-6.1,-5.5,-14.9
1341,10796747.907532047,29,4.218477370417105,65.78150862958289,548.6177819707212,1,6.435023093445125e-05,0.7938227727273978,0.2061772272726021,4.469237535855573e-31,200.0,92.08150862958288,-209.98152262958288,-1.4,-1.0,-11.2,0.0,0.0,-29.5,-9.0,-3.5,-6.1,-5.5,-14.9
1342,10796747.907532047,30,4.218477370417105,65.78150862958289,548.6177819707212,1,6.435023093445125e-05,0.7938387817651852,0.20616121823481484,4.245775659062795e-31,200.0,92.08150862958288,-209.98152262958288,-1.4,-1.0,-11.2,0.0,0.0,-29.5,-9.0,-3.5,-6.1,-5.5,-14.9
1343,10796747.907532047,31,4.218477370417105,65.78150862958289,548.6177819707212,1,6.435023093445125e-05,0.7938515629688356,0.20614843703116437,4.033486876109655e-31,200.0,92.08150862958288,-209.98152262958288,-1.4,-1.0,-11.2,0.0,0.0,-29.5,-9.0,-3.5,-6.1,-5.5,-14.9
1344,10796747.907532047,32,4.218477370417105,65.78150862958289,548.6177819707212,1,6.435023093445125e-05,0.7938635352012695,0.20613646479873043,3.8318125323041723e-31,200.0,92.08150862958288,-209.98152262958288,-1.4,-1.0,-11.2,0.0,0.0,-29.5,-9.0,-3.5,-6.1,-5.5,-14.9
1345,10796747.907532047,33,4.218477370417105,65.78150862958289,548.6177819707212,1,6.435023093445125e-05,0.7938747391607797,0.2061252608392203,3.640221905688964e-31,200.0,92.08150862958288,-209.98152262958288,-1.4,-1.0,-11.2,0.0,0.0,-29.5,-9.0,-3.5,-6.1,-5.5,-14.9
1346,10796747.907532047,34,4.218477370417105,65.78150862958289,548.6177819707212,1,6.435023093445125e-05,0.7938874642120616,0.20611253578793845,3.458210810404516e-31,200.0,92.08150862958288,-209.98152262958288,-1.4,-1.0,-11.2,0.0,0.0,-29.5,-9.0,-3.5,-6.1,-5.5,-14.9
1347,10796747.907532047,35,4.218477370417105,65.78150862958289,548.6177819707212,1,6.435023093445125e-05,0.7939008812034725,0.20609911879652756,3.28530026988429e-31,200.0,92.08150862958288,-209.98152262958288,-1.4,-1.0,-11.2,0.0,0.0,-29.5,-9.0,-3.5,-6.1,-5.5,-14.9
1348,10796747.907532047,36,4.218477370417105,65.78150862958289,548.6177819707212,1,6.435023093445125e-05,0.7939164505564559,0.20608354944354415,3.121035256390075e-31,200.0,92.08150862958288,-209.98152262958288,-1.4,-1.0,-11.2,0.0,0.0,-29.5,-9.0,-3.5,-6.1,-5.5,-14.9
1349,10796747.907532047,37,4.218477370417105,65.78150862958289,548.6177819707212,1,6.435023093445125e-05,0.7939355545060214,0.20606444549397862,2.9649834935705715e-31,200.0,92.08150862958288,-209.98152262958288,-1.4,-1.0,-11.2,0.0,0.0,-29.5,-9.0,-3.5,-6.1,-5.5,-14.9
1350,10796747.907532047,38,4.218477370417105,65.78150862958289,548.6177819707212,1,6.435023093445125e-05,0.79395502057235,0.20604497942764993,2.8167343188920426e-31,200.0,92.08150862958288,-209.98152262958288,-1.4,-1.0,-11.2,0.0,0.0,-29.5,-9.0,-3.5,-6.1,-5.5,-14.9
1351,10796747.907532047,39,4.218477370417105,65.78150862958289,548.6177819707212,1,6.435023093445125e-05,0.7939748284401272,0.2060251715598728,2.675897602947441e-31,200.0,92.08150862958288,-209.98152262958288,-1.4,-1.0,-11.2,0.0,0.0,-29.5,-9.0,-3.5,-6.1,-5.5,-14.9
1352,10796747.907532047,40,4.218477370417105,65.78150862958289,548.6177819707212,1,6.435023093445125e-05,0.7939927221613603,0.20600727783863976,2.5421027228000686e-31,200.0,92.08150862958288,-209.98152262958288,-1.4,-1.0,-11.2,0.0,0.0,-29.5,-9.0,-3.5,-6.1,-5.5,-14.9
1353,10796747.907532047,41,4.218477370417105,65.78150862958289,548.6177819707212,1,6.435023093445125e-05,0.7940095438696217,0.20599045613037825,2.414997586660065e-31,200.0,92.08150862958288,-209.98152262958288,-1.4,-1.0,-11.2,0.0,0.0,-29.5,-9.0,-3.5,-6.1,-5.5,-14.9
1354,10796747.907532047,42,4.218477370417105,65.78150862958289,548.6177819707212,1,6.435023093445125e-05,0.7940223683716806,0.20597763162831934,2.294247707327062e-31,200.0,92.08150862958288,-209.98152262958288,-1.4,-1.0,-11.2,0.0,0.0,-29.5,-9.0,-3.5,-6.1,-5.5,-14.9
1355,10796747.907532047,43,4.218477370417105,65.78150862958289,548.6177819707212,1,6.435023093445125e-05,0.7940358655914997,0.2059641344085002,2.179535321960709e-31,200.0,92.08150862958288,-209.98152262958288,-1.4,-1.0,-11.2,0.0,0.0,-29.5,-9.0,-3.5,-6.1,-5.5,-14.9
1356,10796747.907532047,44,4.218477370417105,65.78150862958289,548.6177819707212,1,6.435023093445125e-05,0.7940507431947986,0.20594925680520143,2.070558555862674e-31,200.0,92.08150862958288,-209.98152262958288,-1.4,-1.0,-11.2,0.0,0.0,-29.5,-9.0,-3.5,-6.1,-5.5,-14.9
1357,10796747.907532047,45,4.218477370417105,65.78150862958289,548.6177819707212,1,6.435023093445125e-05,0.794066185783523,0.20593381421647705,1.9670306280695401e-31,200.0,92.08150862958288,-209.98152262958288,-1.4,-1.0,-11.2,0.0,0.0,-29.5,-9.0,-3.5,-6.1,-5.5,-14.9
1358,10796747.907532047,46,4.218477370417105,65.78150862958289,548.6177819707212,1,6.435023093445125e-05,0.7940799363354442,0.2059200636645559,1.8686790966660633e-31,200.0,92.08150862958288,-209.98152262958288,-1.4,-1.0,-11.2,0.0,0.0,-29.5,-9.0,-3.5,-6.1,-5.5,-14.9
1359,10796747.907532047,47,4.218477370417105,65.78150862958289,548.6177819707212,1,6.435023093445125e-05,0.7940928225163544,0.20590717748364568,1.77524514183276e-31,200.0,92.08150862958288,-209.98152262958288,-1.4,-1.0,-11.2,0.0,0.0,-29.5,-9.0,-3.5,-6.1,-5.5,-14.9
1360,10796747.907532047,48,4.218477370417105,65.78150862958289,548.6177819707212,1,6.435023093445125e-05,0.7941048878016161,0.20589511219838386,1.686482884741122e-31,200.0,92.08150862958288,-209.98152262958288,-1.4,-1.0,-11.2,0.0,0.0,-29.5,-9.0,-3.5,-6.1,-5.5,-14.9
1361,10796747.907532047,49,4.218477370417105,65.78150862958289,548.6177819707212,1,6.435023093445125e-05,0.7941183953206318,0.20588160467936817,1.6021587405040656e-31,200.0,92.08150862958288,-209.98152262958288,-1.4,-1.0,-11.2,0.0,0.0,-29.5,-9.0,-3.5,-6.1,-5.5,-14.9
1362,10796747.907532047,0,4.218477370417105,65.78150862958289,548.6177819707212,1,6.435023093445125e-05,0.7941288295606753,0.20587117043932465,1.5220508034788624e-31,200.0,92.08150862958288,-209.98152262958288,-1.4,-1.0,-11.2,0.0,0.0,-29.5,-9.0,-3.5,-6.1,-5.5,-14.9
1363,10796747.907532047,1,4.218477370417105,65.78150862958289,548.6177819707212,1,6.435023093445125e-05,0.7941393059033969,0.20586069409660315,1.4459482633049194e-31,200.0,92.08150862958288,-209.98152262958288,-1.4,-1.0,-11.2,0.0,0.0,-29.5,-9.0,-3.5,-6.1,-5.5,-14.9
1364,10796747.907532047,2,4.218477370417105,65.78150862958289,548.6177819707212,1,6.435023093445125e-05,0.7941483432298585,0.20585165677014147,1.3736508501396734e-31,200.0,92.08150862958288,-209.98152262958288,-1.4,-1.0,-11.2,0.0,0.0,-29.5,-9.0,-3.5,-6.1,-5.5,-14.9
1365,10796747.907532047,3,4.218477370417105,65.78150862958289,548.6177819707212,1,6.435023093445125e-05,0.7941589688911354,0.20584103110886462,1.3049683076326896e-31,200.0,92.08150862958288,-209.98152262958288,-1.4,-1.0,-11.2,0.0,0.0,-29.5,-9.0,-3.5,-6.1,-5.5,-14.9
1366,10796747.907532047,4,4.218477370417105,65.78150862958289,548.6177819707212,1,6.435023093445125e-05,0.7941725749642339,0.2058274250357661,1.2397198922510552e-31,200.0,92.08150862958288,-209.98152262958288,-1.4,-1.0,-11.2,0.0,0.0,-29.5,-9.0,-3.5,-6.1,-5.5,-14.9
1367,10796747.907532047,5,4.218477370417105,65.78150862958289,548.6177819707212,1,6.435023093445125e-05,0.7941882688971789,0.2058117311028211,1.1777338976385024e-31,200.0,92.08150862958288,-209.98152262958288,-1.4,-1.0,-11.2,0.0,0.0,-29.5,-9.0,-3.5,-6.1,-5.5,-14.9
1368,10796747.907532047,6,4.218477370417105,65.78150862958289,548.6177819707212,1,6.435023093445125e-05,0.7942052052902103,0.2057947947097897,1.1188472027565775e-31,200.0,92.08150862958288,-209.98152262958288,-1.4,-1.0,-11.2,0.0,0.0,-29.5,-9.0,-3.5,-6.1,-5.5,-14.9
1369,10796747.907532047,7,4.218477370417105,65.78150862958289,548.6177819707212,1,6.435023093445125e-05,0.7942203773455444,0.2057796226544556,1.0629048426187486e-31,200.0,92.08150862958288,-209.98152262958288,-1.4,-1.0,-11.2,0.0,0.0,-29.5,-9.0,-3.5,-6.1,-5.5,-14.9
1370,10796747.907532047,8,4.218477370417105,65.78150862958289,548.6177819707212,1,6.435023093445125e-05,0.7942338745045644,0.20576612549543558,1.0097596004878112e-31,200.0,92.08150862958288,-209.98152262958288,-1.4,-1.0,-11.2,0.0,0.0,-29.5,-9.0,-3.5,-6.1,-5.5,-14.9
1371,10796747.907532047,9,4.218477370417105,65.78150862958289,548.6177819707212,1,6.435023093445125e-05,0.7942428429135366,0.2057571570864634,9.592716204634205e-32,200.0,92.08150862958288,-209.98152262958288,-1.4,-1.0,-11.2,0.0,0.0,-29.5,-9.0,-3.5,-6.1,-5.5,-14.9
1372,10796747.907532047,10,4.218477370417105,65.78150862958289,548.6177819707212,1,6.435023093445125e-05,0.7942475125135813,0.20575248748641872,9.113080394402495e-32,200.0,92.08150862958288,-209.98152262958288,-1.4,-1.0,-11.2,0.0,0.0,-29.5,-9.0,-3.5,-6.1,-5.5,-14.9
1373,10796747.907532047,11,4.218477370417105,65.78150862958289,548.6177819707212,1,6.435023093445125e-05,0.794248836306366,0.205751163693634,8.657426374682369e-32,200.0,92.08150862958288,-209.98152262958288,-1.4,-1.0,-11.2,0.0,0.0,-29.5,-9.0,-3.5,-6.1,-5.5,-14.9
1374,10796747.907532047,12,4.218477370417105,65.78150862958289,548.6177819707212,1,6.435023093445125e-05,0.7942513892327877,0.2057486107672123,8.22455505594825e-32,200.0,92.08150862958288,-209.98152262958288,-1.4,-1.0,-11.2,0.0,0.0,-29.5,-9.0,-3.5,-6.1,-5.5,-14.9
1375,10796747.907532047,13,4.218477370417105,65.78150862958289,548.6177819707212,1,6.435023093445125e-05,0.794254374486703,0.20574562551329695,7.813327303150837e-32,200.0,92.08150862958288,-209.98152262958288,-1.4,-1.0,-11.2,0.0,0.0,-29.5,-9.0,-3.5,-6.1,-5.5,-14.9
1376,10796747.907532047,14,4.218477370417105,65.78150862958289,548.6177819707212,1,6.435023093445125e-05,0.7942577695887879,0.20574223041121212,7.422660937993296e-32,200.0,92.08150862958288,-209.98152262958288,-1.4,-1.0,-11.2,0.0,0.0,-29.5,-9.0,-3.5,-6.1,-5.5,-14.9
1377,10796747.907532047,15,4.218477370417105,65.78150862958289,548.6177819707212,1,6.435023093445125e-05,0.794260821081569,0.20573917891843096,7.051527891093631e-32,200.0,92.08150862958288,-209.98152262958288,-1.4,-1.0,-11.2,0.0,0.0,-29.5,-9.0,-3.5,-6.1,-5.5,-14.9
1378,10796747.907532047,16,4.218477370417105,65.78150862958289,548.6177819707212,1,6.435023093445125e-05,0.7942613511650579,0.20573864883494208,6.698951496538949e-32,200.0,92.08150862958288,-209.98152262958288,-1.4,-1.0,-11.2,0.0,0.0,-29.5,-9.0,-3.5,-6.1,-5.5,-14.9
1379,10796747.907532047,17,4.218477370417105,65.78150862958289,548.6177819707212,1,6.435023093445125e-05,0.794260951550168,0.20573904844983204,6.364003921712e-32,200.0,92.08150862958288,-209.98152262958288,-1.4,-1.0,-11.2,0.0,0.0,-29.5,-9.0,-3.5,-6.1,-5.5,-14.9
1380,10796747.907532047,18,4.218477370417105,65.78150862958289,548.6177819707212,1,6.435023093445125e-05,0.7942596699195259,0.20574033008047404,6.0458037256264e-32,200.0,92.08150862958288,-209.98152262958288,-1.4,-1.0,-11.2,0.0,0.0,-29.5,-9.0,-3.5,-6.1,-5.5,-14.9
1381,10796747.907532047,19,4.218477370417105,65.78150862958289,548.6177819707212,1,6.435023093445125e-05,0.7942597428636878,0.2057402571363121,5.74351353934508e-32,200.0,92.08150862958288,-209.98152262958288,-1.4,-1.0,-11.2,0.0,0.0,-29.5,-9.0,-3.5,-6.1,-5.5,-14.9
1382,10796747.907532047,20,4.218477370417105,65.78150862958289,548.6177819707212,1,6.435023093445125e-05,0.7942589112437921,0.2057410887562079,5.456337862377825e-32,200.0,92.08150862958288,-209.98152262958288,-1.4,-1.0,-11.2,0.0,0.0,-29.5,-9.0,-3.5,-6.1,-5.5,-14.9
1383,10796747.907532047,21,4.218477370417105,65.78150862958289,548.6177819707212,1,6.435023093445125e-05,0.794260138643605,0.205739861356395,5.183520969258933e-32,200.0,92.08150862958288,-209.98152262958288,-1.4,-1.0,-11.2,0.0,0.0,-29.5,-9.0,-3.5,-6.1,-5.5,-14.9
1384,10796747.907532047,22,4.218477370417105,65.78150862958289,548.6177819707212,1,6.435023093445125e-05,0.7942647752363751,0.205735224763625,4.924344920795987e-32,200.0,92.08150862958288,-209.98152262958288,-1.4,-1.0,-11.2,0.0,0.0,-29.5,-9.0,-3.5,-6.1,-5.5,-14.9
1385,10796747.907532047,23,4.218477370417105,65.78150862958289,548.6177819707212,1,6.435023093445125e-05,0.794266094538685,0.205733905461315,4.6781276747561874e-32,200.0,92.08150862958288,-209.98152262958288,-1.4,-1.0,-11.2,0.0,0.0,-29.5,-9.0,-3.5,-6.1,-5.5,-14.9
1386,10796747.907532047,24,4.218477370417105,65.78150862958289,548.6177819707212,1,6.435023093445125e-05,0.7942664486776374,0.20573355132236268,4.444221291018378e-32,200.0,92.08150862958288,-209.98152262958288,-1.4,-1.0,-11.2,0.0,0.0,-29.5,-9.0,-3.5,-6.1,-5.5,-14.9
1387,10796747.907532047,25,4.218477370417105,65.78150862958289,548.6177819707212,1,6.435023093445125e-05,0.7942644325993636,0.20573556740063634,4.222010226467459e-32,200.0,92.08150862958288,-209.98152262958288,-1.4,-1.0,-11.2,0.0,0.0,-29.5,-9.0,-3.5,-6.1,-5.5,-14.9
1388,10796747.907532047,26,4.218477370417105,65.78150862958289,548.6177819707212,1,6.435023093445125e-05,0.7942638016976937,0.2057361983023063,4.010909715144086e-32,200.0,92.08150862958288,-209.98152262958288,-1.4,-1.0,-11.2,0.0,0.0,-29.5,-9.0,-3.5,-6.1,-5.5,-14.9
1389,10796747.907532047,27,4.218477370417105,65.78150862958289,548.6177819707212,1,6.435023093445125e-05,0.7942623062628977,0.20573769373710227,3.8103642293868813e-32,200.0,92.08150862958288,-209.98152262958288,-1.4,-1.0,-11.2,0.0,0.0,-29.5,-9.0,-3.5,-6.1,-5.5,-14.9
1390,10796747.907532047,28,4.218477370417105,65.78150862958289,548.6177819707212,1,6.435023093445125e-05,0.7942607164647656,0.20573928353523435,3.619846017917537e-32,200.0,92.08150862958288,-209.98152262958288,-1.4,-1.0,-11.2,0.0,0.0,-29.5,-9.0,-3.5,-6.1,-5.5,-14.9
1391,10796747.907532047,29,4.218477370417105,65.78150862958289,548.6177819707212,1,6.435023093445125e-05,0.7942583120048715,0.20574168799512849,3.43885371702166e-32,200.0,92.08150862958288,-209.98152262958288,-1.4,-1.0,-11.2,0.0,0.0,-29.5,-9.0,-3.5,-6.1,-5.5,-14.9
1392,10796747.907532047,30,4.218477370417105,65.78150862958289,548.6177819707212,1,6.435023093445125e-05,0.7942565843696104,0.20574341563038953,3.266911031170577e-32,200.0,92.08150862958288,-209.98152262958288,-1.4,-1.0,-11.2,0.0,0.0,-29.5,-9.0,-3.5,-6.1,-5.5,-14.9
1393,10796747.907532047,31,4.218477370417105,65.78150862958289,548.6177819707212,1,6.435023093445125e-05,0.794255498870248,0.205744501129752,3.1035654796120483e-32,200.0,92.08150862958288,-209.98152262958288,-1.4,-1.0,-11.2,0.0,0.0,-29.5,-9.0,-3.5,-6.1,-5.5,-14.9
1394,10796747.907532047,32,4.218477370417105,65.78150862958289,548.6177819707212,1,6.435023093445125e-05,0.7942550225544206,0.20574497744557946,2.9483872056314455e-32,200.0,92.08150862958288,-209.98152262958288,-1.4,-1.0,-11.2,0.0,0.0,-29.5,-9.0,-3.5,-6.1,-5.5,-14.9
1395,10796747.907532047,33,4.218477370417105,65.78150862958289,548.6177819707212,1,6.435023093445125e-05,0.7942536780214166,0.20574632197858342,2.8009678453498734e-32,200.0,92.08150862958288,-209.98152262958288,-1.4,-1.0,-11.2,0.0,0.0,-29.5,-9.0,-3.5,-6.1,-5.5,-14.9
1396,10796747.907532047,34,4.218477370417105,65.78150862958289,548.6177819707212,1,6.435023093445125e-05,0.7942515098514863,0.20574849014851374,2.6609194530823804e-32,200.0,92.08150862958288,-209.98152262958288,-1.4,-1.0,-11.2,0.0,0.0,-29.5,-9.0,-3.5,-6.1,-5.5,-14.9
1397,10796747.907532047,35,4.218477370417105,65.78150862958289,548.6177819707212,1,6.435023093445125e-05,0.7942463932453275,0.20575360675467247,2.527873480428261e-32,200.0,92.08150862958288,-209.98152262958288,-1.4,-1.0,-11.2,0.0,0.0,-29.5,-9.0,-3.5,-6.1,-5.5,-14.9
1398,10796747.907532047,36,4.218477370417105,65.78150862958289,548.6177819707212,1,6.435023093445125e-05,0.7942449762776831,0.2057550237223169,2.4014798064068482e-32,200.0,92.08150862958288,-209.98152262958288,-1.4,-1.0,-11.2,0.0,0.0,-29.5,-9.0,-3.5,-6.1,-5.5,-14.9
1399,10796747.907532047,37,4.218477370417105,65.78150862958289,548.6177819707212,1,6.435023093445125e-05,0.7942456256795841,0.20575437432041588,2.281405816086506e-32,200.0,92.08150862958288,-209.98152262958288,-1.4,-1.0,-11.2,0.0,0.0,-29.5,-9.0,-3.5,-6.1,-5.5,-14.9
1400,10796747.907532047,38,4.218477370417105,65.78150862958289,548.6177819707212,1,6.435023093445125e-05,0.7942482346951929,0.20575176530480715,2.1673355252821804e-32,200.0,92.08150862958288,-209.98152262958288,-1.4,-1.0,-11.2,0.0,0.0,-29.5,-9.0,-3.5,-6.1,-5.5,-14.9
1401,10796747.907532047,39,4.218477370417105,65.78150862958289,548.6177819707212,1,6.435023093445125e-05,0.7942512628767456,0.20574873712325437,2.0589687490180712e-32,200.0,92.08150862958288,-209.98152262958288,-1.4,-1.0,-11.2,0.0,0.0,-29.5,-9.0,-3.5,-6.1,-5.5,-14.9
1402,10796747.907532047,40,4.218477370417105,65.78150862958289,548.6177819707212,1,6.435023093445125e-05,0.7942525310346256,0.2057474689653744,1.9560203115671677e-32,200.0,92.08150862958288,-209.98152262958288,-1.4,-1.0,-11.2,0.0,0.0,-29.5,-9.0,-3.5,-6.1,-5.5,-14.9
1403,10796747.907532047,41,4.218477370417105,65.78150862958289,548.6177819707212,1,6.435023093445125e-05,0.7942542854564439,0.20574571454355603,1.8582192959888095e-32,200.0,92.08150862958288,-209.98152262958288,-1.4,-1.0,-11.2,0.0,0.0,-29.5,-9.0,-3.5,-6.1,-5.5,-14.9
1404,10796747.907532047,42,4.218477370417105,65.78150862958289,548.6177819707212,1,6.435023093445125e-05,0.794254346357445,0.205745653642555,1.7653083311893688e-32,200.0,92.08150862958288,-209.98152262958288,-1.4,-1.0,-11.2,0.0,0.0,-29.5,-9.0,-3.5,-6.1,-5.5,-14.9
1405,10796747.907532047,43,4.218477370417105,65.78150862958289,548.6177819707212,1,6.435023093445125e-05,0.794252082323569,0.20574791767643097,1.6770429146299002e-32,200.0,92.08150862958288,-209.98152262958288,-1.4,-1.0,-11.2,0.0,0.0,-29.5,-9.0,-3.5,-6.1,-5.5,-14.9
1406,10796747.907532047,44,4.218477370417105,65.78150862958289,548.6177819707212,1,6.435023093445125e-05,0.7942547862232701,0.20574521377672994,1.593190768898405e-32,200.0,92.08150862958288,-209.98152262958288,-1.4,-1.0,-11.2,0.0,0.0,-29.5,-9.0,-3.5,-6.1,-5.5,-14.9
1407,10796747.907532047,45,4.218477370417105,65.78150862958289,548.6177819707212,1,6.435023093445125e-05,0.7942564687742932,0.2057435312257068,1.513531230453485e-32,200.0,92.08150862958288,-209.98152262958288,-1.4,-1.0,-11.2,0.0,0.0,-29.5,-9.0,-3.5,-6.1,-5.5,-14.9
1408,10796747.907532047,46,4.218477370417105,65.78150862958289,548.6177819707212,1,6.435023093445125e-05,0.7942586144406214,0.20574138555937857,1.4378546689308107e-32,200.0,92.08150862958288,-209.98152262958288,-1.4,-1.0,-11.2,0.0,0.0,-29.5,-9.0,-3.5,-6.1,-5.5,-14.9
1409,10796747.907532047,47,4.218477370417105,65.78150862958289,548.6177819707212,1,6.435023093445125e-05,0.7942583367256071,0.2057416632743929,1.3659619354842701e-32,200.0,92.08150862958288,-209.98152262958288,-1.4,-1.0,-11.2,0.0,0.0,-29.5,-9.0,-3.5,-6.1,-5.5,-14.9
1410,10796747.907532047,48,4.218477370417105,65.78150862958289,548.6177819707212,1,6.435023093445125e-05,0.7942579055117646,0.20574209448823538,1.2976638387100566e-32,200.0,92.08150862958288,-209.98152262958288,-1.4,-1.0,-11.2,0.0,0.0,-29.5,-9.0,-3.5,-6.1,-5.5,-14.9
1411,10796747.907532047,49,4.218477370417105,65.78150862958289,548.6177819707212,1,6.435023093445125e-05,0.7942594727538567,0.2057405272461433,1.232780646774554e-32,200.0,92.08150862958288,-209.98152262958288,-1.4,-1.0,-11.2,0.0,0.0,-29.5,-9.0,-3.5,-6.1,-5.5,-14.9
1412,10796747.907532047,0,4.218477370417105,65.78150862958289,548.6177819707212,1,6.435023093445125e-05,0.794256507437408,0.20574349256259197,1.1711416144358263e-32,200.0,92.08150862958288,-209.98152262958288,-1.4,-1.0,-11.2,0.0,0.0,-29.5,-9.0,-3.5,-6.1,-5.5,-14.9
1413,10796747.907532047,1,4.218477370417105,65.78150862958289,548.6177819707212,1,6.435023093445125e-05,0.7942520969671405,0.20574790303285945,1.1125845337140349e-32,200.0,92.08150862958288,-209.98152262958288,-1.4,-1.0,-11.2,0.0,0.0,-29.5,-9.0,-3.5,-6.1,-5.5,-14.9
1414,10796747.907532047,2,4.218477370417105,65.78150862958289,548.6177819707212,1,6.435023093445125e-05,0.7942463154993615,0.20575368450063852,1.0569553070283332e-32,200.0,92.08150862958288,-209.98152262958288,-1.4,-1.0,-11.2,0.0,0.0,-29.5,-9.0,-3.5,-6.1,-5.5,-14.9
1415,10796747.907532047,3,4.218477370417105,65.78150862958289,548.6177819707212,1,6.435023093445125e-05,0.7942385199511031,0.2057614800488969,1.0041075416769166e-32,200.0,92.08150862958288,-209.98152262958288,-1.4,-1.0,-11.2,0.0,0.0,-29.5,-9.0,-3.5,-6.1,-5.5,-14.9
1416,10796747.907532047,4,4.218477370417105,65.78150862958289,548.6177819707212,1,6.435023093445125e-05,0.7942288135307923,0.2057711864692077,9.539021645930708e-33,200.0,92.08150862958288,-209.98152262958288,-1.4,-1.0,-11.2,0.0,0.0,-29.5,-9.0,-3.5,-6.1,-5.5,-14.9
1417,10796747.907532047,5,4.218477370417105,65.78150862958289,548.6177819707212,1,6.435023093445125e-05,0.7942201457987718,0.2057798542012282,9.062070563634172e-33,200.0,92.08150862958288,-209.98152262958288,-1.4,-1.0,-11.2,0.0,0.0,-29.5,-9.0,-3.5,-6.1,-5.5,-14.9
1418,10796747.907532047,6,4.218477370417105,65.78150862958289,548.6177819707212,1,6.435023093445125e-05,0.7942096147237683,0.2057903852762317,8.608967035452463e-33,200.0,92.08150862958288,-209.98152262958288,-1.4,-1.0,-11.2,0.0,0.0,-29.5,-9.0,-3.5,-6.1,-5.5,-14.9
1419,10796747.907532047,7,4.218477370417105,65.78150862958289,548.6177819707212,1,6.435023093445125e-05,0.7942001641595196,0.2057998358404804,8.178518683679839e-33,200.0,92.08150862958288,-209.98152262958288,-1.4,-1.0,-11.2,0.0,0.0,-29.5,-9.0,-3.5,-6.1,-5.5,-14.9
1420,10796747.907532047,8,4.218477370417105,65.78150862958289,548.6177819707212,1,6.435023093445125e-05,0.7941931617903287,0.20580683820967133,7.769592749495848e-33,200.0,92.08150862958288,-209.98152262958288,-1.4,-1.0,-11.2,0.0,0.0,-29.5,-9.0,-3.5,-6.1,-5.5,-14.9
1421,10796747.907532047,9,4.218477370417105,65.78150862958289,548.6177819707212,1,6.435023093445125e-05,0.7941870607237181,0.20581293927628194,7.381113112021055e-33,200.0,92.08150862958288,-209.98152262958288,-1.4,-1.0,-11.2,0.0,0.0,-29.5,-9.0,-3.5,-6.1,-5.5,-14.9
1422,10796747.907532047,10,4.218477370417105,65.78150862958289,548.6177819707212,1,6.435023093445125e-05,0.794179684509984,0.20582031549001606,7.012057456420002e-33,200.0,92.08150862958288,-209.98152262958288,-1.4,-1.0,-11.2,0.0,0.0,-29.5,-9.0,-3.5,-6.1,-5.5,-14.9
1423,10796747.907532047,11,4.218477370417105,65.78150862958289,548.6177819707212,1,6.435023093445125e-05,0.7941732283209797,0.20582677167902028,6.661454583599002e-33,200.0,92.08150862958288,-209.98152262958288,-1.4,-1.0,-11.2,0.0,0.0,-29.5,-9.0,-3.5,-6.1,-5.5,-14.9
1424,10796747.907532047,12,4.218477370417105,65.78150862958289,548.6177819707212,1,6.435023093445125e-05,0.7941662268257338,0.20583377317426618,6.328381854419052e-33,200.0,92.08150862958288,-209.98152262958288,-1.4,-1.0,-11.2,0.0,0.0,-29.5,-9.0,-3.5,-6.1,-5.5,-14.9
1425,10796747.907532047,13,4.218477370417105,65.78150862958289,548.6177819707212,1,6.435023093445125e-05,0.7941572904296819,0.2058427095703182,6.0119627616981e-33,200.0,92.08150862958288,-209.98152262958288,-1.4,-1.0,-11.2,0.0,0.0,-29.5,-9.0,-3.5,-6.1,-5.5,-14.9
1426,10796747.907532047,14,4.218477370417105,65.78150862958289,548.6177819707212,1,6.435023093445125e-05,0.7941465183459084,0.20585348165409154,5.7113646236131946e-33,200.0,92.08150862958288,-209.98152262958288,-1.4,-1.0,-11.2,0.0,0.0,-29.5,-9.0,-3.5,-6.1,-5.5,-14.9
1427,10796747.907532047,15,4.218477370417105,65.78150862958289,548.6177819707212,1,6.435023093445125e-05,0.7941354217335507,0.2058645782664493,5.425796392432535e-33,200.0,92.08150862958288,-209.98152262958288,-1.4,-1.0,-11.2,0.0,0.0,-29.5,-9.0,-3.5,-6.1,-5.5,-14.9
1428,10796747.907532047,16,4.218477370417105,65.78150862958289,548.6177819707212,1,6.435023093445125e-05,0.7941226018365163,0.20587739816348374,5.154506572810908e-33,200.0,92.08150862958288,-209.98152262958288,-1.4,-1.0,-11.2,0.0,0.0,-29.5,-9.0,-3.5,-6.1,-5.5,-14.9
1429,10796747.907532047,17,4.218477370417105,65.78150862958289,548.6177819707212,1,6.435023093445125e-05,0.7941109781036783,0.20588902189632174,4.896781244170363e-33,200.0,92.08150862958288,-209.98152262958288,-1.4,-1.0,-11.2,0.0,0.0,-29.5,-9.0,-3.5,-6.1,-5.5,-14.9
1430,10796747.907532047,18,4.218477370417105,65.78150862958289,548.6177819707212,1,6.435023093445125e-05,0.7940969539558713,0.20590304604412865,4.6519421819618446e-33,200.0,92.08150862958288,-209.98152262958288,-1.4,-1.0,-11.2,0.0,0.0,-29.5,-9.0,-3.5,-6.1,-5.5,-14.9
1431,10796747.907532047,19,4.218477370417105,65.78150862958289,548.6177819707212,1,6.435023093445125e-05,0.7940856007913907,0.20591439920860927,4.419345072863752e-33,200.0,92.08150862958288,-209.98152262958288,-1.4,-1.0,-11.2,0.0,0.0,-29.5,-9.0,-3.5,-6.1,-5.5,-14.9
1432,10796747.907532047,20,4.218477370417105,65.78150862958289,548.6177819707212,1,6.435023093445125e-05,0.7940718381436314,0.2059281618563687,4.198377819220565e-33,200.0,92.08150862958288,-209.98152262958288,-1.4,-1.0,-11.2,0.0,0.0,-29.5,-9.0,-3.5,-6.1,-5.5,-14.9
1433,10796747.907532047,21,4.218477370417105,65.78150862958289,548.6177819707212,1,6.435023093445125e-05,0.7940607316344098,0.20593926836559018,3.9884589282595366e-33,200.0,92.08150862958288,-209.98152262958288,-1.4,-1.0,-11.2,0.0,0.0,-29.5,-9.0,-3.5,-6.1,-5.5,-14.9
1434,10796747.907532047,22,4.218477370417105,65.78150862958289,548.6177819707212,1,6.435023093445125e-05,0.7940528501969463,0.20594714980305373,3.7890359818465595e-33,200.0,92.08150862958288,-209.98152262958288,-1.4,-1.0,-11.2,0.0,0.0,-29.5,-9.0,-3.5,-6.1,-5.5,-14.9
1435,10796747.907532047,23,4.218477370417105,65.78150862958289,548.6177819707212,1,6.435023093445125e-05,0.7940430962825912,0.20595690371740888,3.599584182754232e-33,200.0,92.08150862958288,-209.98152262958288,-1.4,-1.0,-11.2,0.0,0.0,-29.5,-9.0,-3.5,-6.1,-5.5,-14.9
1436,10796747.907532047,24,4.218477370417105,65.78150862958289,548.6177819707212,1,6.435023093445125e-05,0.7940343833427502,0.20596561665724972,3.41960497361652e-33,200.0,92.08150862958288,-209.98152262958288,-1.4,-1.0,-11.2,0.0,0.0,-29.5,-9.0,-3.5,-6.1,-5.5,-14.9
1437,10796747.907532047,25,4.218477370417105,65.78150862958289,548.6177819707212,1,6.435023093445125e-05,0.7940259548178624,0.20597404518213755,3.248624724935694e-33,200.0,92.08150862958288,-209.98152262958288,-1.4,-1.0,-11.2,0.0,0.0,-29.5,-9.0,-3.5,-6.1,-5.5,-14.9
1438,10796747.907532047,26,4.218477370417105,65.78150862958289,548.6177819707212,1,6.435023093445125e-05,0.7940170934069098,0.20598290659309018,3.08619348868891e-33,200.0,92.08150862958288,-209.98152262958288,-1.4,-1.0,-11.2,0.0,0.0,-29.5,-9.0,-3.5,-6.1,-5.5,-14.9
1439,10796747.907532047,27,4.218477370417105,65.78150862958289,548.6177819707212,1,6.435023093445125e-05,0.7940106329499459,0.2059893670500541,2.931883814254464e-33,200.0,92.08150862958288,-209.98152262958288,-1.4,-1.0,-11.2,0.0,0.0,-29.5,-9.0,-3.5,-6.1,-5.5,-14.9
1440,10796747.907532047,28,4.218477370417105,65.78150862958289,548.6177819707212,1,6.435023093445125e-05,0.7940057481342413,0.20599425186575876,2.785289623541741e-33,200.0,92.08150862958288,-209.98152262958288,-1.4,-1.0,-11.2,0.0,0.0,-29.5,-9.0,-3.5,-6.1,-5.5,-14.9
1441,10796747.907532047,29,4.218477370417105,65.78150862958289,548.6177819707212,1,6.435023093445125e-05,0.7940002536807893,0.20599974631921072,2.6460251423646538e-33,200.0,92.08150862958288,-209.98152262958288,-1.4,-1.0,-11.2,0.0,0.0,-29.5,-9.0,-3.5,-6.1,-5.5,-14.9
1442,10796747.907532047,30,4.218477370417105,65.78150862958289,548.6177819707212,1,6.435023093445125e-05,0.793995583438774,0.2060044165612261,2.5137238852464213e-33,200.0,92.08150862958288,-209.98152262958288,-1.4,-1.0,-11.2,0.0,0.0,-29.5,-9.0,-3.5,-6.1,-5.5,-14.9
1443,10796747.907532047,31,4.218477370417105,65.78150862958289,548.6177819707212,1,6.435023093445125e-05,0.7939895934899471,0.20601040651005292,2.3880376909841004e-33,200.0,92.08150862958288,-209.98152262958288,-1.4,-1.0,-11.2,0.0,0.0,-29.5,-9.0,-3.5,-6.1,-5.5,-14.9
1444,10796747.907532047,32,4.218477370417105,65.78150862958289,548.6177819707212,1,6.435023093445125e-05,0.7939865528113633,0.20601344718863665,2.2686358064348954e-33,200.0,92.08150862958288,-209.98152262958288,-1.4,-1.0,-11.2,0.0,0.0,-29.5,-9.0,-3.5,-6.1,-5.5,-14.9
1445,10796747.907532047,33,4.218477370417105,65.78150862958289,548.6177819707212,1,6.435023093445125e-05,0.7939807131408283,0.20601928685917167,2.1552040161131504e-33,200.0,92.08150862958288,-209.98152262958288,-1.4,-1.0,-11.2,0.0,0.0,-29.5,-9.0,-3.5,-6.1,-5.5,-14.9
1446,10796747.907532047,34,4.218477370417105,65.78150862958289,548.6177819707212,1,6.435023093445125e-05,0.7939785108770938,0.20602148912290613,2.0474438153074928e-33,200.0,92.08150862958288,-209.98152262958288,-1.4,-1.0,-11.2,0.0,0.0,-29.5,-9.0,-3.5,-6.1,-5.5,-14.9
1447,10796747.907532047,35,4.218477370417105,65.78150862958289,548.6177819707212,1,6.435023093445125e-05,0.7939783614539301,0.20602163854606992,1.9450716245421182e-33,200.0,92.08150862958288,-209.98152262958288,-1.4,-1.0,-11.2,0.0,0.0,-29.5,-9.0,-3.5,-6.1,-5.5,-14.9
1448,10796747.907532047,36,4.218477370417105,65.78150862958289,548.6177819707212,1,6.435023093445125e-05,0.7939822515103687,0.20601774848963128,1.847818043315012e-33,200.0,92.08150862958288,-209.98152262958288,-1.4,-1.0,-11.2,0.0,0.0,-29.5,-9.0,-3.5,-6.1,-5.5,-14.9
1449,10796747.907532047,37,4.218477370417105,65.78150862958289,548.6177819707212,1,6.435023093445125e-05,0.7939843967964855,0.2060156032035145,1.7554271411492614e-33,200.0,92.08150862958288,-209.98152262958288,-1.4,-1.0,-11.2,0.0,0.0,-29.5,-9.0,-3.5,-6.1,-5.5,-14.9
1450,10796747.907532047,38,4.218477370417105,65.78150862958289,548.6177819707212,1,6.435023093445125e-05,0.7939848863528511,0.20601511364714892,1.6676557840917987e-33,200.0,92.08150862958288,-209.98152262958288,-1.4,-1.0,-11.2,0.0,0.0,-29.5,-9.0,-3.5,-6.1,-5.5,-14.9
1451,10796747.907532047,39,4.218477370417105,65.78150862958289,548.6177819707212,1,6.435023093445125e-05,0.7939803217950553,0.20601967820494468,1.5842729948872086e-33,200.0,92.08150862958288,-209.98152262958288,-1.4,-1.0,-11.2,0.0,0.0,-29.5,-9.0,-3.5,-6.1,-5.5,-14.9
1452,10796747.907532047,40,4.218477370417105,65.78150862958289,548.6177819707212,1,6.435023093445125e-05,0.793974442229261,0.20602555777073908,1.5050593451428483e-33,200.0,92.08150862958288,-209.98152262958288,-1.4,-1.0,-11.2,0.0,0.0,-29.5,-9.0,-3.5,-6.1,-5.5,-14.9
1453,10796747.907532047,41,4.218477370417105,65.78150862958289,548.6177819707212,1,6.435023093445125e-05,0.7939700990978912,0.20602990090210885,1.4298063778857058e-33,200.0,92.08150862958288,-209.98152262958288,-1.4,-1.0,-11.2,0.0,0.0,-29.5,-9.0,-3.5,-6.1,-5.5,-14.9
1454,10796747.907532047,42,4.218477370417105,65.78150862958289,548.6177819707212,1,6.435023093445125e-05,0.7939679088362694,0.20603209116373059,1.3583160589914204e-33,200.0,92.08150862958288,-209.98152262958288,-1.4,-1.0,-11.2,0.0,0.0,-29.5,-9.0,-3.5,-6.1,-5.5,-14.9
1455,10796747.907532047,43,4.218477370417105,65.78150862958289,548.6177819707212,1,6.435023093445125e-05,0.793965676813905,0.20603432318609508,1.2904002560418494e-33,200.0,92.08150862958288,-209.98152262958288,-1.4,-1.0,-11.2,0.0,0.0,-29.5,-9.0,-3.5,-6.1,-5.5,-14.9
1456,10796747.907532047,44,4.218477370417105,65.78150862958289,548.6177819707212,1,6.435023093445125e-05,0.7939661816965455,0.2060338183034545,1.2258802432397569e-33,200.0,92.08150862958288,-209.98152262958288,-1.4,-1.0,-11.2,0.0,0.0,-29.5,-9.0,-3.5,-6.1,-5.5,-14.9
1457,10796747.907532047,45,4.218477370417105,65.78150862958289,548.6177819707212,1,6.435023093445125e-05,0.7939630402962784,0.20603695970372157,1.164586231077769e-33,200.0,92.08150862958288,-209.98152262958288,-1.4,-1.0,-11.2,0.0,0.0,-29.5,-9.0,-3.5,-6.1,-5.5,-14.9
1458,10796747.907532047,46,4.218477370417105,65.78150862958289,548.6177819707212,1,6.435023093445125e-05,0.7939626787152417,0.2060373212847583,1.1063569195238808e-33,200.0,92.08150862958288,-209.98152262958288,-1.4,-1.0,-11.2,0.0,0.0,-29.5,-9.0,-3.5,-6.1,-5.5,-14.9
1459,10796747.907532047,47,4.218477370417105,65.78150862958289,548.6177819707212,1,6.435023093445125e-05,0.7939628759733178,0.20603712402668212,1.0510390735476868e-33,200.0,92.08150862958288,-209.98152262958288,-1.4,-1.0,-11.2,0.0,0.0,-29.5,-9.0,-3.5,-6.1,-5.5,-14.9
1460,10796747.907532047,48,4.218477370417105,65.78150862958289,548.6177819707212,1,6.435023093445125e-05,0.7939636033423948,0.20603639665760526,9.984871198703026e-34,200.0,92.08150862958288,-209.98152262958288,-1.4,-1.0,-11.2,0.0,0.0,-29.5,-9.0,-3.5,-6.1,-5.5,-14.9
1461,10796747.907532047,49,4.218477370417105,65.78150862958289,548.6177819707212,1,6.435023093445125e-05,0.7939669077421874,0.20603309225781266,9.485627638767874e-34,200.0,92.08150862958288,-209.98152262958288,-1.4,-1.0,-11.2,0.0,0.0,-29.5,-9.0,-3.5,-6.1,-5.5,-14.9
1462,10796747.907532047,0,4.218477370417105,65.78150862958289,548.6177819707212,1,6.435023093445125e-05,0.7939712744799553,0.20602872552004475,9.01134625682948e-34,200.0,92.08150862958288,-209.98152262958288,-1.4,-1.0,-11.2,0.0,0.0,-29.5,-9.0,-3.5,-6.1,-5.5,-14.9
1463,10796747.907532047,1,4.218477370417105,65.78150862958289,548.6177819707212,1,6.435023093445125e-05,0.793975268186156,0.20602473181384393,8.560778943988005e-34,200.0,92.08150862958288,-209.98152262958288,-1.4,-1.0,-11.2,0.0,0.0,-29.5,-9.0,-3.5,-6.1,-5.5,-14.9
1464,10796747.907532047,2,4.218477370417105,65.78150862958289,548.6177819707212,1,6.435023093445125e-05,0.7939795974724597,0.20602040252754034,8.132739996788606e-34,200.0,92.08150862958288,-209.98152262958288,-1.4,-1.0,-11.2,0.0,0.0,-29.5,-9.0,-3.5,-6.1,-5.5,-14.9
1465,10796747.907532047,3,4.218477370417105,65.78150862958289,548.6177819707212,1,6.435023093445125e-05,0.7939842447846261,0.20601575521537388,7.726102996949175e-34,200.0,92.08150862958288,-209.98152262958288,-1.4,-1.0,-11.2,0.0,0.0,-29.5,-9.0,-3.5,-6.1,-5.5,-14.9
1466,10796747.907532047,4,4.218477370417105,65.78150862958289,548.6177819707212,1,6.435023093445125e-05,0.7939898820793118,0.20601011792068824,7.339797847101716e-34,200.0,92.08150862958288,-209.98152262958288,-1.4,-1.0,-11.2,0.0,0.0,-29.5,-9.0,-3.5,-6.1,-5.5,-14.9
1467,10796747.907532047,5,4.218477370417105,65.78150862958289,548.6177819707212,1,6.435023093445125e-05,0.7939950818225143,0.20600491817748567,6.9728079547466306e-34,200.0,92.08150862958288,-209.98152262958288,-1.4,-1.0,-11.2,0.0,0.0,-29.5,-9.0,-3.5,-6.1,-5.5,-14.9
1468,10796747.907532047,6,4.218477370417105,65.78150862958289,548.6177819707212,1,6.435023093445125e-05,0.7940026162991745,0.2059973837008256,6.6241675570093e-34,200.0,92.08150862958288,-209.98152262958288,-1.4,-1.0,-11.2,0.0,0.0,-29.5,-9.0,-3.5,-6.1,-5.5,-14.9
1469,10796747.907532047,7,4.218477370417105,65.78150862958289,548.6177819707212,1,6.435023093445125e-05,0.7940103038899574,0.2059896961100426,6.292959179158834e-34,200.0,92.08150862958288,-209.98152262958288,-1.4,-1.0,-11.2,0.0,0.0,-29.5,-9.0,-3.5,-6.1,-5.5,-14.9
1470,10796747.907532047,8,4.218477370417105,65.78150862958289,548.6177819707212,1,6.435023093445125e-05,0.7940174497718722,0.20598255022812778,5.9783112202008925e-34,200.0,92.08150862958288,-209.98152262958288,-1.4,-1.0,-11.2,0.0,0.0,-29.5,-9.0,-3.5,-6.1,-5.5,-14.9
1471,10796747.907532047,9,4.218477370417105,65.78150862958289,548.6177819707212,1,6.435023093445125e-05,0.7940247671913215,0.20597523280867852,5.679395659190848e-34,200.0,92.08150862958288,-209.98152262958288,-1.4,-1.0,-11.2,0.0,0.0,-29.5,-9.0,-3.5,-6.1,-5.5,-14.9
1472,10796747.907532047,10,4.218477370417105,65.78150862958289,548.6177819707212,1,6.435023093445125e-05,0.7940322468094502,0.20596775319054983,5.395425876231306e-34,200.0,92.08150862958288,-209.98152262958288,-1.4,-1.0,-11.2,0.0,0.0,-29.5,-9.0,-3.5,-6.1,-5.5,-14.9
1473,10796747.907532047,11,4.218477370417105,65.78150862958289,548.6177819707212,1,6.435023093445125e-05,0.7940405645981329,0.20595943540186712,5.1256545824197405e-34,200.0,92.08150862958288,-209.98152262958288,-1.4,-1.0,-11.2,0.0,0.0,-29.5,-9.0,-3.5,-6.1,-5.5,-14.9
1474,10796747.907532047,12,4.218477370417105,65.78150862958289,548.6177819707212,1,6.435023093445125e-05,0.7940496767852955,0.20595032321470452,4.869371853298753e-34,200.0,92.08150862958288,-209.98152262958288,-1.4,-1.0,-11.2,0.0,0.0,-29.5,-9.0,-3.5,-6.1,-5.5,-14.9
1475,10796747.907532047,13,4.218477370417105,65.78150862958289,548.6177819707212,1,6.435023093445125e-05,0.7940622758002749,0.20593772419972511,4.625903260633815e-34,200.0,92.08150862958288,-209.98152262958288,-1.4,-1.0,-11.2,0.0,0.0,-29.5,-9.0,-3.5,-6.1,-5.5,-14.9
1476,10796747.907532047,14,4.218477370417105,65.78150862958289,548.6177819707212,1,6.435023093445125e-05,0.7940727174296828,0.20592728257031725,4.394608097602125e-34,200.0,92.08150862958288,-209.98152262958288,-1.4,-1.0,-11.2,0.0,0.0,-29.5,-9.0,-3.5,-6.1,-5.5,-14.9
1477,10796747.907532047,15,4.218477370417105,65.78150862958289,548.6177819707212,1,6.435023093445125e-05,0.7940804285119114,0.20591957148808862,4.174877692722019e-34,200.0,92.08150862958288,-209.98152262958288,-1.4,-1.0,-11.2,0.0,0.0,-29.5,-9.0,-3.5,-6.1,-5.5,-14.9
1478,10796747.907532047,16,4.218477370417105,65.78150862958289,548.6177819707212,1,6.435023093445125e-05,0.7940889598289318,0.20591104017106815,3.9661338080859175e-34,200.0,92.08150862958288,-209.98152262958288,-1.4,-1.0,-11.2,0.0,0.0,-29.5,-9.0,-3.5,-6.1,-5.5,-14.9
1479,10796747.907532047,17,4.218477370417105,65.78150862958289,548.6177819707212,1,6.435023093445125e-05,0.7940982685218834,0.20590173147811675,3.7678271176816222e-34,200.0,92.08150862958288,-209.98152262958288,-1.4,-1.0,-11.2,0.0,0.0,-29.5,-9.0,-3.5,-6.1,-5.5,-14.9
1480,10796747.907532047,18,4.218477370417105,65.78150862958289,548.6177819707212,1,6.435023093445125e-05,0.7941096758664024,0.2058903241335975,3.57943576179754e-34,200.0,92.08150862958288,-209.98152262958288,-1.4,-1.0,-11.2,0.0,0.0,-29.5,-9.0,-3.5,-6.1,-5.5,-14.9
1481,10796747.907532047,19,4.218477370417105,65.78150862958289,548.6177819707212,1,6.435023093445125e-05,0.7941196706024116,0.2058803293975885,3.4004639737076636e-34,200.0,92.08150862958288,-209.98152262958288,-1.4,-1.0,-11.2,0.0,0.0,-29.5,-9.0,-3.5,-6.1,-5.5,-14.9
1482,10796747.907532047,20,4.218477370417105,65.78150862958289,548.6177819707212,1,6.435023093445125e-05,0.7941269639282597,0.20587303607174037,3.2304407750222804e-34,200.0,92.08150862958288,-209.98152262958288,-1.4,-1.0,-11.2,0.0,0.0,-29.5,-9.0,-3.5,-6.1,-5.5,-14.9
1483,10796747.907532047,21,4.218477370417105,65.78150862958289,548.6177819707212,1,6.435023093445125e-05,0.7941303329497305,0.20586966705026952,3.0689187362711663e-34,200.0,92.08150862958288,-209.98152262958288,-1.4,-1.0,-11.2,0.0,0.0,-29.5,-9.0,-3.5,-6.1,-5.5,-14.9
1484,10796747.907532047,22,4.218477370417105,65.78150862958289,548.6177819707212,1,6.435023093445125e-05,0.7941340561520576,0.20586594384794238,2.915472799457608e-34,200.0,92.08150862958288,-209.98152262958288,-1.4,-1.0,-11.2,0.0,0.0,-29.5,-9.0,-3.5,-6.1,-5.5,-14.9
1485,10796747.907532047,23,4.218477370417105,65.78150862958289,548.6177819707212,1,6.435023093445125e-05,0.7941401522862167,0.20585984771378335,2.7696991594847276e-34,200.0,92.08150862958288,-209.98152262958288,-1.4,-1.0,-11.2,0.0,0.0,-29.5,-9.0,-3.5,-6.1,-5.5,-14.9
1486,10796747.907532047,24,4.218477370417105,65.78150862958289,548.6177819707212,1,6.435023093445125e-05,0.7941478200102043,0.20585217998979563,2.631214201510491e-34,200.0,92.08150862958288,-209.98152262958288,-1.4,-1.0,-11.2,0.0,0.0,-29.5,-9.0,-3.5,-6.1,-5.5,-14.9
1487,10796747.907532047,25,4.218477370417105,65.78150862958289,548.6177819707212,1,6.435023093445125e-05,0.7941535884494324,0.20584641155056754,2.4996534914349662e-34,200.0,92.08150862958288,-209.98152262958288,-1.4,-1.0,-11.2,0.0,0.0,-29.5,-9.0,-3.5,-6.1,-5.5,-14.9
1488,10796747.907532047,26,4.218477370417105,65.78150862958289,548.6177819707212,1,6.435023093445125e-05,0.7941616193322004,0.20583838066779964,2.3746708168632183e-34,200.0,92.08150862958288,-209.98152262958288,-1.4,-1.0,-11.2,0.0,0.0,-29.5,-9.0,-3.5,-6.1,-5.5,-14.9
1489,10796747.907532047,27,4.218477370417105,65.78150862958289,548.6177819707212,1,6.435023093445125e-05,0.7941697650492842,0.20583023495071587,2.255937276020057e-34,200.0,92.08150862958288,-209.98152262958288,-1.4,-1.0,-11.2,0.0,0.0,-29.5,-9.0,-3.5,-6.1,-5.5,-14.9
1490,10796747.907532047,28,4.218477370417105,65.78150862958289,548.6177819707212,1,6.435023093445125e-05,0.7941759899407292,0.20582401005927078,2.143140412219054e-34,200.0,92.08150862958288,-209.98152262958288,-1.4,-1.0,-11.2,0.0,0.0,-29.5,-9.0,-3.5,-6.1,-5.5,-14.9
1491,10796747.907532047,29,4.218477370417105,65.78150862958289,548.6177819707212,1,6.435023093445125e-05,0.7941803917569233,0.20581960824307663,2.0359833916081013e-34,200.0,92.08150862958288,-209.98152262958288,-1.4,-1.0,-11.2,0.0,0.0,-29.5,-9.0,-3.5,-6.1,-5.5,-14.9
1492,10796747.907532047,30,4.218477370417105,65.78150862958289,548.6177819707212,1,6.435023093445125e-05,0.7941823874473678,0.2058176125526322,1.9341842220276968e-34,200.0,92.08150862958288,-209.98152262958288,-1.4,-1.0,-11.2,0.0,0.0,-29.5,-9.0,-3.5,-6.1,-5.5,-14.9
1493,10796747.907532047,31,4.218477370417105,65.78150862958289,548.6177819707212,1,6.435023093445125e-05,0.7941841263795555,0.2058158736204445,1.8374750109263118e-34,200.0,92.08150862958288,-209.98152262958288,-1.4,-1.0,-11.2,0.0,0.0,-29.5,-9.0,-3.5,-6.1,-5.5,-14.9
1494,10796747.907532047,32,4.218477370417105,65.78150862958289,548.6177819707212,1,6.435023093445125e-05,0.7941849465008783,0.2058150534991217,1.7456012603799962e-34,200.0,92.08150862958288,-209.98152262958288,-1.4,-1.0,-11.2,0.0,0.0,-29.5,-9.0,-3.5,-6.1,-5.5,-14.9
1495,10796747.907532047,33,4.218477370417105,65.78150862958289,548.6177819707212,1,6.435023093445125e-05,0.7941855694953421,0.20581443050465792,1.6583211973609964e-34,200.0,92.08150862958288,-209.98152262958288,-1.4,-1.0,-11.2,0.0,0.0,-29.5,-9.0,-3.5,-6.1,-5.5,-14.9
1496,10796747.907532047,34,4.218477370417105,65.78150862958289,548.6177819707212,1,6.435023093445125e-05,0.7941893758793752,0.20581062412062476,1.5754051374929465e-34,200.0,92.08150862958288,-209.98152262958288,-1.4,-1.0,-11.2,0.0,0.0,-29.5,-9.0,-3.5,-6.1,-5.5,-14.9
1497,10796747.907532047,35,4.218477370417105,65.78150862958289,548.6177819707212,1,6.435023093445125e-05,0.794192160527326,0.20580783947267395,1.496634880618299e-34,200.0,92.08150862958288,-209.98152262958288,-1.4,-1.0,-11.2,0.0,0.0,-29.5,-9.0,-3.5,-6.1,-5.5,-14.9
1498,10796747.907532047,36,4.218477370417105,65.78150862958289,548.6177819707212,1,6.435023093445125e-05,0.7941933023240165,0.20580669767598353,1.4218031365873841e-34,200.0,92.08150862958288,-209.98152262958288,-1.4,-1.0,-11.2,0.0,0.0,-29.5,-9.0,-3.5,-6.1,-5.5,-14.9
1499,10796747.907532047,37,4.218477370417105,65.78150862958289,548.6177819707212,1,6.435023093445125e-05,0.7941922121238975,0.20580778787610257,1.350712979758015e-34,200.0,92.08150862958288,-209.98152262958288,-1.4,-1.0,-11.2,0.0,0.0,-29.5,-9.0,-3.5,-6.1,-5.5,-14.9
1500,10796747.907532047,38,4.218477370417105,65.78150862958289,548.6177819707212,1,6.435023093445125e-05,0.794194383831759,0.20580561616824097,1.2831773307701141e-34,200.0,92.08150862958288,-209.98152262958288,-1.4,-1.0,-11.2,0.0,0.0,-29.5,-9.0,-3.5,-6.1,-5.5,-14.9
1501,10796747.907532047,39,4.218477370417105,65.78150862958289,548.6177819707212,1,6.435023093445125e-05,0.7941969621058961,0.20580303789410398,1.2190184642316086e-34,200.0,92.08150862958288,-209.98152262958288,-1.4,-1.0,-11.2,0.0,0.0,-29.5,-9.0,-3.5,-6.1,-5.5,-14.9
1502,10796747.907532047,40,4.218477370417105,65.78150862958289,548.6177819707212,1,6.435023093445125e-05,0.7941965688304475,0.2058034311695525,1.1580675410200282e-34,200.0,92.08150862958288,-209.98152262958288,-1.4,-1.0,-11.2,0.0,0.0,-29.5,-9.0,-3.5,-6.1,-5.5,-14.9
1503,10796747.907532047,41,4.218477370417105,65.78150862958289,548.6177819707212,1,6.435023093445125e-05,0.7941960403017774,0.20580395969822263,1.1001641639690268e-34,200.0,92.08150862958288,-209.98152262958288,-1.4,-1.0,-11.2,0.0,0.0,-29.5,-9.0,-3.5,-6.1,-5.5,-14.9
1504,10796747.907532047,42,4.218477370417105,65.78150862958289,548.6177819707212,1,6.435023093445125e-05,0.7941960541612841,0.2058039458387158,1.0451559557705753e-34,200.0,92.08150862958288,-209.98152262958288,-1.4,-1.0,-11.2,0.0,0.0,-29.5,-9.0,-3.5,-6.1,-5.5,-14.9
1505,10796747.907532047,43,4.218477370417105,65.78150862958289,548.6177819707212,1,6.435023093445125e-05,0.7941965825625814,0.20580341743741862,9.928981579820467e-35,200.0,92.08150862958288,-209.98152262958288,-1.4,-1.0,-11.2,0.0,0.0,-29.5,-9.0,-3.5,-6.1,-5.5,-14.9
1506,10796747.907532047,44,4.218477370417105,65.78150862958289,548.6177819707212,1,6.435023093445125e-05,0.7941955898154086,0.20580441018459134,9.432532500829443e-35,200.0,92.08150862958288,-209.98152262958288,-1.4,-1.0,-11.2,0.0,0.0,-29.5,-9.0,-3.5,-6.1,-5.5,-14.9
1507,10796747.907532047,45,4.218477370417105,65.78150862958289,548.6177819707212,1,6.435023093445125e-05,0.7941938231562067,0.20580617684379338,8.960905875787972e-35,200.0,92.08150862958288,-209.98152262958288,-1.4,-1.0,-11.2,0.0,0.0,-29.5,-9.0,-3.5,-6.1,-5.5,-14.9
1508,10796747.907532047,46,4.218477370417105,65.78150862958289,548.6177819707212,1,6.435023093445125e-05,0.7941899839314579,0.20581001606854205,8.512860581998573e-35,200.0,92.08150862958288,-209.98152262958288,-1.4,-1.0,-11.2,0.0,0.0,-29.5,-9.0,-3.5,-6.1,-5.5,-14.9
1509,10796747.907532047,47,4.218477370417105,65.78150862958289,548.6177819707212,1,6.435023093445125e-05,0.7941855158477112,0.20581448415228876,8.087217552898645e-35,200.0,92.08150862958288,-209.98152262958288,-1.4,-1.0,-11.2,0.0,0.0,-29.5,-9.0,-3.5,-6.1,-5.5,-14.9
1510,10796747.907532047,48,4.218477370417105,65.78150862958289,548.6177819707212,1,6.435023093445125e-05,0.7941817882273968,0.20581821177260315,7.682856675253712e-35,200.0,92.08150862958288,-209.98152262958288,-1.4,-1.0,-11.2,0.0,0.0,-29.5,-9.0,-3.5,-6.1,-5.5,-14.9
1511,10796747.907532047,49,4.218477370417105,65.78150862958289,548.6177819707212,1,6.435023093445125e-05,0.7941767593803766,0.20582324061962337,7.298713841491026e-35,200.0,92.08150862958288,-209.98152262958288,-1.4,-1.0,-11.2,0.0,0.0,-29.5,-9.0,-3.5,-6.1,-5.5,-14.9
1512,10796747.907532047,0,4.218477370417105,65.78150862958289,548.6177819707212,1,6.435023093445125e-05,0.7941751688843689,0.20582483111563116,6.933778149416476e-35,200.0,92.08150862958288,-209.98152262958288,-1.4,-1.0,-11.2,0.0,0.0,-29.5,-9.0,-3.5,-6.1,-5.5,-14.9
1513,10796747.907532047,1,4.218477370417105,65.78150862958289,548.6177819707212,1,6.435023093445125e-05,0.7941755058464137,0.20582449415358628,6.587089241945651e-35,200.0,92.08150862958288,-209.98152262958288,-1.4,-1.0,-11.2,0.0,0.0,-29.5,-9.0,-3.5,-6.1,-5.5,-14.9
1514,10796747.907532047,2,4.218477370417105,65.78150862958289,548.6177819707212,1,6.435023093445125e-05,0.7941783370043329,0.20582166299566704,6.257734779848369e-35,200.0,92.08150862958288,-209.98152262958288,-1.4,-1.0,-11.2,0.0,0.0,-29.5,-9.0,-3.5,-6.1,-5.5,-14.9
1515,10796747.907532047,3,4.218477370417105,65.78150862958289,548.6177819707212,1,6.435023093445125e-05,0.794178874467531,0.205821125532469,5.944848040855951e-35,200.0,92.08150862958288,-209.98152262958288,-1.4,-1.0,-11.2,0.0,0.0,-29.5,-9.0,-3.5,-6.1,-5.5,-14.9
1516,10796747.907532047,4,4.218477370417105,65.78150862958289,548.6177819707212,1,6.435023093445125e-05,0.7941792314751025,0.20582076852489753,5.647605638813155e-35,200.0,92.08150862958288,-209.98152262958288,-1.4,-1.0,-11.2,0.0,0.0,-29.5,-9.0,-3.5,-6.1,-5.5,-14.9
1517,10796747.907532047,5,4.218477370417105,65.78150862958289,548.6177819707212,1,6.435023093445125e-05,0.7941800821529577,0.2058199178470424,5.365225356872496e-35,200.0,92.08150862958288,-209.98152262958288,-1.4,-1.0,-11.2,0.0,0.0,-29.5,-9.0,-3.5,-6.1,-5.5,-14.9
1518,10796747.907532047,6,4.218477370417105,65.78150862958289,548.6177819707212,1,6.435023093445125e-05,0.7941807366887856,0.2058192633112144,5.096964089028871e-35,200.0,92.08150862958288,-209.98152262958288,-1.4,-1.0,-11.2,0.0,0.0,-29.5,-9.0,-3.5,-6.1,-5.5,-14.9
1519,10796747.907532047,7,4.218477370417105,65.78150862958289,548.6177819707212,1,6.435023093445125e-05,0.7941805410360905,0.20581945896390952,4.842115884577427e-35,200.0,92.08150862958288,-209.98152262958288,-1.4,-1.0,-11.2,0.0,0.0,-29.5,-9.0,-3.5,-6.1,-5.5,-14.9
1520,10796747.907532047,8,4.218477370417105,65.78150862958289,548.6177819707212,1,6.435023093445125e-05,0.7941815295759485,0.2058184704240515,4.6000100903485553e-35,200.0,92.08150862958288,-209.98152262958288,-1.4,-1.0,-11.2,0.0,0.0,-29.5,-9.0,-3.5,-6.1,-5.5,-14.9
1521,10796747.907532047,9,4.218477370417105,65.78150862958289,548.6177819707212,1,6.435023093445125e-05,0.7941816521130067,0.20581834788699327,4.370009585831128e-35,200.0,92.08150862958288,-209.98152262958288,-1.4,-1.0,-11.2,0.0,0.0,-29.5,-9.0,-3.5,-6.1,-5.5,-14.9
1522,10796747.907532047,10,4.218477370417105,65.78150862958289,548.6177819707212,1,6.435023093445125e-05,0.7941789642008743,0.20582103579912575,4.151509106539572e-35,200.0,92.08150862958288,-209.98152262958288,-1.4,-1.0,-11.2,0.0,0.0,-29.5,-9.0,-3.5,-6.1,-5.5,-14.9
1523,10796747.907532047,11,4.218477370417105,65.78150862958289,548.6177819707212,1,6.435023093445125e-05,0.7941769223114417,0.20582307768855834,3.943933651212593e-35,200.0,92.08150862958288,-209.98152262958288,-1.4,-1.0,-11.2,0.0,0.0,-29.5,-9.0,-3.5,-6.1,-5.5,-14.9
1524,10796747.907532047,12,4.218477370417105,65.78150862958289,548.6177819707212,1,6.435023093445125e-05,0.7941728447936739,0.20582715520632608,3.746736968651963e-35,200.0,92.08150862958288,-209.98152262958288,-1.4,-1.0,-11.2,0.0,0.0,-29.5,-9.0,-3.5,-6.1,-5.5,-14.9
1525,10796747.907532047,13,4.218477370417105,65.78150862958289,548.6177819707212,1,6.435023093445125e-05,0.7941681595675804,0.2058318404324197,3.559400120219365e-35,200.0,92.08150862958288,-209.98152262958288,-1.4,-1.0,-11.2,0.0,0.0,-29.5,-9.0,-3.5,-6.1,-5.5,-14.9
1526,10796747.907532047,14,4.218477370417105,65.78150862958289,548.6177819707212,1,6.435023093445125e-05,0.7941642210037959,0.20583577899620412,3.3814301142083966e-35,200.0,92.08150862958288,-209.98152262958288,-1.4,-1.0,-11.2,0.0,0.0,-29.5,-9.0,-3.5,-6.1,-5.5,-14.9
1527,10796747.907532047,15,4.218477370417105,65.78150862958289,548.6177819707212,1,6.435023093445125e-05,0.7941570241689685,0.2058429758310315,3.212358608497977e-35,200.0,92.08150862958288,-209.98152262958288,-1.4,-1.0,-11.2,0.0,0.0,-29.5,-9.0,-3.5,-6.1,-5.5,-14.9
1528,10796747.907532047,16,4.218477370417105,65.78150862958289,548.6177819707212,1,6.435023093445125e-05,0.7941487182108367,0.20585128178916337,3.051740678073078e-35,200.0,92.08150862958288,-209.98152262958288,-1.4,-1.0,-11.2,0.0,0.0,-29.5,-9.0,-3.5,-6.1,-5.5,-14.9
1529,10796747.907532047,17,4.218477370417105,65.78150862958289,548.6177819707212,1,6.435023093445125e-05,0.7941413421658694,0.20585865783413063,2.899153644169424e-35,200.0,92.08150862958288,-209.98152262958288,-1.4,-1.0,-11.2,0.0,0.0,-29.5,-9.0,-3.5,-6.1,-5.5,-14.9
1530,10796747.907532047,18,4.218477370417105,65.78150862958289,548.6177819707212,1,6.435023093445125e-05,0.7941355088701587,0.20586449112984123,2.754195961960953e-35,200.0,92.08150862958288,-209.98152262958288,-1.4,-1.0,-11.2,0.0,0.0,-29.5,-9.0,-3.5,-6.1,-5.5,-14.9
1531,10796747.907532047,19,4.218477370417105,65.78150862958289,548.6177819707212,1,6.435023093445125e-05,0.794130479946857,0.20586952005314296,2.6164861638629057e-35,200.0,92.08150862958288,-209.98152262958288,-1.4,-1.0,-11.2,0.0,0.0,-29.5,-9.0,-3.5,-6.1,-5.5,-14.9
1532,10796747.907532047,20,4.218477370417105,65.78150862958289,548.6177819707212,1,6.435023093445125e-05,0.7941275324446982,0.20587246755530175,2.48566185566976e-35,200.0,92.08150862958288,-209.98152262958288,-1.4,-1.0,-11.2,0.0,0.0,-29.5,-9.0,-3.5,-6.1,-5.5,-14.9
1533,10796747.907532047,21,4.218477370417105,65.78150862958289,548.6177819707212,1,6.435023093445125e-05,0.794121949634798,0.20587805036520207,2.3613787628862723e-35,200.0,92.08150862958288,-209.98152262958288,-1.4,-1.0,-11.2,0.0,0.0,-29.5,-9.0,-3.5,-6.1,-5.5,-14.9
1534,10796747.907532047,22,4.218477370417105,65.78150862958289,548.6177819707212,1,6.435023093445125e-05,0.7941151828689277,0.20588481713107237,2.2433098247419587e-35,200.0,92.08150862958288,-209.98152262958288,-1.4,-1.0,-11.2,0.0,0.0,-29.5,-9.0,-3.5,-6.1,-5.5,-14.9
1535,10796747.907532047,23,4.218477370417105,65.78150862958289,548.6177819707212,1,6.435023093445125e-05,0.7941086091747039,0.20589139082529603,2.1311443335048607e-35,200.0,92.08150862958288,-209.98152262958288,-1.4,-1.0,-11.2,0.0,0.0,-29.5,-9.0,-3.5,-6.1,-5.5,-14.9
1536,10796747.907532047,24,4.218477370417105,65.78150862958289,548.6177819707212,1,6.435023093445125e-05,0.7941009036951421,0.20589909630485792,2.0245871168296174e-35,200.0,92.08150862958288,-209.98152262958288,-1.4,-1.0,-11.2,0.0,0.0,-29.5,-9.0,-3.5,-6.1,-5.5,-14.9
1537,10796747.907532047,25,4.218477370417105,65.78150862958289,548.6177819707212,1,6.435023093445125e-05,0.7940967253570526,0.20590327464294741,1.9233577609881365e-35,200.0,92.08150862958288,-209.98152262958288,-1.4,-1.0,-11.2,0.0,0.0,-29.5,-9.0,-3.5,-6.1,-5.5,-14.9
1538,10796747.907532047,26,4.218477370417105,65.78150862958289,548.6177819707212,1,6.435023093445125e-05,0.7940919533369936,0.20590804666300647,1.8271898729387298e-35,200.0,92.08150862958288,-209.98152262958288,-1.4,-1.0,-11.2,0.0,0.0,-29.5,-9.0,-3.5,-6.1,-5.5,-14.9
1539,10796747.907532047,27,4.218477370417105,65.78150862958289,548.6177819707212,1,6.435023093445125e-05,0.7940885869675339,0.20591141303246607,1.7358303792917933e-35,200.0,92.08150862958288,-209.98152262958288,-1.4,-1.0,-11.2,0.0,0.0,-29.5,-9.0,-3.5,-6.1,-5.5,-14.9
1540,10796747.907532047,28,4.218477370417105,65.78150862958289,548.6177819707212,1,6.435023093445125e-05,0.7940845871689404,0.20591541283105957,1.6490388603272036e-35,200.0,92.08150862958288,-209.98152262958288,-1.4,-1.0,-11.2,0.0,0.0,-29.5,-9.0,-3.5,-6.1,-5.5,-14.9
1541,10796747.907532047,29,4.218477370417105,65.78150862958289,548.6177819707212,1,6.435023093445125e-05,0.794080641968515,0.2059193580314851,1.5665869173108435e-35,200.0,92.08150862958288,-209.98152262958288,-1.4,-1.0,-11.2,0.0,0.0,-29.5,-9.0,-3.5,-6.1,-5.5,-14.9
1542,10796747.907532047,30,4.218477370417105,65.78150862958289,548.6177819707212,1,6.435023093445125e-05,0.7940780586176106,0.20592194138238948,1.4882575714453013e-35,200.0,92.08150862958288,-209.98152262958288,-1.4,-1.0,-11.2,0.0,0.0,-29.5,-9.0,-3.5,-6.1,-5.5,-14.9
1543,10796747.907532047,31,4.218477370417105,65.78150862958289,548.6177819707212,1,6.435023093445125e-05,0.7940734950422647,0.2059265049577354,1.4138446928730362e-35,200.0,92.08150862958288,-209.98152262958288,-1.4,-1.0,-11.2,0.0,0.0,-29.5,-9.0,-3.5,-6.1,-5.5,-14.9
1544,10796747.907532047,32,4.218477370417105,65.78150862958289,548.6177819707212,1,6.435023093445125e-05,0.7940703234932717,0.20592967650672836,1.3431524582293842e-35,200.0,92.08150862958288,-209.98152262958288,-1.4,-1.0,-11.2,0.0,0.0,-29.5,-9.0,-3.5,-6.1,-5.5,-14.9
1545,10796747.907532047,33,4.218477370417105,65.78150862958289,548.6177819707212,1,6.435023093445125e-05,0.7940658580154369,0.205934141984563,1.275994835317915e-35,200.0,92.08150862958288,-209.98152262958288,-1.4,-1.0,-11.2,0.0,0.0,-29.5,-9.0,-3.5,-6.1,-5.5,-14.9
1546,10796747.907532047,34,4.218477370417105,65.78150862958289,548.6177819707212,1,6.435023093445125e-05,0.7940634316028317,0.20593656839716834,1.2121950935520193e-35,200.0,92.08150862958288,-209.98152262958288,-1.4,-1.0,-11.2,0.0,0.0,-29.5,-9.0,-3.5,-6.1,-5.5,-14.9
1547,10796747.907532047,35,4.218477370417105,65.78150862958289,548.6177819707212,1,6.435023093445125e-05,0.7940622868453179,0.2059377131546821,1.1515853388744183e-35,200.0,92.08150862958288,-209.98152262958288,-1.4,-1.0,-11.2,0.0,0.0,-29.5,-9.0,-3.5,-6.1,-5.5,-14.9
1548,10796747.907532047,36,4.218477370417105,65.78150862958289,548.6177819707212,1,6.435023093445125e-05,0.794061053591396,0.20593894640860402,1.0940060719306974e-35,200.0,92.08150862958288,-209.98152262958288,-1.4,-1.0,-11.2,0.0,0.0,-29.5,-9.0,-3.5,-6.1,-5.5,-14.9
1549,10796747.907532047,37,4.218477370417105,65.78150862958289,548.6177819707212,1,6.435023093445125e-05,0.7940564765011083,0.20594352349889172,1.0393057683341627e-35,200.0,92.08150862958288,-209.98152262958288,-1.4,-1.0,-11.2,0.0,0.0,-29.5,-9.0,-3.5,-6.1,-5.5,-14.9
1550,10796747.907532047,38,4.218477370417105,65.78150862958289,548.6177819707212,1,6.435023093445125e-05,0.7940545913943233,0.20594540860567667,9.873404799174545e-36,200.0,92.08150862958288,-209.98152262958288,-1.4,-1.0,-11.2,0.0,0.0,-29.5,-9.0,-3.5,-6.1,-5.5,-14.9
1551,10796747.907532047,39,4.218477370417105,65.78150862958289,548.6177819707212,1,6.435023093445125e-05,0.7940572118450526,0.20594278815494732,9.379734559215817e-36,200.0,92.08150862958288,-209.98152262958288,-1.4,-1.0,-11.2,0.0,0.0,-29.5,-9.0,-3.5,-6.1,-5.5,-14.9
1552,10796747.907532047,40,4.218477370417105,65.78150862958289,548.6177819707212,1,6.435023093445125e-05,0.7940589035591009,0.2059410964408991,8.910747831255027e-36,200.0,92.08150862958288,-209.98152262958288,-1.4,-1.0,-11.2,0.0,0.0,-29.5,-9.0,-3.5,-6.1,-5.5,-14.9
1553,10796747.907532047,41,4.218477370417105,65.78150862958289,548.6177819707212,1,6.435023093445125e-05,0.7940623132723301,0.20593768672766988,8.465210439692275e-36,200.0,92.08150862958288,-209.98152262958288,-1.4,-1.0,-11.2,0.0,0.0,-29.5,-9.0,-3.5,-6.1,-5.5,-14.9
1554,10796747.907532047,42,4.218477370417105,65.78150862958289,548.6177819707212,1,6.435023093445125e-05,0.7940667031274774,0.20593329687252257,8.04194991770766e-36,200.0,92.08150862958288,-209.98152262958288,-1.4,-1.0,-11.2,0.0,0.0,-29.5,-9.0,-3.5,-6.1,-5.5,-14.9
1555,10796747.907532047,43,4.218477370417105,65.78150862958289,548.6177819707212,1,6.435023093445125e-05,0.794072022440719,0.205927977559281,7.639852421822276e-36,200.0,92.08150862958288,-209.98152262958288,-1.4,-1.0,-11.2,0.0,0.0,-29.5,-9.0,-3.5,-6.1,-5.5,-14.9
1556,10796747.907532047,44,4.218477370417105,65.78150862958289,548.6177819707212,1,6.435023093445125e-05,0.794076926669599,0.2059230733304011,7.257859800731164e-36,200.0,92.08150862958288,-209.98152262958288,-1.4,-1.0,-11.2,0.0,0.0,-29.5,-9.0,-3.5,-6.1,-5.5,-14.9
1557,10796747.907532047,45,4.218477370417105,65.78150862958289,548.6177819707212,1,6.435023093445125e-05,0.794081436757485,0.20591856324251498,6.894966810694605e-36,200.0,92.08150862958288,-209.98152262958288,-1.4,-1.0,-11.2,0.0,0.0,-29.5,-9.0,-3.5,-6.1,-5.5,-14.9
1558,10796747.907532047,46,4.218477370417105,65.78150862958289,548.6177819707212,1,6.435023093445125e-05,0.7940829823123078,0.20591701768769224,6.550218470159875e-36,200.0,92.08150862958288,-209.98152262958288,-1.4,-1.0,-11.2,0.0,0.0,-29.5,-9.0,-3.5,-6.1,-5.5,-14.9
1559,10796747.907532047,47,4.218477370417105,65.78150862958289,548.6177819707212,1,6.435023093445125e-05,0.7940855981085052,0.20591440189149487,6.222707546651881e-36,200.0,92.08150862958288,-209.98152262958288,-1.4,-1.0,-11.2,0.0,0.0,-29.5,-9.0,-3.5,-6.1,-5.5,-14.9
1560,10796747.907532047,48,4.218477370417105,65.78150862958289,548.6177819707212,1,6.435023093445125e-05,0.794088582291787,0.20591141770821308,5.911572169319286e-36,200.0,92.08150862958288,-209.98152262958288,-1.4,-1.0,-11.2,0.0,0.0,-29.5,-9.0,-3.5,-6.1,-5.5,-14.9
1561,10796747.907532047,49,4.218477370417105,65.78150862958289,548.6177819707212,1,6.435023093445125e-05,0.794093208130155,0.20590679186984504,5.615993560853322e-36,200.0,92.08150862958288,-209.98152262958288,-1.4,-1.0,-11.2,0.0,0.0,-29.5,-9.0,-3.5,-6.1,-5.5,-14.9
1562,10796747.907532047,0,4.218477370417105,65.78150862958289,548.6177819707212,1,6.435023093445125e-05,0.7940980995751294,0.20590190042487058,5.335193882810655e-36,200.0,92.08150862958288,-209.98152262958288,-1.4,-1.0,-11.2,0.0,0.0,-29.5,-9.0,-3.5,-6.1,-5.5,-14.9
1563,10796747.907532047,1,4.218477370417105,65.78150862958289,548.6177819707212,1,6.435023093445125e-05,0.794104532951836,0.205895467048164,5.0684341886701225e-36,200.0,92.08150862958288,-209.98152262958288,-1.4,-1.0,-11.2,0.0,0.0,-29.5,-9.0,-3.5,-6.1,-5.5,-14.9
1564,10796747.907532047,2,4.218477370417105,65.78150862958289,548.6177819707212,1,6.435023093445125e-05,0.794113072879674,0.20588692712032594,4.815012479236616e-36,200.0,92.08150862958288,-209.98152262958288,-1.4,-1.0,-11.2,0.0,0.0,-29.5,-9.0,-3.5,-6.1,-5.5,-14.9
1565,10796747.907532047,3,4.218477370417105,65.78150862958289,548.6177819707212,1,6.435023093445125e-05,0.7941210343838456,0.20587896561615435,4.5742618552747854e-36,200.0,92.08150862958288,-209.98152262958288,-1.4,-1.0,-11.2,0.0,0.0,-29.5,-9.0,-3.5,-6.1,-5.5,-14.9
1566,10796747.907532047,4,4.218477370417105,65.78150862958289,548.6177819707212,1,6.435023093445125e-05,0.7941290901878253,0.20587090981217465,4.345548762511046e-36,200.0,92.08150862958288,-209.98152262958288,-1.4,-1.0,-11.2,0.0,0.0,-29.5,-9.0,-3.5,-6.1,-5.5,-14.9
1567,10796747.907532047,5,4.218477370417105,65.78150862958289,548.6177819707212,1,6.435023093445125e-05,0.7941378780042313,0.20586212199576867,4.128271324385494e-36,200.0,92.08150862958288,-209.98152262958288,-1.4,-1.0,-11.2,0.0,0.0,-29.5,-9.0,-3.5,-6.1,-5.5,-14.9
1568,10796747.907532047,6,4.218477370417105,65.78150862958289,548.6177819707212,1,6.435023093445125e-05,0.794143503239589,0.20585649676041096,3.9218577581662194e-36,200.0,92.08150862958288,-209.98152262958288,-1.4,-1.0,-11.2,0.0,0.0,-29.5,-9.0,-3.5,-6.1,-5.5,-14.9
1569,10796747.907532047,7,4.218477370417105,65.78150862958289,548.6177819707212,1,6.435023093445125e-05,0.7941480544080397,0.20585194559196024,3.725764870257908e-36,200.0,92.08150862958288,-209.98152262958288,-1.4,-1.0,-11.2,0.0,0.0,-29.5,-9.0,-3.5,-6.1,-5.5,-14.9
1570,10796747.907532047,8,4.218477370417105,65.78150862958289,548.6177819707212,1,6.435023093445125e-05,0.7941515861365466,0.20584841386345343,3.539476626745013e-36,200.0,92.08150862958288,-209.98152262958288,-1.4,-1.0,-11.2,0.0,0.0,-29.5,-9.0,-3.5,-6.1,-5.5,-14.9
1571,10796747.907532047,9,4.218477370417105,65.78150862958289,548.6177819707212,1,6.435023093445125e-05,0.7941541503191113,0.20584584968088865,3.362502795407762e-36,200.0,92.08150862958288,-209.98152262958288,-1.4,-1.0,-11.2,0.0,0.0,-29.5,-9.0,-3.5,-6.1,-5.5,-14.9
1572,10796747.907532047,10,4.218477370417105,65.78150862958289,548.6177819707212,1,6.435023093445125e-05,0.7941583619977459,0.2058416380022542,3.194377655637375e-36,200.0,92.08150862958288,-209.98152262958288,-1.4,-1.0,-11.2,0.0,0.0,-29.5,-9.0,-3.5,-6.1,-5.5,-14.9
1573,10796747.907532047,11,4.218477370417105,65.78150862958289,548.6177819707212,1,6.435023093445125e-05,0.7941622135778522,0.2058377864221478,3.034658772855506e-36,200.0,92.08150862958288,-209.98152262958288,-1.4,-1.0,-11.2,0.0,0.0,-29.5,-9.0,-3.5,-6.1,-5.5,-14.9
1574,10796747.907532047,12,4.218477370417105,65.78150862958289,548.6177819707212,1,6.435023093445125e-05,0.794161879025755,0.20583812097424498,2.8829258342127302e-36,200.0,92.08150862958288,-209.98152262958288,-1.4,-1.0,-11.2,0.0,0.0,-29.5,-9.0,-3.5,-6.1,-5.5,-14.9
1575,10796747.907532047,13,4.218477370417105,65.78150862958289,548.6177819707212,1,6.435023093445125e-05,0.7941646161259007,0.20583538387409928,2.738779542502094e-36,200.0,92.08150862958288,-209.98152262958288,-1.4,-1.0,-11.2,0.0,0.0,-29.5,-9.0,-3.5,-6.1,-5.5,-14.9
1576,10796747.907532047,14,4.218477370417105,65.78150862958289,548.6177819707212,1,6.435023093445125e-05,0.7941683472881678,0.2058316527118322,2.601840565376989e-36,200.0,92.08150862958288,-209.98152262958288,-1.4,-1.0,-11.2,0.0,0.0,-29.5,-9.0,-3.5,-6.1,-5.5,-14.9
1577,10796747.907532047,15,4.218477370417105,65.78150862958289,548.6177819707212,1,6.435023093445125e-05,0.794173021185051,0.20582697881494907,2.47174853710814e-36,200.0,92.08150862958288,-209.98152262958288,-1.4,-1.0,-11.2,0.0,0.0,-29.5,-9.0,-3.5,-6.1,-5.5,-14.9
1578,10796747.907532047,16,4.218477370417105,65.78150862958289,548.6177819707212,1,6.435023093445125e-05,0.7941766728236602,0.20582332717633975,2.3481611102527327e-36,200.0,92.08150862958288,-209.98152262958288,-1.4,-1.0,-11.2,0.0,0.0,-29.5,-9.0,-3.5,-6.1,-5.5,-14.9
1579,10796747.907532047,17,4.218477370417105,65.78150862958289,548.6177819707212,1,6.435023093445125e-05,0.7941812694647697,0.2058187305352302,2.230753054740096e-36,200.0,92.08150862958288,-209.98152262958288,-1.4,-1.0,-11.2,0.0,0.0,-29.5,-9.0,-3.5,-6.1,-5.5,-14.9
1580,10796747.907532047,18,4.218477370417105,65.78150862958289,548.6177819707212,1,6.435023093445125e-05,0.7941867622419012,0.20581323775809882,2.1192154020030914e-36,200.0,92.08150862958288,-209.98152262958288,-1.4,-1.0,-11.2,0.0,0.0,-29.5,-9.0,-3.5,-6.1,-5.5,-14.9
1581,10796747.907532047,19,4.218477370417105,65.78150862958289,548.6177819707212,1,6.435023093445125e-05,0.7941950163878198,0.20580498361218022,2.013254631902937e-36,200.0,92.08150862958288,-209.98152262958288,-1.4,-1.0,-11.2,0.0,0.0,-29.5,-9.0,-3.5,-6.1,-5.5,-14.9
1582,10796747.907532047,20,4.218477370417105,65.78150862958289,548.6177819707212,1,6.435023093445125e-05,0.7942039790494356,0.20579602095056435,1.91259190030779e-36,200.0,92.08150862958288,-209.98152262958288,-1.4,-1.0,-11.2,0.0,0.0,-29.5,-9.0,-3.5,-6.1,-5.5,-14.9
1583,10796747.907532047,21,4.218477370417105,65.78150862958289,548.6177819707212,1,6.435023093445125e-05,0.7942091589574293,0.20579084104257073,1.8169623052924007e-36,200.0,92.08150862958288,-209.98152262958288,-1.4,-1.0,-11.2,0.0,0.0,-29.5,-9.0,-3.5,-6.1,-5.5,-14.9
1584,10796747.907532047,22,4.218477370417105,65.78150862958289,548.6177819707212,1,6.435023093445125e-05,0.7942152014325446,0.20578479856745532,1.7261141900277805e-36,200.0,92.08150862958288,-209.98152262958288,-1.4,-1.0,-11.2,0.0,0.0,-29.5,-9.0,-3.5,-6.1,-5.5,-14.9
1585,10796747.907532047,23,4.218477370417105,65.78150862958289,548.6177819707212,1,6.435023093445125e-05,0.7942226972274469,0.20577730277255307,1.6398084805263913e-36,200.0,92.08150862958288,-209.98152262958288,-1.4,-1.0,-11.2,0.0,0.0,-29.5,-9.0,-3.5,-6.1,-5.5,-14.9
1586,10796747.907532047,24,4.218477370417105,65.78150862958289,548.6177819707212,1,6.435023093445125e-05,0.7942341101084198,0.20576588989158023,1.5578180565000718e-36,200.0,92.08150862958288,-209.98152262958288,-1.4,-1.0,-11.2,0.0,0.0,-29.5,-9.0,-3.5,-6.1,-5.5,-14.9
1587,10796747.907532047,25,4.218477370417105,65.78150862958289,548.6177819707212,1,6.435023093445125e-05,0.7942486022430396,0.20575139775696039,1.4799271536750682e-36,200.0,92.08150862958288,-209.98152262958288,-1.4,-1.0,-11.2,0.0,0.0,-29.5,-9.0,-3.5,-6.1,-5.5,-14.9
1588,10796747.907532047,26,4.218477370417105,65.78150862958289,548.6177819707212,1,6.435023093445125e-05,0.7942622129600211,0.20573778703997894,1.4059307959913147e-36,200.0,92.08150862958288,-209.98152262958288,-1.4,-1.0,-11.2,0.0,0.0,-29.5,-9.0,-3.5,-6.1,-5.5,-14.9
1589,10796747.907532047,27,4.218477370417105,65.78150862958289,548.6177819707212,1,6.435023093445125e-05,0.7942756196459805,0.20572438035401955,1.3356342561917489e-36,200.0,92.08150862958288,-209.98152262958288,-1.4,-1.0,-11.2,0.0,0.0,-29.5,-9.0,-3.5,-6.1,-5.5,-14.9
1590,10796747.907532047,28,4.218477370417105,65.78150862958289,548.6177819707212,1,6.435023093445125e-05,0.7942881991901347,0.20571180080986534,1.2688525433821613e-36,200.0,92.08150862958288,-209.98152262958288,-1.4,-1.0,-11.2,0.0,0.0,-29.5,-9.0,-3.5,-6.1,-5.5,-14.9
1591,10796747.907532047,29,4.218477370417105,65.78150862958289,548.6177819707212,1,6.435023093445125e-05,0.7942987283851201,0.20570127161487994,1.2054099162130532e-36,200.0,92.08150862958288,-209.98152262958288,-1.4,-1.0,-11.2,0.0,0.0,-29.5,-9.0,-3.5,-6.1,-5.5,-14.9
1592,10796747.907532047,30,4.218477370417105,65.78150862958289,548.6177819707212,1,6.435023093445125e-05,0.7943085754704808,0.2056914245295191,1.1451394204024005e-36,200.0,92.08150862958288,-209.98152262958288,-1.4,-1.0,-11.2,0.0,0.0,-29.5,-9.0,-3.5,-6.1,-5.5,-14.9
1593,10796747.907532047,31,4.218477370417105,65.78150862958289,548.6177819707212,1,6.435023093445125e-05,0.7943165112925784,0.20568348870742162,1.0878824493822805e-36,200.0,92.08150862958288,-209.98152262958288,-1.4,-1.0,-11.2,0.0,0.0,-29.5,-9.0,-3.5,-6.1,-5.5,-14.9
1594,10796747.907532047,32,4.218477370417105,65.78150862958289,548.6177819707212,1,6.435023093445125e-05,0.794327683188391,0.20567231681160905,1.0334883269131665e-36,200.0,92.08150862958288,-209.98152262958288,-1.4,-1.0,-11.2,0.0,0.0,-29.5,-9.0,-3.5,-6.1,-5.5,-14.9
1595,10796747.907532047,33,4.218477370417105,65.78150862958289,548.6177819707212,1,6.435023093445125e-05,0.794337509183991,0.205662490816009,9.81813910567508e-37,200.0,92.08150862958288,-209.98152262958288,-1.4,-1.0,-11.2,0.0,0.0,-29.5,-9.0,-3.5,-6.1,-5.5,-14.9
1596,10796747.907532047,34,4.218477370417105,65.78150862958289,548.6177819707212,1,6.435023093445125e-05,0.7943492087763258,0.20565079122367422,9.327232150391326e-37,200.0,92.08150862958288,-209.98152262958288,-1.4,-1.0,-11.2,0.0,0.0,-29.5,-9.0,-3.5,-6.1,-5.5,-14.9
1597,10796747.907532047,35,4.218477370417105,65.78150862958289,548.6177819707212,1,6.435023093445125e-05,0.7943620549711671,0.20563794502883292,8.86087054287176e-37,200.0,92.08150862958288,-209.98152262958288,-1.4,-1.0,-11.2,0.0,0.0,-29.5,-9.0,-3.5,-6.1,-5.5,-14.9
1598,10796747.907532047,36,4.218477370417105,65.78150862958289,548.6177819707212,1,6.435023093445125e-05,0.7943709539178873,0.20562904608211272,8.41782701572817e-37,200.0,92.08150862958288,-209.98152262958288,-1.4,-1.0,-11.2,0.0,0.0,-29.5,-9.0,-3.5,-6.1,-5.5,-14.9
1599,10796747.907532047,37,4.218477370417105,65.78150862958289,548.6177819707212,1,6.435023093445125e-05,0.7943798807609683,0.20562011923903178,7.996935664941764e-37,200.0,92.08150862958288,-209.98152262958288,-1.4,-1.0,-11.2,0.0,0.0,-29.5,-9.0,-3.5,-6.1,-5.5,-14.9
1600,10796747.907532047,38,4.218477370417105,65.78150862958289,548.6177819707212,1,6.435023093445125e-05,0.7943888334798818,0.2056111665201183,7.597088881694675e-37,200.0,92.08150862958288,-209.98152262958288,-1.4,-1.0,-11.2,0.0,0.0,-29.5,-9.0,-3.5,-6.1,-5.5,-14.9
1601,10796747.907532047,39,4.218477370417105,65.78150862958289,548.6177819707212,1,6.435023093445125e-05,0.794397810156367,0.20560218984363302,7.2172344376099414e-37,200.0,92.08150862958288,-209.98152262958288,-1.4,-1.0,-11.2,0.0,0.0,-29.5,-9.0,-3.5,-6.1,-5.5,-14.9
1602,10796747.907532047,40,4.218477370417105,65.78150862958289,548.6177819707212,1,6.435023093445125e-05,0.7944074366594055,0.20559256334059445,6.856372715729444e-37,200.0,92.08150862958288,-209.98152262958288,-1.4,-1.0,-11.2,0.0,0.0,-29.5,-9.0,-3.5,-6.1,-5.5,-14.9
1603,10796747.907532047,41,4.218477370417105,65.78150862958289,548.6177819707212,1,6.435023093445125e-05,0.7944151698163028,0.20558483018369728,6.513554079942972e-37,200.0,92.08150862958288,-209.98152262958288,-1.4,-1.0,-11.2,0.0,0.0,-29.5,-9.0,-3.5,-6.1,-5.5,-14.9
1604,10796747.907532047,42,4.218477370417105,65.78150862958289,548.6177819707212,1,6.435023093445125e-05,0.794423613846159,0.20557638615384108,6.187876375945823e-37,200.0,92.08150862958288,-209.98152262958288,-1.4,-1.0,-11.2,0.0,0.0,-29.5,-9.0,-3.5,-6.1,-5.5,-14.9
1605,10796747.907532047,43,4.218477370417105,65.78150862958289,548.6177819707212,1,6.435023093445125e-05,0.7944295988849873,0.20557040111501268,5.878482557148531e-37,200.0,92.08150862958288,-209.98152262958288,-1.4,-1.0,-11.2,0.0,0.0,-29.5,-9.0,-3.5,-6.1,-5.5,-14.9
1606,10796747.907532047,44,4.218477370417105,65.78150862958289,548.6177819707212,1,6.435023093445125e-05,0.7944363815663479,0.20556361843365217,5.584558429291104e-37,200.0,92.08150862958288,-209.98152262958288,-1.4,-1.0,-11.2,0.0,0.0,-29.5,-9.0,-3.5,-6.1,-5.5,-14.9
1607,10796747.907532047,45,4.218477370417105,65.78150862958289,548.6177819707212,1,6.435023093445125e-05,0.7944414171506841,0.205558582849316,5.305330507826549e-37,200.0,92.08150862958288,-209.98152262958288,-1.4,-1.0,-11.2,0.0,0.0,-29.5,-9.0,-3.5,-6.1,-5.5,-14.9
1608,10796747.907532047,46,4.218477370417105,65.78150862958289,548.6177819707212,1,6.435023093445125e-05,0.7944447944652789,0.20555520553472112,5.040063982435221e-37,200.0,92.08150862958288,-209.98152262958288,-1.4,-1.0,-11.2,0.0,0.0,-29.5,-9.0,-3.5,-6.1,-5.5,-14.9
1609,10796747.907532047,47,4.218477370417105,65.78150862958289,548.6177819707212,1,6.435023093445125e-05,0.7944515994003055,0.2055484005996945,4.78806078331346e-37,200.0,92.08150862958288,-209.98152262958288,-1.4,-1.0,-11.2,0.0,0.0,-29.5,-9.0,-3.5,-6.1,-5.5,-14.9
1610,10796747.907532047,48,4.218477370417105,65.78150862958289,548.6177819707212,1,6.435023093445125e-05,0.794456658431096,0.20554334156890397,4.548657744147787e-37,200.0,92.08150862958288,-209.98152262958288,-1.4,-1.0,-11.2,0.0,0.0,-29.5,-9.0,-3.5,-6.1,-5.5,-14.9
1611,10796747.907532047,49,4.218477370417105,65.78150862958289,548.6177819707212,1,6.435023093445125e-05,0.7944619333773735,0.2055380666226265,4.321224856940397e-37,200.0,92.08150862958288,-209.98152262958288,-1.4,-1.0,-11.2,0.0,0.0,-29.5,-9.0,-3.5,-6.1,-5.5,-14.9
1612,10796747.907532047,0,4.218477370417105,65.78150862958289,548.6177819707212,1,6.435023093445125e-05,0.7944661650412479,0.20553383495875205,4.105163614093378e-37,200.0,92.08150862958288,-209.98152262958288,-1.4,-1.0,-11.2,0.0,0.0,-29.5,-9.0,-3.5,-6.1,-5.5,-14.9
1613,10796747.907532047,1,4.218477370417105,65.78150862958289,548.6177819707212,1,6.435023093445125e-05,0.7944706536196481,0.2055293463803519,3.899905433388709e-37,200.0,92.08150862958288,-209.98152262958288,-1.4,-1.0,-11.2,0.0,0.0,-29.5,-9.0,-3.5,-6.1,-5.5,-14.9
1614,10796747.907532047,2,4.218477370417105,65.78150862958289,548.6177819707212,1,6.435023093445125e-05,0.7944772546663241,0.20552274533367582,3.704910161719273e-37,200.0,92.08150862958288,-209.98152262958288,-1.4,-1.0,-11.2,0.0,0.0,-29.5,-9.0,-3.5,-6.1,-5.5,-14.9
1615,10796747.907532047,3,4.218477370417105,65.78150862958289,548.6177819707212,1,6.435023093445125e-05,0.7944815012290868,0.2055184987709133,3.51966465363331e-37,200.0,92.08150862958288,-209.98152262958288,-1.4,-1.0,-11.2,0.0,0.0,-29.5,-9.0,-3.5,-6.1,-5.5,-14.9
1616,10796747.907532047,4,4.218477370417105,65.78150862958289,548.6177819707212,1,6.435023093445125e-05,0.7944841354389642,0.20551586456103585,3.3436814209516443e-37,200.0,92.08150862958288,-209.98152262958288,-1.4,-1.0,-11.2,0.0,0.0,-29.5,-9.0,-3.5,-6.1,-5.5,-14.9
1617,10796747.907532047,5,4.218477370417105,65.78150862958289,548.6177819707212,1,6.435023093445125e-05,0.7944852393695633,0.2055147606304368,3.176497349904062e-37,200.0,92.08150862958288,-209.98152262958288,-1.4,-1.0,-11.2,0.0,0.0,-29.5,-9.0,-3.5,-6.1,-5.5,-14.9
1618,10796747.907532047,6,4.218477370417105,65.78150862958289,548.6177819707212,1,6.435023093445125e-05,0.794484269027649,0.20551573097235096,3.017672482408859e-37,200.0,92.08150862958288,-209.98152262958288,-1.4,-1.0,-11.2,0.0,0.0,-29.5,-9.0,-3.5,-6.1,-5.5,-14.9
1619,10796747.907532047,7,4.218477370417105,65.78150862958289,548.6177819707212,1,6.435023093445125e-05,0.7944819517995961,0.20551804820040387,2.866788858288416e-37,200.0,92.08150862958288,-209.98152262958288,-1.4,-1.0,-11.2,0.0,0.0,-29.5,-9.0,-3.5,-6.1,-5.5,-14.9
1620,10796747.907532047,8,4.218477370417105,65.78150862958289,548.6177819707212,1,6.435023093445125e-05,0.7944783564786726,0.20552164352132746,2.7234494153739956e-37,200.0,92.08150862958288,-209.98152262958288,-1.4,-1.0,-11.2,0.0,0.0,-29.5,-9.0,-3.5,-6.1,-5.5,-14.9
1621,10796747.907532047,9,4.218477370417105,65.78150862958289,548.6177819707212,1,6.435023093445125e-05,0.7944723058886397,0.2055276941113603,2.587276944605296e-37,200.0,92.08150862958288,-209.98152262958288,-1.4,-1.0,-11.2,0.0,0.0,-29.5,-9.0,-3.5,-6.1,-5.5,-14.9
1622,10796747.907532047,10,4.218477370417105,65.78150862958289,548.6177819707212,1,6.435023093445125e-05,0.7944651672847814,0.2055348327152185,2.457913097375031e-37,200.0,92.08150862958288,-209.98152262958288,-1.4,-1.0,-11.2,0.0,0.0,-29.5,-9.0,-3.5,-6.1,-5.5,-14.9
1623,10796747.907532047,11,4.218477370417105,65.78150862958289,548.6177819707212,1,6.435023093445125e-05,0.7944588586588025,0.20554114134119747,2.3350174425062795e-37,200.0,92.08150862958288,-209.98152262958288,-1.4,-1.0,-11.2,0.0,0.0,-29.5,-9.0,-3.5,-6.1,-5.5,-14.9
1624,10796747.907532047,12,4.218477370417105,65.78150862958289,548.6177819707212,1,6.435023093445125e-05,0.794452717659898,0.20554728234010203,2.2182665703809656e-37,200.0,92.08150862958288,-209.98152262958288,-1.4,-1.0,-11.2,0.0,0.0,-29.5,-9.0,-3.5,-6.1,-5.5,-14.9
1625,10796747.907532047,13,4.218477370417105,65.78150862958289,548.6177819707212,1,6.435023093445125e-05,0.794446736086212,0.205553263913788,2.107353241861917e-37,200.0,92.08150862958288,-209.98152262958288,-1.4,-1.0,-11.2,0.0,0.0,-29.5,-9.0,-3.5,-6.1,-5.5,-14.9
1626,10796747.907532047,14,4.218477370417105,65.78150862958289,548.6177819707212,1,6.435023093445125e-05,0.7944446222860715,0.20555537771392846,2.001985579768821e-37,200.0,92.08150862958288,-209.98152262958288,-1.4,-1.0,-11.2,0.0,0.0,-29.5,-9.0,-3.5,-6.1,-5.5,-14.9
1627,10796747.907532047,15,4.218477370417105,65.78150862958289,548.6177819707212,1,6.435023093445125e-05,0.7944461766317428,0.20555382336825734,1.9018863007803803e-37,200.0,92.08150862958288,-209.98152262958288,-1.4,-1.0,-11.2,0.0,0.0,-29.5,-9.0,-3.5,-6.1,-5.5,-14.9
1628,10796747.907532047,16,4.218477370417105,65.78150862958289,548.6177819707212,1,6.435023093445125e-05,0.7944493558709529,0.2055506441290471,1.806791985741361e-37,200.0,92.08150862958288,-209.98152262958288,-1.4,-1.0,-11.2,0.0,0.0,-29.5,-9.0,-3.5,-6.1,-5.5,-14.9
1629,10796747.907532047,17,4.218477370417105,65.78150862958289,548.6177819707212,1,6.435023093445125e-05,0.7944534587905577,0.20554654120944224,1.716452386454293e-37,200.0,92.08150862958288,-209.98152262958288,-1.4,-1.0,-11.2,0.0,0.0,-29.5,-9.0,-3.5,-6.1,-5.5,-14.9
1630,10796747.907532047,18,4.218477370417105,65.78150862958289,548.6177819707212,1,6.435023093445125e-05,0.794458437703825,0.205541562296175,1.6306297671315782e-37,200.0,92.08150862958288,-209.98152262958288,-1.4,-1.0,-11.2,0.0,0.0,-29.5,-9.0,-3.5,-6.1,-5.5,-14.9
1631,10796747.907532047,19,4.218477370417105,65.78150862958289,548.6177819707212,1,6.435023093445125e-05,0.7944648638106936,0.2055351361893064,1.5490982787749995e-37,200.0,92.08150862958288,-209.98152262958288,-1.4,-1.0,-11.2,0.0,0.0,-29.5,-9.0,-3.5,-6.1,-5.5,-14.9
1632,10796747.907532047,20,4.218477370417105,65.78150862958289,548.6177819707212,1,6.435023093445125e-05,0.794470814177776,0.205529185822224,1.4716433648362494e-37,200.0,92.08150862958288,-209.98152262958288,-1.4,-1.0,-11.2,0.0,0.0,-29.5,-9.0,-3.5,-6.1,-5.5,-14.9
1633,10796747.907532047,21,4.218477370417105,65.78150862958289,548.6177819707212,1,6.435023093445125e-05,0.794473849375534,0.20552615062446594,1.3980611965944368e-37,200.0,92.08150862958288,-209.98152262958288,-1.4,-1.0,-11.2,0.0,0.0,-29.5,-9.0,-3.5,-6.1,-5.5,-14.9
1634,10796747.907532047,22,4.218477370417105,65.78150862958289,548.6177819707212,1,6.435023093445125e-05,0.7944771957787086,0.20552280422129146,1.3281581367647151e-37,200.0,92.08150862958288,-209.98152262958288,-1.4,-1.0,-11.2,0.0,0.0,-29.5,-9.0,-3.5,-6.1,-5.5,-14.9
1635,10796747.907532047,23,4.218477370417105,65.78150862958289,548.6177819707212,1,6.435023093445125e-05,0.7944808372275383,0.20551916277246174,1.2617502299264794e-37,200.0,92.08150862958288,-209.98152262958288,-1.4,-1.0,-11.2,0.0,0.0,-29.5,-9.0,-3.5,-6.1,-5.5,-14.9
1636,10796747.907532047,24,4.218477370417105,65.78150862958289,548.6177819707212,1,6.435023093445125e-05,0.7944853730472418,0.2055146269527583,1.1986627184301555e-37,200.0,92.08150862958288,-209.98152262958288,-1.4,-1.0,-11.2,0.0,0.0,-29.5,-9.0,-3.5,-6.1,-5.5,-14.9
1637,10796747.907532047,25,4.218477370417105,65.78150862958289,548.6177819707212,1,6.435023093445125e-05,0.7944882998910376,0.20551170010896233,1.1387295825086477e-37,200.0,92.08150862958288,-209.98152262958288,-1.4,-1.0,-11.2,0.0,0.0,-29.5,-9.0,-3.5,-6.1,-5.5,-14.9
1638,10796747.907532047,26,4.218477370417105,65.78150862958289,548.6177819707212,1,6.435023093445125e-05,0.7944884712373371,0.2055115287626629,1.0817931033832155e-37,200.0,92.08150862958288,-209.98152262958288,-1.4,-1.0,-11.2,0.0,0.0,-29.5,-9.0,-3.5,-6.1,-5.5,-14.9
1639,10796747.907532047,27,4.218477370417105,65.78150862958289,548.6177819707212,1,6.435023093445125e-05,0.7944866411525056,0.20551335884749442,1.0277034482140546e-37,200.0,92.08150862958288,-209.98152262958288,-1.4,-1.0,-11.2,0.0,0.0,-29.5,-9.0,-3.5,-6.1,-5.5,-14.9
1640,10796747.907532047,28,4.218477370417105,65.78150862958289,548.6177819707212,1,6.435023093445125e-05,0.7944847528809635,0.20551524711903643,9.763182758033519e-38,200.0,92.08150862958288,-209.98152262958288,-1.4,-1.0,-11.2,0.0,0.0,-29.5,-9.0,-3.5,-6.1,-5.5,-14.9
1641,10796747.907532047,29,4.218477370417105,65.78150862958289,548.6177819707212,1,6.435023093445125e-05,0.7944871014542803,0.20551289854571972,9.275023620131842e-38,200.0,92.08150862958288,-209.98152262958288,-1.4,-1.0,-11.2,0.0,0.0,-29.5,-9.0,-3.5,-6.1,-5.5,-14.9
1642,10796747.907532047,30,4.218477370417105,65.78150862958289,548.6177819707212,1,6.435023093445125e-05,0.7944891807365569,0.20551081926344317,8.811272439125251e-38,200.0,92.08150862958288,-209.98152262958288,-1.4,-1.0,-11.2,0.0,0.0,-29.5,-9.0,-3.5,-6.1,-5.5,-14.9
1643,10796747.907532047,31,4.218477370417105,65.78150862958289,548.6177819707212,1,6.435023093445125e-05,0.7944903921252005,0.20550960787479955,8.370708817168989e-38,200.0,92.08150862958288,-209.98152262958288,-1.4,-1.0,-11.2,0.0,0.0,-29.5,-9.0,-3.5,-6.1,-5.5,-14.9
1644,10796747.907532047,32,4.218477370417105,65.78150862958289,548.6177819707212,1,6.435023093445125e-05,0.7944920036956673,0.20550799630433275,7.95217337631054e-38,200.0,92.08150862958288,-209.98152262958288,-1.4,-1.0,-11.2,0.0,0.0,-29.5,-9.0,-3.5,-6.1,-5.5,-14.9
1645,10796747.907532047,33,4.218477370417105,65.78150862958289,548.6177819707212,1,6.435023093445125e-05,0.7944921602594547,0.20550783974054534,7.554564707495013e-38,200.0,92.08150862958288,-209.98152262958288,-1.4,-1.0,-11.2,0.0,0.0,-29.5,-9.0,-3.5,-6.1,-5.5,-14.9
1646,10796747.907532047,34,4.218477370417105,65.78150862958289,548.6177819707212,1,6.435023093445125e-05,0.794493380971409,0.20550661902859105,7.176836472120261e-38,200.0,92.08150862958288,-209.98152262958288,-1.4,-1.0,-11.2,0.0,0.0,-29.5,-9.0,-3.5,-6.1,-5.5,-14.9
1647,10796747.907532047,35,4.218477370417105,65.78150862958289,548.6177819707212,1,6.435023093445125e-05,0.7944943896934741,0.20550561030652587,6.817994648514248e-38,200.0,92.08150862958288,-209.98152262958288,-1.4,-1.0,-11.2,0.0,0.0,-29.5,-9.0,-3.5,-6.1,-5.5,-14.9
1648,10796747.907532047,36,4.218477370417105,65.78150862958289,548.6177819707212,1,6.435023093445125e-05,0.7944958076029963,0.2055041923970037,6.477094916088536e-38,200.0,92.08150862958288,-209.98152262958288,-1.4,-1.0,-11.2,0.0,0.0,-29.5,-9.0,-3.5,-6.1,-5.5,-14.9
1649,10796747.907532047,37,4.218477370417105,65.78150862958289,548.6177819707212,1,6.435023093445125e-05,0.7944994432833724,0.20550055671662754,6.153240170284109e-38,200.0,92.08150862958288,-209.98152262958288,-1.4,-1.0,-11.2,0.0,0.0,-29.5,-9.0,-3.5,-6.1,-5.5,-14.9
1650,10796747.907532047,38,4.218477370417105,65.78150862958289,548.6177819707212,1,6.435023093445125e-05,0.7945015259912697,0.20549847400873036,5.845578161769904e-38,200.0,92.08150862958288,-209.98152262958288,-1.4,-1.0,-11.2,0.0,0.0,-29.5,-9.0,-3.5,-6.1,-5.5,-14.9
1651,10796747.907532047,39,4.218477370417105,65.78150862958289,548.6177819707212,1,6.435023093445125e-05,0.7945039624203503,0.20549603757964968,5.553299253681409e-38,200.0,92.08150862958288,-209.98152262958288,-1.4,-1.0,-11.2,0.0,0.0,-29.5,-9.0,-3.5,-6.1,-5.5,-14.9
1652,10796747.907532047,40,4.218477370417105,65.78150862958289,548.6177819707212,1,6.435023093445125e-05,0.7945109940642803,0.20548900593571975,5.275634290997339e-38,200.0,92.08150862958288,-209.98152262958288,-1.4,-1.0,-11.2,0.0,0.0,-29.5,-9.0,-3.5,-6.1,-5.5,-14.9
1653,10796747.907532047,41,4.218477370417105,65.78150862958289,548.6177819707212,1,6.435023093445125e-05,0.794519951527051,0.20548004847294896,5.011852576447471e-38,200.0,92.08150862958288,-209.98152262958288,-1.4,-1.0,-11.2,0.0,0.0,-29.5,-9.0,-3.5,-6.1,-5.5,-14.9
1654,10796747.907532047,42,4.218477370417105,65.78150862958289,548.6177819707212,1,6.435023093445125e-05,0.7945258755970533,0.20547412440294666,4.761259947625098e-38,200.0,92.08150862958288,-209.98152262958288,-1.4,-1.0,-11.2,0.0,0.0,-29.5,-9.0,-3.5,-6.1,-5.5,-14.9
1655,10796747.907532047,43,4.218477370417105,65.78150862958289,548.6177819707212,1,6.435023093445125e-05,0.7945295275869257,0.20547047241307423,4.523196950243842e-38,200.0,92.08150862958288,-209.98152262958288,-1.4,-1.0,-11.2,0.0,0.0,-29.5,-9.0,-3.5,-6.1,-5.5,-14.9
1656,10796747.907532047,44,4.218477370417105,65.78150862958289,548.6177819707212,1,6.435023093445125e-05,0.7945340585127031,0.2054659414872969,4.2970371027316505e-38,200.0,92.08150862958288,-209.98152262958288,-1.4,-1.0,-11.2,0.0,0.0,-29.5,-9.0,-3.5,-6.1,-5.5,-14.9
1657,10796747.907532047,45,4.218477370417105,65.78150862958289,548.6177819707212,1,6.435023093445125e-05,0.7945357828890012,0.20546421711099883,4.082185247595068e-38,200.0,92.08150862958288,-209.98152262958288,-1.4,-1.0,-11.2,0.0,0.0,-29.5,-9.0,-3.5,-6.1,-5.5,-14.9
1658,10796747.907532047,46,4.218477370417105,65.78150862958289,548.6177819707212,1,6.435023093445125e-05,0.7945378760411659,0.2054621239588341,3.878075985215314e-38,200.0,92.08150862958288,-209.98152262958288,-1.4,-1.0,-11.2,0.0,0.0,-29.5,-9.0,-3.5,-6.1,-5.5,-14.9
1659,10796747.907532047,47,4.218477370417105,65.78150862958289,548.6177819707212,1,6.435023093445125e-05,0.7945378944168665,0.2054621055831335,3.684172185954548e-38,200.0,92.08150862958288,-209.98152262958288,-1.4,-1.0,-11.2,0.0,0.0,-29.5,-9.0,-3.5,-6.1,-5.5,-14.9
1660,10796747.907532047,48,4.218477370417105,65.78150862958289,548.6177819707212,1,6.435023093445125e-05,0.7945371555621021,0.20546284443789786,3.4999635766568204e-38,200.0,92.08150862958288,-209.98152262958288,-1.4,-1.0,-11.2,0.0,0.0,-29.5,-9.0,-3.5,-6.1,-5.5,-14.9
1661,10796747.907532047,49,4.218477370417105,65.78150862958289,548.6177819707212,1,6.435023093445125e-05,0.7945375148482379,0.20546248515176213,3.324965397823979e-38,200.0,92.08150862958288,-209.98152262958288,-1.4,-1.0,-11.2,0.0,0.0,-29.5,-9.0,-3.5,-6.1,-5.5,-14.9
1662,10796747.907532047,0,4.218477370417105,65.78150862958289,548.6177819707212,1,6.435023093445125e-05,0.7945377057749903,0.20546229422500967,3.15871712793278e-38,200.0,92.08150862958288,-209.98152262958288,-1.4,-1.0,-11.2,0.0,0.0,-29.5,-9.0,-3.5,-6.1,-5.5,-14.9
1663,10796747.907532047,1,4.218477370417105,65.78150862958289,548.6177819707212,1,6.435023093445125e-05,0.7945377369386509,0.20546226306134913,3.0007812715361415e-38,200.0,92.08150862958288,-209.98152262958288,-1.4,-1.0,-11.2,0.0,0.0,-29.5,-9.0,-3.5,-6.1,-5.5,-14.9
1664,10796747.907532047,2,4.218477370417105,65.78150862958289,548.6177819707212,1,6.435023093445125e-05,0.7945370120556432,0.2054629879443568,2.8507422079593344e-38,200.0,92.08150862958288,-209.98152262958288,-1.4,-1.0,-11.2,0.0,0.0,-29.5,-9.0,-3.5,-6.1,-5.5,-14.9
1665,10796747.907532047,3,4.218477370417105,65.78150862958289,548.6177819707212,1,6.435023093445125e-05,0.7945397977065923,0.20546020229340772,2.7082050975613683e-38,200.0,92.08150862958288,-209.98152262958288,-1.4,-1.0,-11.2,0.0,0.0,-29.5,-9.0,-3.5,-6.1,-5.5,-14.9
1666,10796747.907532047,4,4.218477370417105,65.78150862958289,548.6177819707212,1,6.435023093445125e-05,0.7945453092689678,0.20545469073103217,2.5727948426832997e-38,200.0,92.08150862958288,-209.98152262958288,-1.4,-1.0,-11.2,0.0,0.0,-29.5,-9.0,-3.5,-6.1,-5.5,-14.9
1667,10796747.907532047,5,4.218477370417105,65.78150862958289,548.6177819707212,1,6.435023093445125e-05,0.7945534058123757,0.2054465941876243,2.4441551005491347e-38,200.0,92.08150862958288,-209.98152262958288,-1.4,-1.0,-11.2,0.0,0.0,-29.5,-9.0,-3.5,-6.1,-5.5,-14.9
1668,10796747.907532047,6,4.218477370417105,65.78150862958289,548.6177819707212,1,6.435023093445125e-05,0.7945585336013111,0.20544146639868888,2.3219473455216782e-38,200.0,92.08150862958288,-209.98152262958288,-1.4,-1.0,-11.2,0.0,0.0,-29.5,-9.0,-3.5,-6.1,-5.5,-14.9
1669,10796747.907532047,7,4.218477370417105,65.78150862958289,548.6177819707212,1,6.435023093445125e-05,0.794562649883877,0.205437350116123,2.2058499782455946e-38,200.0,92.08150862958288,-209.98152262958288,-1.4,-1.0,-11.2,0.0,0.0,-29.5,-9.0,-3.5,-6.1,-5.5,-14.9
1670,10796747.907532047,8,4.218477370417105,65.78150862958289,548.6177819707212,1,6.435023093445125e-05,0.7945627961571512,0.20543720384284883,2.095557479333315e-38,200.0,92.08150862958288,-209.98152262958288,-1.4,-1.0,-11.2,0.0,0.0,-29.5,-9.0,-3.5,-6.1,-5.5,-14.9
1671,10796747.907532047,9,4.218477370417105,65.78150862958289,548.6177819707212,1,6.435023093445125e-05,0.7945675973504855,0.20543240264951448,1.990779605366649e-38,200.0,92.08150862958288,-209.98152262958288,-1.4,-1.0,-11.2,0.0,0.0,-29.5,-9.0,-3.5,-6.1,-5.5,-14.9
1672,10796747.907532047,10,4.218477370417105,65.78150862958289,548.6177819707212,1,6.435023093445125e-05,0.7945726066510238,0.20542739334897622,1.8912406250983166e-38,200.0,92.08150862958288,-209.98152262958288,-1.4,-1.0,-11.2,0.0,0.0,-29.5,-9.0,-3.5,-6.1,-5.5,-14.9
1673,10796747.907532047,11,4.218477370417105,65.78150862958289,548.6177819707212,1,6.435023093445125e-05,0.7945754104885291,0.20542458951147086,1.7966785938434006e-38,200.0,92.08150862958288,-209.98152262958288,-1.4,-1.0,-11.2,0.0,0.0,-29.5,-9.0,-3.5,-6.1,-5.5,-14.9
1674,10796747.907532047,12,4.218477370417105,65.78150862958289,548.6177819707212,1,6.435023093445125e-05,0.7945791230932506,0.20542087690674932,1.7068446641512305e-38,200.0,92.08150862958288,-209.98152262958288,-1.4,-1.0,-11.2,0.0,0.0,-29.5,-9.0,-3.5,-6.1,-5.5,-14.9
1675,10796747.907532047,13,4.218477370417105,65.78150862958289,548.6177819707212,1,6.435023093445125e-05,0.7945788971307505,0.2054211028692495,1.621502430943669e-38,200.0,92.08150862958288,-209.98152262958288,-1.4,-1.0,-11.2,0.0,0.0,-29.5,-9.0,-3.5,-6.1,-5.5,-14.9
1676,10796747.907532047,14,4.218477370417105,65.78150862958289,548.6177819707212,1,6.435023093445125e-05,0.7945791323544468,0.20542086764555326,1.5404273093964857e-38,200.0,92.08150862958288,-209.98152262958288,-1.4,-1.0,-11.2,0.0,0.0,-29.5,-9.0,-3.5,-6.1,-5.5,-14.9
1677,10796747.907532047,15,4.218477370417105,65.78150862958289,548.6177819707212,1,6.435023093445125e-05,0.7945792056396467,0.20542079436035338,1.4634059439266614e-38,200.0,92.08150862958288,-209.98152262958288,-1.4,-1.0,-11.2,0.0,0.0,-29.5,-9.0,-3.5,-6.1,-5.5,-14.9
1678,10796747.907532047,16,4.218477370417105,65.78150862958289,548.6177819707212,1,6.435023093445125e-05,0.7945791252597161,0.20542087474028398,1.3902356467303283e-38,200.0,92.08150862958288,-209.98152262958288,-1.4,-1.0,-11.2,0.0,0.0,-29.5,-9.0,-3.5,-6.1,-5.5,-14.9
1679,10796747.907532047,17,4.218477370417105,65.78150862958289,548.6177819707212,1,6.435023093445125e-05,0.7945783002155973,0.20542169978440272,1.320723864393812e-38,200.0,92.08150862958288,-209.98152262958288,-1.4,-1.0,-11.2,0.0,0.0,-29.5,-9.0,-3.5,-6.1,-5.5,-14.9
1680,10796747.907532047,18,4.218477370417105,65.78150862958289,548.6177819707212,1,6.435023093445125e-05,0.7945767685544165,0.20542323144558347,1.2546876711741213e-38,200.0,92.08150862958288,-209.98152262958288,-1.4,-1.0,-11.2,0.0,0.0,-29.5,-9.0,-3.5,-6.1,-5.5,-14.9
1681,10796747.907532047,19,4.218477370417105,65.78150862958289,548.6177819707212,1,6.435023093445125e-05,0.7945739680955181,0.20542603190448197,1.1919532876154154e-38,200.0,92.08150862958288,-209.98152262958288,-1.4,-1.0,-11.2,0.0,0.0,-29.5,-9.0,-3.5,-6.1,-5.5,-14.9
1682,10796747.907532047,20,4.218477370417105,65.78150862958289,548.6177819707212,1,6.435023093445125e-05,0.7945723556461727,0.20542764435382735,1.1323556232346445e-38,200.0,92.08150862958288,-209.98152262958288,-1.4,-1.0,-11.2,0.0,0.0,-29.5,-9.0,-3.5,-6.1,-5.5,-14.9
1683,10796747.907532047,21,4.218477370417105,65.78150862958289,548.6177819707212,1,6.435023093445125e-05,0.7945694801633738,0.2054305198366262,1.0757378420729123e-38,200.0,92.08150862958288,-209.98152262958288,-1.4,-1.0,-11.2,0.0,0.0,-29.5,-9.0,-3.5,-6.1,-5.5,-14.9
1684,10796747.907532047,22,4.218477370417105,65.78150862958289,548.6177819707212,1,6.435023093445125e-05,0.7945671981720662,0.20543280182793378,1.0219509499692666e-38,200.0,92.08150862958288,-209.98152262958288,-1.4,-1.0,-11.2,0.0,0.0,-29.5,-9.0,-3.5,-6.1,-5.5,-14.9
1685,10796747.907532047,23,4.218477370417105,65.78150862958289,548.6177819707212,1,6.435023093445125e-05,0.7945642855856889,0.2054357144143111,9.708534024708033e-39,200.0,92.08150862958288,-209.98152262958288,-1.4,-1.0,-11.2,0.0,0.0,-29.5,-9.0,-3.5,-6.1,-5.5,-14.9
1686,10796747.907532047,24,4.218477370417105,65.78150862958289,548.6177819707212,1,6.435023093445125e-05,0.79456077474084,0.20543922525916009,9.223107323472632e-39,200.0,92.08150862958288,-209.98152262958288,-1.4,-1.0,-11.2,0.0,0.0,-29.5,-9.0,-3.5,-6.1,-5.5,-14.9
1687,10796747.907532047,25,4.218477370417105,65.78150862958289,548.6177819707212,1,6.435023093445125e-05,0.7945590815152738,0.20544091848472623,8.761951957299e-39,200.0,92.08150862958288,-209.98152262958288,-1.4,-1.0,-11.2,0.0,0.0,-29.5,-9.0,-3.5,-6.1,-5.5,-14.9
1688,10796747.907532047,26,4.218477370417105,65.78150862958289,548.6177819707212,1,6.435023093445125e-05,0.7945549415897689,0.20544505841023103,8.323854359434049e-39,200.0,92.08150862958288,-209.98152262958288,-1.4,-1.0,-11.2,0.0,0.0,-29.5,-9.0,-3.5,-6.1,-5.5,-14.9
1689,10796747.907532047,27,4.218477370417105,65.78150862958289,548.6177819707212,1,6.435023093445125e-05,0.7945496711093205,0.20545032889067946,7.907661641462346e-39,200.0,92.08150862958288,-209.98152262958288,-1.4,-1.0,-11.2,0.0,0.0,-29.5,-9.0,-3.5,-6.1,-5.5,-14.9
1690,10796747.907532047,28,4.218477370417105,65.78150862958289,548.6177819707212,1,6.435023093445125e-05,0.7945474956840706,0.20545250431592937,7.512278559389228e-39,200.0,92.08150862958288,-209.98152262958288,-1.4,-1.0,-11.2,0.0,0.0,-29.5,-9.0,-3.5,-6.1,-5.5,-14.9
1691,10796747.907532047,29,4.218477370417105,65.78150862958289,548.6177819707212,1,6.435023093445125e-05,0.7945464719609548,0.2054535280390452,7.136664631419768e-39,200.0,92.08150862958288,-209.98152262958288,-1.4,-1.0,-11.2,0.0,0.0,-29.5,-9.0,-3.5,-6.1,-5.5,-14.9
1692,10796747.907532047,30,4.218477370417105,65.78150862958289,548.6177819707212,1,6.435023093445125e-05,0.7945447577449992,0.20545524225500086,6.779831399848778e-39,200.0,92.08150862958288,-209.98152262958288,-1.4,-1.0,-11.2,0.0,0.0,-29.5,-9.0,-3.5,-6.1,-5.5,-14.9
1693,10796747.907532047,31,4.218477370417105,65.78150862958289,548.6177819707212,1,6.435023093445125e-05,0.7945417941427629,0.20545820585723717,6.440839829856339e-39,200.0,92.08150862958288,-209.98152262958288,-1.4,-1.0,-11.2,0.0,0.0,-29.5,-9.0,-3.5,-6.1,-5.5,-14.9
1694,10796747.907532047,32,4.218477370417105,65.78150862958289,548.6177819707212,1,6.435023093445125e-05,0.794538238929476,0.20546176107052408,6.118797838363522e-39,200.0,92.08150862958288,-209.98152262958288,-1.4,-1.0,-11.2,0.0,0.0,-29.5,-9.0,-3.5,-6.1,-5.5,-14.9
1695,10796747.907532047,33,4.218477370417105,65.78150862958289,548.6177819707212,1,6.435023093445125e-05,0.7945341224830603,0.20546587751693968,5.812857946445346e-39,200.0,92.08150862958288,-209.98152262958288,-1.4,-1.0,-11.2,0.0,0.0,-29.5,-9.0,-3.5,-6.1,-5.5,-14.9
1696,10796747.907532047,34,4.218477370417105,65.78150862958289,548.6177819707212,1,6.435023093445125e-05,0.7945324399187003,0.2054675600812998,5.52221504912308e-39,200.0,92.08150862958288,-209.98152262958288,-1.4,-1.0,-11.2,0.0,0.0,-29.5,-9.0,-3.5,-6.1,-5.5,-14.9
1697,10796747.907532047,35,4.218477370417105,65.78150862958289,548.6177819707212,1,6.435023093445125e-05,0.7945295097787853,0.20547049022121475,5.246104296666925e-39,200.0,92.08150862958288,-209.98152262958288,-1.4,-1.0,-11.2,0.0,0.0,-29.5,-9.0,-3.5,-6.1,-5.5,-14.9
1698,10796747.907532047,36,4.218477370417105,65.78150862958289,548.6177819707212,1,6.435023093445125e-05,0.7945242103576369,0.20547578964236318,4.9837990818335784e-39,200.0,92.08150862958288,-209.98152262958288,-1.4,-1.0,-11.2,0.0,0.0,-29.5,-9.0,-3.5,-6.1,-5.5,-14.9
1699,10796747.907532047,37,4.218477370417105,65.78150862958289,548.6177819707212,1,6.435023093445125e-05,0.7945196246320123,0.20548037536798772,4.734609127741899e-39,200.0,92.08150862958288,-209.98152262958288,-1.4,-1.0,-11.2,0.0,0.0,-29.5,-9.0,-3.5,-6.1,-5.5,-14.9
1700,10796747.907532047,38,4.218477370417105,65.78150862958289,548.6177819707212,1,6.435023093445125e-05,0.7945109789327555,0.20548902106724454,4.497878671354804e-39,200.0,92.08150862958288,-209.98152262958288,-1.4,-1.0,-11.2,0.0,0.0,-29.5,-9.0,-3.5,-6.1,-5.5,-14.9
1701,10796747.907532047,39,4.218477370417105,65.78150862958289,548.6177819707212,1,6.435023093445125e-05,0.7945026242109582,0.2054973757890418,4.2729847377870634e-39,200.0,92.08150862958288,-209.98152262958288,-1.4,-1.0,-11.2,0.0,0.0,-29.5,-9.0,-3.5,-6.1,-5.5,-14.9
1702,10796747.907532047,40,4.218477370417105,65.78150862958289,548.6177819707212,1,6.435023093445125e-05,0.7944975039803719,0.20550249601962814,4.059335500897711e-39,200.0,92.08150862958288,-209.98152262958288,-1.4,-1.0,-11.2,0.0,0.0,-29.5,-9.0,-3.5,-6.1,-5.5,-14.9
1703,10796747.907532047,41,4.218477370417105,65.78150862958289,548.6177819707212,1,6.435023093445125e-05,0.7944919059558958,0.20550809404410414,3.856368725852825e-39,200.0,92.08150862958288,-209.98152262958288,-1.4,-1.0,-11.2,0.0,0.0,-29.5,-9.0,-3.5,-6.1,-5.5,-14.9
1704,10796747.907532047,42,4.218477370417105,65.78150862958289,548.6177819707212,1,6.435023093445125e-05,0.7944858548141905,0.20551414518580946,3.663550289560185e-39,200.0,92.08150862958288,-209.98152262958288,-1.4,-1.0,-11.2,0.0,0.0,-29.5,-9.0,-3.5,-6.1,-5.5,-14.9
1705,10796747.907532047,43,4.218477370417105,65.78150862958289,548.6177819707212,1,6.435023093445125e-05,0.7944799645679087,0.20552003543209124,3.4803727750821754e-39,200.0,92.08150862958288,-209.98152262958288,-1.4,-1.0,-11.2,0.0,0.0,-29.5,-9.0,-3.5,-6.1,-5.5,-14.9
1706,10796747.907532047,44,4.218477370417105,65.78150862958289,548.6177819707212,1,6.435023093445125e-05,0.7944765877757783,0.20552341222422163,3.3063541363280664e-39,200.0,92.08150862958288,-209.98152262958288,-1.4,-1.0,-11.2,0.0,0.0,-29.5,-9.0,-3.5,-6.1,-5.5,-14.9
1707,10796747.907532047,45,4.218477370417105,65.78150862958289,548.6177819707212,1,6.435023093445125e-05,0.7944732371492139,0.20552676285078605,3.141036429511663e-39,200.0,92.08150862958288,-209.98152262958288,-1.4,-1.0,-11.2,0.0,0.0,-29.5,-9.0,-3.5,-6.1,-5.5,-14.9
1708,10796747.907532047,46,4.218477370417105,65.78150862958289,548.6177819707212,1,6.435023093445125e-05,0.7944710901246439,0.20552890987535608,2.9839846080360795e-39,200.0,92.08150862958288,-209.98152262958288,-1.4,-1.0,-11.2,0.0,0.0,-29.5,-9.0,-3.5,-6.1,-5.5,-14.9
1709,10796747.907532047,47,4.218477370417105,65.78150862958289,548.6177819707212,1,6.435023093445125e-05,0.7944677295265847,0.2055322704734152,2.8347853776342755e-39,200.0,92.08150862958288,-209.98152262958288,-1.4,-1.0,-11.2,0.0,0.0,-29.5,-9.0,-3.5,-6.1,-5.5,-14.9
1710,10796747.907532047,48,4.218477370417105,65.78150862958289,548.6177819707212,1,6.435023093445125e-05,0.7944655720225302,0.2055344279774698,2.6930461087525614e-39,200.0,92.08150862958288,-209.98152262958288,-1.4,-1.0,-11.2,0.0,0.0,-29.5,-9.0,-3.5,-6.1,-5.5,-14.9
1711,10796747.907532047,49,4.218477370417105,65.78150862958289,548.6177819707212,1,6.435023093445125e-05,0.7944645560888469,0.2055354439111531,2.5583938033149335e-39,200.0,92.08150862958288,-209.98152262958288,-1.4,-1.0,-11.2,0.0,0.0,-29.5,-9.0,-3.5,-6.1,-5.5,-14.9
1712,10796747.907532047,0,4.218477370417105,65.78150862958289,548.6177819707212,1,6.435023093445125e-05,0.7944652109625819,0.20553478903741806,2.4304741131491867e-39,200.0,92.08150862958288,-209.98152262958288,-1.4,-1.0,-11.2,0.0,0.0,-29.5,-9.0,-3.5,-6.1,-5.5,-14.9
1713,10796747.907532047,1,4.218477370417105,65.78150862958289,548.6177819707212,1,6.435023093445125e-05,0.7944668636262524,0.2055331363737476,2.3089504074917272e-39,200.0,92.08150862958288,-209.98152262958288,-1.4,-1.0,-11.2,0.0,0.0,-29.5,-9.0,-3.5,-6.1,-5.5,-14.9
1714,10796747.907532047,2,4.218477370417105,65.78150862958289,548.6177819707212,1,6.435023093445125e-05,0.794467702224588,0.20553229777541202,2.1935028871171408e-39,200.0,92.08150862958288,-209.98152262958288,-1.4,-1.0,-11.2,0.0,0.0,-29.5,-9.0,-3.5,-6.1,-5.5,-14.9
1715,10796747.907532047,3,4.218477370417105,65.78150862958289,548.6177819707212,1,6.435023093445125e-05,0.7944660080316938,0.20553399196830618,2.083827742761284e-39,200.0,92.08150862958288,-209.98152262958288,-1.4,-1.0,-11.2,0.0,0.0,-29.5,-9.0,-3.5,-6.1,-5.5,-14.9
1716,10796747.907532047,4,4.218477370417105,65.78150862958289,548.6177819707212,1,6.435023093445125e-05,0.7944648424765226,0.20553515752347737,1.9796363556232196e-39,200.0,92.08150862958288,-209.98152262958288,-1.4,-1.0,-11.2,0.0,0.0,-29.5,-9.0,-3.5,-6.1,-5.5,-14.9
1717,10796747.907532047,5,4.218477370417105,65.78150862958289,548.6177819707212,1,6.435023093445125e-05,0.7944647646043422,0.2055352353956577,1.8806545378420584e-39,200.0,92.08150862958288,-209.98152262958288,-1.4,-1.0,-11.2,0.0,0.0,-29.5,-9.0,-3.5,-6.1,-5.5,-14.9
1718,10796747.907532047,6,4.218477370417105,65.78150862958289,548.6177819707212,1,6.435023093445125e-05,0.7944651330800608,0.2055348669199392,1.7866218109499556e-39,200.0,92.08150862958288,-209.98152262958288,-1.4,-1.0,-11.2,0.0,0.0,-29.5,-9.0,-3.5,-6.1,-5.5,-14.9
1719,10796747.907532047,7,4.218477370417105,65.78150862958289,548.6177819707212,1,6.435023093445125e-05,0.794466510257276,0.205533489742724,1.6972907204024577e-39,200.0,92.08150862958288,-209.98152262958288,-1.4,-1.0,-11.2,0.0,0.0,-29.5,-9.0,-3.5,-6.1,-5.5,-14.9
1720,10796747.907532047,8,4.218477370417105,65.78150862958289,548.6177819707212,1,6.435023093445125e-05,0.7944665049025149,0.20553349509748503,1.6124261843823347e-39,200.0,92.08150862958288,-209.98152262958288,-1.4,-1.0,-11.2,0.0,0.0,-29.5,-9.0,-3.5,-6.1,-5.5,-14.9
1721,10796747.907532047,9,4.218477370417105,65.78150862958289,548.6177819707212,1,6.435023093445125e-05,0.7944669413947262,0.20553305860527385,1.5318048751632182e-39,200.0,92.08150862958288,-209.98152262958288,-1.4,-1.0,-11.2,0.0,0.0,-29.5,-9.0,-3.5,-6.1,-5.5,-14.9
1722,10796747.907532047,10,4.218477370417105,65.78150862958289,548.6177819707212,1,6.435023093445125e-05,0.794466044264109,0.20553395573589095,1.4552146314050572e-39,200.0,92.08150862958288,-209.98152262958288,-1.4,-1.0,-11.2,0.0,0.0,-29.5,-9.0,-3.5,-6.1,-5.5,-14.9
1723,10796747.907532047,11,4.218477370417105,65.78150862958289,548.6177819707212,1,6.435023093445125e-05,0.7944644655697546,0.20553553443024544,1.3824538998348045e-39,200.0,92.08150862958288,-209.98152262958288,-1.4,-1.0,-11.2,0.0,0.0,-29.5,-9.0,-3.5,-6.1,-5.5,-14.9
1724,10796747.907532047,12,4.218477370417105,65.78150862958289,548.6177819707212,1,6.435023093445125e-05,0.7944616563410178,0.20553834365898216,1.3133312048430641e-39,200.0,92.08150862958288,-209.98152262958288,-1.4,-1.0,-11.2,0.0,0.0,-29.5,-9.0,-3.5,-6.1,-5.5,-14.9
1725,10796747.907532047,13,4.218477370417105,65.78150862958289,548.6177819707212,1,6.435023093445125e-05,0.7944605968356173,0.20553940316438263,1.2476646446009108e-39,200.0,92.08150862958288,-209.98152262958288,-1.4,-1.0,-11.2,0.0,0.0,-29.5,-9.0,-3.5,-6.1,-5.5,-14.9
1726,10796747.907532047,14,4.218477370417105,65.78150862958289,548.6177819707212,1,6.435023093445125e-05,0.7944576990785006,0.20554230092149942,1.1852814123708654e-39,200.0,92.08150862958288,-209.98152262958288,-1.4,-1.0,-11.2,0.0,0.0,-29.5,-9.0,-3.5,-6.1,-5.5,-14.9
1727,10796747.907532047,15,4.218477370417105,65.78150862958289,548.6177819707212,1,6.435023093445125e-05,0.7944553883045117,0.20554461169548827,1.1260173417523221e-39,200.0,92.08150862958288,-209.98152262958288,-1.4,-1.0,-11.2,0.0,0.0,-29.5,-9.0,-3.5,-6.1,-5.5,-14.9
1728,10796747.907532047,16,4.218477370417105,65.78150862958289,548.6177819707212,1,6.435023093445125e-05,0.7944547993968699,0.20554520060313014,1.0697164746647062e-39,200.0,92.08150862958288,-209.98152262958288,-1.4,-1.0,-11.2,0.0,0.0,-29.5,-9.0,-3.5,-6.1,-5.5,-14.9
1729,10796747.907532047,17,4.218477370417105,65.78150862958289,548.6177819707212,1,6.435023093445125e-05,0.7944540982095202,0.20554590179047977,1.0162306509314709e-39,200.0,92.08150862958288,-209.98152262958288,-1.4,-1.0,-11.2,0.0,0.0,-29.5,-9.0,-3.5,-6.1,-5.5,-14.9
1730,10796747.907532047,18,4.218477370417105,65.78150862958289,548.6177819707212,1,6.435023093445125e-05,0.7944515452397082,0.20554845476029188,9.654191183848974e-40,200.0,92.08150862958288,-209.98152262958288,-1.4,-1.0,-11.2,0.0,0.0,-29.5,-9.0,-3.5,-6.1,-5.5,-14.9
1731,10796747.907532047,19,4.218477370417105,65.78150862958289,548.6177819707212,1,6.435023093445125e-05,0.794451886418247,0.20554811358175298,9.171481624656525e-40,200.0,92.08150862958288,-209.98152262958288,-1.4,-1.0,-11.2,0.0,0.0,-29.5,-9.0,-3.5,-6.1,-5.5,-14.9
1732,10796747.907532047,20,4.218477370417105,65.78150862958289,548.6177819707212,1,6.435023093445125e-05,0.7944520686466039,0.20554793135339616,8.712907543423701e-40,200.0,92.08150862958288,-209.98152262958288,-1.4,-1.0,-11.2,0.0,0.0,-29.5,-9.0,-3.5,-6.1,-5.5,-14.9
1733,10796747.907532047,21,4.218477370417105,65.78150862958289,548.6177819707212,1,6.435023093445125e-05,0.7944526806229374,0.20554731937706255,8.277262166252515e-40,200.0,92.08150862958288,-209.98152262958288,-1.4,-1.0,-11.2,0.0,0.0,-29.5,-9.0,-3.5,-6.1,-5.5,-14.9
1734,10796747.907532047,22,4.218477370417105,65.78150862958289,548.6177819707212,1,6.435023093445125e-05,0.7944531201076466,0.20554687989235343,7.863399057939892e-40,200.0,92.08150862958288,-209.98152262958288,-1.4,-1.0,-11.2,0.0,0.0,-29.5,-9.0,-3.5,-6.1,-5.5,-14.9
1735,10796747.907532047,23,4.218477370417105,65.78150862958289,548.6177819707212,1,6.435023093445125e-05,0.7944539757791402,0.2055460242208598,7.470229105042897e-40,200.0,92.08150862958288,-209.98152262958288,-1.4,-1.0,-11.2,0.0,0.0,-29.5,-9.0,-3.5,-6.1,-5.5,-14.9
1736,10796747.907532047,24,4.218477370417105,65.78150862958289,548.6177819707212,1,6.435023093445125e-05,0.7944546467731,0.2055453532269001,7.096717649790753e-40,200.0,92.08150862958288,-209.98152262958288,-1.4,-1.0,-11.2,0.0,0.0,-29.5,-9.0,-3.5,-6.1,-5.5,-14.9
1737,10796747.907532047,25,4.218477370417105,65.78150862958289,548.6177819707212,1,6.435023093445125e-05,0.794453404600995,0.20554659539900494,6.741881767301215e-40,200.0,92.08150862958288,-209.98152262958288,-1.4,-1.0,-11.2,0.0,0.0,-29.5,-9.0,-3.5,-6.1,-5.5,-14.9
1738,10796747.907532047,26,4.218477370417105,65.78150862958289,548.6177819707212,1,6.435023093445125e-05,0.7944503465828071,0.2055496534171929,6.404787678936155e-40,200.0,92.08150862958288,-209.98152262958288,-1.4,-1.0,-11.2,0.0,0.0,-29.5,-9.0,-3.5,-6.1,-5.5,-14.9
1739,10796747.907532047,27,4.218477370417105,65.78150862958289,548.6177819707212,1,6.435023093445125e-05,0.7944473019889717,0.20555269801102824,6.084548294989347e-40,200.0,92.08150862958288,-209.98152262958288,-1.4,-1.0,-11.2,0.0,0.0,-29.5,-9.0,-3.5,-6.1,-5.5,-14.9
1740,10796747.907532047,28,4.218477370417105,65.78150862958289,548.6177819707212,1,6.435023093445125e-05,0.7944419557410087,0.2055580442589912,5.7803208802398796e-40,200.0,92.08150862958288,-209.98152262958288,-1.4,-1.0,-11.2,0.0,0.0,-29.5,-9.0,-3.5,-6.1,-5.5,-14.9
1741,10796747.907532047,29,4.218477370417105,65.78150862958289,548.6177819707212,1,6.435023093445125e-05,0.7944367389330361,0.205563261066964,5.491304836227886e-40,200.0,92.08150862958288,-209.98152262958288,-1.4,-1.0,-11.2,0.0,0.0,-29.5,-9.0,-3.5,-6.1,-5.5,-14.9
1742,10796747.907532047,30,4.218477370417105,65.78150862958289,548.6177819707212,1,6.435023093445125e-05,0.7944351129455333,0.20556488705446674,5.2167395944164915e-40,200.0,92.08150862958288,-209.98152262958288,-1.4,-1.0,-11.2,0.0,0.0,-29.5,-9.0,-3.5,-6.1,-5.5,-14.9
1743,10796747.907532047,31,4.218477370417105,65.78150862958289,548.6177819707212,1,6.435023093445125e-05,0.7944345836403127,0.20556541635968734,4.955902614695667e-40,200.0,92.08150862958288,-209.98152262958288,-1.4,-1.0,-11.2,0.0,0.0,-29.5,-9.0,-3.5,-6.1,-5.5,-14.9
1744,10796747.907532047,32,4.218477370417105,65.78150862958289,548.6177819707212,1,6.435023093445125e-05,0.7944345178713054,0.2055654821286947,4.708107483960883e-40,200.0,92.08150862958288,-209.98152262958288,-1.4,-1.0,-11.2,0.0,0.0,-29.5,-9.0,-3.5,-6.1,-5.5,-14.9
1745,10796747.907532047,33,4.218477370417105,65.78150862958289,548.6177819707212,1,6.435023093445125e-05,0.794434315257002,0.20556568474299802,4.472702109762839e-40,200.0,92.08150862958288,-209.98152262958288,-1.4,-1.0,-11.2,0.0,0.0,-29.5,-9.0,-3.5,-6.1,-5.5,-14.9
1746,10796747.907532047,34,4.218477370417105,65.78150862958289,548.6177819707212,1,6.435023093445125e-05,0.7944345591524423,0.20556544084755773,4.249067004274697e-40,200.0,92.08150862958288,-209.98152262958288,-1.4,-1.0,-11.2,0.0,0.0,-29.5,-9.0,-3.5,-6.1,-5.5,-14.9
1747,10796747.907532047,35,4.218477370417105,65.78150862958289,548.6177819707212,1,6.435023093445125e-05,0.7944346507161738,0.20556534928382614,4.036613654060962e-40,200.0,92.08150862958288,-209.98152262958288,-1.4,-1.0,-11.2,0.0,0.0,-29.5,-9.0,-3.5,-6.1,-5.5,-14.9
1748,10796747.907532047,36,4.218477370417105,65.78150862958289,548.6177819707212,1,6.435023093445125e-05,0.7944340220070594,0.2055659779929406,3.834782971357914e-40,200.0,92.08150862958288,-209.98152262958288,-1.4,-1.0,-11.2,0.0,0.0,-29.5,-9.0,-3.5,-6.1,-5.5,-14.9
1749,10796747.907532047,37,4.218477370417105,65.78150862958289,548.6177819707212,1,6.435023093445125e-05,0.7944309831648877,0.20556901683511225,3.643043822790018e-40,200.0,92.08150862958288,-209.98152262958288,-1.4,-1.0,-11.2,0.0,0.0,-29.5,-9.0,-3.5,-6.1,-5.5,-14.9
1750,10796747.907532047,38,4.218477370417105,65.78150862958289,548.6177819707212,1,6.435023093445125e-05,0.7944239299682835,0.20557607003171663,3.4608916316505177e-40,200.0,92.08150862958288,-209.98152262958288,-1.4,-1.0,-11.2,0.0,0.0,-29.5,-9.0,-3.5,-6.1,-5.5,-14.9
1751,10796747.907532047,39,4.218477370417105,65.78150862958289,548.6177819707212,1,6.435023093445125e-05,0.7944182442694281,0.20558175573057202,3.287847050067992e-40,200.0,92.08150862958288,-209.98152262958288,-1.4,-1.0,-11.2,0.0,0.0,-29.5,-9.0,-3.5,-6.1,-5.5,-14.9
1752,10796747.907532047,40,4.218477370417105,65.78150862958289,548.6177819707212,1,6.435023093445125e-05,0.794413856382235,0.2055861436177648,3.123454697564591e-40,200.0,92.08150862958288,-209.98152262958288,-1.4,-1.0,-11.2,0.0,0.0,-29.5,-9.0,-3.5,-6.1,-5.5,-14.9
1753,10796747.907532047,41,4.218477370417105,65.78150862958289,548.6177819707212,1,6.435023093445125e-05,0.7944118487866947,0.20558815121330543,2.9672819626863624e-40,200.0,92.08150862958288,-209.98152262958288,-1.4,-1.0,-11.2,0.0,0.0,-29.5,-9.0,-3.5,-6.1,-5.5,-14.9
1754,10796747.907532047,42,4.218477370417105,65.78150862958289,548.6177819707212,1,6.435023093445125e-05,0.7944092298050781,0.20559077019492192,2.818917864552044e-40,200.0,92.08150862958288,-209.98152262958288,-1.4,-1.0,-11.2,0.0,0.0,-29.5,-9.0,-3.5,-6.1,-5.5,-14.9
1755,10796747.907532047,43,4.218477370417105,65.78150862958289,548.6177819707212,1,6.435023093445125e-05,0.7944066044769937,0.20559339552300632,2.6779719713244423e-40,200.0,92.08150862958288,-209.98152262958288,-1.4,-1.0,-11.2,0.0,0.0,-29.5,-9.0,-3.5,-6.1,-5.5,-14.9
1756,10796747.907532047,44,4.218477370417105,65.78150862958289,548.6177819707212,1,6.435023093445125e-05,0.7944011057364107,0.20559889426358938,2.54407337275822e-40,200.0,92.08150862958288,-209.98152262958288,-1.4,-1.0,-11.2,0.0,0.0,-29.5,-9.0,-3.5,-6.1,-5.5,-14.9
1757,10796747.907532047,45,4.218477370417105,65.78150862958289,548.6177819707212,1,6.435023093445125e-05,0.794396319813342,0.20560368018665803,2.416869704120309e-40,200.0,92.08150862958288,-209.98152262958288,-1.4,-1.0,-11.2,0.0,0.0,-29.5,-9.0,-3.5,-6.1,-5.5,-14.9
1758,10796747.907532047,46,4.218477370417105,65.78150862958289,548.6177819707212,1,6.435023093445125e-05,0.7943939290225946,0.20560607097740544,2.2960262189142934e-40,200.0,92.08150862958288,-209.98152262958288,-1.4,-1.0,-11.2,0.0,0.0,-29.5,-9.0,-3.5,-6.1,-5.5,-14.9
1759,10796747.907532047,47,4.218477370417105,65.78150862958289,548.6177819707212,1,6.435023093445125e-05,0.7943915210912361,0.20560847890876396,2.1812249079685787e-40,200.0,92.08150862958288,-209.98152262958288,-1.4,-1.0,-11.2,0.0,0.0,-29.5,-9.0,-3.5,-6.1,-5.5,-14.9
1760,10796747.907532047,48,4.218477370417105,65.78150862958289,548.6177819707212,1,6.435023093445125e-05,0.7943879526829626,0.2056120473170374,2.0721636625701495e-40,200.0,92.08150862958288,-209.98152262958288,-1.4,-1.0,-11.2,0.0,0.0,-29.5,-9.0,-3.5,-6.1,-5.5,-14.9
1761,10796747.907532047,49,4.218477370417105,65.78150862958289,548.6177819707212,1,6.435023093445125e-05,0.7943844269508836,0.2056155730491164,1.968555479441642e-40,200.0,92.08150862958288,-209.98152262958288,-1.4,-1.0,-11.2,0.0,0.0,-29.5,-9.0,-3.5,-6.1,-5.5,-14.9
1762,10796747.907532047,0,4.218477370417105,65.78150862958289,548.6177819707212,1,6.435023093445125e-05,0.7943815134805987,0.20561848651940134,1.8701277054695603e-40,200.0,92.08150862958288,-209.98152262958288,-1.4,-1.0,-11.2,0.0,0.0,-29.5,-9.0,-3.5,-6.1,-5.5,-14.9
1763,10796747.907532047,1,4.218477370417105,65.78150862958289,548.6177819707212,1,6.435023093445125e-05,0.794376896028228,0.20562310397177191,1.7766213201960821e-40,200.0,92.08150862958288,-209.98152262958288,-1.4,-1.0,-11.2,0.0,0.0,-29.5,-9.0,-3.5,-6.1,-5.5,-14.9
1764,10796747.907532047,2,4.218477370417105,65.78150862958289,548.6177819707212,1,6.435023093445125e-05,0.794372374787396,0.20562762521260403,1.687790254186278e-40,200.0,92.08150862958288,-209.98152262958288,-1.4,-1.0,-11.2,0.0,0.0,-29.5,-9.0,-3.5,-6.1,-5.5,-14.9
1765,10796747.907532047,3,4.218477370417105,65.78150862958289,548.6177819707212,1,6.435023093445125e-05,0.7943662326565919,0.20563376734340816,1.6034007414769642e-40,200.0,92.08150862958288,-209.98152262958288,-1.4,-1.0,-11.2,0.0,0.0,-29.5,-9.0,-3.5,-6.1,-5.5,-14.9
1766,10796747.907532047,4,4.218477370417105,65.78150862958289,548.6177819707212,1,6.435023093445125e-05,0.794360834759677,0.205639165240323,1.5232307044031158e-40,200.0,92.08150862958288,-209.98152262958288,-1.4,-1.0,-11.2,0.0,0.0,-29.5,-9.0,-3.5,-6.1,-5.5,-14.9
1767,10796747.907532047,5,4.218477370417105,65.78150862958289,548.6177819707212,1,6.435023093445125e-05,0.7943567135012841,0.20564328649871588,1.44706916918296e-40,200.0,92.08150862958288,-209.98152262958288,-1.4,-1.0,-11.2,0.0,0.0,-29.5,-9.0,-3.5,-6.1,-5.5,-14.9
1768,10796747.907532047,6,4.218477370417105,65.78150862958289,548.6177819707212,1,6.435023093445125e-05,0.7943526642453929,0.20564733575460717,1.3747157107238122e-40,200.0,92.08150862958288,-209.98152262958288,-1.4,-1.0,-11.2,0.0,0.0,-29.5,-9.0,-3.5,-6.1,-5.5,-14.9
1769,10796747.907532047,7,4.218477370417105,65.78150862958289,548.6177819707212,1,6.435023093445125e-05,0.7943481140259371,0.20565188597406298,1.3059799251876218e-40,200.0,92.08150862958288,-209.98152262958288,-1.4,-1.0,-11.2,0.0,0.0,-29.5,-9.0,-3.5,-6.1,-5.5,-14.9
1770,10796747.907532047,8,4.218477370417105,65.78150862958289,548.6177819707212,1,6.435023093445125e-05,0.7943419499767335,0.20565805002326654,1.2406809289282406e-40,200.0,92.08150862958288,-209.98152262958288,-1.4,-1.0,-11.2,0.0,0.0,-29.5,-9.0,-3.5,-6.1,-5.5,-14.9
1771,10796747.907532047,9,4.218477370417105,65.78150862958289,548.6177819707212,1,6.435023093445125e-05,0.7943353926855337,0.20566460731446637,1.1786468824818285e-40,200.0,92.08150862958288,-209.98152262958288,-1.4,-1.0,-11.2,0.0,0.0,-29.5,-9.0,-3.5,-6.1,-5.5,-14.9
1772,10796747.907532047,10,4.218477370417105,65.78150862958289,548.6177819707212,1,6.435023093445125e-05,0.794329031352104,0.20567096864789597,1.1197145383577369e-40,200.0,92.08150862958288,-209.98152262958288,-1.4,-1.0,-11.2,0.0,0.0,-29.5,-9.0,-3.5,-6.1,-5.5,-14.9
1773,10796747.907532047,11,4.218477370417105,65.78150862958289,548.6177819707212,1,6.435023093445125e-05,0.7943234247814817,0.20567657521851843,1.0637288114398503e-40,200.0,92.08150862958288,-209.98152262958288,-1.4,-1.0,-11.2,0.0,0.0,-29.5,-9.0,-3.5,-6.1,-5.5,-14.9
1774,10796747.907532047,12,4.218477370417105,65.78150862958289,548.6177819707212,1,6.435023093445125e-05,0.7943179666152138,0.20568203338478624,1.0105423708678578e-40,200.0,92.08150862958288,-209.98152262958288,-1.4,-1.0,-11.2,0.0,0.0,-29.5,-9.0,-3.5,-6.1,-5.5,-14.9
1775,10796747.907532047,13,4.218477370417105,65.78150862958289,548.6177819707212,1,6.435023093445125e-05,0.7943120817449787,0.2056879182550214,9.600152523244648e-41,200.0,92.08150862958288,-209.98152262958288,-1.4,-1.0,-11.2,0.0,0.0,-29.5,-9.0,-3.5,-6.1,-5.5,-14.9
1776,10796747.907532047,14,4.218477370417105,65.78150862958289,548.6177819707212,1,6.435023093445125e-05,0.7943040892339245,0.20569591076607557,9.120144897082415e-41,200.0,92.08150862958288,-209.98152262958288,-1.4,-1.0,-11.2,0.0,0.0,-29.5,-9.0,-3.5,-6.1,-5.5,-14.9
1777,10796747.907532047,15,4.218477370417105,65.78150862958289,548.6177819707212,1,6.435023093445125e-05,0.7942969338136748,0.2057030661863251,8.664137652228294e-41,200.0,92.08150862958288,-209.98152262958288,-1.4,-1.0,-11.2,0.0,0.0,-29.5,-9.0,-3.5,-6.1,-5.5,-14.9
1778,10796747.907532047,16,4.218477370417105,65.78150862958289,548.6177819707212,1,6.435023093445125e-05,0.7942900060637043,0.20570999393629577,8.23093076961688e-41,200.0,92.08150862958288,-209.98152262958288,-1.4,-1.0,-11.2,0.0,0.0,-29.5,-9.0,-3.5,-6.1,-5.5,-14.9
1779,10796747.907532047,17,4.218477370417105,65.78150862958289,548.6177819707212,1,6.435023093445125e-05,0.7942838614801107,0.2057161385198893,7.819384231136036e-41,200.0,92.08150862958288,-209.98152262958288,-1.4,-1.0,-11.2,0.0,0.0,-29.5,-9.0,-3.5,-6.1,-5.5,-14.9
1780,10796747.907532047,18,4.218477370417105,65.78150862958289,548.6177819707212,1,6.435023093445125e-05,0.7942767611056037,0.20572323889439625,7.428415019579235e-41,200.0,92.08150862958288,-209.98152262958288,-1.4,-1.0,-11.2,0.0,0.0,-29.5,-9.0,-3.5,-6.1,-5.5,-14.9
1781,10796747.907532047,19,4.218477370417105,65.78150862958289,548.6177819707212,1,6.435023093445125e-05,0.7942676212718611,0.20573237872813885,7.056994268600273e-41,200.0,92.08150862958288,-209.98152262958288,-1.4,-1.0,-11.2,0.0,0.0,-29.5,-9.0,-3.5,-6.1,-5.5,-14.9
1782,10796747.907532047,20,4.218477370417105,65.78150862958289,548.6177819707212,1,6.435023093445125e-05,0.7942599424818303,0.20574005751816973,6.70414455517026e-41,200.0,92.08150862958288,-209.98152262958288,-1.4,-1.0,-11.2,0.0,0.0,-29.5,-9.0,-3.5,-6.1,-5.5,-14.9
1783,10796747.907532047,21,4.218477370417105,65.78150862958289,548.6177819707212,1,6.435023093445125e-05,0.7942519534880096,0.20574804651199044,6.368937327411748e-41,200.0,92.08150862958288,-209.98152262958288,-1.4,-1.0,-11.2,0.0,0.0,-29.5,-9.0,-3.5,-6.1,-5.5,-14.9
1784,10796747.907532047,22,4.218477370417105,65.78150862958289,548.6177819707212,1,6.435023093445125e-05,0.7942459319331685,0.20575406806683147,6.050490461041161e-41,200.0,92.08150862958288,-209.98152262958288,-1.4,-1.0,-11.2,0.0,0.0,-29.5,-9.0,-3.5,-6.1,-5.5,-14.9
1785,10796747.907532047,23,4.218477370417105,65.78150862958289,548.6177819707212,1,6.435023093445125e-05,0.7942395176894513,0.20576048231054872,5.747965937989103e-41,200.0,92.08150862958288,-209.98152262958288,-1.4,-1.0,-11.2,0.0,0.0,-29.5,-9.0,-3.5,-6.1,-5.5,-14.9
1786,10796747.907532047,24,4.218477370417105,65.78150862958289,548.6177819707212,1,6.435023093445125e-05,0.7942321663380452,0.2057678336619548,5.460567641089648e-41,200.0,92.08150862958288,-209.98152262958288,-1.4,-1.0,-11.2,0.0,0.0,-29.5,-9.0,-3.5,-6.1,-5.5,-14.9
1787,10796747.907532047,25,4.218477370417105,65.78150862958289,548.6177819707212,1,6.435023093445125e-05,0.794226183838849,0.205773816161151,5.187539259035166e-41,200.0,92.08150862958288,-209.98152262958288,-1.4,-1.0,-11.2,0.0,0.0,-29.5,-9.0,-3.5,-6.1,-5.5,-14.9
1788,10796747.907532047,26,4.218477370417105,65.78150862958289,548.6177819707212,1,6.435023093445125e-05,0.7942277015937761,0.20577229840622396,4.928162296083408e-41,200.0,92.08150862958288,-209.98152262958288,-1.4,-1.0,-11.2,0.0,0.0,-29.5,-9.0,-3.5,-6.1,-5.5,-14.9
1789,10796747.907532047,27,4.218477370417105,65.78150862958289,548.6177819707212,1,6.435023093445125e-05,0.7942290115726048,0.2057709884273952,4.681754181279238e-41,200.0,92.08150862958288,-209.98152262958288,-1.4,-1.0,-11.2,0.0,0.0,-29.5,-9.0,-3.5,-6.1,-5.5,-14.9
1790,10796747.907532047,28,4.218477370417105,65.78150862958289,548.6177819707212,1,6.435023093445125e-05,0.7942278724439842,0.20577212755601584,4.447666472215276e-41,200.0,92.08150862958288,-209.98152262958288,-1.4,-1.0,-11.2,0.0,0.0,-29.5,-9.0,-3.5,-6.1,-5.5,-14.9
1791,10796747.907532047,29,4.218477370417105,65.78150862958289,548.6177819707212,1,6.435023093445125e-05,0.794228347946519,0.20577165205348108,4.2252831486045116e-41,200.0,92.08150862958288,-209.98152262958288,-1.4,-1.0,-11.2,0.0,0.0,-29.5,-9.0,-3.5,-6.1,-5.5,-14.9
1792,10796747.907532047,30,4.218477370417105,65.78150862958289,548.6177819707212,1,6.435023093445125e-05,0.7942269813859415,0.20577301861405847,4.014018991174286e-41,200.0,92.08150862958288,-209.98152262958288,-1.4,-1.0,-11.2,0.0,0.0,-29.5,-9.0,-3.5,-6.1,-5.5,-14.9
1793,10796747.907532047,31,4.218477370417105,65.78150862958289,548.6177819707212,1,6.435023093445125e-05,0.7942261151831392,0.20577388481686074,3.8133180416155713e-41,200.0,92.08150862958288,-209.98152262958288,-1.4,-1.0,-11.2,0.0,0.0,-29.5,-9.0,-3.5,-6.1,-5.5,-14.9
1794,10796747.907532047,32,4.218477370417105,65.78150862958289,548.6177819707212,1,6.435023093445125e-05,0.7942257238099432,0.20577427619005687,3.622652139534793e-41,200.0,92.08150862958288,-209.98152262958288,-1.4,-1.0,-11.2,0.0,0.0,-29.5,-9.0,-3.5,-6.1,-5.5,-14.9
1795,10796747.907532047,33,4.218477370417105,65.78150862958289,548.6177819707212,1,6.435023093445125e-05,0.7942257830154962,0.2057742169845038,3.4415195325580534e-41,200.0,92.08150862958288,-209.98152262958288,-1.4,-1.0,-11.2,0.0,0.0,-29.5,-9.0,-3.5,-6.1,-5.5,-14.9
1796,10796747.907532047,34,4.218477370417105,65.78150862958289,548.6177819707212,1,6.435023093445125e-05,0.7942290744516914,0.2057709255483085,3.2694435559301506e-41,200.0,92.08150862958288,-209.98152262958288,-1.4,-1.0,-11.2,0.0,0.0,-29.5,-9.0,-3.5,-6.1,-5.5,-14.9
1797,10796747.907532047,35,4.218477370417105,65.78150862958289,548.6177819707212,1,6.435023093445125e-05,0.7942303873013776,0.20576961269862237,3.105971378133643e-41,200.0,92.08150862958288,-209.98152262958288,-1.4,-1.0,-11.2,0.0,0.0,-29.5,-9.0,-3.5,-6.1,-5.5,-14.9
1798,10796747.907532047,36,4.218477370417105,65.78150862958289,548.6177819707212,1,6.435023093445125e-05,0.7942331841780932,0.20576681582190687,2.950672809226961e-41,200.0,92.08150862958288,-209.98152262958288,-1.4,-1.0,-11.2,0.0,0.0,-29.5,-9.0,-3.5,-6.1,-5.5,-14.9
1799,10796747.907532047,37,4.218477370417105,65.78150862958289,548.6177819707212,1,6.435023093445125e-05,0.7942334692227954,0.2057665307772047,2.803139168765613e-41,200.0,92.08150862958288,-209.98152262958288,-1.4,-1.0,-11.2,0.0,0.0,-29.5,-9.0,-3.5,-6.1,-5.5,-14.9
1800,10796747.907532047,38,4.218477370417105,65.78150862958289,548.6177819707212,1,6.435023093445125e-05,0.7942313698613785,0.20576863013862146,2.6629822103273326e-41,200.0,92.08150862958288,-209.98152262958288,-1.4,-1.0,-11.2,0.0,0.0,-29.5,-9.0,-3.5,-6.1,-5.5,-14.9
1801,10796747.907532047,39,4.218477370417105,65.78150862958289,548.6177819707212,1,6.435023093445125e-05,0.7942286865143573,0.20577131348564265,2.529833099810966e-41,200.0,92.08150862958288,-209.98152262958288,-1.4,-1.0,-11.2,0.0,0.0,-29.5,-9.0,-3.5,-6.1,-5.5,-14.9
1802,10796747.907532047,40,4.218477370417105,65.78150862958289,548.6177819707212,1,6.435023093445125e-05,0.7942243300590515,0.2057756699409485,2.4033414448204176e-41,200.0,92.08150862958288,-209.98152262958288,-1.4,-1.0,-11.2,0.0,0.0,-29.5,-9.0,-3.5,-6.1,-5.5,-14.9
1803,10796747.907532047,41,4.218477370417105,65.78150862958289,548.6177819707212,1,6.435023093445125e-05,0.7942211820777438,0.20577881792225614,2.2831743725793966e-41,200.0,92.08150862958288,-209.98152262958288,-1.4,-1.0,-11.2,0.0,0.0,-29.5,-9.0,-3.5,-6.1,-5.5,-14.9
1804,10796747.907532047,42,4.218477370417105,65.78150862958289,548.6177819707212,1,6.435023093445125e-05,0.7942169454489765,0.20578305455102355,2.169015653950427e-41,200.0,92.08150862958288,-209.98152262958288,-1.4,-1.0,-11.2,0.0,0.0,-29.5,-9.0,-3.5,-6.1,-5.5,-14.9
1805,10796747.907532047,43,4.218477370417105,65.78150862958289,548.6177819707212,1,6.435023093445125e-05,0.7942139103797496,0.20578608962025033,2.0605648712529054e-41,200.0,92.08150862958288,-209.98152262958288,-1.4,-1.0,-11.2,0.0,0.0,-29.5,-9.0,-3.5,-6.1,-5.5,-14.9
1806,10796747.907532047,44,4.218477370417105,65.78150862958289,548.6177819707212,1,6.435023093445125e-05,0.794209224123484,0.20579077587651595,1.9575366276902602e-41,200.0,92.08150862958288,-209.98152262958288,-1.4,-1.0,-11.2,0.0,0.0,-29.5,-9.0,-3.5,-6.1,-5.5,-14.9
1807,10796747.907532047,45,4.218477370417105,65.78150862958289,548.6177819707212,1,6.435023093445125e-05,0.7942057613764069,0.20579423862359308,1.859659796305747e-41,200.0,92.08150862958288,-209.98152262958288,-1.4,-1.0,-11.2,0.0,0.0,-29.5,-9.0,-3.5,-6.1,-5.5,-14.9
1808,10796747.907532047,46,4.218477370417105,65.78150862958289,548.6177819707212,1,6.435023093445125e-05,0.7942006710684804,0.20579932893151964,1.76667680649046e-41,200.0,92.08150862958288,-209.98152262958288,-1.4,-1.0,-11.2,0.0,0.0,-29.5,-9.0,-3.5,-6.1,-5.5,-14.9
1809,10796747.907532047,47,4.218477370417105,65.78150862958289,548.6177819707212,1,6.435023093445125e-05,0.7941923628714174,0.2058076371285826,1.678342966165937e-41,200.0,92.08150862958288,-209.98152262958288,-1.4,-1.0,-11.2,0.0,0.0,-29.5,-9.0,-3.5,-6.1,-5.5,-14.9
1810,10796747.907532047,48,4.218477370417105,65.78150862958289,548.6177819707212,1,6.435023093445125e-05,0.7941871326920906,0.20581286730790938,1.59442581785764e-41,200.0,92.08150862958288,-209.98152262958288,-1.4,-1.0,-11.2,0.0,0.0,-29.5,-9.0,-3.5,-6.1,-5.5,-14.9
1811,10796747.907532047,49,4.218477370417105,65.78150862958289,548.6177819707212,1,6.435023093445125e-05,0.7941814812488855,0.2058185187511144,1.514704526964758e-41,200.0,92.08150862958288,-209.98152262958288,-1.4,-1.0,-11.2,0.0,0.0,-29.5,-9.0,-3.5,-6.1,-5.5,-14.9
1812,10796747.907532047,0,4.218477370417105,65.78150862958289,548.6177819707212,1,6.435023093445125e-05,0.7941765437687859,0.20582345623121415,1.4389693006165204e-41,200.0,92.08150862958288,-209.98152262958288,-1.4,-1.0,-11.2,0.0,0.0,-29.5,-9.0,-3.5,-6.1,-5.5,-14.9
1813,10796747.907532047,1,4.218477370417105,65.78150862958289,548.6177819707212,1,6.435023093445125e-05,0.7941689451463698,0.2058310548536302,1.3670208355856945e-41,200.0,92.08150862958288,-209.98152262958288,-1.4,-1.0,-11.2,0.0,0.0,-29.5,-9.0,-3.5,-6.1,-5.5,-14.9
1814,10796747.907532047,2,4.218477370417105,65.78150862958289,548.6177819707212,1,6.435023093445125e-05,0.7941660517262167,0.20583394827378335,1.2986697938064096e-41,200.0,92.08150862958288,-209.98152262958288,-1.4,-1.0,-11.2,0.0,0.0,-29.5,-9.0,-3.5,-6.1,-5.5,-14.9
1815,10796747.907532047,3,4.218477370417105,65.78150862958289,548.6177819707212,1,6.435023093445125e-05,0.794164288114438,0.205835711885562,1.2337363041160891e-41,200.0,92.08150862958288,-209.98152262958288,-1.4,-1.0,-11.2,0.0,0.0,-29.5,-9.0,-3.5,-6.1,-5.5,-14.9
1816,10796747.907532047,4,4.218477370417105,65.78150862958289,548.6177819707212,1,6.435023093445125e-05,0.7941602646470423,0.20583973535295777,1.1720494889102848e-41,200.0,92.08150862958288,-209.98152262958288,-1.4,-1.0,-11.2,0.0,0.0,-29.5,-9.0,-3.5,-6.1,-5.5,-14.9
1817,10796747.907532047,5,4.218477370417105,65.78150862958289,548.6177819707212,1,6.435023093445125e-05,0.7941568722542188,0.20584312774578112,1.1134470144647705e-41,200.0,92.08150862958288,-209.98152262958288,-1.4,-1.0,-11.2,0.0,0.0,-29.5,-9.0,-3.5,-6.1,-5.5,-14.9
1818,10796747.907532047,6,4.218477370417105,65.78150862958289,548.6177819707212,1,6.435023093445125e-05,0.7941540788809885,0.2058459211190115,1.057774663741532e-41,200.0,92.08150862958288,-209.98152262958288,-1.4,-1.0,-11.2,0.0,0.0,-29.5,-9.0,-3.5,-6.1,-5.5,-14.9
1819,10796747.907532047,7,4.218477370417105,65.78150862958289,548.6177819707212,1,6.435023093445125e-05,0.7941540714621944,0.20584592853780564,1.0048859305544555e-41,200.0,92.08150862958288,-209.98152262958288,-1.4,-1.0,-11.2,0.0,0.0,-29.5,-9.0,-3.5,-6.1,-5.5,-14.9
1820,10796747.907532047,8,4.218477370417105,65.78150862958289,548.6177819707212,1,6.435023093445125e-05,0.7941528295013195,0.2058471704986806,9.546416340267326e-42,200.0,92.08150862958288,-209.98152262958288,-1.4,-1.0,-11.2,0.0,0.0,-29.5,-9.0,-3.5,-6.1,-5.5,-14.9
1821,10796747.907532047,9,4.218477370417105,65.78150862958289,548.6177819707212,1,6.435023093445125e-05,0.7941531845348764,0.20584681546512365,9.06909552325396e-42,200.0,92.08150862958288,-209.98152262958288,-1.4,-1.0,-11.2,0.0,0.0,-29.5,-9.0,-3.5,-6.1,-5.5,-14.9
1822,10796747.907532047,10,4.218477370417105,65.78150862958289,548.6177819707212,1,6.435023093445125e-05,0.7941545014652153,0.2058454985347847,8.615640747091261e-42,200.0,92.08150862958288,-209.98152262958288,-1.4,-1.0,-11.2,0.0,0.0,-29.5,-9.0,-3.5,-6.1,-5.5,-14.9
1823,10796747.907532047,11,4.218477370417105,65.78150862958289,548.6177819707212,1,6.435023093445125e-05,0.7941534130431385,0.20584658695686148,8.184858709736697e-42,200.0,92.08150862958288,-209.98152262958288,-1.4,-1.0,-11.2,0.0,0.0,-29.5,-9.0,-3.5,-6.1,-5.5,-14.9
1824,10796747.907532047,12,4.218477370417105,65.78150862958289,548.6177819707212,1,6.435023093445125e-05,0.7941539112703022,0.20584608872969776,7.775615774249862e-42,200.0,92.08150862958288,-209.98152262958288,-1.4,-1.0,-11.2,0.0,0.0,-29.5,-9.0,-3.5,-6.1,-5.5,-14.9
1825,10796747.907532047,13,4.218477370417105,65.78150862958289,548.6177819707212,1,6.435023093445125e-05,0.7941537053606248,0.20584629463937526,7.38683498553737e-42,200.0,92.08150862958288,-209.98152262958288,-1.4,-1.0,-11.2,0.0,0.0,-29.5,-9.0,-3.5,-6.1,-5.5,-14.9
1826,10796747.907532047,14,4.218477370417105,65.78150862958289,548.6177819707212,1,6.435023093445125e-05,0.7941539355052611,0.20584606449473888,7.017493236260501e-42,200.0,92.08150862958288,-209.98152262958288,-1.4,-1.0,-11.2,0.0,0.0,-29.5,-9.0,-3.5,-6.1,-5.5,-14.9
1827,10796747.907532047,15,4.218477370417105,65.78150862958289,548.6177819707212,1,6.435023093445125e-05,0.7941518200036705,0.20584817999632957,6.666618574447475e-42,200.0,92.08150862958288,-209.98152262958288,-1.4,-1.0,-11.2,0.0,0.0,-29.5,-9.0,-3.5,-6.1,-5.5,-14.9
1828,10796747.907532047,16,4.218477370417105,65.78150862958289,548.6177819707212,1,6.435023093445125e-05,0.7941485815748408,0.20585141842515922,6.333287645725101e-42,200.0,92.08150862958288,-209.98152262958288,-1.4,-1.0,-11.2,0.0,0.0,-29.5,-9.0,-3.5,-6.1,-5.5,-14.9
1829,10796747.907532047,17,4.218477370417105,65.78150862958289,548.6177819707212,1,6.435023093445125e-05,0.7941437258939044,0.20585627410609567,6.016623263438845e-42,200.0,92.08150862958288,-209.98152262958288,-1.4,-1.0,-11.2,0.0,0.0,-29.5,-9.0,-3.5,-6.1,-5.5,-14.9
1830,10796747.907532047,18,4.218477370417105,65.78150862958289,548.6177819707212,1,6.435023093445125e-05,0.7941406433077078,0.20585935669229216,5.715792100266902e-42,200.0,92.08150862958288,-209.98152262958288,-1.4,-1.0,-11.2,0.0,0.0,-29.5,-9.0,-3.5,-6.1,-5.5,-14.9
1831,10796747.907532047,19,4.218477370417105,65.78150862958289,548.6177819707212,1,6.435023093445125e-05,0.7941397939014128,0.20586020609858727,5.430002495253557e-42,200.0,92.08150862958288,-209.98152262958288,-1.4,-1.0,-11.2,0.0,0.0,-29.5,-9.0,-3.5,-6.1,-5.5,-14.9
1832,10796747.907532047,20,4.218477370417105,65.78150862958289,548.6177819707212,1,6.435023093445125e-05,0.7941372101823156,0.2058627898176843,5.1585023704908785e-42,200.0,92.08150862958288,-209.98152262958288,-1.4,-1.0,-11.2,0.0,0.0,-29.5,-9.0,-3.5,-6.1,-5.5,-14.9
1833,10796747.907532047,21,4.218477370417105,65.78150862958289,548.6177819707212,1,6.435023093445125e-05,0.7941335307466351,0.20586646925336502,4.9005772519663356e-42,200.0,92.08150862958288,-209.98152262958288,-1.4,-1.0,-11.2,0.0,0.0,-29.5,-9.0,-3.5,-6.1,-5.5,-14.9
1834,10796747.907532047,22,4.218477370417105,65.78150862958289,548.6177819707212,1,6.435023093445125e-05,0.7941282613190895,0.20587173868091047,4.6555483893680186e-42,200.0,92.08150862958288,-209.98152262958288,-1.4,-1.0,-11.2,0.0,0.0,-29.5,-9.0,-3.5,-6.1,-5.5,-14.9
1835,10796747.907532047,23,4.218477370417105,65.78150862958289,548.6177819707212,1,6.435023093445125e-05,0.7941236827258162,0.2058763172741838,4.422770969899617e-42,200.0,92.08150862958288,-209.98152262958288,-1.4,-1.0,-11.2,0.0,0.0,-29.5,-9.0,-3.5,-6.1,-5.5,-14.9
1836,10796747.907532047,24,4.218477370417105,65.78150862958289,548.6177819707212,1,6.435023093445125e-05,0.7941203094480656,0.2058796905519345,4.201632421404637e-42,200.0,92.08150862958288,-209.98152262958288,-1.4,-1.0,-11.2,0.0,0.0,-29.5,-9.0,-3.5,-6.1,-5.5,-14.9
1837,10796747.907532047,25,4.218477370417105,65.78150862958289,548.6177819707212,1,6.435023093445125e-05,0.7941153338860422,0.20588466611395792,3.991550800334405e-42,200.0,92.08150862958288,-209.98152262958288,-1.4,-1.0,-11.2,0.0,0.0,-29.5,-9.0,-3.5,-6.1,-5.5,-14.9
1838,10796747.907532047,26,4.218477370417105,65.78150862958289,548.6177819707212,1,6.435023093445125e-05,0.7941088376362598,0.20589116236374017,3.7919732603176846e-42,200.0,92.08150862958288,-209.98152262958288,-1.4,-1.0,-11.2,0.0,0.0,-29.5,-9.0,-3.5,-6.1,-5.5,-14.9
1839,10796747.907532047,27,4.218477370417105,65.78150862958289,548.6177819707212,1,6.435023093445125e-05,0.7941014472069542,0.2058985527930458,3.6023745973018e-42,200.0,92.08150862958288,-209.98152262958288,-1.4,-1.0,-11.2,0.0,0.0,-29.5,-9.0,-3.5,-6.1,-5.5,-14.9
1840,10796747.907532047,28,4.218477370417105,65.78150862958289,548.6177819707212,1,6.435023093445125e-05,0.7940943058732963,0.20590569412670362,3.4222558674367095e-42,200.0,92.08150862958288,-209.98152262958288,-1.4,-1.0,-11.2,0.0,0.0,-29.5,-9.0,-3.5,-6.1,-5.5,-14.9
1841,10796747.907532047,29,4.218477370417105,65.78150862958289,548.6177819707212,1,6.435023093445125e-05,0.7940874013097082,0.20591259869029183,3.2511430740648745e-42,200.0,92.08150862958288,-209.98152262958288,-1.4,-1.0,-11.2,0.0,0.0,-29.5,-9.0,-3.5,-6.1,-5.5,-14.9
1842,10796747.907532047,30,4.218477370417105,65.78150862958289,548.6177819707212,1,6.435023093445125e-05,0.7940812698879616,0.20591873011203848,3.0885859203616306e-42,200.0,92.08150862958288,-209.98152262958288,-1.4,-1.0,-11.2,0.0,0.0,-29.5,-9.0,-3.5,-6.1,-5.5,-14.9
1843,10796747.907532047,31,4.218477370417105,65.78150862958289,548.6177819707212,1,6.435023093445125e-05,0.7940758724585963,0.2059241275414037,2.934156624343549e-42,200.0,92.08150862958288,-209.98152262958288,-1.4,-1.0,-11.2,0.0,0.0,-29.5,-9.0,-3.5,-6.1,-5.5,-14.9
1844,10796747.907532047,32,4.218477370417105,65.78150862958289,548.6177819707212,1,6.435023093445125e-05,0.794071719204542,0.20592828079545797,2.7874487931263713e-42,200.0,92.08150862958288,-209.98152262958288,-1.4,-1.0,-11.2,0.0,0.0,-29.5,-9.0,-3.5,-6.1,-5.5,-14.9
1845,10796747.907532047,33,4.218477370417105,65.78150862958289,548.6177819707212,1,6.435023093445125e-05,0.7940687467205111,0.20593125327948897,2.6480763534700528e-42,200.0,92.08150862958288,-209.98152262958288,-1.4,-1.0,-11.2,0.0,0.0,-29.5,-9.0,-3.5,-6.1,-5.5,-14.9
1846,10796747.907532047,34,4.218477370417105,65.78150862958289,548.6177819707212,1,6.435023093445125e-05,0.7940636143737861,0.2059363856262139,2.51567253579655e-42,200.0,92.08150862958288,-209.98152262958288,-1.4,-1.0,-11.2,0.0,0.0,-29.5,-9.0,-3.5,-6.1,-5.5,-14.9
1847,10796747.907532047,35,4.218477370417105,65.78150862958289,548.6177819707212,1,6.435023093445125e-05,0.7940558851299898,0.20594411487001016,2.3898889090067223e-42,200.0,92.08150862958288,-209.98152262958288,-1.4,-1.0,-11.2,0.0,0.0,-29.5,-9.0,-3.5,-6.1,-5.5,-14.9
1848,10796747.907532047,36,4.218477370417105,65.78150862958289,548.6177819707212,1,6.435023093445125e-05,0.7940506094797245,0.2059493905202755,2.2703944635563862e-42,200.0,92.08150862958288,-209.98152262958288,-1.4,-1.0,-11.2,0.0,0.0,-29.5,-9.0,-3.5,-6.1,-5.5,-14.9
1849,10796747.907532047,37,4.218477370417105,65.78150862958289,548.6177819707212,1,6.435023093445125e-05,0.7940443858814271,0.20595561411857294,2.156874740378567e-42,200.0,92.08150862958288,-209.98152262958288,-1.4,-1.0,-11.2,0.0,0.0,-29.5,-9.0,-3.5,-6.1,-5.5,-14.9
1850,10796747.907532047,38,4.218477370417105,65.78150862958289,548.6177819707212,1,6.435023093445125e-05,0.794037808742786,0.20596219125721413,2.0490310033596387e-42,200.0,92.08150862958288,-209.98152262958288,-1.4,-1.0,-11.2,0.0,0.0,-29.5,-9.0,-3.5,-6.1,-5.5,-14.9
1851,10796747.907532047,39,4.218477370417105,65.78150862958289,548.6177819707212,1,6.435023093445125e-05,0.7940292592794723,0.20597074072052773,1.9465794531916566e-42,200.0,92.08150862958288,-209.98152262958288,-1.4,-1.0,-11.2,0.0,0.0,-29.5,-9.0,-3.5,-6.1,-5.5,-14.9
1852,10796747.907532047,40,4.218477370417105,65.78150862958289,548.6177819707212,1,6.435023093445125e-05,0.794018837839428,0.205981162160572,1.8492504805320738e-42,200.0,92.08150862958288,-209.98152262958288,-1.4,-1.0,-11.2,0.0,0.0,-29.5,-9.0,-3.5,-6.1,-5.5,-14.9
1853,10796747.907532047,41,4.218477370417105,65.78150862958289,548.6177819707212,1,6.435023093445125e-05,0.7940082761802889,0.20599172381971118,1.7567879565054703e-42,200.0,92.08150862958288,-209.98152262958288,-1.4,-1.0,-11.2,0.0,0.0,-29.5,-9.0,-3.5,-6.1,-5.5,-14.9
1854,10796747.907532047,42,4.218477370417105,65.78150862958289,548.6177819707212,1,6.435023093445125e-05,0.7939986722177873,0.20600132778221275,1.6689485586801966e-42,200.0,92.08150862958288,-209.98152262958288,-1.4,-1.0,-11.2,0.0,0.0,-29.5,-9.0,-3.5,-6.1,-5.5,-14.9
1855,10796747.907532047,43,4.218477370417105,65.78150862958289,548.6177819707212,1,6.435023093445125e-05,0.7939899775757134,0.20601002242428657,1.5855011307461868e-42,200.0,92.08150862958288,-209.98152262958288,-1.4,-1.0,-11.2,0.0,0.0,-29.5,-9.0,-3.5,-6.1,-5.5,-14.9
1856,10796747.907532047,44,4.218477370417105,65.78150862958289,548.6177819707212,1,6.435023093445125e-05,0.7939816018498027,0.20601839815019724,1.5062260742088774e-42,200.0,92.08150862958288,-209.98152262958288,-1.4,-1.0,-11.2,0.0,0.0,-29.5,-9.0,-3.5,-6.1,-5.5,-14.9
1857,10796747.907532047,45,4.218477370417105,65.78150862958289,548.6177819707212,1,6.435023093445125e-05,0.7939735292174914,0.20602647078250863,1.4309147704984337e-42,200.0,92.08150862958288,-209.98152262958288,-1.4,-1.0,-11.2,0.0,0.0,-29.5,-9.0,-3.5,-6.1,-5.5,-14.9
1858,10796747.907532047,46,4.218477370417105,65.78150862958289,548.6177819707212,1,6.435023093445125e-05,0.7939679199023764,0.2060320800976237,1.359369031973512e-42,200.0,92.08150862958288,-209.98152262958288,-1.4,-1.0,-11.2,0.0,0.0,-29.5,-9.0,-3.5,-6.1,-5.5,-14.9
1859,10796747.907532047,47,4.218477370417105,65.78150862958289,548.6177819707212,1,6.435023093445125e-05,0.7939646479047071,0.20603535209529292,1.2914005803748364e-42,200.0,92.08150862958288,-209.98152262958288,-1.4,-1.0,-11.2,0.0,0.0,-29.5,-9.0,-3.5,-6.1,-5.5,-14.9
1860,10796747.907532047,48,4.218477370417105,65.78150862958289,548.6177819707212,1,6.435023093445125e-05,0.7939614219100889,0.20603857808991113,1.2268305513560945e-42,200.0,92.08150862958288,-209.98152262958288,-1.4,-1.0,-11.2,0.0,0.0,-29.5,-9.0,-3.5,-6.1,-5.5,-14.9
1861,10796747.907532047,49,4.218477370417105,65.78150862958289,548.6177819707212,1,6.435023093445125e-05,0.7939582397432038,0.20604176025679627,1.1654890237882899e-42,200.0,92.08150862958288,-209.98152262958288,-1.4,-1.0,-11.2,0.0,0.0,-29.5,-9.0,-3.5,-6.1,-5.5,-14.9
1862,10796747.907532047,0,4.218477370417105,65.78150862958289,548.6177819707212,1,6.435023093445125e-05,0.7939556417392695,0.2060443582607305,1.1072145725988754e-42,200.0,92.08150862958288,-209.98152262958288,-1.4,-1.0,-11.2,0.0,0.0,-29.5,-9.0,-3.5,-6.1,-5.5,-14.9
1863,10796747.907532047,1,4.218477370417105,65.78150862958289,548.6177819707212,1,6.435023093445125e-05,0.7939530561296111,0.2060469438703889,1.0518538439689317e-42,200.0,92.08150862958288,-209.98152262958288,-1.4,-1.0,-11.2,0.0,0.0,-29.5,-9.0,-3.5,-6.1,-5.5,-14.9
1864,10796747.907532047,2,4.218477370417105,65.78150862958289,548.6177819707212,1,6.435023093445125e-05,0.7939493987041929,0.20605060129580713,9.992611517704852e-43,200.0,92.08150862958288,-209.98152262958288,-1.4,-1.0,-11.2,0.0,0.0,-29.5,-9.0,-3.5,-6.1,-5.5,-14.9
1865,10796747.907532047,3,4.218477370417105,65.78150862958289,548.6177819707212,1,6.435023093445125e-05,0.7939463490539902,0.20605365094600975,9.492980941819608e-43,200.0,92.08150862958288,-209.98152262958288,-1.4,-1.0,-11.2,0.0,0.0,-29.5,-9.0,-3.5,-6.1,-5.5,-14.9
1866,10796747.907532047,4,4.218477370417105,65.78150862958289,548.6177819707212,1,6.435023093445125e-05,0.7939449587240899,0.20605504127591007,9.018331894728627e-43,200.0,92.08150862958288,-209.98152262958288,-1.4,-1.0,-11.2,0.0,0.0,-29.5,-9.0,-3.5,-6.1,-5.5,-14.9
1867,10796747.907532047,5,4.218477370417105,65.78150862958289,548.6177819707212,1,6.435023093445125e-05,0.7939418974949485,0.20605810250505152,8.567415299992197e-43,200.0,92.08150862958288,-209.98152262958288,-1.4,-1.0,-11.2,0.0,0.0,-29.5,-9.0,-3.5,-6.1,-5.5,-14.9
1868,10796747.907532047,6,4.218477370417105,65.78150862958289,548.6177819707212,1,6.435023093445125e-05,0.793938331973025,0.20606166802697498,8.139044534992587e-43,200.0,92.08150862958288,-209.98152262958288,-1.4,-1.0,-11.2,0.0,0.0,-29.5,-9.0,-3.5,-6.1,-5.5,-14.9
1869,10796747.907532047,7,4.218477370417105,65.78150862958289,548.6177819707212,1,6.435023093445125e-05,0.7939353689973041,0.20606463100269584,7.732092308242958e-43,200.0,92.08150862958288,-209.98152262958288,-1.4,-1.0,-11.2,0.0,0.0,-29.5,-9.0,-3.5,-6.1,-5.5,-14.9
1870,10796747.907532047,8,4.218477370417105,65.78150862958289,548.6177819707212,1,6.435023093445125e-05,0.7939335180634104,0.20606648193658972,7.345487692830811e-43,200.0,92.08150862958288,-209.98152262958288,-1.4,-1.0,-11.2,0.0,0.0,-29.5,-9.0,-3.5,-6.1,-5.5,-14.9
1871,10796747.907532047,9,4.218477370417105,65.78150862958289,548.6177819707212,1,6.435023093445125e-05,0.7939332620992293,0.20606673790077074,6.9782133081892704e-43,200.0,92.08150862958288,-209.98152262958288,-1.4,-1.0,-11.2,0.0,0.0,-29.5,-9.0,-3.5,-6.1,-5.5,-14.9
1872,10796747.907532047,10,4.218477370417105,65.78150862958289,548.6177819707212,1,6.435023093445125e-05,0.7939339801291094,0.20606601987089063,6.629302642779807e-43,200.0,92.08150862958288,-209.98152262958288,-1.4,-1.0,-11.2,0.0,0.0,-29.5,-9.0,-3.5,-6.1,-5.5,-14.9
1873,10796747.907532047,11,4.218477370417105,65.78150862958289,548.6177819707212,1,6.435023093445125e-05,0.7939356222904407,0.2060643777095593,6.297837510640816e-43,200.0,92.08150862958288,-209.98152262958288,-1.4,-1.0,-11.2,0.0,0.0,-29.5,-9.0,-3.5,-6.1,-5.5,-14.9
1874,10796747.907532047,12,4.218477370417105,65.78150862958289,548.6177819707212,1,6.435023093445125e-05,0.7939397567856504,0.20606024321434957,5.982945635108775e-43,200.0,92.08150862958288,-209.98152262958288,-1.4,-1.0,-11.2,0.0,0.0,-29.5,-9.0,-3.5,-6.1,-5.5,-14.9
1875,10796747.907532047,13,4.218477370417105,65.78150862958289,548.6177819707212,1,6.435023093445125e-05,0.7939424884554533,0.2060575115445466,5.683798353353336e-43,200.0,92.08150862958288,-209.98152262958288,-1.4,-1.0,-11.2,0.0,0.0,-29.5,-9.0,-3.5,-6.1,-5.5,-14.9
1876,10796747.907532047,14,4.218477370417105,65.78150862958289,548.6177819707212,1,6.435023093445125e-05,0.7939465783429281,0.20605342165707188,5.39960843568567e-43,200.0,92.08150862958288,-209.98152262958288,-1.4,-1.0,-11.2,0.0,0.0,-29.5,-9.0,-3.5,-6.1,-5.5,-14.9
1877,10796747.907532047,15,4.218477370417105,65.78150862958289,548.6177819707212,1,6.435023093445125e-05,0.7939508816178356,0.20604911838216441,5.129628013901386e-43,200.0,92.08150862958288,-209.98152262958288,-1.4,-1.0,-11.2,0.0,0.0,-29.5,-9.0,-3.5,-6.1,-5.5,-14.9
1878,10796747.907532047,16,4.218477370417105,65.78150862958289,548.6177819707212,1,6.435023093445125e-05,0.7939537752863254,0.20604622471367462,4.8731466132063165e-43,200.0,92.08150862958288,-209.98152262958288,-1.4,-1.0,-11.2,0.0,0.0,-29.5,-9.0,-3.5,-6.1,-5.5,-14.9
1879,10796747.907532047,17,4.218477370417105,65.78150862958289,548.6177819707212,1,6.435023093445125e-05,0.7939564051201772,0.20604359487982285,4.629489282546001e-43,200.0,92.08150862958288,-209.98152262958288,-1.4,-1.0,-11.2,0.0,0.0,-29.5,-9.0,-3.5,-6.1,-5.5,-14.9
1880,10796747.907532047,18,4.218477370417105,65.78150862958289,548.6177819707212,1,6.435023093445125e-05,0.7939587844362769,0.20604121556372315,4.398014818418701e-43,200.0,92.08150862958288,-209.98152262958288,-1.4,-1.0,-11.2,0.0,0.0,-29.5,-9.0,-3.5,-6.1,-5.5,-14.9
1881,10796747.907532047,19,4.218477370417105,65.78150862958289,548.6177819707212,1,6.435023093445125e-05,0.7939587794961036,0.20604122050389637,4.1781140774977656e-43,200.0,92.08150862958288,-209.98152262958288,-1.4,-1.0,-11.2,0.0,0.0,-29.5,-9.0,-3.5,-6.1,-5.5,-14.9
1882,10796747.907532047,20,4.218477370417105,65.78150862958289,548.6177819707212,1,6.435023093445125e-05,0.7939597298581591,0.20604027014184093,3.969208373622878e-43,200.0,92.08150862958288,-209.98152262958288,-1.4,-1.0,-11.2,0.0,0.0,-29.5,-9.0,-3.5,-6.1,-5.5,-14.9
1883,10796747.907532047,21,4.218477370417105,65.78150862958289,548.6177819707212,1,6.435023093445125e-05,0.7939615866081363,0.20603841339186366,3.770747954941734e-43,200.0,92.08150862958288,-209.98152262958288,-1.4,-1.0,-11.2,0.0,0.0,-29.5,-9.0,-3.5,-6.1,-5.5,-14.9
1884,10796747.907532047,22,4.218477370417105,65.78150862958289,548.6177819707212,1,6.435023093445125e-05,0.7939643032795168,0.2060356967204832,3.582210557194647e-43,200.0,92.08150862958288,-209.98152262958288,-1.4,-1.0,-11.2,0.0,0.0,-29.5,-9.0,-3.5,-6.1,-5.5,-14.9
1885,10796747.907532047,23,4.218477370417105,65.78150862958289,548.6177819707212,1,6.435023093445125e-05,0.7939662298156109,0.206033770184389,3.4031000293349143e-43,200.0,92.08150862958288,-209.98152262958288,-1.4,-1.0,-11.2,0.0,0.0,-29.5,-9.0,-3.5,-6.1,-5.5,-14.9
1886,10796747.907532047,24,4.218477370417105,65.78150862958289,548.6177819707212,1,6.435023093445125e-05,0.7939684765407438,0.20603152345925632,3.2329450278681695e-43,200.0,92.08150862958288,-209.98152262958288,-1.4,-1.0,-11.2,0.0,0.0,-29.5,-9.0,-3.5,-6.1,-5.5,-14.9
1887,10796747.907532047,25,4.218477370417105,65.78150862958289,548.6177819707212,1,6.435023093445125e-05,0.7939678178337135,0.20603218216628646,3.071297776474761e-43,200.0,92.08150862958288,-209.98152262958288,-1.4,-1.0,-11.2,0.0,0.0,-29.5,-9.0,-3.5,-6.1,-5.5,-14.9
1888,10796747.907532047,26,4.218477370417105,65.78150862958289,548.6177819707212,1,6.435023093445125e-05,0.7939676095410049,0.2060323904589951,2.9177328876510226e-43,200.0,92.08150862958288,-209.98152262958288,-1.4,-1.0,-11.2,0.0,0.0,-29.5,-9.0,-3.5,-6.1,-5.5,-14.9
1889,10796747.907532047,27,4.218477370417105,65.78150862958289,548.6177819707212,1,6.435023093445125e-05,0.7939699657375351,0.20603003426246494,2.7718462432684716e-43,200.0,92.08150862958288,-209.98152262958288,-1.4,-1.0,-11.2,0.0,0.0,-29.5,-9.0,-3.5,-6.1,-5.5,-14.9
1890,10796747.907532047,28,4.218477370417105,65.78150862958289,548.6177819707212,1,6.435023093445125e-05,0.793975288231307,0.206024711768693,2.633253931105048e-43,200.0,92.08150862958288,-209.98152262958288,-1.4,-1.0,-11.2,0.0,0.0,-29.5,-9.0,-3.5,-6.1,-5.5,-14.9
1891,10796747.907532047,29,4.218477370417105,65.78150862958289,548.6177819707212,1,6.435023093445125e-05,0.7939786241197845,0.2060213758802155,2.5015912345497954e-43,200.0,92.08150862958288,-209.98152262958288,-1.4,-1.0,-11.2,0.0,0.0,-29.5,-9.0,-3.5,-6.1,-5.5,-14.9
1892,10796747.907532047,30,4.218477370417105,65.78150862958289,548.6177819707212,1,6.435023093445125e-05,0.7939838066553726,0.20601619334462742,2.3765116728223055e-43,200.0,92.08150862958288,-209.98152262958288,-1.4,-1.0,-11.2,0.0,0.0,-29.5,-9.0,-3.5,-6.1,-5.5,-14.9
1893,10796747.907532047,31,4.218477370417105,65.78150862958289,548.6177819707212,1,6.435023093445125e-05,0.7939880770905047,0.2060119229094953,2.25768608918119e-43,200.0,92.08150862958288,-209.98152262958288,-1.4,-1.0,-11.2,0.0,0.0,-29.5,-9.0,-3.5,-6.1,-5.5,-14.9
1894,10796747.907532047,32,4.218477370417105,65.78150862958289,548.6177819707212,1,6.435023093445125e-05,0.7939930793052961,0.20600692069470397,2.144801784722131e-43,200.0,92.08150862958288,-209.98152262958288,-1.4,-1.0,-11.2,0.0,0.0,-29.5,-9.0,-3.5,-6.1,-5.5,-14.9
1895,10796747.907532047,33,4.218477370417105,65.78150862958289,548.6177819707212,1,6.435023093445125e-05,0.7939977112344656,0.20600228876553434,2.037561695486024e-43,200.0,92.08150862958288,-209.98152262958288,-1.4,-1.0,-11.2,0.0,0.0,-29.5,-9.0,-3.5,-6.1,-5.5,-14.9
1896,10796747.907532047,34,4.218477370417105,65.78150862958289,548.6177819707212,1,6.435023093445125e-05,0.7940014595553687,0.20599854044463134,1.9356836107117234e-43,200.0,92.08150862958288,-209.98152262958288,-1.4,-1.0,-11.2,0.0,0.0,-29.5,-9.0,-3.5,-6.1,-5.5,-14.9
1897,10796747.907532047,35,4.218477370417105,65.78150862958289,548.6177819707212,1,6.435023093445125e-05,0.7940054324974487,0.20599456750255138,1.838899430176137e-43,200.0,92.08150862958288,-209.98152262958288,-1.4,-1.0,-11.2,0.0,0.0,-29.5,-9.0,-3.5,-6.1,-5.5,-14.9
1898,10796747.907532047,36,4.218477370417105,65.78150862958289,548.6177819707212,1,6.435023093445125e-05,0.7940085555744107,0.2059914444255893,1.74695445866733e-43,200.0,92.08150862958288,-209.98152262958288,-1.4,-1.0,-11.2,0.0,0.0,-29.5,-9.0,-3.5,-6.1,-5.5,-14.9
1899,10796747.907532047,37,4.218477370417105,65.78150862958289,548.6177819707212,1,6.435023093445125e-05,0.7940151202633207,0.20598487973667934,1.6596067357339634e-43,200.0,92.08150862958288,-209.98152262958288,-1.4,-1.0,-11.2,0.0,0.0,-29.5,-9.0,-3.5,-6.1,-5.5,-14.9
1900,10796747.907532047,38,4.218477370417105,65.78150862958289,548.6177819707212,1,6.435023093445125e-05,0.7940196435240152,0.20598035647598473,1.5766263989472651e-43,200.0,92.08150862958288,-209.98152262958288,-1.4,-1.0,-11.2,0.0,0.0,-29.5,-9.0,-3.5,-6.1,-5.5,-14.9
1901,10796747.907532047,39,4.218477370417105,65.78150862958289,548.6177819707212,1,6.435023093445125e-05,0.7940227593769565,0.20597724062304348,1.497795078999902e-43,200.0,92.08150862958288,-209.98152262958288,-1.4,-1.0,-11.2,0.0,0.0,-29.5,-9.0,-3.5,-6.1,-5.5,-14.9
1902,10796747.907532047,40,4.218477370417105,65.78150862958289,548.6177819707212,1,6.435023093445125e-05,0.7940245392379557,0.20597546076204432,1.4229053250499068e-43,200.0,92.08150862958288,-209.98152262958288,-1.4,-1.0,-11.2,0.0,0.0,-29.5,-9.0,-3.5,-6.1,-5.5,-14.9
1903,10796747.907532047,41,4.218477370417105,65.78150862958289,548.6177819707212,1,6.435023093445125e-05,0.7940266412595631,0.20597335874043685,1.3517600587974114e-43,200.0,92.08150862958288,-209.98152262958288,-1.4,-1.0,-11.2,0.0,0.0,-29.5,-9.0,-3.5,-6.1,-5.5,-14.9
1904,10796747.907532047,42,4.218477370417105,65.78150862958289,548.6177819707212,1,6.435023093445125e-05,0.7940301082580533,0.20596989174194663,1.2841720558575407e-43,200.0,92.08150862958288,-209.98152262958288,-1.4,-1.0,-11.2,0.0,0.0,-29.5,-9.0,-3.5,-6.1,-5.5,-14.9
1905,10796747.907532047,43,4.218477370417105,65.78150862958289,548.6177819707212,1,6.435023093445125e-05,0.7940348701247489,0.20596512987525112,1.2199634530646638e-43,200.0,92.08150862958288,-209.98152262958288,-1.4,-1.0,-11.2,0.0,0.0,-29.5,-9.0,-3.5,-6.1,-5.5,-14.9
1906,10796747.907532047,44,4.218477370417105,65.78150862958289,548.6177819707212,1,6.435023093445125e-05,0.7940403313708141,0.20595966862918597,1.1589652804114307e-43,200.0,92.08150862958288,-209.98152262958288,-1.4,-1.0,-11.2,0.0,0.0,-29.5,-9.0,-3.5,-6.1,-5.5,-14.9
1907,10796747.907532047,45,4.218477370417105,65.78150862958289,548.6177819707212,1,6.435023093445125e-05,0.7940453987143576,0.20595460128564236,1.1010170163908591e-43,200.0,92.08150862958288,-209.98152262958288,-1.4,-1.0,-11.2,0.0,0.0,-29.5,-9.0,-3.5,-6.1,-5.5,-14.9
1908,10796747.907532047,46,4.218477370417105,65.78150862958289,548.6177819707212,1,6.435023093445125e-05,0.7940485066800766,0.20595149331992332,1.0459661655713162e-43,200.0,92.08150862958288,-209.98152262958288,-1.4,-1.0,-11.2,0.0,0.0,-29.5,-9.0,-3.5,-6.1,-5.5,-14.9
1909,10796747.907532047,47,4.218477370417105,65.78150862958289,548.6177819707212,1,6.435023093445125e-05,0.794052395829552,0.205947604170448,9.936678572927505e-44,200.0,92.08150862958288,-209.98152262958288,-1.4,-1.0,-11.2,0.0,0.0,-29.5,-9.0,-3.5,-6.1,-5.5,-14.9
1910,10796747.907532047,48,4.218477370417105,65.78150862958289,548.6177819707212,1,6.435023093445125e-05,0.7940564981787173,0.20594350182128274,9.439844644281129e-44,200.0,92.08150862958288,-209.98152262958288,-1.4,-1.0,-11.2,0.0,0.0,-29.5,-9.0,-3.5,-6.1,-5.5,-14.9
1911,10796747.907532047,49,4.218477370417105,65.78150862958289,548.6177819707212,1,6.435023093445125e-05,0.7940608026155515,0.2059391973844486,8.967852412067073e-44,200.0,92.08150862958288,-209.98152262958288,-1.4,-1.0,-11.2,0.0,0.0,-29.5,-9.0,-3.5,-6.1,-5.5,-14.9
1912,10796747.907532047,0,4.218477370417105,65.78150862958289,548.6177819707212,1,6.435023093445125e-05,0.7940631893889174,0.20593681061108263,8.519459791463719e-44,200.0,92.08150862958288,-209.98152262958288,-1.4,-1.0,-11.2,0.0,0.0,-29.5,-9.0,-3.5,-6.1,-5.5,-14.9
1913,10796747.907532047,1,4.218477370417105,65.78150862958289,548.6177819707212,1,6.435023093445125e-05,0.7940648101338805,0.20593518986611942,8.093486801890533e-44,200.0,92.08150862958288,-209.98152262958288,-1.4,-1.0,-11.2,0.0,0.0,-29.5,-9.0,-3.5,-6.1,-5.5,-14.9
1914,10796747.907532047,2,4.218477370417105,65.78150862958289,548.6177819707212,1,6.435023093445125e-05,0.794066757538344,0.20593324246165604,7.688812461796008e-44,200.0,92.08150862958288,-209.98152262958288,-1.4,-1.0,-11.2,0.0,0.0,-29.5,-9.0,-3.5,-6.1,-5.5,-14.9
1915,10796747.907532047,3,4.218477370417105,65.78150862958289,548.6177819707212,1,6.435023093445125e-05,0.7940684882608484,0.20593151173915153,7.304371838706207e-44,200.0,92.08150862958288,-209.98152262958288,-1.4,-1.0,-11.2,0.0,0.0,-29.5,-9.0,-3.5,-6.1,-5.5,-14.9
1916,10796747.907532047,4,4.218477370417105,65.78150862958289,548.6177819707212,1,6.435023093445125e-05,0.7940721181811358,0.20592788181886423,6.939153246770897e-44,200.0,92.08150862958288,-209.98152262958288,-1.4,-1.0,-11.2,0.0,0.0,-29.5,-9.0,-3.5,-6.1,-5.5,-14.9
1917,10796747.907532047,5,4.218477370417105,65.78150862958289,548.6177819707212,1,6.435023093445125e-05,0.7940764981630756,0.20592350183692448,6.592195584432353e-44,200.0,92.08150862958288,-209.98152262958288,-1.4,-1.0,-11.2,0.0,0.0,-29.5,-9.0,-3.5,-6.1,-5.5,-14.9
1918,10796747.907532047,6,4.218477370417105,65.78150862958289,548.6177819707212,1,6.435023093445125e-05,0.7940773846558837,0.20592261534411624,6.262585805210735e-44,200.0,92.08150862958288,-209.98152262958288,-1.4,-1.0,-11.2,0.0,0.0,-29.5,-9.0,-3.5,-6.1,-5.5,-14.9
1919,10796747.907532047,7,4.218477370417105,65.78150862958289,548.6177819707212,1,6.435023093445125e-05,0.7940781080028493,0.2059218919971507,5.949456514950198e-44,200.0,92.08150862958288,-209.98152262958288,-1.4,-1.0,-11.2,0.0,0.0,-29.5,-9.0,-3.5,-6.1,-5.5,-14.9
1920,10796747.907532047,8,4.218477370417105,65.78150862958289,548.6177819707212,1,6.435023093445125e-05,0.794078676483425,0.205921323516575,5.651983689202688e-44,200.0,92.08150862958288,-209.98152262958288,-1.4,-1.0,-11.2,0.0,0.0,-29.5,-9.0,-3.5,-6.1,-5.5,-14.9
1921,10796747.907532047,9,4.218477370417105,65.78150862958289,548.6177819707212,1,6.435023093445125e-05,0.7940801478454204,0.2059198521545796,5.369384504742553e-44,200.0,92.08150862958288,-209.98152262958288,-1.4,-1.0,-11.2,0.0,0.0,-29.5,-9.0,-3.5,-6.1,-5.5,-14.9
1922,10796747.907532047,10,4.218477370417105,65.78150862958289,548.6177819707212,1,6.435023093445125e-05,0.7940809019975568,0.20591909800244326,5.100915279505426e-44,200.0,92.08150862958288,-209.98152262958288,-1.4,-1.0,-11.2,0.0,0.0,-29.5,-9.0,-3.5,-6.1,-5.5,-14.9
1923,10796747.907532047,11,4.218477370417105,65.78150862958289,548.6177819707212,1,6.435023093445125e-05,0.7940799264309002,0.20592007356909978,4.845869515530154e-44,200.0,92.08150862958288,-209.98152262958288,-1.4,-1.0,-11.2,0.0,0.0,-29.5,-9.0,-3.5,-6.1,-5.5,-14.9
1924,10796747.907532047,12,4.218477370417105,65.78150862958289,548.6177819707212,1,6.435023093445125e-05,0.7940773089838954,0.20592269101610455,4.603576039753646e-44,200.0,92.08150862958288,-209.98152262958288,-1.4,-1.0,-11.2,0.0,0.0,-29.5,-9.0,-3.5,-6.1,-5.5,-14.9
1925,10796747.907532047,13,4.218477370417105,65.78150862958289,548.6177819707212,1,6.435023093445125e-05,0.7940752297405921,0.20592477025940795,4.373397237765964e-44,200.0,92.08150862958288,-209.98152262958288,-1.4,-1.0,-11.2,0.0,0.0,-29.5,-9.0,-3.5,-6.1,-5.5,-14.9
1926,10796747.907532047,14,4.218477370417105,65.78150862958289,548.6177819707212,1,6.435023093445125e-05,0.7940726137097757,0.2059273862902244,4.154727375877666e-44,200.0,92.08150862958288,-209.98152262958288,-1.4,-1.0,-11.2,0.0,0.0,-29.5,-9.0,-3.5,-6.1,-5.5,-14.9
1927,10796747.907532047,15,4.218477370417105,65.78150862958289,548.6177819707212,1,6.435023093445125e-05,0.7940694883389896,0.2059305116610105,3.9469910070837826e-44,200.0,92.08150862958288,-209.98152262958288,-1.4,-1.0,-11.2,0.0,0.0,-29.5,-9.0,-3.5,-6.1,-5.5,-14.9
1928,10796747.907532047,16,4.218477370417105,65.78150862958289,548.6177819707212,1,6.435023093445125e-05,0.7940669264380077,0.2059330735619923,3.7496414567295933e-44,200.0,92.08150862958288,-209.98152262958288,-1.4,-1.0,-11.2,0.0,0.0,-29.5,-9.0,-3.5,-6.1,-5.5,-14.9
1929,10796747.907532047,17,4.218477370417105,65.78150862958289,548.6177819707212,1,6.435023093445125e-05,0.79406333013227,0.20593666986772993,3.5621593838931135e-44,200.0,92.08150862958288,-209.98152262958288,-1.4,-1.0,-11.2,0.0,0.0,-29.5,-9.0,-3.5,-6.1,-5.5,-14.9
1930,10796747.907532047,18,4.218477370417105,65.78150862958289,548.6177819707212,1,6.435023093445125e-05,0.7940634571935629,0.20593654280643717,3.384051414698458e-44,200.0,92.08150862958288,-209.98152262958288,-1.4,-1.0,-11.2,0.0,0.0,-29.5,-9.0,-3.5,-6.1,-5.5,-14.9
1931,10796747.907532047,19,4.218477370417105,65.78150862958289,548.6177819707212,1,6.435023093445125e-05,0.7940629381725881,0.20593706182741187,3.2148488439635353e-44,200.0,92.08150862958288,-209.98152262958288,-1.4,-1.0,-11.2,0.0,0.0,-29.5,-9.0,-3.5,-6.1,-5.5,-14.9
1932,10796747.907532047,20,4.218477370417105,65.78150862958289,548.6177819707212,1,6.435023093445125e-05,0.7940644162780741,0.20593558372192586,3.0541064017653585e-44,200.0,92.08150862958288,-209.98152262958288,-1.4,-1.0,-11.2,0.0,0.0,-29.5,-9.0,-3.5,-6.1,-5.5,-14.9
1933,10796747.907532047,21,4.218477370417105,65.78150862958289,548.6177819707212,1,6.435023093445125e-05,0.7940651808448375,0.20593481915516257,2.901401081677091e-44,200.0,92.08150862958288,-209.98152262958288,-1.4,-1.0,-11.2,0.0,0.0,-29.5,-9.0,-3.5,-6.1,-5.5,-14.9
1934,10796747.907532047,22,4.218477370417105,65.78150862958289,548.6177819707212,1,6.435023093445125e-05,0.7940673539053398,0.20593264609466017,2.756331027593236e-44,200.0,92.08150862958288,-209.98152262958288,-1.4,-1.0,-11.2,0.0,0.0,-29.5,-9.0,-3.5,-6.1,-5.5,-14.9
1935,10796747.907532047,23,4.218477370417105,65.78150862958289,548.6177819707212,1,6.435023093445125e-05,0.7940666941373246,0.20593330586267555,2.6185144762135747e-44,200.0,92.08150862958288,-209.98152262958288,-1.4,-1.0,-11.2,0.0,0.0,-29.5,-9.0,-3.5,-6.1,-5.5,-14.9
1936,10796747.907532047,24,4.218477370417105,65.78150862958289,548.6177819707212,1,6.435023093445125e-05,0.7940664716006053,0.20593352839939477,2.487588752402896e-44,200.0,92.08150862958288,-209.98152262958288,-1.4,-1.0,-11.2,0.0,0.0,-29.5,-9.0,-3.5,-6.1,-5.5,-14.9
1937,10796747.907532047,25,4.218477370417105,65.78150862958289,548.6177819707212,1,6.435023093445125e-05,0.7940671846646788,0.2059328153353212,2.363209314782751e-44,200.0,92.08150862958288,-209.98152262958288,-1.4,-1.0,-11.2,0.0,0.0,-29.5,-9.0,-3.5,-6.1,-5.5,-14.9
1938,10796747.907532047,26,4.218477370417105,65.78150862958289,548.6177819707212,1,6.435023093445125e-05,0.7940667038968352,0.20593329610316483,2.245048849043613e-44,200.0,92.08150862958288,-209.98152262958288,-1.4,-1.0,-11.2,0.0,0.0,-29.5,-9.0,-3.5,-6.1,-5.5,-14.9
1939,10796747.907532047,27,4.218477370417105,65.78150862958289,548.6177819707212,1,6.435023093445125e-05,0.7940671708366756,0.20593282916332442,2.1327964065914323e-44,200.0,92.08150862958288,-209.98152262958288,-1.4,-1.0,-11.2,0.0,0.0,-29.5,-9.0,-3.5,-6.1,-5.5,-14.9
1940,10796747.907532047,28,4.218477370417105,65.78150862958289,548.6177819707212,1,6.435023093445125e-05,0.7940664575311135,0.20593354246888648,2.0261565862618606e-44,200.0,92.08150862958288,-209.98152262958288,-1.4,-1.0,-11.2,0.0,0.0,-29.5,-9.0,-3.5,-6.1,-5.5,-14.9
1941,10796747.907532047,29,4.218477370417105,65.78150862958289,548.6177819707212,1,6.435023093445125e-05,0.7940651437444449,0.20593485625555508,1.9248487569487676e-44,200.0,92.08150862958288,-209.98152262958288,-1.4,-1.0,-11.2,0.0,0.0,-29.5,-9.0,-3.5,-6.1,-5.5,-14.9
1942,10796747.907532047,30,4.218477370417105,65.78150862958289,548.6177819707212,1,6.435023093445125e-05,0.7940632600998068,0.2059367399001932,1.8286063191013293e-44,200.0,92.08150862958288,-209.98152262958288,-1.4,-1.0,-11.2,0.0,0.0,-29.5,-9.0,-3.5,-6.1,-5.5,-14.9
1943,10796747.907532047,31,4.218477370417105,65.78150862958289,548.6177819707212,1,6.435023093445125e-05,0.7940618741856925,0.2059381258143075,1.7371760031462629e-44,200.0,92.08150862958288,-209.98152262958288,-1.4,-1.0,-11.2,0.0,0.0,-29.5,-9.0,-3.5,-6.1,-5.5,-14.9
1944,10796747.907532047,32,4.218477370417105,65.78150862958289,548.6177819707212,1,6.435023093445125e-05,0.7940614795678028,0.20593852043219715,1.6503172029889498e-44,200.0,92.08150862958288,-209.98152262958288,-1.4,-1.0,-11.2,0.0,0.0,-29.5,-9.0,-3.5,-6.1,-5.5,-14.9
1945,10796747.907532047,33,4.218477370417105,65.78150862958289,548.6177819707212,1,6.435023093445125e-05,0.7940599511522637,0.20594004884773637,1.5678013428395022e-44,200.0,92.08150862958288,-209.98152262958288,-1.4,-1.0,-11.2,0.0,0.0,-29.5,-9.0,-3.5,-6.1,-5.5,-14.9
1946,10796747.907532047,34,4.218477370417105,65.78150862958289,548.6177819707212,1,6.435023093445125e-05,0.7940594203574248,0.20594057964257523,1.489411275697527e-44,200.0,92.08150862958288,-209.98152262958288,-1.4,-1.0,-11.2,0.0,0.0,-29.5,-9.0,-3.5,-6.1,-5.5,-14.9
1947,10796747.907532047,35,4.218477370417105,65.78150862958289,548.6177819707212,1,6.435023093445125e-05,0.7940582819986705,0.20594171800132957,1.4149407119126508e-44,200.0,92.08150862958288,-209.98152262958288,-1.4,-1.0,-11.2,0.0,0.0,-29.5,-9.0,-3.5,-6.1,-5.5,-14.9
1948,10796747.907532047,36,4.218477370417105,65.78150862958289,548.6177819707212,1,6.435023093445125e-05,0.7940539769868814,0.20594602301311865,1.344193676317018e-44,200.0,92.08150862958288,-209.98152262958288,-1.4,-1.0,-11.2,0.0,0.0,-29.5,-9.0,-3.5,-6.1,-5.5,-14.9
1949,10796747.907532047,37,4.218477370417105,65.78150862958289,548.6177819707212,1,6.435023093445125e-05,0.794046665477257,0.20595333452274306,1.276983992501167e-44,200.0,92.08150862958288,-209.98152262958288,-1.4,-1.0,-11.2,0.0,0.0,-29.5,-9.0,-3.5,-6.1,-5.5,-14.9
1950,10796747.907532047,38,4.218477370417105,65.78150862958289,548.6177819707212,1,6.435023093445125e-05,0.7940375356520561,0.20596246434794394,1.2131347928761086e-44,200.0,92.08150862958288,-209.98152262958288,-1.4,-1.0,-11.2,0.0,0.0,-29.5,-9.0,-3.5,-6.1,-5.5,-14.9
1951,10796747.907532047,39,4.218477370417105,65.78150862958289,548.6177819707212,1,6.435023093445125e-05,0.7940297865471684,0.20597021345283173,1.152478053232303e-44,200.0,92.08150862958288,-209.98152262958288,-1.4,-1.0,-11.2,0.0,0.0,-29.5,-9.0,-3.5,-6.1,-5.5,-14.9
1952,10796747.907532047,40,4.218477370417105,65.78150862958289,548.6177819707212,1,6.435023093445125e-05,0.7940223133578621,0.2059776866421379,1.0948541505706879e-44,200.0,92.08150862958288,-209.98152262958288,-1.4,-1.0,-11.2,0.0,0.0,-29.5,-9.0,-3.5,-6.1,-5.5,-14.9
1953,10796747.907532047,41,4.218477370417105,65.78150862958289,548.6177819707212,1,6.435023093445125e-05,0.7940176875640941,0.20598231243590587,1.0401114430421534e-44,200.0,92.08150862958288,-209.98152262958288,-1.4,-1.0,-11.2,0.0,0.0,-29.5,-9.0,-3.5,-6.1,-5.5,-14.9
1954,10796747.907532047,42,4.218477370417105,65.78150862958289,548.6177819707212,1,6.435023093445125e-05,0.7940131804600675,0.20598681953993248,9.881058708900458e-45,200.0,92.08150862958288,-209.98152262958288,-1.4,-1.0,-11.2,0.0,0.0,-29.5,-9.0,-3.5,-6.1,-5.5,-14.9
1955,10796747.907532047,43,4.218477370417105,65.78150862958289,548.6177819707212,1,6.435023093445125e-05,0.7940103353193371,0.205989664680663,9.387005773455436e-45,200.0,92.08150862958288,-209.98152262958288,-1.4,-1.0,-11.2,0.0,0.0,-29.5,-9.0,-3.5,-6.1,-5.5,-14.9
1956,10796747.907532047,44,4.218477370417105,65.78150862958289,548.6177819707212,1,6.435023093445125e-05,0.7940085513181745,0.2059914486818255,8.917655484782663e-45,200.0,92.08150862958288,-209.98152262958288,-1.4,-1.0,-11.2,0.0,0.0,-29.5,-9.0,-3.5,-6.1,-5.5,-14.9
1957,10796747.907532047,45,4.218477370417105,65.78150862958289,548.6177819707212,1,6.435023093445125e-05,0.7940046797988367,0.2059953202011633,8.471772710543529e-45,200.0,92.08150862958288,-209.98152262958288,-1.4,-1.0,-11.2,0.0,0.0,-29.5,-9.0,-3.5,-6.1,-5.5,-14.9
1958,10796747.907532047,46,4.218477370417105,65.78150862958289,548.6177819707212,1,6.435023093445125e-05,0.7940014050495544,0.2059985949504456,8.048184075016352e-45,200.0,92.08150862958288,-209.98152262958288,-1.4,-1.0,-11.2,0.0,0.0,-29.5,-9.0,-3.5,-6.1,-5.5,-14.9
1959,10796747.907532047,47,4.218477370417105,65.78150862958289,548.6177819707212,1,6.435023093445125e-05,0.7939976661529999,0.20600233384700012,7.645774871265536e-45,200.0,92.08150862958288,-209.98152262958288,-1.4,-1.0,-11.2,0.0,0.0,-29.5,-9.0,-3.5,-6.1,-5.5,-14.9
1960,10796747.907532047,48,4.218477370417105,65.78150862958289,548.6177819707212,1,6.435023093445125e-05,0.7939940020257569,0.20600599797424313,7.263486127702259e-45,200.0,92.08150862958288,-209.98152262958288,-1.4,-1.0,-11.2,0.0,0.0,-29.5,-9.0,-3.5,-6.1,-5.5,-14.9
1961,10796747.907532047,49,4.218477370417105,65.78150862958289,548.6177819707212,1,6.435023093445125e-05,0.7939914386634681,0.20600856133653186,6.900311821317145e-45,200.0,92.08150862958288,-209.98152262958288,-1.4,-1.0,-11.2,0.0,0.0,-29.5,-9.0,-3.5,-6.1,-5.5,-14.9
1962,10796747.907532047,0,4.218477370417105,65.78150862958289,548.6177819707212,1,6.435023093445125e-05,0.7939909487742698,0.20600905122573027,6.555296230251289e-45,200.0,92.08150862958288,-209.98152262958288,-1.4,-1.0,-11.2,0.0,0.0,-29.5,-9.0,-3.5,-6.1,-5.5,-14.9
1963,10796747.907532047,1,4.218477370417105,65.78150862958289,548.6177819707212,1,6.435023093445125e-05,0.7939888275122029,0.20601117248779716,6.227531418738724e-45,200.0,92.08150862958288,-209.98152262958288,-1.4,-1.0,-11.2,0.0,0.0,-29.5,-9.0,-3.5,-6.1,-5.5,-14.9
1964,10796747.907532047,2,4.218477370417105,65.78150862958289,548.6177819707212,1,6.435023093445125e-05,0.793986699825349,0.20601330017465108,5.916154847801788e-45,200.0,92.08150862958288,-209.98152262958288,-1.4,-1.0,-11.2,0.0,0.0,-29.5,-9.0,-3.5,-6.1,-5.5,-14.9
1965,10796747.907532047,3,4.218477370417105,65.78150862958289,548.6177819707212,1,6.435023093445125e-05,0.7939840524127662,0.20601594758723396,5.620347105411699e-45,200.0,92.08150862958288,-209.98152262958288,-1.4,-1.0,-11.2,0.0,0.0,-29.5,-9.0,-3.5,-6.1,-5.5,-14.9
1966,10796747.907532047,4,4.218477370417105,65.78150862958289,548.6177819707212,1,6.435023093445125e-05,0.793981938844087,0.2060180611559129,5.339329750141112e-45,200.0,92.08150862958288,-209.98152262958288,-1.4,-1.0,-11.2,0.0,0.0,-29.5,-9.0,-3.5,-6.1,-5.5,-14.9
1967,10796747.907532047,5,4.218477370417105,65.78150862958289,548.6177819707212,1,6.435023093445125e-05,0.7939793055768706,0.20602069442312945,5.072363262634058e-45,200.0,92.08150862958288,-209.98152262958288,-1.4,-1.0,-11.2,0.0,0.0,-29.5,-9.0,-3.5,-6.1,-5.5,-14.9
1968,10796747.907532047,6,4.218477370417105,65.78150862958289,548.6177819707212,1,6.435023093445125e-05,0.793979769466916,0.20602023053308405,4.8187450995023545e-45,200.0,92.08150862958288,-209.98152262958288,-1.4,-1.0,-11.2,0.0,0.0,-29.5,-9.0,-3.5,-6.1,-5.5,-14.9
1969,10796747.907532047,7,4.218477370417105,65.78150862958289,548.6177819707212,1,6.435023093445125e-05,0.7939795844412454,0.20602041555875458,4.5778078445272363e-45,200.0,92.08150862958288,-209.98152262958288,-1.4,-1.0,-11.2,0.0,0.0,-29.5,-9.0,-3.5,-6.1,-5.5,-14.9
1970,10796747.907532047,8,4.218477370417105,65.78150862958289,548.6177819707212,1,6.435023093445125e-05,0.7939787835266393,0.20602121647336075,4.348917452300875e-45,200.0,92.08150862958288,-209.98152262958288,-1.4,-1.0,-11.2,0.0,0.0,-29.5,-9.0,-3.5,-6.1,-5.5,-14.9
1971,10796747.907532047,9,4.218477370417105,65.78150862958289,548.6177819707212,1,6.435023093445125e-05,0.7939794462800255,0.20602055371997452,4.1314715796858314e-45,200.0,92.08150862958288,-209.98152262958288,-1.4,-1.0,-11.2,0.0,0.0,-29.5,-9.0,-3.5,-6.1,-5.5,-14.9
1972,10796747.907532047,10,4.218477370417105,65.78150862958289,548.6177819707212,1,6.435023093445125e-05,0.7939804744929863,0.2060195255070138,3.92489800070154e-45,200.0,92.08150862958288,-209.98152262958288,-1.4,-1.0,-11.2,0.0,0.0,-29.5,-9.0,-3.5,-6.1,-5.5,-14.9
1973,10796747.907532047,11,4.218477370417105,65.78150862958289,548.6177819707212,1,6.435023093445125e-05,0.79398236083596,0.20601763916404,3.728653100666463e-45,200.0,92.08150862958288,-209.98152262958288,-1.4,-1.0,-11.2,0.0,0.0,-29.5,-9.0,-3.5,-6.1,-5.5,-14.9
1974,10796747.907532047,12,4.218477370417105,65.78150862958289,548.6177819707212,1,6.435023093445125e-05,0.793986083335428,0.206013916664572,3.5422204456331394e-45,200.0,92.08150862958288,-209.98152262958288,-1.4,-1.0,-11.2,0.0,0.0,-29.5,-9.0,-3.5,-6.1,-5.5,-14.9
1975,10796747.907532047,13,4.218477370417105,65.78150862958289,548.6177819707212,1,6.435023093445125e-05,0.7939895051884153,0.2060104948115848,3.3651094233514826e-45,200.0,92.08150862958288,-209.98152262958288,-1.4,-1.0,-11.2,0.0,0.0,-29.5,-9.0,-3.5,-6.1,-5.5,-14.9
1976,10796747.907532047,14,4.218477370417105,65.78150862958289,548.6177819707212,1,6.435023093445125e-05,0.7939921310742133,0.20600786892578676,3.196853952183908e-45,200.0,92.08150862958288,-209.98152262958288,-1.4,-1.0,-11.2,0.0,0.0,-29.5,-9.0,-3.5,-6.1,-5.5,-14.9
1977,10796747.907532047,15,4.218477370417105,65.78150862958289,548.6177819707212,1,6.435023093445125e-05,0.7939934910773213,0.2060065089226787,3.0370112545747125e-45,200.0,92.08150862958288,-209.98152262958288,-1.4,-1.0,-11.2,0.0,0.0,-29.5,-9.0,-3.5,-6.1,-5.5,-14.9
1978,10796747.907532047,16,4.218477370417105,65.78150862958289,548.6177819707212,1,6.435023093445125e-05,0.7939941595739252,0.20600584042607487,2.885160691845977e-45,200.0,92.08150862958288,-209.98152262958288,-1.4,-1.0,-11.2,0.0,0.0,-29.5,-9.0,-3.5,-6.1,-5.5,-14.9
1979,10796747.907532047,17,4.218477370417105,65.78150862958289,548.6177819707212,1,6.435023093445125e-05,0.7939946815816817,0.20600531841831826,2.7409026572536784e-45,200.0,92.08150862958288,-209.98152262958288,-1.4,-1.0,-11.2,0.0,0.0,-29.5,-9.0,-3.5,-6.1,-5.5,-14.9
1980,10796747.907532047,18,4.218477370417105,65.78150862958289,548.6177819707212,1,6.435023093445125e-05,0.7939986308018263,0.20600136919817363,2.6038575243909943e-45,200.0,92.08150862958288,-209.98152262958288,-1.4,-1.0,-11.2,0.0,0.0,-29.5,-9.0,-3.5,-6.1,-5.5,-14.9
1981,10796747.907532047,19,4.218477370417105,65.78150862958289,548.6177819707212,1,6.435023093445125e-05,0.79400379506365,0.20599620493634999,2.473664648171445e-45,200.0,92.08150862958288,-209.98152262958288,-1.4,-1.0,-11.2,0.0,0.0,-29.5,-9.0,-3.5,-6.1,-5.5,-14.9
1982,10796747.907532047,20,4.218477370417105,65.78150862958289,548.6177819707212,1,6.435023093445125e-05,0.7940085858923303,0.2059914141076697,2.3499814157628725e-45,200.0,92.08150862958288,-209.98152262958288,-1.4,-1.0,-11.2,0.0,0.0,-29.5,-9.0,-3.5,-6.1,-5.5,-14.9
1983,10796747.907532047,21,4.218477370417105,65.78150862958289,548.6177819707212,1,6.435023093445125e-05,0.7940160722561999,0.20598392774380025,2.2324823449747293e-45,200.0,92.08150862958288,-209.98152262958288,-1.4,-1.0,-11.2,0.0,0.0,-29.5,-9.0,-3.5,-6.1,-5.5,-14.9
1984,10796747.907532047,22,4.218477370417105,65.78150862958289,548.6177819707212,1,6.435023093445125e-05,0.7940205273371981,0.20597947266280192,2.1208582277259927e-45,200.0,92.08150862958288,-209.98152262958288,-1.4,-1.0,-11.2,0.0,0.0,-29.5,-9.0,-3.5,-6.1,-5.5,-14.9
1985,10796747.907532047,23,4.218477370417105,65.78150862958289,548.6177819707212,1,6.435023093445125e-05,0.7940241365794356,0.20597586342056434,2.014815316339693e-45,200.0,92.08150862958288,-209.98152262958288,-1.4,-1.0,-11.2,0.0,0.0,-29.5,-9.0,-3.5,-6.1,-5.5,-14.9
1986,10796747.907532047,24,4.218477370417105,65.78150862958289,548.6177819707212,1,6.435023093445125e-05,0.7940274505972007,0.20597254940279927,1.914074550522708e-45,200.0,92.08150862958288,-209.98152262958288,-1.4,-1.0,-11.2,0.0,0.0,-29.5,-9.0,-3.5,-6.1,-5.5,-14.9
1987,10796747.907532047,25,4.218477370417105,65.78150862958289,548.6177819707212,1,6.435023093445125e-05,0.794032513897224,0.205967486102776,1.8183708229965726e-45,200.0,92.08150862958288,-209.98152262958288,-1.4,-1.0,-11.2,0.0,0.0,-29.5,-9.0,-3.5,-6.1,-5.5,-14.9
1988,10796747.907532047,26,4.218477370417105,65.78150862958289,548.6177819707212,1,6.435023093445125e-05,0.7940361942608314,0.20596380573916867,1.727452281846744e-45,200.0,92.08150862958288,-209.98152262958288,-1.4,-1.0,-11.2,0.0,0.0,-29.5,-9.0,-3.5,-6.1,-5.5,-14.9
1989,10796747.907532047,27,4.218477370417105,65.78150862958289,548.6177819707212,1,6.435023093445125e-05,0.7940370406631232,0.20596295933687683,1.6410796677544068e-45,200.0,92.08150862958288,-209.98152262958288,-1.4,-1.0,-11.2,0.0,0.0,-29.5,-9.0,-3.5,-6.1,-5.5,-14.9
1990,10796747.907532047,28,4.218477370417105,65.78150862958289,548.6177819707212,1,6.435023093445125e-05,0.794037731179826,0.20596226882017393,1.5590256843666865e-45,200.0,92.08150862958288,-209.98152262958288,-1.4,-1.0,-11.2,0.0,0.0,-29.5,-9.0,-3.5,-6.1,-5.5,-14.9
1991,10796747.907532047,29,4.218477370417105,65.78150862958289,548.6177819707212,1,6.435023093445125e-05,0.7940362470069688,0.2059637529930311,1.481074400148352e-45,200.0,92.08150862958288,-209.98152262958288,-1.4,-1.0,-11.2,0.0,0.0,-29.5,-9.0,-3.5,-6.1,-5.5,-14.9
1992,10796747.907532047,30,4.218477370417105,65.78150862958289,548.6177819707212,1,6.435023093445125e-05,0.7940332050094463,0.20596679499055381,1.4070206801409347e-45,200.0,92.08150862958288,-209.98152262958288,-1.4,-1.0,-11.2,0.0,0.0,-29.5,-9.0,-3.5,-6.1,-5.5,-14.9
1993,10796747.907532047,31,4.218477370417105,65.78150862958289,548.6177819707212,1,6.435023093445125e-05,0.794030709961312,0.20596929003868805,1.336669646133888e-45,200.0,92.08150862958288,-209.98152262958288,-1.4,-1.0,-11.2,0.0,0.0,-29.5,-9.0,-3.5,-6.1,-5.5,-14.9
1994,10796747.907532047,32,4.218477370417105,65.78150862958289,548.6177819707212,1,6.435023093445125e-05,0.7940282280285327,0.20597177197146738,1.2698361638271936e-45,200.0,92.08150862958288,-209.98152262958288,-1.4,-1.0,-11.2,0.0,0.0,-29.5,-9.0,-3.5,-6.1,-5.5,-14.9
1995,10796747.907532047,33,4.218477370417105,65.78150862958289,548.6177819707212,1,6.435023093445125e-05,0.794024240983195,0.20597575901680498,1.2063443556358339e-45,200.0,92.08150862958288,-209.98152262958288,-1.4,-1.0,-11.2,0.0,0.0,-29.5,-9.0,-3.5,-6.1,-5.5,-14.9
1996,10796747.907532047,34,4.218477370417105,65.78150862958289,548.6177819707212,1,6.435023093445125e-05,0.7940183195042393,0.2059816804957607,1.1460271378540422e-45,200.0,92.08150862958288,-209.98152262958288,-1.4,-1.0,-11.2,0.0,0.0,-29.5,-9.0,-3.5,-6.1,-5.5,-14.9
1997,10796747.907532047,35,4.218477370417105,65.78150862958289,548.6177819707212,1,6.435023093445125e-05,0.7940120788922364,0.20598792110776362,1.08872578096134e-45,200.0,92.08150862958288,-209.98152262958288,-1.4,-1.0,-11.2,0.0,0.0,-29.5,-9.0,-3.5,-6.1,-5.5,-14.9
1998,10796747.907532047,36,4.218477370417105,65.78150862958289,548.6177819707212,1,6.435023093445125e-05,0.7940040192043919,0.20599598079560816,1.034289491913273e-45,200.0,92.08150862958288,-209.98152262958288,-1.4,-1.0,-11.2,0.0,0.0,-29.5,-9.0,-3.5,-6.1,-5.5,-14.9
1999,10796747.907532047,37,4.218477370417105,65.78150862958289,548.6177819707212,1,6.435023093445125e-05,0.793995749046931,0.20600425095306898,9.825750173176094e-46,200.0,92.08150862958288,-209.98152262958288,-1.4,-1.0,-11.2,0.0,0.0,-29.5,-9.0,-3.5,-6.1,-5.5,-14.9
