Iteration,Best_Fitness,Stagnation_Counter,Total_Load_Shed,Gen_Deviation_Sum,Gen_Rescheduling_Cost,Num_Line_Violations,Max_Line_Violation_Pct,Prob_OOA,Prob_KHA,Prob_SHO,B_1,B_2,B_3,B_4,B_5,B_6,B_7,B_8,B_9,B_10,B_11,B_12,B_13,B_14
0,4422129.809768991,0,26.24270641861581,44.22092899514209,368.802547819485,0,0.0,0.3333333333333333,0.3333333333333333,0.3333333333333333,199.76818229312107,70.28911128826316,-192.95199201861638,-1.4,-0.9273878695024372,-10.719641038666843,0.0,0.0,-27.565928979151685,-8.219737798364248,-3.2670540199848728,-5.065465178705229,-5.47524047706966,-14.464846201322825
1,4263690.581700661,0,36.05401939630066,42.636550028179386,355.5888272350161,0,0.0,0.31666666666666665,0.36666666666666664,0.31666666666666665,195.65471528775996,64.59126531593934,-184.39202049172786,-1.2903275907449194,-0.9772054301561099,-10.736412952936226,0.0,0.0,-25.625746341536814,-8.41628395993252,-2.806889210581538,-5.679251059659514,-5.4327626564710085,-14.889080909952815
2,3931793.4799666875,0,39.2787445207521,39.31760659082791,327.9088389675048,0,0.0,0.30083333333333334,0.3983333333333334,0.30083333333333334,195.70182444421,61.319431035037894,-181.0030736737303,-1.2814135457859228,-0.9806689152479846,-10.685602995004333,0.0,0.0,-25.96944704920022,-8.38327851091244,-2.7053399508685336,-5.62575825746718,-5.5,-14.886672581030957
3,3931793.4799666875,1,39.2787445207521,39.31760659082791,327.9088389675048,0,0.0,0.3057217365967366,0.40848659673659676,0.28579166666666667,195.70182444421,61.319431035037894,-181.0030736737303,-1.2814135457859228,-0.9806689152479846,-10.685602995004333,0.0,0.0,-25.96944704920022,-8.38327851091244,-2.7053399508685336,-5.62575825746718,-5.5,-14.886672581030957
4,3823914.9250564347,0,37.627527300318405,38.23882993872266,318.911841688947,0,0.0,0.3112464605777106,0.4172514560889561,0.2715020833333333,197.06682138047947,61.605651319202124,-183.44224617266346,-1.2778207083146123,-0.9820943559626247,-10.271536171688616,0.0,0.0,-25.683948389697118,-8.353864657697748,-2.6507235226045527,-5.610238721052855,-5.5,-14.9
5,3724338.415839878,0,35.55413821218875,37.243073251167864,310.60723091474,0,0.0,0.32004311190779944,0.42202990892553394,0.2579269791666666,198.60139426832168,62.144467519489545,-185.1353222281892,-1.203924030864646,-0.9961315792947592,-10.658371162181133,0.0,0.0,-26.045007958372395,-7.971096651243498,-2.648288154586761,-5.756738315919779,-5.430981707159061,-14.9
6,3557886.0066718236,0,35.57856294150329,35.5785629415033,296.72521493213753,0,0.0,0.33715783942929256,0.4178115303623741,0.2450306302083333,199.88327300114202,60.83816405735468,-185.10862156847978,-1.1994077936721652,-1.0,-10.664368501474273,0.0,0.0,-26.046284283201746,-7.9574524503696615,-2.651464922959766,-5.761107578877354,-5.432729959461941,-14.9
7,3553026.960992664,0,35.52997288995273,35.52997288995274,296.31997390220585,0,0.0,0.35426451679197574,0.4129563845101076,0.23277909869791663,199.90883940109296,60.8611877089543,-185.10727065857938,-1.1962151069371265,-1.0,-10.66830024318927,0.0,0.0,-26.0423840709607,-7.847377502756629,-2.805799996227631,-5.764997240700149,-5.437682290696372,-14.9
8,3553026.960992664,1,35.52997288995273,35.52997288995274,296.31997390220585,0,0.0,0.36831599683472993,0.4105438594022493,0.22114014376302082,199.90883940109296,60.8611877089543,-185.10727065857938,-1.1962151069371265,-1.0,-10.66830024318927,0.0,0.0,-26.0423840709607,-7.847377502756629,-2.805799996227631,-5.764997240700149,-5.437682290696372,-14.9
9,3553026.960992664,2,35.52997288995273,35.52997288995274,296.31997390220585,0,0.0,0.38181693593488414,0.4080999274902461,0.21008313657486977,199.90883940109296,60.8611877089543,-185.10727065857938,-1.1962151069371265,-1.0,-10.66830024318927,0.0,0.0,-26.0423840709607,-7.847377502756629,-2.805799996227631,-5.764997240700149,-5.437682290696372,-14.9
10,3529169.177493228,0,35.29139724467925,35.29139724467926,294.33025302062504,0,0.0,0.3939760891381399,0.40644493111573377,0.19957897974612626,199.97275969249606,61.03584306282468,-185.25204422270366,-1.2041345443852292,-0.998619156889768,-10.693695613124135,0.0,0.0,-26.092928102160172,-7.9104070468255685,-2.7450123624295473,-5.765754435008898,-5.446212954660192,-14.899794317133573
11,3523219.7014346314,0,35.23190298027548,35.23190298027546,293.8340708554973,0,0.0,0.40810962001057427,0.4022903492306058,0.18960003075881995,199.92969528099147,61.13840173873307,-185.29757972101353,-1.3232799444172263,-0.998993960527339,-10.555475347127064,0.0,0.0,-26.099665951803242,-7.925132463281002,-2.723113587975009,-5.79879661209144,-5.446209285647268,-14.899850145841375
12,3510191.7979022567,0,35.10162493147061,35.10162493147064,292.74755192846516,0,0.0,0.42215889539055595,0.39772107538856505,0.18012002922087894,199.93158881285495,61.266786255674404,-185.33713272143092,-1.4,-0.999319522099816,-10.435414593614059,0.0,0.0,-26.105518576231134,-7.937923240253386,-2.8094640005772495,-5.827497675930546,-5.446206098672818,-14.899898639719448
13,3510191.7979022567,1,35.10162493147061,35.10162493147064,292.74755192846516,0,0.0,0.43585684084860515,0.39302913139155987,0.171114027759835,199.93158881285495,61.266786255674404,-185.33713272143092,-1.4,-0.999319522099816,-10.435414593614059,0.0,0.0,-26.105518576231134,-7.937923240253386,-2.8094640005772495,-5.827497675930546,-5.446206098672818,-14.899898639719448
14,3509886.6355668204,0,35.03463452452105,35.098573333566605,292.7221016019455,0,0.0,0.44851673512458284,0.3889249385035739,0.16255832637184325,199.93339607095615,61.33196940452275,-185.41144700114515,-1.4,-0.9993112805468412,-10.451182534199846,0.0,0.0,-26.1120209211722,-7.935059623572408,-2.7977022469491435,-5.822260162612432,-5.4364842931783,-14.89989741210262
15,3503492.7013373002,0,35.03463452452105,35.03463452452107,292.1888519345057,0,0.0,0.4611941966648379,0.38437539328191095,0.1544304100532511,199.9666980354781,61.29866744000084,-185.41144700114515,-1.4,-0.9993112805468412,-10.451182534199846,0.0,0.0,-26.1120209211722,-7.935059623572408,-2.7977022469491435,-5.822260162612432,-5.4364842931783,-14.89989741210262
16,3503482.4524620017,0,35.03453193662367,35.034531936623665,292.18799635144137,0,0.0,0.4737410336865383,0.37955007676287317,0.14670888955058856,199.9667493294268,61.29871873394954,-185.41144700114515,-1.4,-0.9993112805468412,-10.451182534199846,0.0,0.0,-26.1120209211722,-7.935059623572408,-2.7977022469491435,-5.822260162612432,-5.4364842931783,-14.9
17,3503482.4524620017,1,35.03453193662367,35.034531936623665,292.18799635144137,0,0.0,0.48607734851021656,0.3745492064167243,0.13937344507305913,199.9667493294268,61.29871873394954,-185.41144700114515,-1.4,-0.9993112805468412,-10.451182534199846,0.0,0.0,-26.1120209211722,-7.935059623572408,-2.7977022469491435,-5.822260162612432,-5.4364842931783,-14.9
18,3503482.4524620017,2,35.03453193662367,35.034531936623665,292.18799635144137,0,0.0,0.497399510738742,0.37019571644185184,0.13240477281940616,199.9667493294268,61.29871873394954,-185.41144700114515,-1.4,-0.9993112805468412,-10.451182534199846,0.0,0.0,-26.1120209211722,-7.935059623572408,-2.7977022469491435,-5.822260162612432,-5.4364842931783,-14.9
19,3503208.8614103505,0,35.03093427952547,35.031796048924456,292.1651790480299,0,0.0,0.5081882992904174,0.3660271665311467,0.12578453417843585,199.96863755745466,61.30043360637911,-185.4154379068402,-1.4,-0.9993108379500639,-10.452029321171674,0.0,0.0,-26.112370117121568,-7.934905838537224,-2.7970706045552656,-5.821978892016666,-5.435962202281863,-14.9
20,3503208.8614103505,1,35.03093427952547,35.031796048924456,292.1651790480299,0,0.0,0.5188107046347408,0.3616939878957452,0.11949530746951405,199.96863755745466,61.30043360637911,-185.4154379068402,-1.4,-0.9993108379500639,-10.452029321171674,0.0,0.0,-26.112370117121568,-7.934905838537224,-2.7970706045552656,-5.821978892016666,-5.435962202281863,-14.9
21,3503201.4285738557,0,35.02939175224514,35.0317217211794,292.1645591546362,0,0.0,0.5285525958079993,0.35792686209596236,0.11352054209603835,199.96944715191154,61.30116887309094,-185.41714904293232,-1.4,-0.9993106481827836,-10.452392388570543,0.0,0.0,-26.11251983797138,-7.934839901844093,-2.7967997822958415,-5.821858294762598,-5.435738351195286,-14.9
22,3502874.7681385954,0,34.99683458291811,35.02845524406922,292.1373167355373,0,0.0,0.5384996127677003,0.3536558722410633,0.10784451499123644,199.98735508650634,61.31581033057556,-185.4211485483302,-1.3977719533580957,-0.9590329536662463,-10.457063950348603,0.0,0.0,-26.113529444770965,-7.9358666284649875,-2.799716317456832,-5.819417177441602,-5.5,-14.899618443244345
23,3501577.88353167,0,34.99693986496655,35.015486606158404,292.02915829536107,0,0.0,0.5446602655334201,0.3528874452249054,0.10245228924167461,199.99378676443752,61.30927337059592,-185.4168375939715,-1.3971064635991752,-0.9680181769885806,-10.456680338900092,0.0,0.0,-26.11172937448525,-7.934854308696245,-2.798224356689924,-5.820082692605872,-5.499988129494738,-14.899538699602061
24,3501135.5330909574,0,35.011063138643024,35.011063138642996,291.9922665762826,0,0.0,0.5515313438071487,0.3511389814132604,0.09732967477959088,199.99204543483432,61.29689142652268,-185.41256616667596,-1.3997778116877633,-0.9654528704332662,-10.449795711025937,0.0,0.0,-26.10927371363657,-7.934669094208099,-2.8012280651251773,-5.822633586068184,-5.494057381298706,-14.899482461197302
25,3500639.3404737688,0,35.0061011538541,35.00610115385407,291.95088362314294,0,0.0,0.5594241643718934,0.3481126445874954,0.09246319104061135,199.99399136047975,61.299907485666175,-185.41444704681084,-1.4,-0.970145822046657,-10.449113878592971,0.0,0.0,-26.106726849253253,-7.938189087769124,-2.7997793605356547,-5.823479233598383,-5.4953296111648084,-14.89668795637421
26,3500639.3404737688,1,35.0061011538541,35.00610115385407,291.95088362314294,0,0.0,0.566843914520269,0.34531605399115023,0.08784003148858077,199.99399136047975,61.299907485666175,-185.41444704681084,-1.4,-0.970145822046657,-10.449113878592971,0.0,0.0,-26.106726849253253,-7.938189087769124,-2.7997793605356547,-5.823479233598383,-5.4953296111648084,-14.89668795637421
27,3500299.8869340224,0,35.002401481606,35.00270674676596,291.92257426802814,0,0.0,0.5738914910808088,0.34266047900503943,0.08344802991415173,199.997445885814,61.300152632579945,-185.4148296771139,-1.399903024436573,-0.9762078158246783,-10.449772666491093,0.0,0.0,-26.107161484600464,-7.937800794185317,-2.799749172402996,-5.822960045806375,-5.492079956135757,-14.897133881396845
28,3500299.776632137,1,35.00241066010337,35.0027056437563,291.92256506892755,0,0.0,0.5818397668192783,0.33888460476227766,0.07927562841844416,199.99744184807014,61.300147491826436,-185.41482980426437,-1.3999030681607725,-0.9762139031095958,-10.449773251188267,0.0,0.0,-26.10716299535176,-7.937799976290632,-2.799748366792847,-5.822959826141908,-5.492063466581287,-14.89713468201517
29,3500287.3564654225,0,35.00258134312577,35.002581343125826,291.9215284016694,0,0.0,0.590025741897238,0.3346624111052401,0.07531184699752194,199.99807580296127,61.299342853912904,-185.4125255594585,-1.4,-0.9721442682414387,-10.45125926533959,0.0,0.0,-26.111308057971197,-7.939199626193035,-2.797232667338458,-5.821222904816908,-5.497039966328899,-14.895486341186206
30,3500202.601889382,0,35.000432302089436,35.00173370443473,291.9144590949856,0,0.0,0.5969732794247204,0.3314804659276338,0.07154625464764584,199.99891699673793,61.30065070117266,-185.4166402689987,-1.4,-0.9717097102461848,-10.453044612482365,0.0,0.0,-26.110136114096512,-7.932083614984415,-2.80330882879294,-5.820189655362179,-5.492454892947261,-14.9
31,3500199.084752248,0,35.000336680092325,35.00169853335671,291.91416576819495,0,0.0,0.6023537495817081,0.32967730850302845,0.06796894191526355,199.9989823932755,61.300680926632204,-185.4164752339704,-1.4,-0.9716668681868667,-10.453007746473249,0.0,0.0,-26.110231878865633,-7.9323328952927925,-2.803077517812788,-5.82019873579277,-5.4926724435131575,-14.9
32,3500089.5394298024,0,35.000307625609224,35.00060308926826,291.90502976449727,0,0.0,0.6077435958060327,0.327685909374467,0.06457049481950038,199.99954464256126,61.30014773182952,-185.41705424398282,-1.4,-0.9695998893860734,-10.454158437194664,0.0,0.0,-26.111235111351967,-7.930182966349088,-2.8045243450582285,-5.819158802074164,-5.493778578993759,-14.9
33,3500089.5394298024,1,35.000307625609224,35.00060308926826,291.90502976449727,0,0.0,0.6131952553318539,0.3254627745896208,0.06134197007852536,199.99954464256126,61.30014773182952,-185.41705424398282,-1.4,-0.9695998893860734,-10.454158437194664,0.0,0.0,-26.111235111351967,-7.930182966349088,-2.8045243450582285,-5.819158802074164,-5.493778578993759,-14.9
34,3500082.4580742517,0,35.00045950403786,35.00053227630333,291.90443918436983,0,0.0,0.6182120078669996,0.32351312055840137,0.05827487157459909,199.9995041098294,61.30003638613272,-185.41732819510386,-1.4,-0.9694989279651809,-10.454307809772624,0.0,0.0,-26.11110267762125,-7.92984225023057,-2.8047406147941785,-5.819081730938794,-5.493638289535663,-14.9
35,3500082.006538771,1,35.00052804760845,35.00052776098618,291.9044015266248,0,0.0,0.6235129181322364,0.3211259538718944,0.05536112799586913,199.99950105443875,61.299971184575064,-185.41727070090266,-1.4,-0.9695051351570497,-10.454301830271199,0.0,0.0,-26.111090515906625,-7.929848307022513,-2.804735584552433,-5.8190848121892635,-5.49363506638979,-14.9
36,3500063.166796142,0,35.00033985468982,35.00033936513111,291.9028303051935,0,0.0,0.6285573157986094,0.31884961260531497,0.05259307159607568,199.9998504622281,61.29981017264079,-185.41671051142237,-1.4,-0.9688178958617206,-10.45425756573715,0.0,0.0,-26.11111527152595,-7.929568232608314,-2.805143222753062,-5.818925585600753,-5.495121859800858,-14.9
37,3500060.969357383,1,35.000317390926746,35.00031739092679,291.9026470403294,0,0.0,0.633469561954225,0.3165670200295031,0.049963418016271896,199.99998963397243,61.299692975100776,-185.4164543247139,-1.4,-0.9677426948534412,-10.454892545507878,0.0,0.0,-26.113293820102605,-7.927534178892983,-2.8044026610937474,-5.819705933601196,-5.49565645030749,-14.9
38,3500056.541338333,0,35.00026296491689,35.000273111105585,291.90227774662054,0,0.0,0.6384063251874099,0.31412842769713173,0.0474652471154583,200.0,61.29972688889441,-185.41631352008574,-1.4,-0.9679205481408719,-10.454741220760129,0.0,0.0,-26.113250858465083,-7.927733227235834,-2.804184668835805,-5.819894232620394,-5.495698758939247,-14.9
39,3500036.4334696783,0,35.00002135317163,35.000039414220275,291.9003287145971,0,0.0,0.6432986954574542,0.31160931978286044,0.045091984759685386,200.0,61.29996058577972,-185.4162199428063,-1.4,-0.9676318161121158,-10.454844020037255,0.0,0.0,-26.113710795809766,-7.927570346146745,-2.803993685905588,-5.820087247687822,-5.495920792322773,-14.9
40,3500031.8480082094,0,34.99997708237474,35.00002617986375,291.90021834006365,0,0.0,0.6479444727965717,0.3092181416817271,0.04283738552170111,200.0,61.30002617986375,-185.41623656093483,-1.4,-0.9674626943769197,-10.455048129916584,0.0,0.0,-26.114544918768782,-7.927010171482027,-2.8034929377024733,-5.8205139983852066,-5.495713506058419,-14.9
41,3500031.8480082094,1,34.99997708237474,35.00002617986375,291.90021834006365,0,0.0,0.6526872188384006,0.3066172649159834,0.04069551624561606,200.0,61.30002617986375,-185.41623656093483,-1.4,-0.9674626943769197,-10.455048129916584,0.0,0.0,-26.114544918768782,-7.927010171482027,-2.8034929377024733,-5.8205139983852066,-5.495713506058419,-14.9
42,3500031.8480082094,2,34.99997708237474,35.00002617986375,291.90021834006365,0,0.0,0.6571555925601908,0.3041836670064739,0.038660740433335256,200.0,61.30002617986375,-185.41623656093483,-1.4,-0.9674626943769197,-10.455048129916584,0.0,0.0,-26.114544918768782,-7.927010171482027,-2.8034929377024733,-5.8205139983852066,-5.495713506058419,-14.9
43,3500031.6209227913,3,35.000026450259156,35.00002390902851,291.90019940129775,0,0.0,0.6613259446946242,0.30194635189370733,0.0367277034116685,199.99999796032301,61.29997813064847,-185.41626298589514,-1.4,-0.9675454417963767,-10.454999639608168,0.0,0.0,-26.114317289068634,-7.92714245714291,-2.8036161467388565,-5.820399113326663,-5.495690476164079,-14.9
44,3500029.5211240496,4,34.99998809811541,35.000002911216214,291.9000242795432,0,0.0,0.6654786159087878,0.2996300658501272,0.03489131824108507,200.0,61.30000291121621,-185.41621895404054,-1.4,-0.9674489908960172,-10.455037157915557,0.0,0.0,-26.114475467714108,-7.927015642571582,-2.803561657762473,-5.820462336734972,-5.495791694249322,-14.9
45,3500029.5211240496,5,34.99998809811541,35.000002911216214,291.9000242795432,0,0.0,0.6701321342815554,0.2967211133894138,0.03314675232903082,200.0,61.30000291121621,-185.41621895404054,-1.4,-0.9674489908960172,-10.455037157915557,0.0,0.0,-26.114475467714108,-7.927015642571582,-2.803561657762473,-5.820462336734972,-5.495791694249322,-14.9
46,3500029.5211240496,6,34.99998809811541,35.000002911216214,291.9000242795432,0,0.0,0.6745211447678986,0.29398944051952214,0.031489414712579274,200.0,61.30000291121621,-185.41621895404054,-1.4,-0.9674489908960172,-10.455037157915557,0.0,0.0,-26.114475467714108,-7.927015642571582,-2.803561657762473,-5.820462336734972,-5.495791694249322,-14.9
47,3500029.403753556,7,34.9999904947741,35.00000173752107,291.9000144909257,0,0.0,0.6785298054990319,0.2915552505240179,0.029914943976950308,200.0,61.300001737521065,-185.41622186013345,-1.4,-0.9674557457498794,-10.45503442329793,0.0,0.0,-26.114466315538138,-7.927023781871391,-2.803563805649068,-5.820459549389141,-5.495784023596891,-14.9
48,3500029.3071954437,8,34.999992254746,35.000000771947995,291.90000643804626,0,0.0,0.682693434678301,0.2888873685435962,0.02841919677810279,200.0,61.30000077194799,-185.41622032047744,-1.4,-0.9674575237344302,-10.455034468136532,0.0,0.0,-26.114467971428486,-7.9270238837039715,-2.8035622377076916,-5.820460637564446,-5.49578070250099,-14.9
49,3500029.23605275,9,34.99999362166606,35.00000006052699,291.9000005047951,0,0.0,0.6868983706321212,0.2861033924286811,0.026998236939197652,200.0,61.299999939473004,-185.41621840346548,-1.4,-0.9674562605296724,-10.455036669604022,0.0,0.0,-26.114480406473128,-7.927015896656035,-2.803554487534064,-5.820467451016029,-5.495776803055508,-14.9
50,3500029.23605275,10,34.99999362166606,35.00000006052699,291.9000005047951,0,0.0,0.6910082369995494,0.2833434379082128,0.02564832509223777,200.0,61.299999939473004,-185.41621840346548,-1.4,-0.9674562605296724,-10.455036669604022,0.0,0.0,-26.114480406473128,-7.927015896656035,-2.803554487534064,-5.820467451016029,-5.495776803055508,-14.9
51,3500029.232654882,11,34.999993489409434,35.0000000265486,291.90000022141527,0,0.0,0.6948331269777887,0.28080096418458556,0.024365908837625884,200.0,61.300000026548595,-185.41621821202128,-1.4,-0.9674558904747083,-10.455036824560622,0.0,0.0,-26.114481094456416,-7.92701536323629,-2.8035542252079892,-5.820467741114851,-5.495777159518401,-14.9
52,3500029.230461983,12,34.99999353675021,35.00000000461979,291.9000000385291,0,0.0,0.6985379369016638,0.2783144497025917,0.023147613395744587,200.0,61.299999995380205,-185.41621828054804,-1.4,-0.9674560229345402,-10.45503676909447,0.0,0.0,-26.114480848195292,-7.927015554171953,-2.803554319106656,-5.82046763727503,-5.495777031923801,-14.9
53,3500029.230461983,13,34.99999353675021,35.00000000461979,291.9000000385291,0,0.0,0.7021766126227702,0.27583315465127245,0.02199023272595736,200.0,61.299999995380205,-185.41621828054804,-1.4,-0.9674560229345402,-10.45503676909447,0.0,0.0,-26.114480848195292,-7.927015554171953,-2.803554319106656,-5.82046763727503,-5.495777031923801,-14.9
54,3500029.230461983,14,34.99999353675021,35.00000000461979,291.9000000385291,0,0.0,0.7055724009292761,0.2735368779810645,0.020890721089659493,200.0,61.299999995380205,-185.41621828054804,-1.4,-0.9674560229345402,-10.45503676909447,0.0,0.0,-26.114480848195292,-7.927015554171953,-2.803554319106656,-5.82046763727503,-5.495777031923801,-14.9
55,3500029.230461983,15,34.99999353675021,35.00000000461979,291.9000000385291,0,0.0,0.7086780286855258,0.27147578627929775,0.019846185035176517,200.0,61.299999995380205,-185.41621828054804,-1.4,-0.9674560229345402,-10.45503676909447,0.0,0.0,-26.114480848195292,-7.927015554171953,-2.803554319106656,-5.82046763727503,-5.495777031923801,-14.9
56,3500029.230461983,16,34.99999353675021,35.00000000461979,291.9000000385291,0,0.0,0.7115513289520201,0.2695947952645622,0.01885387578341769,200.0,61.299999995380205,-185.41621828054804,-1.4,-0.9674560229345402,-10.45503676909447,0.0,0.0,-26.114480848195292,-7.927015554171953,-2.803554319106656,-5.82046763727503,-5.495777031923801,-14.9
57,3500029.230461983,17,34.99999353675021,35.00000000461979,291.9000000385291,0,0.0,0.7141311124008994,0.2679577056048537,0.017911181994246805,200.0,61.299999995380205,-185.41621828054804,-1.4,-0.9674560229345402,-10.45503676909447,0.0,0.0,-26.114480848195292,-7.927015554171953,-2.803554319106656,-5.82046763727503,-5.495777031923801,-14.9
58,3500029.230414352,18,34.99999353626557,35.00000000414348,291.9000000345566,0,0.0,0.71652564392916,0.26645873317630553,0.017015622894534465,200.0,61.29999999585652,-185.41621827985284,-1.4,-0.9674560263829162,-10.455036767153574,0.0,0.0,-26.114480846645005,-7.927015558072543,-2.8035543164360535,-5.820467639229053,-5.495777029962431,-14.9
59,3500029.230407496,19,34.9999935361958,35.00000000407493,291.9000000339849,0,0.0,0.7190280082983428,0.26480714995184945,0.01616484174980774,200.0,61.29999999592507,-185.4162182797528,-1.4,-0.9674560268792294,-10.455036766874228,0.0,0.0,-26.114480846421877,-7.927015558633942,-2.8035543160516827,-5.820467639510289,-5.495777029680138,-14.9
60,3500029.230407496,20,34.9999935361958,35.00000000407493,291.9000000339849,0,0.0,0.7214669988825895,0.26317640145509325,0.015356599662317354,200.0,61.29999999592507,-185.4162182797528,-1.4,-0.9674560268792294,-10.455036766874228,0.0,0.0,-26.114480846421877,-7.927015558633942,-2.8035543160516827,-5.820467639510289,-5.495777029680138,-14.9
61,3500029.2303949962,21,34.99999522330149,35.00000000394993,291.9000000329424,0,0.0,0.7237265663330195,0.26168466398777906,0.014588769679201486,200.0,61.300000003949926,-185.41623014972544,-1.4,-0.9674575128102568,-10.455033631700806,0.0,0.0,-26.11447863928995,-7.92701399467445,-2.8035498032844517,-5.820464902719354,-5.495776142493786,-14.9
62,3500029.2303806962,22,34.99999523402715,35.00000000380693,291.9000000317498,0,0.0,0.7259873247889707,0.2601533440157879,0.01385933119524141,200.0,61.30000000380693,-185.41623022243638,-1.4,-0.9674575216106084,-10.455033612930158,0.0,0.0,-26.114478628882516,-7.927013982959259,-2.8035497734654826,-5.820464887587592,-5.4957761361008295,-14.9
63,3500029.2300126795,23,34.999994183038005,35.000000000126796,291.90000000105744,0,0.0,0.7282338116733804,0.2585998236911402,0.01316636463547934,200.0,61.30000000012679,-185.41622284677516,-1.4,-0.9674565975585472,-10.455035560023717,0.0,0.0,-26.114479989608103,-7.927014961333013,-2.803552586159109,-5.820466582303868,-5.495776693200471,-14.9
64,3500029.2300126795,24,34.999994183038005,35.000000000126796,291.90000000105744,0,0.0,0.7306421539009121,0.25684979969538246,0.012508046403705371,200.0,61.30000000012679,-185.41622284677516,-1.4,-0.9674565975585472,-10.455035560023717,0.0,0.0,-26.114479989608103,-7.927014961333013,-2.803552586159109,-5.820466582303868,-5.495776693200471,-14.9
65,3500029.2300126795,25,34.999994183038005,35.000000000126796,291.90000000105744,0,0.0,0.732898095935979,0.255219259980501,0.011882644083520104,200.0,61.30000000012679,-185.41622284677516,-1.4,-0.9674565975585472,-10.455035560023717,0.0,0.0,-26.114479989608103,-7.927014961333013,-2.803552586159109,-5.820466582303868,-5.495776693200471,-14.9
66,3500029.2300115176,26,34.99999418127864,35.00000000011518,291.9000000009606,0,0.0,0.7349896555950867,0.25372183252556935,0.011288511879344099,200.0,61.300000000115176,-185.4162228343522,-1.4,-0.9674565960048321,-10.455035563307357,0.0,0.0,-26.11447999193942,-7.927014962956267,-2.8035525908658174,-5.820466585178922,-5.495776694116532,-14.9
67,3500029.2300115176,27,34.99999418127864,35.00000000011518,291.9000000009606,0,0.0,0.7371727860110829,0.25210312770354026,0.010724086285376893,200.0,61.300000000115176,-185.4162228343522,-1.4,-0.9674565960048321,-10.455035563307357,0.0,0.0,-26.11447999193942,-7.927014962956267,-2.8035525908658174,-5.820466585178922,-5.495776694116532,-14.9
68,3500029.230007934,28,34.99999417340653,35.00000000007934,291.9000000006617,0,0.0,0.7391502882350545,0.25066182979383744,0.010187881971108047,200.0,61.300000000079336,-185.4162227789987,-1.4,-0.9674565890695613,-10.455035577929912,0.0,0.0,-26.114480002223818,-7.927014970251237,-2.803552611922304,-5.820466597935779,-5.4957766982621425,-14.9
69,3500029.230007934,29,34.99999417340653,35.00000000007934,291.9000000006617,0,0.0,0.7409865798542716,0.24933493227317574,0.009678487872552646,200.0,61.300000000079336,-185.4162227789987,-1.4,-0.9674565890695613,-10.455035577929912,0.0,0.0,-26.114480002223818,-7.927014970251237,-2.803552611922304,-5.820466597935779,-5.4957766982621425,-14.9
70,3500029.230007934,30,34.99999417340653,35.00000000007934,291.9000000006617,0,0.0,0.7427120849662252,0.2480933515548498,0.009194563478925014,200.0,61.300000000079336,-185.4162227789987,-1.4,-0.9674565890695613,-10.455035577929912,0.0,0.0,-26.114480002223818,-7.927014970251237,-2.803552611922304,-5.820466597935779,-5.4957766982621425,-14.9
71,3500029.230007212,31,34.999994173159614,35.00000000007212,291.90000000060144,0,0.0,0.744305073513009,0.2469600911820123,0.008734835304978764,200.0,61.30000000007212,-185.4162227772138,-1.4,-0.9674565888471969,-10.455035578400134,0.0,0.0,-26.1144800025535,-7.927014970487063,-2.8035526125991357,-5.820466598344652,-5.495776698394907,-14.9
72,3500029.230003387,32,34.99999416595562,35.00000000003387,291.9000000002825,0,0.0,0.7458658733529495,0.2458360331073207,0.008298093539729826,200.0,61.30000000003387,-185.41622272651435,-1.4,-0.9674565824962033,-10.455035591792134,0.0,0.0,-26.11448001197189,-7.927014977168961,-2.8035526318829884,-5.8204666100269495,-5.4957767021909,-14.9
73,3500029.2300004903,33,34.999994161341355,35.0000000000049,291.90000000004085,0,0.0,0.7474272693867762,0.24468954175048044,0.007883188862743334,200.0,61.3000000000049,-185.41622269397803,-1.4,-0.9674565784236879,-10.455035600389204,0.0,0.0,-26.11448001804817,-7.927014981437828,-2.8035526442320706,-5.82046661754161,-5.495776704608032,-14.9
74,3500029.2300004903,34,34.999994161341355,35.0000000000049,291.90000000004085,0,0.0,0.7490559059174374,0.24345506466295644,0.007489029419606168,200.0,61.3000000000049,-185.41622269397803,-1.4,-0.9674565784236879,-10.455035600389204,0.0,0.0,-26.11448001804817,-7.927014981437828,-2.8035526442320706,-5.82046661754161,-5.495776704608032,-14.9
75,3500029.2300004903,35,34.999994161341355,35.0000000000049,291.90000000004085,0,0.0,0.750485999064707,0.2423994229866671,0.007114577948625859,200.0,61.3000000000049,-185.41622269397803,-1.4,-0.9674565784236879,-10.455035600389204,0.0,0.0,-26.11448001804817,-7.927014981437828,-2.8035526442320706,-5.82046661754161,-5.495776704608032,-14.9
76,3500029.2300004903,36,34.999994161341355,35.0000000000049,291.90000000004085,0,0.0,0.7518070222399613,0.24143412870884415,0.006758849051194566,200.0,61.3000000000049,-185.41622269397803,-1.4,-0.9674565784236879,-10.455035600389204,0.0,0.0,-26.11448001804817,-7.927014981437828,-2.8035526442320706,-5.82046661754161,-5.495776704608032,-14.9
77,3500029.230000155,37,34.99999416383359,35.00000000000155,291.9000000000129,0,0.0,0.7529706647381869,0.24060842866317828,0.0064209065986348375,200.0,61.29999999999845,-185.41622271135634,-1.4,-0.9674565806763892,-10.455035595775241,0.0,0.0,-26.114480014675763,-7.927014979270836,-2.803552637694844,-5.820466613483544,-5.495776703233442,-14.9
78,3500029.2300000666,38,34.99999416407264,35.00000000000067,291.90000000000555,0,0.0,0.7542571210212583,0.23964301771003862,0.006099861268703096,200.0,61.29999999999933,-185.41622271303257,-1.4,-0.9674565808918105,-10.455035595333694,0.0,0.0,-26.114480014350676,-7.927014979060954,-2.803552637062118,-5.820466613090593,-5.495776703104939,-14.9
79,3500029.2300000666,39,34.99999416407264,35.00000000000067,291.90000000000555,0,0.0,0.7556533570894712,0.23855177470526087,0.005794868205267941,200.0,61.29999999999933,-185.41622271303257,-1.4,-0.9674565808918105,-10.455035595333694,0.0,0.0,-26.114480014350676,-7.927014979060954,-2.803552637062118,-5.820466613090593,-5.495776703104939,-14.9
80,3500029.230000037,40,34.99999416408325,35.00000000000037,291.90000000000305,0,0.0,0.7569616132650372,0.23753326193995822,0.005505124795004544,200.0,61.29999999999963,-185.41622271310925,-1.4,-0.9674565809005262,-10.45503559531366,0.0,0.0,-26.11448001433792,-7.927014979049521,-2.8035526370322716,-5.8204666130734575,-5.4957767031001366,-14.9
81,3500029.230000037,41,34.99999416408325,35.00000000000037,291.90000000000305,0,0.0,0.7583731930140054,0.23639693843074022,0.005229868555254317,200.0,61.29999999999963,-185.41622271310925,-1.4,-0.9674565809005262,-10.45503559531366,0.0,0.0,-26.11448001433792,-7.927014979049521,-2.8035526370322716,-5.8204666130734575,-5.4957767031001366,-14.9
82,3500029.2300000307,42,34.9999941642043,35.000000000000306,291.90000000000254,0,0.0,0.7596641017460405,0.23536752312646794,0.004968375127491602,200.0,61.3000000000003,-185.4162227139582,-1.4,-0.9674565810097658,-10.455035595090944,0.0,0.0,-26.114480014173232,-7.927014978943334,-2.803552636710909,-5.820466612874141,-5.495776703035149,-14.9
83,3500029.2300000307,43,34.9999941642043,35.000000000000306,291.90000000000254,0,0.0,0.760962395227599,0.234317648401284,0.004719956371117022,200.0,61.3000000000003,-185.4162227139582,-1.4,-0.9674565810097658,-10.455035595090944,0.0,0.0,-26.114480014173232,-7.927014978943334,-2.803552636710909,-5.820466612874141,-5.495776703035149,-14.9
84,3500029.230000008,44,34.99999416420379,35.00000000000008,291.9000000000006,0,0.0,0.762161070338014,0.23335497110942494,0.004483958552561171,200.0,61.29999999999992,-185.41622271395244,-1.4,-0.9674565810080505,-10.455035595092388,0.0,0.0,-26.114480014174617,-7.927014978943648,-2.8035526367138024,-5.820466612875589,-5.495776703035664,-14.9
85,3500029.230000008,45,34.99999416420379,35.00000000000008,291.9000000000006,0,0.0,0.7633204248724307,0.23241981450263627,0.004259760624933113,200.0,61.29999999999992,-185.41622271395244,-1.4,-0.9674565810080505,-10.455035595092388,0.0,0.0,-26.114480014174617,-7.927014978943648,-2.8035526367138024,-5.820466612875589,-5.495776703035664,-14.9
86,3500029.230000003,46,34.99999416424473,35.00000000000003,291.9000000000002,0,0.0,0.7643764890451359,0.23157673836117776,0.0040467725936864565,200.0,61.300000000000026,-185.41622271423864,-1.4,-0.9674565810445225,-10.455035595017277,0.0,0.0,-26.114480014119238,-7.92701497890766,-2.8035526366056716,-5.820466612808444,-5.495776703013806,-14.9
87,3500029.230000003,47,34.99999416424473,35.00000000000003,291.9000000000002,0,0.0,0.7654592030097188,0.2306963630262791,0.0038444339640021333,200.0,61.300000000000026,-185.41622271423864,-1.4,-0.9674565810445225,-10.455035595017277,0.0,0.0,-26.114480014119238,-7.92701497890766,-2.8035526366056716,-5.820466612808444,-5.495776703013806,-14.9
88,3500029.230000003,48,34.99999416424473,35.00000000000003,291.9000000000002,0,0.0,0.7664724700085931,0.22987531772560488,0.0036522122658020264,200.0,61.300000000000026,-185.41622271423864,-1.4,-0.9674565810445225,-10.455035595017277,0.0,0.0,-26.114480014119238,-7.92701497890766,-2.8035526366056716,-5.820466612808444,-5.495776703013806,-14.9
89,3500029.230000003,49,34.99999416424473,35.00000000000003,291.9000000000002,0,0.0,0.7673830954803813,0.22914730286710677,0.0034696016525119252,200.0,61.300000000000026,-185.41622271423864,-1.4,-0.9674565810445225,-10.455035595017277,0.0,0.0,-26.114480014119238,-7.92701497890766,-2.8035526366056716,-5.820466612808444,-5.495776703013806,-14.9
90,3500029.2300000023,0,34.999994164240846,35.00000000000002,291.90000000000015,0,0.0,0.7681879628715578,0.22851591555855585,0.0032961215698863286,200.0,61.30000000000002,-185.41622271421147,-1.4,-0.9674565810410596,-10.455035595024407,0.0,0.0,-26.114480014124496,-7.927014978911075,-2.8035526366159353,-5.820466612814818,-5.495776703015881,-14.9
91,3500029.2300000014,1,34.999994164241365,35.000000000000014,291.9000000000001,0,0.0,0.7690096213505515,0.22785906315805654,0.0031313154913920126,200.0,61.30000000000001,-185.41622271421505,-1.4,-0.9674565810415381,-10.455035595023464,0.0,0.0,-26.114480014123753,-7.927014978910666,-2.8035526366146013,-5.820466612813952,-5.495776703015595,-14.9
92,3500029.230000001,2,34.999994164247454,35.00000000000001,291.90000000000003,0,0.0,0.769816850507785,0.22720839977539256,0.002974749716822412,200.0,61.29999999999999,-185.41622271425751,-1.4,-0.9674565810470567,-10.455035595012182,0.0,0.0,-26.11448001411549,-7.927014978905392,-2.80355263659864,-5.820466612804026,-5.495776703012229,-14.9
93,3500029.230000001,3,34.999994164247454,35.00000000000001,291.90000000000003,0,0.0,0.7706017125115836,0.22657227525743506,0.002826012230981291,200.0,61.29999999999999,-185.41622271425751,-1.4,-0.9674565810470567,-10.455035595012182,0.0,0.0,-26.11448001411549,-7.927014978905392,-2.80355263659864,-5.820466612804026,-5.495776703012229,-14.9
94,3500029.23,4,34.99999416424623,35.0,291.9,0,0.0,0.7713278607923651,0.22598742758820267,0.0026847116194322266,200.0,61.3,-185.41622271424893,-1.4,-0.9674565810459391,-10.455035595014461,0.0,0.0,-26.114480014117166,-7.927014978906453,-2.803552636601865,-5.820466612806036,-5.495776703012909,-14.9
95,3500029.23,5,34.99999416424623,35.0,291.9,0,0.0,0.7720634167548344,0.22538610720670502,0.002550476038460615,200.0,61.3,-185.41622271424893,-1.4,-0.9674565810459391,-10.455035595014461,0.0,0.0,-26.114480014117166,-7.927014978906453,-2.803552636601865,-5.820466612806036,-5.495776703012909,-14.9
96,3500029.23,6,34.99999416424623,35.0,291.9,0,0.0,0.7727266544372171,0.22485039332624526,0.002422952236537584,200.0,61.3,-185.41622271424893,-1.4,-0.9674565810459391,-10.455035595014461,0.0,0.0,-26.114480014117166,-7.927014978906453,-2.803552636601865,-5.820466612806036,-5.495776703012909,-14.9
97,3500029.23,7,34.99999416424623,35.0,291.9,0,0.0,0.7733132400984747,0.2243849552768146,0.002301804624710705,200.0,61.3,-185.41622271424893,-1.4,-0.9674565810459391,-10.455035595014461,0.0,0.0,-26.114480014117166,-7.927014978906453,-2.803552636601865,-5.820466612806036,-5.495776703012909,-14.9
98,3500029.23,8,34.99999416424623,35.0,291.9,0,0.0,0.7738020656185169,0.22401121998800794,0.0021867143934751693,200.0,61.3,-185.41622271424893,-1.4,-0.9674565810459391,-10.455035595014461,0.0,0.0,-26.114480014117166,-7.927014978906453,-2.803552636601865,-5.820466612806036,-5.495776703012909,-14.9
99,3500029.23,9,34.99999416424623,35.0,291.9,0,0.0,0.7743009823382171,0.22362163898798157,0.0020773786738014113,200.0,61.3,-185.41622271424893,-1.4,-0.9674565810459391,-10.455035595014461,0.0,0.0,-26.114480014117166,-7.927014978906453,-2.803552636601865,-5.820466612806036,-5.495776703012909,-14.9
100,3500029.23,10,34.99999416424623,35.0,291.9,0,0.0,0.7747417374934689,0.22328475276641976,0.0019735097401113407,200.0,61.3,-185.41622271424893,-1.4,-0.9674565810459391,-10.455035595014461,0.0,0.0,-26.114480014117166,-7.927014978906453,-2.803552636601865,-5.820466612806036,-5.495776703012909,-14.9
101,3500029.23,11,34.99999416424623,35.0,291.9,0,0.0,0.7751194912495054,0.2230056744973889,0.0018748342531057739,200.0,61.3,-185.41622271424893,-1.4,-0.9674565810459391,-10.455035595014461,0.0,0.0,-26.114480014117166,-7.927014978906453,-2.803552636601865,-5.820466612806036,-5.495776703012909,-14.9
102,3500029.23,12,34.99999416424623,35.0,291.9,0,0.0,0.7754463596299822,0.22277254782956735,0.001781092540450485,200.0,61.3,-185.41622271424893,-1.4,-0.9674565810459391,-10.455035595014461,0.0,0.0,-26.114480014117166,-7.927014978906453,-2.803552636601865,-5.820466612806036,-5.495776703012909,-14.9
103,3500029.23,13,34.99999416424623,35.0,291.9,0,0.0,0.7757007424553789,0.22260721963119312,0.0016920379134279608,200.0,61.3,-185.41622271424893,-1.4,-0.9674565810459391,-10.455035595014461,0.0,0.0,-26.114480014117166,-7.927014978906453,-2.803552636601865,-5.820466612806036,-5.495776703012909,-14.9
104,3500029.23,14,34.99999416424623,35.0,291.9,0,0.0,0.7759116786641831,0.22248088531806043,0.001607436017756563,200.0,61.3,-185.41622271424893,-1.4,-0.9674565810459391,-10.455035595014461,0.0,0.0,-26.114480014117166,-7.927014978906453,-2.803552636601865,-5.820466612806036,-5.495776703012909,-14.9
105,3500029.23,15,34.99999416424623,35.0,291.9,0,0.0,0.776081866371353,0.2223910694117783,0.0015270642168687348,200.0,61.3,-185.41622271424893,-1.4,-0.9674565810459391,-10.455035595014461,0.0,0.0,-26.114480014117166,-7.927014978906453,-2.803552636601865,-5.820466612806036,-5.495776703012909,-14.9
106,3500029.23,16,34.99999416424623,35.0,291.9,0,0.0,0.7761976925176162,0.22235159647635855,0.001450711006025298,200.0,61.3,-185.41622271424893,-1.4,-0.9674565810459391,-10.455035595014461,0.0,0.0,-26.114480014117166,-7.927014978906453,-2.803552636601865,-5.820466612806036,-5.495776703012909,-14.9
107,3500029.23,17,34.99999416424623,35.0,291.9,0,0.0,0.7762464605141776,0.2223753640300984,0.001378175455724033,200.0,61.3,-185.41622271424893,-1.4,-0.9674565810459391,-10.455035595014461,0.0,0.0,-26.114480014117166,-7.927014978906453,-2.803552636601865,-5.820466612806036,-5.495776703012909,-14.9
108,3500029.23,18,34.99999416424623,35.0,291.9,0,0.0,0.7762644165860976,0.22242631673096455,0.0013092666829378314,200.0,61.3,-185.41622271424893,-1.4,-0.9674565810459391,-10.455035595014461,0.0,0.0,-26.114480014117166,-7.927014978906453,-2.803552636601865,-5.820466612806036,-5.495776703012909,-14.9
109,3500029.23,19,34.99999416424623,35.0,291.9,0,0.0,0.7762296876979118,0.2225265089532973,0.00124380334879094,200.0,61.3,-185.41622271424893,-1.4,-0.9674565810459391,-10.455035595014461,0.0,0.0,-26.114480014117166,-7.927014978906453,-2.803552636601865,-5.820466612806036,-5.495776703012909,-14.9
110,3500029.23,20,34.99999416424623,35.0,291.9,0,0.0,0.7761852348840123,0.22263315193463631,0.001181613181351393,200.0,61.3,-185.41622271424893,-1.4,-0.9674565810459391,-10.455035595014461,0.0,0.0,-26.114480014117166,-7.927014978906453,-2.803552636601865,-5.820466612806036,-5.495776703012909,-14.9
111,3500029.23,21,34.99999416424623,35.0,291.9,0,0.0,0.7761160617956149,0.2227614056821013,0.0011225325222838235,200.0,61.3,-185.41622271424893,-1.4,-0.9674565810459391,-10.455035595014461,0.0,0.0,-26.114480014117166,-7.927014978906453,-2.803552636601865,-5.820466612806036,-5.495776703012909,-14.9
112,3500029.23,22,34.99999416424623,35.0,291.9,0,0.0,0.7760394245521662,0.2228941695516641,0.0010664058961696323,200.0,61.3,-185.41622271424893,-1.4,-0.9674565810459391,-10.455035595014461,0.0,0.0,-26.114480014117166,-7.927014978906453,-2.803552636601865,-5.820466612806036,-5.495776703012909,-14.9
113,3500029.23,23,34.99999416424623,35.0,291.9,0,0.0,0.7759249543716755,0.2230619600269634,0.001013085601361151,200.0,61.3,-185.41622271424893,-1.4,-0.9674565810459391,-10.455035595014461,0.0,0.0,-26.114480014117166,-7.927014978906453,-2.803552636601865,-5.820466612806036,-5.495776703012909,-14.9
114,3500029.23,24,34.99999416424623,35.0,291.9,0,0.0,0.7758136001088223,0.22322396856988463,0.0009624313212930933,200.0,61.3,-185.41622271424893,-1.4,-0.9674565810459391,-10.455035595014461,0.0,0.0,-26.114480014117166,-7.927014978906453,-2.803552636601865,-5.820466612806036,-5.495776703012909,-14.9
115,3500029.23,25,34.99999416424623,35.0,291.9,0,0.0,0.7756824026490413,0.22340328759573022,0.0009143097552284386,200.0,61.3,-185.41622271424893,-1.4,-0.9674565810459391,-10.455035595014461,0.0,0.0,-26.114480014117166,-7.927014978906453,-2.803552636601865,-5.820466612806036,-5.495776703012909,-14.9
116,3500029.23,26,34.99999416424623,35.0,291.9,0,0.0,0.7755251725860621,0.2236062331464709,0.0008685942674670167,200.0,61.3,-185.41622271424893,-1.4,-0.9674565810459391,-10.455035595014461,0.0,0.0,-26.114480014117166,-7.927014978906453,-2.803552636601865,-5.820466612806036,-5.495776703012909,-14.9
117,3500029.23,27,34.99999416424623,35.0,291.9,0,0.0,0.7753587595552069,0.22381607589069946,0.0008251645540936659,200.0,61.3,-185.41622271424893,-1.4,-0.9674565810459391,-10.455035595014461,0.0,0.0,-26.114480014117166,-7.927014978906453,-2.803552636601865,-5.820466612806036,-5.495776703012909,-14.9
118,3500029.23,28,34.99999416424623,35.0,291.9,0,0.0,0.7752062918592355,0.22400980181437555,0.0007839063263889826,200.0,61.3,-185.41622271424893,-1.4,-0.9674565810459391,-10.455035595014461,0.0,0.0,-26.114480014117166,-7.927014978906453,-2.803552636601865,-5.820466612806036,-5.495776703012909,-14.9
119,3500029.23,29,34.99999416424623,35.0,291.9,0,0.0,0.7750595811849496,0.22419570780498096,0.0007447110100695335,200.0,61.3,-185.41622271424893,-1.4,-0.9674565810459391,-10.455035595014461,0.0,0.0,-26.114480014117166,-7.927014978906453,-2.803552636601865,-5.820466612806036,-5.495776703012909,-14.9
120,3500029.23,30,34.99999416424623,35.0,291.9,0,0.0,0.7748816676166072,0.22441085692382684,0.0007074754595660568,200.0,61.3,-185.41622271424893,-1.4,-0.9674565810459391,-10.455035595014461,0.0,0.0,-26.114480014117166,-7.927014978906453,-2.803552636601865,-5.820466612806036,-5.495776703012909,-14.9
121,3500029.23,31,34.99999416424623,35.0,291.9,0,0.0,0.774667308699867,0.22466058961354524,0.0006721016865877539,200.0,61.3,-185.41622271424893,-1.4,-0.9674565810459391,-10.455035595014461,0.0,0.0,-26.114480014117166,-7.927014978906453,-2.803552636601865,-5.820466612806036,-5.495776703012909,-14.9
122,3500029.23,32,34.99999416424623,35.0,291.9,0,0.0,0.7744480431043117,0.22491346029343,0.0006384966022583663,200.0,61.3,-185.41622271424893,-1.4,-0.9674565810459391,-10.455035595014461,0.0,0.0,-26.114480014117166,-7.927014978906453,-2.803552636601865,-5.820466612806036,-5.495776703012909,-14.9
123,3500029.23,33,34.99999416424623,35.0,291.9,0,0.0,0.7741809187799843,0.22521250944787027,0.000606571772145448,200.0,61.3,-185.41622271424893,-1.4,-0.9674565810459391,-10.455035595014461,0.0,0.0,-26.114480014117166,-7.927014978906453,-2.803552636601865,-5.820466612806036,-5.495776703012909,-14.9
124,3500029.23,34,34.99999416424623,35.0,291.9,0,0.0,0.7738834415016641,0.2255403153147978,0.0005762431835381757,200.0,61.3,-185.41622271424893,-1.4,-0.9674565810459391,-10.455035595014461,0.0,0.0,-26.114480014117166,-7.927014978906453,-2.803552636601865,-5.820466612806036,-5.495776703012909,-14.9
125,3500029.23,35,34.99999416424623,35.0,291.9,0,0.0,0.7735648682083563,0.22588770076728223,0.0005474310243612668,200.0,61.3,-185.41622271424893,-1.4,-0.9674565810459391,-10.455035595014461,0.0,0.0,-26.114480014117166,-7.927014978906453,-2.803552636601865,-5.820466612806036,-5.495776703012909,-14.9
126,3500029.23,36,34.99999416424623,35.0,291.9,0,0.0,0.7732695897498747,0.2262103507769822,0.0005200594731432036,200.0,61.3,-185.41622271424893,-1.4,-0.9674565810459391,-10.455035595014461,0.0,0.0,-26.114480014117166,-7.927014978906453,-2.803552636601865,-5.820466612806036,-5.495776703012909,-14.9
127,3500029.23,37,34.99999416424623,35.0,291.9,0,0.0,0.772996313329186,0.22650963017132805,0.0004940564994860433,200.0,61.3,-185.41622271424893,-1.4,-0.9674565810459391,-10.455035595014461,0.0,0.0,-26.114480014117166,-7.927014978906453,-2.803552636601865,-5.820466612806036,-5.495776703012909,-14.9
128,3500029.23,38,34.99999416424623,35.0,291.9,0,0.0,0.7727017205174789,0.22682892580800945,0.00046935367451174116,200.0,61.3,-185.41622271424893,-1.4,-0.9674565810459391,-10.455035595014461,0.0,0.0,-26.114480014117166,-7.927014978906453,-2.803552636601865,-5.820466612806036,-5.495776703012909,-14.9
129,3500029.23,39,34.99999416424623,35.0,291.9,0,0.0,0.7724082973271948,0.227145816682019,0.00044588599078615405,200.0,61.3,-185.41622271424893,-1.4,-0.9674565810459391,-10.455035595014461,0.0,0.0,-26.114480014117166,-7.927014978906453,-2.803552636601865,-5.820466612806036,-5.495776703012909,-14.9
130,3500029.23,40,34.99999416424623,35.0,291.9,0,0.0,0.772060532340518,0.22751587596823517,0.00042359169124684635,200.0,61.3,-185.41622271424893,-1.4,-0.9674565810459391,-10.455035595014461,0.0,0.0,-26.114480014117166,-7.927014978906453,-2.803552636601865,-5.820466612806036,-5.495776703012909,-14.9
131,3500029.23,41,34.99999416424623,35.0,291.9,0,0.0,0.7717657549695078,0.2278318329238077,0.00040241210668450405,200.0,61.3,-185.41622271424893,-1.4,-0.9674565810459391,-10.455035595014461,0.0,0.0,-26.114480014117166,-7.927014978906453,-2.803552636601865,-5.820466612806036,-5.495776703012909,-14.9
132,3500029.23,42,34.99999416424623,35.0,291.9,0,0.0,0.77147279260615,0.2281449158924997,0.0003822915013502788,200.0,61.3,-185.41622271424893,-1.4,-0.9674565810459391,-10.455035595014461,0.0,0.0,-26.114480014117166,-7.927014978906453,-2.803552636601865,-5.820466612806036,-5.495776703012909,-14.9
133,3500029.23,43,34.99999416424623,35.0,291.9,0,0.0,0.7712021329891766,0.2284346900845407,0.00036317692628276495,200.0,61.3,-185.41622271424893,-1.4,-0.9674565810459391,-10.455035595014461,0.0,0.0,-26.114480014117166,-7.927014978906453,-2.803552636601865,-5.820466612806036,-5.495776703012909,-14.9
134,3500029.23,44,34.99999416424623,35.0,291.9,0,0.0,0.7709120629020048,0.22874291901802668,0.00034501807996862666,200.0,61.3,-185.41622271424893,-1.4,-0.9674565810459391,-10.455035595014461,0.0,0.0,-26.114480014117166,-7.927014978906453,-2.803552636601865,-5.820466612806036,-5.495776703012909,-14.9
135,3500029.23,45,34.99999416424623,35.0,291.9,0,0.0,0.770597223519079,0.2290750093049509,0.0003277671759701953,200.0,61.3,-185.41622271424893,-1.4,-0.9674565810459391,-10.455035595014461,0.0,0.0,-26.114480014117166,-7.927014978906453,-2.803552636601865,-5.820466612806036,-5.495776703012909,-14.9
136,3500029.23,46,34.99999416424623,35.0,291.9,0,0.0,0.7702794103770934,0.22940921080573498,0.00031137881717168553,200.0,61.3,-185.41622271424893,-1.4,-0.9674565810459391,-10.455035595014461,0.0,0.0,-26.114480014117166,-7.927014978906453,-2.803552636601865,-5.820466612806036,-5.495776703012909,-14.9
137,3500029.23,47,34.99999416424623,35.0,291.9,0,0.0,0.7699590238411068,0.22974516628258007,0.00029580987631310125,200.0,61.3,-185.41622271424893,-1.4,-0.9674565810459391,-10.455035595014461,0.0,0.0,-26.114480014117166,-7.927014978906453,-2.803552636601865,-5.820466612806036,-5.495776703012909,-14.9
138,3500029.23,48,34.99999416424623,35.0,291.9,0,0.0,0.7696364392152424,0.23008254140226014,0.0002810193824974462,200.0,61.3,-185.41622271424893,-1.4,-0.9674565810459391,-10.455035595014461,0.0,0.0,-26.114480014117166,-7.927014978906453,-2.803552636601865,-5.820466612806036,-5.495776703012909,-14.9
139,3500029.23,49,34.99999416424623,35.0,291.9,0,0.0,0.7692988376802441,0.2304341939063834,0.00026696841337257393,200.0,61.3,-185.41622271424893,-1.4,-0.9674565810459391,-10.455035595014461,0.0,0.0,-26.114480014117166,-7.927014978906453,-2.803552636601865,-5.820466612806036,-5.495776703012909,-14.9
140,3500029.23,0,34.99999416424623,35.0,291.9,0,0.0,0.7689407754877131,0.2308056045195829,0.0002536199927039452,200.0,61.3,-185.41622271424893,-1.4,-0.9674565810459391,-10.455035595014461,0.0,0.0,-26.114480014117166,-7.927014978906453,-2.803552636601865,-5.820466612806036,-5.495776703012909,-14.9
141,3500029.23,1,34.99999416424623,35.0,291.9,0,0.0,0.7685832953510656,0.23117576565586562,0.00024093899306874795,200.0,61.3,-185.41622271424893,-1.4,-0.9674565810459391,-10.455035595014461,0.0,0.0,-26.114480014117166,-7.927014978906453,-2.803552636601865,-5.820466612806036,-5.495776703012909,-14.9
142,3500029.23,2,34.99999416424623,35.0,291.9,0,0.0,0.7681810457820154,0.23159006217456934,0.00022889204341531056,200.0,61.3,-185.41622271424893,-1.4,-0.9674565810459391,-10.455035595014461,0.0,0.0,-26.114480014117166,-7.927014978906453,-2.803552636601865,-5.820466612806036,-5.495776703012909,-14.9
143,3500029.23,3,34.99999416424623,35.0,291.9,0,0.0,0.7677822908157009,0.23200026174305458,0.00021744744124454506,200.0,61.3,-185.41622271424893,-1.4,-0.9674565810459391,-10.455035595014461,0.0,0.0,-26.114480014117166,-7.927014978906453,-2.803552636601865,-5.820466612806036,-5.495776703012909,-14.9
144,3500029.23,4,34.99999416424623,35.0,291.9,0,0.0,0.7673870699933365,0.2324063549374812,0.0002065750691823178,200.0,61.3,-185.41622271424893,-1.4,-0.9674565810459391,-10.455035595014461,0.0,0.0,-26.114480014117166,-7.927014978906453,-2.803552636601865,-5.820466612806036,-5.495776703012909,-14.9
145,3500029.23,5,34.99999416424623,35.0,291.9,0,0.0,0.7670018277151195,0.23280192596915728,0.00019624631572320191,200.0,61.3,-185.41622271424893,-1.4,-0.9674565810459391,-10.455035595014461,0.0,0.0,-26.114480014117166,-7.927014978906453,-2.803552636601865,-5.820466612806036,-5.495776703012909,-14.9
146,3500029.23,6,34.99999416424623,35.0,291.9,0,0.0,0.7666516391429113,0.2331619268571516,0.00018643399993704181,200.0,61.3,-185.41622271424893,-1.4,-0.9674565810459391,-10.455035595014461,0.0,0.0,-26.114480014117166,-7.927014978906453,-2.803552636601865,-5.820466612806036,-5.495776703012909,-14.9
147,3500029.23,7,34.99999416424623,35.0,291.9,0,0.0,0.7663092801530162,0.2335136075470436,0.00017711229994018973,200.0,61.3,-185.41622271424893,-1.4,-0.9674565810459391,-10.455035595014461,0.0,0.0,-26.114480014117166,-7.927014978906453,-2.803552636601865,-5.820466612806036,-5.495776703012909,-14.9
148,3500029.23,8,34.99999416424623,35.0,291.9,0,0.0,0.7659744868720223,0.2338572564430345,0.00016825668494318023,200.0,61.3,-185.41622271424893,-1.4,-0.9674565810459391,-10.455035595014461,0.0,0.0,-26.114480014117166,-7.927014978906453,-2.803552636601865,-5.820466612806036,-5.495776703012909,-14.9
149,3500029.23,9,34.99999416424623,35.0,291.9,0,0.0,0.7656407672288297,0.23419938892047426,0.0001598438506960212,200.0,61.3,-185.41622271424893,-1.4,-0.9674565810459391,-10.455035595014461,0.0,0.0,-26.114480014117166,-7.927014978906453,-2.803552636601865,-5.820466612806036,-5.495776703012909,-14.9
150,3500029.23,10,34.99999416424623,35.0,291.9,0,0.0,0.7652709471354784,0.2345772012063604,0.00015185165816122012,200.0,61.3,-185.41622271424893,-1.4,-0.9674565810459391,-10.455035595014461,0.0,0.0,-26.114480014117166,-7.927014978906453,-2.803552636601865,-5.820466612806036,-5.495776703012909,-14.9
151,3500029.23,11,34.99999416424623,35.0,291.9,0,0.0,0.7649045373444564,0.2349512035802904,0.0001442590752531591,200.0,61.3,-185.41622271424893,-1.4,-0.9674565810459391,-10.455035595014461,0.0,0.0,-26.114480014117166,-7.927014978906453,-2.803552636601865,-5.820466612806036,-5.495776703012909,-14.9
152,3500029.23,12,34.99999416424623,35.0,291.9,0,0.0,0.7645661773734068,0.23529677650510275,0.00013704612149050116,200.0,61.3,-185.41622271424893,-1.4,-0.9674565810459391,-10.455035595014461,0.0,0.0,-26.114480014117166,-7.927014978906453,-2.803552636601865,-5.820466612806036,-5.495776703012909,-14.9
153,3500029.23,13,34.99999416424623,35.0,291.9,0,0.0,0.7642237718475046,0.23564603433707956,0.0001301938154159761,200.0,61.3,-185.41622271424893,-1.4,-0.9674565810459391,-10.455035595014461,0.0,0.0,-26.114480014117166,-7.927014978906453,-2.803552636601865,-5.820466612806036,-5.495776703012909,-14.9
154,3500029.23,14,34.99999416424623,35.0,291.9,0,0.0,0.7638899379780276,0.23598637789732724,0.0001236841246451773,200.0,61.3,-185.41622271424893,-1.4,-0.9674565810459391,-10.455035595014461,0.0,0.0,-26.114480014117166,-7.927014978906453,-2.803552636601865,-5.820466612806036,-5.495776703012909,-14.9
155,3500029.23,15,34.99999416424623,35.0,291.9,0,0.0,0.7635764428617616,0.23630605721982548,0.00011749991841291844,200.0,61.3,-185.41622271424893,-1.4,-0.9674565810459391,-10.455035595014461,0.0,0.0,-26.114480014117166,-7.927014978906453,-2.803552636601865,-5.820466612806036,-5.495776703012909,-14.9
156,3500029.23,16,34.99999416424623,35.0,291.9,0,0.0,0.7632401469469897,0.236648228130518,0.00011162492249227251,200.0,61.3,-185.41622271424893,-1.4,-0.9674565810459391,-10.455035595014461,0.0,0.0,-26.114480014117166,-7.927014978906453,-2.803552636601865,-5.820466612806036,-5.495776703012909,-14.9
157,3500029.23,17,34.99999416424623,35.0,291.9,0,0.0,0.7629065503004288,0.23698740602320365,0.00010604367636765889,200.0,61.3,-185.41622271424893,-1.4,-0.9674565810459391,-10.455035595014461,0.0,0.0,-26.114480014117166,-7.927014978906453,-2.803552636601865,-5.820466612806036,-5.495776703012909,-14.9
158,3500029.23,18,34.99999416424623,35.0,291.9,0,0.0,0.7626232544635632,0.2372760040438876,0.00010074149254927595,200.0,61.3,-185.41622271424893,-1.4,-0.9674565810459391,-10.455035595014461,0.0,0.0,-26.114480014117166,-7.927014978906453,-2.803552636601865,-5.820466612806036,-5.495776703012909,-14.9
159,3500029.23,19,34.99999416424623,35.0,291.9,0,0.0,0.7623046210607243,0.23759967452135397,9.570441792181214e-05,200.0,61.3,-185.41622271424893,-1.4,-0.9674565810459391,-10.455035595014461,0.0,0.0,-26.114480014117166,-7.927014978906453,-2.803552636601865,-5.820466612806036,-5.495776703012909,-14.9
160,3500029.23,20,34.99999416424623,35.0,291.9,0,0.0,0.7620117749779761,0.23789730582499813,9.091919702572153e-05,200.0,61.3,-185.41622271424893,-1.4,-0.9674565810459391,-10.455035595014461,0.0,0.0,-26.114480014117166,-7.927014978906453,-2.803552636601865,-5.820466612806036,-5.495776703012909,-14.9
161,3500029.23,21,34.99999416424623,35.0,291.9,0,0.0,0.7617199245349785,0.23819370222784714,8.637323717443547e-05,200.0,61.3,-185.41622271424893,-1.4,-0.9674565810459391,-10.455035595014461,0.0,0.0,-26.114480014117166,-7.927014978906453,-2.803552636601865,-5.820466612806036,-5.495776703012909,-14.9
162,3500029.23,22,34.99999416424623,35.0,291.9,0,0.0,0.7614524235270518,0.23846552189763234,8.205457531571367e-05,200.0,61.3,-185.41622271424893,-1.4,-0.9674565810459391,-10.455035595014461,0.0,0.0,-26.114480014117166,-7.927014978906453,-2.803552636601865,-5.820466612806036,-5.495776703012909,-14.9
163,3500029.23,23,34.99999416424623,35.0,291.9,0,0.0,0.7611617160796242,0.23876033207382583,7.7951846549928e-05,200.0,61.3,-185.41622271424893,-1.4,-0.9674565810459391,-10.455035595014461,0.0,0.0,-26.114480014117166,-7.927014978906453,-2.803552636601865,-5.820466612806036,-5.495776703012909,-14.9
164,3500029.23,24,34.99999416424623,35.0,291.9,0,0.0,0.760872360755449,0.23905358499032867,7.405425422243162e-05,200.0,61.3,-185.41622271424893,-1.4,-0.9674565810459391,-10.455035595014461,0.0,0.0,-26.114480014117166,-7.927014978906453,-2.803552636601865,-5.820466612806036,-5.495776703012909,-14.9
165,3500029.23,25,34.99999416424623,35.0,291.9,0,0.0,0.7606016178213996,0.23932803063708918,7.035154151131004e-05,200.0,61.3,-185.41622271424893,-1.4,-0.9674565810459391,-10.455035595014461,0.0,0.0,-26.114480014117166,-7.927014978906453,-2.803552636601865,-5.820466612806036,-5.495776703012909,-14.9
166,3500029.23,26,34.99999416424623,35.0,291.9,0,0.0,0.7603485028954078,0.23958466314015656,6.683396443574454e-05,200.0,61.3,-185.41622271424893,-1.4,-0.9674565810459391,-10.455035595014461,0.0,0.0,-26.114480014117166,-7.927014978906453,-2.803552636601865,-5.820466612806036,-5.495776703012909,-14.9
167,3500029.23,27,34.99999416424623,35.0,291.9,0,0.0,0.7600781525176102,0.23985835521617577,6.349226621395731e-05,200.0,61.3,-185.41622271424893,-1.4,-0.9674565810459391,-10.455035595014461,0.0,0.0,-26.114480014117166,-7.927014978906453,-2.803552636601865,-5.820466612806036,-5.495776703012909,-14.9
168,3500029.23,28,34.99999416424623,35.0,291.9,0,0.0,0.7598029962987612,0.24013668604833552,6.031765290325945e-05,200.0,61.3,-185.41622271424893,-1.4,-0.9674565810459391,-10.455035595014461,0.0,0.0,-26.114480014117166,-7.927014978906453,-2.803552636601865,-5.820466612806036,-5.495776703012909,-14.9
169,3500029.23,29,34.99999416424623,35.0,291.9,0,0.0,0.7595459036013136,0.24039679462842836,5.7301770258096474e-05,200.0,61.3,-185.41622271424893,-1.4,-0.9674565810459391,-10.455035595014461,0.0,0.0,-26.114480014117166,-7.927014978906453,-2.803552636601865,-5.820466612806036,-5.495776703012909,-14.9
170,3500029.23,30,34.99999416424623,35.0,291.9,0,0.0,0.7593003490016833,0.24064521431657154,5.443668174519166e-05,200.0,61.3,-185.41622271424893,-1.4,-0.9674565810459391,-10.455035595014461,0.0,0.0,-26.114480014117166,-7.927014978906453,-2.803552636601865,-5.820466612806036,-5.495776703012909,-14.9
171,3500029.23,31,34.99999416424623,35.0,291.9,0,0.0,0.7590436023197538,0.24090468283258828,5.171484765793207e-05,200.0,61.3,-185.41622271424893,-1.4,-0.9674565810459391,-10.455035595014461,0.0,0.0,-26.114480014117166,-7.927014978906453,-2.803552636601865,-5.820466612806036,-5.495776703012909,-14.9
172,3500029.23,32,34.99999416424623,35.0,291.9,0,0.0,0.7587709227240574,0.24117994817066754,4.912910527503547e-05,200.0,61.3,-185.41622271424893,-1.4,-0.9674565810459391,-10.455035595014461,0.0,0.0,-26.114480014117166,-7.927014978906453,-2.803552636601865,-5.820466612806036,-5.495776703012909,-14.9
173,3500029.23,33,34.99999416424623,35.0,291.9,0,0.0,0.7584888825280198,0.24146444482196885,4.667265001128369e-05,200.0,61.3,-185.41622271424893,-1.4,-0.9674565810459391,-10.455035595014461,0.0,0.0,-26.114480014117166,-7.927014978906453,-2.803552636601865,-5.820466612806036,-5.495776703012909,-14.9
174,3500029.23,34,34.99999416424623,35.0,291.9,0,0.0,0.7582419969459285,0.2417136640365607,4.433901751071951e-05,200.0,61.3,-185.41622271424893,-1.4,-0.9674565810459391,-10.455035595014461,0.0,0.0,-26.114480014117166,-7.927014978906453,-2.803552636601865,-5.820466612806036,-5.495776703012909,-14.9
175,3500029.23,35,34.99999416424623,35.0,291.9,0,0.0,0.7579956278013489,0.2419622501320159,4.212206663518353e-05,200.0,61.3,-185.41622271424893,-1.4,-0.9674565810459391,-10.455035595014461,0.0,0.0,-26.114480014117166,-7.927014978906453,-2.803552636601865,-5.820466612806036,-5.495776703012909,-14.9
176,3500029.23,36,34.99999416424623,35.0,291.9,0,0.0,0.7577390406372462,0.24222094339945047,4.0015963303424356e-05,200.0,61.3,-185.41622271424893,-1.4,-0.9674565810459391,-10.455035595014461,0.0,0.0,-26.114480014117166,-7.927014978906453,-2.803552636601865,-5.820466612806036,-5.495776703012909,-14.9
177,3500029.23,37,34.99999416424623,35.0,291.9,0,0.0,0.7574837557199918,0.24247822911487002,3.801516513825314e-05,200.0,61.3,-185.41622271424893,-1.4,-0.9674565810459391,-10.455035595014461,0.0,0.0,-26.114480014117166,-7.927014978906453,-2.803552636601865,-5.820466612806036,-5.495776703012909,-14.9
178,3500029.23,38,34.99999416424623,35.0,291.9,0,0.0,0.7572726910542619,0.24269119453885662,3.611440688134047e-05,200.0,61.3,-185.41622271424893,-1.4,-0.9674565810459391,-10.455035595014461,0.0,0.0,-26.114480014117166,-7.927014978906453,-2.803552636601865,-5.820466612806036,-5.495776703012909,-14.9
179,3500029.23,39,34.99999416424623,35.0,291.9,0,0.0,0.7570447169674606,0.24292097434600224,3.430868653727345e-05,200.0,61.3,-185.41622271424893,-1.4,-0.9674565810459391,-10.455035595014461,0.0,0.0,-26.114480014117166,-7.927014978906453,-2.803552636601865,-5.820466612806036,-5.495776703012909,-14.9
180,3500029.23,40,34.99999416424623,35.0,291.9,0,0.0,0.7567849669720599,0.2431824397757297,3.259325221040978e-05,200.0,61.3,-185.41622271424893,-1.4,-0.9674565810459391,-10.455035595014461,0.0,0.0,-26.114480014117166,-7.927014978906453,-2.803552636601865,-5.820466612806036,-5.495776703012909,-14.9
181,3500029.23,41,34.99999416424623,35.0,291.9,0,0.0,0.7565324725397765,0.2434365638706236,3.09635895998893e-05,200.0,61.3,-185.41622271424893,-1.4,-0.9674565810459391,-10.455035595014461,0.0,0.0,-26.114480014117166,-7.927014978906453,-2.803552636601865,-5.820466612806036,-5.495776703012909,-14.9
182,3500029.23,42,34.99999416424623,35.0,291.9,0,0.0,0.7562869330466532,0.24368365154322694,2.941541011989483e-05,200.0,61.3,-185.41622271424893,-1.4,-0.9674565810459391,-10.455035595014461,0.0,0.0,-26.114480014117166,-7.927014978906453,-2.803552636601865,-5.820466612806036,-5.495776703012909,-14.9
183,3500029.23,43,34.99999416424623,35.0,291.9,0,0.0,0.7560533011410072,0.24391875421937884,2.7944639613900088e-05,200.0,61.3,-185.41622271424893,-1.4,-0.9674565810459391,-10.455035595014461,0.0,0.0,-26.114480014117166,-7.927014978906453,-2.803552636601865,-5.820466612806036,-5.495776703012909,-14.9
184,3500029.23,44,34.99999416424623,35.0,291.9,0,0.0,0.7558205631150777,0.24415288947728908,2.6547407633205086e-05,200.0,61.3,-185.41622271424893,-1.4,-0.9674565810459391,-10.455035595014461,0.0,0.0,-26.114480014117166,-7.927014978906453,-2.803552636601865,-5.820466612806036,-5.495776703012909,-14.9
185,3500029.23,45,34.99999416424623,35.0,291.9,0,0.0,0.7555732006523059,0.2444015793104426,2.5220037251544835e-05,200.0,61.3,-185.41622271424893,-1.4,-0.9674565810459391,-10.455035595014461,0.0,0.0,-26.114480014117166,-7.927014978906453,-2.803552636601865,-5.820466612806036,-5.495776703012909,-14.9
186,3500029.23,46,34.99999416424623,35.0,291.9,0,0.0,0.7553380508742366,0.2446379900903745,2.3959035388967593e-05,200.0,61.3,-185.41622271424893,-1.4,-0.9674565810459391,-10.455035595014461,0.0,0.0,-26.114480014117166,-7.927014978906453,-2.803552636601865,-5.820466612806036,-5.495776703012909,-14.9
187,3500029.23,47,34.99999416424623,35.0,291.9,0,0.0,0.755088766956779,0.2448884719596015,2.276108361951921e-05,200.0,61.3,-185.41622271424893,-1.4,-0.9674565810459391,-10.455035595014461,0.0,0.0,-26.114480014117166,-7.927014978906453,-2.803552636601865,-5.820466612806036,-5.495776703012909,-14.9
188,3500029.23,48,34.99999416424623,35.0,291.9,0,0.0,0.7548621833505905,0.2451161936199709,2.162302943854325e-05,200.0,61.3,-185.41622271424893,-1.4,-0.9674565810459391,-10.455035595014461,0.0,0.0,-26.114480014117166,-7.927014978906453,-2.803552636601865,-5.820466612806036,-5.495776703012909,-14.9
189,3500029.23,49,34.99999416424623,35.0,291.9,0,0.0,0.7546315734478102,0.24534788467422325,2.054187796661609e-05,200.0,61.3,-185.41622271424893,-1.4,-0.9674565810459391,-10.455035595014461,0.0,0.0,-26.114480014117166,-7.927014978906453,-2.803552636601865,-5.820466612806036,-5.495776703012909,-14.9
190,3500029.23,0,34.99999416424623,35.0,291.9,0,0.0,0.7544125118519811,0.2455679733639506,1.9514784068285287e-05,200.0,61.3,-185.41622271424893,-1.4,-0.9674565810459391,-10.455035595014461,0.0,0.0,-26.114480014117166,-7.927014978906453,-2.803552636601865,-5.820466612806036,-5.495776703012909,-14.9
191,3500029.23,1,34.99999416424623,35.0,291.9,0,0.0,0.754189274662866,0.24579218629226912,1.8539044864871024e-05,200.0,61.3,-185.41622271424893,-1.4,-0.9674565810459391,-10.455035595014461,0.0,0.0,-26.114480014117166,-7.927014978906453,-2.803552636601865,-5.820466612806036,-5.495776703012909,-14.9
192,3500029.23,2,34.99999416424623,35.0,291.9,0,0.0,0.7539571771988995,0.2460252107084788,1.7612092621627473e-05,200.0,61.3,-185.41622271424893,-1.4,-0.9674565810459391,-10.455035595014461,0.0,0.0,-26.114480014117166,-7.927014978906453,-2.803552636601865,-5.820466612806036,-5.495776703012909,-14.9
193,3500029.23,3,34.99999416424623,35.0,291.9,0,0.0,0.7537368911488908,0.24624637736311872,1.6731487990546104e-05,200.0,61.3,-185.41622271424893,-1.4,-0.9674565810459391,-10.455035595014461,0.0,0.0,-26.114480014117166,-7.927014978906453,-2.803552636601865,-5.820466612806036,-5.495776703012909,-14.9
194,3500029.23,4,34.99999416424623,35.0,291.9,0,0.0,0.7535178558671001,0.2464662492193089,1.58949135910188e-05,200.0,61.3,-185.41622271424893,-1.4,-0.9674565810459391,-10.455035595014461,0.0,0.0,-26.114480014117166,-7.927014978906453,-2.803552636601865,-5.820466612806036,-5.495776703012909,-14.9
195,3500029.23,5,34.99999416424623,35.0,291.9,0,0.0,0.7533149862561872,0.2466699135759013,1.5100167911467858e-05,200.0,61.3,-185.41622271424893,-1.4,-0.9674565810459391,-10.455035595014461,0.0,0.0,-26.114480014117166,-7.927014978906453,-2.803552636601865,-5.820466612806036,-5.495776703012909,-14.9
196,3500029.23,6,34.99999416424623,35.0,291.9,0,0.0,0.7531175541751305,0.24686810066535367,1.4345159515894465e-05,200.0,61.3,-185.41622271424893,-1.4,-0.9674565810459391,-10.455035595014461,0.0,0.0,-26.114480014117166,-7.927014978906453,-2.803552636601865,-5.820466612806036,-5.495776703012909,-14.9
197,3500029.23,7,34.99999416424623,35.0,291.9,0,0.0,0.752905676346641,0.24708069575181896,1.3627901540099742e-05,200.0,61.3,-185.41622271424893,-1.4,-0.9674565810459391,-10.455035595014461,0.0,0.0,-26.114480014117166,-7.927014978906453,-2.803552636601865,-5.820466612806036,-5.495776703012909,-14.9
198,3500029.23,8,34.99999416424623,35.0,291.9,0,0.0,0.7526900773650719,0.24729697612846502,1.2946506463094754e-05,200.0,61.3,-185.41622271424893,-1.4,-0.9674565810459391,-10.455035595014461,0.0,0.0,-26.114480014117166,-7.927014978906453,-2.803552636601865,-5.820466612806036,-5.495776703012909,-14.9
199,3500029.23,9,34.99999416424623,35.0,291.9,0,0.0,0.7524613027819932,0.24752639803686685,1.2299181139940016e-05,200.0,61.3,-185.41622271424893,-1.4,-0.9674565810459391,-10.455035595014461,0.0,0.0,-26.114480014117166,-7.927014978906453,-2.803552636601865,-5.820466612806036,-5.495776703012909,-14.9
200,3500029.23,10,34.99999416424623,35.0,291.9,0,0.0,0.7522104514856957,0.24777786429222146,1.1684222082943017e-05,200.0,61.3,-185.41622271424893,-1.4,-0.9674565810459391,-10.455035595014461,0.0,0.0,-26.114480014117166,-7.927014978906453,-2.803552636601865,-5.820466612806036,-5.495776703012909,-14.9
201,3500029.23,11,34.99999416424623,35.0,291.9,0,0.0,0.75196317726385,0.24802572272517132,1.1100010978795866e-05,200.0,61.3,-185.41622271424893,-1.4,-0.9674565810459391,-10.455035595014461,0.0,0.0,-26.114480014117166,-7.927014978906453,-2.803552636601865,-5.820466612806036,-5.495776703012909,-14.9
202,3500029.23,12,34.99999416424623,35.0,291.9,0,0.0,0.7517000200461607,0.24828943494340952,1.0545010429856072e-05,200.0,61.3,-185.41622271424893,-1.4,-0.9674565810459391,-10.455035595014461,0.0,0.0,-26.114480014117166,-7.927014978906453,-2.803552636601865,-5.820466612806036,-5.495776703012909,-14.9
203,3500029.23,13,34.99999416424623,35.0,291.9,0,0.0,0.751455769699323,0.24853421254076857,1.0017759908363268e-05,200.0,61.3,-185.41622271424893,-1.4,-0.9674565810459391,-10.455035595014461,0.0,0.0,-26.114480014117166,-7.927014978906453,-2.803552636601865,-5.820466612806036,-5.495776703012909,-14.9
204,3500029.23,14,34.99999416424623,35.0,291.9,0,0.0,0.7512389975177416,0.24875148561034544,9.516871912945103e-06,200.0,61.3,-185.41622271424893,-1.4,-0.9674565810459391,-10.455035595014461,0.0,0.0,-26.114480014117166,-7.927014978906453,-2.803552636601865,-5.820466612806036,-5.495776703012909,-14.9
205,3500029.23,15,34.99999416424623,35.0,291.9,0,0.0,0.7510195791355558,0.2489713798361269,9.04102831729785e-06,200.0,61.3,-185.41622271424893,-1.4,-0.9674565810459391,-10.455035595014461,0.0,0.0,-26.114480014117166,-7.927014978906453,-2.803552636601865,-5.820466612806036,-5.495776703012909,-14.9
206,3500029.23,16,34.99999416424623,35.0,291.9,0,0.0,0.7508262326113139,0.24916517841178468,8.588976901432957e-06,200.0,61.3,-185.41622271424893,-1.4,-0.9674565810459391,-10.455035595014461,0.0,0.0,-26.114480014117166,-7.927014978906453,-2.803552636601865,-5.820466612806036,-5.495776703012909,-14.9
207,3500029.23,17,34.99999416424623,35.0,291.9,0,0.0,0.7506433492770008,0.24934849119494287,8.15952805636131e-06,200.0,61.3,-185.41622271424893,-1.4,-0.9674565810459391,-10.455035595014461,0.0,0.0,-26.114480014117166,-7.927014978906453,-2.803552636601865,-5.820466612806036,-5.495776703012909,-14.9
208,3500029.23,18,34.99999416424623,35.0,291.9,0,0.0,0.7504469197398685,0.24954532870847787,7.751551653543244e-06,200.0,61.3,-185.41622271424893,-1.4,-0.9674565810459391,-10.455035595014461,0.0,0.0,-26.114480014117166,-7.927014978906453,-2.803552636601865,-5.820466612806036,-5.495776703012909,-14.9
209,3500029.23,19,34.99999416424623,35.0,291.9,0,0.0,0.7502518504280279,0.24974078559790128,7.363974070866082e-06,200.0,61.3,-185.41622271424893,-1.4,-0.9674565810459391,-10.455035595014461,0.0,0.0,-26.114480014117166,-7.927014978906453,-2.803552636601865,-5.820466612806036,-5.495776703012909,-14.9
210,3500029.23,20,34.99999416424623,35.0,291.9,0,0.0,0.7500534857870932,0.24993951843753956,6.995775367322778e-06,200.0,61.3,-185.41622271424893,-1.4,-0.9674565810459391,-10.455035595014461,0.0,0.0,-26.114480014117166,-7.927014978906453,-2.803552636601865,-5.820466612806036,-5.495776703012909,-14.9
211,3500029.23,21,34.99999416424623,35.0,291.9,0,0.0,0.7498613933416632,0.2501319606717378,6.645986598956639e-06,200.0,61.3,-185.41622271424893,-1.4,-0.9674565810459391,-10.455035595014461,0.0,0.0,-26.114480014117166,-7.927014978906453,-2.803552636601865,-5.820466612806036,-5.495776703012909,-14.9
212,3500029.23,22,34.99999416424623,35.0,291.9,0,0.0,0.7496752937054648,0.2503183926072661,6.313687269008807e-06,200.0,61.3,-185.41622271424893,-1.4,-0.9674565810459391,-10.455035595014461,0.0,0.0,-26.114480014117166,-7.927014978906453,-2.803552636601865,-5.820466612806036,-5.495776703012909,-14.9
213,3500029.23,23,34.99999416424623,35.0,291.9,0,0.0,0.7494995218912561,0.25049448010583836,5.998002905558367e-06,200.0,61.3,-185.41622271424893,-1.4,-0.9674565810459391,-10.455035595014461,0.0,0.0,-26.114480014117166,-7.927014978906453,-2.803552636601865,-5.820466612806036,-5.495776703012909,-14.9
214,3500029.23,24,34.99999416424623,35.0,291.9,0,0.0,0.7493564115533397,0.25063789034390016,5.69810276028045e-06,200.0,61.3,-185.41622271424893,-1.4,-0.9674565810459391,-10.455035595014461,0.0,0.0,-26.114480014117166,-7.927014978906453,-2.803552636601865,-5.820466612806036,-5.495776703012909,-14.9
215,3500029.23,25,34.99999416424623,35.0,291.9,0,0.0,0.7492531089448683,0.25074147785750944,5.413197622266427e-06,200.0,61.3,-185.41622271424893,-1.4,-0.9674565810459391,-10.455035595014461,0.0,0.0,-26.114480014117166,-7.927014978906453,-2.803552636601865,-5.820466612806036,-5.495776703012909,-14.9
216,3500029.23,26,34.99999416424623,35.0,291.9,0,0.0,0.7491421661124954,0.2508526913497635,5.142537741153106e-06,200.0,61.3,-185.41622271424893,-1.4,-0.9674565810459391,-10.455035595014461,0.0,0.0,-26.114480014117166,-7.927014978906453,-2.803552636601865,-5.820466612806036,-5.495776703012909,-14.9
217,3500029.23,27,34.99999416424623,35.0,291.9,0,0.0,0.7490510252432646,0.2509440893458813,4.885410854095451e-06,200.0,61.3,-185.41622271424893,-1.4,-0.9674565810459391,-10.455035595014461,0.0,0.0,-26.114480014117166,-7.927014978906453,-2.803552636601865,-5.820466612806036,-5.495776703012909,-14.9
218,3500029.23,28,34.99999416424623,35.0,291.9,0,0.0,0.7489517523317409,0.25104360652794777,4.641140311390679e-06,200.0,61.3,-185.41622271424893,-1.4,-0.9674565810459391,-10.455035595014461,0.0,0.0,-26.114480014117166,-7.927014978906453,-2.803552636601865,-5.820466612806036,-5.495776703012909,-14.9
219,3500029.23,29,34.99999416424623,35.0,291.9,0,0.0,0.7488314828575814,0.25116410805912287,4.409083295821145e-06,200.0,61.3,-185.41622271424893,-1.4,-0.9674565810459391,-10.455035595014461,0.0,0.0,-26.114480014117166,-7.927014978906453,-2.803552636601865,-5.820466612806036,-5.495776703012909,-14.9
220,3500029.23,30,34.99999416424623,35.0,291.9,0,0.0,0.7487269947738331,0.2512688165970359,4.188629131030087e-06,200.0,61.3,-185.41622271424893,-1.4,-0.9674565810459391,-10.455035595014461,0.0,0.0,-26.114480014117166,-7.927014978906453,-2.803552636601865,-5.820466612806036,-5.495776703012909,-14.9
221,3500029.23,31,34.99999416424623,35.0,291.9,0,0.0,0.7486418085779609,0.2513542122243646,3.979197674478583e-06,200.0,61.3,-185.41622271424893,-1.4,-0.9674565810459391,-10.455035595014461,0.0,0.0,-26.114480014117166,-7.927014978906453,-2.803552636601865,-5.820466612806036,-5.495776703012909,-14.9
222,3500029.23,32,34.99999416424623,35.0,291.9,0,0.0,0.748548479064561,0.2514477406976482,3.7802377907546533e-06,200.0,61.3,-185.41622271424893,-1.4,-0.9674565810459391,-10.455035595014461,0.0,0.0,-26.114480014117166,-7.927014978906453,-2.803552636601865,-5.820466612806036,-5.495776703012909,-14.9
223,3500029.23,33,34.99999416424623,35.0,291.9,0,0.0,0.748473753353265,0.2515226554208338,3.5912259012169208e-06,200.0,61.3,-185.41622271424893,-1.4,-0.9674565810459391,-10.455035595014461,0.0,0.0,-26.114480014117166,-7.927014978906453,-2.803552636601865,-5.820466612806036,-5.495776703012909,-14.9
224,3500029.23,34,34.99999416424623,35.0,291.9,0,0.0,0.7484122113440126,0.25158437699138136,3.4116646061560747e-06,200.0,61.3,-185.41622271424893,-1.4,-0.9674565810459391,-10.455035595014461,0.0,0.0,-26.114480014117166,-7.927014978906453,-2.803552636601865,-5.820466612806036,-5.495776703012909,-14.9
225,3500029.23,35,34.99999416424623,35.0,291.9,0,0.0,0.7483501314465766,0.25164662747204763,3.241081375848271e-06,200.0,61.3,-185.41622271424893,-1.4,-0.9674565810459391,-10.455035595014461,0.0,0.0,-26.114480014117166,-7.927014978906453,-2.803552636601865,-5.820466612806036,-5.495776703012909,-14.9
226,3500029.23,36,34.99999416424623,35.0,291.9,0,0.0,0.7482832643590644,0.2517136566136285,3.0790273070558573e-06,200.0,61.3,-185.41622271424893,-1.4,-0.9674565810459391,-10.455035595014461,0.0,0.0,-26.114480014117166,-7.927014978906453,-2.803552636601865,-5.820466612806036,-5.495776703012909,-14.9
227,3500029.23,37,34.99999416424623,35.0,291.9,0,0.0,0.7482204964879348,0.2517765784361235,2.9250759417030645e-06,200.0,61.3,-185.41622271424893,-1.4,-0.9674565810459391,-10.455035595014461,0.0,0.0,-26.114480014117166,-7.927014978906453,-2.803552636601865,-5.820466612806036,-5.495776703012909,-14.9
228,3500029.23,38,34.99999416424623,35.0,291.9,0,0.0,0.7481530739066404,0.2518441472712149,2.7788221446179112e-06,200.0,61.3,-185.41622271424893,-1.4,-0.9674565810459391,-10.455035595014461,0.0,0.0,-26.114480014117166,-7.927014978906453,-2.803552636601865,-5.820466612806036,-5.495776703012909,-14.9
229,3500029.23,39,34.99999416424623,35.0,291.9,0,0.0,0.7480898037110237,0.2519075564079388,2.6398810373870153e-06,200.0,61.3,-185.41622271424893,-1.4,-0.9674565810459391,-10.455035595014461,0.0,0.0,-26.114480014117166,-7.927014978906453,-2.803552636601865,-5.820466612806036,-5.495776703012909,-14.9
230,3500029.23,40,34.99999416424623,35.0,291.9,0,0.0,0.7480050355187478,0.2519924565942668,2.507886985517665e-06,200.0,61.3,-185.41622271424893,-1.4,-0.9674565810459391,-10.455035595014461,0.0,0.0,-26.114480014117166,-7.927014978906453,-2.803552636601865,-5.820466612806036,-5.495776703012909,-14.9
231,3500029.23,41,34.99999416424623,35.0,291.9,0,0.0,0.7479380565469482,0.2520595609604155,2.3824926362417813e-06,200.0,61.3,-185.41622271424893,-1.4,-0.9674565810459391,-10.455035595014461,0.0,0.0,-26.114480014117166,-7.927014978906453,-2.803552636601865,-5.820466612806036,-5.495776703012909,-14.9
232,3500029.23,42,34.99999416424623,35.0,291.9,0,0.0,0.7478710422095107,0.2521266944224849,2.263368004429693e-06,200.0,61.3,-185.41622271424893,-1.4,-0.9674565810459391,-10.455035595014461,0.0,0.0,-26.114480014117166,-7.927014978906453,-2.803552636601865,-5.820466612806036,-5.495776703012909,-14.9
233,3500029.23,43,34.99999416424623,35.0,291.9,0,0.0,0.7477956485070189,0.25220220129337695,2.150199604208208e-06,200.0,61.3,-185.41622271424893,-1.4,-0.9674565810459391,-10.455035595014461,0.0,0.0,-26.114480014117166,-7.927014978906453,-2.803552636601865,-5.820466612806036,-5.495776703012909,-14.9
234,3500029.23,44,34.99999416424623,35.0,291.9,0,0.0,0.7477290719486139,0.25226888536176206,2.0426896239977973e-06,200.0,61.3,-185.41622271424893,-1.4,-0.9674565810459391,-10.455035595014461,0.0,0.0,-26.114480014117166,-7.927014978906453,-2.803552636601865,-5.820466612806036,-5.495776703012909,-14.9
235,3500029.23,45,34.99999416424623,35.0,291.9,0,0.0,0.7476625251839145,0.25233553426094274,1.940555142797908e-06,200.0,61.3,-185.41622271424893,-1.4,-0.9674565810459391,-10.455035595014461,0.0,0.0,-26.114480014117166,-7.927014978906453,-2.803552636601865,-5.820466612806036,-5.495776703012909,-14.9
236,3500029.23,46,34.99999416424623,35.0,291.9,0,0.0,0.7475836222803339,0.25241453419228044,1.8435273856580124e-06,200.0,61.3,-185.41622271424893,-1.4,-0.9674565810459391,-10.455035595014461,0.0,0.0,-26.114480014117166,-7.927014978906453,-2.803552636601865,-5.820466612806036,-5.495776703012909,-14.9
237,3500029.23,47,34.99999416424623,35.0,291.9,0,0.0,0.747488963923872,0.25250928472511175,1.751351016375112e-06,200.0,61.3,-185.41622271424893,-1.4,-0.9674565810459391,-10.455035595014461,0.0,0.0,-26.114480014117166,-7.927014978906453,-2.803552636601865,-5.820466612806036,-5.495776703012909,-14.9
238,3500029.23,48,34.99999416424623,35.0,291.9,0,0.0,0.7473835894833057,0.25261474673322876,1.6637834655563563e-06,200.0,61.3,-185.41622271424893,-1.4,-0.9674565810459391,-10.455035595014461,0.0,0.0,-26.114480014117166,-7.927014978906453,-2.803552636601865,-5.820466612806036,-5.495776703012909,-14.9
239,3500029.23,49,34.99999416424623,35.0,291.9,0,0.0,0.7472475885197032,0.2527508308860046,1.5805942922785385e-06,200.0,61.3,-185.41622271424893,-1.4,-0.9674565810459391,-10.455035595014461,0.0,0.0,-26.114480014117166,-7.927014978906453,-2.803552636601865,-5.820466612806036,-5.495776703012909,-14.9
240,3500029.23,0,34.99999416424623,35.0,291.9,0,0.0,0.7471196161749166,0.25287888226050576,1.5015645776646116e-06,200.0,61.3,-185.41622271424893,-1.4,-0.9674565810459391,-10.455035595014461,0.0,0.0,-26.114480014117166,-7.927014978906453,-2.803552636601865,-5.820466612806036,-5.495776703012909,-14.9
241,3500029.23,1,34.99999416424623,35.0,291.9,0,0.0,0.7470114906872929,0.2529870828263583,1.426486348781381e-06,200.0,61.3,-185.41622271424893,-1.4,-0.9674565810459391,-10.455035595014461,0.0,0.0,-26.114480014117166,-7.927014978906453,-2.803552636601865,-5.820466612806036,-5.495776703012909,-14.9
242,3500029.23,2,34.99999416424623,35.0,291.9,0,0.0,0.7468855570065587,0.25311308783141007,1.355162031342312e-06,200.0,61.3,-185.41622271424893,-1.4,-0.9674565810459391,-10.455035595014461,0.0,0.0,-26.114480014117166,-7.927014978906453,-2.803552636601865,-5.820466612806036,-5.495776703012909,-14.9
243,3500029.23,3,34.99999416424623,35.0,291.9,0,0.0,0.7467631207362598,0.25323559185981037,1.2874039297751964e-06,200.0,61.3,-185.41622271424893,-1.4,-0.9674565810459391,-10.455035595014461,0.0,0.0,-26.114480014117166,-7.927014978906453,-2.803552636601865,-5.820466612806036,-5.495776703012909,-14.9
244,3500029.23,4,34.99999416424623,35.0,291.9,0,0.0,0.7466480632985921,0.2533507136676747,1.2230337332864367e-06,200.0,61.3,-185.41622271424893,-1.4,-0.9674565810459391,-10.455035595014461,0.0,0.0,-26.114480014117166,-7.927014978906453,-2.803552636601865,-5.820466612806036,-5.495776703012909,-14.9
245,3500029.23,5,34.99999416424623,35.0,291.9,0,0.0,0.7465239313255687,0.25347490679238477,1.161882046622115e-06,200.0,61.3,-185.41622271424893,-1.4,-0.9674565810459391,-10.455035595014461,0.0,0.0,-26.114480014117166,-7.927014978906453,-2.803552636601865,-5.820466612806036,-5.495776703012909,-14.9
246,3500029.23,6,34.99999416424623,35.0,291.9,0,0.0,0.7463952908437778,0.253603605368278,1.1037879442910092e-06,200.0,61.3,-185.41622271424893,-1.4,-0.9674565810459391,-10.455035595014461,0.0,0.0,-26.114480014117166,-7.927014978906453,-2.803552636601865,-5.820466612806036,-5.495776703012909,-14.9
247,3500029.23,7,34.99999416424623,35.0,291.9,0,0.0,0.7462544489494679,0.253744502451985,1.0485985470764586e-06,200.0,61.3,-185.41622271424893,-1.4,-0.9674565810459391,-10.455035595014461,0.0,0.0,-26.114480014117166,-7.927014978906453,-2.803552636601865,-5.820466612806036,-5.495776703012909,-14.9
248,3500029.23,8,34.99999416424623,35.0,291.9,0,0.0,0.7461021362580402,0.2538968675733401,9.961686197226359e-07,200.0,61.3,-185.41622271424893,-1.4,-0.9674565810459391,-10.455035595014461,0.0,0.0,-26.114480014117166,-7.927014978906453,-2.803552636601865,-5.820466612806036,-5.495776703012909,-14.9
249,3500029.23,9,34.99999416424623,35.0,291.9,0,0.0,0.7459589320879331,0.25404012155187816,9.463601887365038e-07,200.0,61.3,-185.41622271424893,-1.4,-0.9674565810459391,-10.455035595014461,0.0,0.0,-26.114480014117166,-7.927014978906453,-2.803552636601865,-5.820466612806036,-5.495776703012909,-14.9
250,3500029.23,10,34.99999416424623,35.0,291.9,0,0.0,0.7458243685219191,0.25417473243590155,8.990421792996786e-07,200.0,61.3,-185.41622271424893,-1.4,-0.9674565810459391,-10.455035595014461,0.0,0.0,-26.114480014117166,-7.927014978906453,-2.803552636601865,-5.820466612806036,-5.495776703012909,-14.9
251,3500029.23,11,34.99999416424623,35.0,291.9,0,0.0,0.7456940607273012,0.25430508518262845,8.540900703346946e-07,200.0,61.3,-185.41622271424893,-1.4,-0.9674565810459391,-10.455035595014461,0.0,0.0,-26.114480014117166,-7.927014978906453,-2.803552636601865,-5.820466612806036,-5.495776703012909,-14.9
252,3500029.23,12,34.99999416424623,35.0,291.9,0,0.0,0.7455795869840689,0.25441960163036437,8.113855668179599e-07,200.0,61.3,-185.41622271424893,-1.4,-0.9674565810459391,-10.455035595014461,0.0,0.0,-26.114480014117166,-7.927014978906453,-2.803552636601865,-5.820466612806036,-5.495776703012909,-14.9
253,3500029.23,13,34.99999416424623,35.0,291.9,0,0.0,0.7454800714486765,0.25451915773503503,7.708162884770617e-07,200.0,61.3,-185.41622271424893,-1.4,-0.9674565810459391,-10.455035595014461,0.0,0.0,-26.114480014117166,-7.927014978906453,-2.803552636601865,-5.820466612806036,-5.495776703012909,-14.9
254,3500029.23,14,34.99999416424623,35.0,291.9,0,0.0,0.7453869146645508,0.25461235305997515,7.322754740532085e-07,200.0,61.3,-185.41622271424893,-1.4,-0.9674565810459391,-10.455035595014461,0.0,0.0,-26.114480014117166,-7.927014978906453,-2.803552636601865,-5.820466612806036,-5.495776703012909,-14.9
255,3500029.23,15,34.99999416424623,35.0,291.9,0,0.0,0.7452842971893557,0.25471500714894396,6.956617003505481e-07,200.0,61.3,-185.41622271424893,-1.4,-0.9674565810459391,-10.455035595014461,0.0,0.0,-26.114480014117166,-7.927014978906453,-2.803552636601865,-5.820466612806036,-5.495776703012909,-14.9
256,3500029.23,16,34.99999416424623,35.0,291.9,0,0.0,0.7451689198387434,0.2548304192826412,6.608786153330207e-07,200.0,61.3,-185.41622271424893,-1.4,-0.9674565810459391,-10.455035595014461,0.0,0.0,-26.114480014117166,-7.927014978906453,-2.803552636601865,-5.820466612806036,-5.495776703012909,-14.9
257,3500029.23,17,34.99999416424623,35.0,291.9,0,0.0,0.7450800399669044,0.254919332198411,6.278346845663696e-07,200.0,61.3,-185.41622271424893,-1.4,-0.9674565810459391,-10.455035595014461,0.0,0.0,-26.114480014117166,-7.927014978906453,-2.803552636601865,-5.820466612806036,-5.495776703012909,-14.9
258,3500029.23,18,34.99999416424623,35.0,291.9,0,0.0,0.744989347627904,0.2550100559291456,5.964429503380511e-07,200.0,61.3,-185.41622271424893,-1.4,-0.9674565810459391,-10.455035595014461,0.0,0.0,-26.114480014117166,-7.927014978906453,-2.803552636601865,-5.820466612806036,-5.495776703012909,-14.9
259,3500029.23,19,34.99999416424623,35.0,291.9,0,0.0,0.7448855197184846,0.25511391366071257,5.666208028211485e-07,200.0,61.3,-185.41622271424893,-1.4,-0.9674565810459391,-10.455035595014461,0.0,0.0,-26.114480014117166,-7.927014978906453,-2.803552636601865,-5.820466612806036,-5.495776703012909,-14.9
260,3500029.23,20,34.99999416424623,35.0,291.9,0,0.0,0.7447731348700343,0.25522632684020313,5.382897626800912e-07,200.0,61.3,-185.41622271424893,-1.4,-0.9674565810459391,-10.455035595014461,0.0,0.0,-26.114480014117166,-7.927014978906453,-2.803552636601865,-5.820466612806036,-5.495776703012909,-14.9
261,3500029.23,21,34.99999416424623,35.0,291.9,0,0.0,0.74465271064585,0.2553467779788754,5.113752745460867e-07,200.0,61.3,-185.41622271424893,-1.4,-0.9674565810459391,-10.455035595014461,0.0,0.0,-26.114480014117166,-7.927014978906453,-2.803552636601865,-5.820466612806036,-5.495776703012909,-14.9
262,3500029.23,22,34.99999416424623,35.0,291.9,0,0.0,0.7445171503228225,0.25548236387066675,4.858065108187825e-07,200.0,61.3,-185.41622271424893,-1.4,-0.9674565810459391,-10.455035595014461,0.0,0.0,-26.114480014117166,-7.927014978906453,-2.803552636601865,-5.820466612806036,-5.495776703012909,-14.9
263,3500029.23,23,34.99999416424623,35.0,291.9,0,0.0,0.7443635433254514,0.2556359951583633,4.615161852778433e-07,200.0,61.3,-185.41622271424893,-1.4,-0.9674565810459391,-10.455035595014461,0.0,0.0,-26.114480014117166,-7.927014978906453,-2.803552636601865,-5.820466612806036,-5.495776703012909,-14.9
264,3500029.23,24,34.99999416424623,35.0,291.9,0,0.0,0.7442004902718092,0.2557990712878147,4.3844037601395115e-07,200.0,61.3,-185.41622271424893,-1.4,-0.9674565810459391,-10.455035595014461,0.0,0.0,-26.114480014117166,-7.927014978906453,-2.803552636601865,-5.820466612806036,-5.495776703012909,-14.9
265,3500029.23,25,34.99999416424623,35.0,291.9,0,0.0,0.7440624671159345,0.2559371163657084,4.165183572132536e-07,200.0,61.3,-185.41622271424893,-1.4,-0.9674565810459391,-10.455035595014461,0.0,0.0,-26.114480014117166,-7.927014978906453,-2.803552636601865,-5.820466612806036,-5.495776703012909,-14.9
266,3500029.23,26,34.99999416424623,35.0,291.9,0,0.0,0.743921852932179,0.2560777513753816,3.9569243935259094e-07,200.0,61.3,-185.41622271424893,-1.4,-0.9674565810459391,-10.455035595014461,0.0,0.0,-26.114480014117166,-7.927014978906453,-2.803552636601865,-5.820466612806036,-5.495776703012909,-14.9
267,3500029.23,27,34.99999416424623,35.0,291.9,0,0.0,0.7438087047920343,0.25619091930014826,3.759078173849614e-07,200.0,61.3,-185.41622271424893,-1.4,-0.9674565810459391,-10.455035595014461,0.0,0.0,-26.114480014117166,-7.927014978906453,-2.803552636601865,-5.820466612806036,-5.495776703012909,-14.9
268,3500029.23,28,34.99999416424623,35.0,291.9,0,0.0,0.7436731626724588,0.25632648021511484,3.571124265157134e-07,200.0,61.3,-185.41622271424893,-1.4,-0.9674565810459391,-10.455035595014461,0.0,0.0,-26.114480014117166,-7.927014978906453,-2.803552636601865,-5.820466612806036,-5.495776703012909,-14.9
269,3500029.23,29,34.99999416424623,35.0,291.9,0,0.0,0.7435424862189874,0.25645717452420735,3.392568051899277e-07,200.0,61.3,-185.41622271424893,-1.4,-0.9674565810459391,-10.455035595014461,0.0,0.0,-26.114480014117166,-7.927014978906453,-2.803552636601865,-5.820466612806036,-5.495776703012909,-14.9
270,3500029.23,30,34.99999416424623,35.0,291.9,0,0.0,0.7434312216655246,0.2565684560405106,3.222939649304313e-07,200.0,61.3,-185.41622271424893,-1.4,-0.9674565810459391,-10.455035595014461,0.0,0.0,-26.114480014117166,-7.927014978906453,-2.803552636601865,-5.820466612806036,-5.495776703012909,-14.9
271,3500029.23,31,34.99999416424623,35.0,291.9,0,0.0,0.7433162254843283,0.2566834683364051,3.0617926668390974e-07,200.0,61.3,-185.41622271424893,-1.4,-0.9674565810459391,-10.455035595014461,0.0,0.0,-26.114480014117166,-7.927014978906453,-2.803552636601865,-5.820466612806036,-5.495776703012909,-14.9
272,3500029.23,32,34.99999416424623,35.0,291.9,0,0.0,0.74320141528282,0.2567982938468766,2.908703033497142e-07,200.0,61.3,-185.41622271424893,-1.4,-0.9674565810459391,-10.455035595014461,0.0,0.0,-26.114480014117166,-7.927014978906453,-2.803552636601865,-5.820466612806036,-5.495776703012909,-14.9
273,3500029.23,33,34.99999416424623,35.0,291.9,0,0.0,0.7430758440033088,0.25692387966990293,2.763267881822285e-07,200.0,61.3,-185.41622271424893,-1.4,-0.9674565810459391,-10.455035595014461,0.0,0.0,-26.114480014117166,-7.927014978906453,-2.803552636601865,-5.820466612806036,-5.495776703012909,-14.9
274,3500029.23,34,34.99999416424623,35.0,291.9,0,0.0,0.7429547482512618,0.25704498923828933,2.6251044877311706e-07,200.0,61.3,-185.41622271424893,-1.4,-0.9674565810459391,-10.455035595014461,0.0,0.0,-26.114480014117166,-7.927014978906453,-2.803552636601865,-5.820466612806036,-5.495776703012909,-14.9
275,3500029.23,35,34.99999416424623,35.0,291.9,0,0.0,0.7428488159694707,0.257150934645603,2.4938492633446123e-07,200.0,61.3,-185.41622271424893,-1.4,-0.9674565810459391,-10.455035595014461,0.0,0.0,-26.114480014117166,-7.927014978906453,-2.803552636601865,-5.820466612806036,-5.495776703012909,-14.9
276,3500029.23,36,34.99999416424623,35.0,291.9,0,0.0,0.742728258337589,0.25727150474673105,2.3691568001773817e-07,200.0,61.3,-185.41622271424893,-1.4,-0.9674565810459391,-10.455035595014461,0.0,0.0,-26.114480014117166,-7.927014978906453,-2.803552636601865,-5.820466612806036,-5.495776703012909,-14.9
277,3500029.23,37,34.99999416424623,35.0,291.9,0,0.0,0.7426336373852448,0.25736613754485926,2.2506989601685125e-07,200.0,61.3,-185.41622271424893,-1.4,-0.9674565810459391,-10.455035595014461,0.0,0.0,-26.114480014117166,-7.927014978906453,-2.803552636601865,-5.820466612806036,-5.495776703012909,-14.9
278,3500029.23,38,34.99999416424623,35.0,291.9,0,0.0,0.7425383533860489,0.25746143279754985,2.138164012160087e-07,200.0,61.3,-185.41622271424893,-1.4,-0.9674565810459391,-10.455035595014461,0.0,0.0,-26.114480014117166,-7.927014978906453,-2.803552636601865,-5.820466612806036,-5.495776703012909,-14.9
279,3500029.23,39,34.99999416424623,35.0,291.9,0,0.0,0.7424567916683965,0.2575430052060223,2.0312558115520823e-07,200.0,61.3,-185.41622271424893,-1.4,-0.9674565810459391,-10.455035595014461,0.0,0.0,-26.114480014117166,-7.927014978906453,-2.803552636601865,-5.820466612806036,-5.495776703012909,-14.9
280,3500029.23,40,34.99999416424623,35.0,291.9,0,0.0,0.7423810700061296,0.25761873702456833,1.9296930209744783e-07,200.0,61.3,-185.41622271424893,-1.4,-0.9674565810459391,-10.455035595014461,0.0,0.0,-26.114480014117166,-7.927014978906453,-2.803552636601865,-5.820466612806036,-5.495776703012909,-14.9
281,3500029.23,41,34.99999416424623,35.0,291.9,0,0.0,0.7423179788353876,0.25768183784377535,1.8332083699257543e-07,200.0,61.3,-185.41622271424893,-1.4,-0.9674565810459391,-10.455035595014461,0.0,0.0,-26.114480014117166,-7.927014978906453,-2.803552636601865,-5.820466612806036,-5.495776703012909,-14.9
282,3500029.23,42,34.99999416424623,35.0,291.9,0,0.0,0.7422632835363632,0.25773654230884174,1.7415479514294664e-07,200.0,61.3,-185.41622271424893,-1.4,-0.9674565810459391,-10.455035595014461,0.0,0.0,-26.114480014117166,-7.927014978906453,-2.803552636601865,-5.820466612806036,-5.495776703012909,-14.9
283,3500029.23,43,34.99999416424623,35.0,291.9,0,0.0,0.7422130058203171,0.25778682873262754,1.6544705538579931e-07,200.0,61.3,-185.41622271424893,-1.4,-0.9674565810459391,-10.455035595014461,0.0,0.0,-26.114480014117166,-7.927014978906453,-2.803552636601865,-5.820466612806036,-5.495776703012909,-14.9
284,3500029.23,44,34.99999416424623,35.0,291.9,0,0.0,0.7421598995277193,0.25783994329757814,1.5717470261650936e-07,200.0,61.3,-185.41622271424893,-1.4,-0.9674565810459391,-10.455035595014461,0.0,0.0,-26.114480014117166,-7.927014978906453,-2.803552636601865,-5.820466612806036,-5.495776703012909,-14.9
285,3500029.23,45,34.99999416424623,35.0,291.9,0,0.0,0.7420901446838664,0.2579097060001662,1.493159674856839e-07,200.0,61.3,-185.41622271424893,-1.4,-0.9674565810459391,-10.455035595014461,0.0,0.0,-26.114480014117166,-7.927014978906453,-2.803552636601865,-5.820466612806036,-5.495776703012909,-14.9
286,3500029.23,46,34.99999416424623,35.0,291.9,0,0.0,0.7420326030464433,0.2579672551033877,1.418501691113997e-07,200.0,61.3,-185.41622271424893,-1.4,-0.9674565810459391,-10.455035595014461,0.0,0.0,-26.114480014117166,-7.927014978906453,-2.803552636601865,-5.820466612806036,-5.495776703012909,-14.9
287,3500029.23,47,34.99999416424623,35.0,291.9,0,0.0,0.7419727018459568,0.25802716339638265,1.3475766065582972e-07,200.0,61.3,-185.41622271424893,-1.4,-0.9674565810459391,-10.455035595014461,0.0,0.0,-26.114480014117166,-7.927014978906453,-2.803552636601865,-5.820466612806036,-5.495776703012909,-14.9
288,3500029.23,48,34.99999416424623,35.0,291.9,0,0.0,0.7419036614938007,0.25809621048642173,1.2801977762303822e-07,200.0,61.3,-185.41622271424893,-1.4,-0.9674565810459391,-10.455035595014461,0.0,0.0,-26.114480014117166,-7.927014978906453,-2.803552636601865,-5.820466612806036,-5.495776703012909,-14.9
289,3500029.23,49,34.99999416424623,35.0,291.9,0,0.0,0.7418467438594412,0.25815313452177013,1.216187887418863e-07,200.0,61.3,-185.41622271424893,-1.4,-0.9674565810459391,-10.455035595014461,0.0,0.0,-26.114480014117166,-7.927014978906453,-2.803552636601865,-5.820466612806036,-5.495776703012909,-14.9
290,3500029.23,0,34.99999416424623,35.0,291.9,0,0.0,0.7417806317704093,0.25821925269174134,1.1553784930479198e-07,200.0,61.3,-185.41622271424893,-1.4,-0.9674565810459391,-10.455035595014461,0.0,0.0,-26.114480014117166,-7.927014978906453,-2.803552636601865,-5.820466612806036,-5.495776703012909,-14.9
291,3500029.23,1,34.99999416424623,35.0,291.9,0,0.0,0.7417058555876416,0.25829403465140166,1.0976095683955239e-07,200.0,61.3,-185.41622271424893,-1.4,-0.9674565810459391,-10.455035595014461,0.0,0.0,-26.114480014117166,-7.927014978906453,-2.803552636601865,-5.820466612806036,-5.495776703012909,-14.9
292,3500029.23,2,34.99999416424623,35.0,291.9,0,0.0,0.7416263457233837,0.2583735500037074,1.0427290899757476e-07,200.0,61.3,-185.41622271424893,-1.4,-0.9674565810459391,-10.455035595014461,0.0,0.0,-26.114480014117166,-7.927014978906453,-2.803552636601865,-5.820466612806036,-5.495776703012909,-14.9
293,3500029.23,3,34.99999416424623,35.0,291.9,0,0.0,0.7415560517960755,0.25844384914466095,9.905926354769602e-08,200.0,61.3,-185.41622271424893,-1.4,-0.9674565810459391,-10.455035595014461,0.0,0.0,-26.114480014117166,-7.927014978906453,-2.803552636601865,-5.820466612806036,-5.495776703012909,-14.9
294,3500029.23,4,34.99999416424623,35.0,291.9,0,0.0,0.7414808676851224,0.25851903820857725,9.410630037031121e-08,200.0,61.3,-185.41622271424893,-1.4,-0.9674565810459391,-10.455035595014461,0.0,0.0,-26.114480014117166,-7.927014978906453,-2.803552636601865,-5.820466612806036,-5.495776703012909,-14.9
295,3500029.23,5,34.99999416424623,35.0,291.9,0,0.0,0.7414180491682648,0.25858186143074985,8.940098535179565e-08,200.0,61.3,-185.41622271424893,-1.4,-0.9674565810459391,-10.455035595014461,0.0,0.0,-26.114480014117166,-7.927014978906453,-2.803552636601865,-5.820466612806036,-5.495776703012909,-14.9
296,3500029.23,6,34.99999416424623,35.0,291.9,0,0.0,0.7413534039333791,0.2586465111356848,8.493093608420586e-08,200.0,61.3,-185.41622271424893,-1.4,-0.9674565810459391,-10.455035595014461,0.0,0.0,-26.114480014117166,-7.927014978906453,-2.803552636601865,-5.820466612806036,-5.495776703012909,-14.9
297,3500029.23,7,34.99999416424623,35.0,291.9,0,0.0,0.7412870551527869,0.2587128641628239,8.068438927999557e-08,200.0,61.3,-185.41622271424893,-1.4,-0.9674565810459391,-10.455035595014461,0.0,0.0,-26.114480014117166,-7.927014978906453,-2.803552636601865,-5.820466612806036,-5.495776703012909,-14.9
298,3500029.23,8,34.99999416424623,35.0,291.9,0,0.0,0.7412090372522624,0.2587908860975678,7.665016981599579e-08,200.0,61.3,-185.41622271424893,-1.4,-0.9674565810459391,-10.455035595014461,0.0,0.0,-26.114480014117166,-7.927014978906453,-2.803552636601865,-5.820466612806036,-5.495776703012909,-14.9
299,3500029.23,9,34.99999416424623,35.0,291.9,0,0.0,0.7411267238703103,0.25887320331202845,7.281766132519601e-08,200.0,61.3,-185.41622271424893,-1.4,-0.9674565810459391,-10.455035595014461,0.0,0.0,-26.114480014117166,-7.927014978906453,-2.803552636601865,-5.820466612806036,-5.495776703012909,-14.9
300,3500029.23,10,34.99999416424623,35.0,291.9,0,0.0,0.7410537497444282,0.2589461810787936,6.917677825893621e-08,200.0,61.3,-185.41622271424893,-1.4,-0.9674565810459391,-10.455035595014461,0.0,0.0,-26.114480014117166,-7.927014978906453,-2.803552636601865,-5.820466612806036,-5.495776703012909,-14.9
301,3500029.23,11,34.99999416424623,35.0,291.9,0,0.0,0.7409796226360476,0.2590203116460132,6.571793934598941e-08,200.0,61.3,-185.41622271424893,-1.4,-0.9674565810459391,-10.455035595014461,0.0,0.0,-26.114480014117166,-7.927014978906453,-2.803552636601865,-5.820466612806036,-5.495776703012909,-14.9
302,3500029.23,12,34.99999416424623,35.0,291.9,0,0.0,0.7409011090088469,0.25909882855911076,6.243204237868993e-08,200.0,61.3,-185.41622271424893,-1.4,-0.9674565810459391,-10.455035595014461,0.0,0.0,-26.114480014117166,-7.927014978906453,-2.803552636601865,-5.820466612806036,-5.495776703012909,-14.9
303,3500029.23,13,34.99999416424623,35.0,291.9,0,0.0,0.7408052142624107,0.2591947264271491,5.931044025975544e-08,200.0,61.3,-185.41622271424893,-1.4,-0.9674565810459391,-10.455035595014461,0.0,0.0,-26.114480014117166,-7.927014978906453,-2.803552636601865,-5.820466612806036,-5.495776703012909,-14.9
304,3500029.23,14,34.99999416424623,35.0,291.9,0,0.0,0.7407160743741439,0.25928386928093783,5.634491824676766e-08,200.0,61.3,-185.41622271424893,-1.4,-0.9674565810459391,-10.455035595014461,0.0,0.0,-26.114480014117166,-7.927014978906453,-2.803552636601865,-5.820466612806036,-5.495776703012909,-14.9
305,3500029.23,15,34.99999416424623,35.0,291.9,0,0.0,0.7406366317548962,0.2593633147174315,5.352767233442928e-08,200.0,61.3,-185.41622271424893,-1.4,-0.9674565810459391,-10.455035595014461,0.0,0.0,-26.114480014117166,-7.927014978906453,-2.803552636601865,-5.820466612806036,-5.495776703012909,-14.9
306,3500029.23,16,34.99999416424623,35.0,291.9,0,0.0,0.7405466621193638,0.25945328702934756,5.0851288717707814e-08,200.0,61.3,-185.41622271424893,-1.4,-0.9674565810459391,-10.455035595014461,0.0,0.0,-26.114480014117166,-7.927014978906453,-2.803552636601865,-5.820466612806036,-5.495776703012909,-14.9
307,3500029.23,17,34.99999416424623,35.0,291.9,0,0.0,0.7404500479789464,0.2595499037123294,4.8308724281822424e-08,200.0,61.3,-185.41622271424893,-1.4,-0.9674565810459391,-10.455035595014461,0.0,0.0,-26.114480014117166,-7.927014978906453,-2.803552636601865,-5.820466612806036,-5.495776703012909,-14.9
308,3500029.23,18,34.99999416424623,35.0,291.9,0,0.0,0.7403537255434091,0.25964622856330294,4.58932880677313e-08,200.0,61.3,-185.41622271424893,-1.4,-0.9674565810459391,-10.455035595014461,0.0,0.0,-26.114480014117166,-7.927014978906453,-2.803552636601865,-5.820466612806036,-5.495776703012909,-14.9
309,3500029.23,19,34.99999416424623,35.0,291.9,0,0.0,0.7402348587878964,0.2597650976134799,4.359862366434474e-08,200.0,61.3,-185.41622271424893,-1.4,-0.9674565810459391,-10.455035595014461,0.0,0.0,-26.114480014117166,-7.927014978906453,-2.803552636601865,-5.820466612806036,-5.495776703012909,-14.9
310,3500029.23,20,34.99999416424623,35.0,291.9,0,0.0,0.7401207756204596,0.2598791829608479,4.1418692481127495e-08,200.0,61.3,-185.41622271424893,-1.4,-0.9674565810459391,-10.455035595014461,0.0,0.0,-26.114480014117166,-7.927014978906453,-2.803552636601865,-5.820466612806036,-5.495776703012909,-14.9
311,3500029.23,21,34.99999416424623,35.0,291.9,0,0.0,0.7400144909407743,0.2599854697114679,3.934775785707112e-08,200.0,61.3,-185.41622271424893,-1.4,-0.9674565810459391,-10.455035595014461,0.0,0.0,-26.114480014117166,-7.927014978906453,-2.803552636601865,-5.820466612806036,-5.495776703012909,-14.9
312,3500029.23,22,34.99999416424623,35.0,291.9,0,0.0,0.7399156006798757,0.26008436193975437,3.738036996421756e-08,200.0,61.3,-185.41622271424893,-1.4,-0.9674565810459391,-10.455035595014461,0.0,0.0,-26.114480014117166,-7.927014978906453,-2.803552636601865,-5.820466612806036,-5.495776703012909,-14.9
313,3500029.23,23,34.99999416424623,35.0,291.9,0,0.0,0.7398172719463406,0.2601826925423079,3.5511351466006686e-08,200.0,61.3,-185.41622271424893,-1.4,-0.9674565810459391,-10.455035595014461,0.0,0.0,-26.114480014117166,-7.927014978906453,-2.803552636601865,-5.820466612806036,-5.495776703012909,-14.9
314,3500029.23,24,34.99999416424623,35.0,291.9,0,0.0,0.7397355730755789,0.26026439318863726,3.373578389270636e-08,200.0,61.3,-185.41622271424893,-1.4,-0.9674565810459391,-10.455035595014461,0.0,0.0,-26.114480014117166,-7.927014978906453,-2.803552636601865,-5.820466612806036,-5.495776703012909,-14.9
315,3500029.23,25,34.99999416424623,35.0,291.9,0,0.0,0.7396727802429894,0.26032718770801594,3.204899469807104e-08,200.0,61.3,-185.41622271424893,-1.4,-0.9674565810459391,-10.455035595014461,0.0,0.0,-26.114480014117166,-7.927014978906453,-2.803552636601865,-5.820466612806036,-5.495776703012909,-14.9
316,3500029.23,26,34.99999416424623,35.0,291.9,0,0.0,0.7396087243743145,0.26039124517914064,3.044654496316749e-08,200.0,61.3,-185.41622271424893,-1.4,-0.9674565810459391,-10.455035595014461,0.0,0.0,-26.114480014117166,-7.927014978906453,-2.803552636601865,-5.820466612806036,-5.495776703012909,-14.9
317,3500029.23,27,34.99999416424623,35.0,291.9,0,0.0,0.7395593753681483,0.260440595707634,2.8924217715009116e-08,200.0,61.3,-185.41622271424893,-1.4,-0.9674565810459391,-10.455035595014461,0.0,0.0,-26.114480014117166,-7.927014978906453,-2.803552636601865,-5.820466612806036,-5.495776703012909,-14.9
318,3500029.23,28,34.99999416424623,35.0,291.9,0,0.0,0.7394922636734217,0.26050770884857144,2.7478006829258657e-08,200.0,61.3,-185.41622271424893,-1.4,-0.9674565810459391,-10.455035595014461,0.0,0.0,-26.114480014117166,-7.927014978906453,-2.803552636601865,-5.820466612806036,-5.495776703012909,-14.9
319,3500029.23,29,34.99999416424623,35.0,291.9,0,0.0,0.7394241836968384,0.2605757901990551,2.6104106487795724e-08,200.0,61.3,-185.41622271424893,-1.4,-0.9674565810459391,-10.455035595014461,0.0,0.0,-26.114480014117166,-7.927014978906453,-2.803552636601865,-5.820466612806036,-5.495776703012909,-14.9
320,3500029.23,30,34.99999416424623,35.0,291.9,0,0.0,0.7393457491450615,0.26065422605603744,2.479890116340594e-08,200.0,61.3,-185.41622271424893,-1.4,-0.9674565810459391,-10.455035595014461,0.0,0.0,-26.114480014117166,-7.927014978906453,-2.803552636601865,-5.820466612806036,-5.495776703012909,-14.9
321,3500029.23,31,34.99999416424623,35.0,291.9,0,0.0,0.7392764243332044,0.2607235521078395,2.3558956105235643e-08,200.0,61.3,-185.41622271424893,-1.4,-0.9674565810459391,-10.455035595014461,0.0,0.0,-26.114480014117166,-7.927014978906453,-2.803552636601865,-5.820466612806036,-5.495776703012909,-14.9
322,3500029.23,32,34.99999416424623,35.0,291.9,0,0.0,0.7392219799262567,0.26077799769273496,2.238100829997386e-08,200.0,61.3,-185.41622271424893,-1.4,-0.9674565810459391,-10.455035595014461,0.0,0.0,-26.114480014117166,-7.927014978906453,-2.803552636601865,-5.820466612806036,-5.495776703012909,-14.9
323,3500029.23,33,34.99999416424623,35.0,291.9,0,0.0,0.7391628708886979,0.26083710784934416,2.1261957884975164e-08,200.0,61.3,-185.41622271424893,-1.4,-0.9674565810459391,-10.455035595014461,0.0,0.0,-26.114480014117166,-7.927014978906453,-2.803552636601865,-5.820466612806036,-5.495776703012909,-14.9
324,3500029.23,34,34.99999416424623,35.0,291.9,0,0.0,0.7391149330056334,0.2608850467955066,2.0198859990726405e-08,200.0,61.3,-185.41622271424893,-1.4,-0.9674565810459391,-10.455035595014461,0.0,0.0,-26.114480014117166,-7.927014978906453,-2.803552636601865,-5.820466612806036,-5.495776703012909,-14.9
325,3500029.23,35,34.99999416424623,35.0,291.9,0,0.0,0.739068252395418,0.26093172841566503,1.9188916991190084e-08,200.0,61.3,-185.41622271424893,-1.4,-0.9674565810459391,-10.455035595014461,0.0,0.0,-26.114480014117166,-7.927014978906453,-2.803552636601865,-5.820466612806036,-5.495776703012909,-14.9
326,3500029.23,36,34.99999416424623,35.0,291.9,0,0.0,0.7390196816469335,0.2609803001235953,1.8229471141630578e-08,200.0,61.3,-185.41622271424893,-1.4,-0.9674565810459391,-10.455035595014461,0.0,0.0,-26.114480014117166,-7.927014978906453,-2.803552636601865,-5.820466612806036,-5.495776703012909,-14.9
327,3500029.23,37,34.99999416424623,35.0,291.9,0,0.0,0.7389724230941747,0.26102755958782786,1.7317997584549053e-08,200.0,61.3,-185.41622271424893,-1.4,-0.9674565810459391,-10.455035595014461,0.0,0.0,-26.114480014117166,-7.927014978906453,-2.803552636601865,-5.820466612806036,-5.495776703012909,-14.9
328,3500029.23,38,34.99999416424623,35.0,291.9,0,0.0,0.7389356341494946,0.2610643493984078,1.64520977053216e-08,200.0,61.3,-185.41622271424893,-1.4,-0.9674565810459391,-10.455035595014461,0.0,0.0,-26.114480014117166,-7.927014978906453,-2.803552636601865,-5.820466612806036,-5.495776703012909,-14.9
329,3500029.23,39,34.99999416424623,35.0,291.9,0,0.0,0.7388903657141607,0.26110961865634646,1.562949282005552e-08,200.0,61.3,-185.41622271424893,-1.4,-0.9674565810459391,-10.455035595014461,0.0,0.0,-26.114480014117166,-7.927014978906453,-2.803552636601865,-5.820466612806036,-5.495776703012909,-14.9
330,3500029.23,40,34.99999416424623,35.0,291.9,0,0.0,0.7388615287192031,0.26113845643277883,1.4848018179052744e-08,200.0,61.3,-185.41622271424893,-1.4,-0.9674565810459391,-10.455035595014461,0.0,0.0,-26.114480014117166,-7.927014978906453,-2.803552636601865,-5.820466612806036,-5.495776703012909,-14.9
331,3500029.23,41,34.99999416424623,35.0,291.9,0,0.0,0.73882387028178,0.26117611561260284,1.4105617270100105e-08,200.0,61.3,-185.41622271424893,-1.4,-0.9674565810459391,-10.455035595014461,0.0,0.0,-26.114480014117166,-7.927014978906453,-2.803552636601865,-5.820466612806036,-5.495776703012909,-14.9
332,3500029.23,42,34.99999416424623,35.0,291.9,0,0.0,0.7387809217926635,0.26121906480700013,1.34003364065951e-08,200.0,61.3,-185.41622271424893,-1.4,-0.9674565810459391,-10.455035595014461,0.0,0.0,-26.114480014117166,-7.927014978906453,-2.803552636601865,-5.820466612806036,-5.495776703012909,-14.9
333,3500029.23,43,34.99999416424623,35.0,291.9,0,0.0,0.7387390444409877,0.2612609428286928,1.2730319586265344e-08,200.0,61.3,-185.41622271424893,-1.4,-0.9674565810459391,-10.455035595014461,0.0,0.0,-26.114480014117166,-7.927014978906453,-2.803552636601865,-5.820466612806036,-5.495776703012909,-14.9
334,3500029.23,44,34.99999416424623,35.0,291.9,0,0.0,0.7386951716806499,0.26130481622554647,1.2093803606952077e-08,200.0,61.3,-185.41622271424893,-1.4,-0.9674565810459391,-10.455035595014461,0.0,0.0,-26.114480014117166,-7.927014978906453,-2.803552636601865,-5.820466612806036,-5.495776703012909,-14.9
335,3500029.23,45,34.99999416424623,35.0,291.9,0,0.0,0.7386584582844445,0.261341530226442,1.1489113426604472e-08,200.0,61.3,-185.41622271424893,-1.4,-0.9674565810459391,-10.455035595014461,0.0,0.0,-26.114480014117166,-7.927014978906453,-2.803552636601865,-5.820466612806036,-5.495776703012909,-14.9
336,3500029.23,46,34.99999416424623,35.0,291.9,0,0.0,0.7386225146641997,0.26137747442114256,1.0914657755274247e-08,200.0,61.3,-185.41622271424893,-1.4,-0.9674565810459391,-10.455035595014461,0.0,0.0,-26.114480014117166,-7.927014978906453,-2.803552636601865,-5.820466612806036,-5.495776703012909,-14.9
337,3500029.23,47,34.99999416424623,35.0,291.9,0,0.0,0.7385873086763355,0.26141268095473963,1.0368924867510535e-08,200.0,61.3,-185.41622271424893,-1.4,-0.9674565810459391,-10.455035595014461,0.0,0.0,-26.114480014117166,-7.927014978906453,-2.803552636601865,-5.820466612806036,-5.495776703012909,-14.9
338,3500029.23,48,34.99999416424623,35.0,291.9,0,0.0,0.7385587738239258,0.26144121632559564,9.850478624135009e-09,200.0,61.3,-185.41622271424893,-1.4,-0.9674565810459391,-10.455035595014461,0.0,0.0,-26.114480014117166,-7.927014978906453,-2.803552636601865,-5.820466612806036,-5.495776703012909,-14.9
339,3500029.23,49,34.99999416424623,35.0,291.9,0,0.0,0.7385246545911713,0.26147533605087403,9.35795469292826e-09,200.0,61.3,-185.41622271424893,-1.4,-0.9674565810459391,-10.455035595014461,0.0,0.0,-26.114480014117166,-7.927014978906453,-2.803552636601865,-5.820466612806036,-5.495776703012909,-14.9
340,3500029.23,0,34.99999416424623,35.0,291.9,0,0.0,0.7384882344268636,0.2615117566830794,8.890056958281846e-09,200.0,61.3,-185.41622271424893,-1.4,-0.9674565810459391,-10.455035595014461,0.0,0.0,-26.114480014117166,-7.927014978906453,-2.803552636601865,-5.820466612806036,-5.495776703012909,-14.9
341,3500029.23,1,34.99999416424623,35.0,291.9,0,0.0,0.7384555665886715,0.26154442496577446,8.445554110367755e-09,200.0,61.3,-185.41622271424893,-1.4,-0.9674565810459391,-10.455035595014461,0.0,0.0,-26.114480014117166,-7.927014978906453,-2.803552636601865,-5.820466612806036,-5.495776703012909,-14.9
342,3500029.23,2,34.99999416424623,35.0,291.9,0,0.0,0.7384293988264187,0.261570593150305,8.023276404849367e-09,200.0,61.3,-185.41622271424893,-1.4,-0.9674565810459391,-10.455035595014461,0.0,0.0,-26.114480014117166,-7.927014978906453,-2.803552636601865,-5.820466612806036,-5.495776703012909,-14.9
343,3500029.23,3,34.99999416424623,35.0,291.9,0,0.0,0.7384005610909883,0.26159943128689916,7.622112584606898e-09,200.0,61.3,-185.41622271424893,-1.4,-0.9674565810459391,-10.455035595014461,0.0,0.0,-26.114480014117166,-7.927014978906453,-2.803552636601865,-5.820466612806036,-5.495776703012909,-14.9
344,3500029.23,4,34.99999416424623,35.0,291.9,0,0.0,0.7383574757941853,0.2616425169648077,7.241006955376553e-09,200.0,61.3,-185.41622271424893,-1.4,-0.9674565810459391,-10.455035595014461,0.0,0.0,-26.114480014117166,-7.927014978906453,-2.803552636601865,-5.820466612806036,-5.495776703012909,-14.9
345,3500029.23,5,34.99999416424623,35.0,291.9,0,0.0,0.7383214190148101,0.2616785741062333,6.878956607607725e-09,200.0,61.3,-185.41622271424893,-1.4,-0.9674565810459391,-10.455035595014461,0.0,0.0,-26.114480014117166,-7.927014978906453,-2.803552636601865,-5.820466612806036,-5.495776703012909,-14.9
346,3500029.23,6,34.99999416424623,35.0,291.9,0,0.0,0.7382861768411363,0.26171381662385496,6.5350087772273395e-09,200.0,61.3,-185.41622271424893,-1.4,-0.9674565810459391,-10.455035595014461,0.0,0.0,-26.114480014117166,-7.927014978906453,-2.803552636601865,-5.820466612806036,-5.495776703012909,-14.9
347,3500029.23,7,34.99999416424623,35.0,291.9,0,0.0,0.7382517142573617,0.26174827953437996,6.208258338365972e-09,200.0,61.3,-185.41622271424893,-1.4,-0.9674565810459391,-10.455035595014461,0.0,0.0,-26.114480014117166,-7.927014978906453,-2.803552636601865,-5.820466612806036,-5.495776703012909,-14.9
348,3500029.23,8,34.99999416424623,35.0,291.9,0,0.0,0.7382005830989693,0.2617994110031853,5.8978454214476746e-09,200.0,61.3,-185.41622271424893,-1.4,-0.9674565810459391,-10.455035595014461,0.0,0.0,-26.114480014117166,-7.927014978906453,-2.803552636601865,-5.820466612806036,-5.495776703012909,-14.9
349,3500029.23,9,34.99999416424623,35.0,291.9,0,0.0,0.7381307895935332,0.2618692048035137,5.602953150375291e-09,200.0,61.3,-185.41622271424893,-1.4,-0.9674565810459391,-10.455035595014461,0.0,0.0,-26.114480014117166,-7.927014978906453,-2.803552636601865,-5.820466612806036,-5.495776703012909,-14.9
350,3500029.23,10,34.99999416424623,35.0,291.9,0,0.0,0.7380694132783767,0.26193058139881786,5.322805492856526e-09,200.0,61.3,-185.41622271424893,-1.4,-0.9674565810459391,-10.455035595014461,0.0,0.0,-26.114480014117166,-7.927014978906453,-2.803552636601865,-5.820466612806036,-5.495776703012909,-14.9
351,3500029.23,11,34.99999416424623,35.0,291.9,0,0.0,0.7379929139737318,0.26200708096960307,5.056665218213699e-09,200.0,61.3,-185.41622271424893,-1.4,-0.9674565810459391,-10.455035595014461,0.0,0.0,-26.114480014117166,-7.927014978906453,-2.803552636601865,-5.820466612806036,-5.495776703012909,-14.9
352,3500029.23,12,34.99999416424623,35.0,291.9,0,0.0,0.7379050068883973,0.2620949883077707,4.803831957303014e-09,200.0,61.3,-185.41622271424893,-1.4,-0.9674565810459391,-10.455035595014461,0.0,0.0,-26.114480014117166,-7.927014978906453,-2.803552636601865,-5.820466612806036,-5.495776703012909,-14.9
353,3500029.23,13,34.99999416424623,35.0,291.9,0,0.0,0.7378092087259119,0.2621907867104477,4.5636403594378635e-09,200.0,61.3,-185.41622271424893,-1.4,-0.9674565810459391,-10.455035595014461,0.0,0.0,-26.114480014117166,-7.927014978906453,-2.803552636601865,-5.820466612806036,-5.495776703012909,-14.9
354,3500029.23,14,34.99999416424623,35.0,291.9,0,0.0,0.737708845261161,0.26229115040338075,4.335458341465971e-09,200.0,61.3,-185.41622271424893,-1.4,-0.9674565810459391,-10.455035595014461,0.0,0.0,-26.114480014117166,-7.927014978906453,-2.803552636601865,-5.820466612806036,-5.495776703012909,-14.9
355,3500029.23,15,34.99999416424623,35.0,291.9,0,0.0,0.7376213892190221,0.26237860666229246,4.118685424392672e-09,200.0,61.3,-185.41622271424893,-1.4,-0.9674565810459391,-10.455035595014461,0.0,0.0,-26.114480014117166,-7.927014978906453,-2.803552636601865,-5.820466612806036,-5.495776703012909,-14.9
356,3500029.23,16,34.99999416424623,35.0,291.9,0,0.0,0.7375375792172575,0.2624624168699914,3.912751153173039e-09,200.0,61.3,-185.41622271424893,-1.4,-0.9674565810459391,-10.455035595014461,0.0,0.0,-26.114480014117166,-7.927014978906453,-2.803552636601865,-5.820466612806036,-5.495776703012909,-14.9
357,3500029.23,17,34.99999416424623,35.0,291.9,0,0.0,0.7374629318473541,0.26253706443553226,3.717113595514387e-09,200.0,61.3,-185.41622271424893,-1.4,-0.9674565810459391,-10.455035595014461,0.0,0.0,-26.114480014117166,-7.927014978906453,-2.803552636601865,-5.820466612806036,-5.495776703012909,-14.9
358,3500029.23,18,34.99999416424623,35.0,291.9,0,0.0,0.7373856034533747,0.2626143930153675,3.5312579157386677e-09,200.0,61.3,-185.41622271424893,-1.4,-0.9674565810459391,-10.455035595014461,0.0,0.0,-26.114480014117166,-7.927014978906453,-2.803552636601865,-5.820466612806036,-5.495776703012909,-14.9
359,3500029.23,19,34.99999416424623,35.0,291.9,0,0.0,0.7373029261941325,0.2626970704511725,3.354695019951734e-09,200.0,61.3,-185.41622271424893,-1.4,-0.9674565810459391,-10.455035595014461,0.0,0.0,-26.114480014117166,-7.927014978906453,-2.803552636601865,-5.820466612806036,-5.495776703012909,-14.9
360,3500029.23,20,34.99999416424623,35.0,291.9,0,0.0,0.7372265222323415,0.26277347458069816,3.1869602689541464e-09,200.0,61.3,-185.41622271424893,-1.4,-0.9674565810459391,-10.455035595014461,0.0,0.0,-26.114480014117166,-7.927014978906453,-2.803552636601865,-5.820466612806036,-5.495776703012909,-14.9
361,3500029.23,21,34.99999416424623,35.0,291.9,0,0.0,0.7371447889442906,0.26285520802809714,3.027612255506439e-09,200.0,61.3,-185.41622271424893,-1.4,-0.9674565810459391,-10.455035595014461,0.0,0.0,-26.114480014117166,-7.927014978906453,-2.803552636601865,-5.820466612806036,-5.495776703012909,-14.9
362,3500029.23,22,34.99999416424623,35.0,291.9,0,0.0,0.7370692908917744,0.26293070623199394,2.876231642731117e-09,200.0,61.3,-185.41622271424893,-1.4,-0.9674565810459391,-10.455035595014461,0.0,0.0,-26.114480014117166,-7.927014978906453,-2.803552636601865,-5.820466612806036,-5.495776703012909,-14.9
363,3500029.23,23,34.99999416424623,35.0,291.9,0,0.0,0.7369856760252246,0.26301432124235535,2.732420060594561e-09,200.0,61.3,-185.41622271424893,-1.4,-0.9674565810459391,-10.455035595014461,0.0,0.0,-26.114480014117166,-7.927014978906453,-2.803552636601865,-5.820466612806036,-5.495776703012909,-14.9
364,3500029.23,24,34.99999416424623,35.0,291.9,0,0.0,0.7368972056017232,0.2631027918024778,2.5957990575648332e-09,200.0,61.3,-185.41622271424893,-1.4,-0.9674565810459391,-10.455035595014461,0.0,0.0,-26.114480014117166,-7.927014978906453,-2.803552636601865,-5.820466612806036,-5.495776703012909,-14.9
365,3500029.23,25,34.99999416424623,35.0,291.9,0,0.0,0.7368376706004645,0.26316232693352654,2.4660091046865915e-09,200.0,61.3,-185.41622271424893,-1.4,-0.9674565810459391,-10.455035595014461,0.0,0.0,-26.114480014117166,-7.927014978906453,-2.803552636601865,-5.820466612806036,-5.495776703012909,-14.9
366,3500029.23,26,34.99999416424623,35.0,291.9,0,0.0,0.7367804402160296,0.26321955744126174,2.3427086494522617e-09,200.0,61.3,-185.41622271424893,-1.4,-0.9674565810459391,-10.455035595014461,0.0,0.0,-26.114480014117166,-7.927014978906453,-2.803552636601865,-5.820466612806036,-5.495776703012909,-14.9
367,3500029.23,27,34.99999416424623,35.0,291.9,0,0.0,0.7367281750271992,0.26327182274722755,2.2255732169796485e-09,200.0,61.3,-185.41622271424893,-1.4,-0.9674565810459391,-10.455035595014461,0.0,0.0,-26.114480014117166,-7.927014978906453,-2.803552636601865,-5.820466612806036,-5.495776703012909,-14.9
368,3500029.23,28,34.99999416424623,35.0,291.9,0,0.0,0.7366806147027989,0.2633193831829066,2.114294556130666e-09,200.0,61.3,-185.41622271424893,-1.4,-0.9674565810459391,-10.455035595014461,0.0,0.0,-26.114480014117166,-7.927014978906453,-2.803552636601865,-5.820466612806036,-5.495776703012909,-14.9
369,3500029.23,29,34.99999416424623,35.0,291.9,0,0.0,0.7366430212274724,0.26335697676394776,2.0085798283241325e-09,200.0,61.3,-185.41622271424893,-1.4,-0.9674565810459391,-10.455035595014461,0.0,0.0,-26.114480014117166,-7.927014978906453,-2.803552636601865,-5.820466612806036,-5.495776703012909,-14.9
370,3500029.23,30,34.99999416424623,35.0,291.9,0,0.0,0.736606612834197,0.2633933852576521,1.9081508369079256e-09,200.0,61.3,-185.41622271424893,-1.4,-0.9674565810459391,-10.455035595014461,0.0,0.0,-26.114480014117166,-7.927014978906453,-2.803552636601865,-5.820466612806036,-5.495776703012909,-14.9
371,3500029.23,31,34.99999416424623,35.0,291.9,0,0.0,0.7365658543614954,0.2634341438257613,1.8127432950625293e-09,200.0,61.3,-185.41622271424893,-1.4,-0.9674565810459391,-10.455035595014461,0.0,0.0,-26.114480014117166,-7.927014978906453,-2.803552636601865,-5.820466612806036,-5.495776703012909,-14.9
372,3500029.23,32,34.99999416424623,35.0,291.9,0,0.0,0.7365373885392953,0.2634626097385986,1.7221061303094027e-09,200.0,61.3,-185.41622271424893,-1.4,-0.9674565810459391,-10.455035595014461,0.0,0.0,-26.114480014117166,-7.927014978906453,-2.803552636601865,-5.820466612806036,-5.495776703012909,-14.9
373,3500029.23,33,34.99999416424623,35.0,291.9,0,0.0,0.7365096480784861,0.2634903502855131,1.6360008237939324e-09,200.0,61.3,-185.41622271424893,-1.4,-0.9674565810459391,-10.455035595014461,0.0,0.0,-26.114480014117166,-7.927014978906453,-2.803552636601865,-5.820466612806036,-5.495776703012909,-14.9
374,3500029.23,34,34.99999416424623,35.0,291.9,0,0.0,0.7364771673451515,0.26352283110064784,1.554200782604236e-09,200.0,61.3,-185.41622271424893,-1.4,-0.9674565810459391,-10.455035595014461,0.0,0.0,-26.114480014117166,-7.927014978906453,-2.803552636601865,-5.820466612806036,-5.495776703012909,-14.9
375,3500029.23,35,34.99999416424623,35.0,291.9,0,0.0,0.7364510533161225,0.2635489452073868,1.476490743474024e-09,200.0,61.3,-185.41622271424893,-1.4,-0.9674565810459391,-10.455035595014461,0.0,0.0,-26.114480014117166,-7.927014978906453,-2.803552636601865,-5.820466612806036,-5.495776703012909,-14.9
376,3500029.23,36,34.99999416424623,35.0,291.9,0,0.0,0.7364282593723213,0.26357173922501254,1.4026662063003228e-09,200.0,61.3,-185.41622271424893,-1.4,-0.9674565810459391,-10.455035595014461,0.0,0.0,-26.114480014117166,-7.927014978906453,-2.803552636601865,-5.820466612806036,-5.495776703012909,-14.9
377,3500029.23,37,34.99999416424623,35.0,291.9,0,0.0,0.7364059149157061,0.2635940837517611,1.3325328959853067e-09,200.0,61.3,-185.41622271424893,-1.4,-0.9674565810459391,-10.455035595014461,0.0,0.0,-26.114480014117166,-7.927014978906453,-2.803552636601865,-5.820466612806036,-5.495776703012909,-14.9
378,3500029.23,38,34.99999416424623,35.0,291.9,0,0.0,0.7363813141967829,0.26361868453731097,1.2659062511860414e-09,200.0,61.3,-185.41622271424893,-1.4,-0.9674565810459391,-10.455035595014461,0.0,0.0,-26.114480014117166,-7.927014978906453,-2.803552636601865,-5.820466612806036,-5.495776703012909,-14.9
379,3500029.23,39,34.99999416424623,35.0,291.9,0,0.0,0.73636798311062,0.26363201568676914,1.2026109386267392e-09,200.0,61.3,-185.41622271424893,-1.4,-0.9674565810459391,-10.455035595014461,0.0,0.0,-26.114480014117166,-7.927014978906453,-2.803552636601865,-5.820466612806036,-5.495776703012909,-14.9
380,3500029.23,40,34.99999416424623,35.0,291.9,0,0.0,0.7363679620669599,0.2636320367905598,1.1424803916954023e-09,200.0,61.3,-185.41622271424893,-1.4,-0.9674565810459391,-10.455035595014461,0.0,0.0,-26.114480014117166,-7.927014978906453,-2.803552636601865,-5.820466612806036,-5.495776703012909,-14.9
381,3500029.23,41,34.99999416424623,35.0,291.9,0,0.0,0.7363805026317191,0.2636194962829245,1.0853563721106318e-09,200.0,61.3,-185.41622271424893,-1.4,-0.9674565810459391,-10.455035595014461,0.0,0.0,-26.114480014117166,-7.927014978906453,-2.803552636601865,-5.820466612806036,-5.495776703012909,-14.9
382,3500029.23,42,34.99999416424623,35.0,291.9,0,0.0,0.7363996005032309,0.26360039846568056,1.0310885535051005e-09,200.0,61.3,-185.41622271424893,-1.4,-0.9674565810459391,-10.455035595014461,0.0,0.0,-26.114480014117166,-7.927014978906453,-2.803552636601865,-5.820466612806036,-5.495776703012909,-14.9
383,3500029.23,43,34.99999416424623,35.0,291.9,0,0.0,0.7364090392889259,0.26359095973153995,9.795341258298455e-10,200.0,61.3,-185.41622271424893,-1.4,-0.9674565810459391,-10.455035595014461,0.0,0.0,-26.114480014117166,-7.927014978906453,-2.803552636601865,-5.820466612806036,-5.495776703012909,-14.9
384,3500029.23,44,34.99999416424623,35.0,291.9,0,0.0,0.7364251574770713,0.26357484159237127,9.305574195383531e-10,200.0,61.3,-185.41622271424893,-1.4,-0.9674565810459391,-10.455035595014461,0.0,0.0,-26.114480014117166,-7.927014978906453,-2.803552636601865,-5.820466612806036,-5.495776703012909,-14.9
385,3500029.23,45,34.99999416424623,35.0,291.9,0,0.0,0.7364318144081904,0.26356818470778015,8.840295485614355e-10,200.0,61.3,-185.41622271424893,-1.4,-0.9674565810459391,-10.455035595014461,0.0,0.0,-26.114480014117166,-7.927014978906453,-2.803552636601865,-5.820466612806036,-5.495776703012909,-14.9
386,3500029.23,46,34.99999416424623,35.0,291.9,0,0.0,0.736437392356781,0.26356260680339105,8.398280711333638e-10,200.0,61.3,-185.41622271424893,-1.4,-0.9674565810459391,-10.455035595014461,0.0,0.0,-26.114480014117166,-7.927014978906453,-2.803552636601865,-5.820466612806036,-5.495776703012909,-14.9
387,3500029.23,47,34.99999416424623,35.0,291.9,0,0.0,0.736457632513164,0.26354236668899933,7.978366675766956e-10,200.0,61.3,-185.41622271424893,-1.4,-0.9674565810459391,-10.455035595014461,0.0,0.0,-26.114480014117166,-7.927014978906453,-2.803552636601865,-5.820466612806036,-5.495776703012909,-14.9
388,3500029.23,48,34.99999416424623,35.0,291.9,0,0.0,0.7364812914390415,0.2635187078030136,7.579448341978607e-10,200.0,61.3,-185.41622271424893,-1.4,-0.9674565810459391,-10.455035595014461,0.0,0.0,-26.114480014117166,-7.927014978906453,-2.803552636601865,-5.820466612806036,-5.495776703012909,-14.9
389,3500029.23,49,34.99999416424623,35.0,291.9,0,0.0,0.7365107688053772,0.26348923047457523,7.200475924879677e-10,200.0,61.3,-185.41622271424893,-1.4,-0.9674565810459391,-10.455035595014461,0.0,0.0,-26.114480014117166,-7.927014978906453,-2.803552636601865,-5.820466612806036,-5.495776703012909,-14.9
390,3500029.23,0,34.99999416424623,35.0,291.9,0,0.0,0.7365379690024958,0.26346203031345905,6.840452128635693e-10,200.0,61.3,-185.41622271424893,-1.4,-0.9674565810459391,-10.455035595014461,0.0,0.0,-26.114480014117166,-7.927014978906453,-2.803552636601865,-5.820466612806036,-5.495776703012909,-14.9
391,3500029.23,1,34.99999416424623,35.0,291.9,0,0.0,0.7365604274342018,0.26343957191595535,6.498429522203908e-10,200.0,61.3,-185.41622271424893,-1.4,-0.9674565810459391,-10.455035595014461,0.0,0.0,-26.114480014117166,-7.927014978906453,-2.803552636601865,-5.820466612806036,-5.495776703012909,-14.9
392,3500029.23,2,34.99999416424623,35.0,291.9,0,0.0,0.7365706636299161,0.2634293357527332,6.173508046093712e-10,200.0,61.3,-185.41622271424893,-1.4,-0.9674565810459391,-10.455035595014461,0.0,0.0,-26.114480014117166,-7.927014978906453,-2.803552636601865,-5.820466612806036,-5.495776703012909,-14.9
393,3500029.23,3,34.99999416424623,35.0,291.9,0,0.0,0.7365719090239617,0.263428090389555,5.864832643789026e-10,200.0,61.3,-185.41622271424893,-1.4,-0.9674565810459391,-10.455035595014461,0.0,0.0,-26.114480014117166,-7.927014978906453,-2.803552636601865,-5.820466612806036,-5.495776703012909,-14.9
394,3500029.23,4,34.99999416424623,35.0,291.9,0,0.0,0.7365620798237095,0.2634379196191315,5.571591011599574e-10,200.0,61.3,-185.41622271424893,-1.4,-0.9674565810459391,-10.455035595014461,0.0,0.0,-26.114480014117166,-7.927014978906453,-2.803552636601865,-5.820466612806036,-5.495776703012909,-14.9
395,3500029.23,5,34.99999416424623,35.0,291.9,0,0.0,0.7365469067612032,0.2634530927094958,5.293011461019596e-10,200.0,61.3,-185.41622271424893,-1.4,-0.9674565810459391,-10.455035595014461,0.0,0.0,-26.114480014117166,-7.927014978906453,-2.803552636601865,-5.820466612806036,-5.495776703012909,-14.9
396,3500029.23,6,34.99999416424623,35.0,291.9,0,0.0,0.7365241232192747,0.26347587627788926,5.028360887968616e-10,200.0,61.3,-185.41622271424893,-1.4,-0.9674565810459391,-10.455035595014461,0.0,0.0,-26.114480014117166,-7.927014978906453,-2.803552636601865,-5.820466612806036,-5.495776703012909,-14.9
397,3500029.23,7,34.99999416424623,35.0,291.9,0,0.0,0.7364941458675435,0.2635058536547623,4.776942843570185e-10,200.0,61.3,-185.41622271424893,-1.4,-0.9674565810459391,-10.455035595014461,0.0,0.0,-26.114480014117166,-7.927014978906453,-2.803552636601865,-5.820466612806036,-5.495776703012909,-14.9
398,3500029.23,8,34.99999416424623,35.0,291.9,0,0.0,0.736465023020544,0.2635349765256465,4.538095701391676e-10,200.0,61.3,-185.41622271424893,-1.4,-0.9674565810459391,-10.455035595014461,0.0,0.0,-26.114480014117166,-7.927014978906453,-2.803552636601865,-5.820466612806036,-5.495776703012909,-14.9
399,3500029.23,9,34.99999416424623,35.0,291.9,0,0.0,0.7364367151984919,0.26356328437038906,4.311190916322092e-10,200.0,61.3,-185.41622271424893,-1.4,-0.9674565810459391,-10.455035595014461,0.0,0.0,-26.114480014117166,-7.927014978906453,-2.803552636601865,-5.820466612806036,-5.495776703012909,-14.9
400,3500029.23,10,34.99999416424623,35.0,291.9,0,0.0,0.7364117218638265,0.2635882777266103,4.095631370505987e-10,200.0,61.3,-185.41622271424893,-1.4,-0.9674565810459391,-10.455035595014461,0.0,0.0,-26.114480014117166,-7.927014978906453,-2.803552636601865,-5.820466612806036,-5.495776703012909,-14.9
401,3500029.23,11,34.99999416424623,35.0,291.9,0,0.0,0.7363772106350659,0.2636227889758491,3.890849801980689e-10,200.0,61.3,-185.41622271424893,-1.4,-0.9674565810459391,-10.455035595014461,0.0,0.0,-26.114480014117166,-7.927014978906453,-2.803552636601865,-5.820466612806036,-5.495776703012909,-14.9
402,3500029.23,12,34.99999416424623,35.0,291.9,0,0.0,0.7363463385222992,0.26365366110807004,3.6963073118816543e-10,200.0,61.3,-185.41622271424893,-1.4,-0.9674565810459391,-10.455035595014461,0.0,0.0,-26.114480014117166,-7.927014978906453,-2.803552636601865,-5.820466612806036,-5.495776703012909,-14.9
403,3500029.23,13,34.99999416424623,35.0,291.9,0,0.0,0.7363189135596586,0.26368108608919216,3.5114919462875716e-10,200.0,61.3,-185.41622271424893,-1.4,-0.9674565810459391,-10.455035595014461,0.0,0.0,-26.114480014117166,-7.927014978906453,-2.803552636601865,-5.820466612806036,-5.495776703012909,-14.9
404,3500029.23,14,34.99999416424623,35.0,291.9,0,0.0,0.7362972655220843,0.26370273414432394,3.335917348973193e-10,200.0,61.3,-185.41622271424893,-1.4,-0.9674565810459391,-10.455035595014461,0.0,0.0,-26.114480014117166,-7.927014978906453,-2.803552636601865,-5.820466612806036,-5.495776703012909,-14.9
405,3500029.23,15,34.99999416424623,35.0,291.9,0,0.0,0.7362760715807747,0.2637239281023132,3.1691214815245334e-10,200.0,61.3,-185.41622271424893,-1.4,-0.9674565810459391,-10.455035595014461,0.0,0.0,-26.114480014117166,-7.927014978906453,-2.803552636601865,-5.820466612806036,-5.495776703012909,-14.9
406,3500029.23,16,34.99999416424623,35.0,291.9,0,0.0,0.7362628078569566,0.2637371918419769,3.0106654074483067e-10,200.0,61.3,-185.41622271424893,-1.4,-0.9674565810459391,-10.455035595014461,0.0,0.0,-26.114480014117166,-7.927014978906453,-2.803552636601865,-5.820466612806036,-5.495776703012909,-14.9
407,3500029.23,17,34.99999416424623,35.0,291.9,0,0.0,0.736249566939783,0.2637504327742038,2.860132137075891e-10,200.0,61.3,-185.41622271424893,-1.4,-0.9674565810459391,-10.455035595014461,0.0,0.0,-26.114480014117166,-7.927014978906453,-2.803552636601865,-5.820466612806036,-5.495776703012909,-14.9
408,3500029.23,18,34.99999416424623,35.0,291.9,0,0.0,0.7362313785963923,0.26376862113189514,2.7171255302220965e-10,200.0,61.3,-185.41622271424893,-1.4,-0.9674565810459391,-10.455035595014461,0.0,0.0,-26.114480014117166,-7.927014978906453,-2.803552636601865,-5.820466612806036,-5.495776703012909,-14.9
409,3500029.23,19,34.99999416424623,35.0,291.9,0,0.0,0.7362060328788709,0.26379396686300216,2.5812692537109914e-10,200.0,61.3,-185.41622271424893,-1.4,-0.9674565810459391,-10.455035595014461,0.0,0.0,-26.114480014117166,-7.927014978906453,-2.803552636601865,-5.820466612806036,-5.495776703012909,-14.9
410,3500029.23,20,34.99999416424623,35.0,291.9,0,0.0,0.7361887802080711,0.26381121954670833,2.4522057910254425e-10,200.0,61.3,-185.41622271424893,-1.4,-0.9674565810459391,-10.455035595014461,0.0,0.0,-26.114480014117166,-7.927014978906453,-2.803552636601865,-5.820466612806036,-5.495776703012909,-14.9
411,3500029.23,21,34.99999416424623,35.0,291.9,0,0.0,0.7361693051977775,0.26383069456926295,2.3295955014741703e-10,200.0,61.3,-185.41622271424893,-1.4,-0.9674565810459391,-10.455035595014461,0.0,0.0,-26.114480014117166,-7.927014978906453,-2.803552636601865,-5.820466612806036,-5.495776703012909,-14.9
412,3500029.23,22,34.99999416424623,35.0,291.9,0,0.0,0.7361575843406181,0.26384241543807035,2.213115726400462e-10,200.0,61.3,-185.41622271424893,-1.4,-0.9674565810459391,-10.455035595014461,0.0,0.0,-26.114480014117166,-7.927014978906453,-2.803552636601865,-5.820466612806036,-5.495776703012909,-14.9
413,3500029.23,23,34.99999416424623,35.0,291.9,0,0.0,0.7361261635545033,0.2638738362352507,2.102459940080439e-10,200.0,61.3,-185.41622271424893,-1.4,-0.9674565810459391,-10.455035595014461,0.0,0.0,-26.114480014117166,-7.927014978906453,-2.803552636601865,-5.820466612806036,-5.495776703012909,-14.9
414,3500029.23,24,34.99999416424623,35.0,291.9,0,0.0,0.7360883761708581,0.2639116236294083,1.9973369430764172e-10,200.0,61.3,-185.41622271424893,-1.4,-0.9674565810459391,-10.455035595014461,0.0,0.0,-26.114480014117166,-7.927014978906453,-2.803552636601865,-5.820466612806036,-5.495776703012909,-14.9
415,3500029.23,25,34.99999416424623,35.0,291.9,0,0.0,0.7360543769616698,0.2639456228485832,1.8974700959225958e-10,200.0,61.3,-185.41622271424893,-1.4,-0.9674565810459391,-10.455035595014461,0.0,0.0,-26.114480014117166,-7.927014978906453,-2.803552636601865,-5.820466612806036,-5.495776703012909,-14.9
416,3500029.23,26,34.99999416424623,35.0,291.9,0,0.0,0.7360092966304227,0.2639907031893177,1.8025965911264662e-10,200.0,61.3,-185.41622271424893,-1.4,-0.9674565810459391,-10.455035595014461,0.0,0.0,-26.114480014117166,-7.927014978906453,-2.803552636601865,-5.820466612806036,-5.495776703012909,-14.9
417,3500029.23,27,34.99999416424623,35.0,291.9,0,0.0,0.7359732679643128,0.2640267318644406,1.712466761570143e-10,200.0,61.3,-185.41622271424893,-1.4,-0.9674565810459391,-10.455035595014461,0.0,0.0,-26.114480014117166,-7.927014978906453,-2.803552636601865,-5.820466612806036,-5.495776703012909,-14.9
418,3500029.23,28,34.99999416424623,35.0,291.9,0,0.0,0.7359458008864328,0.2640541989508829,1.626843423491636e-10,200.0,61.3,-185.41622271424893,-1.4,-0.9674565810459391,-10.455035595014461,0.0,0.0,-26.114480014117166,-7.927014978906453,-2.803552636601865,-5.820466612806036,-5.495776703012909,-14.9
419,3500029.23,29,34.99999416424623,35.0,291.9,0,0.0,0.7359288540602931,0.26407114578515684,1.545501252317054e-10,200.0,61.3,-185.41622271424893,-1.4,-0.9674565810459391,-10.455035595014461,0.0,0.0,-26.114480014117166,-7.927014978906453,-2.803552636601865,-5.820466612806036,-5.495776703012909,-14.9
420,3500029.23,30,34.99999416424623,35.0,291.9,0,0.0,0.7359025058684746,0.2640974939847028,1.4682261897012013e-10,200.0,61.3,-185.41622271424893,-1.4,-0.9674565810459391,-10.455035595014461,0.0,0.0,-26.114480014117166,-7.927014978906453,-2.803552636601865,-5.820466612806036,-5.495776703012909,-14.9
421,3500029.23,31,34.99999416424623,35.0,291.9,0,0.0,0.7358769281275901,0.2641230717329284,1.3948148802161412e-10,200.0,61.3,-185.41622271424893,-1.4,-0.9674565810459391,-10.455035595014461,0.0,0.0,-26.114480014117166,-7.927014978906453,-2.803552636601865,-5.820466612806036,-5.495776703012909,-14.9
422,3500029.23,32,34.99999416424623,35.0,291.9,0,0.0,0.7358424453196062,0.26415755454788636,1.325074136205334e-10,200.0,61.3,-185.41622271424893,-1.4,-0.9674565810459391,-10.455035595014461,0.0,0.0,-26.114480014117166,-7.927014978906453,-2.803552636601865,-5.820466612806036,-5.495776703012909,-14.9
423,3500029.23,33,34.99999416424623,35.0,291.9,0,0.0,0.7358115726232629,0.264188427250855,1.2588204293950676e-10,200.0,61.3,-185.41622271424893,-1.4,-0.9674565810459391,-10.455035595014461,0.0,0.0,-26.114480014117166,-7.927014978906453,-2.803552636601865,-5.820466612806036,-5.495776703012909,-14.9
424,3500029.23,34,34.99999416424623,35.0,291.9,0,0.0,0.7357865184679533,0.2642134814124589,1.1958794079253144e-10,200.0,61.3,-185.41622271424893,-1.4,-0.9674565810459391,-10.455035595014461,0.0,0.0,-26.114480014117166,-7.927014978906453,-2.803552636601865,-5.820466612806036,-5.495776703012909,-14.9
425,3500029.23,35,34.99999416424623,35.0,291.9,0,0.0,0.7357693607736775,0.26423063911271405,1.1360854375290486e-10,200.0,61.3,-185.41622271424893,-1.4,-0.9674565810459391,-10.455035595014461,0.0,0.0,-26.114480014117166,-7.927014978906453,-2.803552636601865,-5.820466612806036,-5.495776703012909,-14.9
426,3500029.23,36,34.99999416424623,35.0,291.9,0,0.0,0.7357596687849859,0.26424033110708606,1.0792811656525962e-10,200.0,61.3,-185.41622271424893,-1.4,-0.9674565810459391,-10.455035595014461,0.0,0.0,-26.114480014117166,-7.927014978906453,-2.803552636601865,-5.820466612806036,-5.495776703012909,-14.9
427,3500029.23,37,34.99999416424623,35.0,291.9,0,0.0,0.7357522797717289,0.2642477201257394,1.0253171073699661e-10,200.0,61.3,-185.41622271424893,-1.4,-0.9674565810459391,-10.455035595014461,0.0,0.0,-26.114480014117166,-7.927014978906453,-2.803552636601865,-5.820466612806036,-5.495776703012909,-14.9
428,3500029.23,38,34.99999416424623,35.0,291.9,0,0.0,0.7357399530136675,0.2642600468889275,9.740512520014679e-11,200.0,61.3,-185.41622271424893,-1.4,-0.9674565810459391,-10.455035595014461,0.0,0.0,-26.114480014117166,-7.927014978906453,-2.803552636601865,-5.820466612806036,-5.495776703012909,-14.9
429,3500029.23,39,34.99999416424623,35.0,291.9,0,0.0,0.7357418893927771,0.2642581105146881,9.253486894013945e-11,200.0,61.3,-185.41622271424893,-1.4,-0.9674565810459391,-10.455035595014461,0.0,0.0,-26.114480014117166,-7.927014978906453,-2.803552636601865,-5.820466612806036,-5.495776703012909,-14.9
430,3500029.23,40,34.99999416424623,35.0,291.9,0,0.0,0.7357455086828242,0.2642544912292677,8.790812549313247e-11,200.0,61.3,-185.41622271424893,-1.4,-0.9674565810459391,-10.455035595014461,0.0,0.0,-26.114480014117166,-7.927014978906453,-2.803552636601865,-5.820466612806036,-5.495776703012909,-14.9
431,3500029.23,41,34.99999416424623,35.0,291.9,0,0.0,0.7357460123255976,0.2642539875908898,8.351271921847585e-11,200.0,61.3,-185.41622271424893,-1.4,-0.9674565810459391,-10.455035595014461,0.0,0.0,-26.114480014117166,-7.927014978906453,-2.803552636601865,-5.820466612806036,-5.495776703012909,-14.9
432,3500029.23,42,34.99999416424623,35.0,291.9,0,0.0,0.7357459173355961,0.2642540825850668,7.933708325755205e-11,200.0,61.3,-185.41622271424893,-1.4,-0.9674565810459391,-10.455035595014461,0.0,0.0,-26.114480014117166,-7.927014978906453,-2.803552636601865,-5.820466612806036,-5.495776703012909,-14.9
433,3500029.23,43,34.99999416424623,35.0,291.9,0,0.0,0.7357452563034385,0.2642547436211914,7.537022909467446e-11,200.0,61.3,-185.41622271424893,-1.4,-0.9674565810459391,-10.455035595014461,0.0,0.0,-26.114480014117166,-7.927014978906453,-2.803552636601865,-5.820466612806036,-5.495776703012909,-14.9
434,3500029.23,44,34.99999416424623,35.0,291.9,0,0.0,0.735737046013046,0.26426295391535226,7.160171763994073e-11,200.0,61.3,-185.41622271424893,-1.4,-0.9674565810459391,-10.455035595014461,0.0,0.0,-26.114480014117166,-7.927014978906453,-2.803552636601865,-5.820466612806036,-5.495776703012909,-14.9
435,3500029.23,45,34.99999416424623,35.0,291.9,0,0.0,0.7357193584480887,0.2642806414838898,6.80216317579437e-11,200.0,61.3,-185.41622271424893,-1.4,-0.9674565810459391,-10.455035595014461,0.0,0.0,-26.114480014117166,-7.927014978906453,-2.803552636601865,-5.820466612806036,-5.495776703012909,-14.9
436,3500029.23,46,34.99999416424623,35.0,291.9,0,0.0,0.7357043595702012,0.2642956403651782,6.462055017004652e-11,200.0,61.3,-185.41622271424893,-1.4,-0.9674565810459391,-10.455035595014461,0.0,0.0,-26.114480014117166,-7.927014978906453,-2.803552636601865,-5.820466612806036,-5.495776703012909,-14.9
437,3500029.23,47,34.99999416424623,35.0,291.9,0,0.0,0.7356919062450853,0.26430809369352515,6.138952266154419e-11,200.0,61.3,-185.41622271424893,-1.4,-0.9674565810459391,-10.455035595014461,0.0,0.0,-26.114480014117166,-7.927014978906453,-2.803552636601865,-5.820466612806036,-5.495776703012909,-14.9
438,3500029.23,48,34.99999416424623,35.0,291.9,0,0.0,0.7356841804619215,0.2643158194797584,5.832004652846698e-11,200.0,61.3,-185.41622271424893,-1.4,-0.9674565810459391,-10.455035595014461,0.0,0.0,-26.114480014117166,-7.927014978906453,-2.803552636601865,-5.820466612806036,-5.495776703012909,-14.9
439,3500029.23,49,34.99999416424623,35.0,291.9,0,0.0,0.735676301460625,0.2643236984839709,5.5404044202043626e-11,200.0,61.3,-185.41622271424893,-1.4,-0.9674565810459391,-10.455035595014461,0.0,0.0,-26.114480014117166,-7.927014978906453,-2.803552636601865,-5.820466612806036,-5.495776703012909,-14.9
440,3500029.23,0,34.99999416424623,35.0,291.9,0,0.0,0.7356544269667589,0.26434557298060724,5.263384199194144e-11,200.0,61.3,-185.41622271424893,-1.4,-0.9674565810459391,-10.455035595014461,0.0,0.0,-26.114480014117166,-7.927014978906453,-2.803552636601865,-5.820466612806036,-5.495776703012909,-14.9
441,3500029.23,1,34.99999416424623,35.0,291.9,0,0.0,0.7356377519219294,0.26436224802806846,5.000214989234437e-11,200.0,61.3,-185.41622271424893,-1.4,-0.9674565810459391,-10.455035595014461,0.0,0.0,-26.114480014117166,-7.927014978906453,-2.803552636601865,-5.820466612806036,-5.495776703012909,-14.9
442,3500029.23,2,34.99999416424623,35.0,291.9,0,0.0,0.7356075967522527,0.2643924032002452,4.7502042397727154e-11,200.0,61.3,-185.41622271424893,-1.4,-0.9674565810459391,-10.455035595014461,0.0,0.0,-26.114480014117166,-7.927014978906453,-2.803552636601865,-5.820466612806036,-5.495776703012909,-14.9
443,3500029.23,3,34.99999416424623,35.0,291.9,0,0.0,0.7355761741488606,0.26442382580601254,4.512694027784079e-11,200.0,61.3,-185.41622271424893,-1.4,-0.9674565810459391,-10.455035595014461,0.0,0.0,-26.114480014117166,-7.927014978906453,-2.803552636601865,-5.820466612806036,-5.495776703012909,-14.9
444,3500029.23,4,34.99999416424623,35.0,291.9,0,0.0,0.7355573061124455,0.2644426938446839,4.287059326394875e-11,200.0,61.3,-185.41622271424893,-1.4,-0.9674565810459391,-10.455035595014461,0.0,0.0,-26.114480014117166,-7.927014978906453,-2.803552636601865,-5.820466612806036,-5.495776703012909,-14.9
445,3500029.23,5,34.99999416424623,35.0,291.9,0,0.0,0.7355480210079437,0.2644519789513293,4.0727063600751315e-11,200.0,61.3,-185.41622271424893,-1.4,-0.9674565810459391,-10.455035595014461,0.0,0.0,-26.114480014117166,-7.927014978906453,-2.803552636601865,-5.820466612806036,-5.495776703012909,-14.9
446,3500029.23,6,34.99999416424623,35.0,291.9,0,0.0,0.7355432414460062,0.26445675851530304,3.869071042071375e-11,200.0,61.3,-185.41622271424893,-1.4,-0.9674565810459391,-10.455035595014461,0.0,0.0,-26.114480014117166,-7.927014978906453,-2.803552636601865,-5.820466612806036,-5.495776703012909,-14.9
447,3500029.23,7,34.99999416424623,35.0,291.9,0,0.0,0.7355336369653407,0.26446636299790316,3.6756174899678055e-11,200.0,61.3,-185.41622271424893,-1.4,-0.9674565810459391,-10.455035595014461,0.0,0.0,-26.114480014117166,-7.927014978906453,-2.803552636601865,-5.820466612806036,-5.495776703012909,-14.9
448,3500029.23,8,34.99999416424623,35.0,291.9,0,0.0,0.7355353350012854,0.26446466496379617,3.491836615469415e-11,200.0,61.3,-185.41622271424893,-1.4,-0.9674565810459391,-10.455035595014461,0.0,0.0,-26.114480014117166,-7.927014978906453,-2.803552636601865,-5.820466612806036,-5.495776703012909,-14.9
449,3500029.23,9,34.99999416424623,35.0,291.9,0,0.0,0.7355364174894283,0.2644635824773992,3.317244784695944e-11,200.0,61.3,-185.41622271424893,-1.4,-0.9674565810459391,-10.455035595014461,0.0,0.0,-26.114480014117166,-7.927014978906453,-2.803552636601865,-5.820466612806036,-5.495776703012909,-14.9
450,3500029.23,10,34.99999416424623,35.0,291.9,0,0.0,0.7355504375295092,0.26444956243897694,3.1513825454611467e-11,200.0,61.3,-185.41622271424893,-1.4,-0.9674565810459391,-10.455035595014461,0.0,0.0,-26.114480014117166,-7.927014978906453,-2.803552636601865,-5.820466612806036,-5.495776703012909,-14.9
451,3500029.23,11,34.99999416424623,35.0,291.9,0,0.0,0.7355721846152453,0.2644278153548165,2.99381341818809e-11,200.0,61.3,-185.41622271424893,-1.4,-0.9674565810459391,-10.455035595014461,0.0,0.0,-26.114480014117166,-7.927014978906453,-2.803552636601865,-5.820466612806036,-5.495776703012909,-14.9
452,3500029.23,12,34.99999416424623,35.0,291.9,0,0.0,0.7356012277042722,0.26439877226728664,2.8441227472786852e-11,200.0,61.3,-185.41622271424893,-1.4,-0.9674565810459391,-10.455035595014461,0.0,0.0,-26.114480014117166,-7.927014978906453,-2.803552636601865,-5.820466612806036,-5.495776703012909,-14.9
453,3500029.23,13,34.99999416424623,35.0,291.9,0,0.0,0.7356192920683416,0.2643807079046392,2.7019166099147507e-11,200.0,61.3,-185.41622271424893,-1.4,-0.9674565810459391,-10.455035595014461,0.0,0.0,-26.114480014117166,-7.927014978906453,-2.803552636601865,-5.820466612806036,-5.495776703012909,-14.9
454,3500029.23,14,34.99999416424623,35.0,291.9,0,0.0,0.735635885394715,0.2643641145796168,2.5668207794190132e-11,200.0,61.3,-185.41622271424893,-1.4,-0.9674565810459391,-10.455035595014461,0.0,0.0,-26.114480014117166,-7.927014978906453,-2.803552636601865,-5.820466612806036,-5.495776703012909,-14.9
455,3500029.23,15,34.99999416424623,35.0,291.9,0,0.0,0.7356577577969878,0.2643422421786274,2.4384797404480628e-11,200.0,61.3,-185.41622271424893,-1.4,-0.9674565810459391,-10.455035595014461,0.0,0.0,-26.114480014117166,-7.927014978906453,-2.803552636601865,-5.820466612806036,-5.495776703012909,-14.9
456,3500029.23,16,34.99999416424623,35.0,291.9,0,0.0,0.7356735200235303,0.26432647995330416,2.3165557534256596e-11,200.0,61.3,-185.41622271424893,-1.4,-0.9674565810459391,-10.455035595014461,0.0,0.0,-26.114480014117166,-7.927014978906453,-2.803552636601865,-5.820466612806036,-5.495776703012909,-14.9
457,3500029.23,17,34.99999416424623,35.0,291.9,0,0.0,0.7356989994573965,0.2643010005205963,2.2007279657543766e-11,200.0,61.3,-185.41622271424893,-1.4,-0.9674565810459391,-10.455035595014461,0.0,0.0,-26.114480014117166,-7.927014978906453,-2.803552636601865,-5.820466612806036,-5.495776703012909,-14.9
458,3500029.23,18,34.99999416424623,35.0,291.9,0,0.0,0.7357314470516787,0.26426855292741436,2.0906915674666578e-11,200.0,61.3,-185.41622271424893,-1.4,-0.9674565810459391,-10.455035595014461,0.0,0.0,-26.114480014117166,-7.927014978906453,-2.803552636601865,-5.820466612806036,-5.495776703012909,-14.9
459,3500029.23,19,34.99999416424623,35.0,291.9,0,0.0,0.7357616691980955,0.264238330782043,1.9861569890933252e-11,200.0,61.3,-185.41622271424893,-1.4,-0.9674565810459391,-10.455035595014461,0.0,0.0,-26.114480014117166,-7.927014978906453,-2.803552636601865,-5.820466612806036,-5.495776703012909,-14.9
460,3500029.23,20,34.99999416424623,35.0,291.9,0,0.0,0.7357831873975234,0.2642168125836082,1.8868491396386588e-11,200.0,61.3,-185.41622271424893,-1.4,-0.9674565810459391,-10.455035595014461,0.0,0.0,-26.114480014117166,-7.927014978906453,-2.803552636601865,-5.820466612806036,-5.495776703012909,-14.9
461,3500029.23,21,34.99999416424623,35.0,291.9,0,0.0,0.735785483416578,0.2642145165654969,1.7925066826567256e-11,200.0,61.3,-185.41622271424893,-1.4,-0.9674565810459391,-10.455035595014461,0.0,0.0,-26.114480014117166,-7.927014978906453,-2.803552636601865,-5.820466612806036,-5.495776703012909,-14.9
462,3500029.23,22,34.99999416424623,35.0,291.9,0,0.0,0.7357936964356119,0.2642063035473594,1.7028813485238896e-11,200.0,61.3,-185.41622271424893,-1.4,-0.9674565810459391,-10.455035595014461,0.0,0.0,-26.114480014117166,-7.927014978906453,-2.803552636601865,-5.820466612806036,-5.495776703012909,-14.9
463,3500029.23,23,34.99999416424623,35.0,291.9,0,0.0,0.7357921942458814,0.2642078057379413,1.617737281097695e-11,200.0,61.3,-185.41622271424893,-1.4,-0.9674565810459391,-10.455035595014461,0.0,0.0,-26.114480014117166,-7.927014978906453,-2.803552636601865,-5.820466612806036,-5.495776703012909,-14.9
464,3500029.23,24,34.99999416424623,35.0,291.9,0,0.0,0.7357989636155852,0.26420103636904635,1.5368504170428103e-11,200.0,61.3,-185.41622271424893,-1.4,-0.9674565810459391,-10.455035595014461,0.0,0.0,-26.114480014117166,-7.927014978906453,-2.803552636601865,-5.820466612806036,-5.495776703012909,-14.9
465,3500029.23,25,34.99999416424623,35.0,291.9,0,0.0,0.7358178983208463,0.2641821016645537,1.46000789619067e-11,200.0,61.3,-185.41622271424893,-1.4,-0.9674565810459391,-10.455035595014461,0.0,0.0,-26.114480014117166,-7.927014978906453,-2.803552636601865,-5.820466612806036,-5.495776703012909,-14.9
466,3500029.23,26,34.99999416424623,35.0,291.9,0,0.0,0.7358353104728917,0.26416468951323824,1.3870075013811366e-11,200.0,61.3,-185.41622271424893,-1.4,-0.9674565810459391,-10.455035595014461,0.0,0.0,-26.114480014117166,-7.927014978906453,-2.803552636601865,-5.820466612806036,-5.495776703012909,-14.9
467,3500029.23,27,34.99999416424623,35.0,291.9,0,0.0,0.73585777201215,0.26414222797467346,1.3176571263120797e-11,200.0,61.3,-185.41622271424893,-1.4,-0.9674565810459391,-10.455035595014461,0.0,0.0,-26.114480014117166,-7.927014978906453,-2.803552636601865,-5.820466612806036,-5.495776703012909,-14.9
468,3500029.23,28,34.99999416424623,35.0,291.9,0,0.0,0.7358828433574958,0.2641171566299865,1.2517742699964756e-11,200.0,61.3,-185.41622271424893,-1.4,-0.9674565810459391,-10.455035595014461,0.0,0.0,-26.114480014117166,-7.927014978906453,-2.803552636601865,-5.820466612806036,-5.495776703012909,-14.9
469,3500029.23,29,34.99999416424623,35.0,291.9,0,0.0,0.7359039159565127,0.2640960840315955,1.1891855564966519e-11,200.0,61.3,-185.41622271424893,-1.4,-0.9674565810459391,-10.455035595014461,0.0,0.0,-26.114480014117166,-7.927014978906453,-2.803552636601865,-5.820466612806036,-5.495776703012909,-14.9
470,3500029.23,30,34.99999416424623,35.0,291.9,0,0.0,0.7359255002110666,0.2640744997776362,1.1297262786718193e-11,200.0,61.3,-185.41622271424893,-1.4,-0.9674565810459391,-10.455035595014461,0.0,0.0,-26.114480014117166,-7.927014978906453,-2.803552636601865,-5.820466612806036,-5.495776703012909,-14.9
471,3500029.23,31,34.99999416424623,35.0,291.9,0,0.0,0.7359432741307874,0.2640567258584802,1.0732399647382282e-11,200.0,61.3,-185.41622271424893,-1.4,-0.9674565810459391,-10.455035595014461,0.0,0.0,-26.114480014117166,-7.927014978906453,-2.803552636601865,-5.820466612806036,-5.495776703012909,-14.9
472,3500029.23,32,34.99999416424623,35.0,291.9,0,0.0,0.7359638605971293,0.26403613939267495,1.0195779665013168e-11,200.0,61.3,-185.41622271424893,-1.4,-0.9674565810459391,-10.455035595014461,0.0,0.0,-26.114480014117166,-7.927014978906453,-2.803552636601865,-5.820466612806036,-5.495776703012909,-14.9
473,3500029.23,33,34.99999416424623,35.0,291.9,0,0.0,0.7359892359943792,0.26401076399593487,9.685990681762511e-12,200.0,61.3,-185.41622271424893,-1.4,-0.9674565810459391,-10.455035595014461,0.0,0.0,-26.114480014117166,-7.927014978906453,-2.803552636601865,-5.820466612806036,-5.495776703012909,-14.9
474,3500029.23,34,34.99999416424623,35.0,291.9,0,0.0,0.7359999608740694,0.26400003911672904,9.201691147674387e-12,200.0,61.3,-185.41622271424893,-1.4,-0.9674565810459391,-10.455035595014461,0.0,0.0,-26.114480014117166,-7.927014978906453,-2.803552636601865,-5.820466612806036,-5.495776703012909,-14.9
475,3500029.23,35,34.99999416424623,35.0,291.9,0,0.0,0.7360159633209904,0.2639840366702681,8.741606590290667e-12,200.0,61.3,-185.41622271424893,-1.4,-0.9674565810459391,-10.455035595014461,0.0,0.0,-26.114480014117166,-7.927014978906453,-2.803552636601865,-5.820466612806036,-5.495776703012909,-14.9
476,3500029.23,36,34.99999416424623,35.0,291.9,0,0.0,0.7360263424086786,0.26397365758301694,8.304526260776134e-12,200.0,61.3,-185.41622271424893,-1.4,-0.9674565810459391,-10.455035595014461,0.0,0.0,-26.114480014117166,-7.927014978906453,-2.803552636601865,-5.820466612806036,-5.495776703012909,-14.9
477,3500029.23,37,34.99999416424623,35.0,291.9,0,0.0,0.7360313975752114,0.26396860241689935,7.88929994773733e-12,200.0,61.3,-185.41622271424893,-1.4,-0.9674565810459391,-10.455035595014461,0.0,0.0,-26.114480014117166,-7.927014978906453,-2.803552636601865,-5.820466612806036,-5.495776703012909,-14.9
478,3500029.23,38,34.99999416424623,35.0,291.9,0,0.0,0.7360441004900806,0.26395589950242454,7.494834950350462e-12,200.0,61.3,-185.41622271424893,-1.4,-0.9674565810459391,-10.455035595014461,0.0,0.0,-26.114480014117166,-7.927014978906453,-2.803552636601865,-5.820466612806036,-5.495776703012909,-14.9
479,3500029.23,39,34.99999416424623,35.0,291.9,0,0.0,0.7360534880657975,0.2639465119270824,7.1200932028329385e-12,200.0,61.3,-185.41622271424893,-1.4,-0.9674565810459391,-10.455035595014461,0.0,0.0,-26.114480014117166,-7.927014978906453,-2.803552636601865,-5.820466612806036,-5.495776703012909,-14.9
480,3500029.23,40,34.99999416424623,35.0,291.9,0,0.0,0.7360681549150019,0.26393184507823403,6.7640885426912915e-12,200.0,61.3,-185.41622271424893,-1.4,-0.9674565810459391,-10.455035595014461,0.0,0.0,-26.114480014117166,-7.927014978906453,-2.803552636601865,-5.820466612806036,-5.495776703012909,-14.9
481,3500029.23,41,34.99999416424623,35.0,291.9,0,0.0,0.7360710112215826,0.2639289887719915,6.4258841155567264e-12,200.0,61.3,-185.41622271424893,-1.4,-0.9674565810459391,-10.455035595014461,0.0,0.0,-26.114480014117166,-7.927014978906453,-2.803552636601865,-5.820466612806036,-5.495776703012909,-14.9
482,3500029.23,42,34.99999416424623,35.0,291.9,0,0.0,0.7360794633471801,0.26392053664671533,6.104589909778891e-12,200.0,61.3,-185.41622271424893,-1.4,-0.9674565810459391,-10.455035595014461,0.0,0.0,-26.114480014117166,-7.927014978906453,-2.803552636601865,-5.820466612806036,-5.495776703012909,-14.9
483,3500029.23,43,34.99999416424623,35.0,291.9,0,0.0,0.7360952943848236,0.2639047056093772,5.799360414289947e-12,200.0,61.3,-185.41622271424893,-1.4,-0.9674565810459391,-10.455035595014461,0.0,0.0,-26.114480014117166,-7.927014978906453,-2.803552636601865,-5.820466612806036,-5.495776703012909,-14.9
484,3500029.23,44,34.99999416424623,35.0,291.9,0,0.0,0.736105585278957,0.2638944147155337,5.509392393575449e-12,200.0,61.3,-185.41622271424893,-1.4,-0.9674565810459391,-10.455035595014461,0.0,0.0,-26.114480014117166,-7.927014978906453,-2.803552636601865,-5.820466612806036,-5.495776703012909,-14.9
485,3500029.23,45,34.99999416424623,35.0,291.9,0,0.0,0.7361168781804852,0.263883121814281,5.233922773896676e-12,200.0,61.3,-185.41622271424893,-1.4,-0.9674565810459391,-10.455035595014461,0.0,0.0,-26.114480014117166,-7.927014978906453,-2.803552636601865,-5.820466612806036,-5.495776703012909,-14.9
486,3500029.23,46,34.99999416424623,35.0,291.9,0,0.0,0.7361249611856694,0.2638750388093585,4.9722266352018424e-12,200.0,61.3,-185.41622271424893,-1.4,-0.9674565810459391,-10.455035595014461,0.0,0.0,-26.114480014117166,-7.927014978906453,-2.803552636601865,-5.820466612806036,-5.495776703012909,-14.9
487,3500029.23,47,34.99999416424623,35.0,291.9,0,0.0,0.7361279306734939,0.26387206932178253,4.7236153034417504e-12,200.0,61.3,-185.41622271424893,-1.4,-0.9674565810459391,-10.455035595014461,0.0,0.0,-26.114480014117166,-7.927014978906453,-2.803552636601865,-5.820466612806036,-5.495776703012909,-14.9
488,3500029.23,48,34.99999416424623,35.0,291.9,0,0.0,0.7361260597524365,0.26387394024307614,4.487434538269663e-12,200.0,61.3,-185.41622271424893,-1.4,-0.9674565810459391,-10.455035595014461,0.0,0.0,-26.114480014117166,-7.927014978906453,-2.803552636601865,-5.820466612806036,-5.495776703012909,-14.9
489,3500029.23,49,34.99999416424623,35.0,291.9,0,0.0,0.7361320079556469,0.26386799204009,4.26306281135618e-12,200.0,61.3,-185.41622271424893,-1.4,-0.9674565810459391,-10.455035595014461,0.0,0.0,-26.114480014117166,-7.927014978906453,-2.803552636601865,-5.820466612806036,-5.495776703012909,-14.9
490,3500029.23,0,34.99999416424623,35.0,291.9,0,0.0,0.7361371047377193,0.26386289525823087,4.0499096707883714e-12,200.0,61.3,-185.41622271424893,-1.4,-0.9674565810459391,-10.455035595014461,0.0,0.0,-26.114480014117166,-7.927014978906453,-2.803552636601865,-5.820466612806036,-5.495776703012909,-14.9
491,3500029.23,1,34.99999416424623,35.0,291.9,0,0.0,0.7361455083960824,0.26385449160007024,3.847414187248953e-12,200.0,61.3,-185.41622271424893,-1.4,-0.9674565810459391,-10.455035595014461,0.0,0.0,-26.114480014117166,-7.927014978906453,-2.803552636601865,-5.820466612806036,-5.495776703012909,-14.9
492,3500029.23,2,34.99999416424623,35.0,291.9,0,0.0,0.7361570376847174,0.2638429623116276,3.655043477886505e-12,200.0,61.3,-185.41622271424893,-1.4,-0.9674565810459391,-10.455035595014461,0.0,0.0,-26.114480014117166,-7.927014978906453,-2.803552636601865,-5.820466612806036,-5.495776703012909,-14.9
493,3500029.23,3,34.99999416424623,35.0,291.9,0,0.0,0.7361653793151834,0.26383462068134433,3.4722913039921795e-12,200.0,61.3,-185.41622271424893,-1.4,-0.9674565810459391,-10.455035595014461,0.0,0.0,-26.114480014117166,-7.927014978906453,-2.803552636601865,-5.820466612806036,-5.495776703012909,-14.9
494,3500029.23,4,34.99999416424623,35.0,291.9,0,0.0,0.7361727465216349,0.26382725347506647,3.2986767387925702e-12,200.0,61.3,-185.41622271424893,-1.4,-0.9674565810459391,-10.455035595014461,0.0,0.0,-26.114480014117166,-7.927014978906453,-2.803552636601865,-5.820466612806036,-5.495776703012909,-14.9
495,3500029.23,5,34.99999416424623,35.0,291.9,0,0.0,0.7361853070012021,0.26381469299566424,3.1337429018529415e-12,200.0,61.3,-185.41622271424893,-1.4,-0.9674565810459391,-10.455035595014461,0.0,0.0,-26.114480014117166,-7.927014978906453,-2.803552636601865,-5.820466612806036,-5.495776703012909,-14.9
496,3500029.23,6,34.99999416424623,35.0,291.9,0,0.0,0.7362027753738877,0.2637972246231353,2.977055756760294e-12,200.0,61.3,-185.41622271424893,-1.4,-0.9674565810459391,-10.455035595014461,0.0,0.0,-26.114480014117166,-7.927014978906453,-2.803552636601865,-5.820466612806036,-5.495776703012909,-14.9
497,3500029.23,7,34.99999416424623,35.0,291.9,0,0.0,0.7362248807066468,0.263775119290525,2.8282029689222792e-12,200.0,61.3,-185.41622271424893,-1.4,-0.9674565810459391,-10.455035595014461,0.0,0.0,-26.114480014117166,-7.927014978906453,-2.803552636601865,-5.820466612806036,-5.495776703012909,-14.9
498,3500029.23,8,34.99999416424623,35.0,291.9,0,0.0,0.7362533881977338,0.26374661179957953,2.6867928204761655e-12,200.0,61.3,-185.41622271424893,-1.4,-0.9674565810459391,-10.455035595014461,0.0,0.0,-26.114480014117166,-7.927014978906453,-2.803552636601865,-5.820466612806036,-5.495776703012909,-14.9
499,3500029.23,9,34.99999416424623,35.0,291.9,0,0.0,0.7362738156506716,0.26372618434677597,2.5524531794523573e-12,200.0,61.3,-185.41622271424893,-1.4,-0.9674565810459391,-10.455035595014461,0.0,0.0,-26.114480014117166,-7.927014978906453,-2.803552636601865,-5.820466612806036,-5.495776703012909,-14.9
500,3500029.23,10,34.99999416424623,35.0,291.9,0,0.0,0.7362845729659918,0.2637154270315834,2.4248305204797392e-12,200.0,61.3,-185.41622271424893,-1.4,-0.9674565810459391,-10.455035595014461,0.0,0.0,-26.114480014117166,-7.927014978906453,-2.803552636601865,-5.820466612806036,-5.495776703012909,-14.9
501,3500029.23,11,34.99999416424623,35.0,291.9,0,0.0,0.7362901998556883,0.26370980014200807,2.303588994455752e-12,200.0,61.3,-185.41622271424893,-1.4,-0.9674565810459391,-10.455035595014461,0.0,0.0,-26.114480014117166,-7.927014978906453,-2.803552636601865,-5.820466612806036,-5.495776703012909,-14.9
502,3500029.23,12,34.99999416424623,35.0,291.9,0,0.0,0.7362969995305398,0.2637030004672718,2.1884095447329647e-12,200.0,61.3,-185.41622271424893,-1.4,-0.9674565810459391,-10.455035595014461,0.0,0.0,-26.114480014117166,-7.927014978906453,-2.803552636601865,-5.820466612806036,-5.495776703012909,-14.9
503,3500029.23,13,34.99999416424623,35.0,291.9,0,0.0,0.7362928694165679,0.26370713058135314,2.0789890674963168e-12,200.0,61.3,-185.41622271424893,-1.4,-0.9674565810459391,-10.455035595014461,0.0,0.0,-26.114480014117166,-7.927014978906453,-2.803552636601865,-5.820466612806036,-5.495776703012909,-14.9
504,3500029.23,14,34.99999416424623,35.0,291.9,0,0.0,0.7362904137513699,0.26370958624665497,1.975039614121501e-12,200.0,61.3,-185.41622271424893,-1.4,-0.9674565810459391,-10.455035595014461,0.0,0.0,-26.114480014117166,-7.927014978906453,-2.803552636601865,-5.820466612806036,-5.495776703012909,-14.9
505,3500029.23,15,34.99999416424623,35.0,291.9,0,0.0,0.7362975350434591,0.2637024649546646,1.8762876334154255e-12,200.0,61.3,-185.41622271424893,-1.4,-0.9674565810459391,-10.455035595014461,0.0,0.0,-26.114480014117166,-7.927014978906453,-2.803552636601865,-5.820466612806036,-5.495776703012909,-14.9
506,3500029.23,16,34.99999416424623,35.0,291.9,0,0.0,0.7362977637210256,0.26370223627719197,1.7824732517446544e-12,200.0,61.3,-185.41622271424893,-1.4,-0.9674565810459391,-10.455035595014461,0.0,0.0,-26.114480014117166,-7.927014978906453,-2.803552636601865,-5.820466612806036,-5.495776703012909,-14.9
507,3500029.23,17,34.99999416424623,35.0,291.9,0,0.0,0.7362874819686824,0.26371251802962425,1.6933495891574216e-12,200.0,61.3,-185.41622271424893,-1.4,-0.9674565810459391,-10.455035595014461,0.0,0.0,-26.114480014117166,-7.927014978906453,-2.803552636601865,-5.820466612806036,-5.495776703012909,-14.9
508,3500029.23,18,34.99999416424623,35.0,291.9,0,0.0,0.7362791835953556,0.26372081640303574,1.6086821096995503e-12,200.0,61.3,-185.41622271424893,-1.4,-0.9674565810459391,-10.455035595014461,0.0,0.0,-26.114480014117166,-7.927014978906453,-2.803552636601865,-5.820466612806036,-5.495776703012909,-14.9
509,3500029.23,19,34.99999416424623,35.0,291.9,0,0.0,0.7362648238615748,0.26373517613689695,1.5282480042145728e-12,200.0,61.3,-185.41622271424893,-1.4,-0.9674565810459391,-10.455035595014461,0.0,0.0,-26.114480014117166,-7.927014978906453,-2.803552636601865,-5.820466612806036,-5.495776703012909,-14.9
510,3500029.23,20,34.99999416424623,35.0,291.9,0,0.0,0.7362546374508396,0.26374536254770864,1.4518356040038442e-12,200.0,61.3,-185.41622271424893,-1.4,-0.9674565810459391,-10.455035595014461,0.0,0.0,-26.114480014117166,-7.927014978906453,-2.803552636601865,-5.820466612806036,-5.495776703012909,-14.9
511,3500029.23,21,34.99999416424623,35.0,291.9,0,0.0,0.7362503770975595,0.26374962290106124,1.3792438238036515e-12,200.0,61.3,-185.41622271424893,-1.4,-0.9674565810459391,-10.455035595014461,0.0,0.0,-26.114480014117166,-7.927014978906453,-2.803552636601865,-5.820466612806036,-5.495776703012909,-14.9
512,3500029.23,22,34.99999416424623,35.0,291.9,0,0.0,0.7362438347188042,0.26375616527988555,1.3102816326134692e-12,200.0,61.3,-185.41622271424893,-1.4,-0.9674565810459391,-10.455035595014461,0.0,0.0,-26.114480014117166,-7.927014978906453,-2.803552636601865,-5.820466612806036,-5.495776703012909,-14.9
513,3500029.23,23,34.99999416424623,35.0,291.9,0,0.0,0.736237102694787,0.2637628973039682,1.2447675509827957e-12,200.0,61.3,-185.41622271424893,-1.4,-0.9674565810459391,-10.455035595014461,0.0,0.0,-26.114480014117166,-7.927014978906453,-2.803552636601865,-5.820466612806036,-5.495776703012909,-14.9
514,3500029.23,24,34.99999416424623,35.0,291.9,0,0.0,0.7362400130976905,0.263759986901127,1.1825291734336561e-12,200.0,61.3,-185.41622271424893,-1.4,-0.9674565810459391,-10.455035595014461,0.0,0.0,-26.114480014117166,-7.927014978906453,-2.803552636601865,-5.820466612806036,-5.495776703012909,-14.9
515,3500029.23,25,34.99999416424623,35.0,291.9,0,0.0,0.7362461644957167,0.2637538355031599,1.1234027147619732e-12,200.0,61.3,-185.41622271424893,-1.4,-0.9674565810459391,-10.455035595014461,0.0,0.0,-26.114480014117166,-7.927014978906453,-2.803552636601865,-5.820466612806036,-5.495776703012909,-14.9
516,3500029.23,26,34.99999416424623,35.0,291.9,0,0.0,0.7362534260595155,0.26374657393941725,1.0672325790238746e-12,200.0,61.3,-185.41622271424893,-1.4,-0.9674565810459391,-10.455035595014461,0.0,0.0,-26.114480014117166,-7.927014978906453,-2.803552636601865,-5.820466612806036,-5.495776703012909,-14.9
517,3500029.23,27,34.99999416424623,35.0,291.9,0,0.0,0.7362617365300339,0.2637382634689523,1.013870950072681e-12,200.0,61.3,-185.41622271424893,-1.4,-0.9674565810459391,-10.455035595014461,0.0,0.0,-26.114480014117166,-7.927014978906453,-2.803552636601865,-5.820466612806036,-5.495776703012909,-14.9
518,3500029.23,28,34.99999416424623,35.0,291.9,0,0.0,0.736265196948275,0.26373480305076186,9.63177402569047e-13,200.0,61.3,-185.41622271424893,-1.4,-0.9674565810459391,-10.455035595014461,0.0,0.0,-26.114480014117166,-7.927014978906453,-2.803552636601865,-5.820466612806036,-5.495776703012909,-14.9
519,3500029.23,29,34.99999416424623,35.0,291.9,0,0.0,0.7362562842341117,0.2637437157649733,9.150185324405947e-13,200.0,61.3,-185.41622271424893,-1.4,-0.9674565810459391,-10.455035595014461,0.0,0.0,-26.114480014117166,-7.927014978906453,-2.803552636601865,-5.820466612806036,-5.495776703012909,-14.9
520,3500029.23,30,34.99999416424623,35.0,291.9,0,0.0,0.7362492526386799,0.2637507473604508,8.692676058185648e-13,200.0,61.3,-185.41622271424893,-1.4,-0.9674565810459391,-10.455035595014461,0.0,0.0,-26.114480014117166,-7.927014978906453,-2.803552636601865,-5.820466612806036,-5.495776703012909,-14.9
521,3500029.23,31,34.99999416424623,35.0,291.9,0,0.0,0.7362517509214894,0.2637482490776848,8.258042255276367e-13,200.0,61.3,-185.41622271424893,-1.4,-0.9674565810459391,-10.455035595014461,0.0,0.0,-26.114480014117166,-7.927014978906453,-2.803552636601865,-5.820466612806036,-5.495776703012909,-14.9
522,3500029.23,32,34.99999416424623,35.0,291.9,0,0.0,0.736241996468559,0.26375800353065654,7.845140142512549e-13,200.0,61.3,-185.41622271424893,-1.4,-0.9674565810459391,-10.455035595014461,0.0,0.0,-26.114480014117166,-7.927014978906453,-2.803552636601865,-5.820466612806036,-5.495776703012909,-14.9
523,3500029.23,33,34.99999416424623,35.0,291.9,0,0.0,0.736234160022261,0.2637658399769937,7.452883135386922e-13,200.0,61.3,-185.41622271424893,-1.4,-0.9674565810459391,-10.455035595014461,0.0,0.0,-26.114480014117166,-7.927014978906453,-2.803552636601865,-5.820466612806036,-5.495776703012909,-14.9
524,3500029.23,34,34.99999416424623,35.0,291.9,0,0.0,0.7362339191034533,0.26376608089583875,7.080238978617575e-13,200.0,61.3,-185.41622271424893,-1.4,-0.9674565810459391,-10.455035595014461,0.0,0.0,-26.114480014117166,-7.927014978906453,-2.803552636601865,-5.820466612806036,-5.495776703012909,-14.9
525,3500029.23,35,34.99999416424623,35.0,291.9,0,0.0,0.7362370188385383,0.26376298116078906,6.726227029686696e-13,200.0,61.3,-185.41622271424893,-1.4,-0.9674565810459391,-10.455035595014461,0.0,0.0,-26.114480014117166,-7.927014978906453,-2.803552636601865,-5.820466612806036,-5.495776703012909,-14.9
526,3500029.23,36,34.99999416424623,35.0,291.9,0,0.0,0.7362317687459243,0.2637682312534366,6.38991567820236e-13,200.0,61.3,-185.41622271424893,-1.4,-0.9674565810459391,-10.455035595014461,0.0,0.0,-26.114480014117166,-7.927014978906453,-2.803552636601865,-5.820466612806036,-5.495776703012909,-14.9
527,3500029.23,37,34.99999416424623,35.0,291.9,0,0.0,0.7362262771303135,0.2637737228690795,6.070419894292243e-13,200.0,61.3,-185.41622271424893,-1.4,-0.9674565810459391,-10.455035595014461,0.0,0.0,-26.114480014117166,-7.927014978906453,-2.803552636601865,-5.820466612806036,-5.495776703012909,-14.9
528,3500029.23,38,34.99999416424623,35.0,291.9,0,0.0,0.7362320245196489,0.2637679754797745,5.766898899577631e-13,200.0,61.3,-185.41622271424893,-1.4,-0.9674565810459391,-10.455035595014461,0.0,0.0,-26.114480014117166,-7.927014978906453,-2.803552636601865,-5.820466612806036,-5.495776703012909,-14.9
529,3500029.23,39,34.99999416424623,35.0,291.9,0,0.0,0.736240775160766,0.2637592248386861,5.478553954598749e-13,200.0,61.3,-185.41622271424893,-1.4,-0.9674565810459391,-10.455035595014461,0.0,0.0,-26.114480014117166,-7.927014978906453,-2.803552636601865,-5.820466612806036,-5.495776703012909,-14.9
530,3500029.23,40,34.99999416424623,35.0,291.9,0,0.0,0.7362466591437707,0.2637533408557089,5.204626256868813e-13,200.0,61.3,-185.41622271424893,-1.4,-0.9674565810459391,-10.455035595014461,0.0,0.0,-26.114480014117166,-7.927014978906453,-2.803552636601865,-5.820466612806036,-5.495776703012909,-14.9
531,3500029.23,41,34.99999416424623,35.0,291.9,0,0.0,0.7362536265700854,0.2637463734294202,4.944394944025372e-13,200.0,61.3,-185.41622271424893,-1.4,-0.9674565810459391,-10.455035595014461,0.0,0.0,-26.114480014117166,-7.927014978906453,-2.803552636601865,-5.820466612806036,-5.495776703012909,-14.9
532,3500029.23,42,34.99999416424623,35.0,291.9,0,0.0,0.736248345568015,0.2637516544315154,4.697175196824105e-13,200.0,61.3,-185.41622271424893,-1.4,-0.9674565810459391,-10.455035595014461,0.0,0.0,-26.114480014117166,-7.927014978906453,-2.803552636601865,-5.820466612806036,-5.495776703012909,-14.9
533,3500029.23,43,34.99999416424623,35.0,291.9,0,0.0,0.7362466156515284,0.2637533843480254,4.4623164369828995e-13,200.0,61.3,-185.41622271424893,-1.4,-0.9674565810459391,-10.455035595014461,0.0,0.0,-26.114480014117166,-7.927014978906453,-2.803552636601865,-5.820466612806036,-5.495776703012909,-14.9
534,3500029.23,44,34.99999416424623,35.0,291.9,0,0.0,0.7362369063593766,0.26376309364019956,4.2392006151337544e-13,200.0,61.3,-185.41622271424893,-1.4,-0.9674565810459391,-10.455035595014461,0.0,0.0,-26.114480014117166,-7.927014978906453,-2.803552636601865,-5.820466612806036,-5.495776703012909,-14.9
535,3500029.23,45,34.99999416424623,35.0,291.9,0,0.0,0.73622719348062,0.26377280651897733,4.027240584377067e-13,200.0,61.3,-185.41622271424893,-1.4,-0.9674565810459391,-10.455035595014461,0.0,0.0,-26.114480014117166,-7.927014978906453,-2.803552636601865,-5.820466612806036,-5.495776703012909,-14.9
536,3500029.23,46,34.99999416424623,35.0,291.9,0,0.0,0.7362118255560511,0.26378817444356634,3.825878555158214e-13,200.0,61.3,-185.41622271424893,-1.4,-0.9674565810459391,-10.455035595014461,0.0,0.0,-26.114480014117166,-7.927014978906453,-2.803552636601865,-5.820466612806036,-5.495776703012909,-14.9
537,3500029.23,47,34.99999416424623,35.0,291.9,0,0.0,0.7361967510153281,0.26380324898430846,3.6345846274003027e-13,200.0,61.3,-185.41622271424893,-1.4,-0.9674565810459391,-10.455035595014461,0.0,0.0,-26.114480014117166,-7.927014978906453,-2.803552636601865,-5.820466612806036,-5.495776703012909,-14.9
538,3500029.23,48,34.99999416424623,35.0,291.9,0,0.0,0.7361932192891899,0.26380678071046487,3.4528553960302874e-13,200.0,61.3,-185.41622271424893,-1.4,-0.9674565810459391,-10.455035595014461,0.0,0.0,-26.114480014117166,-7.927014978906453,-2.803552636601865,-5.820466612806036,-5.495776703012909,-14.9
539,3500029.23,49,34.99999416424623,35.0,291.9,0,0.0,0.7361874992597822,0.2638125007398897,3.2802126262287724e-13,200.0,61.3,-185.41622271424893,-1.4,-0.9674565810459391,-10.455035595014461,0.0,0.0,-26.114480014117166,-7.927014978906453,-2.803552636601865,-5.820466612806036,-5.495776703012909,-14.9
540,3500029.23,0,34.99999416424623,35.0,291.9,0,0.0,0.7361778386521513,0.26382216134753717,3.116201994917334e-13,200.0,61.3,-185.41622271424893,-1.4,-0.9674565810459391,-10.455035595014461,0.0,0.0,-26.114480014117166,-7.927014978906453,-2.803552636601865,-5.820466612806036,-5.495776703012909,-14.9
541,3500029.23,1,34.99999416424623,35.0,291.9,0,0.0,0.7361681828222493,0.2638318171774548,2.9603918951714677e-13,200.0,61.3,-185.41622271424893,-1.4,-0.9674565810459391,-10.455035595014461,0.0,0.0,-26.114480014117166,-7.927014978906453,-2.803552636601865,-5.820466612806036,-5.495776703012909,-14.9
542,3500029.23,2,34.99999416424623,35.0,291.9,0,0.0,0.7361585332961341,0.26384146670358466,2.8123723004128944e-13,200.0,61.3,-185.41622271424893,-1.4,-0.9674565810459391,-10.455035595014461,0.0,0.0,-26.114480014117166,-7.927014978906453,-2.803552636601865,-5.820466612806036,-5.495776703012909,-14.9
543,3500029.23,3,34.99999416424623,35.0,291.9,0,0.0,0.7361526108136086,0.2638473891861242,2.6717536853922493e-13,200.0,61.3,-185.41622271424893,-1.4,-0.9674565810459391,-10.455035595014461,0.0,0.0,-26.114480014117166,-7.927014978906453,-2.803552636601865,-5.820466612806036,-5.495776703012909,-14.9
544,3500029.23,4,34.99999416424623,35.0,291.9,0,0.0,0.7361390782835059,0.26386092171624037,2.5381660011226375e-13,200.0,61.3,-185.41622271424893,-1.4,-0.9674565810459391,-10.455035595014461,0.0,0.0,-26.114480014117166,-7.927014978906453,-2.803552636601865,-5.820466612806036,-5.495776703012909,-14.9
545,3500029.23,5,34.99999416424623,35.0,291.9,0,0.0,0.7361239037843623,0.26387609621539665,2.4112577010665056e-13,200.0,61.3,-185.41622271424893,-1.4,-0.9674565810459391,-10.455035595014461,0.0,0.0,-26.114480014117166,-7.927014978906453,-2.803552636601865,-5.820466612806036,-5.495776703012909,-14.9
546,3500029.23,6,34.99999416424623,35.0,291.9,0,0.0,0.7361108792689289,0.2638891207308421,2.29069481601318e-13,200.0,61.3,-185.41622271424893,-1.4,-0.9674565810459391,-10.455035595014461,0.0,0.0,-26.114480014117166,-7.927014978906453,-2.803552636601865,-5.820466612806036,-5.495776703012909,-14.9
547,3500029.23,7,34.99999416424623,35.0,291.9,0,0.0,0.7360961974772589,0.2639038025225236,2.176160075212521e-13,200.0,61.3,-185.41622271424893,-1.4,-0.9674565810459391,-10.455035595014461,0.0,0.0,-26.114480014117166,-7.927014978906453,-2.803552636601865,-5.820466612806036,-5.495776703012909,-14.9
548,3500029.23,8,34.99999416424623,35.0,291.9,0,0.0,0.736092853001113,0.2639071469986802,2.0673520714518943e-13,200.0,61.3,-185.41622271424893,-1.4,-0.9674565810459391,-10.455035595014461,0.0,0.0,-26.114480014117166,-7.927014978906453,-2.803552636601865,-5.820466612806036,-5.495776703012909,-14.9
549,3500029.23,9,34.99999416424623,35.0,291.9,0,0.0,0.736102065832931,0.2638979341668726,1.9639844678792996e-13,200.0,61.3,-185.41622271424893,-1.4,-0.9674565810459391,-10.455035595014461,0.0,0.0,-26.114480014117166,-7.927014978906453,-2.803552636601865,-5.820466612806036,-5.495776703012909,-14.9
550,3500029.23,10,34.99999416424623,35.0,291.9,0,0.0,0.7361084888245027,0.26389151117531073,1.8657852444853345e-13,200.0,61.3,-185.41622271424893,-1.4,-0.9674565810459391,-10.455035595014461,0.0,0.0,-26.114480014117166,-7.927014978906453,-2.803552636601865,-5.820466612806036,-5.495776703012909,-14.9
551,3500029.23,11,34.99999416424623,35.0,291.9,0,0.0,0.7361195897292645,0.2638804102705583,1.7724959822610676e-13,200.0,61.3,-185.41622271424893,-1.4,-0.9674565810459391,-10.455035595014461,0.0,0.0,-26.114480014117166,-7.927014978906453,-2.803552636601865,-5.820466612806036,-5.495776703012909,-14.9
552,3500029.23,12,34.99999416424623,35.0,291.9,0,0.0,0.7361314629187278,0.26386853708110386,1.6838711831480142e-13,200.0,61.3,-185.41622271424893,-1.4,-0.9674565810459391,-10.455035595014461,0.0,0.0,-26.114480014117166,-7.927014978906453,-2.803552636601865,-5.820466612806036,-5.495776703012909,-14.9
553,3500029.23,13,34.99999416424623,35.0,291.9,0,0.0,0.7361422423474703,0.26385775765236974,1.5996776239906134e-13,200.0,61.3,-185.41622271424893,-1.4,-0.9674565810459391,-10.455035595014461,0.0,0.0,-26.114480014117166,-7.927014978906453,-2.803552636601865,-5.820466612806036,-5.495776703012909,-14.9
554,3500029.23,14,34.99999416424623,35.0,291.9,0,0.0,0.7361501650262398,0.26384983497360837,1.5196937427910828e-13,200.0,61.3,-185.41622271424893,-1.4,-0.9674565810459391,-10.455035595014461,0.0,0.0,-26.114480014117166,-7.927014978906453,-2.803552636601865,-5.820466612806036,-5.495776703012909,-14.9
555,3500029.23,15,34.99999416424623,35.0,291.9,0,0.0,0.7361699053278465,0.2638300946720091,1.4437090556515285e-13,200.0,61.3,-185.41622271424893,-1.4,-0.9674565810459391,-10.455035595014461,0.0,0.0,-26.114480014117166,-7.927014978906453,-2.803552636601865,-5.820466612806036,-5.495776703012909,-14.9
556,3500029.23,16,34.99999416424623,35.0,291.9,0,0.0,0.7361899553978927,0.2638100446019703,1.3715236028689524e-13,200.0,61.3,-185.41622271424893,-1.4,-0.9674565810459391,-10.455035595014461,0.0,0.0,-26.114480014117166,-7.927014978906453,-2.803552636601865,-5.820466612806036,-5.495776703012909,-14.9
557,3500029.23,17,34.99999416424623,35.0,291.9,0,0.0,0.7362012552923757,0.2637987447074941,1.3029474227255047e-13,200.0,61.3,-185.41622271424893,-1.4,-0.9674565810459391,-10.455035595014461,0.0,0.0,-26.114480014117166,-7.927014978906453,-2.803552636601865,-5.820466612806036,-5.495776703012909,-14.9
558,3500029.23,18,34.99999416424623,35.0,291.9,0,0.0,0.7362169045514817,0.2637830954483945,1.2378000515892293e-13,200.0,61.3,-185.41622271424893,-1.4,-0.9674565810459391,-10.455035595014461,0.0,0.0,-26.114480014117166,-7.927014978906453,-2.803552636601865,-5.820466612806036,-5.495776703012909,-14.9
559,3500029.23,19,34.99999416424623,35.0,291.9,0,0.0,0.7362402658387033,0.26375973416117915,1.175910049009768e-13,200.0,61.3,-185.41622271424893,-1.4,-0.9674565810459391,-10.455035595014461,0.0,0.0,-26.114480014117166,-7.927014978906453,-2.803552636601865,-5.820466612806036,-5.495776703012909,-14.9
560,3500029.23,20,34.99999416424623,35.0,291.9,0,0.0,0.7362547474136442,0.2637452525862442,1.1171145465592796e-13,200.0,61.3,-185.41622271424893,-1.4,-0.9674565810459391,-10.455035595014461,0.0,0.0,-26.114480014117166,-7.927014978906453,-2.803552636601865,-5.820466612806036,-5.495776703012909,-14.9
561,3500029.23,21,34.99999416424623,35.0,291.9,0,0.0,0.7362644067242374,0.26373559327565643,1.0612588192313156e-13,200.0,61.3,-185.41622271424893,-1.4,-0.9674565810459391,-10.455035595014461,0.0,0.0,-26.114480014117166,-7.927014978906453,-2.803552636601865,-5.820466612806036,-5.495776703012909,-14.9
562,3500029.23,22,34.99999416424623,35.0,291.9,0,0.0,0.7362641180559168,0.2637358819439824,1.0081958782697499e-13,200.0,61.3,-185.41622271424893,-1.4,-0.9674565810459391,-10.455035595014461,0.0,0.0,-26.114480014117166,-7.927014978906453,-2.803552636601865,-5.820466612806036,-5.495776703012909,-14.9
563,3500029.23,23,34.99999416424623,35.0,291.9,0,0.0,0.7362651518191191,0.2637348481807851,9.577860843562624e-14,200.0,61.3,-185.41622271424893,-1.4,-0.9674565810459391,-10.455035595014461,0.0,0.0,-26.114480014117166,-7.927014978906453,-2.803552636601865,-5.820466612806036,-5.495776703012909,-14.9
564,3500029.23,24,34.99999416424623,35.0,291.9,0,0.0,0.7362638626132957,0.2637361373866133,9.098967801384492e-14,200.0,61.3,-185.41622271424893,-1.4,-0.9674565810459391,-10.455035595014461,0.0,0.0,-26.114480014117166,-7.927014978906453,-2.803552636601865,-5.820466612806036,-5.495776703012909,-14.9
565,3500029.23,25,34.99999416424623,35.0,291.9,0,0.0,0.7362603742261249,0.2637396257737887,8.644019411315267e-14,200.0,61.3,-185.41622271424893,-1.4,-0.9674565810459391,-10.455035595014461,0.0,0.0,-26.114480014117166,-7.927014978906453,-2.803552636601865,-5.820466612806036,-5.495776703012909,-14.9
566,3500029.23,26,34.99999416424623,35.0,291.9,0,0.0,0.736260148556405,0.26373985144351286,8.211818440749503e-14,200.0,61.3,-185.41622271424893,-1.4,-0.9674565810459391,-10.455035595014461,0.0,0.0,-26.114480014117166,-7.927014978906453,-2.803552636601865,-5.820466612806036,-5.495776703012909,-14.9
567,3500029.23,27,34.99999416424623,35.0,291.9,0,0.0,0.7362665644619764,0.26373343553794565,7.801227518712028e-14,200.0,61.3,-185.41622271424893,-1.4,-0.9674565810459391,-10.455035595014461,0.0,0.0,-26.114480014117166,-7.927014978906453,-2.803552636601865,-5.820466612806036,-5.495776703012909,-14.9
568,3500029.23,28,34.99999416424623,35.0,291.9,0,0.0,0.736277489484008,0.26372251051591794,7.411166142776427e-14,200.0,61.3,-185.41622271424893,-1.4,-0.9674565810459391,-10.455035595014461,0.0,0.0,-26.114480014117166,-7.927014978906453,-2.803552636601865,-5.820466612806036,-5.495776703012909,-14.9
569,3500029.23,29,34.99999416424623,35.0,291.9,0,0.0,0.7362820611418511,0.2637179388580784,7.040607835637605e-14,200.0,61.3,-185.41622271424893,-1.4,-0.9674565810459391,-10.455035595014461,0.0,0.0,-26.114480014117166,-7.927014978906453,-2.803552636601865,-5.820466612806036,-5.495776703012909,-14.9
570,3500029.23,30,34.99999416424623,35.0,291.9,0,0.0,0.7362859181839835,0.26371408181594974,6.688577443855726e-14,200.0,61.3,-185.41622271424893,-1.4,-0.9674565810459391,-10.455035595014461,0.0,0.0,-26.114480014117166,-7.927014978906453,-2.803552636601865,-5.820466612806036,-5.495776703012909,-14.9
571,3500029.23,31,34.99999416424623,35.0,291.9,0,0.0,0.7362855686340511,0.2637144313658854,6.35414857166294e-14,200.0,61.3,-185.41622271424893,-1.4,-0.9674565810459391,-10.455035595014461,0.0,0.0,-26.114480014117166,-7.927014978906453,-2.803552636601865,-5.820466612806036,-5.495776703012909,-14.9
572,3500029.23,32,34.99999416424623,35.0,291.9,0,0.0,0.7362812354680449,0.2637187645318947,6.036441143079793e-14,200.0,61.3,-185.41622271424893,-1.4,-0.9674565810459391,-10.455035595014461,0.0,0.0,-26.114480014117166,-7.927014978906453,-2.803552636601865,-5.820466612806036,-5.495776703012909,-14.9
573,3500029.23,33,34.99999416424623,35.0,291.9,0,0.0,0.7362766501229037,0.26372334987703905,5.734619085925804e-14,200.0,61.3,-185.41622271424893,-1.4,-0.9674565810459391,-10.455035595014461,0.0,0.0,-26.114480014117166,-7.927014978906453,-2.803552636601865,-5.820466612806036,-5.495776703012909,-14.9
574,3500029.23,34,34.99999416424623,35.0,291.9,0,0.0,0.7362647983961521,0.26373520160379343,5.4478881316295135e-14,200.0,61.3,-185.41622271424893,-1.4,-0.9674565810459391,-10.455035595014461,0.0,0.0,-26.114480014117166,-7.927014978906453,-2.803552636601865,-5.820466612806036,-5.495776703012909,-14.9
575,3500029.23,35,34.99999416424623,35.0,291.9,0,0.0,0.7362495757447777,0.26375042425517053,5.175493725048038e-14,200.0,61.3,-185.41622271424893,-1.4,-0.9674565810459391,-10.455035595014461,0.0,0.0,-26.114480014117166,-7.927014978906453,-2.803552636601865,-5.820466612806036,-5.495776703012909,-14.9
576,3500029.23,36,34.99999416424623,35.0,291.9,0,0.0,0.7362381722571989,0.26376182774275203,4.916719038795636e-14,200.0,61.3,-185.41622271424893,-1.4,-0.9674565810459391,-10.455035595014461,0.0,0.0,-26.114480014117166,-7.927014978906453,-2.803552636601865,-5.820466612806036,-5.495776703012909,-14.9
577,3500029.23,37,34.99999416424623,35.0,291.9,0,0.0,0.7362321333004156,0.2637678666995378,4.670883086855854e-14,200.0,61.3,-185.41622271424893,-1.4,-0.9674565810459391,-10.455035595014461,0.0,0.0,-26.114480014117166,-7.927014978906453,-2.803552636601865,-5.820466612806036,-5.495776703012909,-14.9
578,3500029.23,38,34.99999416424623,35.0,291.9,0,0.0,0.7362259385101069,0.2637740614898488,4.4373389325130606e-14,200.0,61.3,-185.41622271424893,-1.4,-0.9674565810459391,-10.455035595014461,0.0,0.0,-26.114480014117166,-7.927014978906453,-2.803552636601865,-5.820466612806036,-5.495776703012909,-14.9
579,3500029.23,39,34.99999416424623,35.0,291.9,0,0.0,0.7362195972576422,0.26378040274231573,4.2154719858874076e-14,200.0,61.3,-185.41622271424893,-1.4,-0.9674565810459391,-10.455035595014461,0.0,0.0,-26.114480014117166,-7.927014978906453,-2.803552636601865,-5.820466612806036,-5.495776703012909,-14.9
580,3500029.23,40,34.99999416424623,35.0,291.9,0,0.0,0.7362148571787938,0.26378514282116616,4.004698386593037e-14,200.0,61.3,-185.41622271424893,-1.4,-0.9674565810459391,-10.455035595014461,0.0,0.0,-26.114480014117166,-7.927014978906453,-2.803552636601865,-5.820466612806036,-5.495776703012909,-14.9
581,3500029.23,41,34.99999416424623,35.0,291.9,0,0.0,0.7362081622960366,0.26379183770392534,3.804463467263385e-14,200.0,61.3,-185.41622271424893,-1.4,-0.9674565810459391,-10.455035595014461,0.0,0.0,-26.114480014117166,-7.927014978906453,-2.803552636601865,-5.820466612806036,-5.495776703012909,-14.9
582,3500029.23,42,34.99999416424623,35.0,291.9,0,0.0,0.7362065483184767,0.26379345168148727,3.6142402939002164e-14,200.0,61.3,-185.41622271424893,-1.4,-0.9674565810459391,-10.455035595014461,0.0,0.0,-26.114480014117166,-7.927014978906453,-2.803552636601865,-5.820466612806036,-5.495776703012909,-14.9
583,3500029.23,43,34.99999416424623,35.0,291.9,0,0.0,0.7362010973206202,0.26379890267934547,3.4335282792052055e-14,200.0,61.3,-185.41622271424893,-1.4,-0.9674565810459391,-10.455035595014461,0.0,0.0,-26.114480014117166,-7.927014978906453,-2.803552636601865,-5.820466612806036,-5.495776703012909,-14.9
584,3500029.23,44,34.99999416424623,35.0,291.9,0,0.0,0.736198920650879,0.26380107934908836,3.261851865244945e-14,200.0,61.3,-185.41622271424893,-1.4,-0.9674565810459391,-10.455035595014461,0.0,0.0,-26.114480014117166,-7.927014978906453,-2.803552636601865,-5.820466612806036,-5.495776703012909,-14.9
585,3500029.23,45,34.99999416424623,35.0,291.9,0,0.0,0.7361946736818539,0.26380532631811515,3.0987592719826975e-14,200.0,61.3,-185.41622271424893,-1.4,-0.9674565810459391,-10.455035595014461,0.0,0.0,-26.114480014117166,-7.927014978906453,-2.803552636601865,-5.820466612806036,-5.495776703012909,-14.9
586,3500029.23,46,34.99999416424623,35.0,291.9,0,0.0,0.7361867458118602,0.2638132541881104,2.9438213083835623e-14,200.0,61.3,-185.41622271424893,-1.4,-0.9674565810459391,-10.455035595014461,0.0,0.0,-26.114480014117166,-7.927014978906453,-2.803552636601865,-5.820466612806036,-5.495776703012909,-14.9
587,3500029.23,47,34.99999416424623,35.0,291.9,0,0.0,0.7361822067764471,0.26381779322352494,2.796630242964384e-14,200.0,61.3,-185.41622271424893,-1.4,-0.9674565810459391,-10.455035595014461,0.0,0.0,-26.114480014117166,-7.927014978906453,-2.803552636601865,-5.820466612806036,-5.495776703012909,-14.9
588,3500029.23,48,34.99999416424623,35.0,291.9,0,0.0,0.7361825902414475,0.263817409758526,2.656798730816165e-14,200.0,61.3,-185.41622271424893,-1.4,-0.9674565810459391,-10.455035595014461,0.0,0.0,-26.114480014117166,-7.927014978906453,-2.803552636601865,-5.820466612806036,-5.495776703012909,-14.9
589,3500029.23,49,34.99999416424623,35.0,291.9,0,0.0,0.736187631826892,0.26381236817308285,2.5239587942753566e-14,200.0,61.3,-185.41622271424893,-1.4,-0.9674565810459391,-10.455035595014461,0.0,0.0,-26.114480014117166,-7.927014978906453,-2.803552636601865,-5.820466612806036,-5.495776703012909,-14.9
590,3500029.23,0,34.99999416424623,35.0,291.9,0,0.0,0.7362021993092019,0.2637978006907741,2.3977608545615886e-14,200.0,61.3,-185.41622271424893,-1.4,-0.9674565810459391,-10.455035595014461,0.0,0.0,-26.114480014117166,-7.927014978906453,-2.803552636601865,-5.820466612806036,-5.495776703012909,-14.9
591,3500029.23,1,34.99999416424623,35.0,291.9,0,0.0,0.7362138575346212,0.26378614246535603,2.277872811833509e-14,200.0,61.3,-185.41622271424893,-1.4,-0.9674565810459391,-10.455035595014461,0.0,0.0,-26.114480014117166,-7.927014978906453,-2.803552636601865,-5.820466612806036,-5.495776703012909,-14.9
592,3500029.23,2,34.99999416424623,35.0,291.9,0,0.0,0.7362278599242777,0.2637721400757006,2.1639791712418336e-14,200.0,61.3,-185.41622271424893,-1.4,-0.9674565810459391,-10.455035595014461,0.0,0.0,-26.114480014117166,-7.927014978906453,-2.803552636601865,-5.820466612806036,-5.495776703012909,-14.9
593,3500029.23,3,34.99999416424623,35.0,291.9,0,0.0,0.7362423817966324,0.26375761820334714,2.0557802126797423e-14,200.0,61.3,-185.41622271424893,-1.4,-0.9674565810459391,-10.455035595014461,0.0,0.0,-26.114480014117166,-7.927014978906453,-2.803552636601865,-5.820466612806036,-5.495776703012909,-14.9
594,3500029.23,4,34.99999416424623,35.0,291.9,0,0.0,0.7362523104933003,0.2637476895066802,1.9529912020457552e-14,200.0,61.3,-185.41622271424893,-1.4,-0.9674565810459391,-10.455035595014461,0.0,0.0,-26.114480014117166,-7.927014978906453,-2.803552636601865,-5.820466612806036,-5.495776703012909,-14.9
595,3500029.23,5,34.99999416424623,35.0,291.9,0,0.0,0.7362629630239705,0.2637370369760109,1.8553416419434675e-14,200.0,61.3,-185.41622271424893,-1.4,-0.9674565810459391,-10.455035595014461,0.0,0.0,-26.114480014117166,-7.927014978906453,-2.803552636601865,-5.820466612806036,-5.495776703012909,-14.9
596,3500029.23,6,34.99999416424623,35.0,291.9,0,0.0,0.7362692324775206,0.2637307675224617,1.762574559846294e-14,200.0,61.3,-185.41622271424893,-1.4,-0.9674565810459391,-10.455035595014461,0.0,0.0,-26.114480014117166,-7.927014978906453,-2.803552636601865,-5.820466612806036,-5.495776703012909,-14.9
597,3500029.23,7,34.99999416424623,35.0,291.9,0,0.0,0.7362780953862013,0.26372190461378203,1.6744458318539798e-14,200.0,61.3,-185.41622271424893,-1.4,-0.9674565810459391,-10.455035595014461,0.0,0.0,-26.114480014117166,-7.927014978906453,-2.803552636601865,-5.820466612806036,-5.495776703012909,-14.9
598,3500029.23,8,34.99999416424623,35.0,291.9,0,0.0,0.736277626739996,0.2637223732599881,1.5907235402612806e-14,200.0,61.3,-185.41622271424893,-1.4,-0.9674565810459391,-10.455035595014461,0.0,0.0,-26.114480014117166,-7.927014978906453,-2.803552636601865,-5.820466612806036,-5.495776703012909,-14.9
599,3500029.23,9,34.99999416424623,35.0,291.9,0,0.0,0.7362784091117057,0.2637215908882791,1.5111873632482164e-14,200.0,61.3,-185.41622271424893,-1.4,-0.9674565810459391,-10.455035595014461,0.0,0.0,-26.114480014117166,-7.927014978906453,-2.803552636601865,-5.820466612806036,-5.495776703012909,-14.9
600,3500029.23,10,34.99999416424623,35.0,291.9,0,0.0,0.7362719801897893,0.2637280198101963,1.4356279950858054e-14,200.0,61.3,-185.41622271424893,-1.4,-0.9674565810459391,-10.455035595014461,0.0,0.0,-26.114480014117166,-7.927014978906453,-2.803552636601865,-5.820466612806036,-5.495776703012909,-14.9
601,3500029.23,11,34.99999416424623,35.0,291.9,0,0.0,0.7362671068789216,0.2637328931210648,1.3638465953315153e-14,200.0,61.3,-185.41622271424893,-1.4,-0.9674565810459391,-10.455035595014461,0.0,0.0,-26.114480014117166,-7.927014978906453,-2.803552636601865,-5.820466612806036,-5.495776703012909,-14.9
602,3500029.23,12,34.99999416424623,35.0,291.9,0,0.0,0.7362620332338293,0.2637379667661577,1.2956542655649394e-14,200.0,61.3,-185.41622271424893,-1.4,-0.9674565810459391,-10.455035595014461,0.0,0.0,-26.114480014117166,-7.927014978906453,-2.803552636601865,-5.820466612806036,-5.495776703012909,-14.9
603,3500029.23,13,34.99999416424623,35.0,291.9,0,0.0,0.7362517557087357,0.26374824429125204,1.2308715522866925e-14,200.0,61.3,-185.41622271424893,-1.4,-0.9674565810459391,-10.455035595014461,0.0,0.0,-26.114480014117166,-7.927014978906453,-2.803552636601865,-5.820466612806036,-5.495776703012909,-14.9
604,3500029.23,14,34.99999416424623,35.0,291.9,0,0.0,0.7362432283974217,0.26375677160256655,1.1693279746723578e-14,200.0,61.3,-185.41622271424893,-1.4,-0.9674565810459391,-10.455035595014461,0.0,0.0,-26.114480014117166,-7.927014978906453,-2.803552636601865,-5.820466612806036,-5.495776703012909,-14.9
605,3500029.23,15,34.99999416424623,35.0,291.9,0,0.0,0.7362346932786035,0.2637653067213854,1.1108615759387398e-14,200.0,61.3,-185.41622271424893,-1.4,-0.9674565810459391,-10.455035595014461,0.0,0.0,-26.114480014117166,-7.927014978906453,-2.803552636601865,-5.820466612806036,-5.495776703012909,-14.9
606,3500029.23,16,34.99999416424623,35.0,291.9,0,0.0,0.7362228243292798,0.26377717567070963,1.0553184971418029e-14,200.0,61.3,-185.41622271424893,-1.4,-0.9674565810459391,-10.455035595014461,0.0,0.0,-26.114480014117166,-7.927014978906453,-2.803552636601865,-5.820466612806036,-5.495776703012909,-14.9
607,3500029.23,17,34.99999416424623,35.0,291.9,0,0.0,0.7362161061711187,0.2637838938288713,1.0025525722847127e-14,200.0,61.3,-185.41622271424893,-1.4,-0.9674565810459391,-10.455035595014461,0.0,0.0,-26.114480014117166,-7.927014978906453,-2.803552636601865,-5.820466612806036,-5.495776703012909,-14.9
608,3500029.23,18,34.99999416424623,35.0,291.9,0,0.0,0.7362076332012776,0.2637923667987129,9.52424943670477e-15,200.0,61.3,-185.41622271424893,-1.4,-0.9674565810459391,-10.455035595014461,0.0,0.0,-26.114480014117166,-7.927014978906453,-2.803552636601865,-5.820466612806036,-5.495776703012909,-14.9
609,3500029.23,19,34.99999416424623,35.0,291.9,0,0.0,0.736202466004051,0.26379753399594,9.048036964869533e-15,200.0,61.3,-185.41622271424893,-1.4,-0.9674565810459391,-10.455035595014461,0.0,0.0,-26.114480014117166,-7.927014978906453,-2.803552636601865,-5.820466612806036,-5.495776703012909,-14.9
610,3500029.23,20,34.99999416424623,35.0,291.9,0,0.0,0.7361971247275269,0.2638028752724646,8.595635116626056e-15,200.0,61.3,-185.41622271424893,-1.4,-0.9674565810459391,-10.455035595014461,0.0,0.0,-26.114480014117166,-7.927014978906453,-2.803552636601865,-5.820466612806036,-5.495776703012909,-14.9
611,3500029.23,21,34.99999416424623,35.0,291.9,0,0.0,0.7361800651026946,0.26381993489729727,8.165853360794752e-15,200.0,61.3,-185.41622271424893,-1.4,-0.9674565810459391,-10.455035595014461,0.0,0.0,-26.114480014117166,-7.927014978906453,-2.803552636601865,-5.820466612806036,-5.495776703012909,-14.9
612,3500029.23,22,34.99999416424623,35.0,291.9,0,0.0,0.7361650962160055,0.2638349037839869,7.757560692755015e-15,200.0,61.3,-185.41622271424893,-1.4,-0.9674565810459391,-10.455035595014461,0.0,0.0,-26.114480014117166,-7.927014978906453,-2.803552636601865,-5.820466612806036,-5.495776703012909,-14.9
613,3500029.23,23,34.99999416424623,35.0,291.9,0,0.0,0.7361422303207483,0.2638577696792444,7.369682658117263e-15,200.0,61.3,-185.41622271424893,-1.4,-0.9674565810459391,-10.455035595014461,0.0,0.0,-26.114480014117166,-7.927014978906453,-2.803552636601865,-5.820466612806036,-5.495776703012909,-14.9
614,3500029.23,24,34.99999416424623,35.0,291.9,0,0.0,0.7361233987304514,0.2638766012695416,7.0011985252113995e-15,200.0,61.3,-185.41622271424893,-1.4,-0.9674565810459391,-10.455035595014461,0.0,0.0,-26.114480014117166,-7.927014978906453,-2.803552636601865,-5.820466612806036,-5.495776703012909,-14.9
615,3500029.23,25,34.99999416424623,35.0,291.9,0,0.0,0.7361100302385384,0.26388996976145507,6.65113859895083e-15,200.0,61.3,-185.41622271424893,-1.4,-0.9674565810459391,-10.455035595014461,0.0,0.0,-26.114480014117166,-7.927014978906453,-2.803552636601865,-5.820466612806036,-5.495776703012909,-14.9
616,3500029.23,26,34.99999416424623,35.0,291.9,0,0.0,0.7361001974653321,0.26389980253466166,6.3185816690032876e-15,200.0,61.3,-185.41622271424893,-1.4,-0.9674565810459391,-10.455035595014461,0.0,0.0,-26.114480014117166,-7.927014978906453,-2.803552636601865,-5.820466612806036,-5.495776703012909,-14.9
617,3500029.23,27,34.99999416424623,35.0,291.9,0,0.0,0.736082266249166,0.26391773375082805,6.0026525855531226e-15,200.0,61.3,-185.41622271424893,-1.4,-0.9674565810459391,-10.455035595014461,0.0,0.0,-26.114480014117166,-7.927014978906453,-2.803552636601865,-5.820466612806036,-5.495776703012909,-14.9
618,3500029.23,28,34.99999416424623,35.0,291.9,0,0.0,0.7360681004548583,0.26393189954513613,5.702519956275467e-15,200.0,61.3,-185.41622271424893,-1.4,-0.9674565810459391,-10.455035595014461,0.0,0.0,-26.114480014117166,-7.927014978906453,-2.803552636601865,-5.820466612806036,-5.495776703012909,-14.9
619,3500029.23,29,34.99999416424623,35.0,291.9,0,0.0,0.7360558715479883,0.2639441284520063,5.417393958461693e-15,200.0,61.3,-185.41622271424893,-1.4,-0.9674565810459391,-10.455035595014461,0.0,0.0,-26.114480014117166,-7.927014978906453,-2.803552636601865,-5.820466612806036,-5.495776703012909,-14.9
620,3500029.23,30,34.99999416424623,35.0,291.9,0,0.0,0.7360471057795888,0.2639528942204062,5.146524260538608e-15,200.0,61.3,-185.41622271424893,-1.4,-0.9674565810459391,-10.455035595014461,0.0,0.0,-26.114480014117166,-7.927014978906453,-2.803552636601865,-5.820466612806036,-5.495776703012909,-14.9
621,3500029.23,31,34.99999416424623,35.0,291.9,0,0.0,0.7360367467035968,0.2639632532963983,4.8891980475116765e-15,200.0,61.3,-185.41622271424893,-1.4,-0.9674565810459391,-10.455035595014461,0.0,0.0,-26.114480014117166,-7.927014978906453,-2.803552636601865,-5.820466612806036,-5.495776703012909,-14.9
622,3500029.23,32,34.99999416424623,35.0,291.9,0,0.0,0.7360200116397076,0.2639799883602878,4.644738145136094e-15,200.0,61.3,-185.41622271424893,-1.4,-0.9674565810459391,-10.455035595014461,0.0,0.0,-26.114480014117166,-7.927014978906453,-2.803552636601865,-5.820466612806036,-5.495776703012909,-14.9
623,3500029.23,33,34.99999416424623,35.0,291.9,0,0.0,0.736003721855435,0.26399627814456067,4.412501237879289e-15,200.0,61.3,-185.41622271424893,-1.4,-0.9674565810459391,-10.455035595014461,0.0,0.0,-26.114480014117166,-7.927014978906453,-2.803552636601865,-5.820466612806036,-5.495776703012909,-14.9
624,3500029.23,34,34.99999416424623,35.0,291.9,0,0.0,0.7359943266975757,0.2640056733024201,4.191876175985324e-15,200.0,61.3,-185.41622271424893,-1.4,-0.9674565810459391,-10.455035595014461,0.0,0.0,-26.114480014117166,-7.927014978906453,-2.803552636601865,-5.820466612806036,-5.495776703012909,-14.9
625,3500029.23,35,34.99999416424623,35.0,291.9,0,0.0,0.7359801573818251,0.2640198426181709,3.9822823671860575e-15,200.0,61.3,-185.41622271424893,-1.4,-0.9674565810459391,-10.455035595014461,0.0,0.0,-26.114480014117166,-7.927014978906453,-2.803552636601865,-5.820466612806036,-5.495776703012909,-14.9
626,3500029.23,36,34.99999416424623,35.0,291.9,0,0.0,0.7359679188672338,0.2640320811327624,3.783168248826755e-15,200.0,61.3,-185.41622271424893,-1.4,-0.9674565810459391,-10.455035595014461,0.0,0.0,-26.114480014117166,-7.927014978906453,-2.803552636601865,-5.820466612806036,-5.495776703012909,-14.9
627,3500029.23,37,34.99999416424623,35.0,291.9,0,0.0,0.7359623384936491,0.2640376615063474,3.5940098363854175e-15,200.0,61.3,-185.41622271424893,-1.4,-0.9674565810459391,-10.455035595014461,0.0,0.0,-26.114480014117166,-7.927014978906453,-2.803552636601865,-5.820466612806036,-5.495776703012909,-14.9
628,3500029.23,38,34.99999416424623,35.0,291.9,0,0.0,0.7359566366945416,0.2640433633054551,3.4143093445661464e-15,200.0,61.3,-185.41622271424893,-1.4,-0.9674565810459391,-10.455035595014461,0.0,0.0,-26.114480014117166,-7.927014978906453,-2.803552636601865,-5.820466612806036,-5.495776703012909,-14.9
629,3500029.23,39,34.99999416424623,35.0,291.9,0,0.0,0.735949216789768,0.26405078321022873,3.2435938773378382e-15,200.0,61.3,-185.41622271424893,-1.4,-0.9674565810459391,-10.455035595014461,0.0,0.0,-26.114480014117166,-7.927014978906453,-2.803552636601865,-5.820466612806036,-5.495776703012909,-14.9
630,3500029.23,40,34.99999416424623,35.0,291.9,0,0.0,0.7359481770384391,0.26405182296155794,3.0814141834709467e-15,200.0,61.3,-185.41622271424893,-1.4,-0.9674565810459391,-10.455035595014461,0.0,0.0,-26.114480014117166,-7.927014978906453,-2.803552636601865,-5.820466612806036,-5.495776703012909,-14.9
631,3500029.23,41,34.99999416424623,35.0,291.9,0,0.0,0.7359531756999006,0.2640468243000965,2.927343474297399e-15,200.0,61.3,-185.41622271424893,-1.4,-0.9674565810459391,-10.455035595014461,0.0,0.0,-26.114480014117166,-7.927014978906453,-2.803552636601865,-5.820466612806036,-5.495776703012909,-14.9
632,3500029.23,42,34.99999416424623,35.0,291.9,0,0.0,0.7359543217686203,0.264045678231377,2.7809763005825296e-15,200.0,61.3,-185.41622271424893,-1.4,-0.9674565810459391,-10.455035595014461,0.0,0.0,-26.114480014117166,-7.927014978906453,-2.803552636601865,-5.820466612806036,-5.495776703012909,-14.9
633,3500029.23,43,34.99999416424623,35.0,291.9,0,0.0,0.7359661466164562,0.26403385338354124,2.6419274855534033e-15,200.0,61.3,-185.41622271424893,-1.4,-0.9674565810459391,-10.455035595014461,0.0,0.0,-26.114480014117166,-7.927014978906453,-2.803552636601865,-5.820466612806036,-5.495776703012909,-14.9
634,3500029.23,44,34.99999416424623,35.0,291.9,0,0.0,0.735975369006985,0.26402463099301254,2.509831111275733e-15,200.0,61.3,-185.41622271424893,-1.4,-0.9674565810459391,-10.455035595014461,0.0,0.0,-26.114480014117166,-7.927014978906453,-2.803552636601865,-5.820466612806036,-5.495776703012909,-14.9
635,3500029.23,45,34.99999416424623,35.0,291.9,0,0.0,0.7359868834836475,0.2640131165163502,2.3843395557119463e-15,200.0,61.3,-185.41622271424893,-1.4,-0.9674565810459391,-10.455035595014461,0.0,0.0,-26.114480014117166,-7.927014978906453,-2.803552636601865,-5.820466612806036,-5.495776703012909,-14.9
636,3500029.23,46,34.99999416424623,35.0,291.9,0,0.0,0.735995816379433,0.2640041836205648,2.2651225779263493e-15,200.0,61.3,-185.41622271424893,-1.4,-0.9674565810459391,-10.455035595014461,0.0,0.0,-26.114480014117166,-7.927014978906453,-2.803552636601865,-5.820466612806036,-5.495776703012909,-14.9
637,3500029.23,47,34.99999416424623,35.0,291.9,0,0.0,0.7360007212766047,0.26399927872339324,2.151866449030032e-15,200.0,61.3,-185.41622271424893,-1.4,-0.9674565810459391,-10.455035595014461,0.0,0.0,-26.114480014117166,-7.927014978906453,-2.803552636601865,-5.820466612806036,-5.495776703012909,-14.9
638,3500029.23,48,34.99999416424623,35.0,291.9,0,0.0,0.7360033891989193,0.2639966108010788,2.0442731265785306e-15,200.0,61.3,-185.41622271424893,-1.4,-0.9674565810459391,-10.455035595014461,0.0,0.0,-26.114480014117166,-7.927014978906453,-2.803552636601865,-5.820466612806036,-5.495776703012909,-14.9
639,3500029.23,49,34.99999416424623,35.0,291.9,0,0.0,0.7360055149919728,0.26399448500802536,1.942059470249604e-15,200.0,61.3,-185.41622271424893,-1.4,-0.9674565810459391,-10.455035595014461,0.0,0.0,-26.114480014117166,-7.927014978906453,-2.803552636601865,-5.820466612806036,-5.495776703012909,-14.9
640,3500029.23,0,34.99999416424623,35.0,291.9,0,0.0,0.7360071270369939,0.2639928729630043,1.8449564967371235e-15,200.0,61.3,-185.41622271424893,-1.4,-0.9674565810459391,-10.455035595014461,0.0,0.0,-26.114480014117166,-7.927014978906453,-2.803552636601865,-5.820466612806036,-5.495776703012909,-14.9
641,3500029.23,1,34.99999416424623,35.0,291.9,0,0.0,0.7360019619320681,0.2639980380679301,1.7527086719002672e-15,200.0,61.3,-185.41622271424893,-1.4,-0.9674565810459391,-10.455035595014461,0.0,0.0,-26.114480014117166,-7.927014978906453,-2.803552636601865,-5.820466612806036,-5.495776703012909,-14.9
642,3500029.23,2,34.99999416424623,35.0,291.9,0,0.0,0.7359966598141756,0.2640033401858228,1.6650732383052539e-15,200.0,61.3,-185.41622271424893,-1.4,-0.9674565810459391,-10.455035595014461,0.0,0.0,-26.114480014117166,-7.927014978906453,-2.803552636601865,-5.820466612806036,-5.495776703012909,-14.9
643,3500029.23,3,34.99999416424623,35.0,291.9,0,0.0,0.7359943647732299,0.2640056352267685,1.581819576389991e-15,200.0,61.3,-185.41622271424893,-1.4,-0.9674565810459391,-10.455035595014461,0.0,0.0,-26.114480014117166,-7.927014978906453,-2.803552636601865,-5.820466612806036,-5.495776703012909,-14.9
644,3500029.23,4,34.99999416424623,35.0,291.9,0,0.0,0.7359902213774827,0.26400977862251584,1.5027285975704915e-15,200.0,61.3,-185.41622271424893,-1.4,-0.9674565810459391,-10.455035595014461,0.0,0.0,-26.114480014117166,-7.927014978906453,-2.803552636601865,-5.820466612806036,-5.495776703012909,-14.9
645,3500029.23,5,34.99999416424623,35.0,291.9,0,0.0,0.7359858911548266,0.264014108845172,1.427592167691967e-15,200.0,61.3,-185.41622271424893,-1.4,-0.9674565810459391,-10.455035595014461,0.0,0.0,-26.114480014117166,-7.927014978906453,-2.803552636601865,-5.820466612806036,-5.495776703012909,-14.9
646,3500029.23,6,34.99999416424623,35.0,291.9,0,0.0,0.7359829453724309,0.26401705462756775,1.3562125593073684e-15,200.0,61.3,-185.41622271424893,-1.4,-0.9674565810459391,-10.455035595014461,0.0,0.0,-26.114480014117166,-7.927014978906453,-2.803552636601865,-5.820466612806036,-5.495776703012909,-14.9
647,3500029.23,7,34.99999416424623,35.0,291.9,0,0.0,0.7359797529339018,0.2640202470660969,1.288401931342e-15,200.0,61.3,-185.41622271424893,-1.4,-0.9674565810459391,-10.455035595014461,0.0,0.0,-26.114480014117166,-7.927014978906453,-2.803552636601865,-5.820466612806036,-5.495776703012909,-14.9
648,3500029.23,8,34.99999416424623,35.0,291.9,0,0.0,0.7359841036617096,0.26401589633828915,1.2239818347748998e-15,200.0,61.3,-185.41622271424893,-1.4,-0.9674565810459391,-10.455035595014461,0.0,0.0,-26.114480014117166,-7.927014978906453,-2.803552636601865,-5.820466612806036,-5.495776703012909,-14.9
649,3500029.23,9,34.99999416424623,35.0,291.9,0,0.0,0.7359878335210829,0.26401216647891607,1.1627827430361549e-15,200.0,61.3,-185.41622271424893,-1.4,-0.9674565810459391,-10.455035595014461,0.0,0.0,-26.114480014117166,-7.927014978906453,-2.803552636601865,-5.820466612806036,-5.495776703012909,-14.9
650,3500029.23,10,34.99999416424623,35.0,291.9,0,0.0,0.7359925246337837,0.26400747536621516,1.104643605884347e-15,200.0,61.3,-185.41622271424893,-1.4,-0.9674565810459391,-10.455035595014461,0.0,0.0,-26.114480014117166,-7.927014978906453,-2.803552636601865,-5.820466612806036,-5.495776703012909,-14.9
651,3500029.23,11,34.99999416424623,35.0,291.9,0,0.0,0.7359981252470438,0.2640018747529553,1.0494114255901298e-15,200.0,61.3,-185.41622271424893,-1.4,-0.9674565810459391,-10.455035595014461,0.0,0.0,-26.114480014117166,-7.927014978906453,-2.803552636601865,-5.820466612806036,-5.495776703012909,-14.9
652,3500029.23,12,34.99999416424623,35.0,291.9,0,0.0,0.7359999514382349,0.2640000485617642,9.969408543106234e-16,200.0,61.3,-185.41622271424893,-1.4,-0.9674565810459391,-10.455035595014461,0.0,0.0,-26.114480014117166,-7.927014978906453,-2.803552636601865,-5.820466612806036,-5.495776703012909,-14.9
653,3500029.23,13,34.99999416424623,35.0,291.9,0,0.0,0.7360074578243093,0.2639925421756897,9.47093811595092e-16,200.0,61.3,-185.41622271424893,-1.4,-0.9674565810459391,-10.455035595014461,0.0,0.0,-26.114480014117166,-7.927014978906453,-2.803552636601865,-5.820466612806036,-5.495776703012909,-14.9
654,3500029.23,14,34.99999416424623,35.0,291.9,0,0.0,0.7360080217768667,0.2639919782231323,8.997391210153374e-16,200.0,61.3,-185.41622271424893,-1.4,-0.9674565810459391,-10.455035595014461,0.0,0.0,-26.114480014117166,-7.927014978906453,-2.803552636601865,-5.820466612806036,-5.495776703012909,-14.9
655,3500029.23,15,34.99999416424623,35.0,291.9,0,0.0,0.7360081615449916,0.2639918384550076,8.547521649645706e-16,200.0,61.3,-185.41622271424893,-1.4,-0.9674565810459391,-10.455035595014461,0.0,0.0,-26.114480014117166,-7.927014978906453,-2.803552636601865,-5.820466612806036,-5.495776703012909,-14.9
656,3500029.23,16,34.99999416424623,35.0,291.9,0,0.0,0.7360063634400038,0.2639936365599954,8.1201455671634205e-16,200.0,61.3,-185.41622271424893,-1.4,-0.9674565810459391,-10.455035595014461,0.0,0.0,-26.114480014117166,-7.927014978906453,-2.803552636601865,-5.820466612806036,-5.495776703012909,-14.9
657,3500029.23,17,34.99999416424623,35.0,291.9,0,0.0,0.7360057977599099,0.2639942022400894,7.71413828880525e-16,200.0,61.3,-185.41622271424893,-1.4,-0.9674565810459391,-10.455035595014461,0.0,0.0,-26.114480014117166,-7.927014978906453,-2.803552636601865,-5.820466612806036,-5.495776703012909,-14.9
658,3500029.23,18,34.99999416424623,35.0,291.9,0,0.0,0.736000272787701,0.2639997272122983,7.328431374364987e-16,200.0,61.3,-185.41622271424893,-1.4,-0.9674565810459391,-10.455035595014461,0.0,0.0,-26.114480014117166,-7.927014978906453,-2.803552636601865,-5.820466612806036,-5.495776703012909,-14.9
659,3500029.23,19,34.99999416424623,35.0,291.9,0,0.0,0.7359946397357999,0.26400536026419935,6.962009805646737e-16,200.0,61.3,-185.41622271424893,-1.4,-0.9674565810459391,-10.455035595014461,0.0,0.0,-26.114480014117166,-7.927014978906453,-2.803552636601865,-5.820466612806036,-5.495776703012909,-14.9
660,3500029.23,20,34.99999416424623,35.0,291.9,0,0.0,0.7359965398111732,0.26400346018882626,6.6139093153644e-16,200.0,61.3,-185.41622271424893,-1.4,-0.9674565810459391,-10.455035595014461,0.0,0.0,-26.114480014117166,-7.927014978906453,-2.803552636601865,-5.820466612806036,-5.495776703012909,-14.9
661,3500029.23,21,34.99999416424623,35.0,291.9,0,0.0,0.7359979514913395,0.26400204850865994,6.28321384959618e-16,200.0,61.3,-185.41622271424893,-1.4,-0.9674565810459391,-10.455035595014461,0.0,0.0,-26.114480014117166,-7.927014978906453,-2.803552636601865,-5.820466612806036,-5.495776703012909,-14.9
662,3500029.23,22,34.99999416424623,35.0,291.9,0,0.0,0.7359989003818439,0.2640010996181556,5.969053157116372e-16,200.0,61.3,-185.41622271424893,-1.4,-0.9674565810459391,-10.455035595014461,0.0,0.0,-26.114480014117166,-7.927014978906453,-2.803552636601865,-5.820466612806036,-5.495776703012909,-14.9
663,3500029.23,23,34.99999416424623,35.0,291.9,0,0.0,0.735993330775292,0.26400666922470734,5.670600499260553e-16,200.0,61.3,-185.41622271424893,-1.4,-0.9674565810459391,-10.455035595014461,0.0,0.0,-26.114480014117166,-7.927014978906453,-2.803552636601865,-5.820466612806036,-5.495776703012909,-14.9
664,3500029.23,24,34.99999416424623,35.0,291.9,0,0.0,0.7359937298262638,0.2640062701737358,5.387070474297526e-16,200.0,61.3,-185.41622271424893,-1.4,-0.9674565810459391,-10.455035595014461,0.0,0.0,-26.114480014117166,-7.927014978906453,-2.803552636601865,-5.820466612806036,-5.495776703012909,-14.9
665,3500029.23,25,34.99999416424623,35.0,291.9,0,0.0,0.7359906896863988,0.2640093103136007,5.11771695058265e-16,200.0,61.3,-185.41622271424893,-1.4,-0.9674565810459391,-10.455035595014461,0.0,0.0,-26.114480014117166,-7.927014978906453,-2.803552636601865,-5.820466612806036,-5.495776703012909,-14.9
666,3500029.23,26,34.99999416424623,35.0,291.9,0,0.0,0.7359949820432609,0.26400501795673875,4.861831103053519e-16,200.0,61.3,-185.41622271424893,-1.4,-0.9674565810459391,-10.455035595014461,0.0,0.0,-26.114480014117166,-7.927014978906453,-2.803552636601865,-5.820466612806036,-5.495776703012909,-14.9
667,3500029.23,27,34.99999416424623,35.0,291.9,0,0.0,0.7359911143749968,0.2640088856250028,4.618739547900842e-16,200.0,61.3,-185.41622271424893,-1.4,-0.9674565810459391,-10.455035595014461,0.0,0.0,-26.114480014117166,-7.927014978906453,-2.803552636601865,-5.820466612806036,-5.495776703012909,-14.9
668,3500029.23,28,34.99999416424623,35.0,291.9,0,0.0,0.7359810224056429,0.2640189775943567,4.3878025705058e-16,200.0,61.3,-185.41622271424893,-1.4,-0.9674565810459391,-10.455035595014461,0.0,0.0,-26.114480014117166,-7.927014978906453,-2.803552636601865,-5.820466612806036,-5.495776703012909,-14.9
669,3500029.23,29,34.99999416424623,35.0,291.9,0,0.0,0.7359695567612874,0.2640304432387123,4.1684124419805096e-16,200.0,61.3,-185.41622271424893,-1.4,-0.9674565810459391,-10.455035595014461,0.0,0.0,-26.114480014117166,-7.927014978906453,-2.803552636601865,-5.820466612806036,-5.495776703012909,-14.9
670,3500029.23,30,34.99999416424623,35.0,291.9,0,0.0,0.7359552856681358,0.26404471433186383,3.9599918198814846e-16,200.0,61.3,-185.41622271424893,-1.4,-0.9674565810459391,-10.455035595014461,0.0,0.0,-26.114480014117166,-7.927014978906453,-2.803552636601865,-5.820466612806036,-5.495776703012909,-14.9
671,3500029.23,31,34.99999416424623,35.0,291.9,0,0.0,0.7359398624755086,0.26406013752449115,3.7619922288874106e-16,200.0,61.3,-185.41622271424893,-1.4,-0.9674565810459391,-10.455035595014461,0.0,0.0,-26.114480014117166,-7.927014978906453,-2.803552636601865,-5.820466612806036,-5.495776703012909,-14.9
672,3500029.23,32,34.99999416424623,35.0,291.9,0,0.0,0.7359188433617496,0.26408115663825005,3.57389261744304e-16,200.0,61.3,-185.41622271424893,-1.4,-0.9674565810459391,-10.455035595014461,0.0,0.0,-26.114480014117166,-7.927014978906453,-2.803552636601865,-5.820466612806036,-5.495776703012909,-14.9
673,3500029.23,33,34.99999416424623,35.0,291.9,0,0.0,0.7358895204322001,0.26411047956779954,3.395197986570888e-16,200.0,61.3,-185.41622271424893,-1.4,-0.9674565810459391,-10.455035595014461,0.0,0.0,-26.114480014117166,-7.927014978906453,-2.803552636601865,-5.820466612806036,-5.495776703012909,-14.9
674,3500029.23,34,34.99999416424623,35.0,291.9,0,0.0,0.7358583298137342,0.26414167018626544,3.2254380872423434e-16,200.0,61.3,-185.41622271424893,-1.4,-0.9674565810459391,-10.455035595014461,0.0,0.0,-26.114480014117166,-7.927014978906453,-2.803552636601865,-5.820466612806036,-5.495776703012909,-14.9
675,3500029.23,35,34.99999416424623,35.0,291.9,0,0.0,0.7358343587053323,0.26416564129466735,3.064166182880226e-16,200.0,61.3,-185.41622271424893,-1.4,-0.9674565810459391,-10.455035595014461,0.0,0.0,-26.114480014117166,-7.927014978906453,-2.803552636601865,-5.820466612806036,-5.495776703012909,-14.9
676,3500029.23,36,34.99999416424623,35.0,291.9,0,0.0,0.735811249277622,0.2641887507223778,2.9109578737362153e-16,200.0,61.3,-185.41622271424893,-1.4,-0.9674565810459391,-10.455035595014461,0.0,0.0,-26.114480014117166,-7.927014978906453,-2.803552636601865,-5.820466612806036,-5.495776703012909,-14.9
677,3500029.23,37,34.99999416424623,35.0,291.9,0,0.0,0.735785974080526,0.2642140259194737,2.765409980049404e-16,200.0,61.3,-185.41622271424893,-1.4,-0.9674565810459391,-10.455035595014461,0.0,0.0,-26.114480014117166,-7.927014978906453,-2.803552636601865,-5.820466612806036,-5.495776703012909,-14.9
678,3500029.23,38,34.99999416424623,35.0,291.9,0,0.0,0.7357661032950119,0.2642338967049879,2.6271394810469345e-16,200.0,61.3,-185.41622271424893,-1.4,-0.9674565810459391,-10.455035595014461,0.0,0.0,-26.114480014117166,-7.927014978906453,-2.803552636601865,-5.820466612806036,-5.495776703012909,-14.9
679,3500029.23,39,34.99999416424623,35.0,291.9,0,0.0,0.7357424252915482,0.2642575747084516,2.495782506994588e-16,200.0,61.3,-185.41622271424893,-1.4,-0.9674565810459391,-10.455035595014461,0.0,0.0,-26.114480014117166,-7.927014978906453,-2.803552636601865,-5.820466612806036,-5.495776703012909,-14.9
680,3500029.23,40,34.99999416424623,35.0,291.9,0,0.0,0.7357225749344981,0.26427742506550167,2.370993381644858e-16,200.0,61.3,-185.41622271424893,-1.4,-0.9674565810459391,-10.455035595014461,0.0,0.0,-26.114480014117166,-7.927014978906453,-2.803552636601865,-5.820466612806036,-5.495776703012909,-14.9
681,3500029.23,41,34.99999416424623,35.0,291.9,0,0.0,0.7357078355959212,0.26429216440407854,2.252443712562615e-16,200.0,61.3,-185.41622271424893,-1.4,-0.9674565810459391,-10.455035595014461,0.0,0.0,-26.114480014117166,-7.927014978906453,-2.803552636601865,-5.820466612806036,-5.495776703012909,-14.9
682,3500029.23,42,34.99999416424623,35.0,291.9,0,0.0,0.7356979378926304,0.2643020621073694,2.1398215269344843e-16,200.0,61.3,-185.41622271424893,-1.4,-0.9674565810459391,-10.455035595014461,0.0,0.0,-26.114480014117166,-7.927014978906453,-2.803552636601865,-5.820466612806036,-5.495776703012909,-14.9
683,3500029.23,43,34.99999416424623,35.0,291.9,0,0.0,0.7356867138731146,0.26431328612688526,2.0328304505877602e-16,200.0,61.3,-185.41622271424893,-1.4,-0.9674565810459391,-10.455035595014461,0.0,0.0,-26.114480014117166,-7.927014978906453,-2.803552636601865,-5.820466612806036,-5.495776703012909,-14.9
684,3500029.23,44,34.99999416424623,35.0,291.9,0,0.0,0.7356698043823476,0.2643301956176522,1.9311889280583723e-16,200.0,61.3,-185.41622271424893,-1.4,-0.9674565810459391,-10.455035595014461,0.0,0.0,-26.114480014117166,-7.927014978906453,-2.803552636601865,-5.820466612806036,-5.495776703012909,-14.9
685,3500029.23,45,34.99999416424623,35.0,291.9,0,0.0,0.735650459673412,0.26434954032658775,1.8346294816554537e-16,200.0,61.3,-185.41622271424893,-1.4,-0.9674565810459391,-10.455035595014461,0.0,0.0,-26.114480014117166,-7.927014978906453,-2.803552636601865,-5.820466612806036,-5.495776703012909,-14.9
686,3500029.23,46,34.99999416424623,35.0,291.9,0,0.0,0.7356229134694274,0.2643770865305724,1.7428980075726812e-16,200.0,61.3,-185.41622271424893,-1.4,-0.9674565810459391,-10.455035595014461,0.0,0.0,-26.114480014117166,-7.927014978906453,-2.803552636601865,-5.820466612806036,-5.495776703012909,-14.9
687,3500029.23,47,34.99999416424623,35.0,291.9,0,0.0,0.7355934879049421,0.26440651209505783,1.655753107194047e-16,200.0,61.3,-185.41622271424893,-1.4,-0.9674565810459391,-10.455035595014461,0.0,0.0,-26.114480014117166,-7.927014978906453,-2.803552636601865,-5.820466612806036,-5.495776703012909,-14.9
688,3500029.23,48,34.99999416424623,35.0,291.9,0,0.0,0.7355681685404293,0.2644318314595706,1.5729654518343446e-16,200.0,61.3,-185.41622271424893,-1.4,-0.9674565810459391,-10.455035595014461,0.0,0.0,-26.114480014117166,-7.927014978906453,-2.803552636601865,-5.820466612806036,-5.495776703012909,-14.9
689,3500029.23,49,34.99999416424623,35.0,291.9,0,0.0,0.735549676890466,0.2644503231095338,1.4943171792426274e-16,200.0,61.3,-185.41622271424893,-1.4,-0.9674565810459391,-10.455035595014461,0.0,0.0,-26.114480014117166,-7.927014978906453,-2.803552636601865,-5.820466612806036,-5.495776703012909,-14.9
690,3500029.23,0,34.99999416424623,35.0,291.9,0,0.0,0.7355376523113517,0.2644623476886481,1.4196013202804959e-16,200.0,61.3,-185.41622271424893,-1.4,-0.9674565810459391,-10.455035595014461,0.0,0.0,-26.114480014117166,-7.927014978906453,-2.803552636601865,-5.820466612806036,-5.495776703012909,-14.9
691,3500029.23,1,34.99999416424623,35.0,291.9,0,0.0,0.7355332137332496,0.2644667862667503,1.3486212542664714e-16,200.0,61.3,-185.41622271424893,-1.4,-0.9674565810459391,-10.455035595014461,0.0,0.0,-26.114480014117166,-7.927014978906453,-2.803552636601865,-5.820466612806036,-5.495776703012909,-14.9
692,3500029.23,2,34.99999416424623,35.0,291.9,0,0.0,0.7355359567713277,0.26446404322867223,1.2811901915531476e-16,200.0,61.3,-185.41622271424893,-1.4,-0.9674565810459391,-10.455035595014461,0.0,0.0,-26.114480014117166,-7.927014978906453,-2.803552636601865,-5.820466612806036,-5.495776703012909,-14.9
693,3500029.23,3,34.99999416424623,35.0,291.9,0,0.0,0.7355411311104484,0.26445886888955156,1.2171306819754905e-16,200.0,61.3,-185.41622271424893,-1.4,-0.9674565810459391,-10.455035595014461,0.0,0.0,-26.114480014117166,-7.927014978906453,-2.803552636601865,-5.820466612806036,-5.495776703012909,-14.9
694,3500029.23,4,34.99999416424623,35.0,291.9,0,0.0,0.7355515131807142,0.2644484868192857,1.156274147876716e-16,200.0,61.3,-185.41622271424893,-1.4,-0.9674565810459391,-10.455035595014461,0.0,0.0,-26.114480014117166,-7.927014978906453,-2.803552636601865,-5.820466612806036,-5.495776703012909,-14.9
695,3500029.23,5,34.99999416424623,35.0,291.9,0,0.0,0.7355624729974569,0.2644375270025431,1.0984604404828802e-16,200.0,61.3,-185.41622271424893,-1.4,-0.9674565810459391,-10.455035595014461,0.0,0.0,-26.114480014117166,-7.927014978906453,-2.803552636601865,-5.820466612806036,-5.495776703012909,-14.9
696,3500029.23,6,34.99999416424623,35.0,291.9,0,0.0,0.7355725299477704,0.2644274700522295,1.043537418458736e-16,200.0,61.3,-185.41622271424893,-1.4,-0.9674565810459391,-10.455035595014461,0.0,0.0,-26.114480014117166,-7.927014978906453,-2.803552636601865,-5.820466612806036,-5.495776703012909,-14.9
697,3500029.23,7,34.99999416424623,35.0,291.9,0,0.0,0.7355817301910658,0.2644182698089341,9.913605475357992e-17,200.0,61.3,-185.41622271424893,-1.4,-0.9674565810459391,-10.455035595014461,0.0,0.0,-26.114480014117166,-7.927014978906453,-2.803552636601865,-5.820466612806036,-5.495776703012909,-14.9
698,3500029.23,8,34.99999416424623,35.0,291.9,0,0.0,0.7355930060430308,0.26440699395696915,9.417925201590093e-17,200.0,61.3,-185.41622271424893,-1.4,-0.9674565810459391,-10.455035595014461,0.0,0.0,-26.114480014117166,-7.927014978906453,-2.803552636601865,-5.820466612806036,-5.495776703012909,-14.9
699,3500029.23,9,34.99999416424623,35.0,291.9,0,0.0,0.7356033621883934,0.2643966378116066,8.94702894151059e-17,200.0,61.3,-185.41622271424893,-1.4,-0.9674565810459391,-10.455035595014461,0.0,0.0,-26.114480014117166,-7.927014978906453,-2.803552636601865,-5.820466612806036,-5.495776703012909,-14.9
700,3500029.23,10,34.99999416424623,35.0,291.9,0,0.0,0.7356085248263811,0.2643914751736189,8.49967749443506e-17,200.0,61.3,-185.41622271424893,-1.4,-0.9674565810459391,-10.455035595014461,0.0,0.0,-26.114480014117166,-7.927014978906453,-2.803552636601865,-5.820466612806036,-5.495776703012909,-14.9
701,3500029.23,11,34.99999416424623,35.0,291.9,0,0.0,0.7356188340844544,0.2643811659155455,8.074693619713306e-17,200.0,61.3,-185.41622271424893,-1.4,-0.9674565810459391,-10.455035595014461,0.0,0.0,-26.114480014117166,-7.927014978906453,-2.803552636601865,-5.820466612806036,-5.495776703012909,-14.9
702,3500029.23,12,34.99999416424623,35.0,291.9,0,0.0,0.7356268371558081,0.26437316284419177,7.670958938727641e-17,200.0,61.3,-185.41622271424893,-1.4,-0.9674565810459391,-10.455035595014461,0.0,0.0,-26.114480014117166,-7.927014978906453,-2.803552636601865,-5.820466612806036,-5.495776703012909,-14.9
703,3500029.23,13,34.99999416424623,35.0,291.9,0,0.0,0.7356398222312905,0.2643601777687094,7.287410991791259e-17,200.0,61.3,-185.41622271424893,-1.4,-0.9674565810459391,-10.455035595014461,0.0,0.0,-26.114480014117166,-7.927014978906453,-2.803552636601865,-5.820466612806036,-5.495776703012909,-14.9
704,3500029.23,14,34.99999416424623,35.0,291.9,0,0.0,0.7356603822075164,0.26433961779248355,6.923040442201695e-17,200.0,61.3,-185.41622271424893,-1.4,-0.9674565810459391,-10.455035595014461,0.0,0.0,-26.114480014117166,-7.927014978906453,-2.803552636601865,-5.820466612806036,-5.495776703012909,-14.9
705,3500029.23,15,34.99999416424623,35.0,291.9,0,0.0,0.7356738310403949,0.26432616895960503,6.576888420091611e-17,200.0,61.3,-185.41622271424893,-1.4,-0.9674565810459391,-10.455035595014461,0.0,0.0,-26.114480014117166,-7.927014978906453,-2.803552636601865,-5.820466612806036,-5.495776703012909,-14.9
706,3500029.23,16,34.99999416424623,35.0,291.9,0,0.0,0.7356890995995009,0.2643109004004991,6.248043999087032e-17,200.0,61.3,-185.41622271424893,-1.4,-0.9674565810459391,-10.455035595014461,0.0,0.0,-26.114480014117166,-7.927014978906453,-2.803552636601865,-5.820466612806036,-5.495776703012909,-14.9
707,3500029.23,17,34.99999416424623,35.0,291.9,0,0.0,0.7357060891813866,0.2642939108186134,5.93564179913268e-17,200.0,61.3,-185.41622271424893,-1.4,-0.9674565810459391,-10.455035595014461,0.0,0.0,-26.114480014117166,-7.927014978906453,-2.803552636601865,-5.820466612806036,-5.495776703012909,-14.9
708,3500029.23,18,34.99999416424623,35.0,291.9,0,0.0,0.7357190182021774,0.2642809817978225,5.638859709176046e-17,200.0,61.3,-185.41622271424893,-1.4,-0.9674565810459391,-10.455035595014461,0.0,0.0,-26.114480014117166,-7.927014978906453,-2.803552636601865,-5.820466612806036,-5.495776703012909,-14.9
709,3500029.23,19,34.99999416424623,35.0,291.9,0,0.0,0.7357309389892691,0.26426906101073083,5.356916723717245e-17,200.0,61.3,-185.41622271424893,-1.4,-0.9674565810459391,-10.455035595014461,0.0,0.0,-26.114480014117166,-7.927014978906453,-2.803552636601865,-5.820466612806036,-5.495776703012909,-14.9
710,3500029.23,20,34.99999416424623,35.0,291.9,0,0.0,0.7357419029705872,0.26425809702941283,5.089070887531383e-17,200.0,61.3,-185.41622271424893,-1.4,-0.9674565810459391,-10.455035595014461,0.0,0.0,-26.114480014117166,-7.927014978906453,-2.803552636601865,-5.820466612806036,-5.495776703012909,-14.9
711,3500029.23,21,34.99999416424623,35.0,291.9,0,0.0,0.7357547914986616,0.26424520850133837,4.8346173431548135e-17,200.0,61.3,-185.41622271424893,-1.4,-0.9674565810459391,-10.455035595014461,0.0,0.0,-26.114480014117166,-7.927014978906453,-2.803552636601865,-5.820466612806036,-5.495776703012909,-14.9
712,3500029.23,22,34.99999416424623,35.0,291.9,0,0.0,0.7357723277763788,0.2642276722236212,4.5928864759970725e-17,200.0,61.3,-185.41622271424893,-1.4,-0.9674565810459391,-10.455035595014461,0.0,0.0,-26.114480014117166,-7.927014978906453,-2.803552636601865,-5.820466612806036,-5.495776703012909,-14.9
713,3500029.23,23,34.99999416424623,35.0,291.9,0,0.0,0.7357872063152174,0.2642127936847826,4.3632421521972186e-17,200.0,61.3,-185.41622271424893,-1.4,-0.9674565810459391,-10.455035595014461,0.0,0.0,-26.114480014117166,-7.927014978906453,-2.803552636601865,-5.820466612806036,-5.495776703012909,-14.9
714,3500029.23,24,34.99999416424623,35.0,291.9,0,0.0,0.7357981548235699,0.26420184517643003,4.145080044587357e-17,200.0,61.3,-185.41622271424893,-1.4,-0.9674565810459391,-10.455035595014461,0.0,0.0,-26.114480014117166,-7.927014978906453,-2.803552636601865,-5.820466612806036,-5.495776703012909,-14.9
715,3500029.23,25,34.99999416424623,35.0,291.9,0,0.0,0.735812417656205,0.2641875823437951,3.9378260423579896e-17,200.0,61.3,-185.41622271424893,-1.4,-0.9674565810459391,-10.455035595014461,0.0,0.0,-26.114480014117166,-7.927014978906453,-2.803552636601865,-5.820466612806036,-5.495776703012909,-14.9
716,3500029.23,26,34.99999416424623,35.0,291.9,0,0.0,0.7358213834532125,0.26417861654678754,3.74093474024009e-17,200.0,61.3,-185.41622271424893,-1.4,-0.9674565810459391,-10.455035595014461,0.0,0.0,-26.114480014117166,-7.927014978906453,-2.803552636601865,-5.820466612806036,-5.495776703012909,-14.9
717,3500029.23,27,34.99999416424623,35.0,291.9,0,0.0,0.7358267326193196,0.2641732673806804,3.553888003228085e-17,200.0,61.3,-185.41622271424893,-1.4,-0.9674565810459391,-10.455035595014461,0.0,0.0,-26.114480014117166,-7.927014978906453,-2.803552636601865,-5.820466612806036,-5.495776703012909,-14.9
718,3500029.23,28,34.99999416424623,35.0,291.9,0,0.0,0.7358328621687317,0.26416713783126833,3.376193603066681e-17,200.0,61.3,-185.41622271424893,-1.4,-0.9674565810459391,-10.455035595014461,0.0,0.0,-26.114480014117166,-7.927014978906453,-2.803552636601865,-5.820466612806036,-5.495776703012909,-14.9
719,3500029.23,29,34.99999416424623,35.0,291.9,0,0.0,0.7358397300340225,0.26416026996597747,3.207383922913347e-17,200.0,61.3,-185.41622271424893,-1.4,-0.9674565810459391,-10.455035595014461,0.0,0.0,-26.114480014117166,-7.927014978906453,-2.803552636601865,-5.820466612806036,-5.495776703012909,-14.9
720,3500029.23,30,34.99999416424623,35.0,291.9,0,0.0,0.7358472962644195,0.26415270373558053,3.0470147267676793e-17,200.0,61.3,-185.41622271424893,-1.4,-0.9674565810459391,-10.455035595014461,0.0,0.0,-26.114480014117166,-7.927014978906453,-2.803552636601865,-5.820466612806036,-5.495776703012909,-14.9
721,3500029.23,31,34.99999416424623,35.0,291.9,0,0.0,0.7358569189734068,0.26414308102659323,2.894663990429295e-17,200.0,61.3,-185.41622271424893,-1.4,-0.9674565810459391,-10.455035595014461,0.0,0.0,-26.114480014117166,-7.927014978906453,-2.803552636601865,-5.820466612806036,-5.495776703012909,-14.9
722,3500029.23,32,34.99999416424623,35.0,291.9,0,0.0,0.7358684879567676,0.2641315120432323,2.74993079090783e-17,200.0,61.3,-185.41622271424893,-1.4,-0.9674565810459391,-10.455035595014461,0.0,0.0,-26.114480014117166,-7.927014978906453,-2.803552636601865,-5.820466612806036,-5.495776703012909,-14.9
723,3500029.23,33,34.99999416424623,35.0,291.9,0,0.0,0.7358805070530932,0.2641194929469069,2.6124342513624386e-17,200.0,61.3,-185.41622271424893,-1.4,-0.9674565810459391,-10.455035595014461,0.0,0.0,-26.114480014117166,-7.927014978906453,-2.803552636601865,-5.820466612806036,-5.495776703012909,-14.9
724,3500029.23,34,34.99999416424623,35.0,291.9,0,0.0,0.7358957294450742,0.26410427055492586,2.4818125387943166e-17,200.0,61.3,-185.41622271424893,-1.4,-0.9674565810459391,-10.455035595014461,0.0,0.0,-26.114480014117166,-7.927014978906453,-2.803552636601865,-5.820466612806036,-5.495776703012909,-14.9
725,3500029.23,35,34.99999416424623,35.0,291.9,0,0.0,0.7359098220445539,0.26409017795544615,2.3577219118546007e-17,200.0,61.3,-185.41622271424893,-1.4,-0.9674565810459391,-10.455035595014461,0.0,0.0,-26.114480014117166,-7.927014978906453,-2.803552636601865,-5.820466612806036,-5.495776703012909,-14.9
726,3500029.23,36,34.99999416424623,35.0,291.9,0,0.0,0.7359145267317635,0.26408547326823645,2.23983581626187e-17,200.0,61.3,-185.41622271424893,-1.4,-0.9674565810459391,-10.455035595014461,0.0,0.0,-26.114480014117166,-7.927014978906453,-2.803552636601865,-5.820466612806036,-5.495776703012909,-14.9
727,3500029.23,37,34.99999416424623,35.0,291.9,0,0.0,0.7359255615561223,0.2640744384438777,2.1278440254487768e-17,200.0,61.3,-185.41622271424893,-1.4,-0.9674565810459391,-10.455035595014461,0.0,0.0,-26.114480014117166,-7.927014978906453,-2.803552636601865,-5.820466612806036,-5.495776703012909,-14.9
728,3500029.23,38,34.99999416424623,35.0,291.9,0,0.0,0.7359356808593951,0.2640643191406049,2.021451824176338e-17,200.0,61.3,-185.41622271424893,-1.4,-0.9674565810459391,-10.455035595014461,0.0,0.0,-26.114480014117166,-7.927014978906453,-2.803552636601865,-5.820466612806036,-5.495776703012909,-14.9
729,3500029.23,39,34.99999416424623,35.0,291.9,0,0.0,0.7359490704475291,0.26405092955247095,1.9203792329675212e-17,200.0,61.3,-185.41622271424893,-1.4,-0.9674565810459391,-10.455035595014461,0.0,0.0,-26.114480014117166,-7.927014978906453,-2.803552636601865,-5.820466612806036,-5.495776703012909,-14.9
730,3500029.23,40,34.99999416424623,35.0,291.9,0,0.0,0.7359586677297658,0.26404133227023413,1.824360271319145e-17,200.0,61.3,-185.41622271424893,-1.4,-0.9674565810459391,-10.455035595014461,0.0,0.0,-26.114480014117166,-7.927014978906453,-2.803552636601865,-5.820466612806036,-5.495776703012909,-14.9
731,3500029.23,41,34.99999416424623,35.0,291.9,0,0.0,0.735971549831524,0.264028450168476,1.7331422577531877e-17,200.0,61.3,-185.41622271424893,-1.4,-0.9674565810459391,-10.455035595014461,0.0,0.0,-26.114480014117166,-7.927014978906453,-2.803552636601865,-5.820466612806036,-5.495776703012909,-14.9
732,3500029.23,42,34.99999416424623,35.0,291.9,0,0.0,0.7359834206076464,0.26401657939235357,1.646485144865528e-17,200.0,61.3,-185.41622271424893,-1.4,-0.9674565810459391,-10.455035595014461,0.0,0.0,-26.114480014117166,-7.927014978906453,-2.803552636601865,-5.820466612806036,-5.495776703012909,-14.9
733,3500029.23,43,34.99999416424623,35.0,291.9,0,0.0,0.7359929597149085,0.2640070402850914,1.5641608876222518e-17,200.0,61.3,-185.41622271424893,-1.4,-0.9674565810459391,-10.455035595014461,0.0,0.0,-26.114480014117166,-7.927014978906453,-2.803552636601865,-5.820466612806036,-5.495776703012909,-14.9
734,3500029.23,44,34.99999416424623,35.0,291.9,0,0.0,0.736001658476677,0.263998341523323,1.4859528432411392e-17,200.0,61.3,-185.41622271424893,-1.4,-0.9674565810459391,-10.455035595014461,0.0,0.0,-26.114480014117166,-7.927014978906453,-2.803552636601865,-5.820466612806036,-5.495776703012909,-14.9
735,3500029.23,45,34.99999416424623,35.0,291.9,0,0.0,0.7360040851328131,0.2639959148671868,1.4116552010790822e-17,200.0,61.3,-185.41622271424893,-1.4,-0.9674565810459391,-10.455035595014461,0.0,0.0,-26.114480014117166,-7.927014978906453,-2.803552636601865,-5.820466612806036,-5.495776703012909,-14.9
736,3500029.23,46,34.99999416424623,35.0,291.9,0,0.0,0.7360046690358644,0.2639953309641356,1.341072441025128e-17,200.0,61.3,-185.41622271424893,-1.4,-0.9674565810459391,-10.455035595014461,0.0,0.0,-26.114480014117166,-7.927014978906453,-2.803552636601865,-5.820466612806036,-5.495776703012909,-14.9
737,3500029.23,47,34.99999416424623,35.0,291.9,0,0.0,0.7359980422665625,0.26400195773343754,1.2740188189738716e-17,200.0,61.3,-185.41622271424893,-1.4,-0.9674565810459391,-10.455035595014461,0.0,0.0,-26.114480014117166,-7.927014978906453,-2.803552636601865,-5.820466612806036,-5.495776703012909,-14.9
738,3500029.23,48,34.99999416424623,35.0,291.9,0,0.0,0.7359982266166227,0.26400177338337727,1.210317878025178e-17,200.0,61.3,-185.41622271424893,-1.4,-0.9674565810459391,-10.455035595014461,0.0,0.0,-26.114480014117166,-7.927014978906453,-2.803552636601865,-5.820466612806036,-5.495776703012909,-14.9
739,3500029.23,49,34.99999416424623,35.0,291.9,0,0.0,0.735999414172188,0.264000585827812,1.1498019841239191e-17,200.0,61.3,-185.41622271424893,-1.4,-0.9674565810459391,-10.455035595014461,0.0,0.0,-26.114480014117166,-7.927014978906453,-2.803552636601865,-5.820466612806036,-5.495776703012909,-14.9
740,3500029.23,0,34.99999416424623,35.0,291.9,0,0.0,0.7359947508139529,0.264005249186047,1.092311884917723e-17,200.0,61.3,-185.41622271424893,-1.4,-0.9674565810459391,-10.455035595014461,0.0,0.0,-26.114480014117166,-7.927014978906453,-2.803552636601865,-5.820466612806036,-5.495776703012909,-14.9
741,3500029.23,1,34.99999416424623,35.0,291.9,0,0.0,0.7359859011102068,0.2640140988897932,1.0376962906718368e-17,200.0,61.3,-185.41622271424893,-1.4,-0.9674565810459391,-10.455035595014461,0.0,0.0,-26.114480014117166,-7.927014978906453,-2.803552636601865,-5.820466612806036,-5.495776703012909,-14.9
742,3500029.23,2,34.99999416424623,35.0,291.9,0,0.0,0.7359798729228499,0.26402012707715006,9.85811476138245e-18,200.0,61.3,-185.41622271424893,-1.4,-0.9674565810459391,-10.455035595014461,0.0,0.0,-26.114480014117166,-7.927014978906453,-2.803552636601865,-5.820466612806036,-5.495776703012909,-14.9
743,3500029.23,3,34.99999416424623,35.0,291.9,0,0.0,0.7359738076508032,0.2640261923491968,9.365209023313327e-18,200.0,61.3,-185.41622271424893,-1.4,-0.9674565810459391,-10.455035595014461,0.0,0.0,-26.114480014117166,-7.927014978906453,-2.803552636601865,-5.820466612806036,-5.495776703012909,-14.9
744,3500029.23,4,34.99999416424623,35.0,291.9,0,0.0,0.7359622920660741,0.26403770793392595,8.896948572147662e-18,200.0,61.3,-185.41622271424893,-1.4,-0.9674565810459391,-10.455035595014461,0.0,0.0,-26.114480014117166,-7.927014978906453,-2.803552636601865,-5.820466612806036,-5.495776703012909,-14.9
745,3500029.23,5,34.99999416424623,35.0,291.9,0,0.0,0.7359618375611836,0.26403816243881645,8.452101143540278e-18,200.0,61.3,-185.41622271424893,-1.4,-0.9674565810459391,-10.455035595014461,0.0,0.0,-26.114480014117166,-7.927014978906453,-2.803552636601865,-5.820466612806036,-5.495776703012909,-14.9
746,3500029.23,6,34.99999416424623,35.0,291.9,0,0.0,0.7359583637863982,0.2640416362136018,8.029496086363263e-18,200.0,61.3,-185.41622271424893,-1.4,-0.9674565810459391,-10.455035595014461,0.0,0.0,-26.114480014117166,-7.927014978906453,-2.803552636601865,-5.820466612806036,-5.495776703012909,-14.9
747,3500029.23,7,34.99999416424623,35.0,291.9,0,0.0,0.7359533772304023,0.26404662276959767,7.628021282045099e-18,200.0,61.3,-185.41622271424893,-1.4,-0.9674565810459391,-10.455035595014461,0.0,0.0,-26.114480014117166,-7.927014978906453,-2.803552636601865,-5.820466612806036,-5.495776703012909,-14.9
748,3500029.23,8,34.99999416424623,35.0,291.9,0,0.0,0.7359442644313918,0.2640557355686081,7.246620217942843e-18,200.0,61.3,-185.41622271424893,-1.4,-0.9674565810459391,-10.455035595014461,0.0,0.0,-26.114480014117166,-7.927014978906453,-2.803552636601865,-5.820466612806036,-5.495776703012909,-14.9
749,3500029.23,9,34.99999416424623,35.0,291.9,0,0.0,0.7359393121981149,0.264060687801885,6.884289207045701e-18,200.0,61.3,-185.41622271424893,-1.4,-0.9674565810459391,-10.455035595014461,0.0,0.0,-26.114480014117166,-7.927014978906453,-2.803552636601865,-5.820466612806036,-5.495776703012909,-14.9
750,3500029.23,10,34.99999416424623,35.0,291.9,0,0.0,0.7359356163050116,0.26406438369498836,6.5400747466934155e-18,200.0,61.3,-185.41622271424893,-1.4,-0.9674565810459391,-10.455035595014461,0.0,0.0,-26.114480014117166,-7.927014978906453,-2.803552636601865,-5.820466612806036,-5.495776703012909,-14.9
751,3500029.23,11,34.99999416424623,35.0,291.9,0,0.0,0.7359250638387279,0.26407493616127214,6.213071009358745e-18,200.0,61.3,-185.41622271424893,-1.4,-0.9674565810459391,-10.455035595014461,0.0,0.0,-26.114480014117166,-7.927014978906453,-2.803552636601865,-5.820466612806036,-5.495776703012909,-14.9
752,3500029.23,12,34.99999416424623,35.0,291.9,0,0.0,0.7359133737429432,0.26408662625705676,5.9024174588908075e-18,200.0,61.3,-185.41622271424893,-1.4,-0.9674565810459391,-10.455035595014461,0.0,0.0,-26.114480014117166,-7.927014978906453,-2.803552636601865,-5.820466612806036,-5.495776703012909,-14.9
753,3500029.23,13,34.99999416424623,35.0,291.9,0,0.0,0.7359059599979562,0.26409404000204384,5.607296585946267e-18,200.0,61.3,-185.41622271424893,-1.4,-0.9674565810459391,-10.455035595014461,0.0,0.0,-26.114480014117166,-7.927014978906453,-2.803552636601865,-5.820466612806036,-5.495776703012909,-14.9
754,3500029.23,14,34.99999416424623,35.0,291.9,0,0.0,0.7359052684692786,0.2640947315307213,5.3269317566489535e-18,200.0,61.3,-185.41622271424893,-1.4,-0.9674565810459391,-10.455035595014461,0.0,0.0,-26.114480014117166,-7.927014978906453,-2.803552636601865,-5.820466612806036,-5.495776703012909,-14.9
755,3500029.23,15,34.99999416424623,35.0,291.9,0,0.0,0.7358976069230371,0.26410239307696287,5.060585168816506e-18,200.0,61.3,-185.41622271424893,-1.4,-0.9674565810459391,-10.455035595014461,0.0,0.0,-26.114480014117166,-7.927014978906453,-2.803552636601865,-5.820466612806036,-5.495776703012909,-14.9
756,3500029.23,16,34.99999416424623,35.0,291.9,0,0.0,0.7358873375725956,0.2641126624274044,4.80755591037568e-18,200.0,61.3,-185.41622271424893,-1.4,-0.9674565810459391,-10.455035595014461,0.0,0.0,-26.114480014117166,-7.927014978906453,-2.803552636601865,-5.820466612806036,-5.495776703012909,-14.9
757,3500029.23,17,34.99999416424623,35.0,291.9,0,0.0,0.7358799229470665,0.2641200770529335,4.567178114856896e-18,200.0,61.3,-185.41622271424893,-1.4,-0.9674565810459391,-10.455035595014461,0.0,0.0,-26.114480014117166,-7.927014978906453,-2.803552636601865,-5.820466612806036,-5.495776703012909,-14.9
758,3500029.23,18,34.99999416424623,35.0,291.9,0,0.0,0.7358685671999231,0.26413143280007695,4.338819209114052e-18,200.0,61.3,-185.41622271424893,-1.4,-0.9674565810459391,-10.455035595014461,0.0,0.0,-26.114480014117166,-7.927014978906453,-2.803552636601865,-5.820466612806036,-5.495776703012909,-14.9
759,3500029.23,19,34.99999416424623,35.0,291.9,0,0.0,0.7358654264906562,0.2641345735093438,4.121878248658349e-18,200.0,61.3,-185.41622271424893,-1.4,-0.9674565810459391,-10.455035595014461,0.0,0.0,-26.114480014117166,-7.927014978906453,-2.803552636601865,-5.820466612806036,-5.495776703012909,-14.9
760,3500029.23,20,34.99999416424623,35.0,291.9,0,0.0,0.7358541613958312,0.2641458386041689,3.915784336225431e-18,200.0,61.3,-185.41622271424893,-1.4,-0.9674565810459391,-10.455035595014461,0.0,0.0,-26.114480014117166,-7.927014978906453,-2.803552636601865,-5.820466612806036,-5.495776703012909,-14.9
761,3500029.23,21,34.99999416424623,35.0,291.9,0,0.0,0.735848440481475,0.26415155951852504,3.7199951194141604e-18,200.0,61.3,-185.41622271424893,-1.4,-0.9674565810459391,-10.455035595014461,0.0,0.0,-26.114480014117166,-7.927014978906453,-2.803552636601865,-5.820466612806036,-5.495776703012909,-14.9
762,3500029.23,22,34.99999416424623,35.0,291.9,0,0.0,0.7358373938366498,0.26416260616335024,3.533995363443452e-18,200.0,61.3,-185.41622271424893,-1.4,-0.9674565810459391,-10.455035595014461,0.0,0.0,-26.114480014117166,-7.927014978906453,-2.803552636601865,-5.820466612806036,-5.495776703012909,-14.9
763,3500029.23,23,34.99999416424623,35.0,291.9,0,0.0,0.7358199776798362,0.26418002232016374,3.3572955952712794e-18,200.0,61.3,-185.41622271424893,-1.4,-0.9674565810459391,-10.455035595014461,0.0,0.0,-26.114480014117166,-7.927014978906453,-2.803552636601865,-5.820466612806036,-5.495776703012909,-14.9
764,3500029.23,24,34.99999416424623,35.0,291.9,0,0.0,0.7358018071593708,0.2641981928406291,3.1894308155077154e-18,200.0,61.3,-185.41622271424893,-1.4,-0.9674565810459391,-10.455035595014461,0.0,0.0,-26.114480014117166,-7.927014978906453,-2.803552636601865,-5.820466612806036,-5.495776703012909,-14.9
765,3500029.23,25,34.99999416424623,35.0,291.9,0,0.0,0.7357855614518326,0.26421443854816745,3.02995927473233e-18,200.0,61.3,-185.41622271424893,-1.4,-0.9674565810459391,-10.455035595014461,0.0,0.0,-26.114480014117166,-7.927014978906453,-2.803552636601865,-5.820466612806036,-5.495776703012909,-14.9
766,3500029.23,26,34.99999416424623,35.0,291.9,0,0.0,0.7357632384429046,0.26423676155709547,2.8784613109957138e-18,200.0,61.3,-185.41622271424893,-1.4,-0.9674565810459391,-10.455035595014461,0.0,0.0,-26.114480014117166,-7.927014978906453,-2.803552636601865,-5.820466612806036,-5.495776703012909,-14.9
767,3500029.23,27,34.99999416424623,35.0,291.9,0,0.0,0.7357470002174422,0.2642529997825578,2.734538245445928e-18,200.0,61.3,-185.41622271424893,-1.4,-0.9674565810459391,-10.455035595014461,0.0,0.0,-26.114480014117166,-7.927014978906453,-2.803552636601865,-5.820466612806036,-5.495776703012909,-14.9
768,3500029.23,28,34.99999416424623,35.0,291.9,0,0.0,0.735722074402108,0.26427792559789204,2.597811333173632e-18,200.0,61.3,-185.41622271424893,-1.4,-0.9674565810459391,-10.455035595014461,0.0,0.0,-26.114480014117166,-7.927014978906453,-2.803552636601865,-5.820466612806036,-5.495776703012909,-14.9
769,3500029.23,29,34.99999416424623,35.0,291.9,0,0.0,0.7357007333674616,0.2642992666325384,2.46792076651495e-18,200.0,61.3,-185.41622271424893,-1.4,-0.9674565810459391,-10.455035595014461,0.0,0.0,-26.114480014117166,-7.927014978906453,-2.803552636601865,-5.820466612806036,-5.495776703012909,-14.9
770,3500029.23,30,34.99999416424623,35.0,291.9,0,0.0,0.7356854124143255,0.26431458758567444,2.3445247281892024e-18,200.0,61.3,-185.41622271424893,-1.4,-0.9674565810459391,-10.455035595014461,0.0,0.0,-26.114480014117166,-7.927014978906453,-2.803552636601865,-5.820466612806036,-5.495776703012909,-14.9
771,3500029.23,31,34.99999416424623,35.0,291.9,0,0.0,0.7356653251813214,0.2643346748186785,2.227298491779742e-18,200.0,61.3,-185.41622271424893,-1.4,-0.9674565810459391,-10.455035595014461,0.0,0.0,-26.114480014117166,-7.927014978906453,-2.803552636601865,-5.820466612806036,-5.495776703012909,-14.9
772,3500029.23,32,34.99999416424623,35.0,291.9,0,0.0,0.7356564104331391,0.2643435895668609,2.1159335671907552e-18,200.0,61.3,-185.41622271424893,-1.4,-0.9674565810459391,-10.455035595014461,0.0,0.0,-26.114480014117166,-7.927014978906453,-2.803552636601865,-5.820466612806036,-5.495776703012909,-14.9
773,3500029.23,33,34.99999416424623,35.0,291.9,0,0.0,0.7356437252926777,0.2643562747073223,2.0101368888312174e-18,200.0,61.3,-185.41622271424893,-1.4,-0.9674565810459391,-10.455035595014461,0.0,0.0,-26.114480014117166,-7.927014978906453,-2.803552636601865,-5.820466612806036,-5.495776703012909,-14.9
774,3500029.23,34,34.99999416424623,35.0,291.9,0,0.0,0.735630075380294,0.26436992461970604,1.9096300443896563e-18,200.0,61.3,-185.41622271424893,-1.4,-0.9674565810459391,-10.455035595014461,0.0,0.0,-26.114480014117166,-7.927014978906453,-2.803552636601865,-5.820466612806036,-5.495776703012909,-14.9
775,3500029.23,35,34.99999416424623,35.0,291.9,0,0.0,0.7356220220602956,0.26437797793970447,1.8141485421701733e-18,200.0,61.3,-185.41622271424893,-1.4,-0.9674565810459391,-10.455035595014461,0.0,0.0,-26.114480014117166,-7.927014978906453,-2.803552636601865,-5.820466612806036,-5.495776703012909,-14.9
776,3500029.23,36,34.99999416424623,35.0,291.9,0,0.0,0.7356114727143169,0.26438852728568313,1.7234411150616645e-18,200.0,61.3,-185.41622271424893,-1.4,-0.9674565810459391,-10.455035595014461,0.0,0.0,-26.114480014117166,-7.927014978906453,-2.803552636601865,-5.820466612806036,-5.495776703012909,-14.9
777,3500029.23,37,34.99999416424623,35.0,291.9,0,0.0,0.7355985588597982,0.26440144114020175,1.6372690593085813e-18,200.0,61.3,-185.41622271424893,-1.4,-0.9674565810459391,-10.455035595014461,0.0,0.0,-26.114480014117166,-7.927014978906453,-2.803552636601865,-5.820466612806036,-5.495776703012909,-14.9
778,3500029.23,38,34.99999416424623,35.0,291.9,0,0.0,0.7355898906728511,0.2644101093271489,1.5554056063431522e-18,200.0,61.3,-185.41622271424893,-1.4,-0.9674565810459391,-10.455035595014461,0.0,0.0,-26.114480014117166,-7.927014978906453,-2.803552636601865,-5.820466612806036,-5.495776703012909,-14.9
779,3500029.23,39,34.99999416424623,35.0,291.9,0,0.0,0.7355839507009001,0.2644160492990999,1.4776353260259945e-18,200.0,61.3,-185.41622271424893,-1.4,-0.9674565810459391,-10.455035595014461,0.0,0.0,-26.114480014117166,-7.927014978906453,-2.803552636601865,-5.820466612806036,-5.495776703012909,-14.9
780,3500029.23,40,34.99999416424623,35.0,291.9,0,0.0,0.7355780103321047,0.2644219896678954,1.4037535597246947e-18,200.0,61.3,-185.41622271424893,-1.4,-0.9674565810459391,-10.455035595014461,0.0,0.0,-26.114480014117166,-7.927014978906453,-2.803552636601865,-5.820466612806036,-5.495776703012909,-14.9
781,3500029.23,41,34.99999416424623,35.0,291.9,0,0.0,0.735568195395715,0.26443180460428495,1.33356588173846e-18,200.0,61.3,-185.41622271424893,-1.4,-0.9674565810459391,-10.455035595014461,0.0,0.0,-26.114480014117166,-7.927014978906453,-2.803552636601865,-5.820466612806036,-5.495776703012909,-14.9
782,3500029.23,42,34.99999416424623,35.0,291.9,0,0.0,0.7355624502774166,0.26443754972258343,1.2668875876515369e-18,200.0,61.3,-185.41622271424893,-1.4,-0.9674565810459391,-10.455035595014461,0.0,0.0,-26.114480014117166,-7.927014978906453,-2.803552636601865,-5.820466612806036,-5.495776703012909,-14.9
783,3500029.23,43,34.99999416424623,35.0,291.9,0,0.0,0.7355605610301321,0.2644394389698678,1.20354320826896e-18,200.0,61.3,-185.41622271424893,-1.4,-0.9674565810459391,-10.455035595014461,0.0,0.0,-26.114480014117166,-7.927014978906453,-2.803552636601865,-5.820466612806036,-5.495776703012909,-14.9
784,3500029.23,44,34.99999416424623,35.0,291.9,0,0.0,0.7355520347430399,0.2644479652569602,1.1433660478555121e-18,200.0,61.3,-185.41622271424893,-1.4,-0.9674565810459391,-10.455035595014461,0.0,0.0,-26.114480014117166,-7.927014978906453,-2.803552636601865,-5.820466612806036,-5.495776703012909,-14.9
785,3500029.23,45,34.99999416424623,35.0,291.9,0,0.0,0.73554107358485,0.26445892641515006,1.0861977454627367e-18,200.0,61.3,-185.41622271424893,-1.4,-0.9674565810459391,-10.455035595014461,0.0,0.0,-26.114480014117166,-7.927014978906453,-2.803552636601865,-5.820466612806036,-5.495776703012909,-14.9
786,3500029.23,46,34.99999416424623,35.0,291.9,0,0.0,0.7355239523497861,0.2644760476502139,1.0318878581895998e-18,200.0,61.3,-185.41622271424893,-1.4,-0.9674565810459391,-10.455035595014461,0.0,0.0,-26.114480014117166,-7.927014978906453,-2.803552636601865,-5.820466612806036,-5.495776703012909,-14.9
787,3500029.23,47,34.99999416424623,35.0,291.9,0,0.0,0.7355112581995193,0.2644887418004806,9.802934652801198e-19,200.0,61.3,-185.41622271424893,-1.4,-0.9674565810459391,-10.455035595014461,0.0,0.0,-26.114480014117166,-7.927014978906453,-2.803552636601865,-5.820466612806036,-5.495776703012909,-14.9
788,3500029.23,48,34.99999416424623,35.0,291.9,0,0.0,0.7354963545865714,0.26450364541342863,9.312787920161136e-19,200.0,61.3,-185.41622271424893,-1.4,-0.9674565810459391,-10.455035595014461,0.0,0.0,-26.114480014117166,-7.927014978906453,-2.803552636601865,-5.820466612806036,-5.495776703012909,-14.9
789,3500029.23,49,34.99999416424623,35.0,291.9,0,0.0,0.7354755175377515,0.2645244824622485,8.84714852415308e-19,200.0,61.3,-185.41622271424893,-1.4,-0.9674565810459391,-10.455035595014461,0.0,0.0,-26.114480014117166,-7.927014978906453,-2.803552636601865,-5.820466612806036,-5.495776703012909,-14.9
790,3500029.23,0,34.99999416424623,35.0,291.9,0,0.0,0.7354490564779237,0.26455094352207636,8.404791097945425e-19,200.0,61.3,-185.41622271424893,-1.4,-0.9674565810459391,-10.455035595014461,0.0,0.0,-26.114480014117166,-7.927014978906453,-2.803552636601865,-5.820466612806036,-5.495776703012909,-14.9
791,3500029.23,1,34.99999416424623,35.0,291.9,0,0.0,0.7354287693026702,0.26457123069732974,7.984551543048151e-19,200.0,61.3,-185.41622271424893,-1.4,-0.9674565810459391,-10.455035595014461,0.0,0.0,-26.114480014117166,-7.927014978906453,-2.803552636601865,-5.820466612806036,-5.495776703012909,-14.9
792,3500029.23,2,34.99999416424623,35.0,291.9,0,0.0,0.7354054018415986,0.2645945981584014,7.585323965895744e-19,200.0,61.3,-185.41622271424893,-1.4,-0.9674565810459391,-10.455035595014461,0.0,0.0,-26.114480014117166,-7.927014978906453,-2.803552636601865,-5.820466612806036,-5.495776703012909,-14.9
793,3500029.23,3,34.99999416424623,35.0,291.9,0,0.0,0.7353842167230984,0.26461578327690155,7.206057767600957e-19,200.0,61.3,-185.41622271424893,-1.4,-0.9674565810459391,-10.455035595014461,0.0,0.0,-26.114480014117166,-7.927014978906453,-2.803552636601865,-5.820466612806036,-5.495776703012909,-14.9
794,3500029.23,4,34.99999416424623,35.0,291.9,0,0.0,0.7353701924847299,0.26462980751527004,6.845754879220908e-19,200.0,61.3,-185.41622271424893,-1.4,-0.9674565810459391,-10.455035595014461,0.0,0.0,-26.114480014117166,-7.927014978906453,-2.803552636601865,-5.820466612806036,-5.495776703012909,-14.9
795,3500029.23,5,34.99999416424623,35.0,291.9,0,0.0,0.7353616820302562,0.2646383179697438,6.503467135259863e-19,200.0,61.3,-185.41622271424893,-1.4,-0.9674565810459391,-10.455035595014461,0.0,0.0,-26.114480014117166,-7.927014978906453,-2.803552636601865,-5.820466612806036,-5.495776703012909,-14.9
796,3500029.23,6,34.99999416424623,35.0,291.9,0,0.0,0.7353520539699337,0.26464794603006625,6.17829377849687e-19,200.0,61.3,-185.41622271424893,-1.4,-0.9674565810459391,-10.455035595014461,0.0,0.0,-26.114480014117166,-7.927014978906453,-2.803552636601865,-5.820466612806036,-5.495776703012909,-14.9
797,3500029.23,7,34.99999416424623,35.0,291.9,0,0.0,0.7353464355267699,0.2646535644732301,5.8693790895720275e-19,200.0,61.3,-185.41622271424893,-1.4,-0.9674565810459391,-10.455035595014461,0.0,0.0,-26.114480014117166,-7.927014978906453,-2.803552636601865,-5.820466612806036,-5.495776703012909,-14.9
798,3500029.23,8,34.99999416424623,35.0,291.9,0,0.0,0.7353370258666129,0.2646629741333872,5.575910135093427e-19,200.0,61.3,-185.41622271424893,-1.4,-0.9674565810459391,-10.455035595014461,0.0,0.0,-26.114480014117166,-7.927014978906453,-2.803552636601865,-5.820466612806036,-5.495776703012909,-14.9
799,3500029.23,9,34.99999416424623,35.0,291.9,0,0.0,0.7353240232314264,0.2646759767685735,5.297114628338755e-19,200.0,61.3,-185.41622271424893,-1.4,-0.9674565810459391,-10.455035595014461,0.0,0.0,-26.114480014117166,-7.927014978906453,-2.803552636601865,-5.820466612806036,-5.495776703012909,-14.9
800,3500029.23,10,34.99999416424623,35.0,291.9,0,0.0,0.7353076159233463,0.2646923840766538,5.032258896921818e-19,200.0,61.3,-185.41622271424893,-1.4,-0.9674565810459391,-10.455035595014461,0.0,0.0,-26.114480014117166,-7.927014978906453,-2.803552636601865,-5.820466612806036,-5.495776703012909,-14.9
801,3500029.23,11,34.99999416424623,35.0,291.9,0,0.0,0.7352892449327575,0.26471075506724245,4.780645952075727e-19,200.0,61.3,-185.41622271424893,-1.4,-0.9674565810459391,-10.455035595014461,0.0,0.0,-26.114480014117166,-7.927014978906453,-2.803552636601865,-5.820466612806036,-5.495776703012909,-14.9
802,3500029.23,12,34.99999416424623,35.0,291.9,0,0.0,0.7352727964238334,0.2647272035761666,4.54161365447194e-19,200.0,61.3,-185.41622271424893,-1.4,-0.9674565810459391,-10.455035595014461,0.0,0.0,-26.114480014117166,-7.927014978906453,-2.803552636601865,-5.820466612806036,-5.495776703012909,-14.9
803,3500029.23,13,34.99999416424623,35.0,291.9,0,0.0,0.7352531358682352,0.2647468641317649,4.314532971748343e-19,200.0,61.3,-185.41622271424893,-1.4,-0.9674565810459391,-10.455035595014461,0.0,0.0,-26.114480014117166,-7.927014978906453,-2.803552636601865,-5.820466612806036,-5.495776703012909,-14.9
804,3500029.23,14,34.99999416424623,35.0,291.9,0,0.0,0.73523923581471,0.2647607641852901,4.0988063231609263e-19,200.0,61.3,-185.41622271424893,-1.4,-0.9674565810459391,-10.455035595014461,0.0,0.0,-26.114480014117166,-7.927014978906453,-2.803552636601865,-5.820466612806036,-5.495776703012909,-14.9
805,3500029.23,15,34.99999416424623,35.0,291.9,0,0.0,0.7352270285662748,0.26477297143372525,3.8938660070028796e-19,200.0,61.3,-185.41622271424893,-1.4,-0.9674565810459391,-10.455035595014461,0.0,0.0,-26.114480014117166,-7.927014978906453,-2.803552636601865,-5.820466612806036,-5.495776703012909,-14.9
806,3500029.23,16,34.99999416424623,35.0,291.9,0,0.0,0.7352151731085934,0.26478482689140664,3.6991727066527357e-19,200.0,61.3,-185.41622271424893,-1.4,-0.9674565810459391,-10.455035595014461,0.0,0.0,-26.114480014117166,-7.927014978906453,-2.803552636601865,-5.820466612806036,-5.495776703012909,-14.9
807,3500029.23,17,34.99999416424623,35.0,291.9,0,0.0,0.7352024000942851,0.264797599905715,3.5142140713200987e-19,200.0,61.3,-185.41622271424893,-1.4,-0.9674565810459391,-10.455035595014461,0.0,0.0,-26.114480014117166,-7.927014978906453,-2.803552636601865,-5.820466612806036,-5.495776703012909,-14.9
808,3500029.23,18,34.99999416424623,35.0,291.9,0,0.0,0.7352025118201256,0.2647974881798744,3.3385033677540936e-19,200.0,61.3,-185.41622271424893,-1.4,-0.9674565810459391,-10.455035595014461,0.0,0.0,-26.114480014117166,-7.927014978906453,-2.803552636601865,-5.820466612806036,-5.495776703012909,-14.9
809,3500029.23,19,34.99999416424623,35.0,291.9,0,0.0,0.7351998514515157,0.2648001485484843,3.1715781993663886e-19,200.0,61.3,-185.41622271424893,-1.4,-0.9674565810459391,-10.455035595014461,0.0,0.0,-26.114480014117166,-7.927014978906453,-2.803552636601865,-5.820466612806036,-5.495776703012909,-14.9
810,3500029.23,20,34.99999416424623,35.0,291.9,0,0.0,0.7351970574131987,0.26480294258680126,3.012999289398069e-19,200.0,61.3,-185.41622271424893,-1.4,-0.9674565810459391,-10.455035595014461,0.0,0.0,-26.114480014117166,-7.927014978906453,-2.803552636601865,-5.820466612806036,-5.495776703012909,-14.9
811,3500029.23,21,34.99999416424623,35.0,291.9,0,0.0,0.7352053374716664,0.26479466252833356,2.8623493249281653e-19,200.0,61.3,-185.41622271424893,-1.4,-0.9674565810459391,-10.455035595014461,0.0,0.0,-26.114480014117166,-7.927014978906453,-2.803552636601865,-5.820466612806036,-5.495776703012909,-14.9
812,3500029.23,22,34.99999416424623,35.0,291.9,0,0.0,0.735214166766786,0.2647858332332141,2.7192318586817575e-19,200.0,61.3,-185.41622271424893,-1.4,-0.9674565810459391,-10.455035595014461,0.0,0.0,-26.114480014117166,-7.927014978906453,-2.803552636601865,-5.820466612806036,-5.495776703012909,-14.9
813,3500029.23,23,34.99999416424623,35.0,291.9,0,0.0,0.7352259960624888,0.2647740039375111,2.5832702657476698e-19,200.0,61.3,-185.41622271424893,-1.4,-0.9674565810459391,-10.455035595014461,0.0,0.0,-26.114480014117166,-7.927014978906453,-2.803552636601865,-5.820466612806036,-5.495776703012909,-14.9
814,3500029.23,24,34.99999416424623,35.0,291.9,0,0.0,0.7352406656905575,0.2647593343094425,2.4541067524602863e-19,200.0,61.3,-185.41622271424893,-1.4,-0.9674565810459391,-10.455035595014461,0.0,0.0,-26.114480014117166,-7.927014978906453,-2.803552636601865,-5.820466612806036,-5.495776703012909,-14.9
815,3500029.23,25,34.99999416424623,35.0,291.9,0,0.0,0.7352604963386115,0.26473950366138854,2.331401414837272e-19,200.0,61.3,-185.41622271424893,-1.4,-0.9674565810459391,-10.455035595014461,0.0,0.0,-26.114480014117166,-7.927014978906453,-2.803552636601865,-5.820466612806036,-5.495776703012909,-14.9
816,3500029.23,26,34.99999416424623,35.0,291.9,0,0.0,0.7352839781755542,0.2647160218244457,2.214831344095408e-19,200.0,61.3,-185.41622271424893,-1.4,-0.9674565810459391,-10.455035595014461,0.0,0.0,-26.114480014117166,-7.927014978906453,-2.803552636601865,-5.820466612806036,-5.495776703012909,-14.9
817,3500029.23,27,34.99999416424623,35.0,291.9,0,0.0,0.73530845108853,0.26469154891146995,2.1040897768906376e-19,200.0,61.3,-185.41622271424893,-1.4,-0.9674565810459391,-10.455035595014461,0.0,0.0,-26.114480014117166,-7.927014978906453,-2.803552636601865,-5.820466612806036,-5.495776703012909,-14.9
818,3500029.23,28,34.99999416424623,35.0,291.9,0,0.0,0.7353326292822929,0.26466737071770713,1.9988852880461055e-19,200.0,61.3,-185.41622271424893,-1.4,-0.9674565810459391,-10.455035595014461,0.0,0.0,-26.114480014117166,-7.927014978906453,-2.803552636601865,-5.820466612806036,-5.495776703012909,-14.9
819,3500029.23,29,34.99999416424623,35.0,291.9,0,0.0,0.735361439549278,0.264638560450722,1.8989410236438002e-19,200.0,61.3,-185.41622271424893,-1.4,-0.9674565810459391,-10.455035595014461,0.0,0.0,-26.114480014117166,-7.927014978906453,-2.803552636601865,-5.820466612806036,-5.495776703012909,-14.9
820,3500029.23,30,34.99999416424623,35.0,291.9,0,0.0,0.73539095363828,0.26460904636172,1.80399397246161e-19,200.0,61.3,-185.41622271424893,-1.4,-0.9674565810459391,-10.455035595014461,0.0,0.0,-26.114480014117166,-7.927014978906453,-2.803552636601865,-5.820466612806036,-5.495776703012909,-14.9
821,3500029.23,31,34.99999416424623,35.0,291.9,0,0.0,0.7354211306473051,0.26457886935269487,1.7137942738385294e-19,200.0,61.3,-185.41622271424893,-1.4,-0.9674565810459391,-10.455035595014461,0.0,0.0,-26.114480014117166,-7.927014978906453,-2.803552636601865,-5.820466612806036,-5.495776703012909,-14.9
822,3500029.23,32,34.99999416424623,35.0,291.9,0,0.0,0.7354507086362648,0.2645492913637352,1.628104560146603e-19,200.0,61.3,-185.41622271424893,-1.4,-0.9674565810459391,-10.455035595014461,0.0,0.0,-26.114480014117166,-7.927014978906453,-2.803552636601865,-5.820466612806036,-5.495776703012909,-14.9
823,3500029.23,33,34.99999416424623,35.0,291.9,0,0.0,0.735482158102673,0.26451784189732697,1.5466993321392726e-19,200.0,61.3,-185.41622271424893,-1.4,-0.9674565810459391,-10.455035595014461,0.0,0.0,-26.114480014117166,-7.927014978906453,-2.803552636601865,-5.820466612806036,-5.495776703012909,-14.9
824,3500029.23,34,34.99999416424623,35.0,291.9,0,0.0,0.7355092774179204,0.2644907225820796,1.4693643655323089e-19,200.0,61.3,-185.41622271424893,-1.4,-0.9674565810459391,-10.455035595014461,0.0,0.0,-26.114480014117166,-7.927014978906453,-2.803552636601865,-5.820466612806036,-5.495776703012909,-14.9
825,3500029.23,35,34.99999416424623,35.0,291.9,0,0.0,0.7355359452942382,0.2644640547057618,1.3958961472556935e-19,200.0,61.3,-185.41622271424893,-1.4,-0.9674565810459391,-10.455035595014461,0.0,0.0,-26.114480014117166,-7.927014978906453,-2.803552636601865,-5.820466612806036,-5.495776703012909,-14.9
826,3500029.23,36,34.99999416424623,35.0,291.9,0,0.0,0.7355633988678887,0.26443660113211126,1.3261013398929086e-19,200.0,61.3,-185.41622271424893,-1.4,-0.9674565810459391,-10.455035595014461,0.0,0.0,-26.114480014117166,-7.927014978906453,-2.803552636601865,-5.820466612806036,-5.495776703012909,-14.9
827,3500029.23,37,34.99999416424623,35.0,291.9,0,0.0,0.7355952377512238,0.26440476224877624,1.2597962728982634e-19,200.0,61.3,-185.41622271424893,-1.4,-0.9674565810459391,-10.455035595014461,0.0,0.0,-26.114480014117166,-7.927014978906453,-2.803552636601865,-5.820466612806036,-5.495776703012909,-14.9
828,3500029.23,38,34.99999416424623,35.0,291.9,0,0.0,0.7356263744588103,0.26437362554118976,1.1968064592533504e-19,200.0,61.3,-185.41622271424893,-1.4,-0.9674565810459391,-10.455035595014461,0.0,0.0,-26.114480014117166,-7.927014978906453,-2.803552636601865,-5.820466612806036,-5.495776703012909,-14.9
829,3500029.23,39,34.99999416424623,35.0,291.9,0,0.0,0.7356592644836103,0.2643407355163897,1.1369661362906827e-19,200.0,61.3,-185.41622271424893,-1.4,-0.9674565810459391,-10.455035595014461,0.0,0.0,-26.114480014117166,-7.927014978906453,-2.803552636601865,-5.820466612806036,-5.495776703012909,-14.9
830,3500029.23,40,34.99999416424623,35.0,291.9,0,0.0,0.7356889726777726,0.2643110273222274,1.0801178294761485e-19,200.0,61.3,-185.41622271424893,-1.4,-0.9674565810459391,-10.455035595014461,0.0,0.0,-26.114480014117166,-7.927014978906453,-2.803552636601865,-5.820466612806036,-5.495776703012909,-14.9
831,3500029.23,41,34.99999416424623,35.0,291.9,0,0.0,0.7357204948666629,0.2642795051333371,1.0261119380023411e-19,200.0,61.3,-185.41622271424893,-1.4,-0.9674565810459391,-10.455035595014461,0.0,0.0,-26.114480014117166,-7.927014978906453,-2.803552636601865,-5.820466612806036,-5.495776703012909,-14.9
832,3500029.23,42,34.99999416424623,35.0,291.9,0,0.0,0.7357501121395982,0.2642498878604019,9.748063411022239e-20,200.0,61.3,-185.41622271424893,-1.4,-0.9674565810459391,-10.455035595014461,0.0,0.0,-26.114480014117166,-7.927014978906453,-2.803552636601865,-5.820466612806036,-5.495776703012909,-14.9
833,3500029.23,43,34.99999416424623,35.0,291.9,0,0.0,0.7357791256348938,0.2642208743651062,9.260660240471127e-20,200.0,61.3,-185.41622271424893,-1.4,-0.9674565810459391,-10.455035595014461,0.0,0.0,-26.114480014117166,-7.927014978906453,-2.803552636601865,-5.820466612806036,-5.495776703012909,-14.9
834,3500029.23,44,34.99999416424623,35.0,291.9,0,0.0,0.7358099700212698,0.2641900299787302,8.79762722844757e-20,200.0,61.3,-185.41622271424893,-1.4,-0.9674565810459391,-10.455035595014461,0.0,0.0,-26.114480014117166,-7.927014978906453,-2.803552636601865,-5.820466612806036,-5.495776703012909,-14.9
835,3500029.23,45,34.99999416424623,35.0,291.9,0,0.0,0.7358365362251663,0.26416346377483374,8.357745867025192e-20,200.0,61.3,-185.41622271424893,-1.4,-0.9674565810459391,-10.455035595014461,0.0,0.0,-26.114480014117166,-7.927014978906453,-2.803552636601865,-5.820466612806036,-5.495776703012909,-14.9
836,3500029.23,46,34.99999416424623,35.0,291.9,0,0.0,0.7358590440305005,0.26414095596949955,7.939858573673932e-20,200.0,61.3,-185.41622271424893,-1.4,-0.9674565810459391,-10.455035595014461,0.0,0.0,-26.114480014117166,-7.927014978906453,-2.803552636601865,-5.820466612806036,-5.495776703012909,-14.9
837,3500029.23,47,34.99999416424623,35.0,291.9,0,0.0,0.7358884947812904,0.2641115052187097,7.542865644990235e-20,200.0,61.3,-185.41622271424893,-1.4,-0.9674565810459391,-10.455035595014461,0.0,0.0,-26.114480014117166,-7.927014978906453,-2.803552636601865,-5.820466612806036,-5.495776703012909,-14.9
838,3500029.23,48,34.99999416424623,35.0,291.9,0,0.0,0.7359161390293962,0.2640838609706038,7.165722362740724e-20,200.0,61.3,-185.41622271424893,-1.4,-0.9674565810459391,-10.455035595014461,0.0,0.0,-26.114480014117166,-7.927014978906453,-2.803552636601865,-5.820466612806036,-5.495776703012909,-14.9
839,3500029.23,49,34.99999416424623,35.0,291.9,0,0.0,0.7359420678917179,0.26405793210828205,6.807436244603687e-20,200.0,61.3,-185.41622271424893,-1.4,-0.9674565810459391,-10.455035595014461,0.0,0.0,-26.114480014117166,-7.927014978906453,-2.803552636601865,-5.820466612806036,-5.495776703012909,-14.9
840,3500029.23,0,34.99999416424623,35.0,291.9,0,0.0,0.7359723379333097,0.26402766206669026,6.467064432373504e-20,200.0,61.3,-185.41622271424893,-1.4,-0.9674565810459391,-10.455035595014461,0.0,0.0,-26.114480014117166,-7.927014978906453,-2.803552636601865,-5.820466612806036,-5.495776703012909,-14.9
841,3500029.23,1,34.99999416424623,35.0,291.9,0,0.0,0.7360055238644899,0.2639944761355101,6.143711210754829e-20,200.0,61.3,-185.41622271424893,-1.4,-0.9674565810459391,-10.455035595014461,0.0,0.0,-26.114480014117166,-7.927014978906453,-2.803552636601865,-5.820466612806036,-5.495776703012909,-14.9
842,3500029.23,2,34.99999416424623,35.0,291.9,0,0.0,0.7360378974437111,0.2639621025562889,5.836525650217087e-20,200.0,61.3,-185.41622271424893,-1.4,-0.9674565810459391,-10.455035595014461,0.0,0.0,-26.114480014117166,-7.927014978906453,-2.803552636601865,-5.820466612806036,-5.495776703012909,-14.9
843,3500029.23,3,34.99999416424623,35.0,291.9,0,0.0,0.7360754388135339,0.26392456118646607,5.544699367706233e-20,200.0,61.3,-185.41622271424893,-1.4,-0.9674565810459391,-10.455035595014461,0.0,0.0,-26.114480014117166,-7.927014978906453,-2.803552636601865,-5.820466612806036,-5.495776703012909,-14.9
844,3500029.23,4,34.99999416424623,35.0,291.9,0,0.0,0.7361060042574432,0.26389399574255673,5.2674643993209213e-20,200.0,61.3,-185.41622271424893,-1.4,-0.9674565810459391,-10.455035595014461,0.0,0.0,-26.114480014117166,-7.927014978906453,-2.803552636601865,-5.820466612806036,-5.495776703012909,-14.9
845,3500029.23,5,34.99999416424623,35.0,291.9,0,0.0,0.7361287658324223,0.2638712341675778,5.004091179354876e-20,200.0,61.3,-185.41622271424893,-1.4,-0.9674565810459391,-10.455035595014461,0.0,0.0,-26.114480014117166,-7.927014978906453,-2.803552636601865,-5.820466612806036,-5.495776703012909,-14.9
846,3500029.23,6,34.99999416424623,35.0,291.9,0,0.0,0.7361500519875877,0.2638499480124124,4.753886620387132e-20,200.0,61.3,-185.41622271424893,-1.4,-0.9674565810459391,-10.455035595014461,0.0,0.0,-26.114480014117166,-7.927014978906453,-2.803552636601865,-5.820466612806036,-5.495776703012909,-14.9
847,3500029.23,7,34.99999416424623,35.0,291.9,0,0.0,0.7361711209276759,0.26382887907232405,4.516192289367774e-20,200.0,61.3,-185.41622271424893,-1.4,-0.9674565810459391,-10.455035595014461,0.0,0.0,-26.114480014117166,-7.927014978906453,-2.803552636601865,-5.820466612806036,-5.495776703012909,-14.9
848,3500029.23,8,34.99999416424623,35.0,291.9,0,0.0,0.7361907992924072,0.26380920070759284,4.290382674899385e-20,200.0,61.3,-185.41622271424893,-1.4,-0.9674565810459391,-10.455035595014461,0.0,0.0,-26.114480014117166,-7.927014978906453,-2.803552636601865,-5.820466612806036,-5.495776703012909,-14.9
849,3500029.23,9,34.99999416424623,35.0,291.9,0,0.0,0.7362091574000884,0.26379084259991153,4.0758635411544154e-20,200.0,61.3,-185.41622271424893,-1.4,-0.9674565810459391,-10.455035595014461,0.0,0.0,-26.114480014117166,-7.927014978906453,-2.803552636601865,-5.820466612806036,-5.495776703012909,-14.9
850,3500029.23,10,34.99999416424623,35.0,291.9,0,0.0,0.7362274414614508,0.26377255853854914,3.872070364096694e-20,200.0,61.3,-185.41622271424893,-1.4,-0.9674565810459391,-10.455035595014461,0.0,0.0,-26.114480014117166,-7.927014978906453,-2.803552636601865,-5.820466612806036,-5.495776703012909,-14.9
851,3500029.23,11,34.99999416424623,35.0,291.9,0,0.0,0.736246830894008,0.263753169105992,3.67846684589186e-20,200.0,61.3,-185.41622271424893,-1.4,-0.9674565810459391,-10.455035595014461,0.0,0.0,-26.114480014117166,-7.927014978906453,-2.803552636601865,-5.820466612806036,-5.495776703012909,-14.9
852,3500029.23,12,34.99999416424623,35.0,291.9,0,0.0,0.7362660890965417,0.26373391090345827,3.4945435035972673e-20,200.0,61.3,-185.41622271424893,-1.4,-0.9674565810459391,-10.455035595014461,0.0,0.0,-26.114480014117166,-7.927014978906453,-2.803552636601865,-5.820466612806036,-5.495776703012909,-14.9
853,3500029.23,13,34.99999416424623,35.0,291.9,0,0.0,0.7362863952560146,0.26371360474398536,3.319816328417404e-20,200.0,61.3,-185.41622271424893,-1.4,-0.9674565810459391,-10.455035595014461,0.0,0.0,-26.114480014117166,-7.927014978906453,-2.803552636601865,-5.820466612806036,-5.495776703012909,-14.9
854,3500029.23,14,34.99999416424623,35.0,291.9,0,0.0,0.7363065187772107,0.26369348122278935,3.1538255119965344e-20,200.0,61.3,-185.41622271424893,-1.4,-0.9674565810459391,-10.455035595014461,0.0,0.0,-26.114480014117166,-7.927014978906453,-2.803552636601865,-5.820466612806036,-5.495776703012909,-14.9
855,3500029.23,15,34.99999416424623,35.0,291.9,0,0.0,0.7363323233400243,0.26366767665997576,2.996134236396708e-20,200.0,61.3,-185.41622271424893,-1.4,-0.9674565810459391,-10.455035595014461,0.0,0.0,-26.114480014117166,-7.927014978906453,-2.803552636601865,-5.820466612806036,-5.495776703012909,-14.9
856,3500029.23,16,34.99999416424623,35.0,291.9,0,0.0,0.7363635048186988,0.26363649518130117,2.846327524576872e-20,200.0,61.3,-185.41622271424893,-1.4,-0.9674565810459391,-10.455035595014461,0.0,0.0,-26.114480014117166,-7.927014978906453,-2.803552636601865,-5.820466612806036,-5.495776703012909,-14.9
857,3500029.23,17,34.99999416424623,35.0,291.9,0,0.0,0.7363939391401123,0.26360606085988775,2.7040111483480288e-20,200.0,61.3,-185.41622271424893,-1.4,-0.9674565810459391,-10.455035595014461,0.0,0.0,-26.114480014117166,-7.927014978906453,-2.803552636601865,-5.820466612806036,-5.495776703012909,-14.9
858,3500029.23,18,34.99999416424623,35.0,291.9,0,0.0,0.7364248275413061,0.26357517245869394,2.5688105909306274e-20,200.0,61.3,-185.41622271424893,-1.4,-0.9674565810459391,-10.455035595014461,0.0,0.0,-26.114480014117166,-7.927014978906453,-2.803552636601865,-5.820466612806036,-5.495776703012909,-14.9
859,3500029.23,19,34.99999416424623,35.0,291.9,0,0.0,0.736454978044221,0.263545021955779,2.440370061384096e-20,200.0,61.3,-185.41622271424893,-1.4,-0.9674565810459391,-10.455035595014461,0.0,0.0,-26.114480014117166,-7.927014978906453,-2.803552636601865,-5.820466612806036,-5.495776703012909,-14.9
860,3500029.23,20,34.99999416424623,35.0,291.9,0,0.0,0.7364832626547161,0.2635167373452839,2.318351558314891e-20,200.0,61.3,-185.41622271424893,-1.4,-0.9674565810459391,-10.455035595014461,0.0,0.0,-26.114480014117166,-7.927014978906453,-2.803552636601865,-5.820466612806036,-5.495776703012909,-14.9
861,3500029.23,21,34.99999416424623,35.0,291.9,0,0.0,0.7365074518711194,0.2634925481288805,2.2024339803991464e-20,200.0,61.3,-185.41622271424893,-1.4,-0.9674565810459391,-10.455035595014461,0.0,0.0,-26.114480014117166,-7.927014978906453,-2.803552636601865,-5.820466612806036,-5.495776703012909,-14.9
862,3500029.23,22,34.99999416424623,35.0,291.9,0,0.0,0.7365277560367579,0.2634722439632421,2.0923122813791893e-20,200.0,61.3,-185.41622271424893,-1.4,-0.9674565810459391,-10.455035595014461,0.0,0.0,-26.114480014117166,-7.927014978906453,-2.803552636601865,-5.820466612806036,-5.495776703012909,-14.9
863,3500029.23,23,34.99999416424623,35.0,291.9,0,0.0,0.7365432150643123,0.2634567849356877,1.98769666731023e-20,200.0,61.3,-185.41622271424893,-1.4,-0.9674565810459391,-10.455035595014461,0.0,0.0,-26.114480014117166,-7.927014978906453,-2.803552636601865,-5.820466612806036,-5.495776703012909,-14.9
864,3500029.23,24,34.99999416424623,35.0,291.9,0,0.0,0.7365656625919639,0.26343433740803607,1.8883118339447183e-20,200.0,61.3,-185.41622271424893,-1.4,-0.9674565810459391,-10.455035595014461,0.0,0.0,-26.114480014117166,-7.927014978906453,-2.803552636601865,-5.820466612806036,-5.495776703012909,-14.9
865,3500029.23,25,34.99999416424623,35.0,291.9,0,0.0,0.7365831636177426,0.2634168363822574,1.7938962422474823e-20,200.0,61.3,-185.41622271424893,-1.4,-0.9674565810459391,-10.455035595014461,0.0,0.0,-26.114480014117166,-7.927014978906453,-2.803552636601865,-5.820466612806036,-5.495776703012909,-14.9
866,3500029.23,26,34.99999416424623,35.0,291.9,0,0.0,0.7366005955056237,0.2633994044943763,1.7042014301351085e-20,200.0,61.3,-185.41622271424893,-1.4,-0.9674565810459391,-10.455035595014461,0.0,0.0,-26.114480014117166,-7.927014978906453,-2.803552636601865,-5.820466612806036,-5.495776703012909,-14.9
867,3500029.23,27,34.99999416424623,35.0,291.9,0,0.0,0.736612188428783,0.263387811571217,1.618991358628353e-20,200.0,61.3,-185.41622271424893,-1.4,-0.9674565810459391,-10.455035595014461,0.0,0.0,-26.114480014117166,-7.927014978906453,-2.803552636601865,-5.820466612806036,-5.495776703012909,-14.9
868,3500029.23,28,34.99999416424623,35.0,291.9,0,0.0,0.7366217043232639,0.2633782956767361,1.5380417906969356e-20,200.0,61.3,-185.41622271424893,-1.4,-0.9674565810459391,-10.455035595014461,0.0,0.0,-26.114480014117166,-7.927014978906453,-2.803552636601865,-5.820466612806036,-5.495776703012909,-14.9
869,3500029.23,29,34.99999416424623,35.0,291.9,0,0.0,0.7366257929671098,0.2633742070328902,1.4611397011620886e-20,200.0,61.3,-185.41622271424893,-1.4,-0.9674565810459391,-10.455035595014461,0.0,0.0,-26.114480014117166,-7.927014978906453,-2.803552636601865,-5.820466612806036,-5.495776703012909,-14.9
870,3500029.23,30,34.99999416424623,35.0,291.9,0,0.0,0.7366293412067931,0.2633706587932069,1.388082716103984e-20,200.0,61.3,-185.41622271424893,-1.4,-0.9674565810459391,-10.455035595014461,0.0,0.0,-26.114480014117166,-7.927014978906453,-2.803552636601865,-5.820466612806036,-5.495776703012909,-14.9
871,3500029.23,31,34.99999416424623,35.0,291.9,0,0.0,0.7366358263840389,0.2633641736159611,1.3186785802987848e-20,200.0,61.3,-185.41622271424893,-1.4,-0.9674565810459391,-10.455035595014461,0.0,0.0,-26.114480014117166,-7.927014978906453,-2.803552636601865,-5.820466612806036,-5.495776703012909,-14.9
872,3500029.23,32,34.99999416424623,35.0,291.9,0,0.0,0.7366416489867653,0.2633583510132347,1.2527446512838456e-20,200.0,61.3,-185.41622271424893,-1.4,-0.9674565810459391,-10.455035595014461,0.0,0.0,-26.114480014117166,-7.927014978906453,-2.803552636601865,-5.820466612806036,-5.495776703012909,-14.9
873,3500029.23,33,34.99999416424623,35.0,291.9,0,0.0,0.736644548498,0.26335545150199996,1.1901074187196533e-20,200.0,61.3,-185.41622271424893,-1.4,-0.9674565810459391,-10.455035595014461,0.0,0.0,-26.114480014117166,-7.927014978906453,-2.803552636601865,-5.820466612806036,-5.495776703012909,-14.9
874,3500029.23,34,34.99999416424623,35.0,291.9,0,0.0,0.7366481148125037,0.26335188518749625,1.1306020477836706e-20,200.0,61.3,-185.41622271424893,-1.4,-0.9674565810459391,-10.455035595014461,0.0,0.0,-26.114480014117166,-7.927014978906453,-2.803552636601865,-5.820466612806036,-5.495776703012909,-14.9
875,3500029.23,35,34.99999416424623,35.0,291.9,0,0.0,0.7366477335882547,0.2633522664117453,1.0740719453944872e-20,200.0,61.3,-185.41622271424893,-1.4,-0.9674565810459391,-10.455035595014461,0.0,0.0,-26.114480014117166,-7.927014978906453,-2.803552636601865,-5.820466612806036,-5.495776703012909,-14.9
876,3500029.23,36,34.99999416424623,35.0,291.9,0,0.0,0.7366447535579556,0.26335524644204444,1.0203683481247628e-20,200.0,61.3,-185.41622271424893,-1.4,-0.9674565810459391,-10.455035595014461,0.0,0.0,-26.114480014117166,-7.927014978906453,-2.803552636601865,-5.820466612806036,-5.495776703012909,-14.9
877,3500029.23,37,34.99999416424623,35.0,291.9,0,0.0,0.7366393100150553,0.2633606899849446,9.693499307185247e-21,200.0,61.3,-185.41622271424893,-1.4,-0.9674565810459391,-10.455035595014461,0.0,0.0,-26.114480014117166,-7.927014978906453,-2.803552636601865,-5.820466612806036,-5.495776703012909,-14.9
878,3500029.23,38,34.99999416424623,35.0,291.9,0,0.0,0.7366349567445782,0.2633650432554218,9.208824341825986e-21,200.0,61.3,-185.41622271424893,-1.4,-0.9674565810459391,-10.455035595014461,0.0,0.0,-26.114480014117166,-7.927014978906453,-2.803552636601865,-5.820466612806036,-5.495776703012909,-14.9
879,3500029.23,39,34.99999416424623,35.0,291.9,0,0.0,0.736627075607824,0.26337292439217597,8.748383124734686e-21,200.0,61.3,-185.41622271424893,-1.4,-0.9674565810459391,-10.455035595014461,0.0,0.0,-26.114480014117166,-7.927014978906453,-2.803552636601865,-5.820466612806036,-5.495776703012909,-14.9
880,3500029.23,40,34.99999416424623,35.0,291.9,0,0.0,0.7366169899368504,0.2633830100631496,8.310963968497952e-21,200.0,61.3,-185.41622271424893,-1.4,-0.9674565810459391,-10.455035595014461,0.0,0.0,-26.114480014117166,-7.927014978906453,-2.803552636601865,-5.820466612806036,-5.495776703012909,-14.9
881,3500029.23,41,34.99999416424623,35.0,291.9,0,0.0,0.7366082305968767,0.26339176940312325,7.895415770073054e-21,200.0,61.3,-185.41622271424893,-1.4,-0.9674565810459391,-10.455035595014461,0.0,0.0,-26.114480014117166,-7.927014978906453,-2.803552636601865,-5.820466612806036,-5.495776703012909,-14.9
882,3500029.23,42,34.99999416424623,35.0,291.9,0,0.0,0.7365939058526958,0.2634060941473042,7.500644981569402e-21,200.0,61.3,-185.41622271424893,-1.4,-0.9674565810459391,-10.455035595014461,0.0,0.0,-26.114480014117166,-7.927014978906453,-2.803552636601865,-5.820466612806036,-5.495776703012909,-14.9
883,3500029.23,43,34.99999416424623,35.0,291.9,0,0.0,0.7365799875478076,0.2634200124521924,7.125612732490932e-21,200.0,61.3,-185.41622271424893,-1.4,-0.9674565810459391,-10.455035595014461,0.0,0.0,-26.114480014117166,-7.927014978906453,-2.803552636601865,-5.820466612806036,-5.495776703012909,-14.9
884,3500029.23,44,34.99999416424623,35.0,291.9,0,0.0,0.7365619146694918,0.2634380853305081,6.769332095866386e-21,200.0,61.3,-185.41622271424893,-1.4,-0.9674565810459391,-10.455035595014461,0.0,0.0,-26.114480014117166,-7.927014978906453,-2.803552636601865,-5.820466612806036,-5.495776703012909,-14.9
885,3500029.23,45,34.99999416424623,35.0,291.9,0,0.0,0.7365467104903723,0.2634532895096276,6.430865491073068e-21,200.0,61.3,-185.41622271424893,-1.4,-0.9674565810459391,-10.455035595014461,0.0,0.0,-26.114480014117166,-7.927014978906453,-2.803552636601865,-5.820466612806036,-5.495776703012909,-14.9
886,3500029.23,46,34.99999416424623,35.0,291.9,0,0.0,0.7365319613182897,0.26346803868171026,6.109322216519414e-21,200.0,61.3,-185.41622271424893,-1.4,-0.9674565810459391,-10.455035595014461,0.0,0.0,-26.114480014117166,-7.927014978906453,-2.803552636601865,-5.820466612806036,-5.495776703012909,-14.9
887,3500029.23,47,34.99999416424623,35.0,291.9,0,0.0,0.7365131177813022,0.2634868822186977,5.803856105693444e-21,200.0,61.3,-185.41622271424893,-1.4,-0.9674565810459391,-10.455035595014461,0.0,0.0,-26.114480014117166,-7.927014978906453,-2.803552636601865,-5.820466612806036,-5.495776703012909,-14.9
888,3500029.23,48,34.99999416424623,35.0,291.9,0,0.0,0.7364926556966033,0.2635073443033968,5.513663300408772e-21,200.0,61.3,-185.41622271424893,-1.4,-0.9674565810459391,-10.455035595014461,0.0,0.0,-26.114480014117166,-7.927014978906453,-2.803552636601865,-5.820466612806036,-5.495776703012909,-14.9
889,3500029.23,49,34.99999416424623,35.0,291.9,0,0.0,0.7364717911699641,0.2635282088300359,5.237980135388334e-21,200.0,61.3,-185.41622271424893,-1.4,-0.9674565810459391,-10.455035595014461,0.0,0.0,-26.114480014117166,-7.927014978906453,-2.803552636601865,-5.820466612806036,-5.495776703012909,-14.9
890,3500029.23,0,34.99999416424623,35.0,291.9,0,0.0,0.7364516761149894,0.2635483238850106,4.976081128618917e-21,200.0,61.3,-185.41622271424893,-1.4,-0.9674565810459391,-10.455035595014461,0.0,0.0,-26.114480014117166,-7.927014978906453,-2.803552636601865,-5.820466612806036,-5.495776703012909,-14.9
891,3500029.23,1,34.99999416424623,35.0,291.9,0,0.0,0.736432273714166,0.2635677262858341,4.727277072187971e-21,200.0,61.3,-185.41622271424893,-1.4,-0.9674565810459391,-10.455035595014461,0.0,0.0,-26.114480014117166,-7.927014978906453,-2.803552636601865,-5.820466612806036,-5.495776703012909,-14.9
892,3500029.23,2,34.99999416424623,35.0,291.9,0,0.0,0.7364135489886606,0.2635864510113394,4.490913218578573e-21,200.0,61.3,-185.41622271424893,-1.4,-0.9674565810459391,-10.455035595014461,0.0,0.0,-26.114480014117166,-7.927014978906453,-2.803552636601865,-5.820466612806036,-5.495776703012909,-14.9
893,3500029.23,3,34.99999416424623,35.0,291.9,0,0.0,0.7363932185145067,0.26360678148549327,4.266367557649644e-21,200.0,61.3,-185.41622271424893,-1.4,-0.9674565810459391,-10.455035595014461,0.0,0.0,-26.114480014117166,-7.927014978906453,-2.803552636601865,-5.820466612806036,-5.495776703012909,-14.9
894,3500029.23,4,34.99999416424623,35.0,291.9,0,0.0,0.736375863612429,0.263624136387571,4.053049179767163e-21,200.0,61.3,-185.41622271424893,-1.4,-0.9674565810459391,-10.455035595014461,0.0,0.0,-26.114480014117166,-7.927014978906453,-2.803552636601865,-5.820466612806036,-5.495776703012909,-14.9
895,3500029.23,5,34.99999416424623,35.0,291.9,0,0.0,0.7363602084017586,0.2636397915982414,3.8503967207788055e-21,200.0,61.3,-185.41622271424893,-1.4,-0.9674565810459391,-10.455035595014461,0.0,0.0,-26.114480014117166,-7.927014978906453,-2.803552636601865,-5.820466612806036,-5.495776703012909,-14.9
896,3500029.23,6,34.99999416424623,35.0,291.9,0,0.0,0.7363439236581593,0.2636560763418408,3.6578768847398654e-21,200.0,61.3,-185.41622271424893,-1.4,-0.9674565810459391,-10.455035595014461,0.0,0.0,-26.114480014117166,-7.927014978906453,-2.803552636601865,-5.820466612806036,-5.495776703012909,-14.9
897,3500029.23,7,34.99999416424623,35.0,291.9,0,0.0,0.7363270438383087,0.26367295616169134,3.474983040502872e-21,200.0,61.3,-185.41622271424893,-1.4,-0.9674565810459391,-10.455035595014461,0.0,0.0,-26.114480014117166,-7.927014978906453,-2.803552636601865,-5.820466612806036,-5.495776703012909,-14.9
898,3500029.23,8,34.99999416424623,35.0,291.9,0,0.0,0.7363051244473005,0.26369487555269955,3.3012338884777285e-21,200.0,61.3,-185.41622271424893,-1.4,-0.9674565810459391,-10.455035595014461,0.0,0.0,-26.114480014117166,-7.927014978906453,-2.803552636601865,-5.820466612806036,-5.495776703012909,-14.9
899,3500029.23,9,34.99999416424623,35.0,291.9,0,0.0,0.7362817835495389,0.2637182164504611,3.136172194053842e-21,200.0,61.3,-185.41622271424893,-1.4,-0.9674565810459391,-10.455035595014461,0.0,0.0,-26.114480014117166,-7.927014978906453,-2.803552636601865,-5.820466612806036,-5.495776703012909,-14.9
900,3500029.23,10,34.99999416424623,35.0,291.9,0,0.0,0.7362604494571592,0.2637395505428408,2.9793635843511498e-21,200.0,61.3,-185.41622271424893,-1.4,-0.9674565810459391,-10.455035595014461,0.0,0.0,-26.114480014117166,-7.927014978906453,-2.803552636601865,-5.820466612806036,-5.495776703012909,-14.9
901,3500029.23,11,34.99999416424623,35.0,291.9,0,0.0,0.7362365553871563,0.26376344461284373,2.830395405133592e-21,200.0,61.3,-185.41622271424893,-1.4,-0.9674565810459391,-10.455035595014461,0.0,0.0,-26.114480014117166,-7.927014978906453,-2.803552636601865,-5.820466612806036,-5.495776703012909,-14.9
902,3500029.23,12,34.99999416424623,35.0,291.9,0,0.0,0.7362080049093944,0.26379199509060564,2.6888756348769128e-21,200.0,61.3,-185.41622271424893,-1.4,-0.9674565810459391,-10.455035595014461,0.0,0.0,-26.114480014117166,-7.927014978906453,-2.803552636601865,-5.820466612806036,-5.495776703012909,-14.9
903,3500029.23,13,34.99999416424623,35.0,291.9,0,0.0,0.7361783854622299,0.26382161453777003,2.554431853133067e-21,200.0,61.3,-185.41622271424893,-1.4,-0.9674565810459391,-10.455035595014461,0.0,0.0,-26.114480014117166,-7.927014978906453,-2.803552636601865,-5.820466612806036,-5.495776703012909,-14.9
904,3500029.23,14,34.99999416424623,35.0,291.9,0,0.0,0.7361455276134368,0.26385447238656323,2.4267102604764133e-21,200.0,61.3,-185.41622271424893,-1.4,-0.9674565810459391,-10.455035595014461,0.0,0.0,-26.114480014117166,-7.927014978906453,-2.803552636601865,-5.820466612806036,-5.495776703012909,-14.9
905,3500029.23,15,34.99999416424623,35.0,291.9,0,0.0,0.7361118280195492,0.2638881719804508,2.3053747474525924e-21,200.0,61.3,-185.41622271424893,-1.4,-0.9674565810459391,-10.455035595014461,0.0,0.0,-26.114480014117166,-7.927014978906453,-2.803552636601865,-5.820466612806036,-5.495776703012909,-14.9
906,3500029.23,16,34.99999416424623,35.0,291.9,0,0.0,0.7360851154566199,0.2639148845433801,2.1901060100799626e-21,200.0,61.3,-185.41622271424893,-1.4,-0.9674565810459391,-10.455035595014461,0.0,0.0,-26.114480014117166,-7.927014978906453,-2.803552636601865,-5.820466612806036,-5.495776703012909,-14.9
907,3500029.23,17,34.99999416424623,35.0,291.9,0,0.0,0.736061697170472,0.26393830282952807,2.0806007095759644e-21,200.0,61.3,-185.41622271424893,-1.4,-0.9674565810459391,-10.455035595014461,0.0,0.0,-26.114480014117166,-7.927014978906453,-2.803552636601865,-5.820466612806036,-5.495776703012909,-14.9
908,3500029.23,18,34.99999416424623,35.0,291.9,0,0.0,0.7360325329211486,0.2639674670788514,1.976570674097166e-21,200.0,61.3,-185.41622271424893,-1.4,-0.9674565810459391,-10.455035595014461,0.0,0.0,-26.114480014117166,-7.927014978906453,-2.803552636601865,-5.820466612806036,-5.495776703012909,-14.9
909,3500029.23,19,34.99999416424623,35.0,291.9,0,0.0,0.7360045716126103,0.2639954283873897,1.877742140392308e-21,200.0,61.3,-185.41622271424893,-1.4,-0.9674565810459391,-10.455035595014461,0.0,0.0,-26.114480014117166,-7.927014978906453,-2.803552636601865,-5.820466612806036,-5.495776703012909,-14.9
910,3500029.23,20,34.99999416424623,35.0,291.9,0,0.0,0.7359777536567531,0.26402224634324695,1.7838550333726927e-21,200.0,61.3,-185.41622271424893,-1.4,-0.9674565810459391,-10.455035595014461,0.0,0.0,-26.114480014117166,-7.927014978906453,-2.803552636601865,-5.820466612806036,-5.495776703012909,-14.9
911,3500029.23,21,34.99999416424623,35.0,291.9,0,0.0,0.7359553390974515,0.2640446609025485,1.694662281704058e-21,200.0,61.3,-185.41622271424893,-1.4,-0.9674565810459391,-10.455035595014461,0.0,0.0,-26.114480014117166,-7.927014978906453,-2.803552636601865,-5.820466612806036,-5.495776703012909,-14.9
912,3500029.23,22,34.99999416424623,35.0,291.9,0,0.0,0.7359348922053058,0.2640651077946941,1.609929167618855e-21,200.0,61.3,-185.41622271424893,-1.4,-0.9674565810459391,-10.455035595014461,0.0,0.0,-26.114480014117166,-7.927014978906453,-2.803552636601865,-5.820466612806036,-5.495776703012909,-14.9
913,3500029.23,23,34.99999416424623,35.0,291.9,0,0.0,0.7359174153536652,0.2640825846463349,1.5294327092379124e-21,200.0,61.3,-185.41622271424893,-1.4,-0.9674565810459391,-10.455035595014461,0.0,0.0,-26.114480014117166,-7.927014978906453,-2.803552636601865,-5.820466612806036,-5.495776703012909,-14.9
914,3500029.23,24,34.99999416424623,35.0,291.9,0,0.0,0.735899451211587,0.26410054878841305,1.4529610737760167e-21,200.0,61.3,-185.41622271424893,-1.4,-0.9674565810459391,-10.455035595014461,0.0,0.0,-26.114480014117166,-7.927014978906453,-2.803552636601865,-5.820466612806036,-5.495776703012909,-14.9
915,3500029.23,25,34.99999416424623,35.0,291.9,0,0.0,0.7358821274012443,0.26411787259875574,1.3803130200872159e-21,200.0,61.3,-185.41622271424893,-1.4,-0.9674565810459391,-10.455035595014461,0.0,0.0,-26.114480014117166,-7.927014978906453,-2.803552636601865,-5.820466612806036,-5.495776703012909,-14.9
916,3500029.23,26,34.99999416424623,35.0,291.9,0,0.0,0.7358676106285238,0.2641323893714762,1.311297369082855e-21,200.0,61.3,-185.41622271424893,-1.4,-0.9674565810459391,-10.455035595014461,0.0,0.0,-26.114480014117166,-7.927014978906453,-2.803552636601865,-5.820466612806036,-5.495776703012909,-14.9
917,3500029.23,27,34.99999416424623,35.0,291.9,0,0.0,0.7358546583045776,0.26414534169542236,1.2457325006287121e-21,200.0,61.3,-185.41622271424893,-1.4,-0.9674565810459391,-10.455035595014461,0.0,0.0,-26.114480014117166,-7.927014978906453,-2.803552636601865,-5.820466612806036,-5.495776703012909,-14.9
918,3500029.23,28,34.99999416424623,35.0,291.9,0,0.0,0.7358420938663189,0.264157906133681,1.1834458755972765e-21,200.0,61.3,-185.41622271424893,-1.4,-0.9674565810459391,-10.455035595014461,0.0,0.0,-26.114480014117166,-7.927014978906453,-2.803552636601865,-5.820466612806036,-5.495776703012909,-14.9
919,3500029.23,29,34.99999416424623,35.0,291.9,0,0.0,0.7358331839075634,0.26416681609243664,1.1242735818174126e-21,200.0,61.3,-185.41622271424893,-1.4,-0.9674565810459391,-10.455035595014461,0.0,0.0,-26.114480014117166,-7.927014978906453,-2.803552636601865,-5.820466612806036,-5.495776703012909,-14.9
920,3500029.23,30,34.99999416424623,35.0,291.9,0,0.0,0.7358277381931038,0.26417226180689624,1.0680599027265419e-21,200.0,61.3,-185.41622271424893,-1.4,-0.9674565810459391,-10.455035595014461,0.0,0.0,-26.114480014117166,-7.927014978906453,-2.803552636601865,-5.820466612806036,-5.495776703012909,-14.9
921,3500029.23,31,34.99999416424623,35.0,291.9,0,0.0,0.7358179296568794,0.2641820703431205,1.0146569075902148e-21,200.0,61.3,-185.41622271424893,-1.4,-0.9674565810459391,-10.455035595014461,0.0,0.0,-26.114480014117166,-7.927014978906453,-2.803552636601865,-5.820466612806036,-5.495776703012909,-14.9
922,3500029.23,32,34.99999416424623,35.0,291.9,0,0.0,0.7358083517242688,0.26419164827573116,9.639240622107039e-22,200.0,61.3,-185.41622271424893,-1.4,-0.9674565810459391,-10.455035595014461,0.0,0.0,-26.114480014117166,-7.927014978906453,-2.803552636601865,-5.820466612806036,-5.495776703012909,-14.9
923,3500029.23,33,34.99999416424623,35.0,291.9,0,0.0,0.7358066234955265,0.2641933765044735,9.157278591001686e-22,200.0,61.3,-185.41622271424893,-1.4,-0.9674565810459391,-10.455035595014461,0.0,0.0,-26.114480014117166,-7.927014978906453,-2.803552636601865,-5.820466612806036,-5.495776703012909,-14.9
924,3500029.23,34,34.99999416424623,35.0,291.9,0,0.0,0.7358014489910772,0.26419855100892276,8.699414661451602e-22,200.0,61.3,-185.41622271424893,-1.4,-0.9674565810459391,-10.455035595014461,0.0,0.0,-26.114480014117166,-7.927014978906453,-2.803552636601865,-5.820466612806036,-5.495776703012909,-14.9
925,3500029.23,35,34.99999416424623,35.0,291.9,0,0.0,0.7357951827398455,0.2642048172601545,8.264443928379022e-22,200.0,61.3,-185.41622271424893,-1.4,-0.9674565810459391,-10.455035595014461,0.0,0.0,-26.114480014117166,-7.927014978906453,-2.803552636601865,-5.820466612806036,-5.495776703012909,-14.9
926,3500029.23,36,34.99999416424623,35.0,291.9,0,0.0,0.73578462145541,0.26421537854459004,7.851221731960071e-22,200.0,61.3,-185.41622271424893,-1.4,-0.9674565810459391,-10.455035595014461,0.0,0.0,-26.114480014117166,-7.927014978906453,-2.803552636601865,-5.820466612806036,-5.495776703012909,-14.9
927,3500029.23,37,34.99999416424623,35.0,291.9,0,0.0,0.7357710741496701,0.26422892585032987,7.458660645362067e-22,200.0,61.3,-185.41622271424893,-1.4,-0.9674565810459391,-10.455035595014461,0.0,0.0,-26.114480014117166,-7.927014978906453,-2.803552636601865,-5.820466612806036,-5.495776703012909,-14.9
928,3500029.23,38,34.99999416424623,35.0,291.9,0,0.0,0.7357579523312403,0.26424204766875975,7.0857276130939645e-22,200.0,61.3,-185.41622271424893,-1.4,-0.9674565810459391,-10.455035595014461,0.0,0.0,-26.114480014117166,-7.927014978906453,-2.803552636601865,-5.820466612806036,-5.495776703012909,-14.9
929,3500029.23,39,34.99999416424623,35.0,291.9,0,0.0,0.7357463191447196,0.26425368085528045,6.731441232439266e-22,200.0,61.3,-185.41622271424893,-1.4,-0.9674565810459391,-10.455035595014461,0.0,0.0,-26.114480014117166,-7.927014978906453,-2.803552636601865,-5.820466612806036,-5.495776703012909,-14.9
930,3500029.23,40,34.99999416424623,35.0,291.9,0,0.0,0.7357350156703872,0.2642649843296128,6.394869170817304e-22,200.0,61.3,-185.41622271424893,-1.4,-0.9674565810459391,-10.455035595014461,0.0,0.0,-26.114480014117166,-7.927014978906453,-2.803552636601865,-5.820466612806036,-5.495776703012909,-14.9
931,3500029.23,41,34.99999416424623,35.0,291.9,0,0.0,0.735728351173589,0.2642716488264109,6.075125712276437e-22,200.0,61.3,-185.41622271424893,-1.4,-0.9674565810459391,-10.455035595014461,0.0,0.0,-26.114480014117166,-7.927014978906453,-2.803552636601865,-5.820466612806036,-5.495776703012909,-14.9
932,3500029.23,42,34.99999416424623,35.0,291.9,0,0.0,0.7357250037586789,0.26427499624132117,5.771369426662616e-22,200.0,61.3,-185.41622271424893,-1.4,-0.9674565810459391,-10.455035595014461,0.0,0.0,-26.114480014117166,-7.927014978906453,-2.803552636601865,-5.820466612806036,-5.495776703012909,-14.9
933,3500029.23,43,34.99999416424623,35.0,291.9,0,0.0,0.7357226438048274,0.2642773561951726,5.482800955329485e-22,200.0,61.3,-185.41622271424893,-1.4,-0.9674565810459391,-10.455035595014461,0.0,0.0,-26.114480014117166,-7.927014978906453,-2.803552636601865,-5.820466612806036,-5.495776703012909,-14.9
934,3500029.23,44,34.99999416424623,35.0,291.9,0,0.0,0.7357212201052086,0.2642787798947914,5.20866090756301e-22,200.0,61.3,-185.41622271424893,-1.4,-0.9674565810459391,-10.455035595014461,0.0,0.0,-26.114480014117166,-7.927014978906453,-2.803552636601865,-5.820466612806036,-5.495776703012909,-14.9
935,3500029.23,45,34.99999416424623,35.0,291.9,0,0.0,0.7357174559612701,0.2642825440387299,4.948227862184861e-22,200.0,61.3,-185.41622271424893,-1.4,-0.9674565810459391,-10.455035595014461,0.0,0.0,-26.114480014117166,-7.927014978906453,-2.803552636601865,-5.820466612806036,-5.495776703012909,-14.9
936,3500029.23,46,34.99999416424623,35.0,291.9,0,0.0,0.7357103976879209,0.2642896023120791,4.700816469075617e-22,200.0,61.3,-185.41622271424893,-1.4,-0.9674565810459391,-10.455035595014461,0.0,0.0,-26.114480014117166,-7.927014978906453,-2.803552636601865,-5.820466612806036,-5.495776703012909,-14.9
937,3500029.23,47,34.99999416424623,35.0,291.9,0,0.0,0.7357002163075343,0.2642997836924657,4.465775645621836e-22,200.0,61.3,-185.41622271424893,-1.4,-0.9674565810459391,-10.455035595014461,0.0,0.0,-26.114480014117166,-7.927014978906453,-2.803552636601865,-5.820466612806036,-5.495776703012909,-14.9
938,3500029.23,48,34.99999416424623,35.0,291.9,0,0.0,0.7356892216598941,0.26431077834010586,4.242486863340744e-22,200.0,61.3,-185.41622271424893,-1.4,-0.9674565810459391,-10.455035595014461,0.0,0.0,-26.114480014117166,-7.927014978906453,-2.803552636601865,-5.820466612806036,-5.495776703012909,-14.9
939,3500029.23,49,34.99999416424623,35.0,291.9,0,0.0,0.7356796019870948,0.2643203980129052,4.0303625201737062e-22,200.0,61.3,-185.41622271424893,-1.4,-0.9674565810459391,-10.455035595014461,0.0,0.0,-26.114480014117166,-7.927014978906453,-2.803552636601865,-5.820466612806036,-5.495776703012909,-14.9
940,3500029.23,0,34.99999416424623,35.0,291.9,0,0.0,0.7356691442648591,0.26433085573514087,3.828844394165021e-22,200.0,61.3,-185.41622271424893,-1.4,-0.9674565810459391,-10.455035595014461,0.0,0.0,-26.114480014117166,-7.927014978906453,-2.803552636601865,-5.820466612806036,-5.495776703012909,-14.9
941,3500029.23,1,34.99999416424623,35.0,291.9,0,0.0,0.73565575218677,0.26434424781322996,3.6374021744567697e-22,200.0,61.3,-185.41622271424893,-1.4,-0.9674565810459391,-10.455035595014461,0.0,0.0,-26.114480014117166,-7.927014978906453,-2.803552636601865,-5.820466612806036,-5.495776703012909,-14.9
942,3500029.23,2,34.99999416424623,35.0,291.9,0,0.0,0.7356417180003548,0.2643582819996451,3.455532065733931e-22,200.0,61.3,-185.41622271424893,-1.4,-0.9674565810459391,-10.455035595014461,0.0,0.0,-26.114480014117166,-7.927014978906453,-2.803552636601865,-5.820466612806036,-5.495776703012909,-14.9
943,3500029.23,3,34.99999416424623,35.0,291.9,0,0.0,0.7356313496728676,0.2643686503271324,3.2827554624472343e-22,200.0,61.3,-185.41622271424893,-1.4,-0.9674565810459391,-10.455035595014461,0.0,0.0,-26.114480014117166,-7.927014978906453,-2.803552636601865,-5.820466612806036,-5.495776703012909,-14.9
944,3500029.23,4,34.99999416424623,35.0,291.9,0,0.0,0.7356201892949581,0.2643798107050419,3.1186176893248724e-22,200.0,61.3,-185.41622271424893,-1.4,-0.9674565810459391,-10.455035595014461,0.0,0.0,-26.114480014117166,-7.927014978906453,-2.803552636601865,-5.820466612806036,-5.495776703012909,-14.9
945,3500029.23,5,34.99999416424623,35.0,291.9,0,0.0,0.7356050803648361,0.2643949196351639,2.9626868048586287e-22,200.0,61.3,-185.41622271424893,-1.4,-0.9674565810459391,-10.455035595014461,0.0,0.0,-26.114480014117166,-7.927014978906453,-2.803552636601865,-5.820466612806036,-5.495776703012909,-14.9
946,3500029.23,6,34.99999416424623,35.0,291.9,0,0.0,0.7355915552604904,0.2644084447395096,2.8145524646156974e-22,200.0,61.3,-185.41622271424893,-1.4,-0.9674565810459391,-10.455035595014461,0.0,0.0,-26.114480014117166,-7.927014978906453,-2.803552636601865,-5.820466612806036,-5.495776703012909,-14.9
947,3500029.23,7,34.99999416424623,35.0,291.9,0,0.0,0.7355784689373293,0.2644215310626708,2.6738248413849127e-22,200.0,61.3,-185.41622271424893,-1.4,-0.9674565810459391,-10.455035595014461,0.0,0.0,-26.114480014117166,-7.927014978906453,-2.803552636601865,-5.820466612806036,-5.495776703012909,-14.9
948,3500029.23,8,34.99999416424623,35.0,291.9,0,0.0,0.7355615471854003,0.2644384528145996,2.540133599315667e-22,200.0,61.3,-185.41622271424893,-1.4,-0.9674565810459391,-10.455035595014461,0.0,0.0,-26.114480014117166,-7.927014978906453,-2.803552636601865,-5.820466612806036,-5.495776703012909,-14.9
949,3500029.23,9,34.99999416424623,35.0,291.9,0,0.0,0.7355431146292754,0.2644568853707247,2.4131269193498843e-22,200.0,61.3,-185.41622271424893,-1.4,-0.9674565810459391,-10.455035595014461,0.0,0.0,-26.114480014117166,-7.927014978906453,-2.803552636601865,-5.820466612806036,-5.495776703012909,-14.9
950,3500029.23,10,34.99999416424623,35.0,291.9,0,0.0,0.7355190038377872,0.26448099616221277,2.29247057338239e-22,200.0,61.3,-185.41622271424893,-1.4,-0.9674565810459391,-10.455035595014461,0.0,0.0,-26.114480014117166,-7.927014978906453,-2.803552636601865,-5.820466612806036,-5.495776703012909,-14.9
951,3500029.23,11,34.99999416424623,35.0,291.9,0,0.0,0.7354937541396585,0.26450624586034155,2.1778470447132704e-22,200.0,61.3,-185.41622271424893,-1.4,-0.9674565810459391,-10.455035595014461,0.0,0.0,-26.114480014117166,-7.927014978906453,-2.803552636601865,-5.820466612806036,-5.495776703012909,-14.9
952,3500029.23,12,34.99999416424623,35.0,291.9,0,0.0,0.7354674269106879,0.26453257308931216,2.068954692477607e-22,200.0,61.3,-185.41622271424893,-1.4,-0.9674565810459391,-10.455035595014461,0.0,0.0,-26.114480014117166,-7.927014978906453,-2.803552636601865,-5.820466612806036,-5.495776703012909,-14.9
953,3500029.23,13,34.99999416424623,35.0,291.9,0,0.0,0.735441139819191,0.264558860180809,1.9655069578537267e-22,200.0,61.3,-185.41622271424893,-1.4,-0.9674565810459391,-10.455035595014461,0.0,0.0,-26.114480014117166,-7.927014978906453,-2.803552636601865,-5.820466612806036,-5.495776703012909,-14.9
954,3500029.23,14,34.99999416424623,35.0,291.9,0,0.0,0.7354191258562125,0.26458087414378756,1.8672316099610403e-22,200.0,61.3,-185.41622271424893,-1.4,-0.9674565810459391,-10.455035595014461,0.0,0.0,-26.114480014117166,-7.927014978906453,-2.803552636601865,-5.820466612806036,-5.495776703012909,-14.9
955,3500029.23,15,34.99999416424623,35.0,291.9,0,0.0,0.7354022207086577,0.26459777929134237,1.7738700294629885e-22,200.0,61.3,-185.41622271424893,-1.4,-0.9674565810459391,-10.455035595014461,0.0,0.0,-26.114480014117166,-7.927014978906453,-2.803552636601865,-5.820466612806036,-5.495776703012909,-14.9
956,3500029.23,16,34.99999416424623,35.0,291.9,0,0.0,0.7353848833340847,0.26461511666591536,1.685176527989839e-22,200.0,61.3,-185.41622271424893,-1.4,-0.9674565810459391,-10.455035595014461,0.0,0.0,-26.114480014117166,-7.927014978906453,-2.803552636601865,-5.820466612806036,-5.495776703012909,-14.9
957,3500029.23,17,34.99999416424623,35.0,291.9,0,0.0,0.7353681922317812,0.2646318077682189,1.600917701590347e-22,200.0,61.3,-185.41622271424893,-1.4,-0.9674565810459391,-10.455035595014461,0.0,0.0,-26.114480014117166,-7.927014978906453,-2.803552636601865,-5.820466612806036,-5.495776703012909,-14.9
958,3500029.23,18,34.99999416424623,35.0,291.9,0,0.0,0.7353500088987952,0.2646499911012048,1.5208718165108296e-22,200.0,61.3,-185.41622271424893,-1.4,-0.9674565810459391,-10.455035595014461,0.0,0.0,-26.114480014117166,-7.927014978906453,-2.803552636601865,-5.820466612806036,-5.495776703012909,-14.9
959,3500029.23,19,34.99999416424623,35.0,291.9,0,0.0,0.7353377776193472,0.2646622223806528,1.444828225685288e-22,200.0,61.3,-185.41622271424893,-1.4,-0.9674565810459391,-10.455035595014461,0.0,0.0,-26.114480014117166,-7.927014978906453,-2.803552636601865,-5.820466612806036,-5.495776703012909,-14.9
960,3500029.23,20,34.99999416424623,35.0,291.9,0,0.0,0.7353227827623231,0.26467721723767695,1.372586814401024e-22,200.0,61.3,-185.41622271424893,-1.4,-0.9674565810459391,-10.455035595014461,0.0,0.0,-26.114480014117166,-7.927014978906453,-2.803552636601865,-5.820466612806036,-5.495776703012909,-14.9
961,3500029.23,21,34.99999416424623,35.0,291.9,0,0.0,0.735312517917251,0.26468748208274895,1.3039574736809727e-22,200.0,61.3,-185.41622271424893,-1.4,-0.9674565810459391,-10.455035595014461,0.0,0.0,-26.114480014117166,-7.927014978906453,-2.803552636601865,-5.820466612806036,-5.495776703012909,-14.9
962,3500029.23,22,34.99999416424623,35.0,291.9,0,0.0,0.7353025436929923,0.26469745630700775,1.2387595999969242e-22,200.0,61.3,-185.41622271424893,-1.4,-0.9674565810459391,-10.455035595014461,0.0,0.0,-26.114480014117166,-7.927014978906453,-2.803552636601865,-5.820466612806036,-5.495776703012909,-14.9
963,3500029.23,23,34.99999416424623,35.0,291.9,0,0.0,0.7352855116450265,0.2647144883549735,1.176821619997078e-22,200.0,61.3,-185.41622271424893,-1.4,-0.9674565810459391,-10.455035595014461,0.0,0.0,-26.114480014117166,-7.927014978906453,-2.803552636601865,-5.820466612806036,-5.495776703012909,-14.9
964,3500029.23,24,34.99999416424623,35.0,291.9,0,0.0,0.7352764438725581,0.264723556127442,1.117980538997224e-22,200.0,61.3,-185.41622271424893,-1.4,-0.9674565810459391,-10.455035595014461,0.0,0.0,-26.114480014117166,-7.927014978906453,-2.803552636601865,-5.820466612806036,-5.495776703012909,-14.9
965,3500029.23,25,34.99999416424623,35.0,291.9,0,0.0,0.7352676082454795,0.2647323917545205,1.0620815120473628e-22,200.0,61.3,-185.41622271424893,-1.4,-0.9674565810459391,-10.455035595014461,0.0,0.0,-26.114480014117166,-7.927014978906453,-2.803552636601865,-5.820466612806036,-5.495776703012909,-14.9
966,3500029.23,26,34.99999416424623,35.0,291.9,0,0.0,0.7352610817774433,0.26473891822255674,1.0089774364449946e-22,200.0,61.3,-185.41622271424893,-1.4,-0.9674565810459391,-10.455035595014461,0.0,0.0,-26.114480014117166,-7.927014978906453,-2.803552636601865,-5.820466612806036,-5.495776703012909,-14.9
967,3500029.23,27,34.99999416424623,35.0,291.9,0,0.0,0.7352546591713717,0.2647453408286283,9.585285646227446e-23,200.0,61.3,-185.41622271424893,-1.4,-0.9674565810459391,-10.455035595014461,0.0,0.0,-26.114480014117166,-7.927014978906453,-2.803552636601865,-5.820466612806036,-5.495776703012909,-14.9
968,3500029.23,28,34.99999416424623,35.0,291.9,0,0.0,0.7352525022501871,0.2647474977498128,9.106021363916073e-23,200.0,61.3,-185.41622271424893,-1.4,-0.9674565810459391,-10.455035595014461,0.0,0.0,-26.114480014117166,-7.927014978906453,-2.803552636601865,-5.820466612806036,-5.495776703012909,-14.9
969,3500029.23,29,34.99999416424623,35.0,291.9,0,0.0,0.7352471058070749,0.2647528941929252,8.650720295720269e-23,200.0,61.3,-185.41622271424893,-1.4,-0.9674565810459391,-10.455035595014461,0.0,0.0,-26.114480014117166,-7.927014978906453,-2.803552636601865,-5.820466612806036,-5.495776703012909,-14.9
970,3500029.23,30,34.99999416424623,35.0,291.9,0,0.0,0.7352511094400882,0.2647488905599118,8.218184280934256e-23,200.0,61.3,-185.41622271424893,-1.4,-0.9674565810459391,-10.455035595014461,0.0,0.0,-26.114480014117166,-7.927014978906453,-2.803552636601865,-5.820466612806036,-5.495776703012909,-14.9
971,3500029.23,31,34.99999416424623,35.0,291.9,0,0.0,0.7352546817035346,0.2647453182964654,7.807275066887543e-23,200.0,61.3,-185.41622271424893,-1.4,-0.9674565810459391,-10.455035595014461,0.0,0.0,-26.114480014117166,-7.927014978906453,-2.803552636601865,-5.820466612806036,-5.495776703012909,-14.9
972,3500029.23,32,34.99999416424623,35.0,291.9,0,0.0,0.7352547344314792,0.2647452655685209,7.416911313543166e-23,200.0,61.3,-185.41622271424893,-1.4,-0.9674565810459391,-10.455035595014461,0.0,0.0,-26.114480014117166,-7.927014978906453,-2.803552636601865,-5.820466612806036,-5.495776703012909,-14.9
973,3500029.23,33,34.99999416424623,35.0,291.9,0,0.0,0.735257664489649,0.264742335510351,7.046065747866007e-23,200.0,61.3,-185.41622271424893,-1.4,-0.9674565810459391,-10.455035595014461,0.0,0.0,-26.114480014117166,-7.927014978906453,-2.803552636601865,-5.820466612806036,-5.495776703012909,-14.9
974,3500029.23,34,34.99999416424623,35.0,291.9,0,0.0,0.7352622870327312,0.26473771296726883,6.693762460472707e-23,200.0,61.3,-185.41622271424893,-1.4,-0.9674565810459391,-10.455035595014461,0.0,0.0,-26.114480014117166,-7.927014978906453,-2.803552636601865,-5.820466612806036,-5.495776703012909,-14.9
975,3500029.23,35,34.99999416424623,35.0,291.9,0,0.0,0.7352674802359908,0.26473251976400924,6.359074337449072e-23,200.0,61.3,-185.41622271424893,-1.4,-0.9674565810459391,-10.455035595014461,0.0,0.0,-26.114480014117166,-7.927014978906453,-2.803552636601865,-5.820466612806036,-5.495776703012909,-14.9
976,3500029.23,36,34.99999416424623,35.0,291.9,0,0.0,0.7352794038844035,0.2647205961155965,6.041120620576619e-23,200.0,61.3,-185.41622271424893,-1.4,-0.9674565810459391,-10.455035595014461,0.0,0.0,-26.114480014117166,-7.927014978906453,-2.803552636601865,-5.820466612806036,-5.495776703012909,-14.9
977,3500029.23,37,34.99999416424623,35.0,291.9,0,0.0,0.735292553024758,0.26470744697524196,5.739064589547787e-23,200.0,61.3,-185.41622271424893,-1.4,-0.9674565810459391,-10.455035595014461,0.0,0.0,-26.114480014117166,-7.927014978906453,-2.803552636601865,-5.820466612806036,-5.495776703012909,-14.9
978,3500029.23,38,34.99999416424623,35.0,291.9,0,0.0,0.7353048043520534,0.2646951956479467,5.452111360070398e-23,200.0,61.3,-185.41622271424893,-1.4,-0.9674565810459391,-10.455035595014461,0.0,0.0,-26.114480014117166,-7.927014978906453,-2.803552636601865,-5.820466612806036,-5.495776703012909,-14.9
979,3500029.23,39,34.99999416424623,35.0,291.9,0,0.0,0.7353182591360479,0.26468174086395213,5.179505792066878e-23,200.0,61.3,-185.41622271424893,-1.4,-0.9674565810459391,-10.455035595014461,0.0,0.0,-26.114480014117166,-7.927014978906453,-2.803552636601865,-5.820466612806036,-5.495776703012909,-14.9
980,3500029.23,40,34.99999416424623,35.0,291.9,0,0.0,0.7353349061628025,0.2646650938371975,4.920530502463534e-23,200.0,61.3,-185.41622271424893,-1.4,-0.9674565810459391,-10.455035595014461,0.0,0.0,-26.114480014117166,-7.927014978906453,-2.803552636601865,-5.820466612806036,-5.495776703012909,-14.9
981,3500029.23,41,34.99999416424623,35.0,291.9,0,0.0,0.7353494503412553,0.26465054965874474,4.6745039773403577e-23,200.0,61.3,-185.41622271424893,-1.4,-0.9674565810459391,-10.455035595014461,0.0,0.0,-26.114480014117166,-7.927014978906453,-2.803552636601865,-5.820466612806036,-5.495776703012909,-14.9
982,3500029.23,42,34.99999416424623,35.0,291.9,0,0.0,0.735364048159028,0.26463595184097194,4.4407787784733394e-23,200.0,61.3,-185.41622271424893,-1.4,-0.9674565810459391,-10.455035595014461,0.0,0.0,-26.114480014117166,-7.927014978906453,-2.803552636601865,-5.820466612806036,-5.495776703012909,-14.9
983,3500029.23,43,34.99999416424623,35.0,291.9,0,0.0,0.73537664863339,0.26462335136661,4.218739839549673e-23,200.0,61.3,-185.41622271424893,-1.4,-0.9674565810459391,-10.455035595014461,0.0,0.0,-26.114480014117166,-7.927014978906453,-2.803552636601865,-5.820466612806036,-5.495776703012909,-14.9
984,3500029.23,44,34.99999416424623,35.0,291.9,0,0.0,0.7353904211164141,0.26460957888358594,4.007802847572189e-23,200.0,61.3,-185.41622271424893,-1.4,-0.9674565810459391,-10.455035595014461,0.0,0.0,-26.114480014117166,-7.927014978906453,-2.803552636601865,-5.820466612806036,-5.495776703012909,-14.9
985,3500029.23,45,34.99999416424623,35.0,291.9,0,0.0,0.7354012183055079,0.2645987816944921,3.807412705193579e-23,200.0,61.3,-185.41622271424893,-1.4,-0.9674565810459391,-10.455035595014461,0.0,0.0,-26.114480014117166,-7.927014978906453,-2.803552636601865,-5.820466612806036,-5.495776703012909,-14.9
986,3500029.23,46,34.99999416424623,35.0,291.9,0,0.0,0.7354153146798779,0.2645846853201222,3.617042069933901e-23,200.0,61.3,-185.41622271424893,-1.4,-0.9674565810459391,-10.455035595014461,0.0,0.0,-26.114480014117166,-7.927014978906453,-2.803552636601865,-5.820466612806036,-5.495776703012909,-14.9
987,3500029.23,47,34.99999416424623,35.0,291.9,0,0.0,0.7354345728986903,0.2645654271013097,3.4361899664372055e-23,200.0,61.3,-185.41622271424893,-1.4,-0.9674565810459391,-10.455035595014461,0.0,0.0,-26.114480014117166,-7.927014978906453,-2.803552636601865,-5.820466612806036,-5.495776703012909,-14.9
988,3500029.23,48,34.99999416424623,35.0,291.9,0,0.0,0.7354526174540262,0.2645473825459738,3.2643804681153453e-23,200.0,61.3,-185.41622271424893,-1.4,-0.9674565810459391,-10.455035595014461,0.0,0.0,-26.114480014117166,-7.927014978906453,-2.803552636601865,-5.820466612806036,-5.495776703012909,-14.9
989,3500029.23,49,34.99999416424623,35.0,291.9,0,0.0,0.7354654434836534,0.26453455651634666,3.101161444709578e-23,200.0,61.3,-185.41622271424893,-1.4,-0.9674565810459391,-10.455035595014461,0.0,0.0,-26.114480014117166,-7.927014978906453,-2.803552636601865,-5.820466612806036,-5.495776703012909,-14.9
990,3500029.23,0,34.99999416424623,35.0,291.9,0,0.0,0.7354743349462091,0.26452566505379094,2.946103372474099e-23,200.0,61.3,-185.41622271424893,-1.4,-0.9674565810459391,-10.455035595014461,0.0,0.0,-26.114480014117166,-7.927014978906453,-2.803552636601865,-5.820466612806036,-5.495776703012909,-14.9
991,3500029.23,1,34.99999416424623,35.0,291.9,0,0.0,0.7354876133706626,0.26451238662933746,2.798798203850394e-23,200.0,61.3,-185.41622271424893,-1.4,-0.9674565810459391,-10.455035595014461,0.0,0.0,-26.114480014117166,-7.927014978906453,-2.803552636601865,-5.820466612806036,-5.495776703012909,-14.9
992,3500029.23,2,34.99999416424623,35.0,291.9,0,0.0,0.7354969402225163,0.26450305977748373,2.658858293657874e-23,200.0,61.3,-185.41622271424893,-1.4,-0.9674565810459391,-10.455035595014461,0.0,0.0,-26.114480014117166,-7.927014978906453,-2.803552636601865,-5.820466612806036,-5.495776703012909,-14.9
993,3500029.23,3,34.99999416424623,35.0,291.9,0,0.0,0.7355075828749363,0.2644924171250637,2.5259153789749804e-23,200.0,61.3,-185.41622271424893,-1.4,-0.9674565810459391,-10.455035595014461,0.0,0.0,-26.114480014117166,-7.927014978906453,-2.803552636601865,-5.820466612806036,-5.495776703012909,-14.9
994,3500029.23,4,34.99999416424623,35.0,291.9,0,0.0,0.7355184601853106,0.2644815398146893,2.3996196100262313e-23,200.0,61.3,-185.41622271424893,-1.4,-0.9674565810459391,-10.455035595014461,0.0,0.0,-26.114480014117166,-7.927014978906453,-2.803552636601865,-5.820466612806036,-5.495776703012909,-14.9
995,3500029.23,5,34.99999416424623,35.0,291.9,0,0.0,0.7355285483759213,0.26447145162407865,2.2796386295249196e-23,200.0,61.3,-185.41622271424893,-1.4,-0.9674565810459391,-10.455035595014461,0.0,0.0,-26.114480014117166,-7.927014978906453,-2.803552636601865,-5.820466612806036,-5.495776703012909,-14.9
996,3500029.23,6,34.99999416424623,35.0,291.9,0,0.0,0.735536877855248,0.264463122144752,2.1656566980486736e-23,200.0,61.3,-185.41622271424893,-1.4,-0.9674565810459391,-10.455035595014461,0.0,0.0,-26.114480014117166,-7.927014978906453,-2.803552636601865,-5.820466612806036,-5.495776703012909,-14.9
997,3500029.23,7,34.99999416424623,35.0,291.9,0,0.0,0.735541521363696,0.264458478636304,2.05737386314624e-23,200.0,61.3,-185.41622271424893,-1.4,-0.9674565810459391,-10.455035595014461,0.0,0.0,-26.114480014117166,-7.927014978906453,-2.803552636601865,-5.820466612806036,-5.495776703012909,-14.9
998,3500029.23,8,34.99999416424623,35.0,291.9,0,0.0,0.7355456928840883,0.26445430711591167,1.954505169988928e-23,200.0,61.3,-185.41622271424893,-1.4,-0.9674565810459391,-10.455035595014461,0.0,0.0,-26.114480014117166,-7.927014978906453,-2.803552636601865,-5.820466612806036,-5.495776703012909,-14.9
999,3500029.23,9,34.99999416424623,35.0,291.9,0,0.0,0.7355504233445711,0.26444957665542884,1.8567799114894815e-23,200.0,61.3,-185.41622271424893,-1.4,-0.9674565810459391,-10.455035595014461,0.0,0.0,-26.114480014117166,-7.927014978906453,-2.803552636601865,-5.820466612806036,-5.495776703012909,-14.9
1000,3500029.23,10,34.99999416424623,35.0,291.9,0,0.0,0.7355516595575494,0.26444834044245064,1.7639409159150077e-23,200.0,61.3,-185.41622271424893,-1.4,-0.9674565810459391,-10.455035595014461,0.0,0.0,-26.114480014117166,-7.927014978906453,-2.803552636601865,-5.820466612806036,-5.495776703012909,-14.9
1001,3500029.23,11,34.99999416424623,35.0,291.9,0,0.0,0.7355515923882525,0.26444840761174754,1.675743870119257e-23,200.0,61.3,-185.41622271424893,-1.4,-0.9674565810459391,-10.455035595014461,0.0,0.0,-26.114480014117166,-7.927014978906453,-2.803552636601865,-5.820466612806036,-5.495776703012909,-14.9
1002,3500029.23,12,34.99999416424623,35.0,291.9,0,0.0,0.7355512936281038,0.26444870637189627,1.591956676613294e-23,200.0,61.3,-185.41622271424893,-1.4,-0.9674565810459391,-10.455035595014461,0.0,0.0,-26.114480014117166,-7.927014978906453,-2.803552636601865,-5.820466612806036,-5.495776703012909,-14.9
1003,3500029.23,13,34.99999416424623,35.0,291.9,0,0.0,0.7355487686437994,0.26445123135620063,1.5123588427826292e-23,200.0,61.3,-185.41622271424893,-1.4,-0.9674565810459391,-10.455035595014461,0.0,0.0,-26.114480014117166,-7.927014978906453,-2.803552636601865,-5.820466612806036,-5.495776703012909,-14.9
1004,3500029.23,14,34.99999416424623,35.0,291.9,0,0.0,0.7355411243742263,0.26445887562577375,1.4367409006434978e-23,200.0,61.3,-185.41622271424893,-1.4,-0.9674565810459391,-10.455035595014461,0.0,0.0,-26.114480014117166,-7.927014978906453,-2.803552636601865,-5.820466612806036,-5.495776703012909,-14.9
1005,3500029.23,15,34.99999416424623,35.0,291.9,0,0.0,0.7355356393582239,0.26446436064177614,1.364903855611323e-23,200.0,61.3,-185.41622271424893,-1.4,-0.9674565810459391,-10.455035595014461,0.0,0.0,-26.114480014117166,-7.927014978906453,-2.803552636601865,-5.820466612806036,-5.495776703012909,-14.9
1006,3500029.23,16,34.99999416424623,35.0,291.9,0,0.0,0.7355302004003439,0.26446979959965605,1.2966586628307567e-23,200.0,61.3,-185.41622271424893,-1.4,-0.9674565810459391,-10.455035595014461,0.0,0.0,-26.114480014117166,-7.927014978906453,-2.803552636601865,-5.820466612806036,-5.495776703012909,-14.9
1007,3500029.23,17,34.99999416424623,35.0,291.9,0,0.0,0.7355258054046743,0.26447419459532573,1.231825729689219e-23,200.0,61.3,-185.41622271424893,-1.4,-0.9674565810459391,-10.455035595014461,0.0,0.0,-26.114480014117166,-7.927014978906453,-2.803552636601865,-5.820466612806036,-5.495776703012909,-14.9
1008,3500029.23,18,34.99999416424623,35.0,291.9,0,0.0,0.7355204031115027,0.26447959688849726,1.170234443204758e-23,200.0,61.3,-185.41622271424893,-1.4,-0.9674565810459391,-10.455035595014461,0.0,0.0,-26.114480014117166,-7.927014978906453,-2.803552636601865,-5.820466612806036,-5.495776703012909,-14.9
1009,3500029.23,19,34.99999416424623,35.0,291.9,0,0.0,0.735509055237277,0.2644909447627229,1.1117227210445201e-23,200.0,61.3,-185.41622271424893,-1.4,-0.9674565810459391,-10.455035595014461,0.0,0.0,-26.114480014117166,-7.927014978906453,-2.803552636601865,-5.820466612806036,-5.495776703012909,-14.9
1010,3500029.23,20,34.99999416424623,35.0,291.9,0,0.0,0.7355040372138002,0.2644959627861998,1.0561365849922942e-23,200.0,61.3,-185.41622271424893,-1.4,-0.9674565810459391,-10.455035595014461,0.0,0.0,-26.114480014117166,-7.927014978906453,-2.803552636601865,-5.820466612806036,-5.495776703012909,-14.9
1011,3500029.23,21,34.99999416424623,35.0,291.9,0,0.0,0.7355000400029673,0.2644999599970327,1.0033297557426794e-23,200.0,61.3,-185.41622271424893,-1.4,-0.9674565810459391,-10.455035595014461,0.0,0.0,-26.114480014117166,-7.927014978906453,-2.803552636601865,-5.820466612806036,-5.495776703012909,-14.9
1012,3500029.23,22,34.99999416424623,35.0,291.9,0,0.0,0.735494026298042,0.264505973701958,9.531632679555454e-24,200.0,61.3,-185.41622271424893,-1.4,-0.9674565810459391,-10.455035595014461,0.0,0.0,-26.114480014117166,-7.927014978906453,-2.803552636601865,-5.820466612806036,-5.495776703012909,-14.9
1013,3500029.23,23,34.99999416424623,35.0,291.9,0,0.0,0.7354880891836684,0.2645119108163316,9.055051045577681e-24,200.0,61.3,-185.41622271424893,-1.4,-0.9674565810459391,-10.455035595014461,0.0,0.0,-26.114480014117166,-7.927014978906453,-2.803552636601865,-5.820466612806036,-5.495776703012909,-14.9
1014,3500029.23,24,34.99999416424623,35.0,291.9,0,0.0,0.7354782520929819,0.26452174790701805,8.602298493298797e-24,200.0,61.3,-185.41622271424893,-1.4,-0.9674565810459391,-10.455035595014461,0.0,0.0,-26.114480014117166,-7.927014978906453,-2.803552636601865,-5.820466612806036,-5.495776703012909,-14.9
1015,3500029.23,25,34.99999416424623,35.0,291.9,0,0.0,0.7354706723481982,0.26452932765180176,8.172183568633857e-24,200.0,61.3,-185.41622271424893,-1.4,-0.9674565810459391,-10.455035595014461,0.0,0.0,-26.114480014117166,-7.927014978906453,-2.803552636601865,-5.820466612806036,-5.495776703012909,-14.9
1016,3500029.23,26,34.99999416424623,35.0,291.9,0,0.0,0.7354642420569761,0.26453575794302386,7.763574390202166e-24,200.0,61.3,-185.41622271424893,-1.4,-0.9674565810459391,-10.455035595014461,0.0,0.0,-26.114480014117166,-7.927014978906453,-2.803552636601865,-5.820466612806036,-5.495776703012909,-14.9
1017,3500029.23,27,34.99999416424623,35.0,291.9,0,0.0,0.7354618723923195,0.2645381276076805,7.375395670692057e-24,200.0,61.3,-185.41622271424893,-1.4,-0.9674565810459391,-10.455035595014461,0.0,0.0,-26.114480014117166,-7.927014978906453,-2.803552636601865,-5.820466612806036,-5.495776703012909,-14.9
1018,3500029.23,28,34.99999416424623,35.0,291.9,0,0.0,0.7354613741942788,0.26453862580572113,7.006625887157453e-24,200.0,61.3,-185.41622271424893,-1.4,-0.9674565810459391,-10.455035595014461,0.0,0.0,-26.114480014117166,-7.927014978906453,-2.803552636601865,-5.820466612806036,-5.495776703012909,-14.9
1019,3500029.23,29,34.99999416424623,35.0,291.9,0,0.0,0.7354606746546178,0.2645393253453822,6.656294592799582e-24,200.0,61.3,-185.41622271424893,-1.4,-0.9674565810459391,-10.455035595014461,0.0,0.0,-26.114480014117166,-7.927014978906453,-2.803552636601865,-5.820466612806036,-5.495776703012909,-14.9
1020,3500029.23,30,34.99999416424623,35.0,291.9,0,0.0,0.7354666901228004,0.26453330987719964,6.323479863159602e-24,200.0,61.3,-185.41622271424893,-1.4,-0.9674565810459391,-10.455035595014461,0.0,0.0,-26.114480014117166,-7.927014978906453,-2.803552636601865,-5.820466612806036,-5.495776703012909,-14.9
1021,3500029.23,31,34.99999416424623,35.0,291.9,0,0.0,0.7354761131149765,0.2645238868850235,6.0073058700016216e-24,200.0,61.3,-185.41622271424893,-1.4,-0.9674565810459391,-10.455035595014461,0.0,0.0,-26.114480014117166,-7.927014978906453,-2.803552636601865,-5.820466612806036,-5.495776703012909,-14.9
1022,3500029.23,32,34.99999416424623,35.0,291.9,0,0.0,0.7354818773343891,0.26451812266561087,5.7069405765015404e-24,200.0,61.3,-185.41622271424893,-1.4,-0.9674565810459391,-10.455035595014461,0.0,0.0,-26.114480014117166,-7.927014978906453,-2.803552636601865,-5.820466612806036,-5.495776703012909,-14.9
1023,3500029.23,33,34.99999416424623,35.0,291.9,0,0.0,0.7354861379463451,0.26451386205365485,5.421593547676463e-24,200.0,61.3,-185.41622271424893,-1.4,-0.9674565810459391,-10.455035595014461,0.0,0.0,-26.114480014117166,-7.927014978906453,-2.803552636601865,-5.820466612806036,-5.495776703012909,-14.9
1024,3500029.23,34,34.99999416424623,35.0,291.9,0,0.0,0.7354938838223624,0.2645061161776376,5.15051387029264e-24,200.0,61.3,-185.41622271424893,-1.4,-0.9674565810459391,-10.455035595014461,0.0,0.0,-26.114480014117166,-7.927014978906453,-2.803552636601865,-5.820466612806036,-5.495776703012909,-14.9
1025,3500029.23,35,34.99999416424623,35.0,291.9,0,0.0,0.7355039513281408,0.26449604867185916,4.892988176778008e-24,200.0,61.3,-185.41622271424893,-1.4,-0.9674565810459391,-10.455035595014461,0.0,0.0,-26.114480014117166,-7.927014978906453,-2.803552636601865,-5.820466612806036,-5.495776703012909,-14.9
1026,3500029.23,36,34.99999416424623,35.0,291.9,0,0.0,0.7355132790959068,0.2644867209040932,4.648338767939108e-24,200.0,61.3,-185.41622271424893,-1.4,-0.9674565810459391,-10.455035595014461,0.0,0.0,-26.114480014117166,-7.927014978906453,-2.803552636601865,-5.820466612806036,-5.495776703012909,-14.9
1027,3500029.23,37,34.99999416424623,35.0,291.9,0,0.0,0.7355238622959017,0.2644761377040982,4.415921829542152e-24,200.0,61.3,-185.41622271424893,-1.4,-0.9674565810459391,-10.455035595014461,0.0,0.0,-26.114480014117166,-7.927014978906453,-2.803552636601865,-5.820466612806036,-5.495776703012909,-14.9
1028,3500029.23,38,34.99999416424623,35.0,291.9,0,0.0,0.7355297669385253,0.26447023306147466,4.1951257380650445e-24,200.0,61.3,-185.41622271424893,-1.4,-0.9674565810459391,-10.455035595014461,0.0,0.0,-26.114480014117166,-7.927014978906453,-2.803552636601865,-5.820466612806036,-5.495776703012909,-14.9
1029,3500029.23,39,34.99999416424623,35.0,291.9,0,0.0,0.7355351432254608,0.26446485677453924,3.985369451161792e-24,200.0,61.3,-185.41622271424893,-1.4,-0.9674565810459391,-10.455035595014461,0.0,0.0,-26.114480014117166,-7.927014978906453,-2.803552636601865,-5.820466612806036,-5.495776703012909,-14.9
1030,3500029.23,40,34.99999416424623,35.0,291.9,0,0.0,0.7355380651668868,0.26446193483311325,3.786100978603703e-24,200.0,61.3,-185.41622271424893,-1.4,-0.9674565810459391,-10.455035595014461,0.0,0.0,-26.114480014117166,-7.927014978906453,-2.803552636601865,-5.820466612806036,-5.495776703012909,-14.9
1031,3500029.23,41,34.99999416424623,35.0,291.9,0,0.0,0.7355415861937141,0.2644584138062859,3.596795929673518e-24,200.0,61.3,-185.41622271424893,-1.4,-0.9674565810459391,-10.455035595014461,0.0,0.0,-26.114480014117166,-7.927014978906453,-2.803552636601865,-5.820466612806036,-5.495776703012909,-14.9
1032,3500029.23,42,34.99999416424623,35.0,291.9,0,0.0,0.7355427510028065,0.2644572489971934,3.4169561331898416e-24,200.0,61.3,-185.41622271424893,-1.4,-0.9674565810459391,-10.455035595014461,0.0,0.0,-26.114480014117166,-7.927014978906453,-2.803552636601865,-5.820466612806036,-5.495776703012909,-14.9
1033,3500029.23,43,34.99999416424623,35.0,291.9,0,0.0,0.7355426551561561,0.2644573448438439,3.2461083265303498e-24,200.0,61.3,-185.41622271424893,-1.4,-0.9674565810459391,-10.455035595014461,0.0,0.0,-26.114480014117166,-7.927014978906453,-2.803552636601865,-5.820466612806036,-5.495776703012909,-14.9
1034,3500029.23,44,34.99999416424623,35.0,291.9,0,0.0,0.735541363887964,0.26445863611203607,3.083802910203832e-24,200.0,61.3,-185.41622271424893,-1.4,-0.9674565810459391,-10.455035595014461,0.0,0.0,-26.114480014117166,-7.927014978906453,-2.803552636601865,-5.820466612806036,-5.495776703012909,-14.9
1035,3500029.23,45,34.99999416424623,35.0,291.9,0,0.0,0.7355408834753931,0.2644591165246069,2.9296127646936403e-24,200.0,61.3,-185.41622271424893,-1.4,-0.9674565810459391,-10.455035595014461,0.0,0.0,-26.114480014117166,-7.927014978906453,-2.803552636601865,-5.820466612806036,-5.495776703012909,-14.9
1036,3500029.23,46,34.99999416424623,35.0,291.9,0,0.0,0.7355440846091281,0.26445591539087193,2.783132126458958e-24,200.0,61.3,-185.41622271424893,-1.4,-0.9674565810459391,-10.455035595014461,0.0,0.0,-26.114480014117166,-7.927014978906453,-2.803552636601865,-5.820466612806036,-5.495776703012909,-14.9
1037,3500029.23,47,34.99999416424623,35.0,291.9,0,0.0,0.7355498052842715,0.2644501947157285,2.64397552013601e-24,200.0,61.3,-185.41622271424893,-1.4,-0.9674565810459391,-10.455035595014461,0.0,0.0,-26.114480014117166,-7.927014978906453,-2.803552636601865,-5.820466612806036,-5.495776703012909,-14.9
1038,3500029.23,48,34.99999416424623,35.0,291.9,0,0.0,0.7355579136337685,0.26444208636623145,2.5117767441292093e-24,200.0,61.3,-185.41622271424893,-1.4,-0.9674565810459391,-10.455035595014461,0.0,0.0,-26.114480014117166,-7.927014978906453,-2.803552636601865,-5.820466612806036,-5.495776703012909,-14.9
1039,3500029.23,49,34.99999416424623,35.0,291.9,0,0.0,0.7355721524883757,0.2644278475116243,2.3861879069227485e-24,200.0,61.3,-185.41622271424893,-1.4,-0.9674565810459391,-10.455035595014461,0.0,0.0,-26.114480014117166,-7.927014978906453,-2.803552636601865,-5.820466612806036,-5.495776703012909,-14.9
1040,3500029.23,0,34.99999416424623,35.0,291.9,0,0.0,0.7355893022576941,0.2644106977423058,2.266878511576611e-24,200.0,61.3,-185.41622271424893,-1.4,-0.9674565810459391,-10.455035595014461,0.0,0.0,-26.114480014117166,-7.927014978906453,-2.803552636601865,-5.820466612806036,-5.495776703012909,-14.9
1041,3500029.23,1,34.99999416424623,35.0,291.9,0,0.0,0.735606315835227,0.2643936841647731,2.1535345859977807e-24,200.0,61.3,-185.41622271424893,-1.4,-0.9674565810459391,-10.455035595014461,0.0,0.0,-26.114480014117166,-7.927014978906453,-2.803552636601865,-5.820466612806036,-5.495776703012909,-14.9
1042,3500029.23,2,34.99999416424623,35.0,291.9,0,0.0,0.735622234976477,0.264377765023523,2.0458578566978914e-24,200.0,61.3,-185.41622271424893,-1.4,-0.9674565810459391,-10.455035595014461,0.0,0.0,-26.114480014117166,-7.927014978906453,-2.803552636601865,-5.820466612806036,-5.495776703012909,-14.9
1043,3500029.23,3,34.99999416424623,35.0,291.9,0,0.0,0.7356371148679726,0.26436288513202744,1.9435649638629967e-24,200.0,61.3,-185.41622271424893,-1.4,-0.9674565810459391,-10.455035595014461,0.0,0.0,-26.114480014117166,-7.927014978906453,-2.803552636601865,-5.820466612806036,-5.495776703012909,-14.9
1044,3500029.23,4,34.99999416424623,35.0,291.9,0,0.0,0.7356538930599321,0.2643461069400679,1.8463867156698467e-24,200.0,61.3,-185.41622271424893,-1.4,-0.9674565810459391,-10.455035595014461,0.0,0.0,-26.114480014117166,-7.927014978906453,-2.803552636601865,-5.820466612806036,-5.495776703012909,-14.9
1045,3500029.23,5,34.99999416424623,35.0,291.9,0,0.0,0.7356695872643316,0.2643304127356684,1.754067379886354e-24,200.0,61.3,-185.41622271424893,-1.4,-0.9674565810459391,-10.455035595014461,0.0,0.0,-26.114480014117166,-7.927014978906453,-2.803552636601865,-5.820466612806036,-5.495776703012909,-14.9
1046,3500029.23,6,34.99999416424623,35.0,291.9,0,0.0,0.7356813724383909,0.2643186275616091,1.6663640108920364e-24,200.0,61.3,-185.41622271424893,-1.4,-0.9674565810459391,-10.455035595014461,0.0,0.0,-26.114480014117166,-7.927014978906453,-2.803552636601865,-5.820466612806036,-5.495776703012909,-14.9
1047,3500029.23,7,34.99999416424623,35.0,291.9,0,0.0,0.7356942450007733,0.26430575499922665,1.5830458103474345e-24,200.0,61.3,-185.41622271424893,-1.4,-0.9674565810459391,-10.455035595014461,0.0,0.0,-26.114480014117166,-7.927014978906453,-2.803552636601865,-5.820466612806036,-5.495776703012909,-14.9
1048,3500029.23,8,34.99999416424623,35.0,291.9,0,0.0,0.7357062311489333,0.2642937688510667,1.5038935198300628e-24,200.0,61.3,-185.41622271424893,-1.4,-0.9674565810459391,-10.455035595014461,0.0,0.0,-26.114480014117166,-7.927014978906453,-2.803552636601865,-5.820466612806036,-5.495776703012909,-14.9
1049,3500029.23,9,34.99999416424623,35.0,291.9,0,0.0,0.7357135463022632,0.26428645369773685,1.4286988438385596e-24,200.0,61.3,-185.41622271424893,-1.4,-0.9674565810459391,-10.455035595014461,0.0,0.0,-26.114480014117166,-7.927014978906453,-2.803552636601865,-5.820466612806036,-5.495776703012909,-14.9
1050,3500029.23,10,34.99999416424623,35.0,291.9,0,0.0,0.7357240831923967,0.26427591680760326,1.3572639016466316e-24,200.0,61.3,-185.41622271424893,-1.4,-0.9674565810459391,-10.455035595014461,0.0,0.0,-26.114480014117166,-7.927014978906453,-2.803552636601865,-5.820466612806036,-5.495776703012909,-14.9
1051,3500029.23,11,34.99999416424623,35.0,291.9,0,0.0,0.7357348071586547,0.26426519284134536,1.2894007065643002e-24,200.0,61.3,-185.41622271424893,-1.4,-0.9674565810459391,-10.455035595014461,0.0,0.0,-26.114480014117166,-7.927014978906453,-2.803552636601865,-5.820466612806036,-5.495776703012909,-14.9
1052,3500029.23,12,34.99999416424623,35.0,291.9,0,0.0,0.7357437986433336,0.26425620135666633,1.2249306712360849e-24,200.0,61.3,-185.41622271424893,-1.4,-0.9674565810459391,-10.455035595014461,0.0,0.0,-26.114480014117166,-7.927014978906453,-2.803552636601865,-5.820466612806036,-5.495776703012909,-14.9
1053,3500029.23,13,34.99999416424623,35.0,291.9,0,0.0,0.7357540070644397,0.2642459929355603,1.1636841376742806e-24,200.0,61.3,-185.41622271424893,-1.4,-0.9674565810459391,-10.455035595014461,0.0,0.0,-26.114480014117166,-7.927014978906453,-2.803552636601865,-5.820466612806036,-5.495776703012909,-14.9
1054,3500029.23,14,34.99999416424623,35.0,291.9,0,0.0,0.7357615580111525,0.2642384419888475,1.1054999307905665e-24,200.0,61.3,-185.41622271424893,-1.4,-0.9674565810459391,-10.455035595014461,0.0,0.0,-26.114480014117166,-7.927014978906453,-2.803552636601865,-5.820466612806036,-5.495776703012909,-14.9
1055,3500029.23,15,34.99999416424623,35.0,291.9,0,0.0,0.7357675399571546,0.26423246004284534,1.0502249342510382e-24,200.0,61.3,-185.41622271424893,-1.4,-0.9674565810459391,-10.455035595014461,0.0,0.0,-26.114480014117166,-7.927014978906453,-2.803552636601865,-5.820466612806036,-5.495776703012909,-14.9
1056,3500029.23,16,34.99999416424623,35.0,291.9,0,0.0,0.7357720334863291,0.2642279665136708,9.977136875384863e-25,200.0,61.3,-185.41622271424893,-1.4,-0.9674565810459391,-10.455035595014461,0.0,0.0,-26.114480014117166,-7.927014978906453,-2.803552636601865,-5.820466612806036,-5.495776703012909,-14.9
1057,3500029.23,17,34.99999416424623,35.0,291.9,0,0.0,0.7357779656878859,0.2642220343121141,9.478280031615622e-25,200.0,61.3,-185.41622271424893,-1.4,-0.9674565810459391,-10.455035595014461,0.0,0.0,-26.114480014117166,-7.927014978906453,-2.803552636601865,-5.820466612806036,-5.495776703012909,-14.9
1058,3500029.23,18,34.99999416424623,35.0,291.9,0,0.0,0.7357824138261962,0.26421758617380375,9.004366030034842e-25,200.0,61.3,-185.41622271424893,-1.4,-0.9674565810459391,-10.455035595014461,0.0,0.0,-26.114480014117166,-7.927014978906453,-2.803552636601865,-5.820466612806036,-5.495776703012909,-14.9
1059,3500029.23,19,34.99999416424623,35.0,291.9,0,0.0,0.73578640264272,0.26421359735728006,8.5541477285331e-25,200.0,61.3,-185.41622271424893,-1.4,-0.9674565810459391,-10.455035595014461,0.0,0.0,-26.114480014117166,-7.927014978906453,-2.803552636601865,-5.820466612806036,-5.495776703012909,-14.9
1060,3500029.23,20,34.99999416424623,35.0,291.9,0,0.0,0.7357956389544595,0.2642043610455405,8.126440342106445e-25,200.0,61.3,-185.41622271424893,-1.4,-0.9674565810459391,-10.455035595014461,0.0,0.0,-26.114480014117166,-7.927014978906453,-2.803552636601865,-5.820466612806036,-5.495776703012909,-14.9
1061,3500029.23,21,34.99999416424623,35.0,291.9,0,0.0,0.735803226022968,0.26419677397703206,7.7201183250011225e-25,200.0,61.3,-185.41622271424893,-1.4,-0.9674565810459391,-10.455035595014461,0.0,0.0,-26.114480014117166,-7.927014978906453,-2.803552636601865,-5.820466612806036,-5.495776703012909,-14.9
1062,3500029.23,22,34.99999416424623,35.0,291.9,0,0.0,0.7358092484246135,0.2641907515753866,7.334112408751066e-25,200.0,61.3,-185.41622271424893,-1.4,-0.9674565810459391,-10.455035595014461,0.0,0.0,-26.114480014117166,-7.927014978906453,-2.803552636601865,-5.820466612806036,-5.495776703012909,-14.9
1063,3500029.23,23,34.99999416424623,35.0,291.9,0,0.0,0.7358166199406335,0.2641833800593665,6.967406788313513e-25,200.0,61.3,-185.41622271424893,-1.4,-0.9674565810459391,-10.455035595014461,0.0,0.0,-26.114480014117166,-7.927014978906453,-2.803552636601865,-5.820466612806036,-5.495776703012909,-14.9
1064,3500029.23,24,34.99999416424623,35.0,291.9,0,0.0,0.7358262129936131,0.26417378700638694,6.619036448897837e-25,200.0,61.3,-185.41622271424893,-1.4,-0.9674565810459391,-10.455035595014461,0.0,0.0,-26.114480014117166,-7.927014978906453,-2.803552636601865,-5.820466612806036,-5.495776703012909,-14.9
1065,3500029.23,25,34.99999416424623,35.0,291.9,0,0.0,0.735835084298013,0.2641649157019869,6.288084626452945e-25,200.0,61.3,-185.41622271424893,-1.4,-0.9674565810459391,-10.455035595014461,0.0,0.0,-26.114480014117166,-7.927014978906453,-2.803552636601865,-5.820466612806036,-5.495776703012909,-14.9
1066,3500029.23,26,34.99999416424623,35.0,291.9,0,0.0,0.7358413872542318,0.2641586127457683,5.973680395130299e-25,200.0,61.3,-185.41622271424893,-1.4,-0.9674565810459391,-10.455035595014461,0.0,0.0,-26.114480014117166,-7.927014978906453,-2.803552636601865,-5.820466612806036,-5.495776703012909,-14.9
1067,3500029.23,27,34.99999416424623,35.0,291.9,0,0.0,0.7358508980699278,0.26414910193007224,5.674996375373784e-25,200.0,61.3,-185.41622271424893,-1.4,-0.9674565810459391,-10.455035595014461,0.0,0.0,-26.114480014117166,-7.927014978906453,-2.803552636601865,-5.820466612806036,-5.495776703012909,-14.9
1068,3500029.23,28,34.99999416424623,35.0,291.9,0,0.0,0.7358568717405743,0.2641431282594256,5.391246556605095e-25,200.0,61.3,-185.41622271424893,-1.4,-0.9674565810459391,-10.455035595014461,0.0,0.0,-26.114480014117166,-7.927014978906453,-2.803552636601865,-5.820466612806036,-5.495776703012909,-14.9
1069,3500029.23,29,34.99999416424623,35.0,291.9,0,0.0,0.7358632462256962,0.26413675377430373,5.12168422877484e-25,200.0,61.3,-185.41622271424893,-1.4,-0.9674565810459391,-10.455035595014461,0.0,0.0,-26.114480014117166,-7.927014978906453,-2.803552636601865,-5.820466612806036,-5.495776703012909,-14.9
1070,3500029.23,30,34.99999416424623,35.0,291.9,0,0.0,0.7358681240637042,0.2641318759362959,4.865600017336099e-25,200.0,61.3,-185.41622271424893,-1.4,-0.9674565810459391,-10.455035595014461,0.0,0.0,-26.114480014117166,-7.927014978906453,-2.803552636601865,-5.820466612806036,-5.495776703012909,-14.9
1071,3500029.23,31,34.99999416424623,35.0,291.9,0,0.0,0.7358715821664327,0.2641284178335674,4.622320016469295e-25,200.0,61.3,-185.41622271424893,-1.4,-0.9674565810459391,-10.455035595014461,0.0,0.0,-26.114480014117166,-7.927014978906453,-2.803552636601865,-5.820466612806036,-5.495776703012909,-14.9
1072,3500029.23,32,34.99999416424623,35.0,291.9,0,0.0,0.7358736935946228,0.2641263064053771,4.391204015645829e-25,200.0,61.3,-185.41622271424893,-1.4,-0.9674565810459391,-10.455035595014461,0.0,0.0,-26.114480014117166,-7.927014978906453,-2.803552636601865,-5.820466612806036,-5.495776703012909,-14.9
1073,3500029.23,33,34.99999416424623,35.0,291.9,0,0.0,0.7358773347508284,0.2641226652491716,4.171643814863539e-25,200.0,61.3,-185.41622271424893,-1.4,-0.9674565810459391,-10.455035595014461,0.0,0.0,-26.114480014117166,-7.927014978906453,-2.803552636601865,-5.820466612806036,-5.495776703012909,-14.9
1074,3500029.23,34,34.99999416424623,35.0,291.9,0,0.0,0.7358777521918702,0.2641222478081297,3.9630616241203615e-25,200.0,61.3,-185.41622271424893,-1.4,-0.9674565810459391,-10.455035595014461,0.0,0.0,-26.114480014117166,-7.927014978906453,-2.803552636601865,-5.820466612806036,-5.495776703012909,-14.9
1075,3500029.23,35,34.99999416424623,35.0,291.9,0,0.0,0.7358788485800701,0.2641211514199299,3.764908542914344e-25,200.0,61.3,-185.41622271424893,-1.4,-0.9674565810459391,-10.455035595014461,0.0,0.0,-26.114480014117166,-7.927014978906453,-2.803552636601865,-5.820466612806036,-5.495776703012909,-14.9
1076,3500029.23,36,34.99999416424623,35.0,291.9,0,0.0,0.7358721876235786,0.2641278123764214,3.576663115768627e-25,200.0,61.3,-185.41622271424893,-1.4,-0.9674565810459391,-10.455035595014461,0.0,0.0,-26.114480014117166,-7.927014978906453,-2.803552636601865,-5.820466612806036,-5.495776703012909,-14.9
1077,3500029.23,37,34.99999416424623,35.0,291.9,0,0.0,0.7358618997569398,0.2641381002430601,3.3978299599801943e-25,200.0,61.3,-185.41622271424893,-1.4,-0.9674565810459391,-10.455035595014461,0.0,0.0,-26.114480014117166,-7.927014978906453,-2.803552636601865,-5.820466612806036,-5.495776703012909,-14.9
1078,3500029.23,38,34.99999416424623,35.0,291.9,0,0.0,0.7358500376239855,0.26414996237601446,3.227938461981184e-25,200.0,61.3,-185.41622271424893,-1.4,-0.9674565810459391,-10.455035595014461,0.0,0.0,-26.114480014117166,-7.927014978906453,-2.803552636601865,-5.820466612806036,-5.495776703012909,-14.9
1079,3500029.23,39,34.99999416424623,35.0,291.9,0,0.0,0.7358338872008625,0.26416611279913743,3.066541538882125e-25,200.0,61.3,-185.41622271424893,-1.4,-0.9674565810459391,-10.455035595014461,0.0,0.0,-26.114480014117166,-7.927014978906453,-2.803552636601865,-5.820466612806036,-5.495776703012909,-14.9
1080,3500029.23,40,34.99999416424623,35.0,291.9,0,0.0,0.7358248448622184,0.2641751551377816,2.913214461938019e-25,200.0,61.3,-185.41622271424893,-1.4,-0.9674565810459391,-10.455035595014461,0.0,0.0,-26.114480014117166,-7.927014978906453,-2.803552636601865,-5.820466612806036,-5.495776703012909,-14.9
1081,3500029.23,41,34.99999416424623,35.0,291.9,0,0.0,0.7358160322974746,0.26418396770252545,2.767553738841118e-25,200.0,61.3,-185.41622271424893,-1.4,-0.9674565810459391,-10.455035595014461,0.0,0.0,-26.114480014117166,-7.927014978906453,-2.803552636601865,-5.820466612806036,-5.495776703012909,-14.9
1082,3500029.23,42,34.99999416424623,35.0,291.9,0,0.0,0.7358065093160855,0.26419349068391446,2.629176051899062e-25,200.0,61.3,-185.41622271424893,-1.4,-0.9674565810459391,-10.455035595014461,0.0,0.0,-26.114480014117166,-7.927014978906453,-2.803552636601865,-5.820466612806036,-5.495776703012909,-14.9
1083,3500029.23,43,34.99999416424623,35.0,291.9,0,0.0,0.7357981700678182,0.26420182993218183,2.497717249304109e-25,200.0,61.3,-185.41622271424893,-1.4,-0.9674565810459391,-10.455035595014461,0.0,0.0,-26.114480014117166,-7.927014978906453,-2.803552636601865,-5.820466612806036,-5.495776703012909,-14.9
1084,3500029.23,44,34.99999416424623,35.0,291.9,0,0.0,0.7357909540039906,0.2642090459960094,2.3728313868389034e-25,200.0,61.3,-185.41622271424893,-1.4,-0.9674565810459391,-10.455035595014461,0.0,0.0,-26.114480014117166,-7.927014978906453,-2.803552636601865,-5.820466612806036,-5.495776703012909,-14.9
1085,3500029.23,45,34.99999416424623,35.0,291.9,0,0.0,0.7357866561954325,0.26421334380456757,2.254189817496959e-25,200.0,61.3,-185.41622271424893,-1.4,-0.9674565810459391,-10.455035595014461,0.0,0.0,-26.114480014117166,-7.927014978906453,-2.803552636601865,-5.820466612806036,-5.495776703012909,-14.9
1086,3500029.23,46,34.99999416424623,35.0,291.9,0,0.0,0.7357860504410548,0.2642139495589451,2.141480326622111e-25,200.0,61.3,-185.41622271424893,-1.4,-0.9674565810459391,-10.455035595014461,0.0,0.0,-26.114480014117166,-7.927014978906453,-2.803552636601865,-5.820466612806036,-5.495776703012909,-14.9
1087,3500029.23,47,34.99999416424623,35.0,291.9,0,0.0,0.735785248374253,0.2642147516257471,2.0344063102910054e-25,200.0,61.3,-185.41622271424893,-1.4,-0.9674565810459391,-10.455035595014461,0.0,0.0,-26.114480014117166,-7.927014978906453,-2.803552636601865,-5.820466612806036,-5.495776703012909,-14.9
1088,3500029.23,48,34.99999416424623,35.0,291.9,0,0.0,0.7357907217958752,0.2642092782041247,1.932685994776455e-25,200.0,61.3,-185.41622271424893,-1.4,-0.9674565810459391,-10.455035595014461,0.0,0.0,-26.114480014117166,-7.927014978906453,-2.803552636601865,-5.820466612806036,-5.495776703012909,-14.9
1089,3500029.23,49,34.99999416424623,35.0,291.9,0,0.0,0.7357966118656142,0.2642033881343858,1.8360516950376322e-25,200.0,61.3,-185.41622271424893,-1.4,-0.9674565810459391,-10.455035595014461,0.0,0.0,-26.114480014117166,-7.927014978906453,-2.803552636601865,-5.820466612806036,-5.495776703012909,-14.9
1090,3500029.23,0,34.99999416424623,35.0,291.9,0,0.0,0.7358038173551963,0.26419618264480377,1.7442491102857506e-25,200.0,61.3,-185.41622271424893,-1.4,-0.9674565810459391,-10.455035595014461,0.0,0.0,-26.114480014117166,-7.927014978906453,-2.803552636601865,-5.820466612806036,-5.495776703012909,-14.9
1091,3500029.23,1,34.99999416424623,35.0,291.9,0,0.0,0.7358104293274285,0.2641895706725716,1.657036654771463e-25,200.0,61.3,-185.41622271424893,-1.4,-0.9674565810459391,-10.455035595014461,0.0,0.0,-26.114480014117166,-7.927014978906453,-2.803552636601865,-5.820466612806036,-5.495776703012909,-14.9
1092,3500029.23,2,34.99999416424623,35.0,291.9,0,0.0,0.7358164778827577,0.2641835221172423,1.5741848220328899e-25,200.0,61.3,-185.41622271424893,-1.4,-0.9674565810459391,-10.455035595014461,0.0,0.0,-26.114480014117166,-7.927014978906453,-2.803552636601865,-5.820466612806036,-5.495776703012909,-14.9
1093,3500029.23,3,34.99999416424623,35.0,291.9,0,0.0,0.7358256645716295,0.26417433542837054,1.4954755809312453e-25,200.0,61.3,-185.41622271424893,-1.4,-0.9674565810459391,-10.455035595014461,0.0,0.0,-26.114480014117166,-7.927014978906453,-2.803552636601865,-5.820466612806036,-5.495776703012909,-14.9
1094,3500029.23,4,34.99999416424623,35.0,291.9,0,0.0,0.7358359909995452,0.2641640090004547,1.420701801884683e-25,200.0,61.3,-185.41622271424893,-1.4,-0.9674565810459391,-10.455035595014461,0.0,0.0,-26.114480014117166,-7.927014978906453,-2.803552636601865,-5.820466612806036,-5.495776703012909,-14.9
1095,3500029.23,5,34.99999416424623,35.0,291.9,0,0.0,0.7358464808483458,0.26415351915165425,1.349666711790449e-25,200.0,61.3,-185.41622271424893,-1.4,-0.9674565810459391,-10.455035595014461,0.0,0.0,-26.114480014117166,-7.927014978906453,-2.803552636601865,-5.820466612806036,-5.495776703012909,-14.9
1096,3500029.23,6,34.99999416424623,35.0,291.9,0,0.0,0.7358589550611084,0.2641410449388916,1.2821833762009264e-25,200.0,61.3,-185.41622271424893,-1.4,-0.9674565810459391,-10.455035595014461,0.0,0.0,-26.114480014117166,-7.927014978906453,-2.803552636601865,-5.820466612806036,-5.495776703012909,-14.9
1097,3500029.23,7,34.99999416424623,35.0,291.9,0,0.0,0.7358705666614058,0.2641294333385941,1.21807420739088e-25,200.0,61.3,-185.41622271424893,-1.4,-0.9674565810459391,-10.455035595014461,0.0,0.0,-26.114480014117166,-7.927014978906453,-2.803552636601865,-5.820466612806036,-5.495776703012909,-14.9
1098,3500029.23,8,34.99999416424623,35.0,291.9,0,0.0,0.7358822726590633,0.26411772734093675,1.157170497021336e-25,200.0,61.3,-185.41622271424893,-1.4,-0.9674565810459391,-10.455035595014461,0.0,0.0,-26.114480014117166,-7.927014978906453,-2.803552636601865,-5.820466612806036,-5.495776703012909,-14.9
1099,3500029.23,9,34.99999416424623,35.0,291.9,0,0.0,0.7358940670542345,0.26410593294576545,1.099311972170269e-25,200.0,61.3,-185.41622271424893,-1.4,-0.9674565810459391,-10.455035595014461,0.0,0.0,-26.114480014117166,-7.927014978906453,-2.803552636601865,-5.820466612806036,-5.495776703012909,-14.9
1100,3500029.23,10,34.99999416424623,35.0,291.9,0,0.0,0.7358995608606392,0.26410043913936077,1.0443463735617554e-25,200.0,61.3,-185.41622271424893,-1.4,-0.9674565810459391,-10.455035595014461,0.0,0.0,-26.114480014117166,-7.927014978906453,-2.803552636601865,-5.820466612806036,-5.495776703012909,-14.9
1101,3500029.23,11,34.99999416424623,35.0,291.9,0,0.0,0.7359018115818642,0.2640981884181358,9.921290548836676e-26,200.0,61.3,-185.41622271424893,-1.4,-0.9674565810459391,-10.455035595014461,0.0,0.0,-26.114480014117166,-7.927014978906453,-2.803552636601865,-5.820466612806036,-5.495776703012909,-14.9
1102,3500029.23,12,34.99999416424623,35.0,291.9,0,0.0,0.7359064507258922,0.2640935492741078,9.425226021394842e-26,200.0,61.3,-185.41622271424893,-1.4,-0.9674565810459391,-10.455035595014461,0.0,0.0,-26.114480014117166,-7.927014978906453,-2.803552636601865,-5.820466612806036,-5.495776703012909,-14.9
1103,3500029.23,13,34.99999416424623,35.0,291.9,0,0.0,0.7359106248263949,0.26408937517360503,8.953964720325099e-26,200.0,61.3,-185.41622271424893,-1.4,-0.9674565810459391,-10.455035595014461,0.0,0.0,-26.114480014117166,-7.927014978906453,-2.803552636601865,-5.820466612806036,-5.495776703012909,-14.9
1104,3500029.23,14,34.99999416424623,35.0,291.9,0,0.0,0.735918901242886,0.26408109875711405,8.506266484308844e-26,200.0,61.3,-185.41622271424893,-1.4,-0.9674565810459391,-10.455035595014461,0.0,0.0,-26.114480014117166,-7.927014978906453,-2.803552636601865,-5.820466612806036,-5.495776703012909,-14.9
1105,3500029.23,15,34.99999416424623,35.0,291.9,0,0.0,0.735928342858412,0.2640716571415879,8.080953160093401e-26,200.0,61.3,-185.41622271424893,-1.4,-0.9674565810459391,-10.455035595014461,0.0,0.0,-26.114480014117166,-7.927014978906453,-2.803552636601865,-5.820466612806036,-5.495776703012909,-14.9
1106,3500029.23,16,34.99999416424623,35.0,291.9,0,0.0,0.7359352612331341,0.2640647387668658,7.676905502088731e-26,200.0,61.3,-185.41622271424893,-1.4,-0.9674565810459391,-10.455035595014461,0.0,0.0,-26.114480014117166,-7.927014978906453,-2.803552636601865,-5.820466612806036,-5.495776703012909,-14.9
1107,3500029.23,17,34.99999416424623,35.0,291.9,0,0.0,0.7359425043371834,0.2640574956628165,7.293060226984294e-26,200.0,61.3,-185.41622271424893,-1.4,-0.9674565810459391,-10.455035595014461,0.0,0.0,-26.114480014117166,-7.927014978906453,-2.803552636601865,-5.820466612806036,-5.495776703012909,-14.9
1108,3500029.23,18,34.99999416424623,35.0,291.9,0,0.0,0.7359437165969166,0.26405628340308346,6.92840721563508e-26,200.0,61.3,-185.41622271424893,-1.4,-0.9674565810459391,-10.455035595014461,0.0,0.0,-26.114480014117166,-7.927014978906453,-2.803552636601865,-5.820466612806036,-5.495776703012909,-14.9
1109,3500029.23,19,34.99999416424623,35.0,291.9,0,0.0,0.7359455425344817,0.2640544574655183,6.581986854853326e-26,200.0,61.3,-185.41622271424893,-1.4,-0.9674565810459391,-10.455035595014461,0.0,0.0,-26.114480014117166,-7.927014978906453,-2.803552636601865,-5.820466612806036,-5.495776703012909,-14.9
1110,3500029.23,20,34.99999416424623,35.0,291.9,0,0.0,0.7359479501996783,0.2640520498003217,6.25288751211066e-26,200.0,61.3,-185.41622271424893,-1.4,-0.9674565810459391,-10.455035595014461,0.0,0.0,-26.114480014117166,-7.927014978906453,-2.803552636601865,-5.820466612806036,-5.495776703012909,-14.9
1111,3500029.23,21,34.99999416424623,35.0,291.9,0,0.0,0.7359445857443281,0.2640554142556719,5.940243136505127e-26,200.0,61.3,-185.41622271424893,-1.4,-0.9674565810459391,-10.455035595014461,0.0,0.0,-26.114480014117166,-7.927014978906453,-2.803552636601865,-5.820466612806036,-5.495776703012909,-14.9
1112,3500029.23,22,34.99999416424623,35.0,291.9,0,0.0,0.7359429688656469,0.26405703113435314,5.64323097967987e-26,200.0,61.3,-185.41622271424893,-1.4,-0.9674565810459391,-10.455035595014461,0.0,0.0,-26.114480014117166,-7.927014978906453,-2.803552636601865,-5.820466612806036,-5.495776703012909,-14.9
1113,3500029.23,23,34.99999416424623,35.0,291.9,0,0.0,0.7359384994811816,0.2640615005188183,5.361069430695876e-26,200.0,61.3,-185.41622271424893,-1.4,-0.9674565810459391,-10.455035595014461,0.0,0.0,-26.114480014117166,-7.927014978906453,-2.803552636601865,-5.820466612806036,-5.495776703012909,-14.9
1114,3500029.23,24,34.99999416424623,35.0,291.9,0,0.0,0.735930423083831,0.2640695769161689,5.093015959161082e-26,200.0,61.3,-185.41622271424893,-1.4,-0.9674565810459391,-10.455035595014461,0.0,0.0,-26.114480014117166,-7.927014978906453,-2.803552636601865,-5.820466612806036,-5.495776703012909,-14.9
1115,3500029.23,25,34.99999416424623,35.0,291.9,0,0.0,0.7359207276787221,0.264079272321278,4.838365161203028e-26,200.0,61.3,-185.41622271424893,-1.4,-0.9674565810459391,-10.455035595014461,0.0,0.0,-26.114480014117166,-7.927014978906453,-2.803552636601865,-5.820466612806036,-5.495776703012909,-14.9
1116,3500029.23,26,34.99999416424623,35.0,291.9,0,0.0,0.7359193967374744,0.2640806032625255,4.5964469031428765e-26,200.0,61.3,-185.41622271424893,-1.4,-0.9674565810459391,-10.455035595014461,0.0,0.0,-26.114480014117166,-7.927014978906453,-2.803552636601865,-5.820466612806036,-5.495776703012909,-14.9
1117,3500029.23,27,34.99999416424623,35.0,291.9,0,0.0,0.7359152101234546,0.26408478987654543,4.366624557985733e-26,200.0,61.3,-185.41622271424893,-1.4,-0.9674565810459391,-10.455035595014461,0.0,0.0,-26.114480014117166,-7.927014978906453,-2.803552636601865,-5.820466612806036,-5.495776703012909,-14.9
1118,3500029.23,28,34.99999416424623,35.0,291.9,0,0.0,0.7359137039958459,0.26408629600415406,4.1482933300864446e-26,200.0,61.3,-185.41622271424893,-1.4,-0.9674565810459391,-10.455035595014461,0.0,0.0,-26.114480014117166,-7.927014978906453,-2.803552636601865,-5.820466612806036,-5.495776703012909,-14.9
1119,3500029.23,29,34.99999416424623,35.0,291.9,0,0.0,0.7359102538179987,0.2640897461820014,3.9408786635821225e-26,200.0,61.3,-185.41622271424893,-1.4,-0.9674565810459391,-10.455035595014461,0.0,0.0,-26.114480014117166,-7.927014978906453,-2.803552636601865,-5.820466612806036,-5.495776703012909,-14.9
1120,3500029.23,30,34.99999416424623,35.0,291.9,0,0.0,0.7359049600261055,0.26409503997389444,3.7438347304030164e-26,200.0,61.3,-185.41622271424893,-1.4,-0.9674565810459391,-10.455035595014461,0.0,0.0,-26.114480014117166,-7.927014978906453,-2.803552636601865,-5.820466612806036,-5.495776703012909,-14.9
1121,3500029.23,31,34.99999416424623,35.0,291.9,0,0.0,0.7358997099310606,0.2641002900689395,3.556642993882866e-26,200.0,61.3,-185.41622271424893,-1.4,-0.9674565810459391,-10.455035595014461,0.0,0.0,-26.114480014117166,-7.927014978906453,-2.803552636601865,-5.820466612806036,-5.495776703012909,-14.9
1122,3500029.23,32,34.99999416424623,35.0,291.9,0,0.0,0.7358953967910101,0.2641046032089898,3.3788108441887223e-26,200.0,61.3,-185.41622271424893,-1.4,-0.9674565810459391,-10.455035595014461,0.0,0.0,-26.114480014117166,-7.927014978906453,-2.803552636601865,-5.820466612806036,-5.495776703012909,-14.9
1123,3500029.23,33,34.99999416424623,35.0,291.9,0,0.0,0.7358919725058412,0.26410802749415885,3.209870301979287e-26,200.0,61.3,-185.41622271424893,-1.4,-0.9674565810459391,-10.455035595014461,0.0,0.0,-26.114480014117166,-7.927014978906453,-2.803552636601865,-5.820466612806036,-5.495776703012909,-14.9
1124,3500029.23,34,34.99999416424623,35.0,291.9,0,0.0,0.7358911778172995,0.26410882218270043,3.0493767868803227e-26,200.0,61.3,-185.41622271424893,-1.4,-0.9674565810459391,-10.455035595014461,0.0,0.0,-26.114480014117166,-7.927014978906453,-2.803552636601865,-5.820466612806036,-5.495776703012909,-14.9
1125,3500029.23,35,34.99999416424623,35.0,291.9,0,0.0,0.7358901995319966,0.2641098004680034,2.896907947536307e-26,200.0,61.3,-185.41622271424893,-1.4,-0.9674565810459391,-10.455035595014461,0.0,0.0,-26.114480014117166,-7.927014978906453,-2.803552636601865,-5.820466612806036,-5.495776703012909,-14.9
1126,3500029.23,36,34.99999416424623,35.0,291.9,0,0.0,0.7358943953297465,0.2641056046702535,2.7520625501594915e-26,200.0,61.3,-185.41622271424893,-1.4,-0.9674565810459391,-10.455035595014461,0.0,0.0,-26.114480014117166,-7.927014978906453,-2.803552636601865,-5.820466612806036,-5.495776703012909,-14.9
1127,3500029.23,37,34.99999416424623,35.0,291.9,0,0.0,0.7358990444420569,0.26410095555794305,2.614459422651517e-26,200.0,61.3,-185.41622271424893,-1.4,-0.9674565810459391,-10.455035595014461,0.0,0.0,-26.114480014117166,-7.927014978906453,-2.803552636601865,-5.820466612806036,-5.495776703012909,-14.9
1128,3500029.23,38,34.99999416424623,35.0,291.9,0,0.0,0.7359032335233204,0.26409676647667957,2.483736451518941e-26,200.0,61.3,-185.41622271424893,-1.4,-0.9674565810459391,-10.455035595014461,0.0,0.0,-26.114480014117166,-7.927014978906453,-2.803552636601865,-5.820466612806036,-5.495776703012909,-14.9
1129,3500029.23,39,34.99999416424623,35.0,291.9,0,0.0,0.7359016522777844,0.2640983477222156,2.359549628942994e-26,200.0,61.3,-185.41622271424893,-1.4,-0.9674565810459391,-10.455035595014461,0.0,0.0,-26.114480014117166,-7.927014978906453,-2.803552636601865,-5.820466612806036,-5.495776703012909,-14.9
1130,3500029.23,40,34.99999416424623,35.0,291.9,0,0.0,0.7359025928283689,0.2640974071716311,2.241572147495844e-26,200.0,61.3,-185.41622271424893,-1.4,-0.9674565810459391,-10.455035595014461,0.0,0.0,-26.114480014117166,-7.927014978906453,-2.803552636601865,-5.820466612806036,-5.495776703012909,-14.9
1131,3500029.23,41,34.99999416424623,35.0,291.9,0,0.0,0.7359050369471167,0.2640949630528833,2.129493540121052e-26,200.0,61.3,-185.41622271424893,-1.4,-0.9674565810459391,-10.455035595014461,0.0,0.0,-26.114480014117166,-7.927014978906453,-2.803552636601865,-5.820466612806036,-5.495776703012909,-14.9
1132,3500029.23,42,34.99999416424623,35.0,291.9,0,0.0,0.7359053605270327,0.26409463947296724,2.0230188631149995e-26,200.0,61.3,-185.41622271424893,-1.4,-0.9674565810459391,-10.455035595014461,0.0,0.0,-26.114480014117166,-7.927014978906453,-2.803552636601865,-5.820466612806036,-5.495776703012909,-14.9
1133,3500029.23,43,34.99999416424623,35.0,291.9,0,0.0,0.7359036727576217,0.26409632724237836,1.9218679199592497e-26,200.0,61.3,-185.41622271424893,-1.4,-0.9674565810459391,-10.455035595014461,0.0,0.0,-26.114480014117166,-7.927014978906453,-2.803552636601865,-5.820466612806036,-5.495776703012909,-14.9
1134,3500029.23,44,34.99999416424623,35.0,291.9,0,0.0,0.7359018480222114,0.2640981519777887,1.8257745239612875e-26,200.0,61.3,-185.41622271424893,-1.4,-0.9674565810459391,-10.455035595014461,0.0,0.0,-26.114480014117166,-7.927014978906453,-2.803552636601865,-5.820466612806036,-5.495776703012909,-14.9
1135,3500029.23,45,34.99999416424623,35.0,291.9,0,0.0,0.7359060831213946,0.26409391687860545,1.734485797763223e-26,200.0,61.3,-185.41622271424893,-1.4,-0.9674565810459391,-10.455035595014461,0.0,0.0,-26.114480014117166,-7.927014978906453,-2.803552636601865,-5.820466612806036,-5.495776703012909,-14.9
1136,3500029.23,46,34.99999416424623,35.0,291.9,0,0.0,0.7359107636952616,0.2640892363047384,1.6477615078750618e-26,200.0,61.3,-185.41622271424893,-1.4,-0.9674565810459391,-10.455035595014461,0.0,0.0,-26.114480014117166,-7.927014978906453,-2.803552636601865,-5.820466612806036,-5.495776703012909,-14.9
1137,3500029.23,47,34.99999416424623,35.0,291.9,0,0.0,0.7359185127714092,0.26408148722859087,1.5653734324813086e-26,200.0,61.3,-185.41622271424893,-1.4,-0.9674565810459391,-10.455035595014461,0.0,0.0,-26.114480014117166,-7.927014978906453,-2.803552636601865,-5.820466612806036,-5.495776703012909,-14.9
1138,3500029.23,48,34.99999416424623,35.0,291.9,0,0.0,0.7359247641195238,0.2640752358804762,1.487104760857243e-26,200.0,61.3,-185.41622271424893,-1.4,-0.9674565810459391,-10.455035595014461,0.0,0.0,-26.114480014117166,-7.927014978906453,-2.803552636601865,-5.820466612806036,-5.495776703012909,-14.9
1139,3500029.23,49,34.99999416424623,35.0,291.9,0,0.0,0.7359278329437984,0.26407216705620157,1.412749522814381e-26,200.0,61.3,-185.41622271424893,-1.4,-0.9674565810459391,-10.455035595014461,0.0,0.0,-26.114480014117166,-7.927014978906453,-2.803552636601865,-5.820466612806036,-5.495776703012909,-14.9
1140,3500029.23,0,34.99999416424623,35.0,291.9,0,0.0,0.7359278826388818,0.2640721173611183,1.342112046673662e-26,200.0,61.3,-185.41622271424893,-1.4,-0.9674565810459391,-10.455035595014461,0.0,0.0,-26.114480014117166,-7.927014978906453,-2.803552636601865,-5.820466612806036,-5.495776703012909,-14.9
1141,3500029.23,1,34.99999416424623,35.0,291.9,0,0.0,0.7359285869095616,0.2640714130904384,1.2750064443399789e-26,200.0,61.3,-185.41622271424893,-1.4,-0.9674565810459391,-10.455035595014461,0.0,0.0,-26.114480014117166,-7.927014978906453,-2.803552636601865,-5.820466612806036,-5.495776703012909,-14.9
1142,3500029.23,2,34.99999416424623,35.0,291.9,0,0.0,0.7359237595010532,0.26407624049894685,1.21125612212298e-26,200.0,61.3,-185.41622271424893,-1.4,-0.9674565810459391,-10.455035595014461,0.0,0.0,-26.114480014117166,-7.927014978906453,-2.803552636601865,-5.820466612806036,-5.495776703012909,-14.9
1143,3500029.23,3,34.99999416424623,35.0,291.9,0,0.0,0.7359207122328267,0.26407928776717327,1.1506933160168309e-26,200.0,61.3,-185.41622271424893,-1.4,-0.9674565810459391,-10.455035595014461,0.0,0.0,-26.114480014117166,-7.927014978906453,-2.803552636601865,-5.820466612806036,-5.495776703012909,-14.9
1144,3500029.23,4,34.99999416424623,35.0,291.9,0,0.0,0.7359149654387074,0.26408503456129256,1.0931586502159894e-26,200.0,61.3,-185.41622271424893,-1.4,-0.9674565810459391,-10.455035595014461,0.0,0.0,-26.114480014117166,-7.927014978906453,-2.803552636601865,-5.820466612806036,-5.495776703012909,-14.9
1145,3500029.23,5,34.99999416424623,35.0,291.9,0,0.0,0.735911043399591,0.264088956600409,1.03850071770519e-26,200.0,61.3,-185.41622271424893,-1.4,-0.9674565810459391,-10.455035595014461,0.0,0.0,-26.114480014117166,-7.927014978906453,-2.803552636601865,-5.820466612806036,-5.495776703012909,-14.9
1146,3500029.23,6,34.99999416424623,35.0,291.9,0,0.0,0.7359070999420966,0.2640929000579034,9.865756818199304e-27,200.0,61.3,-185.41622271424893,-1.4,-0.9674565810459391,-10.455035595014461,0.0,0.0,-26.114480014117166,-7.927014978906453,-2.803552636601865,-5.820466612806036,-5.495776703012909,-14.9
1147,3500029.23,7,34.99999416424623,35.0,291.9,0,0.0,0.7359040118055772,0.26409598819442287,9.37246897728934e-27,200.0,61.3,-185.41622271424893,-1.4,-0.9674565810459391,-10.455035595014461,0.0,0.0,-26.114480014117166,-7.927014978906453,-2.803552636601865,-5.820466612806036,-5.495776703012909,-14.9
1148,3500029.23,8,34.99999416424623,35.0,291.9,0,0.0,0.7358973619435046,0.26410263805649536,8.903845528424872e-27,200.0,61.3,-185.41622271424893,-1.4,-0.9674565810459391,-10.455035595014461,0.0,0.0,-26.114480014117166,-7.927014978906453,-2.803552636601865,-5.820466612806036,-5.495776703012909,-14.9
1149,3500029.23,9,34.99999416424623,35.0,291.9,0,0.0,0.7358873336139279,0.26411266638607206,8.458653252003629e-27,200.0,61.3,-185.41622271424893,-1.4,-0.9674565810459391,-10.455035595014461,0.0,0.0,-26.114480014117166,-7.927014978906453,-2.803552636601865,-5.820466612806036,-5.495776703012909,-14.9
1150,3500029.23,10,34.99999416424623,35.0,291.9,0,0.0,0.7358741009012045,0.2641258990987955,8.035720589403448e-27,200.0,61.3,-185.41622271424893,-1.4,-0.9674565810459391,-10.455035595014461,0.0,0.0,-26.114480014117166,-7.927014978906453,-2.803552636601865,-5.820466612806036,-5.495776703012909,-14.9
1151,3500029.23,11,34.99999416424623,35.0,291.9,0,0.0,0.7358569556889528,0.2641430443110471,7.633934559933275e-27,200.0,61.3,-185.41622271424893,-1.4,-0.9674565810459391,-10.455035595014461,0.0,0.0,-26.114480014117166,-7.927014978906453,-2.803552636601865,-5.820466612806036,-5.495776703012909,-14.9
1152,3500029.23,12,34.99999416424623,35.0,291.9,0,0.0,0.7358395915625422,0.26416040843745775,7.25223783193661e-27,200.0,61.3,-185.41622271424893,-1.4,-0.9674565810459391,-10.455035595014461,0.0,0.0,-26.114480014117166,-7.927014978906453,-2.803552636601865,-5.820466612806036,-5.495776703012909,-14.9
1153,3500029.23,13,34.99999416424623,35.0,291.9,0,0.0,0.7358246374426572,0.2641753625573428,6.88962594033978e-27,200.0,61.3,-185.41622271424893,-1.4,-0.9674565810459391,-10.455035595014461,0.0,0.0,-26.114480014117166,-7.927014978906453,-2.803552636601865,-5.820466612806036,-5.495776703012909,-14.9
1154,3500029.23,14,34.99999416424623,35.0,291.9,0,0.0,0.7358093563727134,0.2641906436272866,6.54514464332279e-27,200.0,61.3,-185.41622271424893,-1.4,-0.9674565810459391,-10.455035595014461,0.0,0.0,-26.114480014117166,-7.927014978906453,-2.803552636601865,-5.820466612806036,-5.495776703012909,-14.9
1155,3500029.23,15,34.99999416424623,35.0,291.9,0,0.0,0.735793766460475,0.264206233539525,6.2178874111566505e-27,200.0,61.3,-185.41622271424893,-1.4,-0.9674565810459391,-10.455035595014461,0.0,0.0,-26.114480014117166,-7.927014978906453,-2.803552636601865,-5.820466612806036,-5.495776703012909,-14.9
1156,3500029.23,16,34.99999416424623,35.0,291.9,0,0.0,0.7357778849039968,0.26422211509600324,5.9069930405988176e-27,200.0,61.3,-185.41622271424893,-1.4,-0.9674565810459391,-10.455035595014461,0.0,0.0,-26.114480014117166,-7.927014978906453,-2.803552636601865,-5.820466612806036,-5.495776703012909,-14.9
1157,3500029.23,17,34.99999416424623,35.0,291.9,0,0.0,0.7357608587126822,0.26423914128731785,5.6116433885688765e-27,200.0,61.3,-185.41622271424893,-1.4,-0.9674565810459391,-10.455035595014461,0.0,0.0,-26.114480014117166,-7.927014978906453,-2.803552636601865,-5.820466612806036,-5.495776703012909,-14.9
1158,3500029.23,18,34.99999416424623,35.0,291.9,0,0.0,0.7357462226135469,0.2642537773864531,5.331061219140433e-27,200.0,61.3,-185.41622271424893,-1.4,-0.9674565810459391,-10.455035595014461,0.0,0.0,-26.114480014117166,-7.927014978906453,-2.803552636601865,-5.820466612806036,-5.495776703012909,-14.9
1159,3500029.23,19,34.99999416424623,35.0,291.9,0,0.0,0.7357338542024859,0.264266145797514,5.0645081581834095e-27,200.0,61.3,-185.41622271424893,-1.4,-0.9674565810459391,-10.455035595014461,0.0,0.0,-26.114480014117166,-7.927014978906453,-2.803552636601865,-5.820466612806036,-5.495776703012909,-14.9
1160,3500029.23,20,34.99999416424623,35.0,291.9,0,0.0,0.7357219036326665,0.2642780963673334,4.811282750274239e-27,200.0,61.3,-185.41622271424893,-1.4,-0.9674565810459391,-10.455035595014461,0.0,0.0,-26.114480014117166,-7.927014978906453,-2.803552636601865,-5.820466612806036,-5.495776703012909,-14.9
1161,3500029.23,21,34.99999416424623,35.0,291.9,0,0.0,0.7357060188272033,0.26429398117279673,4.570718612760527e-27,200.0,61.3,-185.41622271424893,-1.4,-0.9674565810459391,-10.455035595014461,0.0,0.0,-26.114480014117166,-7.927014978906453,-2.803552636601865,-5.820466612806036,-5.495776703012909,-14.9
1162,3500029.23,22,34.99999416424623,35.0,291.9,0,0.0,0.735692463397973,0.26430753660202705,4.342182682122501e-27,200.0,61.3,-185.41622271424893,-1.4,-0.9674565810459391,-10.455035595014461,0.0,0.0,-26.114480014117166,-7.927014978906453,-2.803552636601865,-5.820466612806036,-5.495776703012909,-14.9
1163,3500029.23,23,34.99999416424623,35.0,291.9,0,0.0,0.7356793883849926,0.26432061161500736,4.125073548016376e-27,200.0,61.3,-185.41622271424893,-1.4,-0.9674565810459391,-10.455035595014461,0.0,0.0,-26.114480014117166,-7.927014978906453,-2.803552636601865,-5.820466612806036,-5.495776703012909,-14.9
1164,3500029.23,24,34.99999416424623,35.0,291.9,0,0.0,0.735667634214316,0.2643323657856839,3.9188198706155566e-27,200.0,61.3,-185.41622271424893,-1.4,-0.9674565810459391,-10.455035595014461,0.0,0.0,-26.114480014117166,-7.927014978906453,-2.803552636601865,-5.820466612806036,-5.495776703012909,-14.9
1165,3500029.23,25,34.99999416424623,35.0,291.9,0,0.0,0.7356562703411502,0.2643437296588497,3.722878877084779e-27,200.0,61.3,-185.41622271424893,-1.4,-0.9674565810459391,-10.455035595014461,0.0,0.0,-26.114480014117166,-7.927014978906453,-2.803552636601865,-5.820466612806036,-5.495776703012909,-14.9
1166,3500029.23,26,34.99999416424623,35.0,291.9,0,0.0,0.7356487274737704,0.2643512725262296,3.53673493323054e-27,200.0,61.3,-185.41622271424893,-1.4,-0.9674565810459391,-10.455035595014461,0.0,0.0,-26.114480014117166,-7.927014978906453,-2.803552636601865,-5.820466612806036,-5.495776703012909,-14.9
1167,3500029.23,27,34.99999416424623,35.0,291.9,0,0.0,0.7356387769777946,0.26436122302220544,3.359898186569013e-27,200.0,61.3,-185.41622271424893,-1.4,-0.9674565810459391,-10.455035595014461,0.0,0.0,-26.114480014117166,-7.927014978906453,-2.803552636601865,-5.820466612806036,-5.495776703012909,-14.9
1168,3500029.23,28,34.99999416424623,35.0,291.9,0,0.0,0.7356291268777002,0.2643708731222998,3.1919032772405627e-27,200.0,61.3,-185.41622271424893,-1.4,-0.9674565810459391,-10.455035595014461,0.0,0.0,-26.114480014117166,-7.927014978906453,-2.803552636601865,-5.820466612806036,-5.495776703012909,-14.9
1169,3500029.23,29,34.99999416424623,35.0,291.9,0,0.0,0.7356171810672492,0.26438281893275084,3.032308113378535e-27,200.0,61.3,-185.41622271424893,-1.4,-0.9674565810459391,-10.455035595014461,0.0,0.0,-26.114480014117166,-7.927014978906453,-2.803552636601865,-5.820466612806036,-5.495776703012909,-14.9
1170,3500029.23,30,34.99999416424623,35.0,291.9,0,0.0,0.7356090771178208,0.2643909228821792,2.880692707709608e-27,200.0,61.3,-185.41622271424893,-1.4,-0.9674565810459391,-10.455035595014461,0.0,0.0,-26.114480014117166,-7.927014978906453,-2.803552636601865,-5.820466612806036,-5.495776703012909,-14.9
1171,3500029.23,31,34.99999416424623,35.0,291.9,0,0.0,0.735601181518783,0.2643988184812171,2.736658072324128e-27,200.0,61.3,-185.41622271424893,-1.4,-0.9674565810459391,-10.455035595014461,0.0,0.0,-26.114480014117166,-7.927014978906453,-2.803552636601865,-5.820466612806036,-5.495776703012909,-14.9
1172,3500029.23,32,34.99999416424623,35.0,291.9,0,0.0,0.7355926260220726,0.26440737397792735,2.5998251687079215e-27,200.0,61.3,-185.41622271424893,-1.4,-0.9674565810459391,-10.455035595014461,0.0,0.0,-26.114480014117166,-7.927014978906453,-2.803552636601865,-5.820466612806036,-5.495776703012909,-14.9
1173,3500029.23,33,34.99999416424623,35.0,291.9,0,0.0,0.7355834453238125,0.2644165546761875,2.4698339102725255e-27,200.0,61.3,-185.41622271424893,-1.4,-0.9674565810459391,-10.455035595014461,0.0,0.0,-26.114480014117166,-7.927014978906453,-2.803552636601865,-5.820466612806036,-5.495776703012909,-14.9
1174,3500029.23,34,34.99999416424623,35.0,291.9,0,0.0,0.7355779560148573,0.26442204398514263,2.346342214758899e-27,200.0,61.3,-185.41622271424893,-1.4,-0.9674565810459391,-10.455035595014461,0.0,0.0,-26.114480014117166,-7.927014978906453,-2.803552636601865,-5.820466612806036,-5.495776703012909,-14.9
1175,3500029.23,35,34.99999416424623,35.0,291.9,0,0.0,0.7355734000184866,0.2644265999815134,2.2290251040209543e-27,200.0,61.3,-185.41622271424893,-1.4,-0.9674565810459391,-10.455035595014461,0.0,0.0,-26.114480014117166,-7.927014978906453,-2.803552636601865,-5.820466612806036,-5.495776703012909,-14.9
1176,3500029.23,36,34.99999416424623,35.0,291.9,0,0.0,0.7355671642566091,0.26443283574339094,2.1175738488199066e-27,200.0,61.3,-185.41622271424893,-1.4,-0.9674565810459391,-10.455035595014461,0.0,0.0,-26.114480014117166,-7.927014978906453,-2.803552636601865,-5.820466612806036,-5.495776703012909,-14.9
1177,3500029.23,37,34.99999416424623,35.0,291.9,0,0.0,0.7355627535173519,0.26443724648264805,2.011695156378911e-27,200.0,61.3,-185.41622271424893,-1.4,-0.9674565810459391,-10.455035595014461,0.0,0.0,-26.114480014117166,-7.927014978906453,-2.803552636601865,-5.820466612806036,-5.495776703012909,-14.9
1178,3500029.23,38,34.99999416424623,35.0,291.9,0,0.0,0.7355549516114297,0.26444504838857025,1.9111103985599655e-27,200.0,61.3,-185.41622271424893,-1.4,-0.9674565810459391,-10.455035595014461,0.0,0.0,-26.114480014117166,-7.927014978906453,-2.803552636601865,-5.820466612806036,-5.495776703012909,-14.9
1179,3500029.23,39,34.99999416424623,35.0,291.9,0,0.0,0.7355456397982979,0.2644543602017021,1.8155548786319674e-27,200.0,61.3,-185.41622271424893,-1.4,-0.9674565810459391,-10.455035595014461,0.0,0.0,-26.114480014117166,-7.927014978906453,-2.803552636601865,-5.820466612806036,-5.495776703012909,-14.9
1180,3500029.23,40,34.99999416424623,35.0,291.9,0,0.0,0.7355400117467575,0.2644599882532424,1.724777134700369e-27,200.0,61.3,-185.41622271424893,-1.4,-0.9674565810459391,-10.455035595014461,0.0,0.0,-26.114480014117166,-7.927014978906453,-2.803552636601865,-5.820466612806036,-5.495776703012909,-14.9
1181,3500029.23,41,34.99999416424623,35.0,291.9,0,0.0,0.735538728098364,0.264461271901636,1.6385382779653504e-27,200.0,61.3,-185.41622271424893,-1.4,-0.9674565810459391,-10.455035595014461,0.0,0.0,-26.114480014117166,-7.927014978906453,-2.803552636601865,-5.820466612806036,-5.495776703012909,-14.9
1182,3500029.23,42,34.99999416424623,35.0,291.9,0,0.0,0.7355398625506726,0.2644601374493274,1.5566113640670828e-27,200.0,61.3,-185.41622271424893,-1.4,-0.9674565810459391,-10.455035595014461,0.0,0.0,-26.114480014117166,-7.927014978906453,-2.803552636601865,-5.820466612806036,-5.495776703012909,-14.9
1183,3500029.23,43,34.99999416424623,35.0,291.9,0,0.0,0.7355466868664359,0.26445331313356407,1.4787807958637286e-27,200.0,61.3,-185.41622271424893,-1.4,-0.9674565810459391,-10.455035595014461,0.0,0.0,-26.114480014117166,-7.927014978906453,-2.803552636601865,-5.820466612806036,-5.495776703012909,-14.9
1184,3500029.23,44,34.99999416424623,35.0,291.9,0,0.0,0.7355538145318259,0.2644461854681741,1.4048417560705423e-27,200.0,61.3,-185.41622271424893,-1.4,-0.9674565810459391,-10.455035595014461,0.0,0.0,-26.114480014117166,-7.927014978906453,-2.803552636601865,-5.820466612806036,-5.495776703012909,-14.9
1185,3500029.23,45,34.99999416424623,35.0,291.9,0,0.0,0.7355646191463181,0.2644353808536819,1.3345996682670151e-27,200.0,61.3,-185.41622271424893,-1.4,-0.9674565810459391,-10.455035595014461,0.0,0.0,-26.114480014117166,-7.927014978906453,-2.803552636601865,-5.820466612806036,-5.495776703012909,-14.9
1186,3500029.23,46,34.99999416424623,35.0,291.9,0,0.0,0.7355729827371,0.26442701726289997,1.2678696848536643e-27,200.0,61.3,-185.41622271424893,-1.4,-0.9674565810459391,-10.455035595014461,0.0,0.0,-26.114480014117166,-7.927014978906453,-2.803552636601865,-5.820466612806036,-5.495776703012909,-14.9
1187,3500029.23,47,34.99999416424623,35.0,291.9,0,0.0,0.7355824145189614,0.2644175854810386,1.2044762006109813e-27,200.0,61.3,-185.41622271424893,-1.4,-0.9674565810459391,-10.455035595014461,0.0,0.0,-26.114480014117166,-7.927014978906453,-2.803552636601865,-5.820466612806036,-5.495776703012909,-14.9
1188,3500029.23,48,34.99999416424623,35.0,291.9,0,0.0,0.7355911680205738,0.26440883197942616,1.1442523905804322e-27,200.0,61.3,-185.41622271424893,-1.4,-0.9674565810459391,-10.455035595014461,0.0,0.0,-26.114480014117166,-7.927014978906453,-2.803552636601865,-5.820466612806036,-5.495776703012909,-14.9
1189,3500029.23,49,34.99999416424623,35.0,291.9,0,0.0,0.73560349932305,0.2643965006769499,1.0870397710514107e-27,200.0,61.3,-185.41622271424893,-1.4,-0.9674565810459391,-10.455035595014461,0.0,0.0,-26.114480014117166,-7.927014978906453,-2.803552636601865,-5.820466612806036,-5.495776703012909,-14.9
1190,3500029.23,0,34.99999416424623,35.0,291.9,0,0.0,0.7356209073550729,0.26437909264492704,1.0326877824988402e-27,200.0,61.3,-185.41622271424893,-1.4,-0.9674565810459391,-10.455035595014461,0.0,0.0,-26.114480014117166,-7.927014978906453,-2.803552636601865,-5.820466612806036,-5.495776703012909,-14.9
1191,3500029.23,1,34.99999416424623,35.0,291.9,0,0.0,0.7356397576338721,0.2643602423661278,9.810533933738984e-28,200.0,61.3,-185.41622271424893,-1.4,-0.9674565810459391,-10.455035595014461,0.0,0.0,-26.114480014117166,-7.927014978906453,-2.803552636601865,-5.820466612806036,-5.495776703012909,-14.9
1192,3500029.23,2,34.99999416424623,35.0,291.9,0,0.0,0.7356608148070225,0.2643391851929775,9.320007237052037e-28,200.0,61.3,-185.41622271424893,-1.4,-0.9674565810459391,-10.455035595014461,0.0,0.0,-26.114480014117166,-7.927014978906453,-2.803552636601865,-5.820466612806036,-5.495776703012909,-14.9
1193,3500029.23,3,34.99999416424623,35.0,291.9,0,0.0,0.7356814414135978,0.2643185585864022,8.854006875199435e-28,200.0,61.3,-185.41622271424893,-1.4,-0.9674565810459391,-10.455035595014461,0.0,0.0,-26.114480014117166,-7.927014978906453,-2.803552636601865,-5.820466612806036,-5.495776703012909,-14.9
1194,3500029.23,4,34.99999416424623,35.0,291.9,0,0.0,0.7357008182352294,0.2642991817647706,8.411306531439463e-28,200.0,61.3,-185.41622271424893,-1.4,-0.9674565810459391,-10.455035595014461,0.0,0.0,-26.114480014117166,-7.927014978906453,-2.803552636601865,-5.820466612806036,-5.495776703012909,-14.9
1195,3500029.23,5,34.99999416424623,35.0,291.9,0,0.0,0.7357164907984153,0.2642835092015848,7.990741204867491e-28,200.0,61.3,-185.41622271424893,-1.4,-0.9674565810459391,-10.455035595014461,0.0,0.0,-26.114480014117166,-7.927014978906453,-2.803552636601865,-5.820466612806036,-5.495776703012909,-14.9
1196,3500029.23,6,34.99999416424623,35.0,291.9,0,0.0,0.7357278094310956,0.26427219056890444,7.591204144624116e-28,200.0,61.3,-185.41622271424893,-1.4,-0.9674565810459391,-10.455035595014461,0.0,0.0,-26.114480014117166,-7.927014978906453,-2.803552636601865,-5.820466612806036,-5.495776703012909,-14.9
1197,3500029.23,7,34.99999416424623,35.0,291.9,0,0.0,0.7357391876475199,0.2642608123524801,7.21164393739291e-28,200.0,61.3,-185.41622271424893,-1.4,-0.9674565810459391,-10.455035595014461,0.0,0.0,-26.114480014117166,-7.927014978906453,-2.803552636601865,-5.820466612806036,-5.495776703012909,-14.9
1198,3500029.23,8,34.99999416424623,35.0,291.9,0,0.0,0.7357472716932822,0.26425272830671775,6.851061740523264e-28,200.0,61.3,-185.41622271424893,-1.4,-0.9674565810459391,-10.455035595014461,0.0,0.0,-26.114480014117166,-7.927014978906453,-2.803552636601865,-5.820466612806036,-5.495776703012909,-14.9
1199,3500029.23,9,34.99999416424623,35.0,291.9,0,0.0,0.735754741052791,0.2642452589472089,6.508508653497101e-28,200.0,61.3,-185.41622271424893,-1.4,-0.9674565810459391,-10.455035595014461,0.0,0.0,-26.114480014117166,-7.927014978906453,-2.803552636601865,-5.820466612806036,-5.495776703012909,-14.9
1200,3500029.23,10,34.99999416424623,35.0,291.9,0,0.0,0.7357649710189512,0.26423502898104884,6.183083220822246e-28,200.0,61.3,-185.41622271424893,-1.4,-0.9674565810459391,-10.455035595014461,0.0,0.0,-26.114480014117166,-7.927014978906453,-2.803552636601865,-5.820466612806036,-5.495776703012909,-14.9
1201,3500029.23,11,34.99999416424623,35.0,291.9,0,0.0,0.7357778173635046,0.2642221826364955,5.873929059781134e-28,200.0,61.3,-185.41622271424893,-1.4,-0.9674565810459391,-10.455035595014461,0.0,0.0,-26.114480014117166,-7.927014978906453,-2.803552636601865,-5.820466612806036,-5.495776703012909,-14.9
1202,3500029.23,12,34.99999416424623,35.0,291.9,0,0.0,0.7357914749272841,0.26420852507271586,5.580232606792077e-28,200.0,61.3,-185.41622271424893,-1.4,-0.9674565810459391,-10.455035595014461,0.0,0.0,-26.114480014117166,-7.927014978906453,-2.803552636601865,-5.820466612806036,-5.495776703012909,-14.9
1203,3500029.23,13,34.99999416424623,35.0,291.9,0,0.0,0.7358042337137031,0.2641957662862969,5.3012209764524735e-28,200.0,61.3,-185.41622271424893,-1.4,-0.9674565810459391,-10.455035595014461,0.0,0.0,-26.114480014117166,-7.927014978906453,-2.803552636601865,-5.820466612806036,-5.495776703012909,-14.9
1204,3500029.23,14,34.99999416424623,35.0,291.9,0,0.0,0.7358169717733599,0.26418302822664,5.03615992762985e-28,200.0,61.3,-185.41622271424893,-1.4,-0.9674565810459391,-10.455035595014461,0.0,0.0,-26.114480014117166,-7.927014978906453,-2.803552636601865,-5.820466612806036,-5.495776703012909,-14.9
1205,3500029.23,15,34.99999416424623,35.0,291.9,0,0.0,0.7358296890755733,0.26417031092442667,4.784351931248357e-28,200.0,61.3,-185.41622271424893,-1.4,-0.9674565810459391,-10.455035595014461,0.0,0.0,-26.114480014117166,-7.927014978906453,-2.803552636601865,-5.820466612806036,-5.495776703012909,-14.9
1206,3500029.23,16,34.99999416424623,35.0,291.9,0,0.0,0.735838228586349,0.2641617714136511,4.545134334685939e-28,200.0,61.3,-185.41622271424893,-1.4,-0.9674565810459391,-10.455035595014461,0.0,0.0,-26.114480014117166,-7.927014978906453,-2.803552636601865,-5.820466612806036,-5.495776703012909,-14.9
1207,3500029.23,17,34.99999416424623,35.0,291.9,0,0.0,0.735847789645815,0.26415221035418496,4.317877617951642e-28,200.0,61.3,-185.41622271424893,-1.4,-0.9674565810459391,-10.455035595014461,0.0,0.0,-26.114480014117166,-7.927014978906453,-2.803552636601865,-5.820466612806036,-5.495776703012909,-14.9
1208,3500029.23,18,34.99999416424623,35.0,291.9,0,0.0,0.7358549982210196,0.2641450017789803,4.1019837370540595e-28,200.0,61.3,-185.41622271424893,-1.4,-0.9674565810459391,-10.455035595014461,0.0,0.0,-26.114480014117166,-7.927014978906453,-2.803552636601865,-5.820466612806036,-5.495776703012909,-14.9
1209,3500029.23,19,34.99999416424623,35.0,291.9,0,0.0,0.7358666100106517,0.26413338998934827,3.896884550201356e-28,200.0,61.3,-185.41622271424893,-1.4,-0.9674565810459391,-10.455035595014461,0.0,0.0,-26.114480014117166,-7.927014978906453,-2.803552636601865,-5.820466612806036,-5.495776703012909,-14.9
1210,3500029.23,20,34.99999416424623,35.0,291.9,0,0.0,0.7358832227836514,0.2641167772163486,3.702040322691288e-28,200.0,61.3,-185.41622271424893,-1.4,-0.9674565810459391,-10.455035595014461,0.0,0.0,-26.114480014117166,-7.927014978906453,-2.803552636601865,-5.820466612806036,-5.495776703012909,-14.9
1211,3500029.23,21,34.99999416424623,35.0,291.9,0,0.0,0.7359012661838498,0.26409873381615023,3.5169383065567234e-28,200.0,61.3,-185.41622271424893,-1.4,-0.9674565810459391,-10.455035595014461,0.0,0.0,-26.114480014117166,-7.927014978906453,-2.803552636601865,-5.820466612806036,-5.495776703012909,-14.9
1212,3500029.23,22,34.99999416424623,35.0,291.9,0,0.0,0.7359190117569266,0.2640809882430734,3.341091391228887e-28,200.0,61.3,-185.41622271424893,-1.4,-0.9674565810459391,-10.455035595014461,0.0,0.0,-26.114480014117166,-7.927014978906453,-2.803552636601865,-5.820466612806036,-5.495776703012909,-14.9
1213,3500029.23,23,34.99999416424623,35.0,291.9,0,0.0,0.7359331701444627,0.26406682985553726,3.1740368216674426e-28,200.0,61.3,-185.41622271424893,-1.4,-0.9674565810459391,-10.455035595014461,0.0,0.0,-26.114480014117166,-7.927014978906453,-2.803552636601865,-5.820466612806036,-5.495776703012909,-14.9
1214,3500029.23,24,34.99999416424623,35.0,291.9,0,0.0,0.7359455752751224,0.2640544247248776,3.0153349805840705e-28,200.0,61.3,-185.41622271424893,-1.4,-0.9674565810459391,-10.455035595014461,0.0,0.0,-26.114480014117166,-7.927014978906453,-2.803552636601865,-5.820466612806036,-5.495776703012909,-14.9
1215,3500029.23,25,34.99999416424623,35.0,291.9,0,0.0,0.7359596148500422,0.26404038514995776,2.864568231554867e-28,200.0,61.3,-185.41622271424893,-1.4,-0.9674565810459391,-10.455035595014461,0.0,0.0,-26.114480014117166,-7.927014978906453,-2.803552636601865,-5.820466612806036,-5.495776703012909,-14.9
1216,3500029.23,26,34.99999416424623,35.0,291.9,0,0.0,0.7359694360440938,0.26403056395590624,2.721339819977124e-28,200.0,61.3,-185.41622271424893,-1.4,-0.9674565810459391,-10.455035595014461,0.0,0.0,-26.114480014117166,-7.927014978906453,-2.803552636601865,-5.820466612806036,-5.495776703012909,-14.9
1217,3500029.23,27,34.99999416424623,35.0,291.9,0,0.0,0.7359810184714203,0.2640189815285797,2.585272828978268e-28,200.0,61.3,-185.41622271424893,-1.4,-0.9674565810459391,-10.455035595014461,0.0,0.0,-26.114480014117166,-7.927014978906453,-2.803552636601865,-5.820466612806036,-5.495776703012909,-14.9
1218,3500029.23,28,34.99999416424623,35.0,291.9,0,0.0,0.7359934474769445,0.2640065525230555,2.4560091875293545e-28,200.0,61.3,-185.41622271424893,-1.4,-0.9674565810459391,-10.455035595014461,0.0,0.0,-26.114480014117166,-7.927014978906453,-2.803552636601865,-5.820466612806036,-5.495776703012909,-14.9
1219,3500029.23,29,34.99999416424623,35.0,291.9,0,0.0,0.7360050348024229,0.2639949651975771,2.3332087281528867e-28,200.0,61.3,-185.41622271424893,-1.4,-0.9674565810459391,-10.455035595014461,0.0,0.0,-26.114480014117166,-7.927014978906453,-2.803552636601865,-5.820466612806036,-5.495776703012909,-14.9
1220,3500029.23,30,34.99999416424623,35.0,291.9,0,0.0,0.7360125379831246,0.2639874620168754,2.2165482917452424e-28,200.0,61.3,-185.41622271424893,-1.4,-0.9674565810459391,-10.455035595014461,0.0,0.0,-26.114480014117166,-7.927014978906453,-2.803552636601865,-5.820466612806036,-5.495776703012909,-14.9
1221,3500029.23,31,34.99999416424623,35.0,291.9,0,0.0,0.7360194491266605,0.26398055087333955,2.1057208771579807e-28,200.0,61.3,-185.41622271424893,-1.4,-0.9674565810459391,-10.455035595014461,0.0,0.0,-26.114480014117166,-7.927014978906453,-2.803552636601865,-5.820466612806036,-5.495776703012909,-14.9
1222,3500029.23,32,34.99999416424623,35.0,291.9,0,0.0,0.7360290778269247,0.26397092217307533,2.0004348333000815e-28,200.0,61.3,-185.41622271424893,-1.4,-0.9674565810459391,-10.455035595014461,0.0,0.0,-26.114480014117166,-7.927014978906453,-2.803552636601865,-5.820466612806036,-5.495776703012909,-14.9
1223,3500029.23,33,34.99999416424623,35.0,291.9,0,0.0,0.7360404633664804,0.2639595366335196,1.9004130916350774e-28,200.0,61.3,-185.41622271424893,-1.4,-0.9674565810459391,-10.455035595014461,0.0,0.0,-26.114480014117166,-7.927014978906453,-2.803552636601865,-5.820466612806036,-5.495776703012909,-14.9
1224,3500029.23,34,34.99999416424623,35.0,291.9,0,0.0,0.7360526956310535,0.26394730436894653,1.8053924370533235e-28,200.0,61.3,-185.41622271424893,-1.4,-0.9674565810459391,-10.455035595014461,0.0,0.0,-26.114480014117166,-7.927014978906453,-2.803552636601865,-5.820466612806036,-5.495776703012909,-14.9
1225,3500029.23,35,34.99999416424623,35.0,291.9,0,0.0,0.7360624598114851,0.26393754018851495,1.7151228152006574e-28,200.0,61.3,-185.41622271424893,-1.4,-0.9674565810459391,-10.455035595014461,0.0,0.0,-26.114480014117166,-7.927014978906453,-2.803552636601865,-5.820466612806036,-5.495776703012909,-14.9
1226,3500029.23,36,34.99999416424623,35.0,291.9,0,0.0,0.7360756000995282,0.2639243999004718,1.6293666744406245e-28,200.0,61.3,-185.41622271424893,-1.4,-0.9674565810459391,-10.455035595014461,0.0,0.0,-26.114480014117166,-7.927014978906453,-2.803552636601865,-5.820466612806036,-5.495776703012909,-14.9
1227,3500029.23,37,34.99999416424623,35.0,291.9,0,0.0,0.7360821472576315,0.26391785274236845,1.5478983407185932e-28,200.0,61.3,-185.41622271424893,-1.4,-0.9674565810459391,-10.455035595014461,0.0,0.0,-26.114480014117166,-7.927014978906453,-2.803552636601865,-5.820466612806036,-5.495776703012909,-14.9
1228,3500029.23,38,34.99999416424623,35.0,291.9,0,0.0,0.7360905964528731,0.26390940354712683,1.4705034236826635e-28,200.0,61.3,-185.41622271424893,-1.4,-0.9674565810459391,-10.455035595014461,0.0,0.0,-26.114480014117166,-7.927014978906453,-2.803552636601865,-5.820466612806036,-5.495776703012909,-14.9
1229,3500029.23,39,34.99999416424623,35.0,291.9,0,0.0,0.7361008484546157,0.2638991515453844,1.3969782524985305e-28,200.0,61.3,-185.41622271424893,-1.4,-0.9674565810459391,-10.455035595014461,0.0,0.0,-26.114480014117166,-7.927014978906453,-2.803552636601865,-5.820466612806036,-5.495776703012909,-14.9
1230,3500029.23,40,34.99999416424623,35.0,291.9,0,0.0,0.736110366977913,0.26388963302208696,1.327129339873604e-28,200.0,61.3,-185.41622271424893,-1.4,-0.9674565810459391,-10.455035595014461,0.0,0.0,-26.114480014117166,-7.927014978906453,-2.803552636601865,-5.820466612806036,-5.495776703012909,-14.9
1231,3500029.23,41,34.99999416424623,35.0,291.9,0,0.0,0.7361200024786572,0.2638799975213429,1.260772872879924e-28,200.0,61.3,-185.41622271424893,-1.4,-0.9674565810459391,-10.455035595014461,0.0,0.0,-26.114480014117166,-7.927014978906453,-2.803552636601865,-5.820466612806036,-5.495776703012909,-14.9
1232,3500029.23,42,34.99999416424623,35.0,291.9,0,0.0,0.7361305607573706,0.26386943924262946,1.1977342292359279e-28,200.0,61.3,-185.41622271424893,-1.4,-0.9674565810459391,-10.455035595014461,0.0,0.0,-26.114480014117166,-7.927014978906453,-2.803552636601865,-5.820466612806036,-5.495776703012909,-14.9
1233,3500029.23,43,34.99999416424623,35.0,291.9,0,0.0,0.7361403693734536,0.2638596306265464,1.1378475177741315e-28,200.0,61.3,-185.41622271424893,-1.4,-0.9674565810459391,-10.455035595014461,0.0,0.0,-26.114480014117166,-7.927014978906453,-2.803552636601865,-5.820466612806036,-5.495776703012909,-14.9
1234,3500029.23,44,34.99999416424623,35.0,291.9,0,0.0,0.7361462203366091,0.2638537796633908,1.0809551418854248e-28,200.0,61.3,-185.41622271424893,-1.4,-0.9674565810459391,-10.455035595014461,0.0,0.0,-26.114480014117166,-7.927014978906453,-2.803552636601865,-5.820466612806036,-5.495776703012909,-14.9
1235,3500029.23,45,34.99999416424623,35.0,291.9,0,0.0,0.7361515602887705,0.2638484397112295,1.0269073847911535e-28,200.0,61.3,-185.41622271424893,-1.4,-0.9674565810459391,-10.455035595014461,0.0,0.0,-26.114480014117166,-7.927014978906453,-2.803552636601865,-5.820466612806036,-5.495776703012909,-14.9
1236,3500029.23,46,34.99999416424623,35.0,291.9,0,0.0,0.7361556048003313,0.2638443951996688,9.755620155515958e-29,200.0,61.3,-185.41622271424893,-1.4,-0.9674565810459391,-10.455035595014461,0.0,0.0,-26.114480014117166,-7.927014978906453,-2.803552636601865,-5.820466612806036,-5.495776703012909,-14.9
1237,3500029.23,47,34.99999416424623,35.0,291.9,0,0.0,0.7361584202128877,0.26384157978711226,9.267839147740159e-29,200.0,61.3,-185.41622271424893,-1.4,-0.9674565810459391,-10.455035595014461,0.0,0.0,-26.114480014117166,-7.927014978906453,-2.803552636601865,-5.820466612806036,-5.495776703012909,-14.9
1238,3500029.23,48,34.99999416424623,35.0,291.9,0,0.0,0.736160069547366,0.263839930452634,8.804447190353152e-29,200.0,61.3,-185.41622271424893,-1.4,-0.9674565810459391,-10.455035595014461,0.0,0.0,-26.114480014117166,-7.927014978906453,-2.803552636601865,-5.820466612806036,-5.495776703012909,-14.9
1239,3500029.23,49,34.99999416424623,35.0,291.9,0,0.0,0.736163038278166,0.263836961721834,8.364224830835495e-29,200.0,61.3,-185.41622271424893,-1.4,-0.9674565810459391,-10.455035595014461,0.0,0.0,-26.114480014117166,-7.927014978906453,-2.803552636601865,-5.820466612806036,-5.495776703012909,-14.9
1240,3500029.23,0,34.99999416424623,35.0,291.9,0,0.0,0.7361688731969543,0.2638311268030456,7.94601358929372e-29,200.0,61.3,-185.41622271424893,-1.4,-0.9674565810459391,-10.455035595014461,0.0,0.0,-26.114480014117166,-7.927014978906453,-2.803552636601865,-5.820466612806036,-5.495776703012909,-14.9
1241,3500029.23,1,34.99999416424623,35.0,291.9,0,0.0,0.7361693554778244,0.26383064452217564,7.548712909829034e-29,200.0,61.3,-185.41622271424893,-1.4,-0.9674565810459391,-10.455035595014461,0.0,0.0,-26.114480014117166,-7.927014978906453,-2.803552636601865,-5.820466612806036,-5.495776703012909,-14.9
1242,3500029.23,2,34.99999416424623,35.0,291.9,0,0.0,0.7361704061526266,0.26382959384737337,7.171277264337582e-29,200.0,61.3,-185.41622271424893,-1.4,-0.9674565810459391,-10.455035595014461,0.0,0.0,-26.114480014117166,-7.927014978906453,-2.803552636601865,-5.820466612806036,-5.495776703012909,-14.9
1243,3500029.23,3,34.99999416424623,35.0,291.9,0,0.0,0.736168771734921,0.26383122826507904,6.812713401120703e-29,200.0,61.3,-185.41622271424893,-1.4,-0.9674565810459391,-10.455035595014461,0.0,0.0,-26.114480014117166,-7.927014978906453,-2.803552636601865,-5.820466612806036,-5.495776703012909,-14.9
1244,3500029.23,4,34.99999416424623,35.0,291.9,0,0.0,0.7361662013351052,0.2638337986648947,6.472077731064667e-29,200.0,61.3,-185.41622271424893,-1.4,-0.9674565810459391,-10.455035595014461,0.0,0.0,-26.114480014117166,-7.927014978906453,-2.803552636601865,-5.820466612806036,-5.495776703012909,-14.9
1245,3500029.23,5,34.99999416424623,35.0,291.9,0,0.0,0.7361627432958556,0.26383725670414443,6.148473844511435e-29,200.0,61.3,-185.41622271424893,-1.4,-0.9674565810459391,-10.455035595014461,0.0,0.0,-26.114480014117166,-7.927014978906453,-2.803552636601865,-5.820466612806036,-5.495776703012909,-14.9
1246,3500029.23,6,34.99999416424623,35.0,291.9,0,0.0,0.7361608565492977,0.2638391434507023,5.841050152285863e-29,200.0,61.3,-185.41622271424893,-1.4,-0.9674565810459391,-10.455035595014461,0.0,0.0,-26.114480014117166,-7.927014978906453,-2.803552636601865,-5.820466612806036,-5.495776703012909,-14.9
1247,3500029.23,7,34.99999416424623,35.0,291.9,0,0.0,0.7361588529906636,0.2638411470093363,5.54899764467157e-29,200.0,61.3,-185.41622271424893,-1.4,-0.9674565810459391,-10.455035595014461,0.0,0.0,-26.114480014117166,-7.927014978906453,-2.803552636601865,-5.820466612806036,-5.495776703012909,-14.9
1248,3500029.23,8,34.99999416424623,35.0,291.9,0,0.0,0.7361583446306652,0.26384165536933474,5.271547762437991e-29,200.0,61.3,-185.41622271424893,-1.4,-0.9674565810459391,-10.455035595014461,0.0,0.0,-26.114480014117166,-7.927014978906453,-2.803552636601865,-5.820466612806036,-5.495776703012909,-14.9
1249,3500029.23,9,34.99999416424623,35.0,291.9,0,0.0,0.7361584521440225,0.26384154785597747,5.0079703743160916e-29,200.0,61.3,-185.41622271424893,-1.4,-0.9674565810459391,-10.455035595014461,0.0,0.0,-26.114480014117166,-7.927014978906453,-2.803552636601865,-5.820466612806036,-5.495776703012909,-14.9
1250,3500029.23,10,34.99999416424623,35.0,291.9,0,0.0,0.7361591437534929,0.26384085624650716,4.757571855600287e-29,200.0,61.3,-185.41622271424893,-1.4,-0.9674565810459391,-10.455035595014461,0.0,0.0,-26.114480014117166,-7.927014978906453,-2.803552636601865,-5.820466612806036,-5.495776703012909,-14.9
1251,3500029.23,11,34.99999416424623,35.0,291.9,0,0.0,0.7361611900235729,0.263838809976427,4.5196932628202726e-29,200.0,61.3,-185.41622271424893,-1.4,-0.9674565810459391,-10.455035595014461,0.0,0.0,-26.114480014117166,-7.927014978906453,-2.803552636601865,-5.820466612806036,-5.495776703012909,-14.9
1252,3500029.23,12,34.99999416424623,35.0,291.9,0,0.0,0.7361645208032878,0.2638354791967123,4.2937085996792593e-29,200.0,61.3,-185.41622271424893,-1.4,-0.9674565810459391,-10.455035595014461,0.0,0.0,-26.114480014117166,-7.927014978906453,-2.803552636601865,-5.820466612806036,-5.495776703012909,-14.9
1253,3500029.23,13,34.99999416424623,35.0,291.9,0,0.0,0.7361650725834523,0.2638349274165477,4.079023169695296e-29,200.0,61.3,-185.41622271424893,-1.4,-0.9674565810459391,-10.455035595014461,0.0,0.0,-26.114480014117166,-7.927014978906453,-2.803552636601865,-5.820466612806036,-5.495776703012909,-14.9
1254,3500029.23,14,34.99999416424623,35.0,291.9,0,0.0,0.7361677812713149,0.2638322187286851,3.8750720112105314e-29,200.0,61.3,-185.41622271424893,-1.4,-0.9674565810459391,-10.455035595014461,0.0,0.0,-26.114480014117166,-7.927014978906453,-2.803552636601865,-5.820466612806036,-5.495776703012909,-14.9
1255,3500029.23,15,34.99999416424623,35.0,291.9,0,0.0,0.7361709391153617,0.26382906088463837,3.681318410650005e-29,200.0,61.3,-185.41622271424893,-1.4,-0.9674565810459391,-10.455035595014461,0.0,0.0,-26.114480014117166,-7.927014978906453,-2.803552636601865,-5.820466612806036,-5.495776703012909,-14.9
1256,3500029.23,16,34.99999416424623,35.0,291.9,0,0.0,0.7361745226888202,0.26382547731117983,3.497252490117505e-29,200.0,61.3,-185.41622271424893,-1.4,-0.9674565810459391,-10.455035595014461,0.0,0.0,-26.114480014117166,-7.927014978906453,-2.803552636601865,-5.820466612806036,-5.495776703012909,-14.9
1257,3500029.23,17,34.99999416424623,35.0,291.9,0,0.0,0.7361753225769995,0.26382467742300053,3.3223898656116296e-29,200.0,61.3,-185.41622271424893,-1.4,-0.9674565810459391,-10.455035595014461,0.0,0.0,-26.114480014117166,-7.927014978906453,-2.803552636601865,-5.820466612806036,-5.495776703012909,-14.9
1258,3500029.23,18,34.99999416424623,35.0,291.9,0,0.0,0.736171888392586,0.263828111607414,3.156270372331048e-29,200.0,61.3,-185.41622271424893,-1.4,-0.9674565810459391,-10.455035595014461,0.0,0.0,-26.114480014117166,-7.927014978906453,-2.803552636601865,-5.820466612806036,-5.495776703012909,-14.9
1259,3500029.23,19,34.99999416424623,35.0,291.9,0,0.0,0.7361668254222872,0.2638331745777129,2.9984568537144955e-29,200.0,61.3,-185.41622271424893,-1.4,-0.9674565810459391,-10.455035595014461,0.0,0.0,-26.114480014117166,-7.927014978906453,-2.803552636601865,-5.820466612806036,-5.495776703012909,-14.9
1260,3500029.23,20,34.99999416424623,35.0,291.9,0,0.0,0.7361602176650979,0.26383978233490213,2.848534011028771e-29,200.0,61.3,-185.41622271424893,-1.4,-0.9674565810459391,-10.455035595014461,0.0,0.0,-26.114480014117166,-7.927014978906453,-2.803552636601865,-5.820466612806036,-5.495776703012909,-14.9
1261,3500029.23,21,34.99999416424623,35.0,291.9,0,0.0,0.7361505545702053,0.26384944542979466,2.7061073104773323e-29,200.0,61.3,-185.41622271424893,-1.4,-0.9674565810459391,-10.455035595014461,0.0,0.0,-26.114480014117166,-7.927014978906453,-2.803552636601865,-5.820466612806036,-5.495776703012909,-14.9
1262,3500029.23,22,34.99999416424623,35.0,291.9,0,0.0,0.7361379931901585,0.26386200680984145,2.5708019449534657e-29,200.0,61.3,-185.41622271424893,-1.4,-0.9674565810459391,-10.455035595014461,0.0,0.0,-26.114480014117166,-7.927014978906453,-2.803552636601865,-5.820466612806036,-5.495776703012909,-14.9
1263,3500029.23,23,34.99999416424623,35.0,291.9,0,0.0,0.7361242715697659,0.2638757284302341,2.4422618477057926e-29,200.0,61.3,-185.41622271424893,-1.4,-0.9674565810459391,-10.455035595014461,0.0,0.0,-26.114480014117166,-7.927014978906453,-2.803552636601865,-5.820466612806036,-5.495776703012909,-14.9
1264,3500029.23,24,34.99999416424623,35.0,291.9,0,0.0,0.7361110378762679,0.26388896212373214,2.320148755320503e-29,200.0,61.3,-185.41622271424893,-1.4,-0.9674565810459391,-10.455035595014461,0.0,0.0,-26.114480014117166,-7.927014978906453,-2.803552636601865,-5.820466612806036,-5.495776703012909,-14.9
1265,3500029.23,25,34.99999416424623,35.0,291.9,0,0.0,0.7361014400695151,0.26389855993048494,2.2041413175544778e-29,200.0,61.3,-185.41622271424893,-1.4,-0.9674565810459391,-10.455035595014461,0.0,0.0,-26.114480014117166,-7.927014978906453,-2.803552636601865,-5.820466612806036,-5.495776703012909,-14.9
1266,3500029.23,26,34.99999416424623,35.0,291.9,0,0.0,0.7360913298571489,0.2639086701428512,2.093934251676754e-29,200.0,61.3,-185.41622271424893,-1.4,-0.9674565810459391,-10.455035595014461,0.0,0.0,-26.114480014117166,-7.927014978906453,-2.803552636601865,-5.820466612806036,-5.495776703012909,-14.9
1267,3500029.23,27,34.99999416424623,35.0,291.9,0,0.0,0.7360815260918577,0.26391847390814227,1.9892375390929163e-29,200.0,61.3,-185.41622271424893,-1.4,-0.9674565810459391,-10.455035595014461,0.0,0.0,-26.114480014117166,-7.927014978906453,-2.803552636601865,-5.820466612806036,-5.495776703012909,-14.9
1268,3500029.23,28,34.99999416424623,35.0,291.9,0,0.0,0.7360735958618332,0.26392640413816676,1.8897756621382704e-29,200.0,61.3,-185.41622271424893,-1.4,-0.9674565810459391,-10.455035595014461,0.0,0.0,-26.114480014117166,-7.927014978906453,-2.803552636601865,-5.820466612806036,-5.495776703012909,-14.9
1269,3500029.23,29,34.99999416424623,35.0,291.9,0,0.0,0.7360658624797989,0.2639341375202011,1.795286879031357e-29,200.0,61.3,-185.41622271424893,-1.4,-0.9674565810459391,-10.455035595014461,0.0,0.0,-26.114480014117166,-7.927014978906453,-2.803552636601865,-5.820466612806036,-5.495776703012909,-14.9
1270,3500029.23,30,34.99999416424623,35.0,291.9,0,0.0,0.736056736760782,0.26394326323921796,1.705522535079789e-29,200.0,61.3,-185.41622271424893,-1.4,-0.9674565810459391,-10.455035595014461,0.0,0.0,-26.114480014117166,-7.927014978906453,-2.803552636601865,-5.820466612806036,-5.495776703012909,-14.9
1271,3500029.23,31,34.99999416424623,35.0,291.9,0,0.0,0.7360494479428076,0.26395055205719237,1.6202464083257996e-29,200.0,61.3,-185.41622271424893,-1.4,-0.9674565810459391,-10.455035595014461,0.0,0.0,-26.114480014117166,-7.927014978906453,-2.803552636601865,-5.820466612806036,-5.495776703012909,-14.9
1272,3500029.23,32,34.99999416424623,35.0,291.9,0,0.0,0.7360454785506539,0.26395452144934606,1.5392340879095097e-29,200.0,61.3,-185.41622271424893,-1.4,-0.9674565810459391,-10.455035595014461,0.0,0.0,-26.114480014117166,-7.927014978906453,-2.803552636601865,-5.820466612806036,-5.495776703012909,-14.9
1273,3500029.23,33,34.99999416424623,35.0,291.9,0,0.0,0.7360391434066652,0.26396085659333474,1.462272383514034e-29,200.0,61.3,-185.41622271424893,-1.4,-0.9674565810459391,-10.455035595014461,0.0,0.0,-26.114480014117166,-7.927014978906453,-2.803552636601865,-5.820466612806036,-5.495776703012909,-14.9
1274,3500029.23,34,34.99999416424623,35.0,291.9,0,0.0,0.7360329263037324,0.26396707369626754,1.3891587643383324e-29,200.0,61.3,-185.41622271424893,-1.4,-0.9674565810459391,-10.455035595014461,0.0,0.0,-26.114480014117166,-7.927014978906453,-2.803552636601865,-5.820466612806036,-5.495776703012909,-14.9
1275,3500029.23,35,34.99999416424623,35.0,291.9,0,0.0,0.7360252481913243,0.26397475180867574,1.319700826121416e-29,200.0,61.3,-185.41622271424893,-1.4,-0.9674565810459391,-10.455035595014461,0.0,0.0,-26.114480014117166,-7.927014978906453,-2.803552636601865,-5.820466612806036,-5.495776703012909,-14.9
1276,3500029.23,36,34.99999416424623,35.0,291.9,0,0.0,0.7360193293447991,0.2639806706552009,1.2537157848153451e-29,200.0,61.3,-185.41622271424893,-1.4,-0.9674565810459391,-10.455035595014461,0.0,0.0,-26.114480014117166,-7.927014978906453,-2.803552636601865,-5.820466612806036,-5.495776703012909,-14.9
1277,3500029.23,37,34.99999416424623,35.0,291.9,0,0.0,0.7360103663302535,0.2639896336697464,1.1910299955745778e-29,200.0,61.3,-185.41622271424893,-1.4,-0.9674565810459391,-10.455035595014461,0.0,0.0,-26.114480014117166,-7.927014978906453,-2.803552636601865,-5.820466612806036,-5.495776703012909,-14.9
1278,3500029.23,38,34.99999416424623,35.0,291.9,0,0.0,0.7360047963048525,0.26399520369514756,1.131478495795849e-29,200.0,61.3,-185.41622271424893,-1.4,-0.9674565810459391,-10.455035595014461,0.0,0.0,-26.114480014117166,-7.927014978906453,-2.803552636601865,-5.820466612806036,-5.495776703012909,-14.9
1279,3500029.23,39,34.99999416424623,35.0,291.9,0,0.0,0.736000875997563,0.26399912400243697,1.0749045710060565e-29,200.0,61.3,-185.41622271424893,-1.4,-0.9674565810459391,-10.455035595014461,0.0,0.0,-26.114480014117166,-7.927014978906453,-2.803552636601865,-5.820466612806036,-5.495776703012909,-14.9
1280,3500029.23,40,34.99999416424623,35.0,291.9,0,0.0,0.7359969536341983,0.2640030463658018,1.0211593424557538e-29,200.0,61.3,-185.41622271424893,-1.4,-0.9674565810459391,-10.455035595014461,0.0,0.0,-26.114480014117166,-7.927014978906453,-2.803552636601865,-5.820466612806036,-5.495776703012909,-14.9
1281,3500029.23,41,34.99999416424623,35.0,291.9,0,0.0,0.7359930296246492,0.26400697037535087,9.70101375332966e-30,200.0,61.3,-185.41622271424893,-1.4,-0.9674565810459391,-10.455035595014461,0.0,0.0,-26.114480014117166,-7.927014978906453,-2.803552636601865,-5.820466612806036,-5.495776703012909,-14.9
1282,3500029.23,42,34.99999416424623,35.0,291.9,0,0.0,0.7359875395650459,0.264012460434954,9.215963065663177e-30,200.0,61.3,-185.41622271424893,-1.4,-0.9674565810459391,-10.455035595014461,0.0,0.0,-26.114480014117166,-7.927014978906453,-2.803552636601865,-5.820466612806036,-5.495776703012909,-14.9
1283,3500029.23,43,34.99999416424623,35.0,291.9,0,0.0,0.7359821280523998,0.26401787194760024,8.75516491238002e-30,200.0,61.3,-185.41622271424893,-1.4,-0.9674565810459391,-10.455035595014461,0.0,0.0,-26.114480014117166,-7.927014978906453,-2.803552636601865,-5.820466612806036,-5.495776703012909,-14.9
1284,3500029.23,44,34.99999416424623,35.0,291.9,0,0.0,0.7359799160295379,0.264020083970462,8.317406666761018e-30,200.0,61.3,-185.41622271424893,-1.4,-0.9674565810459391,-10.455035595014461,0.0,0.0,-26.114480014117166,-7.927014978906453,-2.803552636601865,-5.820466612806036,-5.495776703012909,-14.9
1285,3500029.23,45,34.99999416424623,35.0,291.9,0,0.0,0.7359791776092781,0.26402082239072194,7.901536333422969e-30,200.0,61.3,-185.41622271424893,-1.4,-0.9674565810459391,-10.455035595014461,0.0,0.0,-26.114480014117166,-7.927014978906453,-2.803552636601865,-5.820466612806036,-5.495776703012909,-14.9
1286,3500029.23,46,34.99999416424623,35.0,291.9,0,0.0,0.735977497745984,0.264022502254016,7.50645951675182e-30,200.0,61.3,-185.41622271424893,-1.4,-0.9674565810459391,-10.455035595014461,0.0,0.0,-26.114480014117166,-7.927014978906453,-2.803552636601865,-5.820466612806036,-5.495776703012909,-14.9
1287,3500029.23,47,34.99999416424623,35.0,291.9,0,0.0,0.7359764833060968,0.26402351669390317,7.13113654091423e-30,200.0,61.3,-185.41622271424893,-1.4,-0.9674565810459391,-10.455035595014461,0.0,0.0,-26.114480014117166,-7.927014978906453,-2.803552636601865,-5.820466612806036,-5.495776703012909,-14.9
1288,3500029.23,48,34.99999416424623,35.0,291.9,0,0.0,0.7359745430236709,0.2640254569763291,6.774579713868519e-30,200.0,61.3,-185.41622271424893,-1.4,-0.9674565810459391,-10.455035595014461,0.0,0.0,-26.114480014117166,-7.927014978906453,-2.803552636601865,-5.820466612806036,-5.495776703012909,-14.9
1289,3500029.23,49,34.99999416424623,35.0,291.9,0,0.0,0.7359701683998022,0.26402983160019783,6.435850728175094e-30,200.0,61.3,-185.41622271424893,-1.4,-0.9674565810459391,-10.455035595014461,0.0,0.0,-26.114480014117166,-7.927014978906453,-2.803552636601865,-5.820466612806036,-5.495776703012909,-14.9
1290,3500029.23,0,34.99999416424623,35.0,291.9,0,0.0,0.7359673725134829,0.26403262748651707,6.114058191766337e-30,200.0,61.3,-185.41622271424893,-1.4,-0.9674565810459391,-10.455035595014461,0.0,0.0,-26.114480014117166,-7.927014978906453,-2.803552636601865,-5.820466612806036,-5.495776703012909,-14.9
1291,3500029.23,1,34.99999416424623,35.0,291.9,0,0.0,0.735962966650343,0.26403703334965706,5.808355282178021e-30,200.0,61.3,-185.41622271424893,-1.4,-0.9674565810459391,-10.455035595014461,0.0,0.0,-26.114480014117166,-7.927014978906453,-2.803552636601865,-5.820466612806036,-5.495776703012909,-14.9
1292,3500029.23,2,34.99999416424623,35.0,291.9,0,0.0,0.7359578102208842,0.2640421897791158,5.51793751806912e-30,200.0,61.3,-185.41622271424893,-1.4,-0.9674565810459391,-10.455035595014461,0.0,0.0,-26.114480014117166,-7.927014978906453,-2.803552636601865,-5.820466612806036,-5.495776703012909,-14.9
1293,3500029.23,3,34.99999416424623,35.0,291.9,0,0.0,0.735953493905027,0.264046506094973,5.2420406421656624e-30,200.0,61.3,-185.41622271424893,-1.4,-0.9674565810459391,-10.455035595014461,0.0,0.0,-26.114480014117166,-7.927014978906453,-2.803552636601865,-5.820466612806036,-5.495776703012909,-14.9
1294,3500029.23,4,34.99999416424623,35.0,291.9,0,0.0,0.7359530749414224,0.26404692505857763,4.97993861005738e-30,200.0,61.3,-185.41622271424893,-1.4,-0.9674565810459391,-10.455035595014461,0.0,0.0,-26.114480014117166,-7.927014978906453,-2.803552636601865,-5.820466612806036,-5.495776703012909,-14.9
1295,3500029.23,5,34.99999416424623,35.0,291.9,0,0.0,0.7359501571636219,0.2640498428363781,4.730941679554511e-30,200.0,61.3,-185.41622271424893,-1.4,-0.9674565810459391,-10.455035595014461,0.0,0.0,-26.114480014117166,-7.927014978906453,-2.803552636601865,-5.820466612806036,-5.495776703012909,-14.9
1296,3500029.23,6,34.99999416424623,35.0,291.9,0,0.0,0.7359487386045742,0.2640512613954258,4.494394595576785e-30,200.0,61.3,-185.41622271424893,-1.4,-0.9674565810459391,-10.455035595014461,0.0,0.0,-26.114480014117166,-7.927014978906453,-2.803552636601865,-5.820466612806036,-5.495776703012909,-14.9
1297,3500029.23,7,34.99999416424623,35.0,291.9,0,0.0,0.7359448757372508,0.2640551242627492,4.269674865797946e-30,200.0,61.3,-185.41622271424893,-1.4,-0.9674565810459391,-10.455035595014461,0.0,0.0,-26.114480014117166,-7.927014978906453,-2.803552636601865,-5.820466612806036,-5.495776703012909,-14.9
1298,3500029.23,8,34.99999416424623,35.0,291.9,0,0.0,0.7359433309730452,0.2640566690269548,4.056191122508049e-30,200.0,61.3,-185.41622271424893,-1.4,-0.9674565810459391,-10.455035595014461,0.0,0.0,-26.114480014117166,-7.927014978906453,-2.803552636601865,-5.820466612806036,-5.495776703012909,-14.9
1299,3500029.23,9,34.99999416424623,35.0,291.9,0,0.0,0.7359408966657032,0.2640591033342969,3.8533815663826466e-30,200.0,61.3,-185.41622271424893,-1.4,-0.9674565810459391,-10.455035595014461,0.0,0.0,-26.114480014117166,-7.927014978906453,-2.803552636601865,-5.820466612806036,-5.495776703012909,-14.9
1300,3500029.23,10,34.99999416424623,35.0,291.9,0,0.0,0.7359399332214406,0.26406006677855937,3.660712488063514e-30,200.0,61.3,-185.41622271424893,-1.4,-0.9674565810459391,-10.455035595014461,0.0,0.0,-26.114480014117166,-7.927014978906453,-2.803552636601865,-5.820466612806036,-5.495776703012909,-14.9
1301,3500029.23,11,34.99999416424623,35.0,291.9,0,0.0,0.7359419061710504,0.26405809382894957,3.4776768636603384e-30,200.0,61.3,-185.41622271424893,-1.4,-0.9674565810459391,-10.455035595014461,0.0,0.0,-26.114480014117166,-7.927014978906453,-2.803552636601865,-5.820466612806036,-5.495776703012909,-14.9
1302,3500029.23,12,34.99999416424623,35.0,291.9,0,0.0,0.7359489725692897,0.26405102743071024,3.3037930204773214e-30,200.0,61.3,-185.41622271424893,-1.4,-0.9674565810459391,-10.455035595014461,0.0,0.0,-26.114480014117166,-7.927014978906453,-2.803552636601865,-5.820466612806036,-5.495776703012909,-14.9
1303,3500029.23,13,34.99999416424623,35.0,291.9,0,0.0,0.7359539469789337,0.26404605302106626,3.1386033694534557e-30,200.0,61.3,-185.41622271424893,-1.4,-0.9674565810459391,-10.455035595014461,0.0,0.0,-26.114480014117166,-7.927014978906453,-2.803552636601865,-5.820466612806036,-5.495776703012909,-14.9
1304,3500029.23,14,34.99999416424623,35.0,291.9,0,0.0,0.7359546300304356,0.2640453699695644,2.9816732009807828e-30,200.0,61.3,-185.41622271424893,-1.4,-0.9674565810459391,-10.455035595014461,0.0,0.0,-26.114480014117166,-7.927014978906453,-2.803552636601865,-5.820466612806036,-5.495776703012909,-14.9
1305,3500029.23,15,34.99999416424623,35.0,291.9,0,0.0,0.7359535464212414,0.2640464535787586,2.8325895409317435e-30,200.0,61.3,-185.41622271424893,-1.4,-0.9674565810459391,-10.455035595014461,0.0,0.0,-26.114480014117166,-7.927014978906453,-2.803552636601865,-5.820466612806036,-5.495776703012909,-14.9
1306,3500029.23,16,34.99999416424623,35.0,291.9,0,0.0,0.735950018886685,0.264049981113315,2.690960063885156e-30,200.0,61.3,-185.41622271424893,-1.4,-0.9674565810459391,-10.455035595014461,0.0,0.0,-26.114480014117166,-7.927014978906453,-2.803552636601865,-5.820466612806036,-5.495776703012909,-14.9
1307,3500029.23,17,34.99999416424623,35.0,291.9,0,0.0,0.7359518459865101,0.26404815401348986,2.5564120606908984e-30,200.0,61.3,-185.41622271424893,-1.4,-0.9674565810459391,-10.455035595014461,0.0,0.0,-26.114480014117166,-7.927014978906453,-2.803552636601865,-5.820466612806036,-5.495776703012909,-14.9
1308,3500029.23,18,34.99999416424623,35.0,291.9,0,0.0,0.7359564510205715,0.26404354897942856,2.4285914576563536e-30,200.0,61.3,-185.41622271424893,-1.4,-0.9674565810459391,-10.455035595014461,0.0,0.0,-26.114480014117166,-7.927014978906453,-2.803552636601865,-5.820466612806036,-5.495776703012909,-14.9
1309,3500029.23,19,34.99999416424623,35.0,291.9,0,0.0,0.7359567987751825,0.2640432012248175,2.3071618847735357e-30,200.0,61.3,-185.41622271424893,-1.4,-0.9674565810459391,-10.455035595014461,0.0,0.0,-26.114480014117166,-7.927014978906453,-2.803552636601865,-5.820466612806036,-5.495776703012909,-14.9
1310,3500029.23,20,34.99999416424623,35.0,291.9,0,0.0,0.7359607603447631,0.26403923965523685,2.1918037905348587e-30,200.0,61.3,-185.41622271424893,-1.4,-0.9674565810459391,-10.455035595014461,0.0,0.0,-26.114480014117166,-7.927014978906453,-2.803552636601865,-5.820466612806036,-5.495776703012909,-14.9
1311,3500029.23,21,34.99999416424623,35.0,291.9,0,0.0,0.7359643263728921,0.26403567362710784,2.0822136010081155e-30,200.0,61.3,-185.41622271424893,-1.4,-0.9674565810459391,-10.455035595014461,0.0,0.0,-26.114480014117166,-7.927014978906453,-2.803552636601865,-5.820466612806036,-5.495776703012909,-14.9
1312,3500029.23,22,34.99999416424623,35.0,291.9,0,0.0,0.7359682808421789,0.26403171915782114,1.97810292095771e-30,200.0,61.3,-185.41622271424893,-1.4,-0.9674565810459391,-10.455035595014461,0.0,0.0,-26.114480014117166,-7.927014978906453,-2.803552636601865,-5.820466612806036,-5.495776703012909,-14.9
1313,3500029.23,23,34.99999416424623,35.0,291.9,0,0.0,0.7359741298224304,0.26402587017756957,1.8791977749098243e-30,200.0,61.3,-185.41622271424893,-1.4,-0.9674565810459391,-10.455035595014461,0.0,0.0,-26.114480014117166,-7.927014978906453,-2.803552636601865,-5.820466612806036,-5.495776703012909,-14.9
1314,3500029.23,24,34.99999416424623,35.0,291.9,0,0.0,0.7359771995449741,0.2640228004550259,1.7852378861643335e-30,200.0,61.3,-185.41622271424893,-1.4,-0.9674565810459391,-10.455035595014461,0.0,0.0,-26.114480014117166,-7.927014978906453,-2.803552636601865,-5.820466612806036,-5.495776703012909,-14.9
1315,3500029.23,25,34.99999416424623,35.0,291.9,0,0.0,0.735979156742372,0.264020843257628,1.6959759918561168e-30,200.0,61.3,-185.41622271424893,-1.4,-0.9674565810459391,-10.455035595014461,0.0,0.0,-26.114480014117166,-7.927014978906453,-2.803552636601865,-5.820466612806036,-5.495776703012909,-14.9
1316,3500029.23,26,34.99999416424623,35.0,291.9,0,0.0,0.735981581735116,0.26401841826488404,1.6111771922633108e-30,200.0,61.3,-185.41622271424893,-1.4,-0.9674565810459391,-10.455035595014461,0.0,0.0,-26.114480014117166,-7.927014978906453,-2.803552636601865,-5.820466612806036,-5.495776703012909,-14.9
1317,3500029.23,27,34.99999416424623,35.0,291.9,0,0.0,0.7359814058701462,0.26401859412985385,1.5306183326501451e-30,200.0,61.3,-185.41622271424893,-1.4,-0.9674565810459391,-10.455035595014461,0.0,0.0,-26.114480014117166,-7.927014978906453,-2.803552636601865,-5.820466612806036,-5.495776703012909,-14.9
1318,3500029.23,28,34.99999416424623,35.0,291.9,0,0.0,0.7359878880197268,0.26401211198027325,1.454087416017638e-30,200.0,61.3,-185.41622271424893,-1.4,-0.9674565810459391,-10.455035595014461,0.0,0.0,-26.114480014117166,-7.927014978906453,-2.803552636601865,-5.820466612806036,-5.495776703012909,-14.9
1319,3500029.23,29,34.99999416424623,35.0,291.9,0,0.0,0.7359915680565045,0.2640084319434956,1.381383045216756e-30,200.0,61.3,-185.41622271424893,-1.4,-0.9674565810459391,-10.455035595014461,0.0,0.0,-26.114480014117166,-7.927014978906453,-2.803552636601865,-5.820466612806036,-5.495776703012909,-14.9
1320,3500029.23,30,34.99999416424623,35.0,291.9,0,0.0,0.7359933485786743,0.2640066514213258,1.3123138929559182e-30,200.0,61.3,-185.41622271424893,-1.4,-0.9674565810459391,-10.455035595014461,0.0,0.0,-26.114480014117166,-7.927014978906453,-2.803552636601865,-5.820466612806036,-5.495776703012909,-14.9
1321,3500029.23,31,34.99999416424623,35.0,291.9,0,0.0,0.7360001541265875,0.2639998458734126,1.2466981983081223e-30,200.0,61.3,-185.41622271424893,-1.4,-0.9674565810459391,-10.455035595014461,0.0,0.0,-26.114480014117166,-7.927014978906453,-2.803552636601865,-5.820466612806036,-5.495776703012909,-14.9
1322,3500029.23,32,34.99999416424623,35.0,291.9,0,0.0,0.7360094507544874,0.26399054924551263,1.1843632883927162e-30,200.0,61.3,-185.41622271424893,-1.4,-0.9674565810459391,-10.455035595014461,0.0,0.0,-26.114480014117166,-7.927014978906453,-2.803552636601865,-5.820466612806036,-5.495776703012909,-14.9
1323,3500029.23,33,34.99999416424623,35.0,291.9,0,0.0,0.7360195951927153,0.26398040480728463,1.1251451239730803e-30,200.0,61.3,-185.41622271424893,-1.4,-0.9674565810459391,-10.455035595014461,0.0,0.0,-26.114480014117166,-7.927014978906453,-2.803552636601865,-5.820466612806036,-5.495776703012909,-14.9
1324,3500029.23,34,34.99999416424623,35.0,291.9,0,0.0,0.7360237348090063,0.2639762651909937,1.0688878677744264e-30,200.0,61.3,-185.41622271424893,-1.4,-0.9674565810459391,-10.455035595014461,0.0,0.0,-26.114480014117166,-7.927014978906453,-2.803552636601865,-5.820466612806036,-5.495776703012909,-14.9
1325,3500029.23,35,34.99999416424623,35.0,291.9,0,0.0,0.7360267134534172,0.26397328654658286,1.015443474385705e-30,200.0,61.3,-185.41622271424893,-1.4,-0.9674565810459391,-10.455035595014461,0.0,0.0,-26.114480014117166,-7.927014978906453,-2.803552636601865,-5.820466612806036,-5.495776703012909,-14.9
1326,3500029.2199999997,36,35.00001375763397,35.0,291.9,0,0.0,0.736028590532748,0.2639714094672519,9.646713006664197e-31,200.0,61.3,-185.41622271424893,-1.3999804066122556,-0.9674565810459393,-10.455035595014461,0.0,0.0,-26.114480014117166,-7.9270149789064535,-2.8035526366018657,-5.820466612806035,-5.495776703012909,-14.9
1327,3500029.2199999997,37,35.00001375763397,35.0,291.9,0,0.0,0.7361427252630226,0.26385727473697745,9.164377356330988e-31,200.0,61.3,-185.41622271424893,-1.3999804066122556,-0.9674565810459393,-10.455035595014461,0.0,0.0,-26.114480014117166,-7.9270149789064535,-2.8035526366018657,-5.820466612806035,-5.495776703012909,-14.9
1328,3500029.2199999997,38,35.00001375763397,35.0,291.9,0,0.0,0.7362524598863791,0.26374754011362095,8.706158488514439e-31,200.0,61.3,-185.41622271424893,-1.3999804066122556,-0.9674565810459393,-10.455035595014461,0.0,0.0,-26.114480014117166,-7.9270149789064535,-2.8035526366018657,-5.820466612806035,-5.495776703012909,-14.9
1329,3500029.2199999997,39,35.00001375763397,35.0,291.9,0,0.0,0.7363580122649606,0.2636419877350394,8.270850564088717e-31,200.0,61.3,-185.41622271424893,-1.3999804066122556,-0.9674565810459393,-10.455035595014461,0.0,0.0,-26.114480014117166,-7.9270149789064535,-2.8035526366018657,-5.820466612806035,-5.495776703012909,-14.9
1330,3500029.2199999997,40,35.00001375763397,35.0,291.9,0,0.0,0.7364603383705224,0.2635396616294777,7.857308035884281e-31,200.0,61.3,-185.41622271424893,-1.3999804066122556,-0.9674565810459393,-10.455035595014461,0.0,0.0,-26.114480014117166,-7.9270149789064535,-2.8035526366018657,-5.820466612806035,-5.495776703012909,-14.9
1331,3500029.2199999997,41,35.00001375763397,35.0,291.9,0,0.0,0.7365566025514267,0.2634433974485732,7.4644426340900665e-31,200.0,61.3,-185.41622271424893,-1.3999804066122556,-0.9674565810459393,-10.455035595014461,0.0,0.0,-26.114480014117166,-7.9270149789064535,-2.8035526366018657,-5.820466612806035,-5.495776703012909,-14.9
1332,3500029.2199999997,42,35.00001375763397,35.0,291.9,0,0.0,0.736650848449318,0.26334915155068195,7.091220502385564e-31,200.0,61.3,-185.41622271424893,-1.3999804066122556,-0.9674565810459393,-10.455035595014461,0.0,0.0,-26.114480014117166,-7.9270149789064535,-2.8035526366018657,-5.820466612806035,-5.495776703012909,-14.9
1333,3500029.2199999997,43,35.00001375763397,35.0,291.9,0,0.0,0.7367394366356884,0.26326056336431153,6.7366594772662855e-31,200.0,61.3,-185.41622271424893,-1.3999804066122556,-0.9674565810459393,-10.455035595014461,0.0,0.0,-26.114480014117166,-7.9270149789064535,-2.8035526366018657,-5.820466612806035,-5.495776703012909,-14.9
1334,3500029.2199999997,44,35.00001375763397,35.0,291.9,0,0.0,0.7368248912346889,0.2631751087653112,6.399826503402972e-31,200.0,61.3,-185.41622271424893,-1.3999804066122556,-0.9674565810459393,-10.455035595014461,0.0,0.0,-26.114480014117166,-7.9270149789064535,-2.8035526366018657,-5.820466612806035,-5.495776703012909,-14.9
1335,3500029.2199999997,45,35.00001375763397,35.0,291.9,0,0.0,0.7369088584918365,0.2630911415081635,6.079835178232823e-31,200.0,61.3,-185.41622271424893,-1.3999804066122556,-0.9674565810459393,-10.455035595014461,0.0,0.0,-26.114480014117166,-7.9270149789064535,-2.8035526366018657,-5.820466612806035,-5.495776703012909,-14.9
1336,3500029.2199999997,46,35.00001375763397,35.0,291.9,0,0.0,0.7369906627756233,0.26300933722437675,5.775843419321183e-31,200.0,61.3,-185.41622271424893,-1.3999804066122556,-0.9674565810459393,-10.455035595014461,0.0,0.0,-26.114480014117166,-7.9270149789064535,-2.8035526366018657,-5.820466612806035,-5.495776703012909,-14.9
1337,3500029.2199999997,47,35.00001375763397,35.0,291.9,0,0.0,0.7370711531105409,0.262928846889459,5.487051248355122e-31,200.0,61.3,-185.41622271424893,-1.3999804066122556,-0.9674565810459393,-10.455035595014461,0.0,0.0,-26.114480014117166,-7.9270149789064535,-2.8035526366018657,-5.820466612806035,-5.495776703012909,-14.9
1338,3500029.2199999997,48,35.00001375763397,35.0,291.9,0,0.0,0.7371466718283219,0.26285332817167806,5.212698685937367e-31,200.0,61.3,-185.41622271424893,-1.3999804066122556,-0.9674565810459393,-10.455035595014461,0.0,0.0,-26.114480014117166,-7.9270149789064535,-2.8035526366018657,-5.820466612806035,-5.495776703012909,-14.9
1339,3500029.2199999997,49,35.00001375763397,35.0,291.9,0,0.0,0.7372204417482151,0.26277955825178495,4.952063751640499e-31,200.0,61.3,-185.41622271424893,-1.3999804066122556,-0.9674565810459393,-10.455035595014461,0.0,0.0,-26.114480014117166,-7.9270149789064535,-2.8035526366018657,-5.820466612806035,-5.495776703012909,-14.9
1340,3500029.2199999997,0,35.00001375763397,35.0,291.9,0,0.0,0.7372925468673988,0.2627074531326012,4.704460564058474e-31,200.0,61.3,-185.41622271424893,-1.3999804066122556,-0.9674565810459393,-10.455035595014461,0.0,0.0,-26.114480014117166,-7.9270149789064535,-2.8035526366018657,-5.820466612806035,-5.495776703012909,-14.9
1341,3500029.2199999997,1,35.00001375763397,35.0,291.9,0,0.0,0.7373578737016532,0.26264212629834677,4.469237535855549e-31,200.0,61.3,-185.41622271424893,-1.3999804066122556,-0.9674565810459393,-10.455035595014461,0.0,0.0,-26.114480014117166,-7.9270149789064535,-2.8035526366018657,-5.820466612806035,-5.495776703012909,-14.9
1342,3500029.2199999997,2,35.00001375763397,35.0,291.9,0,0.0,0.7374197315500424,0.2625802684499577,4.245775659062773e-31,200.0,61.3,-185.41622271424893,-1.3999804066122556,-0.9674565810459393,-10.455035595014461,0.0,0.0,-26.114480014117166,-7.9270149789064535,-2.8035526366018657,-5.820466612806035,-5.495776703012909,-14.9
1343,3500029.2199999997,3,35.00001375763397,35.0,291.9,0,0.0,0.7374797760659493,0.2625202239340508,4.033486876109634e-31,200.0,61.3,-185.41622271424893,-1.3999804066122556,-0.9674565810459393,-10.455035595014461,0.0,0.0,-26.114480014117166,-7.9270149789064535,-2.8035526366018657,-5.820466612806035,-5.495776703012909,-14.9
1344,3500029.2199999997,4,35.00001375763397,35.0,291.9,0,0.0,0.7375351344050085,0.26246486559499155,3.831812532304152e-31,200.0,61.3,-185.41622271424893,-1.3999804066122556,-0.9674565810459393,-10.455035595014461,0.0,0.0,-26.114480014117166,-7.9270149789064535,-2.8035526366018657,-5.820466612806035,-5.495776703012909,-14.9
1345,3500029.2199999997,5,35.00001375763397,35.0,291.9,0,0.0,0.7375853030530423,0.26241469694695774,3.6402219056889444e-31,200.0,61.3,-185.41622271424893,-1.3999804066122556,-0.9674565810459393,-10.455035595014461,0.0,0.0,-26.114480014117166,-7.9270149789064535,-2.8035526366018657,-5.820466612806035,-5.495776703012909,-14.9
1346,3500029.2199999997,6,35.00001375763397,35.0,291.9,0,0.0,0.737635721206885,0.2623642787931149,3.458210810404497e-31,200.0,61.3,-185.41622271424893,-1.3999804066122556,-0.9674565810459393,-10.455035595014461,0.0,0.0,-26.114480014117166,-7.9270149789064535,-2.8035526366018657,-5.820466612806035,-5.495776703012909,-14.9
1347,3500029.2199999997,7,35.00001375763397,35.0,291.9,0,0.0,0.7376826779352913,0.2623173220647087,3.285300269884273e-31,200.0,61.3,-185.41622271424893,-1.3999804066122556,-0.9674565810459393,-10.455035595014461,0.0,0.0,-26.114480014117166,-7.9270149789064535,-2.8035526366018657,-5.820466612806035,-5.495776703012909,-14.9
1348,3500029.2199999997,8,35.00001375763397,35.0,291.9,0,0.0,0.7377241322743885,0.26227586772561146,3.121035256390059e-31,200.0,61.3,-185.41622271424893,-1.3999804066122556,-0.9674565810459393,-10.455035595014461,0.0,0.0,-26.114480014117166,-7.9270149789064535,-2.8035526366018657,-5.820466612806035,-5.495776703012909,-14.9
1349,3500029.2199999997,9,35.00001375763397,35.0,291.9,0,0.0,0.737764053444329,0.262235946555671,2.964983493570556e-31,200.0,61.3,-185.41622271424893,-1.3999804066122556,-0.9674565810459393,-10.455035595014461,0.0,0.0,-26.114480014117166,-7.9270149789064535,-2.8035526366018657,-5.820466612806035,-5.495776703012909,-14.9
1350,3500029.2199999997,10,35.00001375763397,35.0,291.9,0,0.0,0.7377988298406104,0.26220117015938965,2.816734318892028e-31,200.0,61.3,-185.41622271424893,-1.3999804066122556,-0.9674565810459393,-10.455035595014461,0.0,0.0,-26.114480014117166,-7.9270149789064535,-2.8035526366018657,-5.820466612806035,-5.495776703012909,-14.9
1351,3500029.2199999997,11,35.00001375763397,35.0,291.9,0,0.0,0.7378324082410346,0.26216759175896537,2.675897602947426e-31,200.0,61.3,-185.41622271424893,-1.3999804066122556,-0.9674565810459393,-10.455035595014461,0.0,0.0,-26.114480014117166,-7.9270149789064535,-2.8035526366018657,-5.820466612806035,-5.495776703012909,-14.9
1352,3500029.2199999997,12,35.00001375763397,35.0,291.9,0,0.0,0.7378648477127544,0.26213515228724554,2.5421027228000546e-31,200.0,61.3,-185.41622271424893,-1.3999804066122556,-0.9674565810459393,-10.455035595014461,0.0,0.0,-26.114480014117166,-7.9270149789064535,-2.8035526366018657,-5.820466612806035,-5.495776703012909,-14.9
1353,3500029.2199999997,13,35.00001375763397,35.0,291.9,0,0.0,0.737892524413262,0.2621074755867379,2.4149975866600516e-31,200.0,61.3,-185.41622271424893,-1.3999804066122556,-0.9674565810459393,-10.455035595014461,0.0,0.0,-26.114480014117166,-7.9270149789064535,-2.8035526366018657,-5.820466612806035,-5.495776703012909,-14.9
1354,3500029.2199999997,14,35.00001375763397,35.0,291.9,0,0.0,0.7379208295083819,0.2620791704916181,2.294247707327049e-31,200.0,61.3,-185.41622271424893,-1.3999804066122556,-0.9674565810459393,-10.455035595014461,0.0,0.0,-26.114480014117166,-7.9270149789064535,-2.8035526366018657,-5.820466612806035,-5.495776703012909,-14.9
1355,3500029.2199999997,15,35.00001375763397,35.0,291.9,0,0.0,0.7379438485615859,0.2620561514384141,2.179535321960696e-31,200.0,61.3,-185.41622271424893,-1.3999804066122556,-0.9674565810459393,-10.455035595014461,0.0,0.0,-26.114480014117166,-7.9270149789064535,-2.8035526366018657,-5.820466612806035,-5.495776703012909,-14.9
1356,3500029.2199999997,16,35.00001375763397,35.0,291.9,0,0.0,0.7379669931494636,0.2620330068505364,2.070558555862661e-31,200.0,61.3,-185.41622271424893,-1.3999804066122556,-0.9674565810459393,-10.455035595014461,0.0,0.0,-26.114480014117166,-7.9270149789064535,-2.8035526366018657,-5.820466612806035,-5.495776703012909,-14.9
1357,3500029.2199999997,17,35.00001375763397,35.0,291.9,0,0.0,0.7379843821050314,0.2620156178949686,1.967030628069528e-31,200.0,61.3,-185.41622271424893,-1.3999804066122556,-0.9674565810459393,-10.455035595014461,0.0,0.0,-26.114480014117166,-7.9270149789064535,-2.8035526366018657,-5.820466612806035,-5.495776703012909,-14.9
1358,3500029.2199999997,18,35.00001375763397,35.0,291.9,0,0.0,0.7379977760488987,0.26200222395110134,1.8686790966660517e-31,200.0,61.3,-185.41622271424893,-1.3999804066122556,-0.9674565810459393,-10.455035595014461,0.0,0.0,-26.114480014117166,-7.9270149789064535,-2.8035526366018657,-5.820466612806035,-5.495776703012909,-14.9
1359,3500029.2199999997,19,35.00001375763397,35.0,291.9,0,0.0,0.7380117795246479,0.2619882204753521,1.775245141832749e-31,200.0,61.3,-185.41622271424893,-1.3999804066122556,-0.9674565810459393,-10.455035595014461,0.0,0.0,-26.114480014117166,-7.9270149789064535,-2.8035526366018657,-5.820466612806035,-5.495776703012909,-14.9
1360,3500029.2199999997,20,35.00001375763397,35.0,291.9,0,0.0,0.7380300229940051,0.2619699770059949,1.6864828847411116e-31,200.0,61.3,-185.41622271424893,-1.3999804066122556,-0.9674565810459393,-10.455035595014461,0.0,0.0,-26.114480014117166,-7.9270149789064535,-2.8035526366018657,-5.820466612806035,-5.495776703012909,-14.9
1361,3500029.2199999997,21,35.00001375763397,35.0,291.9,0,0.0,0.7380449664340913,0.26195503356590866,1.602158740504056e-31,200.0,61.3,-185.41622271424893,-1.3999804066122556,-0.9674565810459393,-10.455035595014461,0.0,0.0,-26.114480014117166,-7.9270149789064535,-2.8035526366018657,-5.820466612806035,-5.495776703012909,-14.9
1362,3500029.2199999997,22,35.00001375763397,35.0,291.9,0,0.0,0.7380582411627606,0.2619417588372393,1.5220508034788532e-31,200.0,61.3,-185.41622271424893,-1.3999804066122556,-0.9674565810459393,-10.455035595014461,0.0,0.0,-26.114480014117166,-7.9270149789064535,-2.8035526366018657,-5.820466612806035,-5.495776703012909,-14.9
1363,3500029.2199999997,23,35.00001375763397,35.0,291.9,0,0.0,0.7380677382087929,0.26193226179120715,1.4459482633049106e-31,200.0,61.3,-185.41622271424893,-1.3999804066122556,-0.9674565810459393,-10.455035595014461,0.0,0.0,-26.114480014117166,-7.9270149789064535,-2.8035526366018657,-5.820466612806035,-5.495776703012909,-14.9
1364,3500029.2199999997,24,35.00001375763397,35.0,291.9,0,0.0,0.7380780350950524,0.2619219649049476,1.373650850139665e-31,200.0,61.3,-185.41622271424893,-1.3999804066122556,-0.9674565810459393,-10.455035595014461,0.0,0.0,-26.114480014117166,-7.9270149789064535,-2.8035526366018657,-5.820466612806035,-5.495776703012909,-14.9
1365,3500029.2199999997,25,35.00001375763397,35.0,291.9,0,0.0,0.7380847085710963,0.26191529142890363,1.3049683076326817e-31,200.0,61.3,-185.41622271424893,-1.3999804066122556,-0.9674565810459393,-10.455035595014461,0.0,0.0,-26.114480014117166,-7.9270149789064535,-2.8035526366018657,-5.820466612806035,-5.495776703012909,-14.9
1366,3500029.2199999997,26,35.00001375763397,35.0,291.9,0,0.0,0.7380915930100083,0.2619084069899918,1.2397198922510477e-31,200.0,61.3,-185.41622271424893,-1.3999804066122556,-0.9674565810459393,-10.455035595014461,0.0,0.0,-26.114480014117166,-7.9270149789064535,-2.8035526366018657,-5.820466612806035,-5.495776703012909,-14.9
1367,3500029.2199999997,27,35.00001375763397,35.0,291.9,0,0.0,0.7380964891728713,0.2619035108271287,1.1777338976384952e-31,200.0,61.3,-185.41622271424893,-1.3999804066122556,-0.9674565810459393,-10.455035595014461,0.0,0.0,-26.114480014117166,-7.9270149789064535,-2.8035526366018657,-5.820466612806035,-5.495776703012909,-14.9
1368,3500029.2199999997,28,35.00001375763397,35.0,291.9,0,0.0,0.7381038713676276,0.2618961286323724,1.1188472027565703e-31,200.0,61.3,-185.41622271424893,-1.3999804066122556,-0.9674565810459393,-10.455035595014461,0.0,0.0,-26.114480014117166,-7.9270149789064535,-2.8035526366018657,-5.820466612806035,-5.495776703012909,-14.9
1369,3500029.2199999997,29,35.00001375763397,35.0,291.9,0,0.0,0.7381121546406489,0.261887845359351,1.0629048426187418e-31,200.0,61.3,-185.41622271424893,-1.3999804066122556,-0.9674565810459393,-10.455035595014461,0.0,0.0,-26.114480014117166,-7.9270149789064535,-2.8035526366018657,-5.820466612806035,-5.495776703012909,-14.9
1370,3500029.2199999997,30,35.00001375763397,35.0,291.9,0,0.0,0.7381176543458793,0.2618823456541208,1.0097596004878048e-31,200.0,61.3,-185.41622271424893,-1.3999804066122556,-0.9674565810459393,-10.455035595014461,0.0,0.0,-26.114480014117166,-7.9270149789064535,-2.8035526366018657,-5.820466612806035,-5.495776703012909,-14.9
1371,3500029.2199999997,31,35.00001375763397,35.0,291.9,0,0.0,0.7381241483340831,0.2618758516659169,9.592716204634145e-32,200.0,61.3,-185.41622271424893,-1.3999804066122556,-0.9674565810459393,-10.455035595014461,0.0,0.0,-26.114480014117166,-7.9270149789064535,-2.8035526366018657,-5.820466612806035,-5.495776703012909,-14.9
1372,3500029.2199999997,32,35.00001375763397,35.0,291.9,0,0.0,0.7381301319761561,0.261869868023844,9.113080394402438e-32,200.0,61.3,-185.41622271424893,-1.3999804066122556,-0.9674565810459393,-10.455035595014461,0.0,0.0,-26.114480014117166,-7.9270149789064535,-2.8035526366018657,-5.820466612806035,-5.495776703012909,-14.9
1373,3500029.2199999997,33,35.00001375763397,35.0,291.9,0,0.0,0.7381334528788794,0.2618665471211206,8.657426374682316e-32,200.0,61.3,-185.41622271424893,-1.3999804066122556,-0.9674565810459393,-10.455035595014461,0.0,0.0,-26.114480014117166,-7.9270149789064535,-2.8035526366018657,-5.820466612806035,-5.495776703012909,-14.9
1374,3500029.2199999997,34,35.00001375763397,35.0,291.9,0,0.0,0.7381422274825821,0.2618577725174179,8.224555055948197e-32,200.0,61.3,-185.41622271424893,-1.3999804066122556,-0.9674565810459393,-10.455035595014461,0.0,0.0,-26.114480014117166,-7.9270149789064535,-2.8035526366018657,-5.820466612806035,-5.495776703012909,-14.9
1375,3500029.2199999997,35,35.00001375763397,35.0,291.9,0,0.0,0.7381467518350889,0.26185324816491107,7.813327303150788e-32,200.0,61.3,-185.41622271424893,-1.3999804066122556,-0.9674565810459393,-10.455035595014461,0.0,0.0,-26.114480014117166,-7.9270149789064535,-2.8035526366018657,-5.820466612806035,-5.495776703012909,-14.9
1376,3500029.2199999997,36,35.00001375763397,35.0,291.9,0,0.0,0.7381515897985779,0.26184841020142213,7.422660937993249e-32,200.0,61.3,-185.41622271424893,-1.3999804066122556,-0.9674565810459393,-10.455035595014461,0.0,0.0,-26.114480014117166,-7.9270149789064535,-2.8035526366018657,-5.820466612806035,-5.495776703012909,-14.9
1377,3500029.2199999997,37,35.00001375763397,35.0,291.9,0,0.0,0.7381567248761018,0.2618432751238981,7.051527891093586e-32,200.0,61.3,-185.41622271424893,-1.3999804066122556,-0.9674565810459393,-10.455035595014461,0.0,0.0,-26.114480014117166,-7.9270149789064535,-2.8035526366018657,-5.820466612806035,-5.495776703012909,-14.9
1378,3500029.2199999997,38,35.00001375763397,35.0,291.9,0,0.0,0.7381664799557809,0.26183352004421917,6.698951496538907e-32,200.0,61.3,-185.41622271424893,-1.3999804066122556,-0.9674565810459393,-10.455035595014461,0.0,0.0,-26.114480014117166,-7.9270149789064535,-2.8035526366018657,-5.820466612806035,-5.495776703012909,-14.9
1379,3500029.2199999997,39,35.00001375763397,35.0,291.9,0,0.0,0.7381712234008487,0.26182877659915127,6.364003921711961e-32,200.0,61.3,-185.41622271424893,-1.3999804066122556,-0.9674565810459393,-10.455035595014461,0.0,0.0,-26.114480014117166,-7.9270149789064535,-2.8035526366018657,-5.820466612806035,-5.495776703012909,-14.9
1380,3500029.2199999997,40,35.00001375763397,35.0,291.9,0,0.0,0.7381755446179499,0.26182445538205007,6.045803725626362e-32,200.0,61.3,-185.41622271424893,-1.3999804066122556,-0.9674565810459393,-10.455035595014461,0.0,0.0,-26.114480014117166,-7.9270149789064535,-2.8035526366018657,-5.820466612806035,-5.495776703012909,-14.9
1381,3500029.2199999997,41,35.00001375763397,35.0,291.9,0,0.0,0.7381765777477902,0.2618234222522097,5.743513539345044e-32,200.0,61.3,-185.41622271424893,-1.3999804066122556,-0.9674565810459393,-10.455035595014461,0.0,0.0,-26.114480014117166,-7.9270149789064535,-2.8035526366018657,-5.820466612806035,-5.495776703012909,-14.9
1382,3500029.2199999997,42,35.00001375763397,35.0,291.9,0,0.0,0.7381752123174483,0.26182478768255163,5.456337862377791e-32,200.0,61.3,-185.41622271424893,-1.3999804066122556,-0.9674565810459393,-10.455035595014461,0.0,0.0,-26.114480014117166,-7.9270149789064535,-2.8035526366018657,-5.820466612806035,-5.495776703012909,-14.9
1383,3500029.2199999997,43,35.00001375763397,35.0,291.9,0,0.0,0.7381722922950729,0.2618277077049272,5.183520969258903e-32,200.0,61.3,-185.41622271424893,-1.3999804066122556,-0.9674565810459393,-10.455035595014461,0.0,0.0,-26.114480014117166,-7.9270149789064535,-2.8035526366018657,-5.820466612806035,-5.495776703012909,-14.9
1384,3500029.213110551,44,35.000013800727245,35.00000002123955,291.9000001771378,0,0.0,0.7381693388741567,0.2618306611258433,4.9243449207959574e-32,200.0,61.29999997876045,-185.41622288454806,-1.3999804018265916,-0.9674565874997477,-10.455035607705566,0.0,0.0,-26.11448003713602,-7.927014982039875,-2.8035526407201337,-5.820467035762652,-5.495776707935713,-14.899999314098384
1385,3500029.213092483,45,35.00001383664222,35.00000002141843,291.9000001786297,0,0.0,0.7382763511486442,0.2617236488513558,4.6781276747561595e-32,200.0,61.29999997858157,-185.41622288598234,-1.3999803662342583,-0.9674565875541024,-10.455035607812452,0.0,0.0,-26.114480037329887,-7.9270149820662645,-2.803552640754818,-5.820467039324834,-5.495776707977173,-14.899999308321654
1386,3500029.213092483,46,35.00001383664222,35.00000002141843,291.9000001786297,0,0.0,0.7384881056779508,0.2615118943220493,4.444221291018352e-32,200.0,61.29999997858157,-185.41622288598234,-1.3999803662342583,-0.9674565875541024,-10.455035607812452,0.0,0.0,-26.114480037329887,-7.9270149820662645,-2.803552640754818,-5.820467039324834,-5.495776707977173,-14.899999308321654
1387,3500029.213092483,47,35.00001383664222,35.00000002141843,291.9000001786297,0,0.0,0.738688385040324,0.261311614959676,4.222010226467434e-32,200.0,61.29999997858157,-185.41622288598234,-1.3999803662342583,-0.9674565875541024,-10.455035607812452,0.0,0.0,-26.114480037329887,-7.9270149820662645,-2.803552640754818,-5.820467039324834,-5.495776707977173,-14.899999308321654
1388,3500029.2130416306,48,35.000013980037025,35.00000002196254,291.9000001831676,0,0.0,0.7388791857995683,0.2611208142004317,4.0109097151440625e-32,200.0,61.299999978037455,-185.416222890345,-1.3999802238207897,-0.9674565877194339,-10.455035608137567,0.0,0.0,-26.114480037919577,-7.927014982146535,-2.8035526408603175,-5.82046705015999,-5.495776708103284,-14.899999290750463
1389,3500029.213038294,49,35.000014004502255,35.00000002200073,291.90000018348604,0,0.0,0.7392753353465927,0.2607246646534073,3.8103642293868594e-32,200.0,61.29999997799927,-185.41622289065117,-1.3999801994244363,-0.9674565877310368,-10.455035608160385,0.0,0.0,-26.114480037960963,-7.927014982152169,-2.8035526408677214,-5.820467050920399,-5.4957767081121345,-14.89999928951732
1390,3500029.213038294,0,35.000014004502255,35.00000002200073,291.90000018348604,0,0.0,0.7397528960482251,0.2602471039517748,3.6198460179175164e-32,200.0,61.29999997799927,-185.41622289065117,-1.3999801994244363,-0.9674565877310368,-10.455035608160385,0.0,0.0,-26.114480037960963,-7.927014982152169,-2.8035526408677214,-5.820467050920399,-5.4957767081121345,-14.89999928951732
1391,3500029.213038294,1,35.000014004502255,35.00000002200073,291.90000018348604,0,0.0,0.7402078028198144,0.2597921971801856,3.4388537170216403e-32,200.0,61.29999997799927,-185.41622289065117,-1.3999801994244363,-0.9674565877310368,-10.455035608160385,0.0,0.0,-26.114480037960963,-7.927014982152169,-2.8035526408677214,-5.820467050920399,-5.4957767081121345,-14.89999928951732
1392,3500029.213038294,2,35.000014004502255,35.00000002200073,291.90000018348604,0,0.0,0.7406377004724849,0.25936229952751516,3.266911031170559e-32,200.0,61.29999997799927,-185.41622289065117,-1.3999801994244363,-0.9674565877310368,-10.455035608160385,0.0,0.0,-26.114480037960963,-7.927014982152169,-2.8035526408677214,-5.820467050920399,-5.4957767081121345,-14.89999928951732
1393,3500029.213038294,3,35.000014004502255,35.00000002200073,291.90000018348604,0,0.0,0.7410473264623351,0.25895267353766493,3.103565479612031e-32,200.0,61.29999997799927,-185.41622289065117,-1.3999801994244363,-0.9674565877310368,-10.455035608160385,0.0,0.0,-26.114480037960963,-7.927014982152169,-2.8035526408677214,-5.820467050920399,-5.4957767081121345,-14.89999928951732
1394,3500029.213038294,4,35.000014004502255,35.00000002200073,291.90000018348604,0,0.0,0.7414335147327481,0.25856648526725184,2.948387205631429e-32,200.0,61.29999997799927,-185.41622289065117,-1.3999801994244363,-0.9674565877310368,-10.455035608160385,0.0,0.0,-26.114480037960963,-7.927014982152169,-2.8035526408677214,-5.820467050920399,-5.4957767081121345,-14.89999928951732
1395,3500029.212842513,5,35.000013973710665,35.00000001621154,291.9000001352042,0,0.0,0.7417974405311544,0.2582025594688456,2.8009678453498575e-32,200.0,61.29999998378846,-185.41622287881256,-1.399980223148711,-0.9674565871224515,-10.45503560647597,0.0,0.0,-26.11448003725439,-7.927014981991054,-2.803552640643672,-5.820467013827795,-5.49577670753516,-14.899999349477564
1396,3500029.212842513,6,35.000013973710665,35.00000001621154,291.9000001352042,0,0.0,0.7422469192309215,0.2577530807690786,2.660919453082365e-32,200.0,61.29999998378846,-185.41622287881256,-1.399980223148711,-0.9674565871224515,-10.45503560647597,0.0,0.0,-26.11448003725439,-7.927014981991054,-2.803552640643672,-5.820467013827795,-5.49577670753516,-14.899999349477564
1397,3500029.212842513,7,35.000013973710665,35.00000001621154,291.9000001352042,0,0.0,0.7426709919542279,0.2573290080457721,2.5278734804282465e-32,200.0,61.29999998378846,-185.41622287881256,-1.399980223148711,-0.9674565871224515,-10.45503560647597,0.0,0.0,-26.11448003725439,-7.927014981991054,-2.803552640643672,-5.820467013827795,-5.49577670753516,-14.899999349477564
1398,3500029.212842513,8,35.000013973710665,35.00000001621154,291.9000001352042,0,0.0,0.7430757694882493,0.2569242305117507,2.401479806406834e-32,200.0,61.29999998378846,-185.41622287881256,-1.399980223148711,-0.9674565871224515,-10.45503560647597,0.0,0.0,-26.11448003725439,-7.927014981991054,-2.803552640643672,-5.820467013827795,-5.49577670753516,-14.899999349477564
1399,3500029.212842513,9,35.000013973710665,35.00000001621154,291.9000001352042,0,0.0,0.7434573807407343,0.25654261925926575,2.2814058160864925e-32,200.0,61.29999998378846,-185.41622287881256,-1.399980223148711,-0.9674565871224515,-10.45503560647597,0.0,0.0,-26.11448003725439,-7.927014981991054,-2.803552640643672,-5.820467013827795,-5.49577670753516,-14.899999349477564
1400,3500029.212841095,10,35.0000139746947,35.00000001621221,291.90000013520984,0,0.0,0.7438197480543819,0.25618025194561805,2.1673355252821678e-32,200.0,61.299999983787785,-185.41622287886992,-1.399980222170957,-0.9674565871243846,-10.455035606479038,0.0,0.0,-26.114480037263483,-7.927014981992194,-2.8035526406451527,-5.820467013958683,-5.495776707536464,-14.899999349265016
1401,3500029.2128410544,11,35.00001397471642,35.0000000162118,291.90000013520637,0,0.0,0.7442640360444028,0.2557359639555972,2.0589687490180597e-32,200.0,61.2999999837882,-185.41622287887023,-1.399980222148857,-0.9674565871243799,-10.455035606478978,0.0,0.0,-26.11448003726362,-7.9270149819922056,-2.803552640645167,-5.820467013958663,-5.495776707536449,-14.899999349265027
1402,3500029.2128410544,12,35.00001397471642,35.0000000162118,291.90000013520637,0,0.0,0.7447852207223922,0.2552147792776078,1.9560203115671567e-32,200.0,61.2999999837882,-185.41622287887023,-1.399980222148857,-0.9674565871243799,-10.455035606478978,0.0,0.0,-26.11448003726362,-7.9270149819922056,-2.803552640645167,-5.820467013958663,-5.495776707536449,-14.899999349265027
1403,3500029.2128410544,13,35.00001397471642,35.0000000162118,291.90000013520637,0,0.0,0.7452822292081559,0.25471777079184416,1.858219295988799e-32,200.0,61.2999999837882,-185.41622287887023,-1.399980222148857,-0.9674565871243799,-10.455035606478978,0.0,0.0,-26.11448003726362,-7.9270149819922056,-2.803552640645167,-5.820467013958663,-5.495776707536449,-14.899999349265027
1404,3500029.2128410544,14,35.00001397471642,35.0000000162118,291.90000013520637,0,0.0,0.7457528642959281,0.25424713570407187,1.765308331189359e-32,200.0,61.2999999837882,-185.41622287887023,-1.399980222148857,-0.9674565871243799,-10.455035606478978,0.0,0.0,-26.11448003726362,-7.9270149819922056,-2.803552640645167,-5.820467013958663,-5.495776707536449,-14.899999349265027
1405,3500029.2128410544,15,35.00001397471642,35.0000000162118,291.90000013520637,0,0.0,0.746203207729807,0.25379679227019303,1.677042914629891e-32,200.0,61.2999999837882,-185.41622287887023,-1.399980222148857,-0.9674565871243799,-10.455035606478978,0.0,0.0,-26.11448003726362,-7.9270149819922056,-2.803552640645167,-5.820467013958663,-5.495776707536449,-14.899999349265027
1406,3500029.2128410544,16,35.00001397471642,35.0000000162118,291.90000013520637,0,0.0,0.7466329097088968,0.25336709029110316,1.5931907688983963e-32,200.0,61.2999999837882,-185.41622287887023,-1.399980222148857,-0.9674565871243799,-10.455035606478978,0.0,0.0,-26.11448003726362,-7.9270149819922056,-2.803552640645167,-5.820467013958663,-5.495776707536449,-14.899999349265027
1407,3500029.212841054,17,35.00001397471644,35.00000001621181,291.9000001352064,0,0.0,0.7470402838612721,0.2529597161387279,1.5135312304534765e-32,200.0,61.29999998378819,-185.41622287887026,-1.3999802221488262,-0.9674565871243808,-10.45503560647898,0.0,0.0,-26.11448003726362,-7.9270149819922056,-2.8035526406451674,-5.820467013958715,-5.49577670753645,-14.899999349264943
1408,3500029.212841054,18,35.00001397471644,35.00000001621181,291.9000001352064,0,0.0,0.7475247933711123,0.2524752066288877,1.4378546689308028e-32,200.0,61.29999998378819,-185.41622287887026,-1.3999802221488262,-0.9674565871243808,-10.45503560647898,0.0,0.0,-26.11448003726362,-7.9270149819922056,-2.8035526406451674,-5.820467013958715,-5.49577670753645,-14.899999349264943
1409,3500029.212841054,19,35.00001397471644,35.00000001621181,291.9000001352064,0,0.0,0.7479828921699043,0.2520171078300957,1.3659619354842625e-32,200.0,61.29999998378819,-185.41622287887026,-1.3999802221488262,-0.9674565871243808,-10.45503560647898,0.0,0.0,-26.11448003726362,-7.9270149819922056,-2.8035526406451674,-5.820467013958715,-5.49577670753645,-14.899999349264943
1410,3500029.212841054,20,35.00001397471644,35.00000001621181,291.9000001352064,0,0.0,0.7484172516283567,0.2515827483716433,1.2976638387100492e-32,200.0,61.29999998378819,-185.41622287887026,-1.3999802221488262,-0.9674565871243808,-10.45503560647898,0.0,0.0,-26.11448003726362,-7.9270149819922056,-2.8035526406451674,-5.820467013958715,-5.49577670753645,-14.899999349264943
1411,3500029.212841054,21,35.00001397471644,35.00000001621181,291.9000001352064,0,0.0,0.7488290598276168,0.2511709401723831,1.2327806467745468e-32,200.0,61.29999998378819,-185.41622287887026,-1.3999802221488262,-0.9674565871243808,-10.45503560647898,0.0,0.0,-26.11448003726362,-7.9270149819922056,-2.8035526406451674,-5.820467013958715,-5.49577670753645,-14.899999349264943
1412,3500029.212841054,22,35.00001397471644,35.00000001621181,291.9000001352064,0,0.0,0.7492194454425449,0.2507805545574551,1.1711416144358195e-32,200.0,61.29999998378819,-185.41622287887026,-1.3999802221488262,-0.9674565871243808,-10.45503560647898,0.0,0.0,-26.11448003726362,-7.9270149819922056,-2.8035526406451674,-5.820467013958715,-5.49577670753645,-14.899999349264943
1413,3500029.212841054,23,35.00001397471644,35.00000001621181,291.9000001352064,0,0.0,0.7495854429935925,0.25041455700640747,1.1125845337140285e-32,200.0,61.29999998378819,-185.41622287887026,-1.3999802221488262,-0.9674565871243808,-10.45503560647898,0.0,0.0,-26.11448003726362,-7.9270149819922056,-2.8035526406451674,-5.820467013958715,-5.49577670753645,-14.899999349264943
1414,3500029.212841054,24,35.00001397471644,35.00000001621181,291.9000001352064,0,0.0,0.7499323132217939,0.2500676867782061,1.056955307028327e-32,200.0,61.29999998378819,-185.41622287887026,-1.3999802221488262,-0.9674565871243808,-10.45503560647898,0.0,0.0,-26.11448003726362,-7.9270149819922056,-2.8035526406451674,-5.820467013958715,-5.49577670753645,-14.899999349264943
1415,3500029.212841054,25,35.00001397471644,35.00000001621181,291.9000001352064,0,0.0,0.7502637022535834,0.24973629774641654,1.0041075416769107e-32,200.0,61.29999998378819,-185.41622287887026,-1.3999802221488262,-0.9674565871243808,-10.45503560647898,0.0,0.0,-26.11448003726362,-7.9270149819922056,-2.8035526406451674,-5.820467013958715,-5.49577670753645,-14.899999349264943
1416,3500029.212841054,26,35.00001397471644,35.00000001621181,291.9000001352064,0,0.0,0.7505776949198305,0.24942230508016947,9.539021645930652e-33,200.0,61.29999998378819,-185.41622287887026,-1.3999802221488262,-0.9674565871243808,-10.45503560647898,0.0,0.0,-26.11448003726362,-7.9270149819922056,-2.8035526406451674,-5.820467013958715,-5.49577670753645,-14.899999349264943
1417,3500029.212841054,27,35.00001397471644,35.00000001621181,291.9000001352064,0,0.0,0.75087516213862,0.2491248378613799,9.062070563634118e-33,200.0,61.29999998378819,-185.41622287887026,-1.3999802221488262,-0.9674565871243808,-10.45503560647898,0.0,0.0,-26.11448003726362,-7.9270149819922056,-2.8035526406451674,-5.820467013958715,-5.49577670753645,-14.899999349264943
1418,3500029.212841054,28,35.00001397471644,35.00000001621181,291.9000001352064,0,0.0,0.751157602072784,0.24884239792721594,8.608967035452412e-33,200.0,61.29999998378819,-185.41622287887026,-1.3999802221488262,-0.9674565871243808,-10.45503560647898,0.0,0.0,-26.11448003726362,-7.9270149819922056,-2.8035526406451674,-5.820467013958715,-5.49577670753645,-14.899999349264943
1419,3500029.212841054,29,35.00001397471644,35.00000001621181,291.9000001352064,0,0.0,0.7514264365828669,0.24857356341713313,8.178518683679793e-33,200.0,61.29999998378819,-185.41622287887026,-1.3999802221488262,-0.9674565871243808,-10.45503560647898,0.0,0.0,-26.11448003726362,-7.9270149819922056,-2.8035526406451674,-5.820467013958715,-5.49577670753645,-14.899999349264943
1420,3500029.212841054,30,35.00001397471644,35.00000001621181,291.9000001352064,0,0.0,0.7516803357278541,0.2483196642721459,7.769592749495803e-33,200.0,61.29999998378819,-185.41622287887026,-1.3999802221488262,-0.9674565871243808,-10.45503560647898,0.0,0.0,-26.11448003726362,-7.9270149819922056,-2.8035526406451674,-5.820467013958715,-5.49577670753645,-14.899999349264943
1421,3500029.2127961367,31,35.00001397471822,35.00000001621383,291.9000001352233,0,0.0,0.751920048150404,0.24807995184959597,7.381113112021014e-33,199.99999999354023,61.29999999024594,-185.41622288654068,-1.3999802221491568,-0.9674565871109861,-10.455035606545424,0.0,0.0,-26.114480038138694,-7.927014982260929,-2.8035526408217115,-5.8204670114330295,-5.4957767075363435,-14.899999342744808
1422,3500029.2127580727,32,35.0000139747165,35.00000001543661,291.90000012874134,0,0.0,0.7522424854083094,0.24775751459169065,7.012057456419964e-33,200.0,61.299999984563385,-185.41622287979104,-1.3999802221490203,-0.967456587122773,-10.455035606486955,0.0,0.0,-26.114480037368665,-7.927014982024463,-2.8035526406663602,-5.820467013655537,-5.495776707536438,-14.899999348482243
1423,3500029.2127580727,33,35.0000139747165,35.00000001543661,291.90000012874134,0,0.0,0.752641359415751,0.24735864058424892,6.661454583598965e-33,200.0,61.299999984563385,-185.41622287979104,-1.3999802221490203,-0.967456587122773,-10.455035606486955,0.0,0.0,-26.114480037368665,-7.927014982024463,-2.8035526406663602,-5.820467013655537,-5.495776707536438,-14.899999348482243
1424,3500029.2127580727,34,35.0000139747165,35.00000001543661,291.90000012874134,0,0.0,0.7530188198312484,0.24698118016875162,6.328381854419016e-33,200.0,61.299999984563385,-185.41622287979104,-1.3999802221490203,-0.967456587122773,-10.455035606486955,0.0,0.0,-26.114480037368665,-7.927014982024463,-2.8035526406663602,-5.820467013655537,-5.495776707536438,-14.899999348482243
1425,3500029.2127580727,35,35.0000139747165,35.00000001543661,291.90000012874134,0,0.0,0.7533759391726408,0.24662406082735927,6.011962761698065e-33,200.0,61.299999984563385,-185.41622287979104,-1.3999802221490203,-0.967456587122773,-10.455035606486955,0.0,0.0,-26.114480037368665,-7.927014982024463,-2.8035526406663602,-5.820467013655537,-5.495776707536438,-14.899999348482243
1426,3500029.2126610214,36,35.000013974718044,35.000000014530016,291.9000001211803,0,0.0,0.7537143968995005,0.24628560310049957,5.7113646236131625e-33,200.0,61.29999998546998,-185.41622288086867,-1.399980222148075,-0.9674565871209181,-10.45503560649636,0.0,0.0,-26.114480037491578,-7.9270149820622064,-2.8035526406911613,-5.820467013302443,-5.495776707536447,-14.899999347564076
1427,3500029.2126610214,37,35.000013974718044,35.000000014530016,291.9000001211803,0,0.0,0.7541264123491426,0.24587358765085743,5.425796392432504e-33,200.0,61.29999998546998,-185.41622288086867,-1.399980222148075,-0.9674565871209181,-10.45503560649636,0.0,0.0,-26.114480037491578,-7.9270149820622064,-2.8035526406911613,-5.820467013302443,-5.495776707536447,-14.899999347564076
1428,3500029.2126610214,38,35.000013974718044,35.000000014530016,291.9000001211803,0,0.0,0.7545189978520801,0.2454810021479199,5.1545065728108786e-33,200.0,61.29999998546998,-185.41622288086867,-1.399980222148075,-0.9674565871209181,-10.45503560649636,0.0,0.0,-26.114480037491578,-7.9270149820622064,-2.8035526406911613,-5.820467013302443,-5.495776707536447,-14.899999347564076
1429,3500029.2126610214,39,35.000013974718044,35.000000014530016,291.9000001211803,0,0.0,0.754893778749863,0.2451062212501371,4.896781244170335e-33,200.0,61.29999998546998,-185.41622288086867,-1.399980222148075,-0.9674565871209181,-10.45503560649636,0.0,0.0,-26.114480037491578,-7.9270149820622064,-2.8035526406911613,-5.820467013302443,-5.495776707536447,-14.899999347564076
1430,3500029.2126610214,40,35.000013974718044,35.000000014530016,291.9000001211803,0,0.0,0.7552516423440739,0.2447483576559261,4.6519421819618186e-33,200.0,61.29999998546998,-185.41622288086867,-1.399980222148075,-0.9674565871209181,-10.45503560649636,0.0,0.0,-26.114480037491578,-7.9270149820622064,-2.8035526406911613,-5.820467013302443,-5.495776707536447,-14.899999347564076
1431,3500029.2126610214,41,35.000013974718044,35.000000014530016,291.9000001211803,0,0.0,0.7555875397589373,0.24441246024106267,4.4193450728637274e-33,200.0,61.29999998546998,-185.41622288086867,-1.399980222148075,-0.9674565871209181,-10.45503560649636,0.0,0.0,-26.114480037491578,-7.9270149820622064,-2.8035526406911613,-5.820467013302443,-5.495776707536447,-14.899999347564076
1432,3500029.2126610214,42,35.000013974718044,35.000000014530016,291.9000001211803,0,0.0,0.7559065005015998,0.24409349949840017,4.198377819220541e-33,200.0,61.29999998546998,-185.41622288086867,-1.399980222148075,-0.9674565871209181,-10.45503560649636,0.0,0.0,-26.114480037491578,-7.9270149820622064,-2.8035526406911613,-5.820467013302443,-5.495776707536447,-14.899999347564076
1433,3500029.2126610214,43,35.000013974718044,35.000000014530016,291.9000001211803,0,0.0,0.7562113332722301,0.24378866672776994,3.988458928259514e-33,200.0,61.29999998546998,-185.41622288086867,-1.399980222148075,-0.9674565871209181,-10.45503560649636,0.0,0.0,-26.114480037491578,-7.9270149820622064,-2.8035526406911613,-5.820467013302443,-5.495776707536447,-14.899999347564076
1434,3500029.2126610214,44,35.000013974718044,35.000000014530016,291.9000001211803,0,0.0,0.7564994748147105,0.24350052518528958,3.789035981846538e-33,200.0,61.29999998546998,-185.41622288086867,-1.399980222148075,-0.9674565871209181,-10.45503560649636,0.0,0.0,-26.114480037491578,-7.9270149820622064,-2.8035526406911613,-5.820467013302443,-5.495776707536447,-14.899999347564076
1435,3500029.2126610214,45,35.000013974718044,35.000000014530016,291.9000001211803,0,0.0,0.7567691486688533,0.2432308513311468,3.5995841827542114e-33,200.0,61.29999998546998,-185.41622288086867,-1.399980222148075,-0.9674565871209181,-10.45503560649636,0.0,0.0,-26.114480037491578,-7.9270149820622064,-2.8035526406911613,-5.820467013302443,-5.495776707536447,-14.899999347564076
1436,3500029.2126610214,46,35.000013974718044,35.000000014530016,291.9000001211803,0,0.0,0.7570271583929259,0.2429728416070741,3.419604973616501e-33,200.0,61.29999998546998,-185.41622288086867,-1.399980222148075,-0.9674565871209181,-10.45503560649636,0.0,0.0,-26.114480037491578,-7.9270149820622064,-2.8035526406911613,-5.820467013302443,-5.495776707536447,-14.899999347564076
1437,3500029.2126610214,47,35.000013974718044,35.000000014530016,291.9000001211803,0,0.0,0.7572701706952996,0.2427298293047004,3.2486247249356756e-33,200.0,61.29999998546998,-185.41622288086867,-1.399980222148075,-0.9674565871209181,-10.45503560649636,0.0,0.0,-26.114480037491578,-7.9270149820622064,-2.8035526406911613,-5.820467013302443,-5.495776707536447,-14.899999347564076
1438,3500029.211253566,48,35.000013982560375,35.00000000045417,291.9000000037878,0,0.0,0.7574982857730534,0.24250171422694655,3.0861934886888926e-33,200.0,61.30000000045417,-185.4162229154051,-1.3999802222428475,-0.9674565884996281,-10.455035602624294,0.0,0.0,-26.11448004109436,-7.927014988052769,-2.8035526477496804,-5.820466951232618,-5.495776712954015,-14.899999347584304
1439,3500029.2112158625,49,35.00001398236326,35.00000000007715,291.9000000006434,0,0.0,0.7579862516511817,0.24201374834881834,2.9318838142544483e-33,200.0,61.30000000007715,-185.41622291453655,-1.3999802222404767,-0.9674565884649747,-10.455035602721615,0.0,0.0,-26.11448004100375,-7.9270149879021785,-2.803552647572252,-5.820466952792913,-5.495776712817843,-14.89999934758419
1440,3500029.2112158625,0,35.00001398236326,35.00000000007715,291.9000000006434,0,0.0,0.7586244800398537,0.2413755199601463,2.7852896235417258e-33,200.0,61.30000000007715,-185.41622291453655,-1.3999802222404767,-0.9674565884649747,-10.455035602721615,0.0,0.0,-26.11448004100375,-7.9270149879021785,-2.803552647572252,-5.820466952792913,-5.495776712817843,-14.89999934758419
1441,3500029.2112158625,1,35.00001398236326,35.00000000007715,291.9000000006434,0,0.0,0.7592262267544807,0.2407737732455193,2.6460251423646394e-33,200.0,61.30000000007715,-185.41622291453655,-1.3999802222404767,-0.9674565884649747,-10.455035602721615,0.0,0.0,-26.11448004100375,-7.9270149879021785,-2.803552647572252,-5.820466952792913,-5.495776712817843,-14.89999934758419
1442,3500029.2112122164,2,35.00001398230192,35.00000000004066,291.90000000033905,0,0.0,0.7597977564176817,0.24020224358231831,2.5137238852464073e-33,200.0,61.29999999995934,-185.4162229142657,-1.3999802222397282,-0.9674565884541921,-10.455035602751897,0.0,0.0,-26.114480040975486,-7.927014987855296,-2.8035526475170247,-5.820466953278667,-5.495776712775468,-14.899999347584616
1443,3500029.211211602,3,35.00001398230511,35.00000000003452,291.90000000028783,0,0.0,0.7604276314989807,0.23957236850101923,2.3880376909840867e-33,200.0,61.29999999996548,-185.4162229142798,-1.3999802222397673,-0.9674565884547542,-10.455035602750318,0.0,0.0,-26.11448004097696,-7.92701498785774,-2.8035526475199037,-5.820466953253346,-5.495776712777677,-14.899999347584593
1444,3500029.211211602,4,35.00001398230511,35.00000000003452,291.90000000028783,0,0.0,0.7611066493045083,0.23889335069549164,2.2686358064348824e-33,200.0,61.29999999996548,-185.4162229142798,-1.3999802222397673,-0.9674565884547542,-10.455035602750318,0.0,0.0,-26.11448004097696,-7.92701498785774,-2.8035526475199037,-5.820466953253346,-5.495776712777677,-14.899999347584593
1445,3500029.211211602,5,35.00001398230511,35.00000000003452,291.90000000028783,0,0.0,0.761749711506109,0.23825028849389093,2.155204016113138e-33,200.0,61.29999999996548,-185.4162229142798,-1.3999802222397673,-0.9674565884547542,-10.455035602750318,0.0,0.0,-26.11448004097696,-7.92701498785774,-2.8035526475199037,-5.820466953253346,-5.495776712777677,-14.899999347584593
1446,3500029.211211602,6,35.00001398230511,35.00000000003452,291.90000000028783,0,0.0,0.7623611205972618,0.23763887940273815,2.047443815307481e-33,200.0,61.29999999996548,-185.4162229142798,-1.3999802222397673,-0.9674565884547542,-10.455035602750318,0.0,0.0,-26.11448004097696,-7.92701498785774,-2.8035526475199037,-5.820466953253346,-5.495776712777677,-14.899999347584593
1447,3500029.211211602,7,35.00001398230511,35.00000000003452,291.90000000028783,0,0.0,0.76294558312508,0.23705441687492002,1.9450716245421073e-33,200.0,61.29999999996548,-185.4162229142798,-1.3999802222397673,-0.9674565884547542,-10.455035602750318,0.0,0.0,-26.11448004097696,-7.92701498785774,-2.8035526475199037,-5.820466953253346,-5.495776712777677,-14.899999347584593
1448,3500029.211211602,8,35.00001398230511,35.00000000003452,291.90000000028783,0,0.0,0.7634988210100347,0.2365011789899653,1.8478180433150022e-33,200.0,61.29999999996548,-185.4162229142798,-1.3999802222397673,-0.9674565884547542,-10.455035602750318,0.0,0.0,-26.11448004097696,-7.92701498785774,-2.8035526475199037,-5.820466953253346,-5.495776712777677,-14.899999347584593
1449,3500029.211211602,9,35.00001398230511,35.00000000003452,291.90000000028783,0,0.0,0.7640248943656089,0.23597510563439103,1.755427141149252e-33,200.0,61.29999999996548,-185.4162229142798,-1.3999802222397673,-0.9674565884547542,-10.455035602750318,0.0,0.0,-26.11448004097696,-7.92701498785774,-2.8035526475199037,-5.820466953253346,-5.495776712777677,-14.899999347584593
1450,3500029.211211602,10,35.00001398230511,35.00000000003452,291.90000000028783,0,0.0,0.76452640777692,0.23547359222307995,1.6676557840917894e-33,200.0,61.29999999996548,-185.4162229142798,-1.3999802222397673,-0.9674565884547542,-10.455035602750318,0.0,0.0,-26.11448004097696,-7.92701498785774,-2.8035526475199037,-5.820466953253346,-5.495776712777677,-14.899999347584593
1451,3500029.211211602,11,35.00001398230511,35.00000000003452,291.90000000028783,0,0.0,0.7650014712328966,0.23499852876710337,1.5842729948872e-33,200.0,61.29999999996548,-185.4162229142798,-1.3999802222397673,-0.9674565884547542,-10.455035602750318,0.0,0.0,-26.11448004097696,-7.92701498785774,-2.8035526475199037,-5.820466953253346,-5.495776712777677,-14.899999347584593
1452,3500029.211211602,12,35.00001398230511,35.00000000003452,291.90000000028783,0,0.0,0.7654520317203,0.2345479682797001,1.50505934514284e-33,200.0,61.29999999996548,-185.4162229142798,-1.3999802222397673,-0.9674565884547542,-10.455035602750318,0.0,0.0,-26.11448004097696,-7.92701498785774,-2.8035526475199037,-5.820466953253346,-5.495776712777677,-14.899999347584593
1453,3500029.211211602,13,35.00001398230511,35.00000000003452,291.90000000028783,0,0.0,0.765881182380227,0.234118817619773,1.429806377885698e-33,200.0,61.29999999996548,-185.4162229142798,-1.3999802222397673,-0.9674565884547542,-10.455035602750318,0.0,0.0,-26.11448004097696,-7.92701498785774,-2.8035526475199037,-5.820466953253346,-5.495776712777677,-14.899999347584593
1454,3500029.211211602,14,35.00001398230511,35.00000000003452,291.90000000028783,0,0.0,0.7662868826409501,0.23371311735904993,1.3583160589914132e-33,200.0,61.29999999996548,-185.4162229142798,-1.3999802222397673,-0.9674565884547542,-10.455035602750318,0.0,0.0,-26.11448004097696,-7.92701498785774,-2.8035526475199037,-5.820466953253346,-5.495776712777677,-14.899999347584593
1455,3500029.211211602,15,35.00001398230511,35.00000000003452,291.90000000028783,0,0.0,0.7666715506262055,0.2333284493737945,1.2904002560418426e-33,200.0,61.29999999996548,-185.4162229142798,-1.3999802222397673,-0.9674565884547542,-10.455035602750318,0.0,0.0,-26.11448004097696,-7.92701498785774,-2.8035526475199037,-5.820466953253346,-5.495776712777677,-14.899999347584593
1456,3500029.211211602,16,35.00001398230511,35.00000000003452,291.90000000028783,0,0.0,0.7670356176564568,0.2329643823435432,1.2258802432397504e-33,200.0,61.29999999996548,-185.4162229142798,-1.3999802222397673,-0.9674565884547542,-10.455035602750318,0.0,0.0,-26.11448004097696,-7.92701498785774,-2.8035526475199037,-5.820466953253346,-5.495776712777677,-14.899999347584593
1457,3500029.2112087314,17,35.00001398232011,35.00000000000581,291.90000000004846,0,0.0,0.7673825988983701,0.23261740110162982,1.1645862310777629e-33,200.0,61.299999999994185,-185.4162229143459,-1.3999802222399307,-0.9674565884573876,-10.455035602742923,0.0,0.0,-26.114480040983853,-7.927014987869186,-2.803552647533389,-5.820466953134749,-5.495776712788025,-14.899999347584547
1458,3500029.2112087314,18,35.00001398232011,35.00000000000581,291.90000000004846,0,0.0,0.7677941838819421,0.23220581611805802,1.106356919523875e-33,200.0,61.299999999994185,-185.4162229143459,-1.3999802222399307,-0.9674565884573876,-10.455035602742923,0.0,0.0,-26.114480040983853,-7.927014987869186,-2.803552647533389,-5.820466953134749,-5.495776712788025,-14.899999347584547
1459,3500029.2112087314,19,35.00001398232011,35.00000000000581,291.90000000004846,0,0.0,0.7681862995384318,0.2318137004615683,1.0510390735476811e-33,200.0,61.299999999994185,-185.4162229143459,-1.3999802222399307,-0.9674565884573876,-10.455035602742923,0.0,0.0,-26.114480040983853,-7.927014987869186,-2.803552647533389,-5.820466953134749,-5.495776712788025,-14.899999347584547
1460,3500029.2112087314,20,35.00001398232011,35.00000000000581,291.90000000004846,0,0.0,0.7685586852420937,0.2314413147579064,9.98487119870297e-34,200.0,61.299999999994185,-185.4162229143459,-1.3999802222399307,-0.9674565884573876,-10.455035602742923,0.0,0.0,-26.114480040983853,-7.927014987869186,-2.803552647533389,-5.820466953134749,-5.495776712788025,-14.899999347584547
1461,3500029.2112087314,21,35.00001398232011,35.00000000000581,291.90000000004846,0,0.0,0.7689129434771341,0.23108705652286574,9.485627638767818e-34,200.0,61.299999999994185,-185.4162229143459,-1.3999802222399307,-0.9674565884573876,-10.455035602742923,0.0,0.0,-26.114480040983853,-7.927014987869186,-2.803552647533389,-5.820466953134749,-5.495776712788025,-14.899999347584547
1462,3500029.2112087314,22,35.00001398232011,35.00000000000581,291.90000000004846,0,0.0,0.7692499799126845,0.23075002008731552,9.011346256829428e-34,200.0,61.299999999994185,-185.4162229143459,-1.3999802222399307,-0.9674565884573876,-10.455035602742923,0.0,0.0,-26.114480040983853,-7.927014987869186,-2.803552647533389,-5.820466953134749,-5.495776712788025,-14.899999347584547
1463,3500029.2112087314,23,35.00001398232011,35.00000000000581,291.90000000004846,0,0.0,0.7695675799869897,0.23043242001301037,8.560778943987957e-34,200.0,61.299999999994185,-185.4162229143459,-1.3999802222399307,-0.9674565884573876,-10.455035602742923,0.0,0.0,-26.114480040983853,-7.927014987869186,-2.803552647533389,-5.820466953134749,-5.495776712788025,-14.899999347584547
1464,3500029.2112087314,24,35.00001398232011,35.00000000000581,291.90000000004846,0,0.0,0.7698697920532251,0.23013020794677497,8.132739996788558e-34,200.0,61.299999999994185,-185.4162229143459,-1.3999802222399307,-0.9674565884573876,-10.455035602742923,0.0,0.0,-26.114480040983853,-7.927014987869186,-2.803552647533389,-5.820466953134749,-5.495776712788025,-14.899999347584547
1465,3500029.2112087314,25,35.00001398232011,35.00000000000581,291.90000000004846,0,0.0,0.7701561563471799,0.2298438436528201,7.72610299694913e-34,200.0,61.299999999994185,-185.4162229143459,-1.3999802222399307,-0.9674565884573876,-10.455035602742923,0.0,0.0,-26.114480040983853,-7.927014987869186,-2.803552647533389,-5.820466953134749,-5.495776712788025,-14.899999347584547
1466,3500029.211208211,26,35.000013982323445,35.00000000000061,291.9000000000051,0,0.0,0.7704293077264714,0.2295706922735285,7.339797847101674e-34,200.0,61.30000000000061,-185.41622291436067,-1.3999802222399713,-0.967456588457976,-10.45503560274127,0.0,0.0,-26.114480040985395,-7.927014987871744,-2.8035526475364025,-5.820466953108245,-5.495776712790338,-14.899999347584526
1467,3500029.211208164,27,35.00001398232306,35.00000000000014,291.90000000000117,0,0.0,0.770769564196549,0.22923043580345107,6.97280795474659e-34,200.0,61.299999999999855,-185.41622291435894,-1.3999802222399667,-0.967456588457907,-10.455035602741464,0.0,0.0,-26.114480040985214,-7.927014987871445,-2.8035526475360495,-5.8204669531113495,-5.495776712790067,-14.899999347584528
1468,3500029.211208164,28,35.00001398232306,35.00000000000014,291.90000000000117,0,0.0,0.7711711900423793,0.22882880995762062,6.62416755700926e-34,200.0,61.299999999999855,-185.41622291435894,-1.3999802222399667,-0.967456588457907,-10.455035602741464,0.0,0.0,-26.114480040985214,-7.927014987871445,-2.8035526475360495,-5.8204669531113495,-5.495776712790067,-14.899999347584528
1469,3500029.211208164,29,35.00001398232306,35.00000000000014,291.90000000000117,0,0.0,0.7715507954204596,0.2284492045795404,6.292959179158797e-34,200.0,61.299999999999855,-185.41622291435894,-1.3999802222399667,-0.967456588457907,-10.455035602741464,0.0,0.0,-26.114480040985214,-7.927014987871445,-2.8035526475360495,-5.8204669531113495,-5.495776712790067,-14.899999347584528
1470,3500029.211208164,30,35.00001398232306,35.00000000000014,291.90000000000117,0,0.0,0.7719106959871754,0.22808930401282457,5.978311220200857e-34,200.0,61.299999999999855,-185.41622291435894,-1.3999802222399667,-0.967456588457907,-10.455035602741464,0.0,0.0,-26.114480040985214,-7.927014987871445,-2.8035526475360495,-5.8204669531113495,-5.495776712790067,-14.899999347584528
1471,3500029.2112081535,31,35.000013982323104,35.000000000000036,291.90000000000026,0,0.0,0.7722524836982603,0.2277475163017397,5.679395659190813e-34,200.0,61.29999999999996,-185.4162229143592,-1.3999802222399673,-0.9674565884579169,-10.455035602741436,0.0,0.0,-26.11448004098524,-7.9270149878714875,-2.8035526475361,-5.820466953110904,-5.495776712790106,-14.899999347584528
1472,3500029.2112081535,32,35.000013982323104,35.000000000000036,291.90000000000026,0,0.0,0.7726550580204933,0.22734494197950675,5.395425876231273e-34,200.0,61.29999999999996,-185.4162229143592,-1.3999802222399673,-0.9674565884579169,-10.455035602741436,0.0,0.0,-26.11448004098524,-7.9270149878714875,-2.8035526475361,-5.820466953110904,-5.495776712790106,-14.899999347584528
1473,3500029.2112081535,33,35.000013982323104,35.000000000000036,291.90000000000026,0,0.0,0.7730355815241393,0.2269644184758607,5.125654582419711e-34,200.0,61.29999999999996,-185.4162229143592,-1.3999802222399673,-0.9674565884579169,-10.455035602741436,0.0,0.0,-26.11448004098524,-7.9270149878714875,-2.8035526475361,-5.820466953110904,-5.495776712790106,-14.899999347584528
1474,3500029.2112081535,34,35.000013982323104,35.000000000000036,291.90000000000026,0,0.0,0.7733951589257781,0.2266048410742219,4.869371853298725e-34,200.0,61.29999999999996,-185.4162229143592,-1.3999802222399673,-0.9674565884579169,-10.455035602741436,0.0,0.0,-26.11448004098524,-7.9270149878714875,-2.8035526475361,-5.820466953110904,-5.495776712790106,-14.899999347584528
1475,3500029.2112081535,35,35.000013982323104,35.000000000000036,291.90000000000026,0,0.0,0.7737372454499812,0.22626275455001885,4.625903260633789e-34,200.0,61.29999999999996,-185.4162229143592,-1.3999802222399673,-0.9674565884579169,-10.455035602741436,0.0,0.0,-26.11448004098524,-7.9270149878714875,-2.8035526475361,-5.820466953110904,-5.495776712790106,-14.899999347584528
1476,3500029.2112081535,36,35.000013982323104,35.000000000000036,291.90000000000026,0,0.0,0.7740621140208048,0.22593788597919523,4.394608097602099e-34,200.0,61.29999999999996,-185.4162229143592,-1.3999802222399673,-0.9674565884579169,-10.455035602741436,0.0,0.0,-26.11448004098524,-7.9270149878714875,-2.8035526475361,-5.820466953110904,-5.495776712790106,-14.899999347584528
1477,3500029.2112081535,37,35.000013982323104,35.000000000000036,291.90000000000026,0,0.0,0.7743700251190637,0.22562997488093628,4.174877692721994e-34,200.0,61.29999999999996,-185.4162229143592,-1.3999802222399673,-0.9674565884579169,-10.455035602741436,0.0,0.0,-26.11448004098524,-7.9270149878714875,-2.8035526475361,-5.820466953110904,-5.495776712790106,-14.899999347584528
1478,3500029.2112081535,38,35.000013982323104,35.000000000000036,291.90000000000026,0,0.0,0.7746612272710909,0.22533877272890912,3.966133808085894e-34,200.0,61.29999999999996,-185.4162229143592,-1.3999802222399673,-0.9674565884579169,-10.455035602741436,0.0,0.0,-26.11448004098524,-7.9270149878714875,-2.8035526475361,-5.820466953110904,-5.495776712790106,-14.899999347584528
1479,3500029.2112081535,39,35.000013982323104,35.000000000000036,291.90000000000026,0,0.0,0.7749371574447179,0.22506284255528208,3.7678271176815995e-34,200.0,61.29999999999996,-185.4162229143592,-1.3999802222399673,-0.9674565884579169,-10.455035602741436,0.0,0.0,-26.11448004098524,-7.9270149878714875,-2.8035526475361,-5.820466953110904,-5.495776712790106,-14.899999347584528
1480,3500029.2112081535,40,35.000013982323104,35.000000000000036,291.90000000000026,0,0.0,0.7751961815330569,0.22480381846694308,3.57943576179752e-34,200.0,61.29999999999996,-185.4162229143592,-1.3999802222399673,-0.9674565884579169,-10.455035602741436,0.0,0.0,-26.11448004098524,-7.9270149878714875,-2.8035526475361,-5.820466953110904,-5.495776712790106,-14.899999347584528
1481,3500029.2112081535,41,35.000013982323104,35.000000000000036,291.90000000000026,0,0.0,0.7754433437342679,0.2245566562657321,3.4004639737076443e-34,200.0,61.29999999999996,-185.4162229143592,-1.3999802222399673,-0.9674565884579169,-10.455035602741436,0.0,0.0,-26.11448004098524,-7.9270149878714875,-2.8035526475361,-5.820466953110904,-5.495776712790106,-14.899999347584528
1482,3500029.2112081535,42,35.000013982323104,35.000000000000036,291.90000000000026,0,0.0,0.7756798342710836,0.2243201657289164,3.230440775022262e-34,200.0,61.29999999999996,-185.4162229143592,-1.3999802222399673,-0.9674565884579169,-10.455035602741436,0.0,0.0,-26.11448004098524,-7.9270149878714875,-2.8035526475361,-5.820466953110904,-5.495776712790106,-14.899999347584528
1483,3500029.2112081535,43,35.000013982323104,35.000000000000036,291.90000000000026,0,0.0,0.7759019956489145,0.22409800435108554,3.068918736271149e-34,200.0,61.29999999999996,-185.4162229143592,-1.3999802222399673,-0.9674565884579169,-10.455035602741436,0.0,0.0,-26.11448004098524,-7.9270149878714875,-2.8035526475361,-5.820466953110904,-5.495776712790106,-14.899999347584528
1484,3500029.2112081535,44,35.000013982323104,35.000000000000036,291.90000000000026,0,0.0,0.7761111452170837,0.22388885478291626,2.9154727994575916e-34,200.0,61.29999999999996,-185.4162229143592,-1.3999802222399673,-0.9674565884579169,-10.455035602741436,0.0,0.0,-26.11448004098524,-7.9270149878714875,-2.8035526475361,-5.820466953110904,-5.495776712790106,-14.899999347584528
1485,3500029.2112081535,45,35.000013982323104,35.000000000000036,291.90000000000026,0,0.0,0.7763079357060669,0.2236920642939331,2.769699159484712e-34,200.0,61.29999999999996,-185.4162229143592,-1.3999802222399673,-0.9674565884579169,-10.455035602741436,0.0,0.0,-26.11448004098524,-7.9270149878714875,-2.8035526475361,-5.820466953110904,-5.495776712790106,-14.899999347584528
1486,3500029.2112081535,46,35.000013982323104,35.000000000000036,291.90000000000026,0,0.0,0.7764923894869049,0.22350761051309506,2.6312142015104764e-34,200.0,61.29999999999996,-185.4162229143592,-1.3999802222399673,-0.9674565884579169,-10.455035602741436,0.0,0.0,-26.11448004098524,-7.9270149878714875,-2.8035526475361,-5.820466953110904,-5.495776712790106,-14.899999347584528
1487,3500029.2112081535,47,35.000013982323104,35.000000000000036,291.90000000000026,0,0.0,0.776663930900741,0.223336069099259,2.4996534914349525e-34,200.0,61.29999999999996,-185.4162229143592,-1.3999802222399673,-0.9674565884579169,-10.455035602741436,0.0,0.0,-26.11448004098524,-7.9270149878714875,-2.8035526475361,-5.820466953110904,-5.495776712790106,-14.899999347584528
1488,3500029.2112081535,48,35.000013982323104,35.000000000000036,291.90000000000026,0,0.0,0.7768273901071404,0.22317260989285964,2.374670816863205e-34,200.0,61.29999999999996,-185.4162229143592,-1.3999802222399673,-0.9674565884579169,-10.455035602741436,0.0,0.0,-26.11448004098524,-7.9270149878714875,-2.8035526475361,-5.820466953110904,-5.495776712790106,-14.899999347584528
1489,3500029.2112081535,49,35.000013982323104,35.000000000000036,291.90000000000026,0,0.0,0.7769777982579332,0.22302220174206672,2.2559372760200448e-34,200.0,61.29999999999996,-185.4162229143592,-1.3999802222399673,-0.9674565884579169,-10.455035602741436,0.0,0.0,-26.11448004098524,-7.9270149878714875,-2.8035526475361,-5.820466953110904,-5.495776712790106,-14.899999347584528
1490,3500029.2112081535,0,35.000013982323104,35.000000000000036,291.90000000000026,0,0.0,0.7771176026064261,0.22288239739357385,2.143140412219043e-34,200.0,61.29999999999996,-185.4162229143592,-1.3999802222399673,-0.9674565884579169,-10.455035602741436,0.0,0.0,-26.11448004098524,-7.9270149878714875,-2.8035526475361,-5.820466953110904,-5.495776712790106,-14.899999347584528
1491,3500029.2112081535,1,35.000013982323104,35.000000000000036,291.90000000000026,0,0.0,0.7772461427724624,0.22275385722753763,2.035983391608091e-34,200.0,61.29999999999996,-185.4162229143592,-1.3999802222399673,-0.9674565884579169,-10.455035602741436,0.0,0.0,-26.11448004098524,-7.9270149878714875,-2.8035526475361,-5.820466953110904,-5.495776712790106,-14.899999347584528
1492,3500029.2112081535,2,35.000013982323104,35.000000000000036,291.90000000000026,0,0.0,0.7773651789187873,0.22263482108121266,1.9341842220276865e-34,200.0,61.29999999999996,-185.4162229143592,-1.3999802222399673,-0.9674565884579169,-10.455035602741436,0.0,0.0,-26.11448004098524,-7.9270149878714875,-2.8035526475361,-5.820466953110904,-5.495776712790106,-14.899999347584528
1493,3500029.2112081535,3,35.000013982323104,35.000000000000036,291.90000000000026,0,0.0,0.7774787673143346,0.2225212326856654,1.8374750109263022e-34,200.0,61.29999999999996,-185.4162229143592,-1.3999802222399673,-0.9674565884579169,-10.455035602741436,0.0,0.0,-26.11448004098524,-7.9270149878714875,-2.8035526475361,-5.820466953110904,-5.495776712790106,-14.899999347584528
1494,3500029.2112081535,4,35.000013982323104,35.000000000000036,291.90000000000026,0,0.0,0.77758479618162,0.22241520381837995,1.745601260379987e-34,200.0,61.29999999999996,-185.4162229143592,-1.3999802222399673,-0.9674565884579169,-10.455035602741436,0.0,0.0,-26.11448004098524,-7.9270149878714875,-2.8035526475361,-5.820466953110904,-5.495776712790106,-14.899999347584528
1495,3500029.2112081535,5,35.000013982323104,35.000000000000036,291.90000000000026,0,0.0,0.7776824541467339,0.22231754585326616,1.6583211973609877e-34,200.0,61.29999999999996,-185.4162229143592,-1.3999802222399673,-0.9674565884579169,-10.455035602741436,0.0,0.0,-26.11448004098524,-7.9270149878714875,-2.8035526475361,-5.820466953110904,-5.495776712790106,-14.899999347584528
1496,3500029.2112081535,6,35.000013982323104,35.000000000000036,291.90000000000026,0,0.0,0.7777781164993358,0.2222218835006642,1.5754051374929381e-34,200.0,61.29999999999996,-185.4162229143592,-1.3999802222399673,-0.9674565884579169,-10.455035602741436,0.0,0.0,-26.11448004098524,-7.9270149878714875,-2.8035526475361,-5.820466953110904,-5.495776712790106,-14.899999347584528
1497,3500029.2112081535,7,35.000013982323104,35.000000000000036,291.90000000000026,0,0.0,0.7778653354473122,0.2221346645526878,1.496634880618291e-34,200.0,61.29999999999996,-185.4162229143592,-1.3999802222399673,-0.9674565884579169,-10.455035602741436,0.0,0.0,-26.11448004098524,-7.9270149878714875,-2.8035526475361,-5.820466953110904,-5.495776712790106,-14.899999347584528
1498,3500029.2112081535,8,35.000013982323104,35.000000000000036,291.90000000000026,0,0.0,0.777948105019259,0.22205189498074093,1.4218031365873764e-34,200.0,61.29999999999996,-185.4162229143592,-1.3999802222399673,-0.9674565884579169,-10.455035602741436,0.0,0.0,-26.11448004098524,-7.9270149878714875,-2.8035526475361,-5.820466953110904,-5.495776712790106,-14.899999347584528
1499,3500029.2112081535,9,35.000013982323104,35.000000000000036,291.90000000000026,0,0.0,0.7780224870821575,0.22197751291784257,1.3507129797580077e-34,200.0,61.29999999999996,-185.4162229143592,-1.3999802222399673,-0.9674565884579169,-10.455035602741436,0.0,0.0,-26.11448004098524,-7.9270149878714875,-2.8035526475361,-5.820466953110904,-5.495776712790106,-14.899999347584528
1500,3500029.2112081535,10,35.000013982323104,35.000000000000036,291.90000000000026,0,0.0,0.7780889045357333,0.2219110954642667,1.2831773307701073e-34,200.0,61.29999999999996,-185.4162229143592,-1.3999802222399673,-0.9674565884579169,-10.455035602741436,0.0,0.0,-26.11448004098524,-7.9270149878714875,-2.8035526475361,-5.820466953110904,-5.495776712790106,-14.899999347584528
1501,3500029.2112081535,11,35.000013982323104,35.000000000000036,291.90000000000026,0,0.0,0.7781483534563387,0.22185164654366124,1.2190184642316018e-34,200.0,61.29999999999996,-185.4162229143592,-1.3999802222399673,-0.9674565884579169,-10.455035602741436,0.0,0.0,-26.11448004098524,-7.9270149878714875,-2.8035526475361,-5.820466953110904,-5.495776712790106,-14.899999347584528
1502,3500029.2112081535,12,35.000013982323104,35.000000000000036,291.90000000000026,0,0.0,0.7782035618839829,0.22179643811601724,1.158067541020022e-34,200.0,61.29999999999996,-185.4162229143592,-1.3999802222399673,-0.9674565884579169,-10.455035602741436,0.0,0.0,-26.11448004098524,-7.9270149878714875,-2.8035526475361,-5.820466953110904,-5.495776712790106,-14.899999347584528
1503,3500029.2112081535,13,35.000013982323104,35.000000000000036,291.90000000000026,0,0.0,0.7782541496331855,0.2217458503668146,1.1001641639690208e-34,200.0,61.29999999999996,-185.4162229143592,-1.3999802222399673,-0.9674565884579169,-10.455035602741436,0.0,0.0,-26.11448004098524,-7.9270149878714875,-2.8035526475361,-5.820466953110904,-5.495776712790106,-14.899999347584528
1504,3500029.2112081535,14,35.000013982323104,35.000000000000036,291.90000000000026,0,0.0,0.7783003498078448,0.2216996501921553,1.0451559557705698e-34,200.0,61.29999999999996,-185.4162229143592,-1.3999802222399673,-0.9674565884579169,-10.455035602741436,0.0,0.0,-26.11448004098524,-7.9270149878714875,-2.8035526475361,-5.820466953110904,-5.495776712790106,-14.899999347584528
1505,3500029.2112081535,15,35.000013982323104,35.000000000000036,291.90000000000026,0,0.0,0.7783441632794298,0.22165583672057027,9.928981579820413e-35,200.0,61.29999999999996,-185.4162229143592,-1.3999802222399673,-0.9674565884579169,-10.455035602741436,0.0,0.0,-26.11448004098524,-7.9270149878714875,-2.8035526475361,-5.820466953110904,-5.495776712790106,-14.899999347584528
1506,3500029.2112081535,16,35.000013982323104,35.000000000000036,291.90000000000026,0,0.0,0.7783821525937341,0.22161784740626592,9.432532500829392e-35,200.0,61.29999999999996,-185.4162229143592,-1.3999802222399673,-0.9674565884579169,-10.455035602741436,0.0,0.0,-26.11448004098524,-7.9270149878714875,-2.8035526475361,-5.820466953110904,-5.495776712790106,-14.899999347584528
1507,3500029.2112081535,17,35.000013982323104,35.000000000000036,291.90000000000026,0,0.0,0.778419353309029,0.221580646690971,8.960905875787922e-35,200.0,61.29999999999996,-185.4162229143592,-1.3999802222399673,-0.9674565884579169,-10.455035602741436,0.0,0.0,-26.11448004098524,-7.9270149878714875,-2.8035526475361,-5.820466953110904,-5.495776712790106,-14.899999347584528
1508,3500029.2112081535,18,35.000013982323104,35.000000000000036,291.90000000000026,0,0.0,0.7784552112124339,0.2215447887875661,8.512860581998526e-35,200.0,61.29999999999996,-185.4162229143592,-1.3999802222399673,-0.9674565884579169,-10.455035602741436,0.0,0.0,-26.11448004098524,-7.9270149878714875,-2.8035526475361,-5.820466953110904,-5.495776712790106,-14.899999347584528
1509,3500029.2112081535,19,35.000013982323104,35.000000000000036,291.90000000000026,0,0.0,0.7784892010975671,0.2215107989024329,8.0872175528986e-35,200.0,61.29999999999996,-185.4162229143592,-1.3999802222399673,-0.9674565884579169,-10.455035602741436,0.0,0.0,-26.11448004098524,-7.9270149878714875,-2.8035526475361,-5.820466953110904,-5.495776712790106,-14.899999347584528
1510,3500029.2112081535,20,35.000013982323104,35.000000000000036,291.90000000000026,0,0.0,0.7785202338624695,0.22147976613753056,7.68285667525367e-35,200.0,61.29999999999996,-185.4162229143592,-1.3999802222399673,-0.9674565884579169,-10.455035602741436,0.0,0.0,-26.11448004098524,-7.9270149878714875,-2.8035526475361,-5.820466953110904,-5.495776712790106,-14.899999347584528
1511,3500029.2112081535,21,35.000013982323104,35.000000000000036,291.90000000000026,0,0.0,0.7785472766836359,0.22145272331636423,7.298713841490986e-35,200.0,61.29999999999996,-185.4162229143592,-1.3999802222399673,-0.9674565884579169,-10.455035602741436,0.0,0.0,-26.11448004098524,-7.9270149878714875,-2.8035526475361,-5.820466953110904,-5.495776712790106,-14.899999347584528
1512,3500029.2112081535,22,35.000013982323104,35.000000000000036,291.90000000000026,0,0.0,0.7785711224674852,0.22142887753251483,6.933778149416436e-35,200.0,61.29999999999996,-185.4162229143592,-1.3999802222399673,-0.9674565884579169,-10.455035602741436,0.0,0.0,-26.11448004098524,-7.9270149878714875,-2.8035526475361,-5.820466953110904,-5.495776712790106,-14.899999347584528
1513,3500029.2112081535,23,35.000013982323104,35.000000000000036,291.90000000000026,0,0.0,0.7785913424872665,0.22140865751273356,6.587089241945615e-35,200.0,61.29999999999996,-185.4162229143592,-1.3999802222399673,-0.9674565884579169,-10.455035602741436,0.0,0.0,-26.11448004098524,-7.9270149878714875,-2.8035526475361,-5.820466953110904,-5.495776712790106,-14.899999347584528
1514,3500029.2112081535,24,35.000013982323104,35.000000000000036,291.90000000000026,0,0.0,0.7786069396235611,0.22139306037643885,6.257734779848333e-35,200.0,61.29999999999996,-185.4162229143592,-1.3999802222399673,-0.9674565884579169,-10.455035602741436,0.0,0.0,-26.11448004098524,-7.9270149878714875,-2.8035526475361,-5.820466953110904,-5.495776712790106,-14.899999347584528
1515,3500029.2112081535,25,35.000013982323104,35.000000000000036,291.90000000000026,0,0.0,0.7786199191671478,0.22138008083285224,5.944848040855918e-35,200.0,61.29999999999996,-185.4162229143592,-1.3999802222399673,-0.9674565884579169,-10.455035602741436,0.0,0.0,-26.11448004098524,-7.9270149878714875,-2.8035526475361,-5.820466953110904,-5.495776712790106,-14.899999347584528
1516,3500029.2112081535,26,35.000013982323104,35.000000000000036,291.90000000000026,0,0.0,0.7786274635921062,0.22137253640789384,5.647605638813123e-35,200.0,61.29999999999996,-185.4162229143592,-1.3999802222399673,-0.9674565884579169,-10.455035602741436,0.0,0.0,-26.11448004098524,-7.9270149878714875,-2.8035526475361,-5.820466953110904,-5.495776712790106,-14.899999347584528
1517,3500029.2112081535,27,35.000013982323104,35.000000000000036,291.90000000000026,0,0.0,0.77863397820097,0.22136602179903,5.365225356872466e-35,200.0,61.29999999999996,-185.4162229143592,-1.3999802222399673,-0.9674565884579169,-10.455035602741436,0.0,0.0,-26.11448004098524,-7.9270149878714875,-2.8035526475361,-5.820466953110904,-5.495776712790106,-14.899999347584528
1518,3500029.2112081535,28,35.000013982323104,35.000000000000036,291.90000000000026,0,0.0,0.7786377466010234,0.2213622533989766,5.096964089028842e-35,200.0,61.29999999999996,-185.4162229143592,-1.3999802222399673,-0.9674565884579169,-10.455035602741436,0.0,0.0,-26.11448004098524,-7.9270149878714875,-2.8035526475361,-5.820466953110904,-5.495776712790106,-14.899999347584528
1519,3500029.2112081535,29,35.000013982323104,35.000000000000036,291.90000000000026,0,0.0,0.7786406766417093,0.22135932335829064,4.8421158845774e-35,200.0,61.29999999999996,-185.4162229143592,-1.3999802222399673,-0.9674565884579169,-10.455035602741436,0.0,0.0,-26.11448004098524,-7.9270149878714875,-2.8035526475361,-5.820466953110904,-5.495776712790106,-14.899999347584528
1520,3500029.2112081535,30,35.000013982323104,35.000000000000036,291.90000000000026,0,0.0,0.7786410440410708,0.22135895595892918,4.600010090348531e-35,200.0,61.29999999999996,-185.4162229143592,-1.3999802222399673,-0.9674565884579169,-10.455035602741436,0.0,0.0,-26.11448004098524,-7.9270149878714875,-2.8035526475361,-5.820466953110904,-5.495776712790106,-14.899999347584528
1521,3500029.2112081535,31,35.000013982323104,35.000000000000036,291.90000000000026,0,0.0,0.7786378016473045,0.22136219835269558,4.370009585831104e-35,200.0,61.29999999999996,-185.4162229143592,-1.3999802222399673,-0.9674565884579169,-10.455035602741436,0.0,0.0,-26.11448004098524,-7.9270149878714875,-2.8035526475361,-5.820466953110904,-5.495776712790106,-14.899999347584528
1522,3500029.2112081535,32,35.000013982323104,35.000000000000036,291.90000000000026,0,0.0,0.7786328993422942,0.22136710065770585,4.151509106539549e-35,200.0,61.29999999999996,-185.4162229143592,-1.3999802222399673,-0.9674565884579169,-10.455035602741436,0.0,0.0,-26.11448004098524,-7.9270149878714875,-2.8035526475361,-5.820466953110904,-5.495776712790106,-14.899999347584528
1523,3500029.2112081535,33,35.000013982323104,35.000000000000036,291.90000000000026,0,0.0,0.7786281871701017,0.2213718128298982,3.9439336512125716e-35,200.0,61.29999999999996,-185.4162229143592,-1.3999802222399673,-0.9674565884579169,-10.455035602741436,0.0,0.0,-26.11448004098524,-7.9270149878714875,-2.8035526475361,-5.820466953110904,-5.495776712790106,-14.899999347584528
1524,3500029.2112081535,34,35.000013982323104,35.000000000000036,291.90000000000026,0,0.0,0.7786201275420493,0.22137987245795065,3.7467369686519433e-35,200.0,61.29999999999996,-185.4162229143592,-1.3999802222399673,-0.9674565884579169,-10.455035602741436,0.0,0.0,-26.11448004098524,-7.9270149878714875,-2.8035526475361,-5.820466953110904,-5.495776712790106,-14.899999347584528
1525,3500029.2112081535,35,35.000013982323104,35.000000000000036,291.90000000000026,0,0.0,0.7786141814709381,0.22138581852906197,3.559400120219346e-35,200.0,61.29999999999996,-185.4162229143592,-1.3999802222399673,-0.9674565884579169,-10.455035602741436,0.0,0.0,-26.11448004098524,-7.9270149878714875,-2.8035526475361,-5.820466953110904,-5.495776712790106,-14.899999347584528
1526,3500029.2112081535,36,35.000013982323104,35.000000000000036,291.90000000000026,0,0.0,0.7786055422732094,0.22139445772679062,3.3814301142083785e-35,200.0,61.29999999999996,-185.4162229143592,-1.3999802222399673,-0.9674565884579169,-10.455035602741436,0.0,0.0,-26.11448004098524,-7.9270149878714875,-2.8035526475361,-5.820466953110904,-5.495776712790106,-14.899999347584528
1527,3500029.2112081535,37,35.000013982323104,35.000000000000036,291.90000000000026,0,0.0,0.7785949347383951,0.22140506526160486,3.212358608497959e-35,200.0,61.29999999999996,-185.4162229143592,-1.3999802222399673,-0.9674565884579169,-10.455035602741436,0.0,0.0,-26.11448004098524,-7.9270149878714875,-2.8035526475361,-5.820466953110904,-5.495776712790106,-14.899999347584528
1528,3500029.2112081535,38,35.000013982323104,35.000000000000036,291.90000000000026,0,0.0,0.778583046760145,0.22141695323985505,3.0517406780730615e-35,200.0,61.29999999999996,-185.4162229143592,-1.3999802222399673,-0.9674565884579169,-10.455035602741436,0.0,0.0,-26.11448004098524,-7.9270149878714875,-2.8035526475361,-5.820466953110904,-5.495776712790106,-14.899999347584528
1529,3500029.2112081535,39,35.000013982323104,35.000000000000036,291.90000000000026,0,0.0,0.7785705310581282,0.22142946894187174,2.899153644169408e-35,200.0,61.29999999999996,-185.4162229143592,-1.3999802222399673,-0.9674565884579169,-10.455035602741436,0.0,0.0,-26.11448004098524,-7.9270149878714875,-2.8035526475361,-5.820466953110904,-5.495776712790106,-14.899999347584528
1530,3500029.2112081535,40,35.000013982323104,35.000000000000036,291.90000000000026,0,0.0,0.7785580068144515,0.2214419931855485,2.754195961960938e-35,200.0,61.29999999999996,-185.4162229143592,-1.3999802222399673,-0.9674565884579169,-10.455035602741436,0.0,0.0,-26.11448004098524,-7.9270149878714875,-2.8035526475361,-5.820466953110904,-5.495776712790106,-14.899999347584528
1531,3500029.2112081535,41,35.000013982323104,35.000000000000036,291.90000000000026,0,0.0,0.7785448892107337,0.22145511078926625,2.616486163862891e-35,200.0,61.29999999999996,-185.4162229143592,-1.3999802222399673,-0.9674565884579169,-10.455035602741436,0.0,0.0,-26.11448004098524,-7.9270149878714875,-2.8035526475361,-5.820466953110904,-5.495776712790106,-14.899999347584528
1532,3500029.2112081535,42,35.000013982323104,35.000000000000036,291.90000000000026,0,0.0,0.7785317950672276,0.22146820493277242,2.485661855669747e-35,200.0,61.29999999999996,-185.4162229143592,-1.3999802222399673,-0.9674565884579169,-10.455035602741436,0.0,0.0,-26.11448004098524,-7.9270149878714875,-2.8035526475361,-5.820466953110904,-5.495776712790106,-14.899999347584528
1533,3500029.2112081535,43,35.000013982323104,35.000000000000036,291.90000000000026,0,0.0,0.7785187239918272,0.2214812760081728,2.3613787628862592e-35,200.0,61.29999999999996,-185.4162229143592,-1.3999802222399673,-0.9674565884579169,-10.455035602741436,0.0,0.0,-26.11448004098524,-7.9270149878714875,-2.8035526475361,-5.820466953110904,-5.495776712790106,-14.899999347584528
1534,3500029.2112081535,44,35.000013982323104,35.000000000000036,291.90000000000026,0,0.0,0.7785045054649679,0.22149549453503214,2.243309824741946e-35,200.0,61.29999999999996,-185.4162229143592,-1.3999802222399673,-0.9674565884579169,-10.455035602741436,0.0,0.0,-26.11448004098524,-7.9270149878714875,-2.8035526475361,-5.820466953110904,-5.495776712790106,-14.899999347584528
1535,3500029.2112081535,45,35.000013982323104,35.000000000000036,291.90000000000026,0,0.0,0.7784903684603358,0.22150963153966424,2.1311443335048486e-35,200.0,61.29999999999996,-185.4162229143592,-1.3999802222399673,-0.9674565884579169,-10.455035602741436,0.0,0.0,-26.11448004098524,-7.9270149878714875,-2.8035526475361,-5.820466953110904,-5.495776712790106,-14.899999347584528
1536,3500029.2112081535,46,35.000013982323104,35.000000000000036,291.90000000000026,0,0.0,0.7784763096776179,0.22152369032238214,2.0245871168296062e-35,200.0,61.29999999999996,-185.4162229143592,-1.3999802222399673,-0.9674565884579169,-10.455035602741436,0.0,0.0,-26.11448004098524,-7.9270149878714875,-2.8035526475361,-5.820466953110904,-5.495776712790106,-14.899999347584528
1537,3500029.2112081535,47,35.000013982323104,35.000000000000036,291.90000000000026,0,0.0,0.7784646620477618,0.22153533795223831,1.9233577609881258e-35,200.0,61.29999999999996,-185.4162229143592,-1.3999802222399673,-0.9674565884579169,-10.455035602741436,0.0,0.0,-26.11448004098524,-7.9270149878714875,-2.8035526475361,-5.820466953110904,-5.495776712790106,-14.899999347584528
1538,3500029.2112081535,48,35.000013982323104,35.000000000000036,291.90000000000026,0,0.0,0.7784529683682974,0.22154703163170272,1.8271898729387194e-35,200.0,61.29999999999996,-185.4162229143592,-1.3999802222399673,-0.9674565884579169,-10.455035602741436,0.0,0.0,-26.11448004098524,-7.9270149878714875,-2.8035526475361,-5.820466953110904,-5.495776712790106,-14.899999347584528
1539,3500029.2112081535,49,35.000013982323104,35.000000000000036,291.90000000000026,0,0.0,0.7784371478909851,0.221562852109015,1.7358303792917834e-35,200.0,61.29999999999996,-185.4162229143592,-1.3999802222399673,-0.9674565884579169,-10.455035602741436,0.0,0.0,-26.11448004098524,-7.9270149878714875,-2.8035526475361,-5.820466953110904,-5.495776712790106,-14.899999347584528
1540,3500029.2112081535,0,35.000013982323104,35.000000000000036,291.90000000000026,0,0.0,0.7784220770975641,0.221577922902436,1.6490388603271945e-35,200.0,61.29999999999996,-185.4162229143592,-1.3999802222399673,-0.9674565884579169,-10.455035602741436,0.0,0.0,-26.11448004098524,-7.9270149878714875,-2.8035526475361,-5.820466953110904,-5.495776712790106,-14.899999347584528
1541,3500029.2112081535,1,35.000013982323104,35.000000000000036,291.90000000000026,0,0.0,0.7784094667479498,0.2215905332520503,1.5665869173108346e-35,200.0,61.29999999999996,-185.4162229143592,-1.3999802222399673,-0.9674565884579169,-10.455035602741436,0.0,0.0,-26.11448004098524,-7.9270149878714875,-2.8035526475361,-5.820466953110904,-5.495776712790106,-14.899999347584528
1542,3500029.2112081535,2,35.000013982323104,35.000000000000036,291.90000000000026,0,0.0,0.7783962798867781,0.22160372011322194,1.4882575714452928e-35,200.0,61.29999999999996,-185.4162229143592,-1.3999802222399673,-0.9674565884579169,-10.455035602741436,0.0,0.0,-26.11448004098524,-7.9270149878714875,-2.8035526475361,-5.820466953110904,-5.495776712790106,-14.899999347584528
1543,3500029.2112081535,3,35.000013982323104,35.000000000000036,291.90000000000026,0,0.0,0.7783837108132161,0.22161628918678392,1.4138446928730282e-35,200.0,61.29999999999996,-185.4162229143592,-1.3999802222399673,-0.9674565884579169,-10.455035602741436,0.0,0.0,-26.11448004098524,-7.9270149878714875,-2.8035526475361,-5.820466953110904,-5.495776712790106,-14.899999347584528
1544,3500029.2112081535,4,35.000013982323104,35.000000000000036,291.90000000000026,0,0.0,0.778368238231185,0.22163176176881505,1.3431524582293768e-35,200.0,61.29999999999996,-185.4162229143592,-1.3999802222399673,-0.9674565884579169,-10.455035602741436,0.0,0.0,-26.11448004098524,-7.9270149878714875,-2.8035526475361,-5.820466953110904,-5.495776712790106,-14.899999347584528
1545,3500029.2112081535,5,35.000013982323104,35.000000000000036,291.90000000000026,0,0.0,0.7783511738010582,0.22164882619894172,1.2759948353179078e-35,200.0,61.29999999999996,-185.4162229143592,-1.3999802222399673,-0.9674565884579169,-10.455035602741436,0.0,0.0,-26.11448004098524,-7.9270149878714875,-2.8035526475361,-5.820466953110904,-5.495776712790106,-14.899999347584528
1546,3500029.2112081535,6,35.000013982323104,35.000000000000036,291.90000000000026,0,0.0,0.7783296918249022,0.2216703081750978,1.2121950935520126e-35,200.0,61.29999999999996,-185.4162229143592,-1.3999802222399673,-0.9674565884579169,-10.455035602741436,0.0,0.0,-26.11448004098524,-7.9270149878714875,-2.8035526475361,-5.820466953110904,-5.495776712790106,-14.899999347584528
1547,3500029.2112081535,7,35.000013982323104,35.000000000000036,291.90000000000026,0,0.0,0.7783063428968016,0.2216936571031985,1.1515853388744121e-35,200.0,61.29999999999996,-185.4162229143592,-1.3999802222399673,-0.9674565884579169,-10.455035602741436,0.0,0.0,-26.11448004098524,-7.9270149878714875,-2.8035526475361,-5.820466953110904,-5.495776712790106,-14.899999347584528
1548,3500029.2112081535,8,35.000013982323104,35.000000000000036,291.90000000000026,0,0.0,0.7782852912169073,0.2217147087830928,1.0940060719306914e-35,200.0,61.29999999999996,-185.4162229143592,-1.3999802222399673,-0.9674565884579169,-10.455035602741436,0.0,0.0,-26.11448004098524,-7.9270149878714875,-2.8035526475361,-5.820466953110904,-5.495776712790106,-14.899999347584528
1549,3500029.2112081535,9,35.000013982323104,35.000000000000036,291.90000000000026,0,0.0,0.7782629362416857,0.22173706375831434,1.0393057683341568e-35,200.0,61.29999999999996,-185.4162229143592,-1.3999802222399673,-0.9674565884579169,-10.455035602741436,0.0,0.0,-26.11448004098524,-7.9270149878714875,-2.8035526475361,-5.820466953110904,-5.495776712790106,-14.899999347584528
1550,3500029.2112081535,10,35.000013982323104,35.000000000000036,291.90000000000026,0,0.0,0.7782399260914419,0.22176007390855812,9.873404799174489e-36,200.0,61.29999999999996,-185.4162229143592,-1.3999802222399673,-0.9674565884579169,-10.455035602741436,0.0,0.0,-26.11448004098524,-7.9270149878714875,-2.8035526475361,-5.820466953110904,-5.495776712790106,-14.899999347584528
1551,3500029.2112081535,11,35.000013982323104,35.000000000000036,291.90000000000026,0,0.0,0.7782168757176489,0.2217831242823511,9.379734559215764e-36,200.0,61.29999999999996,-185.4162229143592,-1.3999802222399673,-0.9674565884579169,-10.455035602741436,0.0,0.0,-26.11448004098524,-7.9270149878714875,-2.8035526475361,-5.820466953110904,-5.495776712790106,-14.899999347584528
1552,3500029.2112081535,12,35.000013982323104,35.000000000000036,291.90000000000026,0,0.0,0.778193208524541,0.22180679147545906,8.910747831254976e-36,200.0,61.29999999999996,-185.4162229143592,-1.3999802222399673,-0.9674565884579169,-10.455035602741436,0.0,0.0,-26.11448004098524,-7.9270149878714875,-2.8035526475361,-5.820466953110904,-5.495776712790106,-14.899999347584528
1553,3500029.2112081535,13,35.000013982323104,35.000000000000036,291.90000000000026,0,0.0,0.7781701166802417,0.2218298833197583,8.465210439692227e-36,200.0,61.29999999999996,-185.4162229143592,-1.3999802222399673,-0.9674565884579169,-10.455035602741436,0.0,0.0,-26.11448004098524,-7.9270149878714875,-2.8035526475361,-5.820466953110904,-5.495776712790106,-14.899999347584528
1554,3500029.2112081535,14,35.000013982323104,35.000000000000036,291.90000000000026,0,0.0,0.7781498891717279,0.2218501108282721,8.041949917707616e-36,200.0,61.29999999999996,-185.4162229143592,-1.3999802222399673,-0.9674565884579169,-10.455035602741436,0.0,0.0,-26.11448004098524,-7.9270149878714875,-2.8035526475361,-5.820466953110904,-5.495776712790106,-14.899999347584528
1555,3500029.2112081535,15,35.000013982323104,35.000000000000036,291.90000000000026,0,0.0,0.7781283284785822,0.22187167152141782,7.639852421822235e-36,200.0,61.29999999999996,-185.4162229143592,-1.3999802222399673,-0.9674565884579169,-10.455035602741436,0.0,0.0,-26.11448004098524,-7.9270149878714875,-2.8035526475361,-5.820466953110904,-5.495776712790106,-14.899999347584528
1556,3500029.2112081535,16,35.000013982323104,35.000000000000036,291.90000000000026,0,0.0,0.7781049248610218,0.22189507513897816,7.257859800731122e-36,200.0,61.29999999999996,-185.4162229143592,-1.3999802222399673,-0.9674565884579169,-10.455035602741436,0.0,0.0,-26.11448004098524,-7.9270149878714875,-2.8035526475361,-5.820466953110904,-5.495776712790106,-14.899999347584528
1557,3500029.2112081535,17,35.000013982323104,35.000000000000036,291.90000000000026,0,0.0,0.7780815088891263,0.2219184911108737,6.894966810694567e-36,200.0,61.29999999999996,-185.4162229143592,-1.3999802222399673,-0.9674565884579169,-10.455035602741436,0.0,0.0,-26.11448004098524,-7.9270149878714875,-2.8035526475361,-5.820466953110904,-5.495776712790106,-14.899999347584528
1558,3500029.2112081535,18,35.000013982323104,35.000000000000036,291.90000000000026,0,0.0,0.7780592388717692,0.22194076112823075,6.550218470159839e-36,200.0,61.29999999999996,-185.4162229143592,-1.3999802222399673,-0.9674565884579169,-10.455035602741436,0.0,0.0,-26.11448004098524,-7.9270149878714875,-2.8035526475361,-5.820466953110904,-5.495776712790106,-14.899999347584528
1559,3500029.2112081535,19,35.000013982323104,35.000000000000036,291.90000000000026,0,0.0,0.7780345902886271,0.22196540971137288,6.222707546651846e-36,200.0,61.29999999999996,-185.4162229143592,-1.3999802222399673,-0.9674565884579169,-10.455035602741436,0.0,0.0,-26.11448004098524,-7.9270149878714875,-2.8035526475361,-5.820466953110904,-5.495776712790106,-14.899999347584528
1560,3500029.2112081535,20,35.000013982323104,35.000000000000036,291.90000000000026,0,0.0,0.77800768510917,0.22199231489083,5.9115721693192535e-36,200.0,61.29999999999996,-185.4162229143592,-1.3999802222399673,-0.9674565884579169,-10.455035602741436,0.0,0.0,-26.11448004098524,-7.9270149878714875,-2.8035526475361,-5.820466953110904,-5.495776712790106,-14.899999347584528
1561,3500029.2112081535,21,35.000013982323104,35.000000000000036,291.90000000000026,0,0.0,0.7779826823552566,0.22201731764474347,5.615993560853291e-36,200.0,61.29999999999996,-185.4162229143592,-1.3999802222399673,-0.9674565884579169,-10.455035602741436,0.0,0.0,-26.11448004098524,-7.9270149878714875,-2.8035526475361,-5.820466953110904,-5.495776712790106,-14.899999347584528
1562,3500029.2112081535,22,35.000013982323104,35.000000000000036,291.90000000000026,0,0.0,0.777957754839843,0.22204224516015708,5.335193882810627e-36,200.0,61.29999999999996,-185.4162229143592,-1.3999802222399673,-0.9674565884579169,-10.455035602741436,0.0,0.0,-26.11448004098524,-7.9270149878714875,-2.8035526475361,-5.820466953110904,-5.495776712790106,-14.899999347584528
1563,3500029.2112081535,23,35.000013982323104,35.000000000000036,291.90000000000026,0,0.0,0.7779340538143462,0.22206594618565378,5.068434188670096e-36,200.0,61.29999999999996,-185.4162229143592,-1.3999802222399673,-0.9674565884579169,-10.455035602741436,0.0,0.0,-26.11448004098524,-7.9270149878714875,-2.8035526475361,-5.820466953110904,-5.495776712790106,-14.899999347584528
1564,3500029.2112081535,24,35.000013982323104,35.000000000000036,291.90000000000026,0,0.0,0.7779097885252905,0.22209021147470953,4.815012479236591e-36,200.0,61.29999999999996,-185.4162229143592,-1.3999802222399673,-0.9674565884579169,-10.455035602741436,0.0,0.0,-26.11448004098524,-7.9270149878714875,-2.8035526475361,-5.820466953110904,-5.495776712790106,-14.899999347584528
1565,3500029.2112081535,25,35.000013982323104,35.000000000000036,291.90000000000026,0,0.0,0.7778844127515558,0.22211558724844413,4.5742618552747614e-36,200.0,61.29999999999996,-185.4162229143592,-1.3999802222399673,-0.9674565884579169,-10.455035602741436,0.0,0.0,-26.11448004098524,-7.9270149878714875,-2.8035526475361,-5.820466953110904,-5.495776712790106,-14.899999347584528
1566,3500029.2112081535,26,35.000013982323104,35.000000000000036,291.90000000000026,0,0.0,0.7778591365236475,0.2221408634763526,4.345548762511024e-36,200.0,61.29999999999996,-185.4162229143592,-1.3999802222399673,-0.9674565884579169,-10.455035602741436,0.0,0.0,-26.11448004098524,-7.9270149878714875,-2.8035526475361,-5.820466953110904,-5.495776712790106,-14.899999347584528
1567,3500029.2112081535,27,35.000013982323104,35.000000000000036,291.90000000000026,0,0.0,0.7778345319365622,0.22216546806343782,4.1282713243854724e-36,200.0,61.29999999999996,-185.4162229143592,-1.3999802222399673,-0.9674565884579169,-10.455035602741436,0.0,0.0,-26.11448004098524,-7.9270149878714875,-2.8035526475361,-5.820466953110904,-5.495776712790106,-14.899999347584528
1568,3500029.2112081535,28,35.000013982323104,35.000000000000036,291.90000000000026,0,0.0,0.7778111414938821,0.22218885850611797,3.9218577581661994e-36,200.0,61.29999999999996,-185.4162229143592,-1.3999802222399673,-0.9674565884579169,-10.455035602741436,0.0,0.0,-26.11448004098524,-7.9270149878714875,-2.8035526475361,-5.820466953110904,-5.495776712790106,-14.899999347584528
1569,3500029.2112081535,29,35.000013982323104,35.000000000000036,291.90000000000026,0,0.0,0.7777906292769748,0.2222093707230252,3.725764870257889e-36,200.0,61.29999999999996,-185.4162229143592,-1.3999802222399673,-0.9674565884579169,-10.455035602741436,0.0,0.0,-26.11448004098524,-7.9270149878714875,-2.8035526475361,-5.820466953110904,-5.495776712790106,-14.899999347584528
1570,3500029.2112081535,30,35.000013982323104,35.000000000000036,291.90000000000026,0,0.0,0.7777699764544961,0.222230023545504,3.5394766267449944e-36,200.0,61.29999999999996,-185.4162229143592,-1.3999802222399673,-0.9674565884579169,-10.455035602741436,0.0,0.0,-26.11448004098524,-7.9270149878714875,-2.8035526475361,-5.820466953110904,-5.495776712790106,-14.899999347584528
1571,3500029.2112081535,31,35.000013982323104,35.000000000000036,291.90000000000026,0,0.0,0.7777474683433092,0.22225253165669087,3.362502795407745e-36,200.0,61.29999999999996,-185.4162229143592,-1.3999802222399673,-0.9674565884579169,-10.455035602741436,0.0,0.0,-26.11448004098524,-7.9270149878714875,-2.8035526475361,-5.820466953110904,-5.495776712790106,-14.899999347584528
1572,3500029.2112081535,32,35.000013982323104,35.000000000000036,291.90000000000026,0,0.0,0.7777220518498493,0.22227794815015073,3.1943776556373574e-36,200.0,61.29999999999996,-185.4162229143592,-1.3999802222399673,-0.9674565884579169,-10.455035602741436,0.0,0.0,-26.11448004098524,-7.9270149878714875,-2.8035526475361,-5.820466953110904,-5.495776712790106,-14.899999347584528
1573,3500029.2112081535,33,35.000013982323104,35.000000000000036,291.90000000000026,0,0.0,0.7776990420418712,0.22230095795812882,3.0346587728554896e-36,200.0,61.29999999999996,-185.4162229143592,-1.3999802222399673,-0.9674565884579169,-10.455035602741436,0.0,0.0,-26.11448004098524,-7.9270149878714875,-2.8035526475361,-5.820466953110904,-5.495776712790106,-14.899999347584528
1574,3500029.2112081535,34,35.000013982323104,35.000000000000036,291.90000000000026,0,0.0,0.7776748757081524,0.2223251242918476,2.882925834212715e-36,200.0,61.29999999999996,-185.4162229143592,-1.3999802222399673,-0.9674565884579169,-10.455035602741436,0.0,0.0,-26.11448004098524,-7.9270149878714875,-2.8035526475361,-5.820466953110904,-5.495776712790106,-14.899999347584528
1575,3500029.2112081535,35,35.000013982323104,35.000000000000036,291.90000000000026,0,0.0,0.7776501864185158,0.2223498135814842,2.7387795425020795e-36,200.0,61.29999999999996,-185.4162229143592,-1.3999802222399673,-0.9674565884579169,-10.455035602741436,0.0,0.0,-26.11448004098524,-7.9270149878714875,-2.8035526475361,-5.820466953110904,-5.495776712790106,-14.899999347584528
1576,3500029.2112081535,36,35.000013982323104,35.000000000000036,291.90000000000026,0,0.0,0.7776255753195157,0.22237442468048424,2.6018405653769753e-36,200.0,61.29999999999996,-185.4162229143592,-1.3999802222399673,-0.9674565884579169,-10.455035602741436,0.0,0.0,-26.11448004098524,-7.9270149878714875,-2.8035526475361,-5.820466953110904,-5.495776712790106,-14.899999347584528
1577,3500029.2112081535,37,35.000013982323104,35.000000000000036,291.90000000000026,0,0.0,0.7776004669515798,0.22239953304842014,2.4717485371081266e-36,200.0,61.29999999999996,-185.4162229143592,-1.3999802222399673,-0.9674565884579169,-10.455035602741436,0.0,0.0,-26.11448004098524,-7.9270149878714875,-2.8035526475361,-5.820466953110904,-5.495776712790106,-14.899999347584528
1578,3500029.2112081535,38,35.000013982323104,35.000000000000036,291.90000000000026,0,0.0,0.7775743153657642,0.22242568463423587,2.3481611102527203e-36,200.0,61.29999999999996,-185.4162229143592,-1.3999802222399673,-0.9674565884579169,-10.455035602741436,0.0,0.0,-26.11448004098524,-7.9270149878714875,-2.8035526475361,-5.820466953110904,-5.495776712790106,-14.899999347584528
1579,3500029.2112081535,39,35.000013982323104,35.000000000000036,291.90000000000026,0,0.0,0.7775471750174049,0.22245282498259505,2.2307530547400842e-36,200.0,61.29999999999996,-185.4162229143592,-1.3999802222399673,-0.9674565884579169,-10.455035602741436,0.0,0.0,-26.11448004098524,-7.9270149878714875,-2.8035526475361,-5.820466953110904,-5.495776712790106,-14.899999347584528
1580,3500029.2112081535,40,35.000013982323104,35.000000000000036,291.90000000000026,0,0.0,0.7775231025047645,0.22247689749523547,2.1192154020030804e-36,200.0,61.29999999999996,-185.4162229143592,-1.3999802222399673,-0.9674565884579169,-10.455035602741436,0.0,0.0,-26.11448004098524,-7.9270149878714875,-2.8035526475361,-5.820466953110904,-5.495776712790106,-14.899999347584528
1581,3500029.2112081535,41,35.000013982323104,35.000000000000036,291.90000000000026,0,0.0,0.7774985121665364,0.22250148783346357,2.0132546319029262e-36,200.0,61.29999999999996,-185.4162229143592,-1.3999802222399673,-0.9674565884579169,-10.455035602741436,0.0,0.0,-26.11448004098524,-7.9270149878714875,-2.8035526475361,-5.820466953110904,-5.495776712790106,-14.899999347584528
1582,3500029.2112081535,42,35.000013982323104,35.000000000000036,291.90000000000026,0,0.0,0.777473431726597,0.22252656827340297,1.9125919003077797e-36,200.0,61.29999999999996,-185.4162229143592,-1.3999802222399673,-0.9674565884579169,-10.455035602741436,0.0,0.0,-26.11448004098524,-7.9270149878714875,-2.8035526475361,-5.820466953110904,-5.495776712790106,-14.899999347584528
1583,3500029.2112081535,43,35.000013982323104,35.000000000000036,291.90000000000026,0,0.0,0.7774484587506139,0.22255154124938617,1.816962305292391e-36,200.0,61.29999999999996,-185.4162229143592,-1.3999802222399673,-0.9674565884579169,-10.455035602741436,0.0,0.0,-26.11448004098524,-7.9270149878714875,-2.8035526475361,-5.820466953110904,-5.495776712790106,-14.899999347584528
1584,3500029.2112081535,44,35.000013982323104,35.000000000000036,291.90000000000026,0,0.0,0.777424730939505,0.22257526906049502,1.7261141900277715e-36,200.0,61.29999999999996,-185.4162229143592,-1.3999802222399673,-0.9674565884579169,-10.455035602741436,0.0,0.0,-26.11448004098524,-7.9270149878714875,-2.8035526475361,-5.820466953110904,-5.495776712790106,-14.899999347584528
1585,3500029.2112081535,45,35.000013982323104,35.000000000000036,291.90000000000026,0,0.0,0.7774010449856377,0.2225989550143624,1.6398084805263833e-36,200.0,61.29999999999996,-185.4162229143592,-1.3999802222399673,-0.9674565884579169,-10.455035602741436,0.0,0.0,-26.11448004098524,-7.9270149878714875,-2.8035526475361,-5.820466953110904,-5.495776712790106,-14.899999347584528
1586,3500029.2112081535,46,35.000013982323104,35.000000000000036,291.90000000000026,0,0.0,0.7773768297879864,0.22262317021201367,1.5578180565000645e-36,200.0,61.29999999999996,-185.4162229143592,-1.3999802222399673,-0.9674565884579169,-10.455035602741436,0.0,0.0,-26.11448004098524,-7.9270149878714875,-2.8035526475361,-5.820466953110904,-5.495776712790106,-14.899999347584528
1587,3500029.2112081535,47,35.000013982323104,35.000000000000036,291.90000000000026,0,0.0,0.7773526836848825,0.22264731631511753,1.4799271536750613e-36,200.0,61.29999999999996,-185.4162229143592,-1.3999802222399673,-0.9674565884579169,-10.455035602741436,0.0,0.0,-26.11448004098524,-7.9270149878714875,-2.8035526475361,-5.820466953110904,-5.495776712790106,-14.899999347584528
1588,3500029.2112081535,48,35.000013982323104,35.000000000000036,291.90000000000026,0,0.0,0.7773280347363084,0.22267196526369165,1.4059307959913084e-36,200.0,61.29999999999996,-185.4162229143592,-1.3999802222399673,-0.9674565884579169,-10.455035602741436,0.0,0.0,-26.11448004098524,-7.9270149878714875,-2.8035526475361,-5.820466953110904,-5.495776712790106,-14.899999347584528
1589,3500029.2112081535,49,35.000013982323104,35.000000000000036,291.90000000000026,0,0.0,0.7773046183720062,0.22269538162799385,1.3356342561917429e-36,200.0,61.29999999999996,-185.4162229143592,-1.3999802222399673,-0.9674565884579169,-10.455035602741436,0.0,0.0,-26.11448004098524,-7.9270149878714875,-2.8035526475361,-5.820466953110904,-5.495776712790106,-14.899999347584528
1590,3500029.2112081535,0,35.000013982323104,35.000000000000036,291.90000000000026,0,0.0,0.7772778191370131,0.22272218086298684,1.2688525433821556e-36,200.0,61.29999999999996,-185.4162229143592,-1.3999802222399673,-0.9674565884579169,-10.455035602741436,0.0,0.0,-26.11448004098524,-7.9270149878714875,-2.8035526475361,-5.820466953110904,-5.495776712790106,-14.899999347584528
1591,3500029.2112081535,1,35.000013982323104,35.000000000000036,291.90000000000026,0,0.0,0.7772506556322799,0.22274934436772012,1.205409916213048e-36,200.0,61.29999999999996,-185.4162229143592,-1.3999802222399673,-0.9674565884579169,-10.455035602741436,0.0,0.0,-26.11448004098524,-7.9270149878714875,-2.8035526475361,-5.820466953110904,-5.495776712790106,-14.899999347584528
1592,3500029.2112081535,2,35.000013982323104,35.000000000000036,291.90000000000026,0,0.0,0.7772214410157638,0.2227785589842361,1.1451394204023955e-36,200.0,61.29999999999996,-185.4162229143592,-1.3999802222399673,-0.9674565884579169,-10.455035602741436,0.0,0.0,-26.11448004098524,-7.9270149878714875,-2.8035526475361,-5.820466953110904,-5.495776712790106,-14.899999347584528
1593,3500029.2112081535,3,35.000013982323104,35.000000000000036,291.90000000000026,0,0.0,0.7771942619972855,0.22280573800271464,1.0878824493822758e-36,200.0,61.29999999999996,-185.4162229143592,-1.3999802222399673,-0.9674565884579169,-10.455035602741436,0.0,0.0,-26.11448004098524,-7.9270149878714875,-2.8035526475361,-5.820466953110904,-5.495776712790106,-14.899999347584528
1594,3500029.2112081535,4,35.000013982323104,35.000000000000036,291.90000000000026,0,0.0,0.7771667428597397,0.22283325714026023,1.033488326913162e-36,200.0,61.29999999999996,-185.4162229143592,-1.3999802222399673,-0.9674565884579169,-10.455035602741436,0.0,0.0,-26.11448004098524,-7.9270149878714875,-2.8035526475361,-5.820466953110904,-5.495776712790106,-14.899999347584528
1595,3500029.2112081535,5,35.000013982323104,35.000000000000036,291.90000000000026,0,0.0,0.7771400385830607,0.22285996141693926,9.818139105675039e-37,200.0,61.29999999999996,-185.4162229143592,-1.3999802222399673,-0.9674565884579169,-10.455035602741436,0.0,0.0,-26.11448004098524,-7.9270149878714875,-2.8035526475361,-5.820466953110904,-5.495776712790106,-14.899999347584528
1596,3500029.2112081535,6,35.000013982323104,35.000000000000036,291.90000000000026,0,0.0,0.7771158121130105,0.2228841878869895,9.327232150391287e-37,200.0,61.29999999999996,-185.4162229143592,-1.3999802222399673,-0.9674565884579169,-10.455035602741436,0.0,0.0,-26.11448004098524,-7.9270149878714875,-2.8035526475361,-5.820466953110904,-5.495776712790106,-14.899999347584528
1597,3500029.2112081535,7,35.000013982323104,35.000000000000036,291.90000000000026,0,0.0,0.7770905341864175,0.22290946581358256,8.860870542871724e-37,200.0,61.29999999999996,-185.4162229143592,-1.3999802222399673,-0.9674565884579169,-10.455035602741436,0.0,0.0,-26.11448004098524,-7.9270149878714875,-2.8035526475361,-5.820466953110904,-5.495776712790106,-14.899999347584528
1598,3500029.2112081535,8,35.000013982323104,35.000000000000036,291.90000000000026,0,0.0,0.7770648267997726,0.22293517320022743,8.417827015728139e-37,200.0,61.29999999999996,-185.4162229143592,-1.3999802222399673,-0.9674565884579169,-10.455035602741436,0.0,0.0,-26.11448004098524,-7.9270149878714875,-2.8035526475361,-5.820466953110904,-5.495776712790106,-14.899999347584528
1599,3500029.2112081535,9,35.000013982323104,35.000000000000036,291.90000000000026,0,0.0,0.7770387132119371,0.22296128678806293,7.996935664941732e-37,200.0,61.29999999999996,-185.4162229143592,-1.3999802222399673,-0.9674565884579169,-10.455035602741436,0.0,0.0,-26.11448004098524,-7.9270149878714875,-2.8035526475361,-5.820466953110904,-5.495776712790106,-14.899999347584528
1600,3500029.2112081535,10,35.000013982323104,35.000000000000036,291.90000000000026,0,0.0,0.7770150484679273,0.22298495153207262,7.597088881694645e-37,200.0,61.29999999999996,-185.4162229143592,-1.3999802222399673,-0.9674565884579169,-10.455035602741436,0.0,0.0,-26.11448004098524,-7.9270149878714875,-2.8035526475361,-5.820466953110904,-5.495776712790106,-14.899999347584528
1601,3500029.2112081535,11,35.000013982323104,35.000000000000036,291.90000000000026,0,0.0,0.7769925763348235,0.22300742366517645,7.217234437609913e-37,200.0,61.29999999999996,-185.4162229143592,-1.3999802222399673,-0.9674565884579169,-10.455035602741436,0.0,0.0,-26.11448004098524,-7.9270149878714875,-2.8035526475361,-5.820466953110904,-5.495776712790106,-14.899999347584528
1602,3500029.2112081535,12,35.000013982323104,35.000000000000036,291.90000000000026,0,0.0,0.7769706713679643,0.22302932863203576,6.856372715729418e-37,200.0,61.29999999999996,-185.4162229143592,-1.3999802222399673,-0.9674565884579169,-10.455035602741436,0.0,0.0,-26.11448004098524,-7.9270149878714875,-2.8035526475361,-5.820466953110904,-5.495776712790106,-14.899999347584528
1603,3500029.2112081535,13,35.000013982323104,35.000000000000036,291.90000000000026,0,0.0,0.7769487403459279,0.22305125965407216,6.513554079942947e-37,200.0,61.29999999999996,-185.4162229143592,-1.3999802222399673,-0.9674565884579169,-10.455035602741436,0.0,0.0,-26.11448004098524,-7.9270149878714875,-2.8035526475361,-5.820466953110904,-5.495776712790106,-14.899999347584528
1604,3500029.2112081535,14,35.000013982323104,35.000000000000036,291.90000000000026,0,0.0,0.7769256552220686,0.22307434477793145,6.1878763759457995e-37,200.0,61.29999999999996,-185.4162229143592,-1.3999802222399673,-0.9674565884579169,-10.455035602741436,0.0,0.0,-26.11448004098524,-7.9270149878714875,-2.8035526475361,-5.820466953110904,-5.495776712790106,-14.899999347584528
1605,3500029.2112081535,15,35.000013982323104,35.000000000000036,291.90000000000026,0,0.0,0.7769026061145745,0.2230973938854255,5.87848255714851e-37,200.0,61.29999999999996,-185.4162229143592,-1.3999802222399673,-0.9674565884579169,-10.455035602741436,0.0,0.0,-26.11448004098524,-7.9270149878714875,-2.8035526475361,-5.820466953110904,-5.495776712790106,-14.899999347584528
1606,3500029.2112081535,16,35.000013982323104,35.000000000000036,291.90000000000026,0,0.0,0.7768807219631513,0.22311927803684867,5.584558429291084e-37,200.0,61.29999999999996,-185.4162229143592,-1.3999802222399673,-0.9674565884579169,-10.455035602741436,0.0,0.0,-26.11448004098524,-7.9270149878714875,-2.8035526475361,-5.820466953110904,-5.495776712790106,-14.899999347584528
1607,3500029.2112081535,17,35.000013982323104,35.000000000000036,291.90000000000026,0,0.0,0.7768599445043536,0.22314005549564644,5.30533050782653e-37,200.0,61.29999999999996,-185.4162229143592,-1.3999802222399673,-0.9674565884579169,-10.455035602741436,0.0,0.0,-26.11448004098524,-7.9270149878714875,-2.8035526475361,-5.820466953110904,-5.495776712790106,-14.899999347584528
1608,3500029.2112081535,18,35.000013982323104,35.000000000000036,291.90000000000026,0,0.0,0.7768373979122226,0.2231626020877774,5.040063982435204e-37,200.0,61.29999999999996,-185.4162229143592,-1.3999802222399673,-0.9674565884579169,-10.455035602741436,0.0,0.0,-26.11448004098524,-7.9270149878714875,-2.8035526475361,-5.820466953110904,-5.495776712790106,-14.899999347584528
1609,3500029.2112081535,19,35.000013982323104,35.000000000000036,291.90000000000026,0,0.0,0.776814865118945,0.22318513488105501,4.788060783313443e-37,200.0,61.29999999999996,-185.4162229143592,-1.3999802222399673,-0.9674565884579169,-10.455035602741436,0.0,0.0,-26.11448004098524,-7.9270149878714875,-2.8035526475361,-5.820466953110904,-5.495776712790106,-14.899999347584528
1610,3500029.2112081535,20,35.000013982323104,35.000000000000036,291.90000000000026,0,0.0,0.7767946009156171,0.22320539908438292,4.548657744147772e-37,200.0,61.29999999999996,-185.4162229143592,-1.3999802222399673,-0.9674565884579169,-10.455035602741436,0.0,0.0,-26.11448004098524,-7.9270149878714875,-2.8035526475361,-5.820466953110904,-5.495776712790106,-14.899999347584528
1611,3500029.2112081535,21,35.000013982323104,35.000000000000036,291.90000000000026,0,0.0,0.7767753641056134,0.22322463589438662,4.321224856940383e-37,200.0,61.29999999999996,-185.4162229143592,-1.3999802222399673,-0.9674565884579169,-10.455035602741436,0.0,0.0,-26.11448004098524,-7.9270149878714875,-2.8035526475361,-5.820466953110904,-5.495776712790106,-14.899999347584528
1612,3500029.2112081535,22,35.000013982323104,35.000000000000036,291.90000000000026,0,0.0,0.7767559776656202,0.2232440223343798,4.105163614093363e-37,200.0,61.29999999999996,-185.4162229143592,-1.3999802222399673,-0.9674565884579169,-10.455035602741436,0.0,0.0,-26.11448004098524,-7.9270149878714875,-2.8035526475361,-5.820466953110904,-5.495776712790106,-14.899999347584528
1613,3500029.2112081535,23,35.000013982323104,35.000000000000036,291.90000000000026,0,0.0,0.7767381378836061,0.2232618621163939,3.899905433388696e-37,200.0,61.29999999999996,-185.4162229143592,-1.3999802222399673,-0.9674565884579169,-10.455035602741436,0.0,0.0,-26.11448004098524,-7.9270149878714875,-2.8035526475361,-5.820466953110904,-5.495776712790106,-14.899999347584528
1614,3500029.2112081535,24,35.000013982323104,35.000000000000036,291.90000000000026,0,0.0,0.77672176666864,0.22327823333136007,3.7049101617192615e-37,200.0,61.29999999999996,-185.4162229143592,-1.3999802222399673,-0.9674565884579169,-10.455035602741436,0.0,0.0,-26.11448004098524,-7.9270149878714875,-2.8035526475361,-5.820466953110904,-5.495776712790106,-14.899999347584528
1615,3500029.2112081535,25,35.000013982323104,35.000000000000036,291.90000000000026,0,0.0,0.7767045427749982,0.22329545722500188,3.5196646536332984e-37,200.0,61.29999999999996,-185.4162229143592,-1.3999802222399673,-0.9674565884579169,-10.455035602741436,0.0,0.0,-26.11448004098524,-7.9270149878714875,-2.8035526475361,-5.820466953110904,-5.495776712790106,-14.899999347584528
1616,3500029.2112081535,26,35.000013982323104,35.000000000000036,291.90000000000026,0,0.0,0.7766842638694474,0.22331573613055256,3.3436814209516334e-37,200.0,61.29999999999996,-185.4162229143592,-1.3999802222399673,-0.9674565884579169,-10.455035602741436,0.0,0.0,-26.11448004098524,-7.9270149878714875,-2.8035526475361,-5.820466953110904,-5.495776712790106,-14.899999347584528
1617,3500029.2112081535,27,35.000013982323104,35.000000000000036,291.90000000000026,0,0.0,0.7766622089998344,0.22333779100016565,3.1764973499040515e-37,200.0,61.29999999999996,-185.4162229143592,-1.3999802222399673,-0.9674565884579169,-10.455035602741436,0.0,0.0,-26.11448004098524,-7.9270149878714875,-2.8035526475361,-5.820466953110904,-5.495776712790106,-14.899999347584528
1618,3500029.2112081535,28,35.000013982323104,35.000000000000036,291.90000000000026,0,0.0,0.776639030911946,0.22336096908805408,3.017672482408849e-37,200.0,61.29999999999996,-185.4162229143592,-1.3999802222399673,-0.9674565884579169,-10.455035602741436,0.0,0.0,-26.11448004098524,-7.9270149878714875,-2.8035526475361,-5.820466953110904,-5.495776712790106,-14.899999347584528
1619,3500029.2112081535,29,35.000013982323104,35.000000000000036,291.90000000000026,0,0.0,0.7766170324046189,0.22338296759538112,2.8667888582884063e-37,200.0,61.29999999999996,-185.4162229143592,-1.3999802222399673,-0.9674565884579169,-10.455035602741436,0.0,0.0,-26.11448004098524,-7.9270149878714875,-2.8035526475361,-5.820466953110904,-5.495776712790106,-14.899999347584528
1620,3500029.2112081535,30,35.000013982323104,35.000000000000036,291.90000000000026,0,0.0,0.7765950330137398,0.22340496698626022,2.7234494153739864e-37,200.0,61.29999999999996,-185.4162229143592,-1.3999802222399673,-0.9674565884579169,-10.455035602741436,0.0,0.0,-26.11448004098524,-7.9270149878714875,-2.8035526475361,-5.820466953110904,-5.495776712790106,-14.899999347584528
1621,3500029.2112081535,31,35.000013982323104,35.000000000000036,291.90000000000026,0,0.0,0.7765730340033606,0.2234269659966393,2.587276944605287e-37,200.0,61.29999999999996,-185.4162229143592,-1.3999802222399673,-0.9674565884579169,-10.455035602741436,0.0,0.0,-26.11448004098524,-7.9270149878714875,-2.8035526475361,-5.820466953110904,-5.495776712790106,-14.899999347584528
1622,3500029.2112081535,32,35.000013982323104,35.000000000000036,291.90000000000026,0,0.0,0.776548795396185,0.223451204603815,2.457913097375023e-37,200.0,61.29999999999996,-185.4162229143592,-1.3999802222399673,-0.9674565884579169,-10.455035602741436,0.0,0.0,-26.11448004098524,-7.9270149878714875,-2.8035526475361,-5.820466953110904,-5.495776712790106,-14.899999347584528
1623,3500029.2112081535,33,35.000013982323104,35.000000000000036,291.90000000000026,0,0.0,0.7765235523935196,0.22347644760648042,2.3350174425062715e-37,200.0,61.29999999999996,-185.4162229143592,-1.3999802222399673,-0.9674565884579169,-10.455035602741436,0.0,0.0,-26.11448004098524,-7.9270149878714875,-2.8035526475361,-5.820466953110904,-5.495776712790106,-14.899999347584528
1624,3500029.2112081535,34,35.000013982323104,35.000000000000036,291.90000000000026,0,0.0,0.7764979173246959,0.22350208267530416,2.218266570380958e-37,200.0,61.29999999999996,-185.4162229143592,-1.3999802222399673,-0.9674565884579169,-10.455035602741436,0.0,0.0,-26.11448004098524,-7.9270149878714875,-2.8035526475361,-5.820466953110904,-5.495776712790106,-14.899999347584528
1625,3500029.2112081535,35,35.000013982323104,35.000000000000036,291.90000000000026,0,0.0,0.7764696724240517,0.22353032757594826,2.10735324186191e-37,200.0,61.29999999999996,-185.4162229143592,-1.3999802222399673,-0.9674565884579169,-10.455035602741436,0.0,0.0,-26.11448004098524,-7.9270149878714875,-2.8035526475361,-5.820466953110904,-5.495776712790106,-14.899999347584528
1626,3500029.2112081535,36,35.000013982323104,35.000000000000036,291.90000000000026,0,0.0,0.7764434280767547,0.2235565719232453,2.0019855797688144e-37,200.0,61.29999999999996,-185.4162229143592,-1.3999802222399673,-0.9674565884579169,-10.455035602741436,0.0,0.0,-26.11448004098524,-7.9270149878714875,-2.8035526475361,-5.820466953110904,-5.495776712790106,-14.899999347584528
1627,3500029.2112081535,37,35.000013982323104,35.000000000000036,291.90000000000026,0,0.0,0.77641908348786,0.22358091651214,1.901886300780374e-37,200.0,61.29999999999996,-185.4162229143592,-1.3999802222399673,-0.9674565884579169,-10.455035602741436,0.0,0.0,-26.11448004098524,-7.9270149878714875,-2.8035526475361,-5.820466953110904,-5.495776712790106,-14.899999347584528
1628,3500029.2112081535,38,35.000013982323104,35.000000000000036,291.90000000000026,0,0.0,0.7763937489716953,0.22360625102830464,1.8067919857413552e-37,200.0,61.29999999999996,-185.4162229143592,-1.3999802222399673,-0.9674565884579169,-10.455035602741436,0.0,0.0,-26.11448004098524,-7.9270149878714875,-2.8035526475361,-5.820466953110904,-5.495776712790106,-14.899999347584528
1629,3500029.2112081535,39,35.000013982323104,35.000000000000036,291.90000000000026,0,0.0,0.7763685934554773,0.22363140654452274,1.7164523864542875e-37,200.0,61.29999999999996,-185.4162229143592,-1.3999802222399673,-0.9674565884579169,-10.455035602741436,0.0,0.0,-26.11448004098524,-7.9270149878714875,-2.8035526475361,-5.820466953110904,-5.495776712790106,-14.899999347584528
1630,3500029.2112081535,40,35.000013982323104,35.000000000000036,291.90000000000026,0,0.0,0.7763424924447622,0.2236575075552379,1.6306297671315732e-37,200.0,61.29999999999996,-185.4162229143592,-1.3999802222399673,-0.9674565884579169,-10.455035602741436,0.0,0.0,-26.11448004098524,-7.9270149878714875,-2.8035526475361,-5.820466953110904,-5.495776712790106,-14.899999347584528
1631,3500029.2112081535,41,35.000013982323104,35.000000000000036,291.90000000000026,0,0.0,0.7763154953509219,0.22368450464907813,1.5490982787749947e-37,200.0,61.29999999999996,-185.4162229143592,-1.3999802222399673,-0.9674565884579169,-10.455035602741436,0.0,0.0,-26.11448004098524,-7.9270149878714875,-2.8035526475361,-5.820466953110904,-5.495776712790106,-14.899999347584528
1632,3500029.2112081535,42,35.000013982323104,35.000000000000036,291.90000000000026,0,0.0,0.7762882071069797,0.22371179289302034,1.471643364836245e-37,200.0,61.29999999999996,-185.4162229143592,-1.3999802222399673,-0.9674565884579169,-10.455035602741436,0.0,0.0,-26.11448004098524,-7.9270149878714875,-2.8035526475361,-5.820466953110904,-5.495776712790106,-14.899999347584528
1633,3500029.2112081535,43,35.000013982323104,35.000000000000036,291.90000000000026,0,0.0,0.7762617593798076,0.22373824062019246,1.3980611965944328e-37,200.0,61.29999999999996,-185.4162229143592,-1.3999802222399673,-0.9674565884579169,-10.455035602741436,0.0,0.0,-26.11448004098524,-7.9270149878714875,-2.8035526475361,-5.820466953110904,-5.495776712790106,-14.899999347584528
1634,3500029.2112081535,44,35.000013982323104,35.000000000000036,291.90000000000026,0,0.0,0.7762377826699723,0.22376221733002766,1.3281581367647112e-37,200.0,61.29999999999996,-185.4162229143592,-1.3999802222399673,-0.9674565884579169,-10.455035602741436,0.0,0.0,-26.11448004098524,-7.9270149878714875,-2.8035526475361,-5.820466953110904,-5.495776712790106,-14.899999347584528
1635,3500029.2112081535,45,35.000013982323104,35.000000000000036,291.90000000000026,0,0.0,0.7762178221877286,0.2237821778122714,1.2617502299264754e-37,200.0,61.29999999999996,-185.4162229143592,-1.3999802222399673,-0.9674565884579169,-10.455035602741436,0.0,0.0,-26.11448004098524,-7.9270149878714875,-2.8035526475361,-5.820466953110904,-5.495776712790106,-14.899999347584528
1636,3500029.2112081535,46,35.000013982323104,35.000000000000036,291.90000000000026,0,0.0,0.7761961089502608,0.22380389104973913,1.1986627184301515e-37,200.0,61.29999999999996,-185.4162229143592,-1.3999802222399673,-0.9674565884579169,-10.455035602741436,0.0,0.0,-26.11448004098524,-7.9270149878714875,-2.8035526475361,-5.820466953110904,-5.495776712790106,-14.899999347584528
1637,3500029.2112081535,47,35.000013982323104,35.000000000000036,291.90000000000026,0,0.0,0.7761744021108106,0.22382559788918938,1.138729582508644e-37,200.0,61.29999999999996,-185.4162229143592,-1.3999802222399673,-0.9674565884579169,-10.455035602741436,0.0,0.0,-26.11448004098524,-7.9270149878714875,-2.8035526475361,-5.820466953110904,-5.495776712790106,-14.899999347584528
1638,3500029.2112081535,48,35.000013982323104,35.000000000000036,291.90000000000026,0,0.0,0.7761538145037638,0.22384618549623636,1.081793103383212e-37,200.0,61.29999999999996,-185.4162229143592,-1.3999802222399673,-0.9674565884579169,-10.455035602741436,0.0,0.0,-26.11448004098524,-7.9270149878714875,-2.8035526475361,-5.820466953110904,-5.495776712790106,-14.899999347584528
1639,3500029.2112081535,49,35.000013982323104,35.000000000000036,291.90000000000026,0,0.0,0.776132623145489,0.22386737685451105,1.0277034482140513e-37,200.0,61.29999999999996,-185.4162229143592,-1.3999802222399673,-0.9674565884579169,-10.455035602741436,0.0,0.0,-26.11448004098524,-7.9270149878714875,-2.8035526475361,-5.820466953110904,-5.495776712790106,-14.899999347584528
1640,3500029.2112081535,0,35.000013982323104,35.000000000000036,291.90000000000026,0,0.0,0.7761130815440476,0.2238869184559525,9.763182758033487e-38,200.0,61.29999999999996,-185.4162229143592,-1.3999802222399673,-0.9674565884579169,-10.455035602741436,0.0,0.0,-26.11448004098524,-7.9270149878714875,-2.8035526475361,-5.820466953110904,-5.495776712790106,-14.899999347584528
1641,3500029.2112081535,1,35.000013982323104,35.000000000000036,291.90000000000026,0,0.0,0.7760912208499524,0.22390877915004764,9.275023620131813e-38,200.0,61.29999999999996,-185.4162229143592,-1.3999802222399673,-0.9674565884579169,-10.455035602741436,0.0,0.0,-26.11448004098524,-7.9270149878714875,-2.8035526475361,-5.820466953110904,-5.495776712790106,-14.899999347584528
1642,3500029.2112081535,2,35.000013982323104,35.000000000000036,291.90000000000026,0,0.0,0.7760704896488075,0.22392951035119252,8.811272439125221e-38,200.0,61.29999999999996,-185.4162229143592,-1.3999802222399673,-0.9674565884579169,-10.455035602741436,0.0,0.0,-26.11448004098524,-7.9270149878714875,-2.8035526475361,-5.820466953110904,-5.495776712790106,-14.899999347584528
1643,3500029.2112081535,3,35.000013982323104,35.000000000000036,291.90000000000026,0,0.0,0.7760497222877656,0.22395027771223444,8.37070881716896e-38,200.0,61.29999999999996,-185.4162229143592,-1.3999802222399673,-0.9674565884579169,-10.455035602741436,0.0,0.0,-26.11448004098524,-7.9270149878714875,-2.8035526475361,-5.820466953110904,-5.495776712790106,-14.899999347584528
1644,3500029.2112081535,4,35.000013982323104,35.000000000000036,291.90000000000026,0,0.0,0.7760289217486875,0.22397107825131252,7.952173376310512e-38,200.0,61.29999999999996,-185.4162229143592,-1.3999802222399673,-0.9674565884579169,-10.455035602741436,0.0,0.0,-26.11448004098524,-7.9270149878714875,-2.8035526475361,-5.820466953110904,-5.495776712790106,-14.899999347584528
1645,3500029.2112081535,5,35.000013982323104,35.000000000000036,291.90000000000026,0,0.0,0.7760069826549871,0.22399301734501284,7.554564707494985e-38,200.0,61.29999999999996,-185.4162229143592,-1.3999802222399673,-0.9674565884579169,-10.455035602741436,0.0,0.0,-26.11448004098524,-7.9270149878714875,-2.8035526475361,-5.820466953110904,-5.495776712790106,-14.899999347584528
1646,3500029.2112081535,6,35.000013982323104,35.000000000000036,291.90000000000026,0,0.0,0.7759834100657557,0.22401658993424434,7.176836472120237e-38,200.0,61.29999999999996,-185.4162229143592,-1.3999802222399673,-0.9674565884579169,-10.455035602741436,0.0,0.0,-26.11448004098524,-7.9270149878714875,-2.8035526475361,-5.820466953110904,-5.495776712790106,-14.899999347584528
1647,3500029.2112081535,7,35.000013982323104,35.000000000000036,291.90000000000026,0,0.0,0.775960503103433,0.22403949689656705,6.817994648514227e-38,200.0,61.29999999999996,-185.4162229143592,-1.3999802222399673,-0.9674565884579169,-10.455035602741436,0.0,0.0,-26.11448004098524,-7.9270149878714875,-2.8035526475361,-5.820466953110904,-5.495776712790106,-14.899999347584528
1648,3500029.2112081535,8,35.000013982323104,35.000000000000036,291.90000000000026,0,0.0,0.7759376756882417,0.22406232431175835,6.477094916088515e-38,200.0,61.29999999999996,-185.4162229143592,-1.3999802222399673,-0.9674565884579169,-10.455035602741436,0.0,0.0,-26.11448004098524,-7.9270149878714875,-2.8035526475361,-5.820466953110904,-5.495776712790106,-14.899999347584528
1649,3500029.2112081535,9,35.000013982323104,35.000000000000036,291.90000000000026,0,0.0,0.7759182432131239,0.22408175678687617,6.15324017028409e-38,200.0,61.29999999999996,-185.4162229143592,-1.3999802222399673,-0.9674565884579169,-10.455035602741436,0.0,0.0,-26.11448004098524,-7.9270149878714875,-2.8035526475361,-5.820466953110904,-5.495776712790106,-14.899999347584528
1650,3500029.2112081535,10,35.000013982323104,35.000000000000036,291.90000000000026,0,0.0,0.7759020325861922,0.2240979674138078,5.845578161769885e-38,200.0,61.29999999999996,-185.4162229143592,-1.3999802222399673,-0.9674565884579169,-10.455035602741436,0.0,0.0,-26.11448004098524,-7.9270149878714875,-2.8035526475361,-5.820466953110904,-5.495776712790106,-14.899999347584528
1651,3500029.2112081535,11,35.000013982323104,35.000000000000036,291.90000000000026,0,0.0,0.7758894313174539,0.22411056868254609,5.553299253681392e-38,200.0,61.29999999999996,-185.4162229143592,-1.3999802222399673,-0.9674565884579169,-10.455035602741436,0.0,0.0,-26.11448004098524,-7.9270149878714875,-2.8035526475361,-5.820466953110904,-5.495776712790106,-14.899999347584528
1652,3500029.2112081535,12,35.000013982323104,35.000000000000036,291.90000000000026,0,0.0,0.7758741869861909,0.22412581301380913,5.275634290997322e-38,200.0,61.29999999999996,-185.4162229143592,-1.3999802222399673,-0.9674565884579169,-10.455035602741436,0.0,0.0,-26.11448004098524,-7.9270149878714875,-2.8035526475361,-5.820466953110904,-5.495776712790106,-14.899999347584528
1653,3500029.2112081535,13,35.000013982323104,35.000000000000036,291.90000000000026,0,0.0,0.775859743880175,0.22414025611982505,5.011852576447456e-38,200.0,61.29999999999996,-185.4162229143592,-1.3999802222399673,-0.9674565884579169,-10.455035602741436,0.0,0.0,-26.11448004098524,-7.9270149878714875,-2.8035526475361,-5.820466953110904,-5.495776712790106,-14.899999347584528
1654,3500029.2112081535,14,35.000013982323104,35.000000000000036,291.90000000000026,0,0.0,0.7758438570986554,0.2241561429013445,4.761259947625083e-38,200.0,61.29999999999996,-185.4162229143592,-1.3999802222399673,-0.9674565884579169,-10.455035602741436,0.0,0.0,-26.11448004098524,-7.9270149878714875,-2.8035526475361,-5.820466953110904,-5.495776712790106,-14.899999347584528
1655,3500029.2112081535,15,35.000013982323104,35.000000000000036,291.90000000000026,0,0.0,0.7758282539667879,0.22417174603321216,4.523196950243829e-38,200.0,61.29999999999996,-185.4162229143592,-1.3999802222399673,-0.9674565884579169,-10.455035602741436,0.0,0.0,-26.11448004098524,-7.9270149878714875,-2.8035526475361,-5.820466953110904,-5.495776712790106,-14.899999347584528
1656,3500029.2112081535,16,35.000013982323104,35.000000000000036,291.90000000000026,0,0.0,0.775814022155317,0.22418597784468297,4.2970371027316375e-38,200.0,61.29999999999996,-185.4162229143592,-1.3999802222399673,-0.9674565884579169,-10.455035602741436,0.0,0.0,-26.11448004098524,-7.9270149878714875,-2.8035526475361,-5.820466953110904,-5.495776712790106,-14.899999347584528
1657,3500029.2112081535,17,35.000013982323104,35.000000000000036,291.90000000000026,0,0.0,0.7757994415059377,0.22420055849406226,4.0821852475950554e-38,200.0,61.29999999999996,-185.4162229143592,-1.3999802222399673,-0.9674565884579169,-10.455035602741436,0.0,0.0,-26.11448004098524,-7.9270149878714875,-2.8035526475361,-5.820466953110904,-5.495776712790106,-14.899999347584528
1658,3500029.2112081535,18,35.000013982323104,35.000000000000036,291.90000000000026,0,0.0,0.7757883802073886,0.2242116197926114,3.8780759852153026e-38,200.0,61.29999999999996,-185.4162229143592,-1.3999802222399673,-0.9674565884579169,-10.455035602741436,0.0,0.0,-26.11448004098524,-7.9270149878714875,-2.8035526475361,-5.820466953110904,-5.495776712790106,-14.899999347584528
1659,3500029.2112081535,19,35.000013982323104,35.000000000000036,291.90000000000026,0,0.0,0.7757779110337899,0.2242220889662101,3.684172185954537e-38,200.0,61.29999999999996,-185.4162229143592,-1.3999802222399673,-0.9674565884579169,-10.455035602741436,0.0,0.0,-26.11448004098524,-7.9270149878714875,-2.8035526475361,-5.820466953110904,-5.495776712790106,-14.899999347584528
1660,3500029.2112081535,20,35.000013982323104,35.000000000000036,291.90000000000026,0,0.0,0.7757680043314611,0.2242319956685389,3.49996357665681e-38,200.0,61.29999999999996,-185.4162229143592,-1.3999802222399673,-0.9674565884579169,-10.455035602741436,0.0,0.0,-26.11448004098524,-7.9270149878714875,-2.8035526475361,-5.820466953110904,-5.495776712790106,-14.899999347584528
1661,3500029.2112081535,21,35.000013982323104,35.000000000000036,291.90000000000026,0,0.0,0.7757547893699526,0.22424521063004746,3.324965397823969e-38,200.0,61.29999999999996,-185.4162229143592,-1.3999802222399673,-0.9674565884579169,-10.455035602741436,0.0,0.0,-26.11448004098524,-7.9270149878714875,-2.8035526475361,-5.820466953110904,-5.495776712790106,-14.899999347584528
1662,3500029.2112081535,22,35.000013982323104,35.000000000000036,291.90000000000026,0,0.0,0.7757378854454817,0.22426211455451822,3.1587171279327706e-38,200.0,61.29999999999996,-185.4162229143592,-1.3999802222399673,-0.9674565884579169,-10.455035602741436,0.0,0.0,-26.11448004098524,-7.9270149878714875,-2.8035526475361,-5.820466953110904,-5.495776712790106,-14.899999347584528
1663,3500029.2112081535,23,35.000013982323104,35.000000000000036,291.90000000000026,0,0.0,0.7757185778751954,0.22428142212480456,3.000781271536132e-38,200.0,61.29999999999996,-185.4162229143592,-1.3999802222399673,-0.9674565884579169,-10.455035602741436,0.0,0.0,-26.11448004098524,-7.9270149878714875,-2.8035526475361,-5.820466953110904,-5.495776712790106,-14.899999347584528
1664,3500029.2112081535,24,35.000013982323104,35.000000000000036,291.90000000000026,0,0.0,0.7756980869886204,0.22430191301137964,2.850742207959326e-38,200.0,61.29999999999996,-185.4162229143592,-1.3999802222399673,-0.9674565884579169,-10.455035602741436,0.0,0.0,-26.11448004098524,-7.9270149878714875,-2.8035526475361,-5.820466953110904,-5.495776712790106,-14.899999347584528
1665,3500029.2112081535,25,35.000013982323104,35.000000000000036,291.90000000000026,0,0.0,0.7756764739958254,0.2243235260041746,2.7082050975613594e-38,200.0,61.29999999999996,-185.4162229143592,-1.3999802222399673,-0.9674565884579169,-10.455035602741436,0.0,0.0,-26.11448004098524,-7.9270149878714875,-2.8035526475361,-5.820466953110904,-5.495776712790106,-14.899999347584528
1666,3500029.2112081535,26,35.000013982323104,35.000000000000036,291.90000000000026,0,0.0,0.7756559900422947,0.22434400995770531,2.5727948426832913e-38,200.0,61.29999999999996,-185.4162229143592,-1.3999802222399673,-0.9674565884579169,-10.455035602741436,0.0,0.0,-26.11448004098524,-7.9270149878714875,-2.8035526475361,-5.820466953110904,-5.495776712790106,-14.899999347584528
1667,3500029.2112081535,27,35.000013982323104,35.000000000000036,291.90000000000026,0,0.0,0.7756349349220393,0.2243650650779607,2.444155100549127e-38,200.0,61.29999999999996,-185.4162229143592,-1.3999802222399673,-0.9674565884579169,-10.455035602741436,0.0,0.0,-26.11448004098524,-7.9270149878714875,-2.8035526475361,-5.820466953110904,-5.495776712790106,-14.899999347584528
1668,3500029.2112081535,28,35.000013982323104,35.000000000000036,291.90000000000026,0,0.0,0.775616624525846,0.22438337547415405,2.3219473455216707e-38,200.0,61.29999999999996,-185.4162229143592,-1.3999802222399673,-0.9674565884579169,-10.455035602741436,0.0,0.0,-26.11448004098524,-7.9270149878714875,-2.8035526475361,-5.820466953110904,-5.495776712790106,-14.899999347584528
1669,3500029.2112081535,29,35.000013982323104,35.000000000000036,291.90000000000026,0,0.0,0.7755987306663109,0.2244012693336891,2.205849978245587e-38,200.0,61.29999999999996,-185.4162229143592,-1.3999802222399673,-0.9674565884579169,-10.455035602741436,0.0,0.0,-26.11448004098524,-7.9270149878714875,-2.8035526475361,-5.820466953110904,-5.495776712790106,-14.899999347584528
1670,3500029.2112081535,30,35.000013982323104,35.000000000000036,291.90000000000026,0,0.0,0.7755801391790679,0.22441986082093218,2.095557479333308e-38,200.0,61.29999999999996,-185.4162229143592,-1.3999802222399673,-0.9674565884579169,-10.455035602741436,0.0,0.0,-26.11448004098524,-7.9270149878714875,-2.8035526475361,-5.820466953110904,-5.495776712790106,-14.899999347584528
1671,3500029.2112081535,31,35.000013982323104,35.000000000000036,291.90000000000026,0,0.0,0.7755603397767917,0.22443966022320833,1.9907796053666425e-38,200.0,61.29999999999996,-185.4162229143592,-1.3999802222399673,-0.9674565884579169,-10.455035602741436,0.0,0.0,-26.11448004098524,-7.9270149878714875,-2.8035526475361,-5.820466953110904,-5.495776712790106,-14.899999347584528
1672,3500029.2112081535,32,35.000013982323104,35.000000000000036,291.90000000000026,0,0.0,0.7755388482536076,0.22446115174639233,1.8912406250983103e-38,200.0,61.29999999999996,-185.4162229143592,-1.3999802222399673,-0.9674565884579169,-10.455035602741436,0.0,0.0,-26.11448004098524,-7.9270149878714875,-2.8035526475361,-5.820466953110904,-5.495776712790106,-14.899999347584528
1673,3500029.2112081535,33,35.000013982323104,35.000000000000036,291.90000000000026,0,0.0,0.7755179372623633,0.2244820627376367,1.7966785938433948e-38,200.0,61.29999999999996,-185.4162229143592,-1.3999802222399673,-0.9674565884579169,-10.455035602741436,0.0,0.0,-26.11448004098524,-7.9270149878714875,-2.8035526475361,-5.820466953110904,-5.495776712790106,-14.899999347584528
1674,3500029.2112081535,34,35.000013982323104,35.000000000000036,291.90000000000026,0,0.0,0.7754953938436023,0.2245046061563977,1.7068446641512253e-38,200.0,61.29999999999996,-185.4162229143592,-1.3999802222399673,-0.9674565884579169,-10.455035602741436,0.0,0.0,-26.11448004098524,-7.9270149878714875,-2.8035526475361,-5.820466953110904,-5.495776712790106,-14.899999347584528
1675,3500029.2112081535,35,35.000013982323104,35.000000000000036,291.90000000000026,0,0.0,0.7754713019796885,0.2245286980203115,1.621502430943664e-38,200.0,61.29999999999996,-185.4162229143592,-1.3999802222399673,-0.9674565884579169,-10.455035602741436,0.0,0.0,-26.11448004098524,-7.9270149878714875,-2.8035526475361,-5.820466953110904,-5.495776712790106,-14.899999347584528
1676,3500029.2112081535,36,35.000013982323104,35.000000000000036,291.90000000000026,0,0.0,0.7754484704427227,0.22455152955727728,1.5404273093964807e-38,200.0,61.29999999999996,-185.4162229143592,-1.3999802222399673,-0.9674565884579169,-10.455035602741436,0.0,0.0,-26.11448004098524,-7.9270149878714875,-2.8035526475361,-5.820466953110904,-5.495776712790106,-14.899999347584528
1677,3500029.2112081535,37,35.000013982323104,35.000000000000036,291.90000000000026,0,0.0,0.7754262907518616,0.2245737092481384,1.463405943926657e-38,200.0,61.29999999999996,-185.4162229143592,-1.3999802222399673,-0.9674565884579169,-10.455035602741436,0.0,0.0,-26.11448004098524,-7.9270149878714875,-2.8035526475361,-5.820466953110904,-5.495776712790106,-14.899999347584528
1678,3500029.2112081535,38,35.000013982323104,35.000000000000036,291.90000000000026,0,0.0,0.7754041857345311,0.22459581426546896,1.390235646730324e-38,200.0,61.29999999999996,-185.4162229143592,-1.3999802222399673,-0.9674565884579169,-10.455035602741436,0.0,0.0,-26.11448004098524,-7.9270149878714875,-2.8035526475361,-5.820466953110904,-5.495776712790106,-14.899999347584528
1679,3500029.2112081535,39,35.000013982323104,35.000000000000036,291.90000000000026,0,0.0,0.7753816078534777,0.22461839214652235,1.3207238643938077e-38,200.0,61.29999999999996,-185.4162229143592,-1.3999802222399673,-0.9674565884579169,-10.455035602741436,0.0,0.0,-26.11448004098524,-7.9270149878714875,-2.8035526475361,-5.820466953110904,-5.495776712790106,-14.899999347584528
1680,3500029.2112081535,40,35.000013982323104,35.000000000000036,291.90000000000026,0,0.0,0.7753602163080563,0.22463978369194368,1.2546876711741172e-38,200.0,61.29999999999996,-185.4162229143592,-1.3999802222399673,-0.9674565884579169,-10.455035602741436,0.0,0.0,-26.11448004098524,-7.9270149878714875,-2.8035526475361,-5.820466953110904,-5.495776712790106,-14.899999347584528
1681,3500029.2112081535,41,35.000013982323104,35.000000000000036,291.90000000000026,0,0.0,0.7753372299073995,0.22466277009260047,1.1919532876154112e-38,200.0,61.29999999999996,-185.4162229143592,-1.3999802222399673,-0.9674565884579169,-10.455035602741436,0.0,0.0,-26.11448004098524,-7.9270149878714875,-2.8035526475361,-5.820466953110904,-5.495776712790106,-14.899999347584528
1682,3500029.2112081535,42,35.000013982323104,35.000000000000036,291.90000000000026,0,0.0,0.7753143634635536,0.2246856365364463,1.1323556232346406e-38,200.0,61.29999999999996,-185.4162229143592,-1.3999802222399673,-0.9674565884579169,-10.455035602741436,0.0,0.0,-26.11448004098524,-7.9270149878714875,-2.8035526475361,-5.820466953110904,-5.495776712790106,-14.899999347584528
1683,3500029.2112081535,43,35.000013982323104,35.000000000000036,291.90000000000026,0,0.0,0.7752905241473534,0.2247094758526466,1.0757378420729086e-38,200.0,61.29999999999996,-185.4162229143592,-1.3999802222399673,-0.9674565884579169,-10.455035602741436,0.0,0.0,-26.11448004098524,-7.9270149878714875,-2.8035526475361,-5.820466953110904,-5.495776712790106,-14.899999347584528
1684,3500029.2112081535,44,35.000013982323104,35.000000000000036,291.90000000000026,0,0.0,0.7752663063922487,0.22473369360775136,1.0219509499692631e-38,200.0,61.29999999999996,-185.4162229143592,-1.3999802222399673,-0.9674565884579169,-10.455035602741436,0.0,0.0,-26.11448004098524,-7.9270149878714875,-2.8035526475361,-5.820466953110904,-5.495776712790106,-14.899999347584528
1685,3500029.2112081535,45,35.000013982323104,35.000000000000036,291.90000000000026,0,0.0,0.7752400998740074,0.22475990012599253,9.708534024707999e-39,200.0,61.29999999999996,-185.4162229143592,-1.3999802222399673,-0.9674565884579169,-10.455035602741436,0.0,0.0,-26.11448004098524,-7.9270149878714875,-2.8035526475361,-5.820466953110904,-5.495776712790106,-14.899999347584528
1686,3500029.2112081535,46,35.000013982323104,35.000000000000036,291.90000000000026,0,0.0,0.7752147239087656,0.22478527609123444,9.2231073234726e-39,200.0,61.29999999999996,-185.4162229143592,-1.3999802222399673,-0.9674565884579169,-10.455035602741436,0.0,0.0,-26.11448004098524,-7.9270149878714875,-2.8035526475361,-5.820466953110904,-5.495776712790106,-14.899999347584528
1687,3500029.2112081535,47,35.000013982323104,35.000000000000036,291.90000000000026,0,0.0,0.7751901375127102,0.22480986248728985,8.76195195729897e-39,200.0,61.29999999999996,-185.4162229143592,-1.3999802222399673,-0.9674565884579169,-10.455035602741436,0.0,0.0,-26.11448004098524,-7.9270149878714875,-2.8035526475361,-5.820466953110904,-5.495776712790106,-14.899999347584528
1688,3500029.2112081535,48,35.000013982323104,35.000000000000036,291.90000000000026,0,0.0,0.7751652161134451,0.22483478388655492,8.323854359434022e-39,200.0,61.29999999999996,-185.4162229143592,-1.3999802222399673,-0.9674565884579169,-10.455035602741436,0.0,0.0,-26.11448004098524,-7.9270149878714875,-2.8035526475361,-5.820466953110904,-5.495776712790106,-14.899999347584528
1689,3500029.2112081535,49,35.000013982323104,35.000000000000036,291.90000000000026,0,0.0,0.7751399780313999,0.22486002196860017,7.907661641462321e-39,200.0,61.29999999999996,-185.4162229143592,-1.3999802222399673,-0.9674565884579169,-10.455035602741436,0.0,0.0,-26.11448004098524,-7.9270149878714875,-2.8035526475361,-5.820466953110904,-5.495776712790106,-14.899999347584528
1690,3500029.2112081535,0,35.000013982323104,35.000000000000036,291.90000000000026,0,0.0,0.7751144406686192,0.22488555933138074,7.512278559389205e-39,200.0,61.29999999999996,-185.4162229143592,-1.3999802222399673,-0.9674565884579169,-10.455035602741436,0.0,0.0,-26.11448004098524,-7.9270149878714875,-2.8035526475361,-5.820466953110904,-5.495776712790106,-14.899999347584528
1691,3500029.2112081535,1,35.000013982323104,35.000000000000036,291.90000000000026,0,0.0,0.7750886205546875,0.2249113794453125,7.136664631419745e-39,200.0,61.29999999999996,-185.4162229143592,-1.3999802222399673,-0.9674565884579169,-10.455035602741436,0.0,0.0,-26.11448004098524,-7.9270149878714875,-2.8035526475361,-5.820466953110904,-5.495776712790106,-14.899999347584528
1692,3500029.2112081535,2,35.000013982323104,35.000000000000036,291.90000000000026,0,0.0,0.7750630753384609,0.22493692466153917,6.779831399848759e-39,200.0,61.29999999999996,-185.4162229143592,-1.3999802222399673,-0.9674565884579169,-10.455035602741436,0.0,0.0,-26.11448004098524,-7.9270149878714875,-2.8035526475361,-5.820466953110904,-5.495776712790106,-14.899999347584528
1693,3500029.2112081535,3,35.000013982323104,35.000000000000036,291.90000000000026,0,0.0,0.7750377923581117,0.22496220764188832,6.440839829856321e-39,200.0,61.29999999999996,-185.4162229143592,-1.3999802222399673,-0.9674565884579169,-10.455035602741436,0.0,0.0,-26.11448004098524,-7.9270149878714875,-2.8035526475361,-5.820466953110904,-5.495776712790106,-14.899999347584528
1694,3500029.2112081535,4,35.000013982323104,35.000000000000036,291.90000000000026,0,0.0,0.7750111351716056,0.22498886482839445,6.118797838363506e-39,200.0,61.29999999999996,-185.4162229143592,-1.3999802222399673,-0.9674565884579169,-10.455035602741436,0.0,0.0,-26.11448004098524,-7.9270149878714875,-2.8035526475361,-5.820466953110904,-5.495776712790106,-14.899999347584528
1695,3500029.2112081535,5,35.000013982323104,35.000000000000036,291.90000000000026,0,0.0,0.7749864223919853,0.22501357760801471,5.81285794644533e-39,200.0,61.29999999999996,-185.4162229143592,-1.3999802222399673,-0.9674565884579169,-10.455035602741436,0.0,0.0,-26.11448004098524,-7.9270149878714875,-2.8035526475361,-5.820466953110904,-5.495776712790106,-14.899999347584528
1696,3500029.2112081535,6,35.000013982323104,35.000000000000036,291.90000000000026,0,0.0,0.774964096816511,0.22503590318348904,5.5222150491230634e-39,200.0,61.29999999999996,-185.4162229143592,-1.3999802222399673,-0.9674565884579169,-10.455035602741436,0.0,0.0,-26.11448004098524,-7.9270149878714875,-2.8035526475361,-5.820466953110904,-5.495776712790106,-14.899999347584528
1697,3500029.2112081535,7,35.000013982323104,35.000000000000036,291.90000000000026,0,0.0,0.7749429567464482,0.22505704325355175,5.24610429666691e-39,200.0,61.29999999999996,-185.4162229143592,-1.3999802222399673,-0.9674565884579169,-10.455035602741436,0.0,0.0,-26.11448004098524,-7.9270149878714875,-2.8035526475361,-5.820466953110904,-5.495776712790106,-14.899999347584528
1698,3500029.2112081535,8,35.000013982323104,35.000000000000036,291.90000000000026,0,0.0,0.7749224026866164,0.22507759731338364,4.9837990818335653e-39,200.0,61.29999999999996,-185.4162229143592,-1.3999802222399673,-0.9674565884579169,-10.455035602741436,0.0,0.0,-26.11448004098524,-7.9270149878714875,-2.8035526475361,-5.820466953110904,-5.495776712790106,-14.899999347584528
1699,3500029.2112081535,9,35.000013982323104,35.000000000000036,291.90000000000026,0,0.0,0.7748997061071055,0.22510029389289457,4.734609127741887e-39,200.0,61.29999999999996,-185.4162229143592,-1.3999802222399673,-0.9674565884579169,-10.455035602741436,0.0,0.0,-26.11448004098524,-7.9270149878714875,-2.8035526475361,-5.820466953110904,-5.495776712790106,-14.899999347584528
1700,3500029.2112081535,10,35.000013982323104,35.000000000000036,291.90000000000026,0,0.0,0.7748755165944853,0.22512448340551472,4.497878671354792e-39,200.0,61.29999999999996,-185.4162229143592,-1.3999802222399673,-0.9674565884579169,-10.455035602741436,0.0,0.0,-26.11448004098524,-7.9270149878714875,-2.8035526475361,-5.820466953110904,-5.495776712790106,-14.899999347584528
1701,3500029.2112081535,11,35.000013982323104,35.000000000000036,291.90000000000026,0,0.0,0.7748526093320025,0.22514739066799747,4.272984737787052e-39,200.0,61.29999999999996,-185.4162229143592,-1.3999802222399673,-0.9674565884579169,-10.455035602741436,0.0,0.0,-26.11448004098524,-7.9270149878714875,-2.8035526475361,-5.820466953110904,-5.495776712790106,-14.899999347584528
1702,3500029.2112081535,12,35.000013982323104,35.000000000000036,291.90000000000026,0,0.0,0.7748276840542392,0.22517231594576081,4.0593355008977e-39,200.0,61.29999999999996,-185.4162229143592,-1.3999802222399673,-0.9674565884579169,-10.455035602741436,0.0,0.0,-26.11448004098524,-7.9270149878714875,-2.8035526475361,-5.820466953110904,-5.495776712790106,-14.899999347584528
1703,3500029.2112081535,13,35.000013982323104,35.000000000000036,291.90000000000026,0,0.0,0.7748019228028754,0.22519807719712456,3.856368725852815e-39,200.0,61.29999999999996,-185.4162229143592,-1.3999802222399673,-0.9674565884579169,-10.455035602741436,0.0,0.0,-26.11448004098524,-7.9270149878714875,-2.8035526475361,-5.820466953110904,-5.495776712790106,-14.899999347584528
1704,3500029.2112081535,14,35.000013982323104,35.000000000000036,291.90000000000026,0,0.0,0.7747764474042416,0.2252235525957585,3.663550289560174e-39,200.0,61.29999999999996,-185.4162229143592,-1.3999802222399673,-0.9674565884579169,-10.455035602741436,0.0,0.0,-26.11448004098524,-7.9270149878714875,-2.8035526475361,-5.820466953110904,-5.495776712790106,-14.899999347584528
1705,3500029.2112081535,15,35.000013982323104,35.000000000000036,291.90000000000026,0,0.0,0.7747523220691318,0.22524767793086822,3.4803727750821656e-39,200.0,61.29999999999996,-185.4162229143592,-1.3999802222399673,-0.9674565884579169,-10.455035602741436,0.0,0.0,-26.11448004098524,-7.9270149878714875,-2.8035526475361,-5.820466953110904,-5.495776712790106,-14.899999347584528
1706,3500029.2112081535,16,35.000013982323104,35.000000000000036,291.90000000000026,0,0.0,0.7747267869514842,0.2252732130485158,3.306354136328057e-39,200.0,61.29999999999996,-185.4162229143592,-1.3999802222399673,-0.9674565884579169,-10.455035602741436,0.0,0.0,-26.11448004098524,-7.9270149878714875,-2.8035526475361,-5.820466953110904,-5.495776712790106,-14.899999347584528
1707,3500029.2112081535,17,35.000013982323104,35.000000000000036,291.90000000000026,0,0.0,0.7747009915124059,0.22529900848759413,3.141036429511654e-39,200.0,61.29999999999996,-185.4162229143592,-1.3999802222399673,-0.9674565884579169,-10.455035602741436,0.0,0.0,-26.11448004098524,-7.9270149878714875,-2.8035526475361,-5.820466953110904,-5.495776712790106,-14.899999347584528
1708,3500029.2112081535,18,35.000013982323104,35.000000000000036,291.90000000000026,0,0.0,0.7746771024168991,0.22532289758310087,2.9839846080360717e-39,200.0,61.29999999999996,-185.4162229143592,-1.3999802222399673,-0.9674565884579169,-10.455035602741436,0.0,0.0,-26.11448004098524,-7.9270149878714875,-2.8035526475361,-5.820466953110904,-5.495776712790106,-14.899999347584528
1709,3500029.2112081535,19,35.000013982323104,35.000000000000036,291.90000000000026,0,0.0,0.7746539482969368,0.2253460517030632,2.8347853776342683e-39,200.0,61.29999999999996,-185.4162229143592,-1.3999802222399673,-0.9674565884579169,-10.455035602741436,0.0,0.0,-26.11448004098524,-7.9270149878714875,-2.8035526475361,-5.820466953110904,-5.495776712790106,-14.899999347584528
1710,3500029.2112081535,20,35.000013982323104,35.000000000000036,291.90000000000026,0,0.0,0.774628267972227,0.225371732027773,2.693046108752555e-39,200.0,61.29999999999996,-185.4162229143592,-1.3999802222399673,-0.9674565884579169,-10.455035602741436,0.0,0.0,-26.11448004098524,-7.9270149878714875,-2.8035526475361,-5.820466953110904,-5.495776712790106,-14.899999347584528
1711,3500029.2112081535,21,35.000013982323104,35.000000000000036,291.90000000000026,0,0.0,0.7746028776063785,0.2253971223936216,2.5583938033149276e-39,200.0,61.29999999999996,-185.4162229143592,-1.3999802222399673,-0.9674565884579169,-10.455035602741436,0.0,0.0,-26.11448004098524,-7.9270149878714875,-2.8035526475361,-5.820466953110904,-5.495776712790106,-14.899999347584528
1712,3500029.2112081535,22,35.000013982323104,35.000000000000036,291.90000000000026,0,0.0,0.7745799118348551,0.22542008816514503,2.4304741131491812e-39,200.0,61.29999999999996,-185.4162229143592,-1.3999802222399673,-0.9674565884579169,-10.455035602741436,0.0,0.0,-26.11448004098524,-7.9270149878714875,-2.8035526475361,-5.820466953110904,-5.495776712790106,-14.899999347584528
1713,3500029.2112081535,23,35.000013982323104,35.000000000000036,291.90000000000026,0,0.0,0.7745571013843257,0.22544289861567438,2.308950407491722e-39,200.0,61.29999999999996,-185.4162229143592,-1.3999802222399673,-0.9674565884579169,-10.455035602741436,0.0,0.0,-26.11448004098524,-7.9270149878714875,-2.8035526475361,-5.820466953110904,-5.495776712790106,-14.899999347584528
1714,3500029.2112081535,24,35.000013982323104,35.000000000000036,291.90000000000026,0,0.0,0.7745355123669564,0.22546448763304364,2.193502887117136e-39,200.0,61.29999999999996,-185.4162229143592,-1.3999802222399673,-0.9674565884579169,-10.455035602741436,0.0,0.0,-26.11448004098524,-7.9270149878714875,-2.8035526475361,-5.820466953110904,-5.495776712790106,-14.899999347584528
1715,3500029.2112081535,25,35.000013982323104,35.000000000000036,291.90000000000026,0,0.0,0.7745150836155874,0.22548491638441265,2.083827742761279e-39,200.0,61.29999999999996,-185.4162229143592,-1.3999802222399673,-0.9674565884579169,-10.455035602741436,0.0,0.0,-26.11448004098524,-7.9270149878714875,-2.8035526475361,-5.820466953110904,-5.495776712790106,-14.899999347584528
1716,3500029.2112081535,26,35.000013982323104,35.000000000000036,291.90000000000026,0,0.0,0.7744957570215858,0.2255042429784142,1.979636355623215e-39,200.0,61.29999999999996,-185.4162229143592,-1.3999802222399673,-0.9674565884579169,-10.455035602741436,0.0,0.0,-26.11448004098524,-7.9270149878714875,-2.8035526475361,-5.820466953110904,-5.495776712790106,-14.899999347584528
1717,3500029.2112081535,27,35.000013982323104,35.000000000000036,291.90000000000026,0,0.0,0.7744774773819191,0.22552252261808095,1.8806545378420545e-39,200.0,61.29999999999996,-185.4162229143592,-1.3999802222399673,-0.9674565884579169,-10.455035602741436,0.0,0.0,-26.11448004098524,-7.9270149878714875,-2.8035526475361,-5.820466953110904,-5.495776712790106,-14.899999347584528
1718,3500029.2112081535,28,35.000013982323104,35.000000000000036,291.90000000000026,0,0.0,0.7744585867789745,0.22554141322102556,1.786621810949952e-39,200.0,61.29999999999996,-185.4162229143592,-1.3999802222399673,-0.9674565884579169,-10.455035602741436,0.0,0.0,-26.11448004098524,-7.9270149878714875,-2.8035526475361,-5.820466953110904,-5.495776712790106,-14.899999347584528
1719,3500029.2112081535,29,35.000013982323104,35.000000000000036,291.90000000000026,0,0.0,0.7744375121362745,0.22556248786372554,1.6972907204024544e-39,200.0,61.29999999999996,-185.4162229143592,-1.3999802222399673,-0.9674565884579169,-10.455035602741436,0.0,0.0,-26.11448004098524,-7.9270149878714875,-2.8035526475361,-5.820466953110904,-5.495776712790106,-14.899999347584528
1720,3500029.2112081535,30,35.000013982323104,35.000000000000036,291.90000000000026,0,0.0,0.7744138301551041,0.22558616984489593,1.6124261843823315e-39,200.0,61.29999999999996,-185.4162229143592,-1.3999802222399673,-0.9674565884579169,-10.455035602741436,0.0,0.0,-26.11448004098524,-7.9270149878714875,-2.8035526475361,-5.820466953110904,-5.495776712790106,-14.899999347584528
1721,3500029.2112081535,31,35.000013982323104,35.000000000000036,291.90000000000026,0,0.0,0.7743914175933811,0.22560858240661885,1.531804875163215e-39,200.0,61.29999999999996,-185.4162229143592,-1.3999802222399673,-0.9674565884579169,-10.455035602741436,0.0,0.0,-26.11448004098524,-7.9270149878714875,-2.8035526475361,-5.820466953110904,-5.495776712790106,-14.899999347584528
1722,3500029.2112081535,32,35.000013982323104,35.000000000000036,291.90000000000026,0,0.0,0.7743696764837287,0.22563032351627135,1.4552146314050541e-39,200.0,61.29999999999996,-185.4162229143592,-1.3999802222399673,-0.9674565884579169,-10.455035602741436,0.0,0.0,-26.11448004098524,-7.9270149878714875,-2.8035526475361,-5.820466953110904,-5.495776712790106,-14.899999347584528
1723,3500029.2112081535,33,35.000013982323104,35.000000000000036,291.90000000000026,0,0.0,0.7743469712116519,0.22565302878834811,1.3824538998348014e-39,200.0,61.29999999999996,-185.4162229143592,-1.3999802222399673,-0.9674565884579169,-10.455035602741436,0.0,0.0,-26.11448004098524,-7.9270149878714875,-2.8035526475361,-5.820466953110904,-5.495776712790106,-14.899999347584528
1724,3500029.2112081535,34,35.000013982323104,35.000000000000036,291.90000000000026,0,0.0,0.7743244199088681,0.22567558009113192,1.3133312048430613e-39,200.0,61.29999999999996,-185.4162229143592,-1.3999802222399673,-0.9674565884579169,-10.455035602741436,0.0,0.0,-26.11448004098524,-7.9270149878714875,-2.8035526475361,-5.820466953110904,-5.495776712790106,-14.899999347584528
1725,3500029.2112081535,35,35.000013982323104,35.000000000000036,291.90000000000026,0,0.0,0.7742993468192297,0.22570065318077023,1.2476646446009082e-39,200.0,61.29999999999996,-185.4162229143592,-1.3999802222399673,-0.9674565884579169,-10.455035602741436,0.0,0.0,-26.11448004098524,-7.9270149878714875,-2.8035526475361,-5.820466953110904,-5.495776712790106,-14.899999347584528
1726,3500029.2112081535,36,35.000013982323104,35.000000000000036,291.90000000000026,0,0.0,0.7742729482798267,0.22572705172017332,1.1852814123708628e-39,200.0,61.29999999999996,-185.4162229143592,-1.3999802222399673,-0.9674565884579169,-10.455035602741436,0.0,0.0,-26.11448004098524,-7.9270149878714875,-2.8035526475361,-5.820466953110904,-5.495776712790106,-14.899999347584528
1727,3500029.2112081535,37,35.000013982323104,35.000000000000036,291.90000000000026,0,0.0,0.7742442254978423,0.22575577450215764,1.1260173417523196e-39,200.0,61.29999999999996,-185.4162229143592,-1.3999802222399673,-0.9674565884579169,-10.455035602741436,0.0,0.0,-26.11448004098524,-7.9270149878714875,-2.8035526475361,-5.820466953110904,-5.495776712790106,-14.899999347584528
1728,3500029.2112081535,38,35.000013982323104,35.000000000000036,291.90000000000026,0,0.0,0.7742154314538016,0.2257845685461984,1.0697164746647035e-39,200.0,61.29999999999996,-185.4162229143592,-1.3999802222399673,-0.9674565884579169,-10.455035602741436,0.0,0.0,-26.11448004098524,-7.9270149878714875,-2.8035526475361,-5.820466953110904,-5.495776712790106,-14.899999347584528
1729,3500029.2112081535,39,35.000013982323104,35.000000000000036,291.90000000000026,0,0.0,0.7741887038971315,0.22581129610286851,1.0162306509314683e-39,200.0,61.29999999999996,-185.4162229143592,-1.3999802222399673,-0.9674565884579169,-10.455035602741436,0.0,0.0,-26.11448004098524,-7.9270149878714875,-2.8035526475361,-5.820466953110904,-5.495776712790106,-14.899999347584528
1730,3500029.2112081535,40,35.000013982323104,35.000000000000036,291.90000000000026,0,0.0,0.7741634059528884,0.2258365940471116,9.654191183848948e-40,200.0,61.29999999999996,-185.4162229143592,-1.3999802222399673,-0.9674565884579169,-10.455035602741436,0.0,0.0,-26.11448004098524,-7.9270149878714875,-2.8035526475361,-5.820466953110904,-5.495776712790106,-14.899999347584528
1731,3500029.2112081535,41,35.000013982323104,35.000000000000036,291.90000000000026,0,0.0,0.7741357378593778,0.2258642621406222,9.171481624656502e-40,200.0,61.29999999999996,-185.4162229143592,-1.3999802222399673,-0.9674565884579169,-10.455035602741436,0.0,0.0,-26.11448004098524,-7.9270149878714875,-2.8035526475361,-5.820466953110904,-5.495776712790106,-14.899999347584528
1732,3500029.2112081535,42,35.000013982323104,35.000000000000036,291.90000000000026,0,0.0,0.7741068859781526,0.22589311402184745,8.712907543423676e-40,200.0,61.29999999999996,-185.4162229143592,-1.3999802222399673,-0.9674565884579169,-10.455035602741436,0.0,0.0,-26.11448004098524,-7.9270149878714875,-2.8035526475361,-5.820466953110904,-5.495776712790106,-14.899999347584528
1733,3500029.2112081535,43,35.000013982323104,35.000000000000036,291.90000000000026,0,0.0,0.7740769116956395,0.22592308830436053,8.277262166252494e-40,200.0,61.29999999999996,-185.4162229143592,-1.3999802222399673,-0.9674565884579169,-10.455035602741436,0.0,0.0,-26.11448004098524,-7.9270149878714875,-2.8035526475361,-5.820466953110904,-5.495776712790106,-14.899999347584528
1734,3500029.2112081535,44,35.000013982323104,35.000000000000036,291.90000000000026,0,0.0,0.7740485342656258,0.2259514657343742,7.863399057939869e-40,200.0,61.29999999999996,-185.4162229143592,-1.3999802222399673,-0.9674565884579169,-10.455035602741436,0.0,0.0,-26.11448004098524,-7.9270149878714875,-2.8035526475361,-5.820466953110904,-5.495776712790106,-14.899999347584528
1735,3500029.2112081535,45,35.000013982323104,35.000000000000036,291.90000000000026,0,0.0,0.7740190143619726,0.22598098563802738,7.470229105042875e-40,200.0,61.29999999999996,-185.4162229143592,-1.3999802222399673,-0.9674565884579169,-10.455035602741436,0.0,0.0,-26.11448004098524,-7.9270149878714875,-2.8035526475361,-5.820466953110904,-5.495776712790106,-14.899999347584528
1736,3500029.2112081535,46,35.000013982323104,35.000000000000036,291.90000000000026,0,0.0,0.7739910699315063,0.22600893006849365,7.09671764979073e-40,200.0,61.29999999999996,-185.4162229143592,-1.3999802222399673,-0.9674565884579169,-10.455035602741436,0.0,0.0,-26.11448004098524,-7.9270149878714875,-2.8035526475361,-5.820466953110904,-5.495776712790106,-14.899999347584528
1737,3500029.2112081535,47,35.000013982323104,35.000000000000036,291.90000000000026,0,0.0,0.7739614335048302,0.22603856649516982,6.741881767301194e-40,200.0,61.29999999999996,-185.4162229143592,-1.3999802222399673,-0.9674565884579169,-10.455035602741436,0.0,0.0,-26.11448004098524,-7.9270149878714875,-2.8035526475361,-5.820466953110904,-5.495776712790106,-14.899999347584528
1738,3500029.2112081535,48,35.000013982323104,35.000000000000036,291.90000000000026,0,0.0,0.7739328487915886,0.22606715120841142,6.404787678936135e-40,200.0,61.29999999999996,-185.4162229143592,-1.3999802222399673,-0.9674565884579169,-10.455035602741436,0.0,0.0,-26.11448004098524,-7.9270149878714875,-2.8035526475361,-5.820466953110904,-5.495776712790106,-14.899999347584528
1739,3500029.2112081535,49,35.000013982323104,35.000000000000036,291.90000000000026,0,0.0,0.7739047326940885,0.2260952673059114,6.0845482949893275e-40,200.0,61.29999999999996,-185.4162229143592,-1.3999802222399673,-0.9674565884579169,-10.455035602741436,0.0,0.0,-26.11448004098524,-7.9270149878714875,-2.8035526475361,-5.820466953110904,-5.495776712790106,-14.899999347584528
1740,3500029.2112081535,0,35.000013982323104,35.000000000000036,291.90000000000026,0,0.0,0.7738760012003446,0.22612399879965536,5.780320880239861e-40,200.0,61.29999999999996,-185.4162229143592,-1.3999802222399673,-0.9674565884579169,-10.455035602741436,0.0,0.0,-26.11448004098524,-7.9270149878714875,-2.8035526475361,-5.820466953110904,-5.495776712790106,-14.899999347584528
1741,3500029.2112081535,1,35.000013982323104,35.000000000000036,291.90000000000026,0,0.0,0.7738477481513292,0.2261522518486708,5.491304836227868e-40,200.0,61.29999999999996,-185.4162229143592,-1.3999802222399673,-0.9674565884579169,-10.455035602741436,0.0,0.0,-26.11448004098524,-7.9270149878714875,-2.8035526475361,-5.820466953110904,-5.495776712790106,-14.899999347584528
1742,3500029.2112081535,2,35.000013982323104,35.000000000000036,291.90000000000026,0,0.0,0.7738210112180833,0.2261789887819166,5.216739594416474e-40,200.0,61.29999999999996,-185.4162229143592,-1.3999802222399673,-0.9674565884579169,-10.455035602741436,0.0,0.0,-26.11448004098524,-7.9270149878714875,-2.8035526475361,-5.820466953110904,-5.495776712790106,-14.899999347584528
1743,3500029.2112081535,3,35.000013982323104,35.000000000000036,291.90000000000026,0,0.0,0.7737941244646739,0.22620587553532606,4.9559026146956505e-40,200.0,61.29999999999996,-185.4162229143592,-1.3999802222399673,-0.9674565884579169,-10.455035602741436,0.0,0.0,-26.11448004098524,-7.9270149878714875,-2.8035526475361,-5.820466953110904,-5.495776712790106,-14.899999347584528
1744,3500029.2112081535,4,35.000013982323104,35.000000000000036,291.90000000000026,0,0.0,0.7737665669759355,0.2262334330240646,4.708107483960868e-40,200.0,61.29999999999996,-185.4162229143592,-1.3999802222399673,-0.9674565884579169,-10.455035602741436,0.0,0.0,-26.11448004098524,-7.9270149878714875,-2.8035526475361,-5.820466953110904,-5.495776712790106,-14.899999347584528
1745,3500029.2112081535,5,35.000013982323104,35.000000000000036,291.90000000000026,0,0.0,0.7737394334521419,0.22626056654785814,4.472702109762825e-40,200.0,61.29999999999996,-185.4162229143592,-1.3999802222399673,-0.9674565884579169,-10.455035602741436,0.0,0.0,-26.11448004098524,-7.9270149878714875,-2.8035526475361,-5.820466953110904,-5.495776712790106,-14.899999347584528
1746,3500029.2112081535,6,35.000013982323104,35.000000000000036,291.90000000000026,0,0.0,0.7737142916868303,0.22628570831316977,4.249067004274683e-40,200.0,61.29999999999996,-185.4162229143592,-1.3999802222399673,-0.9674565884579169,-10.455035602741436,0.0,0.0,-26.11448004098524,-7.9270149878714875,-2.8035526475361,-5.820466953110904,-5.495776712790106,-14.899999347584528
1747,3500029.2112081535,7,35.000013982323104,35.000000000000036,291.90000000000026,0,0.0,0.7736883961984654,0.22631160380153456,4.036613654060948e-40,200.0,61.29999999999996,-185.4162229143592,-1.3999802222399673,-0.9674565884579169,-10.455035602741436,0.0,0.0,-26.11448004098524,-7.9270149878714875,-2.8035526475361,-5.820466953110904,-5.495776712790106,-14.899999347584528
1748,3500029.2112081535,8,35.000013982323104,35.000000000000036,291.90000000000026,0,0.0,0.7736628442950525,0.22633715570494745,3.8347829713579006e-40,200.0,61.29999999999996,-185.4162229143592,-1.3999802222399673,-0.9674565884579169,-10.455035602741436,0.0,0.0,-26.11448004098524,-7.9270149878714875,-2.8035526475361,-5.820466953110904,-5.495776712790106,-14.899999347584528
1749,3500029.2112081535,9,35.000013982323104,35.000000000000036,291.90000000000026,0,0.0,0.7736365624827808,0.22636343751721924,3.6430438227900056e-40,200.0,61.29999999999996,-185.4162229143592,-1.3999802222399673,-0.9674565884579169,-10.455035602741436,0.0,0.0,-26.11448004098524,-7.9270149878714875,-2.8035526475361,-5.820466953110904,-5.495776712790106,-14.899999347584528
1750,3500029.2112081535,10,35.000013982323104,35.000000000000036,291.90000000000026,0,0.0,0.7736106460290211,0.22638935397097887,3.460891631650505e-40,200.0,61.29999999999996,-185.4162229143592,-1.3999802222399673,-0.9674565884579169,-10.455035602741436,0.0,0.0,-26.11448004098524,-7.9270149878714875,-2.8035526475361,-5.820466953110904,-5.495776712790106,-14.899999347584528
1751,3500029.2112081535,11,35.000013982323104,35.000000000000036,291.90000000000026,0,0.0,0.7735845494363728,0.22641545056362716,3.2878470500679796e-40,200.0,61.29999999999996,-185.4162229143592,-1.3999802222399673,-0.9674565884579169,-10.455035602741436,0.0,0.0,-26.11448004098524,-7.9270149878714875,-2.8035526475361,-5.820466953110904,-5.495776712790106,-14.899999347584528
1752,3500029.2112081535,12,35.000013982323104,35.000000000000036,291.90000000000026,0,0.0,0.7735603949513076,0.22643960504869248,3.123454697564581e-40,200.0,61.29999999999996,-185.4162229143592,-1.3999802222399673,-0.9674565884579169,-10.455035602741436,0.0,0.0,-26.11448004098524,-7.9270149878714875,-2.8035526475361,-5.820466953110904,-5.495776712790106,-14.899999347584528
1753,3500029.2112081535,13,35.000013982323104,35.000000000000036,291.90000000000026,0,0.0,0.7735370295380524,0.2264629704619476,2.9672819626863518e-40,200.0,61.29999999999996,-185.4162229143592,-1.3999802222399673,-0.9674565884579169,-10.455035602741436,0.0,0.0,-26.11448004098524,-7.9270149878714875,-2.8035526475361,-5.820466953110904,-5.495776712790106,-14.899999347584528
1754,3500029.2112081535,14,35.000013982323104,35.000000000000036,291.90000000000026,0,0.0,0.7735175776107166,0.2264824223892834,2.8189178645520343e-40,200.0,61.29999999999996,-185.4162229143592,-1.3999802222399673,-0.9674565884579169,-10.455035602741436,0.0,0.0,-26.11448004098524,-7.9270149878714875,-2.8035526475361,-5.820466953110904,-5.495776712790106,-14.899999347584528
1755,3500029.2112081535,15,35.000013982323104,35.000000000000036,291.90000000000026,0,0.0,0.773498152012907,0.22650184798709305,2.677971971324433e-40,200.0,61.29999999999996,-185.4162229143592,-1.3999802222399673,-0.9674565884579169,-10.455035602741436,0.0,0.0,-26.11448004098524,-7.9270149878714875,-2.8035526475361,-5.820466953110904,-5.495776712790106,-14.899999347584528
1756,3500029.2112081535,16,35.000013982323104,35.000000000000036,291.90000000000026,0,0.0,0.7734792790395439,0.2265207209604561,2.544073372758212e-40,200.0,61.29999999999996,-185.4162229143592,-1.3999802222399673,-0.9674565884579169,-10.455035602741436,0.0,0.0,-26.11448004098524,-7.9270149878714875,-2.8035526475361,-5.820466953110904,-5.495776712790106,-14.899999347584528
1757,3500029.2112081535,17,35.000013982323104,35.000000000000036,291.90000000000026,0,0.0,0.7734619841391426,0.2265380158608575,2.4168697041203013e-40,200.0,61.29999999999996,-185.4162229143592,-1.3999802222399673,-0.9674565884579169,-10.455035602741436,0.0,0.0,-26.11448004098524,-7.9270149878714875,-2.8035526475361,-5.820466953110904,-5.495776712790106,-14.899999347584528
1758,3500029.2112081535,18,35.000013982323104,35.000000000000036,291.90000000000026,0,0.0,0.7734461876361286,0.22655381236387148,2.296026218914286e-40,200.0,61.29999999999996,-185.4162229143592,-1.3999802222399673,-0.9674565884579169,-10.455035602741436,0.0,0.0,-26.11448004098524,-7.9270149878714875,-2.8035526475361,-5.820466953110904,-5.495776712790106,-14.899999347584528
1759,3500029.2112081535,19,35.000013982323104,35.000000000000036,291.90000000000026,0,0.0,0.7734291854371771,0.22657081456282294,2.1812249079685717e-40,200.0,61.29999999999996,-185.4162229143592,-1.3999802222399673,-0.9674565884579169,-10.455035602741436,0.0,0.0,-26.11448004098524,-7.9270149878714875,-2.8035526475361,-5.820466953110904,-5.495776712790106,-14.899999347584528
1760,3500029.2112081535,20,35.000013982323104,35.000000000000036,291.90000000000026,0,0.0,0.7734136671561838,0.22658633284381627,2.072163662570143e-40,200.0,61.29999999999996,-185.4162229143592,-1.3999802222399673,-0.9674565884579169,-10.455035602741436,0.0,0.0,-26.11448004098524,-7.9270149878714875,-2.8035526475361,-5.820466953110904,-5.495776712790106,-14.899999347584528
1761,3500029.2112081535,21,35.000013982323104,35.000000000000036,291.90000000000026,0,0.0,0.7733974572303355,0.22660254276966452,1.9685554794416358e-40,200.0,61.29999999999996,-185.4162229143592,-1.3999802222399673,-0.9674565884579169,-10.455035602741436,0.0,0.0,-26.11448004098524,-7.9270149878714875,-2.8035526475361,-5.820466953110904,-5.495776712790106,-14.899999347584528
1762,3500029.2112081535,22,35.000013982323104,35.000000000000036,291.90000000000026,0,0.0,0.773381641607158,0.22661835839284192,1.8701277054695538e-40,200.0,61.29999999999996,-185.4162229143592,-1.3999802222399673,-0.9674565884579169,-10.455035602741436,0.0,0.0,-26.11448004098524,-7.9270149878714875,-2.8035526475361,-5.820466953110904,-5.495776712790106,-14.899999347584528
1763,3500029.2112081535,23,35.000013982323104,35.000000000000036,291.90000000000026,0,0.0,0.7733682994361374,0.22663170056386261,1.776621320196076e-40,200.0,61.29999999999996,-185.4162229143592,-1.3999802222399673,-0.9674565884579169,-10.455035602741436,0.0,0.0,-26.11448004098524,-7.9270149878714875,-2.8035526475361,-5.820466953110904,-5.495776712790106,-14.899999347584528
1764,3500029.2112081535,24,35.000013982323104,35.000000000000036,291.90000000000026,0,0.0,0.7733541594001018,0.22664584059989817,1.6877902541862722e-40,200.0,61.29999999999996,-185.4162229143592,-1.3999802222399673,-0.9674565884579169,-10.455035602741436,0.0,0.0,-26.11448004098524,-7.9270149878714875,-2.8035526475361,-5.820466953110904,-5.495776712790106,-14.899999347584528
1765,3500029.2112081535,25,35.000013982323104,35.000000000000036,291.90000000000026,0,0.0,0.7733403109855603,0.22665968901443964,1.6034007414769585e-40,200.0,61.29999999999996,-185.4162229143592,-1.3999802222399673,-0.9674565884579169,-10.455035602741436,0.0,0.0,-26.11448004098524,-7.9270149878714875,-2.8035526475361,-5.820466953110904,-5.495776712790106,-14.899999347584528
1766,3500029.2112081535,26,35.000013982323104,35.000000000000036,291.90000000000026,0,0.0,0.7733251685622817,0.22667483143771833,1.5232307044031107e-40,200.0,61.29999999999996,-185.4162229143592,-1.3999802222399673,-0.9674565884579169,-10.455035602741436,0.0,0.0,-26.11448004098524,-7.9270149878714875,-2.8035526475361,-5.820466953110904,-5.495776712790106,-14.899999347584528
1767,3500029.2112081535,27,35.000013982323104,35.000000000000036,291.90000000000026,0,0.0,0.7733093223140379,0.22669067768596213,1.4470691691829552e-40,200.0,61.29999999999996,-185.4162229143592,-1.3999802222399673,-0.9674565884579169,-10.455035602741436,0.0,0.0,-26.11448004098524,-7.9270149878714875,-2.8035526475361,-5.820466953110904,-5.495776712790106,-14.899999347584528
1768,3500029.2112081535,28,35.000013982323104,35.000000000000036,291.90000000000026,0,0.0,0.7732943790970984,0.22670562090290156,1.3747157107238073e-40,200.0,61.29999999999996,-185.4162229143592,-1.3999802222399673,-0.9674565884579169,-10.455035602741436,0.0,0.0,-26.11448004098524,-7.9270149878714875,-2.8035526475361,-5.820466953110904,-5.495776712790106,-14.899999347584528
1769,3500029.2112081535,29,35.000013982323104,35.000000000000036,291.90000000000026,0,0.0,0.7732776778952406,0.22672232210475943,1.3059799251876169e-40,200.0,61.29999999999996,-185.4162229143592,-1.3999802222399673,-0.9674565884579169,-10.455035602741436,0.0,0.0,-26.11448004098524,-7.9270149878714875,-2.8035526475361,-5.820466953110904,-5.495776712790106,-14.899999347584528
1770,3500029.2112081535,30,35.000013982323104,35.000000000000036,291.90000000000026,0,0.0,0.7732619237361387,0.22673807626386128,1.240680928928236e-40,200.0,61.29999999999996,-185.4162229143592,-1.3999802222399673,-0.9674565884579169,-10.455035602741436,0.0,0.0,-26.11448004098524,-7.9270149878714875,-2.8035526475361,-5.820466953110904,-5.495776712790106,-14.899999347584528
1771,3500029.2112081535,31,35.000013982323104,35.000000000000036,291.90000000000026,0,0.0,0.7732449783965682,0.22675502160343175,1.1786468824818242e-40,200.0,61.29999999999996,-185.4162229143592,-1.3999802222399673,-0.9674565884579169,-10.455035602741436,0.0,0.0,-26.11448004098524,-7.9270149878714875,-2.8035526475361,-5.820466953110904,-5.495776712790106,-14.899999347584528
1772,3500029.2112081535,32,35.000013982323104,35.000000000000036,291.90000000000026,0,0.0,0.7732289932620706,0.2267710067379294,1.119714538357733e-40,200.0,61.29999999999996,-185.4162229143592,-1.3999802222399673,-0.9674565884579169,-10.455035602741436,0.0,0.0,-26.11448004098524,-7.9270149878714875,-2.8035526475361,-5.820466953110904,-5.495776712790106,-14.899999347584528
1773,3500029.2112081535,33,35.000013982323104,35.000000000000036,291.90000000000026,0,0.0,0.7732118313588181,0.22678816864118184,1.0637288114398462e-40,200.0,61.29999999999996,-185.4162229143592,-1.3999802222399673,-0.9674565884579169,-10.455035602741436,0.0,0.0,-26.11448004098524,-7.9270149878714875,-2.8035526475361,-5.820466953110904,-5.495776712790106,-14.899999347584528
1774,3500029.2112081535,34,35.000013982323104,35.000000000000036,291.90000000000026,0,0.0,0.7731930311870895,0.2268069688129106,1.010542370867854e-40,200.0,61.29999999999996,-185.4162229143592,-1.3999802222399673,-0.9674565884579169,-10.455035602741436,0.0,0.0,-26.11448004098524,-7.9270149878714875,-2.8035526475361,-5.820466953110904,-5.495776712790106,-14.899999347584528
1775,3500029.2112081535,35,35.000013982323104,35.000000000000036,291.90000000000026,0,0.0,0.7731758081068733,0.2268241918931268,9.600152523244613e-41,200.0,61.29999999999996,-185.4162229143592,-1.3999802222399673,-0.9674565884579169,-10.455035602741436,0.0,0.0,-26.11448004098524,-7.9270149878714875,-2.8035526475361,-5.820466953110904,-5.495776712790106,-14.899999347584528
1776,3500029.2112081535,36,35.000013982323104,35.000000000000036,291.90000000000026,0,0.0,0.7731553880355156,0.2268446119644844,9.120144897082383e-41,200.0,61.29999999999996,-185.4162229143592,-1.3999802222399673,-0.9674565884579169,-10.455035602741436,0.0,0.0,-26.11448004098524,-7.9270149878714875,-2.8035526475361,-5.820466953110904,-5.495776712790106,-14.899999347584528
1777,3500029.2112081535,37,35.000013982323104,35.000000000000036,291.90000000000026,0,0.0,0.7731334984413976,0.22686650155860255,8.664137652228263e-41,200.0,61.29999999999996,-185.4162229143592,-1.3999802222399673,-0.9674565884579169,-10.455035602741436,0.0,0.0,-26.11448004098524,-7.9270149878714875,-2.8035526475361,-5.820466953110904,-5.495776712790106,-14.899999347584528
1778,3500029.2112081535,38,35.000013982323104,35.000000000000036,291.90000000000026,0,0.0,0.7731159490899459,0.22688405091005423,8.23093076961685e-41,200.0,61.29999999999996,-185.4162229143592,-1.3999802222399673,-0.9674565884579169,-10.455035602741436,0.0,0.0,-26.11448004098524,-7.9270149878714875,-2.8035526475361,-5.820466953110904,-5.495776712790106,-14.899999347584528
1779,3500029.2112081535,39,35.000013982323104,35.000000000000036,291.90000000000026,0,0.0,0.7730983520643742,0.22690164793562592,7.819384231136006e-41,200.0,61.29999999999996,-185.4162229143592,-1.3999802222399673,-0.9674565884579169,-10.455035602741436,0.0,0.0,-26.11448004098524,-7.9270149878714875,-2.8035526475361,-5.820466953110904,-5.495776712790106,-14.899999347584528
1780,3500029.2112081535,40,35.000013982323104,35.000000000000036,291.90000000000026,0,0.0,0.7730801900340014,0.22691980996599864,7.428415019579205e-41,200.0,61.29999999999996,-185.4162229143592,-1.3999802222399673,-0.9674565884579169,-10.455035602741436,0.0,0.0,-26.11448004098524,-7.9270149878714875,-2.8035526475361,-5.820466953110904,-5.495776712790106,-14.899999347584528
1781,3500029.2112081535,41,35.000013982323104,35.000000000000036,291.90000000000026,0,0.0,0.7730609721480663,0.2269390278519337,7.056994268600244e-41,200.0,61.29999999999996,-185.4162229143592,-1.3999802222399673,-0.9674565884579169,-10.455035602741436,0.0,0.0,-26.11448004098524,-7.9270149878714875,-2.8035526475361,-5.820466953110904,-5.495776712790106,-14.899999347584528
1782,3500029.2112081535,42,35.000013982323104,35.000000000000036,291.90000000000026,0,0.0,0.7730397122401866,0.22696028775981336,6.704144555170232e-41,200.0,61.29999999999996,-185.4162229143592,-1.3999802222399673,-0.9674565884579169,-10.455035602741436,0.0,0.0,-26.11448004098524,-7.9270149878714875,-2.8035526475361,-5.820466953110904,-5.495776712790106,-14.899999347584528
1783,3500029.2112081535,43,35.000013982323104,35.000000000000036,291.90000000000026,0,0.0,0.7730180754338025,0.22698192456619742,6.36893732741172e-41,200.0,61.29999999999996,-185.4162229143592,-1.3999802222399673,-0.9674565884579169,-10.455035602741436,0.0,0.0,-26.11448004098524,-7.9270149878714875,-2.8035526475361,-5.820466953110904,-5.495776712790106,-14.899999347584528
1784,3500029.2112081535,44,35.000013982323104,35.000000000000036,291.90000000000026,0,0.0,0.7729934816446173,0.22700651835538263,6.050490461041133e-41,200.0,61.29999999999996,-185.4162229143592,-1.3999802222399673,-0.9674565884579169,-10.455035602741436,0.0,0.0,-26.11448004098524,-7.9270149878714875,-2.8035526475361,-5.820466953110904,-5.495776712790106,-14.899999347584528
1785,3500029.2112081535,45,35.000013982323104,35.000000000000036,291.90000000000026,0,0.0,0.7729728398959934,0.22702716010400653,5.747965937989076e-41,200.0,61.29999999999996,-185.4162229143592,-1.3999802222399673,-0.9674565884579169,-10.455035602741436,0.0,0.0,-26.11448004098524,-7.9270149878714875,-2.8035526475361,-5.820466953110904,-5.495776712790106,-14.899999347584528
1786,3500029.2112081535,46,35.000013982323104,35.000000000000036,291.90000000000026,0,0.0,0.772952832743186,0.2270471672568139,5.460567641089622e-41,200.0,61.29999999999996,-185.4162229143592,-1.3999802222399673,-0.9674565884579169,-10.455035602741436,0.0,0.0,-26.11448004098524,-7.9270149878714875,-2.8035526475361,-5.820466953110904,-5.495776712790106,-14.899999347584528
1787,3500029.2112081535,47,35.000013982323104,35.000000000000036,291.90000000000026,0,0.0,0.7729303134345695,0.2270696865654305,5.187539259035142e-41,200.0,61.29999999999996,-185.4162229143592,-1.3999802222399673,-0.9674565884579169,-10.455035602741436,0.0,0.0,-26.11448004098524,-7.9270149878714875,-2.8035526475361,-5.820466953110904,-5.495776712790106,-14.899999347584528
1788,3500029.2112081535,48,35.000013982323104,35.000000000000036,291.90000000000026,0,0.0,0.7729074868565434,0.22709251314345658,4.928162296083385e-41,200.0,61.29999999999996,-185.4162229143592,-1.3999802222399673,-0.9674565884579169,-10.455035602741436,0.0,0.0,-26.11448004098524,-7.9270149878714875,-2.8035526475361,-5.820466953110904,-5.495776712790106,-14.899999347584528
1789,3500029.2112081535,49,35.000013982323104,35.000000000000036,291.90000000000026,0,0.0,0.7728859263841208,0.22711407361587926,4.681754181279217e-41,200.0,61.29999999999996,-185.4162229143592,-1.3999802222399673,-0.9674565884579169,-10.455035602741436,0.0,0.0,-26.11448004098524,-7.9270149878714875,-2.8035526475361,-5.820466953110904,-5.495776712790106,-14.899999347584528
1790,3500029.2112081535,0,35.000013982323104,35.000000000000036,291.90000000000026,0,0.0,0.7728681608519319,0.2271318391480681,4.4476664722152554e-41,200.0,61.29999999999996,-185.4162229143592,-1.3999802222399673,-0.9674565884579169,-10.455035602741436,0.0,0.0,-26.11448004098524,-7.9270149878714875,-2.8035526475361,-5.820466953110904,-5.495776712790106,-14.899999347584528
1791,3500029.2112081535,1,35.000013982323104,35.000000000000036,291.90000000000026,0,0.0,0.7728508885041482,0.2271491114958518,4.225283148604492e-41,200.0,61.29999999999996,-185.4162229143592,-1.3999802222399673,-0.9674565884579169,-10.455035602741436,0.0,0.0,-26.11448004098524,-7.9270149878714875,-2.8035526475361,-5.820466953110904,-5.495776712790106,-14.899999347584528
1792,3500029.2112081535,2,35.000013982323104,35.000000000000036,291.90000000000026,0,0.0,0.7728361562318394,0.22716384376816057,4.0140189911742675e-41,200.0,61.29999999999996,-185.4162229143592,-1.3999802222399673,-0.9674565884579169,-10.455035602741436,0.0,0.0,-26.11448004098524,-7.9270149878714875,-2.8035526475361,-5.820466953110904,-5.495776712790106,-14.899999347584528
1793,3500029.2112081535,3,35.000013982323104,35.000000000000036,291.90000000000026,0,0.0,0.7728217652655367,0.22717823473446327,3.813318041615554e-41,200.0,61.29999999999996,-185.4162229143592,-1.3999802222399673,-0.9674565884579169,-10.455035602741436,0.0,0.0,-26.11448004098524,-7.9270149878714875,-2.8035526475361,-5.820466953110904,-5.495776712790106,-14.899999347584528
1794,3500029.2112081535,4,35.000013982323104,35.000000000000036,291.90000000000026,0,0.0,0.7728071817610309,0.22719281823896914,3.622652139534777e-41,200.0,61.29999999999996,-185.4162229143592,-1.3999802222399673,-0.9674565884579169,-10.455035602741436,0.0,0.0,-26.11448004098524,-7.9270149878714875,-2.8035526475361,-5.820466953110904,-5.495776712790106,-14.899999347584528
1795,3500029.2112081535,5,35.000013982323104,35.000000000000036,291.90000000000026,0,0.0,0.7727903480762193,0.22720965192378073,3.4415195325580376e-41,200.0,61.29999999999996,-185.4162229143592,-1.3999802222399673,-0.9674565884579169,-10.455035602741436,0.0,0.0,-26.11448004098524,-7.9270149878714875,-2.8035526475361,-5.820466953110904,-5.495776712790106,-14.899999347584528
1796,3500029.2112081535,6,35.000013982323104,35.000000000000036,291.90000000000026,0,0.0,0.7727734467667845,0.22722655323321556,3.269443555930136e-41,200.0,61.29999999999996,-185.4162229143592,-1.3999802222399673,-0.9674565884579169,-10.455035602741436,0.0,0.0,-26.11448004098524,-7.9270149878714875,-2.8035526475361,-5.820466953110904,-5.495776712790106,-14.899999347584528
1797,3500029.2112081535,7,35.000013982323104,35.000000000000036,291.90000000000026,0,0.0,0.7727559654732834,0.2272440345267166,3.105971378133629e-41,200.0,61.29999999999996,-185.4162229143592,-1.3999802222399673,-0.9674565884579169,-10.455035602741436,0.0,0.0,-26.11448004098524,-7.9270149878714875,-2.8035526475361,-5.820466953110904,-5.495776712790106,-14.899999347584528
1798,3500029.2112081535,8,35.000013982323104,35.000000000000036,291.90000000000026,0,0.0,0.772741032821184,0.22725896717881597,2.950672809226947e-41,200.0,61.29999999999996,-185.4162229143592,-1.3999802222399673,-0.9674565884579169,-10.455035602741436,0.0,0.0,-26.11448004098524,-7.9270149878714875,-2.8035526475361,-5.820466953110904,-5.495776712790106,-14.899999347584528
1799,3500029.2112081535,9,35.000013982323104,35.000000000000036,291.90000000000026,0,0.0,0.7727259393126351,0.22727406068736494,2.8031391687656e-41,200.0,61.29999999999996,-185.4162229143592,-1.3999802222399673,-0.9674565884579169,-10.455035602741436,0.0,0.0,-26.11448004098524,-7.9270149878714875,-2.8035526475361,-5.820466953110904,-5.495776712790106,-14.899999347584528
1800,3500029.2112081535,10,35.000013982323104,35.000000000000036,291.90000000000026,0,0.0,0.7727101780709699,0.2272898219290302,2.66298221032732e-41,200.0,61.29999999999996,-185.4162229143592,-1.3999802222399673,-0.9674565884579169,-10.455035602741436,0.0,0.0,-26.11448004098524,-7.9270149878714875,-2.8035526475361,-5.820466953110904,-5.495776712790106,-14.899999347584528
1801,3500029.2112081535,11,35.000013982323104,35.000000000000036,291.90000000000026,0,0.0,0.7726953306373828,0.22730466936261723,2.5298330998109537e-41,200.0,61.29999999999996,-185.4162229143592,-1.3999802222399673,-0.9674565884579169,-10.455035602741436,0.0,0.0,-26.11448004098524,-7.9270149878714875,-2.8035526475361,-5.820466953110904,-5.495776712790106,-14.899999347584528
1802,3500029.2112081535,12,35.000013982323104,35.000000000000036,291.90000000000026,0,0.0,0.7726782590536475,0.22732174094635255,2.403341444820406e-41,200.0,61.29999999999996,-185.4162229143592,-1.3999802222399673,-0.9674565884579169,-10.455035602741436,0.0,0.0,-26.11448004098524,-7.9270149878714875,-2.8035526475361,-5.820466953110904,-5.495776712790106,-14.899999347584528
1803,3500029.2112081535,13,35.000013982323104,35.000000000000036,291.90000000000026,0,0.0,0.772661137909501,0.22733886209049903,2.2831743725793854e-41,200.0,61.29999999999996,-185.4162229143592,-1.3999802222399673,-0.9674565884579169,-10.455035602741436,0.0,0.0,-26.11448004098524,-7.9270149878714875,-2.8035526475361,-5.820466953110904,-5.495776712790106,-14.899999347584528
1804,3500029.2112081535,14,35.000013982323104,35.000000000000036,291.90000000000026,0,0.0,0.7726439705921463,0.22735602940785365,2.169015653950416e-41,200.0,61.29999999999996,-185.4162229143592,-1.3999802222399673,-0.9674565884579169,-10.455035602741436,0.0,0.0,-26.11448004098524,-7.9270149878714875,-2.8035526475361,-5.820466953110904,-5.495776712790106,-14.899999347584528
1805,3500029.2112081535,15,35.000013982323104,35.000000000000036,291.90000000000026,0,0.0,0.7726272750545803,0.22737272494541966,2.060564871252895e-41,200.0,61.29999999999996,-185.4162229143592,-1.3999802222399673,-0.9674565884579169,-10.455035602741436,0.0,0.0,-26.11448004098524,-7.9270149878714875,-2.8035526475361,-5.820466953110904,-5.495776712790106,-14.899999347584528
1806,3500029.2112081535,16,35.000013982323104,35.000000000000036,291.90000000000026,0,0.0,0.7726099991412022,0.22739000085879782,1.9575366276902503e-41,200.0,61.29999999999996,-185.4162229143592,-1.3999802222399673,-0.9674565884579169,-10.455035602741436,0.0,0.0,-26.11448004098524,-7.9270149878714875,-2.8035526475361,-5.820466953110904,-5.495776712790106,-14.899999347584528
1807,3500029.2112081535,17,35.000013982323104,35.000000000000036,291.90000000000026,0,0.0,0.7725916588718527,0.22740834112814728,1.8596597963057377e-41,200.0,61.29999999999996,-185.4162229143592,-1.3999802222399673,-0.9674565884579169,-10.455035602741436,0.0,0.0,-26.11448004098524,-7.9270149878714875,-2.8035526475361,-5.820466953110904,-5.495776712790106,-14.899999347584528
1808,3500029.2112081535,18,35.000013982323104,35.000000000000036,291.90000000000026,0,0.0,0.7725723091684693,0.22742769083153067,1.7666768064904508e-41,200.0,61.29999999999996,-185.4162229143592,-1.3999802222399673,-0.9674565884579169,-10.455035602741436,0.0,0.0,-26.11448004098524,-7.9270149878714875,-2.8035526475361,-5.820466953110904,-5.495776712790106,-14.899999347584528
1809,3500029.2112081535,19,35.000013982323104,35.000000000000036,291.90000000000026,0,0.0,0.772552516202519,0.22744748379748114,1.6783429661659285e-41,200.0,61.29999999999996,-185.4162229143592,-1.3999802222399673,-0.9674565884579169,-10.455035602741436,0.0,0.0,-26.11448004098524,-7.9270149878714875,-2.8035526475361,-5.820466953110904,-5.495776712790106,-14.899999347584528
1810,3500029.2112081535,20,35.000013982323104,35.000000000000036,291.90000000000026,0,0.0,0.7725312758409872,0.22746872415901281,1.594425817857632e-41,200.0,61.29999999999996,-185.4162229143592,-1.3999802222399673,-0.9674565884579169,-10.455035602741436,0.0,0.0,-26.11448004098524,-7.9270149878714875,-2.8035526475361,-5.820466953110904,-5.495776712790106,-14.899999347584528
1811,3500029.2112081535,21,35.000013982323104,35.000000000000036,291.90000000000026,0,0.0,0.7725117441403079,0.22748825585969212,1.5147045269647504e-41,200.0,61.29999999999996,-185.4162229143592,-1.3999802222399673,-0.9674565884579169,-10.455035602741436,0.0,0.0,-26.11448004098524,-7.9270149878714875,-2.8035526475361,-5.820466953110904,-5.495776712790106,-14.899999347584528
1812,3500029.2112081535,22,35.000013982323104,35.000000000000036,291.90000000000026,0,0.0,0.7724933216891707,0.22750667831082927,1.438969300616513e-41,200.0,61.29999999999996,-185.4162229143592,-1.3999802222399673,-0.9674565884579169,-10.455035602741436,0.0,0.0,-26.11448004098524,-7.9270149878714875,-2.8035526475361,-5.820466953110904,-5.495776712790106,-14.899999347584528
1813,3500029.2112081535,23,35.000013982323104,35.000000000000036,291.90000000000026,0,0.0,0.7724800553752139,0.22751994462478614,1.3670208355856874e-41,200.0,61.29999999999996,-185.4162229143592,-1.3999802222399673,-0.9674565884579169,-10.455035602741436,0.0,0.0,-26.11448004098524,-7.9270149878714875,-2.8035526475361,-5.820466953110904,-5.495776712790106,-14.899999347584528
1814,3500029.2112081535,24,35.000013982323104,35.000000000000036,291.90000000000026,0,0.0,0.7724691194629625,0.22753088053703746,1.298669793806403e-41,200.0,61.29999999999996,-185.4162229143592,-1.3999802222399673,-0.9674565884579169,-10.455035602741436,0.0,0.0,-26.11448004098524,-7.9270149878714875,-2.8035526475361,-5.820466953110904,-5.495776712790106,-14.899999347584528
1815,3500029.2112081535,25,35.000013982323104,35.000000000000036,291.90000000000026,0,0.0,0.7724578352721385,0.22754216472786148,1.233736304116083e-41,200.0,61.29999999999996,-185.4162229143592,-1.3999802222399673,-0.9674565884579169,-10.455035602741436,0.0,0.0,-26.11448004098524,-7.9270149878714875,-2.8035526475361,-5.820466953110904,-5.495776712790106,-14.899999347584528
1816,3500029.2112081535,26,35.000013982323104,35.000000000000036,291.90000000000026,0,0.0,0.7724467329425058,0.22755326705749435,1.1720494889102792e-41,200.0,61.29999999999996,-185.4162229143592,-1.3999802222399673,-0.9674565884579169,-10.455035602741436,0.0,0.0,-26.11448004098524,-7.9270149878714875,-2.8035526475361,-5.820466953110904,-5.495776712790106,-14.899999347584528
1817,3500029.2112081535,27,35.000013982323104,35.000000000000036,291.90000000000026,0,0.0,0.7724363153262166,0.2275636846737835,1.1134470144647652e-41,200.0,61.29999999999996,-185.4162229143592,-1.3999802222399673,-0.9674565884579169,-10.455035602741436,0.0,0.0,-26.11448004098524,-7.9270149878714875,-2.8035526475361,-5.820466953110904,-5.495776712790106,-14.899999347584528
1818,3500029.2112081535,28,35.000013982323104,35.000000000000036,291.90000000000026,0,0.0,0.7724255255122948,0.22757447448770524,1.0577746637415268e-41,200.0,61.29999999999996,-185.4162229143592,-1.3999802222399673,-0.9674565884579169,-10.455035602741436,0.0,0.0,-26.11448004098524,-7.9270149878714875,-2.8035526475361,-5.820466953110904,-5.495776712790106,-14.899999347584528
1819,3500029.2112081535,29,35.000013982323104,35.000000000000036,291.90000000000026,0,0.0,0.7724123384872208,0.2275876615127792,1.0048859305544505e-41,200.0,61.29999999999996,-185.4162229143592,-1.3999802222399673,-0.9674565884579169,-10.455035602741436,0.0,0.0,-26.11448004098524,-7.9270149878714875,-2.8035526475361,-5.820466953110904,-5.495776712790106,-14.899999347584528
1820,3500029.2112081535,30,35.000013982323104,35.000000000000036,291.90000000000026,0,0.0,0.7723973874070253,0.22760261259297473,9.546416340267279e-42,200.0,61.29999999999996,-185.4162229143592,-1.3999802222399673,-0.9674565884579169,-10.455035602741436,0.0,0.0,-26.11448004098524,-7.9270149878714875,-2.8035526475361,-5.820466953110904,-5.495776712790106,-14.899999347584528
1821,3500029.2112081535,31,35.000013982323104,35.000000000000036,291.90000000000026,0,0.0,0.7723843381289083,0.2276156618710917,9.069095523253915e-42,200.0,61.29999999999996,-185.4162229143592,-1.3999802222399673,-0.9674565884579169,-10.455035602741436,0.0,0.0,-26.11448004098524,-7.9270149878714875,-2.8035526475361,-5.820466953110904,-5.495776712790106,-14.899999347584528
1822,3500029.2112081535,32,35.000013982323104,35.000000000000036,291.90000000000026,0,0.0,0.7723700314683918,0.22762996853160825,8.61564074709122e-42,200.0,61.29999999999996,-185.4162229143592,-1.3999802222399673,-0.9674565884579169,-10.455035602741436,0.0,0.0,-26.11448004098524,-7.9270149878714875,-2.8035526475361,-5.820466953110904,-5.495776712790106,-14.899999347584528
1823,3500029.2112081535,33,35.000013982323104,35.000000000000036,291.90000000000026,0,0.0,0.7723565732032315,0.22764342679676847,8.184858709736659e-42,200.0,61.29999999999996,-185.4162229143592,-1.3999802222399673,-0.9674565884579169,-10.455035602741436,0.0,0.0,-26.11448004098524,-7.9270149878714875,-2.8035526475361,-5.820466953110904,-5.495776712790106,-14.899999347584528
1824,3500029.2112081535,34,35.000013982323104,35.000000000000036,291.90000000000026,0,0.0,0.7723449406209494,0.22765505937905062,7.775615774249826e-42,200.0,61.29999999999996,-185.4162229143592,-1.3999802222399673,-0.9674565884579169,-10.455035602741436,0.0,0.0,-26.11448004098524,-7.9270149878714875,-2.8035526475361,-5.820466953110904,-5.495776712790106,-14.899999347584528
1825,3500029.2112081535,35,35.000013982323104,35.000000000000036,291.90000000000026,0,0.0,0.7723365695196818,0.22766343048031817,7.386834985537334e-42,200.0,61.29999999999996,-185.4162229143592,-1.3999802222399673,-0.9674565884579169,-10.455035602741436,0.0,0.0,-26.11448004098524,-7.9270149878714875,-2.8035526475361,-5.820466953110904,-5.495776712790106,-14.899999347584528
1826,3500029.2112081535,36,35.000013982323104,35.000000000000036,291.90000000000026,0,0.0,0.7723246732515893,0.22767532674841076,7.017493236260468e-42,200.0,61.29999999999996,-185.4162229143592,-1.3999802222399673,-0.9674565884579169,-10.455035602741436,0.0,0.0,-26.11448004098524,-7.9270149878714875,-2.8035526475361,-5.820466953110904,-5.495776712790106,-14.899999347584528
1827,3500029.2112081535,37,35.000013982323104,35.000000000000036,291.90000000000026,0,0.0,0.772314522742815,0.22768547725718496,6.666618574447445e-42,200.0,61.29999999999996,-185.4162229143592,-1.3999802222399673,-0.9674565884579169,-10.455035602741436,0.0,0.0,-26.11448004098524,-7.9270149878714875,-2.8035526475361,-5.820466953110904,-5.495776712790106,-14.899999347584528
1828,3500029.2112081535,38,35.000013982323104,35.000000000000036,291.90000000000026,0,0.0,0.7723034853283337,0.2276965146716664,6.333287645725074e-42,200.0,61.29999999999996,-185.4162229143592,-1.3999802222399673,-0.9674565884579169,-10.455035602741436,0.0,0.0,-26.11448004098524,-7.9270149878714875,-2.8035526475361,-5.820466953110904,-5.495776712790106,-14.899999347584528
1829,3500029.2112081535,39,35.000013982323104,35.000000000000036,291.90000000000026,0,0.0,0.7722905892512675,0.22770941074873238,6.016623263438818e-42,200.0,61.29999999999996,-185.4162229143592,-1.3999802222399673,-0.9674565884579169,-10.455035602741436,0.0,0.0,-26.11448004098524,-7.9270149878714875,-2.8035526475361,-5.820466953110904,-5.495776712790106,-14.899999347584528
1830,3500029.2112081535,40,35.000013982323104,35.000000000000036,291.90000000000026,0,0.0,0.7722774550624896,0.22772254493751043,5.715792100266878e-42,200.0,61.29999999999996,-185.4162229143592,-1.3999802222399673,-0.9674565884579169,-10.455035602741436,0.0,0.0,-26.11448004098524,-7.9270149878714875,-2.8035526475361,-5.820466953110904,-5.495776712790106,-14.899999347584528
1831,3500029.2112081535,41,35.000013982323104,35.000000000000036,291.90000000000026,0,0.0,0.7722651120438886,0.22773488795611144,5.4300024952535345e-42,200.0,61.29999999999996,-185.4162229143592,-1.3999802222399673,-0.9674565884579169,-10.455035602741436,0.0,0.0,-26.11448004098524,-7.9270149878714875,-2.8035526475361,-5.820466953110904,-5.495776712790106,-14.899999347584528
1832,3500029.2112081535,42,35.000013982323104,35.000000000000036,291.90000000000026,0,0.0,0.7722535204875004,0.22774647951249966,5.1585023704908575e-42,200.0,61.29999999999996,-185.4162229143592,-1.3999802222399673,-0.9674565884579169,-10.455035602741436,0.0,0.0,-26.11448004098524,-7.9270149878714875,-2.8035526475361,-5.820466953110904,-5.495776712790106,-14.899999347584528
1833,3500029.2112081535,43,35.000013982323104,35.000000000000036,291.90000000000026,0,0.0,0.7722390883997969,0.22776091160020306,4.9005772519663145e-42,200.0,61.29999999999996,-185.4162229143592,-1.3999802222399673,-0.9674565884579169,-10.455035602741436,0.0,0.0,-26.11448004098524,-7.9270149878714875,-2.8035526475361,-5.820466953110904,-5.495776712790106,-14.899999347584528
1834,3500029.2112081535,44,35.000013982323104,35.000000000000036,291.90000000000026,0,0.0,0.7722255139311186,0.22777448606888145,4.6555483893679995e-42,200.0,61.29999999999996,-185.4162229143592,-1.3999802222399673,-0.9674565884579169,-10.455035602741436,0.0,0.0,-26.11448004098524,-7.9270149878714875,-2.8035526475361,-5.820466953110904,-5.495776712790106,-14.899999347584528
1835,3500029.2112081535,45,35.000013982323104,35.000000000000036,291.90000000000026,0,0.0,0.7722122467470809,0.22778775325291914,4.422770969899599e-42,200.0,61.29999999999996,-185.4162229143592,-1.3999802222399673,-0.9674565884579169,-10.455035602741436,0.0,0.0,-26.11448004098524,-7.9270149878714875,-2.8035526475361,-5.820466953110904,-5.495776712790106,-14.899999347584528
1836,3500029.2112081535,46,35.000013982323104,35.000000000000036,291.90000000000026,0,0.0,0.7721972433820485,0.22780275661795152,4.201632421404619e-42,200.0,61.29999999999996,-185.4162229143592,-1.3999802222399673,-0.9674565884579169,-10.455035602741436,0.0,0.0,-26.11448004098524,-7.9270149878714875,-2.8035526475361,-5.820466953110904,-5.495776712790106,-14.899999347584528
1837,3500029.2112081535,47,35.000013982323104,35.000000000000036,291.90000000000026,0,0.0,0.7721826205457949,0.22781737945420513,3.991550800334388e-42,200.0,61.29999999999996,-185.4162229143592,-1.3999802222399673,-0.9674565884579169,-10.455035602741436,0.0,0.0,-26.11448004098524,-7.9270149878714875,-2.8035526475361,-5.820466953110904,-5.495776712790106,-14.899999347584528
1838,3500029.2112081535,48,35.000013982323104,35.000000000000036,291.90000000000026,0,0.0,0.7721688662578331,0.22783113374216687,3.791973260317668e-42,200.0,61.29999999999996,-185.4162229143592,-1.3999802222399673,-0.9674565884579169,-10.455035602741436,0.0,0.0,-26.11448004098524,-7.9270149878714875,-2.8035526475361,-5.820466953110904,-5.495776712790106,-14.899999347584528
1839,3500029.2112081535,49,35.000013982323104,35.000000000000036,291.90000000000026,0,0.0,0.772153404769208,0.227846595230792,3.6023745973017853e-42,200.0,61.29999999999996,-185.4162229143592,-1.3999802222399673,-0.9674565884579169,-10.455035602741436,0.0,0.0,-26.11448004098524,-7.9270149878714875,-2.8035526475361,-5.820466953110904,-5.495776712790106,-14.899999347584528
1840,3500029.2112081535,0,35.000013982323104,35.000000000000036,291.90000000000026,0,0.0,0.7721388548795712,0.22786114512042877,3.422255867436696e-42,200.0,61.29999999999996,-185.4162229143592,-1.3999802222399673,-0.9674565884579169,-10.455035602741436,0.0,0.0,-26.11448004098524,-7.9270149878714875,-2.8035526475361,-5.820466953110904,-5.495776712790106,-14.899999347584528
1841,3500029.2112081535,1,35.000013982323104,35.000000000000036,291.90000000000026,0,0.0,0.7721236528988392,0.22787634710116073,3.251143074064861e-42,200.0,61.29999999999996,-185.4162229143592,-1.3999802222399673,-0.9674565884579169,-10.455035602741436,0.0,0.0,-26.11448004098524,-7.9270149878714875,-2.8035526475361,-5.820466953110904,-5.495776712790106,-14.899999347584528
1842,3500029.2112081535,2,35.000013982323104,35.000000000000036,291.90000000000026,0,0.0,0.7721078327116758,0.22789216728832412,3.088585920361618e-42,200.0,61.29999999999996,-185.4162229143592,-1.3999802222399673,-0.9674565884579169,-10.455035602741436,0.0,0.0,-26.11448004098524,-7.9270149878714875,-2.8035526475361,-5.820466953110904,-5.495776712790106,-14.899999347584528
1843,3500029.2112081535,3,35.000013982323104,35.000000000000036,291.90000000000026,0,0.0,0.7720934488394946,0.2279065511605055,2.9341566243435374e-42,200.0,61.29999999999996,-185.4162229143592,-1.3999802222399673,-0.9674565884579169,-10.455035602741436,0.0,0.0,-26.11448004098524,-7.9270149878714875,-2.8035526475361,-5.820466953110904,-5.495776712790106,-14.899999347584528
1844,3500029.2112081535,4,35.000013982323104,35.000000000000036,291.90000000000026,0,0.0,0.7720809339099535,0.2279190660900466,2.7874487931263604e-42,200.0,61.29999999999996,-185.4162229143592,-1.3999802222399673,-0.9674565884579169,-10.455035602741436,0.0,0.0,-26.11448004098524,-7.9270149878714875,-2.8035526475361,-5.820466953110904,-5.495776712790106,-14.899999347584528
1845,3500029.2112081535,5,35.000013982323104,35.000000000000036,291.90000000000026,0,0.0,0.7720676685116155,0.2279323314883844,2.6480763534700417e-42,200.0,61.29999999999996,-185.4162229143592,-1.3999802222399673,-0.9674565884579169,-10.455035602741436,0.0,0.0,-26.11448004098524,-7.9270149878714875,-2.8035526475361,-5.820466953110904,-5.495776712790106,-14.899999347584528
1846,3500029.2112081535,6,35.000013982323104,35.000000000000036,291.90000000000026,0,0.0,0.7720592423605322,0.22794075763946783,2.51567253579654e-42,200.0,61.29999999999996,-185.4162229143592,-1.3999802222399673,-0.9674565884579169,-10.455035602741436,0.0,0.0,-26.11448004098524,-7.9270149878714875,-2.8035526475361,-5.820466953110904,-5.495776712790106,-14.899999347584528
1847,3500029.2112081535,7,35.000013982323104,35.000000000000036,291.90000000000026,0,0.0,0.7720503659852376,0.22794963401476254,2.389888909006713e-42,200.0,61.29999999999996,-185.4162229143592,-1.3999802222399673,-0.9674565884579169,-10.455035602741436,0.0,0.0,-26.11448004098524,-7.9270149878714875,-2.8035526475361,-5.820466953110904,-5.495776712790106,-14.899999347584528
1848,3500029.2112081535,8,35.000013982323104,35.000000000000036,291.90000000000026,0,0.0,0.7720395505612795,0.22796044943872062,2.2703944635563773e-42,200.0,61.29999999999996,-185.4162229143592,-1.3999802222399673,-0.9674565884579169,-10.455035602741436,0.0,0.0,-26.11448004098524,-7.9270149878714875,-2.8035526475361,-5.820466953110904,-5.495776712790106,-14.899999347584528
1849,3500029.2112081535,9,35.000013982323104,35.000000000000036,291.90000000000026,0,0.0,0.7720304220663801,0.22796957793362,2.1568747403785582e-42,200.0,61.29999999999996,-185.4162229143592,-1.3999802222399673,-0.9674565884579169,-10.455035602741436,0.0,0.0,-26.11448004098524,-7.9270149878714875,-2.8035526475361,-5.820466953110904,-5.495776712790106,-14.899999347584528
1850,3500029.2112081535,10,35.000013982323104,35.000000000000036,291.90000000000026,0,0.0,0.7720198736601568,0.2279801263398432,2.04903100335963e-42,200.0,61.29999999999996,-185.4162229143592,-1.3999802222399673,-0.9674565884579169,-10.455035602741436,0.0,0.0,-26.11448004098524,-7.9270149878714875,-2.8035526475361,-5.820466953110904,-5.495776712790106,-14.899999347584528
1851,3500029.2112081535,11,35.000013982323104,35.000000000000036,291.90000000000026,0,0.0,0.7720104948038632,0.2279895051961368,1.9465794531916487e-42,200.0,61.29999999999996,-185.4162229143592,-1.3999802222399673,-0.9674565884579169,-10.455035602741436,0.0,0.0,-26.11448004098524,-7.9270149878714875,-2.8035526475361,-5.820466953110904,-5.495776712790106,-14.899999347584528
1852,3500029.2112081535,12,35.000013982323104,35.000000000000036,291.90000000000026,0,0.0,0.7719992078381388,0.22800079216186117,1.8492504805320662e-42,200.0,61.29999999999996,-185.4162229143592,-1.3999802222399673,-0.9674565884579169,-10.455035602741436,0.0,0.0,-26.11448004098524,-7.9270149878714875,-2.8035526475361,-5.820466953110904,-5.495776712790106,-14.899999347584528
1853,3500029.2112081535,13,35.000013982323104,35.000000000000036,291.90000000000026,0,0.0,0.7719871160809401,0.22801288391905994,1.756787956505463e-42,200.0,61.29999999999996,-185.4162229143592,-1.3999802222399673,-0.9674565884579169,-10.455035602741436,0.0,0.0,-26.11448004098524,-7.9270149878714875,-2.8035526475361,-5.820466953110904,-5.495776712790106,-14.899999347584528
1854,3500029.2112081535,14,35.000013982323104,35.000000000000036,291.90000000000026,0,0.0,0.7719742610342906,0.2280257389657095,1.66894855868019e-42,200.0,61.29999999999996,-185.4162229143592,-1.3999802222399673,-0.9674565884579169,-10.455035602741436,0.0,0.0,-26.11448004098524,-7.9270149878714875,-2.8035526475361,-5.820466953110904,-5.495776712790106,-14.899999347584528
1855,3500029.2112081535,15,35.000013982323104,35.000000000000036,291.90000000000026,0,0.0,0.7719606821233674,0.22803931787663256,1.5855011307461805e-42,200.0,61.29999999999996,-185.4162229143592,-1.3999802222399673,-0.9674565884579169,-10.455035602741436,0.0,0.0,-26.11448004098524,-7.9270149878714875,-2.8035526475361,-5.820466953110904,-5.495776712790106,-14.899999347584528
1856,3500029.2112081535,16,35.000013982323104,35.000000000000036,291.90000000000026,0,0.0,0.7719484261489749,0.2280515738510252,1.5062260742088714e-42,200.0,61.29999999999996,-185.4162229143592,-1.3999802222399673,-0.9674565884579169,-10.455035602741436,0.0,0.0,-26.11448004098524,-7.9270149878714875,-2.8035526475361,-5.820466953110904,-5.495776712790106,-14.899999347584528
1857,3500029.2112081535,17,35.000013982323104,35.000000000000036,291.90000000000026,0,0.0,0.7719344138757432,0.22806558612425673,1.4309147704984278e-42,200.0,61.29999999999996,-185.4162229143592,-1.3999802222399673,-0.9674565884579169,-10.455035602741436,0.0,0.0,-26.11448004098524,-7.9270149878714875,-2.8035526475361,-5.820466953110904,-5.495776712790106,-14.899999347584528
1858,3500029.2112081535,18,35.000013982323104,35.000000000000036,291.90000000000026,0,0.0,0.7719197389894153,0.22808026101058462,1.3593690319735063e-42,200.0,61.29999999999996,-185.4162229143592,-1.3999802222399673,-0.9674565884579169,-10.455035602741436,0.0,0.0,-26.11448004098524,-7.9270149878714875,-2.8035526475361,-5.820466953110904,-5.495776712790106,-14.899999347584528
1859,3500029.2112081535,19,35.000013982323104,35.000000000000036,291.90000000000026,0,0.0,0.7719039340954054,0.22809606590459458,1.291400580374831e-42,200.0,61.29999999999996,-185.4162229143592,-1.3999802222399673,-0.9674565884579169,-10.455035602741436,0.0,0.0,-26.11448004098524,-7.9270149878714875,-2.8035526475361,-5.820466953110904,-5.495776712790106,-14.899999347584528
1860,3500029.2112081535,20,35.000013982323104,35.000000000000036,291.90000000000026,0,0.0,0.7718885620640574,0.22811143793594252,1.2268305513560894e-42,200.0,61.29999999999996,-185.4162229143592,-1.3999802222399673,-0.9674565884579169,-10.455035602741436,0.0,0.0,-26.11448004098524,-7.9270149878714875,-2.8035526475361,-5.820466953110904,-5.495776712790106,-14.899999347584528
1861,3500029.2112081535,21,35.000013982323104,35.000000000000036,291.90000000000026,0,0.0,0.771870091835545,0.22812990816445497,1.1654890237882848e-42,200.0,61.29999999999996,-185.4162229143592,-1.3999802222399673,-0.9674565884579169,-10.455035602741436,0.0,0.0,-26.11448004098524,-7.9270149878714875,-2.8035526475361,-5.820466953110904,-5.495776712790106,-14.899999347584528
1862,3500029.2112081535,22,35.000013982323104,35.000000000000036,291.90000000000026,0,0.0,0.7718506863331966,0.22814931366680336,1.1072145725988705e-42,200.0,61.29999999999996,-185.4162229143592,-1.3999802222399673,-0.9674565884579169,-10.455035602741436,0.0,0.0,-26.11448004098524,-7.9270149878714875,-2.8035526475361,-5.820466953110904,-5.495776712790106,-14.899999347584528
1863,3500029.2112081535,23,35.000013982323104,35.000000000000036,291.90000000000026,0,0.0,0.7718298927239631,0.22817010727603698,1.051853843968927e-42,200.0,61.29999999999996,-185.4162229143592,-1.3999802222399673,-0.9674565884579169,-10.455035602741436,0.0,0.0,-26.11448004098524,-7.9270149878714875,-2.8035526475361,-5.820466953110904,-5.495776712790106,-14.899999347584528
1864,3500029.2112081535,24,35.000013982323104,35.000000000000036,291.90000000000026,0,0.0,0.7718097863767864,0.22819021362321365,9.992611517704807e-43,200.0,61.29999999999996,-185.4162229143592,-1.3999802222399673,-0.9674565884579169,-10.455035602741436,0.0,0.0,-26.11448004098524,-7.9270149878714875,-2.8035526475361,-5.820466953110904,-5.495776712790106,-14.899999347584528
1865,3500029.2112081535,25,35.000013982323104,35.000000000000036,291.90000000000026,0,0.0,0.7717913346567807,0.22820866534321932,9.492980941819567e-43,200.0,61.29999999999996,-185.4162229143592,-1.3999802222399673,-0.9674565884579169,-10.455035602741436,0.0,0.0,-26.11448004098524,-7.9270149878714875,-2.8035526475361,-5.820466953110904,-5.495776712790106,-14.899999347584528
1866,3500029.2112081535,26,35.000013982323104,35.000000000000036,291.90000000000026,0,0.0,0.7717714514860178,0.22822854851398222,9.018331894728588e-43,200.0,61.29999999999996,-185.4162229143592,-1.3999802222399673,-0.9674565884579169,-10.455035602741436,0.0,0.0,-26.11448004098524,-7.9270149878714875,-2.8035526475361,-5.820466953110904,-5.495776712790106,-14.899999347584528
1867,3500029.2112081535,27,35.000013982323104,35.000000000000036,291.90000000000026,0,0.0,0.7717512110403788,0.2282487889596212,8.567415299992157e-43,200.0,61.29999999999996,-185.4162229143592,-1.3999802222399673,-0.9674565884579169,-10.455035602741436,0.0,0.0,-26.11448004098524,-7.9270149878714875,-2.8035526475361,-5.820466953110904,-5.495776712790106,-14.899999347584528
1868,3500029.2112081535,28,35.000013982323104,35.000000000000036,291.90000000000026,0,0.0,0.7717306324217756,0.2282693675782243,8.139044534992549e-43,200.0,61.29999999999996,-185.4162229143592,-1.3999802222399673,-0.9674565884579169,-10.455035602741436,0.0,0.0,-26.11448004098524,-7.9270149878714875,-2.8035526475361,-5.820466953110904,-5.495776712790106,-14.899999347584528
1869,3500029.2112081535,29,35.000013982323104,35.000000000000036,291.90000000000026,0,0.0,0.7717092338081046,0.22829076619189548,7.732092308242923e-43,200.0,61.29999999999996,-185.4162229143592,-1.3999802222399673,-0.9674565884579169,-10.455035602741436,0.0,0.0,-26.11448004098524,-7.9270149878714875,-2.8035526475361,-5.820466953110904,-5.495776712790106,-14.899999347584528
1870,3500029.2112081535,30,35.000013982323104,35.000000000000036,291.90000000000026,0,0.0,0.7716890568362261,0.22831094316377373,7.345487692830774e-43,200.0,61.29999999999996,-185.4162229143592,-1.3999802222399673,-0.9674565884579169,-10.455035602741436,0.0,0.0,-26.11448004098524,-7.9270149878714875,-2.8035526475361,-5.820466953110904,-5.495776712790106,-14.899999347584528
1871,3500029.2112081535,31,35.000013982323104,35.000000000000036,291.90000000000026,0,0.0,0.7716710390555279,0.22832896094447214,6.978213308189237e-43,200.0,61.29999999999996,-185.4162229143592,-1.3999802222399673,-0.9674565884579169,-10.455035602741436,0.0,0.0,-26.11448004098524,-7.9270149878714875,-2.8035526475361,-5.820466953110904,-5.495776712790106,-14.899999347584528
1872,3500029.2112081535,32,35.000013982323104,35.000000000000036,291.90000000000026,0,0.0,0.771655570137612,0.22834442986238807,6.629302642779775e-43,200.0,61.29999999999996,-185.4162229143592,-1.3999802222399673,-0.9674565884579169,-10.455035602741436,0.0,0.0,-26.11448004098524,-7.9270149878714875,-2.8035526475361,-5.820466953110904,-5.495776712790106,-14.899999347584528
1873,3500029.2112081535,33,35.000013982323104,35.000000000000036,291.90000000000026,0,0.0,0.7716415232142344,0.22835847678576565,6.297837510640786e-43,200.0,61.29999999999996,-185.4162229143592,-1.3999802222399673,-0.9674565884579169,-10.455035602741436,0.0,0.0,-26.11448004098524,-7.9270149878714875,-2.8035526475361,-5.820466953110904,-5.495776712790106,-14.899999347584528
1874,3500029.2112081535,34,35.000013982323104,35.000000000000036,291.90000000000026,0,0.0,0.7716273311265104,0.22837266887348967,5.9829456351087466e-43,200.0,61.29999999999996,-185.4162229143592,-1.3999802222399673,-0.9674565884579169,-10.455035602741436,0.0,0.0,-26.11448004098524,-7.9270149878714875,-2.8035526475361,-5.820466953110904,-5.495776712790106,-14.899999347584528
1875,3500029.2112081535,35,35.000013982323104,35.000000000000036,291.90000000000026,0,0.0,0.771614994782059,0.22838500521794108,5.68379835335331e-43,200.0,61.29999999999996,-185.4162229143592,-1.3999802222399673,-0.9674565884579169,-10.455035602741436,0.0,0.0,-26.11448004098524,-7.9270149878714875,-2.8035526475361,-5.820466953110904,-5.495776712790106,-14.899999347584528
1876,3500029.2112081535,36,35.000013982323104,35.000000000000036,291.90000000000026,0,0.0,0.771601930575196,0.22839806942480398,5.399608435685644e-43,200.0,61.29999999999996,-185.4162229143592,-1.3999802222399673,-0.9674565884579169,-10.455035602741436,0.0,0.0,-26.11448004098524,-7.9270149878714875,-2.8035526475361,-5.820466953110904,-5.495776712790106,-14.899999347584528
1877,3500029.2112081535,37,35.000013982323104,35.000000000000036,291.90000000000026,0,0.0,0.7715866826764942,0.22841331732350578,5.1296280139013625e-43,200.0,61.29999999999996,-185.4162229143592,-1.3999802222399673,-0.9674565884579169,-10.455035602741436,0.0,0.0,-26.11448004098524,-7.9270149878714875,-2.8035526475361,-5.820466953110904,-5.495776712790106,-14.899999347584528
1878,3500029.2112081535,38,35.000013982323104,35.000000000000036,291.90000000000026,0,0.0,0.7715708555066926,0.22842914449330737,4.873146613206294e-43,200.0,61.29999999999996,-185.4162229143592,-1.3999802222399673,-0.9674565884579169,-10.455035602741436,0.0,0.0,-26.11448004098524,-7.9270149878714875,-2.8035526475361,-5.820466953110904,-5.495776712790106,-14.899999347584528
1879,3500029.2112081535,39,35.000013982323104,35.000000000000036,291.90000000000026,0,0.0,0.7715564689574956,0.22844353104250442,4.62948928254598e-43,200.0,61.29999999999996,-185.4162229143592,-1.3999802222399673,-0.9674565884579169,-10.455035602741436,0.0,0.0,-26.11448004098524,-7.9270149878714875,-2.8035526475361,-5.820466953110904,-5.495776712790106,-14.899999347584528
1880,3500029.2112081535,40,35.000013982323104,35.000000000000036,291.90000000000026,0,0.0,0.7715439473058944,0.22845605269410563,4.398014818418681e-43,200.0,61.29999999999996,-185.4162229143592,-1.3999802222399673,-0.9674565884579169,-10.455035602741436,0.0,0.0,-26.11448004098524,-7.9270149878714875,-2.8035526475361,-5.820466953110904,-5.495776712790106,-14.899999347584528
1881,3500029.2112081535,41,35.000013982323104,35.000000000000036,291.90000000000026,0,0.0,0.771531208882425,0.22846879111757498,4.1781140774977464e-43,200.0,61.29999999999996,-185.4162229143592,-1.3999802222399673,-0.9674565884579169,-10.455035602741436,0.0,0.0,-26.11448004098524,-7.9270149878714875,-2.8035526475361,-5.820466953110904,-5.495776712790106,-14.899999347584528
1882,3500029.2112081535,42,35.000013982323104,35.000000000000036,291.90000000000026,0,0.0,0.7715192584918112,0.22848074150818878,3.96920837362286e-43,200.0,61.29999999999996,-185.4162229143592,-1.3999802222399673,-0.9674565884579169,-10.455035602741436,0.0,0.0,-26.11448004098524,-7.9270149878714875,-2.8035526475361,-5.820466953110904,-5.495776712790106,-14.899999347584528
1883,3500029.2112081535,43,35.000013982323104,35.000000000000036,291.90000000000026,0,0.0,0.7715070639651643,0.22849293603483567,3.770747954941718e-43,200.0,61.29999999999996,-185.4162229143592,-1.3999802222399673,-0.9674565884579169,-10.455035602741436,0.0,0.0,-26.11448004098524,-7.9270149878714875,-2.8035526475361,-5.820466953110904,-5.495776712790106,-14.899999347584528
1884,3500029.2112081535,44,35.000013982323104,35.000000000000036,291.90000000000026,0,0.0,0.7714961265386392,0.2285038734613608,3.582210557194632e-43,200.0,61.29999999999996,-185.4162229143592,-1.3999802222399673,-0.9674565884579169,-10.455035602741436,0.0,0.0,-26.11448004098524,-7.9270149878714875,-2.8035526475361,-5.820466953110904,-5.495776712790106,-14.899999347584528
1885,3500029.2112081535,45,35.000013982323104,35.000000000000036,291.90000000000026,0,0.0,0.7714863826188116,0.2285136173811883,3.4031000293349e-43,200.0,61.29999999999996,-185.4162229143592,-1.3999802222399673,-0.9674565884579169,-10.455035602741436,0.0,0.0,-26.11448004098524,-7.9270149878714875,-2.8035526475361,-5.820466953110904,-5.495776712790106,-14.899999347584528
1886,3500029.2112081535,46,35.000013982323104,35.000000000000036,291.90000000000026,0,0.0,0.7714767808844946,0.22852321911550547,3.232945027868155e-43,200.0,61.29999999999996,-185.4162229143592,-1.3999802222399673,-0.9674565884579169,-10.455035602741436,0.0,0.0,-26.11448004098524,-7.9270149878714875,-2.8035526475361,-5.820466953110904,-5.495776712790106,-14.899999347584528
1887,3500029.2112081535,47,35.000013982323104,35.000000000000036,291.90000000000026,0,0.0,0.7714673145794508,0.22853268542054914,3.0712977764747473e-43,200.0,61.29999999999996,-185.4162229143592,-1.3999802222399673,-0.9674565884579169,-10.455035602741436,0.0,0.0,-26.11448004098524,-7.9270149878714875,-2.8035526475361,-5.820466953110904,-5.495776712790106,-14.899999347584528
1888,3500029.2112081535,48,35.000013982323104,35.000000000000036,291.90000000000026,0,0.0,0.7714609467458015,0.22853905325419865,2.9177328876510106e-43,200.0,61.29999999999996,-185.4162229143592,-1.3999802222399673,-0.9674565884579169,-10.455035602741436,0.0,0.0,-26.11448004098524,-7.9270149878714875,-2.8035526475361,-5.820466953110904,-5.495776712790106,-14.899999347584528
1889,3500029.2112081535,49,35.000013982323104,35.000000000000036,291.90000000000026,0,0.0,0.7714555409981319,0.2285444590018682,2.77184624326846e-43,200.0,61.29999999999996,-185.4162229143592,-1.3999802222399673,-0.9674565884579169,-10.455035602741436,0.0,0.0,-26.11448004098524,-7.9270149878714875,-2.8035526475361,-5.820466953110904,-5.495776712790106,-14.899999347584528
1890,3500029.2112081535,0,35.000013982323104,35.000000000000036,291.90000000000026,0,0.0,0.771447588230633,0.2285524117693671,2.633253931105037e-43,200.0,61.29999999999996,-185.4162229143592,-1.3999802222399673,-0.9674565884579169,-10.455035602741436,0.0,0.0,-26.11448004098524,-7.9270149878714875,-2.8035526475361,-5.820466953110904,-5.495776712790106,-14.899999347584528
1891,3500029.2112081535,1,35.000013982323104,35.000000000000036,291.90000000000026,0,0.0,0.7714406774302235,0.22855932256977654,2.501591234549785e-43,200.0,61.29999999999996,-185.4162229143592,-1.3999802222399673,-0.9674565884579169,-10.455035602741436,0.0,0.0,-26.11448004098524,-7.9270149878714875,-2.8035526475361,-5.820466953110904,-5.495776712790106,-14.899999347584528
1892,3500029.2112081535,2,35.000013982323104,35.000000000000036,291.90000000000026,0,0.0,0.7714337680583236,0.2285662319416763,2.3765116728222955e-43,200.0,61.29999999999996,-185.4162229143592,-1.3999802222399673,-0.9674565884579169,-10.455035602741436,0.0,0.0,-26.11448004098524,-7.9270149878714875,-2.8035526475361,-5.820466953110904,-5.495776712790106,-14.899999347584528
1893,3500029.2112081535,3,35.000013982323104,35.000000000000036,291.90000000000026,0,0.0,0.7714253793436807,0.2285746206563193,2.257686089181181e-43,200.0,61.29999999999996,-185.4162229143592,-1.3999802222399673,-0.9674565884579169,-10.455035602741436,0.0,0.0,-26.11448004098524,-7.9270149878714875,-2.8035526475361,-5.820466953110904,-5.495776712790106,-14.899999347584528
1894,3500029.2112081535,4,35.000013982323104,35.000000000000036,291.90000000000026,0,0.0,0.7714160803533071,0.22858391964669283,2.144801784722122e-43,200.0,61.29999999999996,-185.4162229143592,-1.3999802222399673,-0.9674565884579169,-10.455035602741436,0.0,0.0,-26.11448004098524,-7.9270149878714875,-2.8035526475361,-5.820466953110904,-5.495776712790106,-14.899999347584528
1895,3500029.2112081535,5,35.000013982323104,35.000000000000036,291.90000000000026,0,0.0,0.7714064111453718,0.22859358885462833,2.0375616954860162e-43,200.0,61.29999999999996,-185.4162229143592,-1.3999802222399673,-0.9674565884579169,-10.455035602741436,0.0,0.0,-26.11448004098524,-7.9270149878714875,-2.8035526475361,-5.820466953110904,-5.495776712790106,-14.899999347584528
1896,3500029.2112081535,6,35.000013982323104,35.000000000000036,291.90000000000026,0,0.0,0.7713949115569851,0.22860508844301497,1.9356836107117154e-43,200.0,61.29999999999996,-185.4162229143592,-1.3999802222399673,-0.9674565884579169,-10.455035602741436,0.0,0.0,-26.11448004098524,-7.9270149878714875,-2.8035526475361,-5.820466953110904,-5.495776712790106,-14.899999347584528
1897,3500029.2112081535,7,35.000013982323104,35.000000000000036,291.90000000000026,0,0.0,0.7713831540228139,0.2286168459771862,1.8388994301761294e-43,200.0,61.29999999999996,-185.4162229143592,-1.3999802222399673,-0.9674565884579169,-10.455035602741436,0.0,0.0,-26.11448004098524,-7.9270149878714875,-2.8035526475361,-5.820466953110904,-5.495776712790106,-14.899999347584528
1898,3500029.2112081535,8,35.000013982323104,35.000000000000036,291.90000000000026,0,0.0,0.7713701666304207,0.22862983336957926,1.7469544586673228e-43,200.0,61.29999999999996,-185.4162229143592,-1.3999802222399673,-0.9674565884579169,-10.455035602741436,0.0,0.0,-26.11448004098524,-7.9270149878714875,-2.8035526475361,-5.820466953110904,-5.495776712790106,-14.899999347584528
1899,3500029.2112081535,9,35.000013982323104,35.000000000000036,291.90000000000026,0,0.0,0.7713599529172664,0.22864004708273358,1.6596067357339568e-43,200.0,61.29999999999996,-185.4162229143592,-1.3999802222399673,-0.9674565884579169,-10.455035602741436,0.0,0.0,-26.11448004098524,-7.9270149878714875,-2.8035526475361,-5.820466953110904,-5.495776712790106,-14.899999347584528
1900,3500029.2112081535,10,35.000013982323104,35.000000000000036,291.90000000000026,0,0.0,0.7713504029300954,0.22864959706990468,1.5766263989472592e-43,200.0,61.29999999999996,-185.4162229143592,-1.3999802222399673,-0.9674565884579169,-10.455035602741436,0.0,0.0,-26.11448004098524,-7.9270149878714875,-2.8035526475361,-5.820466953110904,-5.495776712790106,-14.899999347584528
1901,3500029.2112081535,11,35.000013982323104,35.000000000000036,291.90000000000026,0,0.0,0.7713419752164992,0.22865802478350084,1.4977950789998962e-43,200.0,61.29999999999996,-185.4162229143592,-1.3999802222399673,-0.9674565884579169,-10.455035602741436,0.0,0.0,-26.11448004098524,-7.9270149878714875,-2.8035526475361,-5.820466953110904,-5.495776712790106,-14.899999347584528
1902,3500029.2112081535,12,35.000013982323104,35.000000000000036,291.90000000000026,0,0.0,0.7713336297023052,0.2286663702976948,1.4229053250499014e-43,200.0,61.29999999999996,-185.4162229143592,-1.3999802222399673,-0.9674565884579169,-10.455035602741436,0.0,0.0,-26.11448004098524,-7.9270149878714875,-2.8035526475361,-5.820466953110904,-5.495776712790106,-14.899999347584528
1903,3500029.2112081535,13,35.000013982323104,35.000000000000036,291.90000000000026,0,0.0,0.7713248712033457,0.22867512879665425,1.3517600587974062e-43,200.0,61.29999999999996,-185.4162229143592,-1.3999802222399673,-0.9674565884579169,-10.455035602741436,0.0,0.0,-26.11448004098524,-7.9270149878714875,-2.8035526475361,-5.820466953110904,-5.495776712790106,-14.899999347584528
1904,3500029.2112081535,14,35.000013982323104,35.000000000000036,291.90000000000026,0,0.0,0.7713142473718584,0.22868575262814161,1.284172055857536e-43,200.0,61.29999999999996,-185.4162229143592,-1.3999802222399673,-0.9674565884579169,-10.455035602741436,0.0,0.0,-26.11448004098524,-7.9270149878714875,-2.8035526475361,-5.820466953110904,-5.495776712790106,-14.899999347584528
1905,3500029.2112081535,15,35.000013982323104,35.000000000000036,291.90000000000026,0,0.0,0.7713023444457906,0.22869765555420943,1.2199634530646594e-43,200.0,61.29999999999996,-185.4162229143592,-1.3999802222399673,-0.9674565884579169,-10.455035602741436,0.0,0.0,-26.11448004098524,-7.9270149878714875,-2.8035526475361,-5.820466953110904,-5.495776712790106,-14.899999347584528
1906,3500029.2112081535,16,35.000013982323104,35.000000000000036,291.90000000000026,0,0.0,0.771288736891136,0.228711263108864,1.1589652804114265e-43,200.0,61.29999999999996,-185.4162229143592,-1.3999802222399673,-0.9674565884579169,-10.455035602741436,0.0,0.0,-26.11448004098524,-7.9270149878714875,-2.8035526475361,-5.820466953110904,-5.495776712790106,-14.899999347584528
1907,3500029.2112081535,17,35.000013982323104,35.000000000000036,291.90000000000026,0,0.0,0.7712730208271897,0.2287269791728103,1.1010170163908554e-43,200.0,61.29999999999996,-185.4162229143592,-1.3999802222399673,-0.9674565884579169,-10.455035602741436,0.0,0.0,-26.11448004098524,-7.9270149878714875,-2.8035526475361,-5.820466953110904,-5.495776712790106,-14.899999347584528
1908,3500029.2112081535,18,35.000013982323104,35.000000000000036,291.90000000000026,0,0.0,0.7712572667952657,0.22874273320473432,1.0459661655713126e-43,200.0,61.29999999999996,-185.4162229143592,-1.3999802222399673,-0.9674565884579169,-10.455035602741436,0.0,0.0,-26.11448004098524,-7.9270149878714875,-2.8035526475361,-5.820466953110904,-5.495776712790106,-14.899999347584528
1909,3500029.2112081535,19,35.000013982323104,35.000000000000036,291.90000000000026,0,0.0,0.7712439296582653,0.22875607034173473,9.93667857292747e-44,200.0,61.29999999999996,-185.4162229143592,-1.3999802222399673,-0.9674565884579169,-10.455035602741436,0.0,0.0,-26.11448004098524,-7.9270149878714875,-2.8035526475361,-5.820466953110904,-5.495776712790106,-14.899999347584528
1910,3500029.2112081535,20,35.000013982323104,35.000000000000036,291.90000000000026,0,0.0,0.771227004353867,0.22877299564613293,9.439844644281095e-44,200.0,61.29999999999996,-185.4162229143592,-1.3999802222399673,-0.9674565884579169,-10.455035602741436,0.0,0.0,-26.11448004098524,-7.9270149878714875,-2.8035526475361,-5.820466953110904,-5.495776712790106,-14.899999347584528
1911,3500029.2112081535,21,35.000013982323104,35.000000000000036,291.90000000000026,0,0.0,0.7712105944483222,0.22878940555167782,8.967852412067039e-44,200.0,61.29999999999996,-185.4162229143592,-1.3999802222399673,-0.9674565884579169,-10.455035602741436,0.0,0.0,-26.11448004098524,-7.9270149878714875,-2.8035526475361,-5.820466953110904,-5.495776712790106,-14.899999347584528
1912,3500029.2112081535,22,35.000013982323104,35.000000000000036,291.90000000000026,0,0.0,0.7711946745061982,0.22880532549380184,8.519459791463688e-44,200.0,61.29999999999996,-185.4162229143592,-1.3999802222399673,-0.9674565884579169,-10.455035602741436,0.0,0.0,-26.11448004098524,-7.9270149878714875,-2.8035526475361,-5.820466953110904,-5.495776712790106,-14.899999347584528
1913,3500029.2112081535,23,35.000013982323104,35.000000000000036,291.90000000000026,0,0.0,0.7711797099863934,0.2288202900136066,8.093486801890504e-44,200.0,61.29999999999996,-185.4162229143592,-1.3999802222399673,-0.9674565884579169,-10.455035602741436,0.0,0.0,-26.11448004098524,-7.9270149878714875,-2.8035526475361,-5.820466953110904,-5.495776712790106,-14.899999347584528
1914,3500029.2112081535,24,35.000013982323104,35.000000000000036,291.90000000000026,0,0.0,0.7711646742051567,0.22883532579484334,7.688812461795979e-44,200.0,61.29999999999996,-185.4162229143592,-1.3999802222399673,-0.9674565884579169,-10.455035602741436,0.0,0.0,-26.11448004098524,-7.9270149878714875,-2.8035526475361,-5.820466953110904,-5.495776712790106,-14.899999347584528
1915,3500029.2112081535,25,35.000013982323104,35.000000000000036,291.90000000000026,0,0.0,0.7711471252064815,0.22885287479351848,7.30437183870618e-44,200.0,61.29999999999996,-185.4162229143592,-1.3999802222399673,-0.9674565884579169,-10.455035602741436,0.0,0.0,-26.11448004098524,-7.9270149878714875,-2.8035526475361,-5.820466953110904,-5.495776712790106,-14.899999347584528
1916,3500029.2112081535,26,35.000013982323104,35.000000000000036,291.90000000000026,0,0.0,0.7711291476424189,0.22887085235758114,6.93915324677087e-44,200.0,61.29999999999996,-185.4162229143592,-1.3999802222399673,-0.9674565884579169,-10.455035602741436,0.0,0.0,-26.11448004098524,-7.9270149878714875,-2.8035526475361,-5.820466953110904,-5.495776712790106,-14.899999347584528
1917,3500029.2112081535,27,35.000013982323104,35.000000000000036,291.90000000000026,0,0.0,0.7711122308846834,0.2288877691153166,6.592195584432326e-44,200.0,61.29999999999996,-185.4162229143592,-1.3999802222399673,-0.9674565884579169,-10.455035602741436,0.0,0.0,-26.11448004098524,-7.9270149878714875,-2.8035526475361,-5.820466953110904,-5.495776712790106,-14.899999347584528
1918,3500029.2112081535,28,35.000013982323104,35.000000000000036,291.90000000000026,0,0.0,0.7710948557401267,0.22890514425987335,6.26258580521071e-44,200.0,61.29999999999996,-185.4162229143592,-1.3999802222399673,-0.9674565884579169,-10.455035602741436,0.0,0.0,-26.11448004098524,-7.9270149878714875,-2.8035526475361,-5.820466953110904,-5.495776712790106,-14.899999347584528
1919,3500029.2112081535,29,35.000013982323104,35.000000000000036,291.90000000000026,0,0.0,0.7710770462931877,0.22892295370681234,5.949456514950175e-44,200.0,61.29999999999996,-185.4162229143592,-1.3999802222399673,-0.9674565884579169,-10.455035602741436,0.0,0.0,-26.11448004098524,-7.9270149878714875,-2.8035526475361,-5.820466953110904,-5.495776712790106,-14.899999347584528
1920,3500029.2112081535,30,35.000013982323104,35.000000000000036,291.90000000000026,0,0.0,0.7710588254225229,0.22894117457747706,5.651983689202666e-44,200.0,61.29999999999996,-185.4162229143592,-1.3999802222399673,-0.9674565884579169,-10.455035602741436,0.0,0.0,-26.11448004098524,-7.9270149878714875,-2.8035526475361,-5.820466953110904,-5.495776712790106,-14.899999347584528
1921,3500029.2112081535,31,35.000013982323104,35.000000000000036,291.90000000000026,0,0.0,0.7710416792140361,0.22895832078596384,5.369384504742533e-44,200.0,61.29999999999996,-185.4162229143592,-1.3999802222399673,-0.9674565884579169,-10.455035602741436,0.0,0.0,-26.11448004098524,-7.9270149878714875,-2.8035526475361,-5.820466953110904,-5.495776712790106,-14.899999347584528
1922,3500029.2112081535,32,35.000013982323104,35.000000000000036,291.90000000000026,0,0.0,0.7710245780817824,0.22897542191821765,5.100915279505407e-44,200.0,61.29999999999996,-185.4162229143592,-1.3999802222399673,-0.9674565884579169,-10.455035602741436,0.0,0.0,-26.11448004098524,-7.9270149878714875,-2.8035526475361,-5.820466953110904,-5.495776712790106,-14.899999347584528
1923,3500029.2112081535,33,35.000013982323104,35.000000000000036,291.90000000000026,0,0.0,0.7710075205425286,0.2289924794574714,4.845869515530136e-44,200.0,61.29999999999996,-185.4162229143592,-1.3999802222399673,-0.9674565884579169,-10.455035602741436,0.0,0.0,-26.11448004098524,-7.9270149878714875,-2.8035526475361,-5.820466953110904,-5.495776712790106,-14.899999347584528
1924,3500029.2112081535,34,35.000013982323104,35.000000000000036,291.90000000000026,0,0.0,0.7709909926231635,0.22900900737683652,4.60357603975363e-44,200.0,61.29999999999996,-185.4162229143592,-1.3999802222399673,-0.9674565884579169,-10.455035602741436,0.0,0.0,-26.11448004098524,-7.9270149878714875,-2.8035526475361,-5.820466953110904,-5.495776712790106,-14.899999347584528
1925,3500029.2112081535,35,35.000013982323104,35.000000000000036,291.90000000000026,0,0.0,0.7709744809661362,0.22902551903386384,4.373397237765949e-44,200.0,61.29999999999996,-185.4162229143592,-1.3999802222399673,-0.9674565884579169,-10.455035602741436,0.0,0.0,-26.11448004098524,-7.9270149878714875,-2.8035526475361,-5.820466953110904,-5.495776712790106,-14.899999347584528
1926,3500029.2112081535,36,35.000013982323104,35.000000000000036,291.90000000000026,0,0.0,0.7709574985043486,0.22904250149565142,4.154727375877651e-44,200.0,61.29999999999996,-185.4162229143592,-1.3999802222399673,-0.9674565884579169,-10.455035602741436,0.0,0.0,-26.11448004098524,-7.9270149878714875,-2.8035526475361,-5.820466953110904,-5.495776712790106,-14.899999347584528
1927,3500029.2112081535,37,35.000013982323104,35.000000000000036,291.90000000000026,0,0.0,0.7709395830623333,0.2290604169376667,3.9469910070837686e-44,200.0,61.29999999999996,-185.4162229143592,-1.3999802222399673,-0.9674565884579169,-10.455035602741436,0.0,0.0,-26.11448004098524,-7.9270149878714875,-2.8035526475361,-5.820466953110904,-5.495776712790106,-14.899999347584528
1928,3500029.2112081535,38,35.000013982323104,35.000000000000036,291.90000000000026,0,0.0,0.7709227294763793,0.22907727052362076,3.74964145672958e-44,200.0,61.29999999999996,-185.4162229143592,-1.3999802222399673,-0.9674565884579169,-10.455035602741436,0.0,0.0,-26.11448004098524,-7.9270149878714875,-2.8035526475361,-5.820466953110904,-5.495776712790106,-14.899999347584528
1929,3500029.2112081535,39,35.000013982323104,35.000000000000036,291.90000000000026,0,0.0,0.7709068844776582,0.22909311552234182,3.5621593838931006e-44,200.0,61.29999999999996,-185.4162229143592,-1.3999802222399673,-0.9674565884579169,-10.455035602741436,0.0,0.0,-26.11448004098524,-7.9270149878714875,-2.8035526475361,-5.820466953110904,-5.495776712790106,-14.899999347584528
1930,3500029.2112081535,40,35.000013982323104,35.000000000000036,291.90000000000026,0,0.0,0.7708910252147304,0.2291089747852696,3.384051414698445e-44,200.0,61.29999999999996,-185.4162229143592,-1.3999802222399673,-0.9674565884579169,-10.455035602741436,0.0,0.0,-26.11448004098524,-7.9270149878714875,-2.8035526475361,-5.820466953110904,-5.495776712790106,-14.899999347584528
1931,3500029.2112081535,41,35.000013982323104,35.000000000000036,291.90000000000026,0,0.0,0.7708766108707192,0.2291233891292808,3.214848843963523e-44,200.0,61.29999999999996,-185.4162229143592,-1.3999802222399673,-0.9674565884579169,-10.455035602741436,0.0,0.0,-26.11448004098524,-7.9270149878714875,-2.8035526475361,-5.820466953110904,-5.495776712790106,-14.899999347584528
1932,3500029.2112081535,42,35.000013982323104,35.000000000000036,291.90000000000026,0,0.0,0.7708621116333365,0.22913788836666354,3.054106401765347e-44,200.0,61.29999999999996,-185.4162229143592,-1.3999802222399673,-0.9674565884579169,-10.455035602741436,0.0,0.0,-26.11448004098524,-7.9270149878714875,-2.8035526475361,-5.820466953110904,-5.495776712790106,-14.899999347584528
1933,3500029.2112081535,43,35.000013982323104,35.000000000000036,291.90000000000026,0,0.0,0.7708475325078291,0.2291524674921709,2.9014010816770794e-44,200.0,61.29999999999996,-185.4162229143592,-1.3999802222399673,-0.9674565884579169,-10.455035602741436,0.0,0.0,-26.11448004098524,-7.9270149878714875,-2.8035526475361,-5.820466953110904,-5.495776712790106,-14.899999347584528
1934,3500029.2112081535,44,35.000013982323104,35.000000000000036,291.90000000000026,0,0.0,0.7708343338499416,0.22916566615005834,2.7563310275932253e-44,200.0,61.29999999999996,-185.4162229143592,-1.3999802222399673,-0.9674565884579169,-10.455035602741436,0.0,0.0,-26.11448004098524,-7.9270149878714875,-2.8035526475361,-5.820466953110904,-5.495776712790106,-14.899999347584528
1935,3500029.2112081535,45,35.000013982323104,35.000000000000036,291.90000000000026,0,0.0,0.7708190511413591,0.22918094885864088,2.6185144762135637e-44,200.0,61.29999999999996,-185.4162229143592,-1.3999802222399673,-0.9674565884579169,-10.455035602741436,0.0,0.0,-26.11448004098524,-7.9270149878714875,-2.8035526475361,-5.820466953110904,-5.495776712790106,-14.899999347584528
1936,3500029.2112081535,46,35.000013982323104,35.000000000000036,291.90000000000026,0,0.0,0.77080469985948,0.22919530014052003,2.487588752402886e-44,200.0,61.29999999999996,-185.4162229143592,-1.3999802222399673,-0.9674565884579169,-10.455035602741436,0.0,0.0,-26.11448004098524,-7.9270149878714875,-2.8035526475361,-5.820466953110904,-5.495776712790106,-14.899999347584528
1937,3500029.2112081535,47,35.000013982323104,35.000000000000036,291.90000000000026,0,0.0,0.7707922022852038,0.22920779771479616,2.3632093147827415e-44,200.0,61.29999999999996,-185.4162229143592,-1.3999802222399673,-0.9674565884579169,-10.455035602741436,0.0,0.0,-26.11448004098524,-7.9270149878714875,-2.8035526475361,-5.820466953110904,-5.495776712790106,-14.899999347584528
1938,3500029.2112081535,48,35.000013982323104,35.000000000000036,291.90000000000026,0,0.0,0.7707804960073253,0.2292195039926747,2.2450488490436047e-44,200.0,61.29999999999996,-185.4162229143592,-1.3999802222399673,-0.9674565884579169,-10.455035602741436,0.0,0.0,-26.11448004098524,-7.9270149878714875,-2.8035526475361,-5.820466953110904,-5.495776712790106,-14.899999347584528
1939,3500029.2112081535,49,35.000013982323104,35.000000000000036,291.90000000000026,0,0.0,0.7707700252384472,0.22922997476155288,2.1327964065914243e-44,200.0,61.29999999999996,-185.4162229143592,-1.3999802222399673,-0.9674565884579169,-10.455035602741436,0.0,0.0,-26.11448004098524,-7.9270149878714875,-2.8035526475361,-5.820466953110904,-5.495776712790106,-14.899999347584528
1940,3500029.2112081535,0,35.000013982323104,35.000000000000036,291.90000000000026,0,0.0,0.7707597601220847,0.2292402398779153,2.026156586261853e-44,200.0,61.29999999999996,-185.4162229143592,-1.3999802222399673,-0.9674565884579169,-10.455035602741436,0.0,0.0,-26.11448004098524,-7.9270149878714875,-2.8035526475361,-5.820466953110904,-5.495776712790106,-14.899999347584528
1941,3500029.2112081535,1,35.000013982323104,35.000000000000036,291.90000000000026,0,0.0,0.7707492072040271,0.229250792795973,1.9248487569487604e-44,200.0,61.29999999999996,-185.4162229143592,-1.3999802222399673,-0.9674565884579169,-10.455035602741436,0.0,0.0,-26.11448004098524,-7.9270149878714875,-2.8035526475361,-5.820466953110904,-5.495776712790106,-14.899999347584528
1942,3500029.2112081535,2,35.000013982323104,35.000000000000036,291.90000000000026,0,0.0,0.770740314598825,0.22925968540117514,1.8286063191013223e-44,200.0,61.29999999999996,-185.4162229143592,-1.3999802222399673,-0.9674565884579169,-10.455035602741436,0.0,0.0,-26.11448004098524,-7.9270149878714875,-2.8035526475361,-5.820466953110904,-5.495776712790106,-14.899999347584528
1943,3500029.2112081535,3,35.000013982323104,35.000000000000036,291.90000000000026,0,0.0,0.7707320321668907,0.22926796783310935,1.7371760031462562e-44,200.0,61.29999999999996,-185.4162229143592,-1.3999802222399673,-0.9674565884579169,-10.455035602741436,0.0,0.0,-26.11448004098524,-7.9270149878714875,-2.8035526475361,-5.820466953110904,-5.495776712790106,-14.899999347584528
1944,3500029.2112081535,4,35.000013982323104,35.000000000000036,291.90000000000026,0,0.0,0.7707272247587785,0.2292727752412215,1.6503172029889435e-44,200.0,61.29999999999996,-185.4162229143592,-1.3999802222399673,-0.9674565884579169,-10.455035602741436,0.0,0.0,-26.11448004098524,-7.9270149878714875,-2.8035526475361,-5.820466953110904,-5.495776712790106,-14.899999347584528
1945,3500029.2112081535,5,35.000013982323104,35.000000000000036,291.90000000000026,0,0.0,0.7707228213665441,0.22927717863345592,1.5678013428394962e-44,200.0,61.29999999999996,-185.4162229143592,-1.3999802222399673,-0.9674565884579169,-10.455035602741436,0.0,0.0,-26.11448004098524,-7.9270149878714875,-2.8035526475361,-5.820466953110904,-5.495776712790106,-14.899999347584528
1946,3500029.2112081535,6,35.000013982323104,35.000000000000036,291.90000000000026,0,0.0,0.7707178375810642,0.22928216241893581,1.4894112756975214e-44,200.0,61.29999999999996,-185.4162229143592,-1.3999802222399673,-0.9674565884579169,-10.455035602741436,0.0,0.0,-26.11448004098524,-7.9270149878714875,-2.8035526475361,-5.820466953110904,-5.495776712790106,-14.899999347584528
1947,3500029.2112081535,7,35.000013982323104,35.000000000000036,291.90000000000026,0,0.0,0.7707132668021098,0.22928673319789017,1.4149407119126455e-44,200.0,61.29999999999996,-185.4162229143592,-1.3999802222399673,-0.9674565884579169,-10.455035602741436,0.0,0.0,-26.11448004098524,-7.9270149878714875,-2.8035526475361,-5.820466953110904,-5.495776712790106,-14.899999347584528
1948,3500029.2112081535,8,35.000013982323104,35.000000000000036,291.90000000000026,0,0.0,0.7707100512137961,0.22928994878620396,1.344193676317013e-44,200.0,61.29999999999996,-185.4162229143592,-1.3999802222399673,-0.9674565884579169,-10.455035602741436,0.0,0.0,-26.11448004098524,-7.9270149878714875,-2.8035526475361,-5.820466953110904,-5.495776712790106,-14.899999347584528
1949,3500029.2112081535,9,35.000013982323104,35.000000000000036,291.90000000000026,0,0.0,0.7707042715624902,0.22929572843750984,1.2769839925011623e-44,200.0,61.29999999999996,-185.4162229143592,-1.3999802222399673,-0.9674565884579169,-10.455035602741436,0.0,0.0,-26.11448004098524,-7.9270149878714875,-2.8035526475361,-5.820466953110904,-5.495776712790106,-14.899999347584528
1950,3500029.2112081535,10,35.000013982323104,35.000000000000036,291.90000000000026,0,0.0,0.7706960579875276,0.22930394201247242,1.213134792876104e-44,200.0,61.29999999999996,-185.4162229143592,-1.3999802222399673,-0.9674565884579169,-10.455035602741436,0.0,0.0,-26.11448004098524,-7.9270149878714875,-2.8035526475361,-5.820466953110904,-5.495776712790106,-14.899999347584528
1951,3500029.2112081535,11,35.000013982323104,35.000000000000036,291.90000000000026,0,0.0,0.7706884207898386,0.22931157921016143,1.1524780532322988e-44,200.0,61.29999999999996,-185.4162229143592,-1.3999802222399673,-0.9674565884579169,-10.455035602741436,0.0,0.0,-26.11448004098524,-7.9270149878714875,-2.8035526475361,-5.820466953110904,-5.495776712790106,-14.899999347584528
1952,3500029.2112081535,12,35.000013982323104,35.000000000000036,291.90000000000026,0,0.0,0.7706808501895624,0.2293191498104376,1.094854150570684e-44,200.0,61.29999999999996,-185.4162229143592,-1.3999802222399673,-0.9674565884579169,-10.455035602741436,0.0,0.0,-26.11448004098524,-7.9270149878714875,-2.8035526475361,-5.820466953110904,-5.495776712790106,-14.899999347584528
1953,3500029.2112081535,13,35.000013982323104,35.000000000000036,291.90000000000026,0,0.0,0.7706719013326089,0.22932809866739118,1.0401114430421497e-44,200.0,61.29999999999996,-185.4162229143592,-1.3999802222399673,-0.9674565884579169,-10.455035602741436,0.0,0.0,-26.11448004098524,-7.9270149878714875,-2.8035526475361,-5.820466953110904,-5.495776712790106,-14.899999347584528
1954,3500029.2112081535,14,35.000013982323104,35.000000000000036,291.90000000000026,0,0.0,0.7706621250665301,0.22933787493346994,9.881058708900422e-45,200.0,61.29999999999996,-185.4162229143592,-1.3999802222399673,-0.9674565884579169,-10.455035602741436,0.0,0.0,-26.11448004098524,-7.9270149878714875,-2.8035526475361,-5.820466953110904,-5.495776712790106,-14.899999347584528
1955,3500029.2112081535,15,35.000013982323104,35.000000000000036,291.90000000000026,0,0.0,0.770653484874882,0.22934651512511792,9.387005773455401e-45,200.0,61.29999999999996,-185.4162229143592,-1.3999802222399673,-0.9674565884579169,-10.455035602741436,0.0,0.0,-26.11448004098524,-7.9270149878714875,-2.8035526475361,-5.820466953110904,-5.495776712790106,-14.899999347584528
1956,3500029.2112081535,16,35.000013982323104,35.000000000000036,291.90000000000026,0,0.0,0.7706449633630861,0.22935503663691392,8.917655484782632e-45,200.0,61.29999999999996,-185.4162229143592,-1.3999802222399673,-0.9674565884579169,-10.455035602741436,0.0,0.0,-26.11448004098524,-7.9270149878714875,-2.8035526475361,-5.820466953110904,-5.495776712790106,-14.899999347584528
1957,3500029.2112081535,17,35.000013982323104,35.000000000000036,291.90000000000026,0,0.0,0.7706360751562003,0.22936392484379978,8.471772710543501e-45,200.0,61.29999999999996,-185.4162229143592,-1.3999802222399673,-0.9674565884579169,-10.455035602741436,0.0,0.0,-26.11448004098524,-7.9270149878714875,-2.8035526475361,-5.820466953110904,-5.495776712790106,-14.899999347584528
1958,3500029.2112081535,18,35.000013982323104,35.000000000000036,291.90000000000026,0,0.0,0.7706273188774885,0.22937268112251147,8.048184075016325e-45,200.0,61.29999999999996,-185.4162229143592,-1.3999802222399673,-0.9674565884579169,-10.455035602741436,0.0,0.0,-26.11448004098524,-7.9270149878714875,-2.8035526475361,-5.820466953110904,-5.495776712790106,-14.899999347584528
1959,3500029.2112081535,19,35.000013982323104,35.000000000000036,291.90000000000026,0,0.0,0.7706206052554225,0.22937939474457752,7.64577487126551e-45,200.0,61.29999999999996,-185.4162229143592,-1.3999802222399673,-0.9674565884579169,-10.455035602741436,0.0,0.0,-26.11448004098524,-7.9270149878714875,-2.8035526475361,-5.820466953110904,-5.495776712790106,-14.899999347584528
1960,3500029.2112081535,20,35.000013982323104,35.000000000000036,291.90000000000026,0,0.0,0.7706143934969085,0.2293856065030915,7.263486127702234e-45,200.0,61.29999999999996,-185.4162229143592,-1.3999802222399673,-0.9674565884579169,-10.455035602741436,0.0,0.0,-26.11448004098524,-7.9270149878714875,-2.8035526475361,-5.820466953110904,-5.495776712790106,-14.899999347584528
1961,3500029.2112081535,21,35.000013982323104,35.000000000000036,291.90000000000026,0,0.0,0.7706057857051005,0.22939421429489942,6.900311821317121e-45,200.0,61.29999999999996,-185.4162229143592,-1.3999802222399673,-0.9674565884579169,-10.455035602741436,0.0,0.0,-26.11448004098524,-7.9270149878714875,-2.8035526475361,-5.820466953110904,-5.495776712790106,-14.899999347584528
1962,3500029.2112081535,22,35.000013982323104,35.000000000000036,291.90000000000026,0,0.0,0.7705963397497142,0.22940366025028577,6.555296230251265e-45,200.0,61.29999999999996,-185.4162229143592,-1.3999802222399673,-0.9674565884579169,-10.455035602741436,0.0,0.0,-26.11448004098524,-7.9270149878714875,-2.8035526475361,-5.820466953110904,-5.495776712790106,-14.899999347584528
1963,3500029.2112081535,23,35.000013982323104,35.000000000000036,291.90000000000026,0,0.0,0.7705860986477975,0.22941390135220252,6.227531418738701e-45,200.0,61.29999999999996,-185.4162229143592,-1.3999802222399673,-0.9674565884579169,-10.455035602741436,0.0,0.0,-26.11448004098524,-7.9270149878714875,-2.8035526475361,-5.820466953110904,-5.495776712790106,-14.899999347584528
1964,3500029.2112081535,24,35.000013982323104,35.000000000000036,291.90000000000026,0,0.0,0.7705765381367224,0.22942346186327758,5.916154847801767e-45,200.0,61.29999999999996,-185.4162229143592,-1.3999802222399673,-0.9674565884579169,-10.455035602741436,0.0,0.0,-26.11448004098524,-7.9270149878714875,-2.8035526475361,-5.820466953110904,-5.495776712790106,-14.899999347584528
1965,3500029.2112081535,25,35.000013982323104,35.000000000000036,291.90000000000026,0,0.0,0.7705657118092383,0.22943428819076173,5.620347105411679e-45,200.0,61.29999999999996,-185.4162229143592,-1.3999802222399673,-0.9674565884579169,-10.455035602741436,0.0,0.0,-26.11448004098524,-7.9270149878714875,-2.8035526475361,-5.820466953110904,-5.495776712790106,-14.899999347584528
1966,3500029.2112081535,26,35.000013982323104,35.000000000000036,291.90000000000026,0,0.0,0.7705575071855172,0.2294424928144828,5.339329750141095e-45,200.0,61.29999999999996,-185.4162229143592,-1.3999802222399673,-0.9674565884579169,-10.455035602741436,0.0,0.0,-26.11448004098524,-7.9270149878714875,-2.8035526475361,-5.820466953110904,-5.495776712790106,-14.899999347584528
1967,3500029.2112081535,27,35.000013982323104,35.000000000000036,291.90000000000026,0,0.0,0.7705494032992518,0.22945059670074824,5.0723632626340404e-45,200.0,61.29999999999996,-185.4162229143592,-1.3999802222399673,-0.9674565884579169,-10.455035602741436,0.0,0.0,-26.11448004098524,-7.9270149878714875,-2.8035526475361,-5.820466953110904,-5.495776712790106,-14.899999347584528
1968,3500029.2112081535,28,35.000013982323104,35.000000000000036,291.90000000000026,0,0.0,0.7705423499468578,0.22945765005314228,4.818745099502338e-45,200.0,61.29999999999996,-185.4162229143592,-1.3999802222399673,-0.9674565884579169,-10.455035602741436,0.0,0.0,-26.11448004098524,-7.9270149878714875,-2.8035526475361,-5.820466953110904,-5.495776712790106,-14.899999347584528
1969,3500029.2112081535,29,35.000013982323104,35.000000000000036,291.90000000000026,0,0.0,0.7705343858478628,0.22946561415213712,4.5778078445272214e-45,200.0,61.29999999999996,-185.4162229143592,-1.3999802222399673,-0.9674565884579169,-10.455035602741436,0.0,0.0,-26.11448004098524,-7.9270149878714875,-2.8035526475361,-5.820466953110904,-5.495776712790106,-14.899999347584528
1970,3500029.2112081535,30,35.000013982323104,35.000000000000036,291.90000000000026,0,0.0,0.7705274649974168,0.22947253500258322,4.34891745230086e-45,200.0,61.29999999999996,-185.4162229143592,-1.3999802222399673,-0.9674565884579169,-10.455035602741436,0.0,0.0,-26.11448004098524,-7.9270149878714875,-2.8035526475361,-5.820466953110904,-5.495776712790106,-14.899999347584528
1971,3500029.2112081535,31,35.000013982323104,35.000000000000036,291.90000000000026,0,0.0,0.7705196282853076,0.22948037171469232,4.131471579685817e-45,200.0,61.29999999999996,-185.4162229143592,-1.3999802222399673,-0.9674565884579169,-10.455035602741436,0.0,0.0,-26.11448004098524,-7.9270149878714875,-2.8035526475361,-5.820466953110904,-5.495776712790106,-14.899999347584528
1972,3500029.2112081535,32,35.000013982323104,35.000000000000036,291.90000000000026,0,0.0,0.7705104461479876,0.22948955385201245,3.9248980007015265e-45,200.0,61.29999999999996,-185.4162229143592,-1.3999802222399673,-0.9674565884579169,-10.455035602741436,0.0,0.0,-26.11448004098524,-7.9270149878714875,-2.8035526475361,-5.820466953110904,-5.495776712790106,-14.899999347584528
1973,3500029.2112081535,33,35.000013982323104,35.000000000000036,291.90000000000026,0,0.0,0.7704985581843563,0.22950144181564378,3.72865310066645e-45,200.0,61.29999999999996,-185.4162229143592,-1.3999802222399673,-0.9674565884579169,-10.455035602741436,0.0,0.0,-26.11448004098524,-7.9270149878714875,-2.8035526475361,-5.820466953110904,-5.495776712790106,-14.899999347584528
1974,3500029.2112081535,34,35.000013982323104,35.000000000000036,291.90000000000026,0,0.0,0.7704855306219365,0.22951446937806358,3.542220445633127e-45,200.0,61.29999999999996,-185.4162229143592,-1.3999802222399673,-0.9674565884579169,-10.455035602741436,0.0,0.0,-26.11448004098524,-7.9270149878714875,-2.8035526475361,-5.820466953110904,-5.495776712790106,-14.899999347584528
1975,3500029.2112081535,35,35.000013982323104,35.000000000000036,291.90000000000026,0,0.0,0.7704733260833795,0.22952667391662052,3.36510942335147e-45,200.0,61.29999999999996,-185.4162229143592,-1.3999802222399673,-0.9674565884579169,-10.455035602741436,0.0,0.0,-26.11448004098524,-7.9270149878714875,-2.8035526475361,-5.820466953110904,-5.495776712790106,-14.899999347584528
1976,3500029.2112081535,36,35.000013982323104,35.000000000000036,291.90000000000026,0,0.0,0.7704619032397266,0.2295380967602734,3.196853952183897e-45,200.0,61.29999999999996,-185.4162229143592,-1.3999802222399673,-0.9674565884579169,-10.455035602741436,0.0,0.0,-26.11448004098524,-7.9270149878714875,-2.8035526475361,-5.820466953110904,-5.495776712790106,-14.899999347584528
1977,3500029.2112081535,37,35.000013982323104,35.000000000000036,291.90000000000026,0,0.0,0.7704516983182482,0.2295483016817518,3.037011254574702e-45,200.0,61.29999999999996,-185.4162229143592,-1.3999802222399673,-0.9674565884579169,-10.455035602741436,0.0,0.0,-26.11448004098524,-7.9270149878714875,-2.8035526475361,-5.820466953110904,-5.495776712790106,-14.899999347584528
1978,3500029.2112081535,38,35.000013982323104,35.000000000000036,291.90000000000026,0,0.0,0.7704412240014037,0.22955877599859634,2.8851606918459667e-45,200.0,61.29999999999996,-185.4162229143592,-1.3999802222399673,-0.9674565884579169,-10.455035602741436,0.0,0.0,-26.11448004098524,-7.9270149878714875,-2.8035526475361,-5.820466953110904,-5.495776712790106,-14.899999347584528
1979,3500029.2112081535,39,35.000013982323104,35.000000000000036,291.90000000000026,0,0.0,0.7704323945902802,0.2295676054097198,2.740902657253668e-45,200.0,61.29999999999996,-185.4162229143592,-1.3999802222399673,-0.9674565884579169,-10.455035602741436,0.0,0.0,-26.11448004098524,-7.9270149878714875,-2.8035526475361,-5.820466953110904,-5.495776712790106,-14.899999347584528
1980,3500029.2112081535,40,35.000013982323104,35.000000000000036,291.90000000000026,0,0.0,0.7704241771591934,0.22957582284080655,2.6038575243909847e-45,200.0,61.29999999999996,-185.4162229143592,-1.3999802222399673,-0.9674565884579169,-10.455035602741436,0.0,0.0,-26.11448004098524,-7.9270149878714875,-2.8035526475361,-5.820466953110904,-5.495776712790106,-14.899999347584528
1981,3500029.2112081535,41,35.000013982323104,35.000000000000036,291.90000000000026,0,0.0,0.7704170153949078,0.22958298460509224,2.4736646481714356e-45,200.0,61.29999999999996,-185.4162229143592,-1.3999802222399673,-0.9674565884579169,-10.455035602741436,0.0,0.0,-26.11448004098524,-7.9270149878714875,-2.8035526475361,-5.820466953110904,-5.495776712790106,-14.899999347584528
1982,3500029.2112081535,42,35.000013982323104,35.000000000000036,291.90000000000026,0,0.0,0.7704075359585163,0.22959246404148373,2.3499814157628638e-45,200.0,61.29999999999996,-185.4162229143592,-1.3999802222399673,-0.9674565884579169,-10.455035602741436,0.0,0.0,-26.11448004098524,-7.9270149878714875,-2.8035526475361,-5.820466953110904,-5.495776712790106,-14.899999347584528
1983,3500029.2112081535,43,35.000013982323104,35.000000000000036,291.90000000000026,0,0.0,0.7703982276025383,0.22960177239746177,2.2324823449747206e-45,200.0,61.29999999999996,-185.4162229143592,-1.3999802222399673,-0.9674565884579169,-10.455035602741436,0.0,0.0,-26.11448004098524,-7.9270149878714875,-2.8035526475361,-5.820466953110904,-5.495776712790106,-14.899999347584528
1984,3500029.2112081535,44,35.000013982323104,35.000000000000036,291.90000000000026,0,0.0,0.7703886081447701,0.2296113918552299,2.1208582277259843e-45,200.0,61.29999999999996,-185.4162229143592,-1.3999802222399673,-0.9674565884579169,-10.455035602741436,0.0,0.0,-26.11448004098524,-7.9270149878714875,-2.8035526475361,-5.820466953110904,-5.495776712790106,-14.899999347584528
1985,3500029.2112081535,45,35.000013982323104,35.000000000000036,291.90000000000026,0,0.0,0.7703777463216793,0.2296222536783207,2.0148153163396852e-45,200.0,61.29999999999996,-185.4162229143592,-1.3999802222399673,-0.9674565884579169,-10.455035602741436,0.0,0.0,-26.11448004098524,-7.9270149878714875,-2.8035526475361,-5.820466953110904,-5.495776712790106,-14.899999347584528
1986,3500029.2112081535,46,35.000013982323104,35.000000000000036,291.90000000000026,0,0.0,0.7703657056461034,0.2296342943538966,1.9140745505227007e-45,200.0,61.29999999999996,-185.4162229143592,-1.3999802222399673,-0.9674565884579169,-10.455035602741436,0.0,0.0,-26.11448004098524,-7.9270149878714875,-2.8035526475361,-5.820466953110904,-5.495776712790106,-14.899999347584528
1987,3500029.2112081535,47,35.000013982323104,35.000000000000036,291.90000000000026,0,0.0,0.7703553870112718,0.22964461298872818,1.8183708229965655e-45,200.0,61.29999999999996,-185.4162229143592,-1.3999802222399673,-0.9674565884579169,-10.455035602741436,0.0,0.0,-26.11448004098524,-7.9270149878714875,-2.8035526475361,-5.820466953110904,-5.495776712790106,-14.899999347584528
1988,3500029.2112081535,48,35.000013982323104,35.000000000000036,291.90000000000026,0,0.0,0.7703457568920148,0.22965424310798516,1.7274522818467372e-45,200.0,61.29999999999996,-185.4162229143592,-1.3999802222399673,-0.9674565884579169,-10.455035602741436,0.0,0.0,-26.11448004098524,-7.9270149878714875,-2.8035526475361,-5.820466953110904,-5.495776712790106,-14.899999347584528
1989,3500029.2112081535,49,35.000013982323104,35.000000000000036,291.90000000000026,0,0.0,0.7703367806849478,0.22966321931505213,1.6410796677544003e-45,200.0,61.29999999999996,-185.4162229143592,-1.3999802222399673,-0.9674565884579169,-10.455035602741436,0.0,0.0,-26.11448004098524,-7.9270149878714875,-2.8035526475361,-5.820466953110904,-5.495776712790106,-14.899999347584528
1990,3500029.2112081535,0,35.000013982323104,35.000000000000036,291.90000000000026,0,0.0,0.7703284255171297,0.22967157448287034,1.5590256843666802e-45,200.0,61.29999999999996,-185.4162229143592,-1.3999802222399673,-0.9674565884579169,-10.455035602741436,0.0,0.0,-26.11448004098524,-7.9270149878714875,-2.8035526475361,-5.820466953110904,-5.495776712790106,-14.899999347584528
1991,3500029.2112081535,1,35.000013982323104,35.000000000000036,291.90000000000026,0,0.0,0.7703187705291931,0.22968122947080694,1.481074400148346e-45,200.0,61.29999999999996,-185.4162229143592,-1.3999802222399673,-0.9674565884579169,-10.455035602741436,0.0,0.0,-26.11448004098524,-7.9270149878714875,-2.8035526475361,-5.820466953110904,-5.495776712790106,-14.899999347584528
1992,3500029.2112081535,2,35.000013982323104,35.000000000000036,291.90000000000026,0,0.0,0.770309771155601,0.22969022884439905,1.407020680140929e-45,200.0,61.29999999999996,-185.4162229143592,-1.3999802222399673,-0.9674565884579169,-10.455035602741436,0.0,0.0,-26.11448004098524,-7.9270149878714875,-2.8035526475361,-5.820466953110904,-5.495776712790106,-14.899999347584528
1993,3500029.2112081535,3,35.000013982323104,35.000000000000036,291.90000000000026,0,0.0,0.7703013944380868,0.22969860556191318,1.3366696461338827e-45,200.0,61.29999999999996,-185.4162229143592,-1.3999802222399673,-0.9674565884579169,-10.455035602741436,0.0,0.0,-26.11448004098524,-7.9270149878714875,-2.8035526475361,-5.820466953110904,-5.495776712790106,-14.899999347584528
1994,3500029.2112081535,4,35.000013982323104,35.000000000000036,291.90000000000026,0,0.0,0.7702926655785893,0.22970733442141072,1.2698361638271886e-45,200.0,61.29999999999996,-185.4162229143592,-1.3999802222399673,-0.9674565884579169,-10.455035602741436,0.0,0.0,-26.11448004098524,-7.9270149878714875,-2.8035526475361,-5.820466953110904,-5.495776712790106,-14.899999347584528
1995,3500029.2112081535,5,35.000013982323104,35.000000000000036,291.90000000000026,0,0.0,0.7702817163815173,0.2297182836184827,1.206344355635829e-45,200.0,61.29999999999996,-185.4162229143592,-1.3999802222399673,-0.9674565884579169,-10.455035602741436,0.0,0.0,-26.11448004098524,-7.9270149878714875,-2.8035526475361,-5.820466953110904,-5.495776712790106,-14.899999347584528
1996,3500029.2112081535,6,35.000013982323104,35.000000000000036,291.90000000000026,0,0.0,0.7702700743590561,0.22972992564094386,1.1460271378540375e-45,200.0,61.29999999999996,-185.4162229143592,-1.3999802222399673,-0.9674565884579169,-10.455035602741436,0.0,0.0,-26.11448004098524,-7.9270149878714875,-2.8035526475361,-5.820466953110904,-5.495776712790106,-14.899999347584528
1997,3500029.2112081535,7,35.000013982323104,35.000000000000036,291.90000000000026,0,0.0,0.7702591891278757,0.22974081087212428,1.0887257809613356e-45,200.0,61.29999999999996,-185.4162229143592,-1.3999802222399673,-0.9674565884579169,-10.455035602741436,0.0,0.0,-26.11448004098524,-7.9270149878714875,-2.8035526475361,-5.820466953110904,-5.495776712790106,-14.899999347584528
1998,3500029.2112081535,8,35.000013982323104,35.000000000000036,291.90000000000026,0,0.0,0.770248551638773,0.22975144836122702,1.0342894919132689e-45,200.0,61.29999999999996,-185.4162229143592,-1.3999802222399673,-0.9674565884579169,-10.455035602741436,0.0,0.0,-26.11448004098524,-7.9270149878714875,-2.8035526475361,-5.820466953110904,-5.495776712790106,-14.899999347584528
1999,3500029.2112081535,9,35.000013982323104,35.000000000000036,291.90000000000026,0,0.0,0.7702372080933195,0.22976279190668047,9.825750173176054e-46,200.0,61.29999999999996,-185.4162229143592,-1.3999802222399673,-0.9674565884579169,-10.455035602741436,0.0,0.0,-26.11448004098524,-7.9270149878714875,-2.8035526475361,-5.820466953110904,-5.495776712790106,-14.899999347584528
